productId,name,cleanName,imageUrl,categoryId,groupId,url,modifiedOn,imageCount,extNumber,extRarity,extCardType,extHP,extStage,extAttack1,extAttack2,extWeakness,extRetreatCost,lowPrice,midPrice,highPrice,marketPrice,directLowPrice,subTypeName,extCardText,extResistance,extAttack3
83487,Aipom,Aipom,https://tcgplayer-cdn.tcgplayer.com/product/83487_200w.jpg,3,1397,https://cpt.tcgcsv.com/MpH,2022-11-30T18:41:33.07,1,067/147,Common,Colorless,50,Basic,"[1] Stretch Tail
<br>Flip a coin. If heads, choose 1 of your opponent's Benched Pokémon and this attack does 10 damage to it. <em>(Don't apply Weakness and Resistance for Benched Pokémon.)</em>","[2] Skedaddle (20)
<br>Return Aipom and all basic Energy cards attached to it to your hand. If you have no Benched Pokémon, this attack does nothing.",F,1,2.9,4.03,6.0,3.96,,Normal,,,
83487,Aipom,Aipom,https://tcgplayer-cdn.tcgplayer.com/product/83487_200w.jpg,3,1397,https://cpt.tcgcsv.com/MpH,2022-11-30T18:41:33.07,1,067/147,Common,Colorless,50,Basic,"[1] Stretch Tail
<br>Flip a coin. If heads, choose 1 of your opponent's Benched Pokémon and this attack does 10 damage to it. <em>(Don't apply Weakness and Resistance for Benched Pokémon.)</em>","[2] Skedaddle (20)
<br>Return Aipom and all basic Energy cards attached to it to your hand. If you have no Benched Pokémon, this attack does nothing.",F,1,99.99,499.97,499.97,25.92,,Reverse Holofoil,,,
83536,Ampharos,Ampharos,https://tcgplayer-cdn.tcgplayer.com/product/83536_200w.jpg,3,1397,https://cpt.tcgcsv.com/LqH,2022-11-30T18:43:11.76,1,001/147,Rare,Lightning,100,Stage 2,"[L] Thundershock (20)
<br>Flip a coin. If heads, the Defending Pokémon is now Paralyzed.","[1LL] Reflect Energy (50) 
<br>If you have any Benched Pokémon and if there are any basic Energy cards attached to Ampharos, take 1 of those Energy cards and attach it to 1 of those Pokémon.",F,2,24.0,24.75,30.0,25.0,,Normal,,,
83536,Ampharos,Ampharos,https://tcgplayer-cdn.tcgplayer.com/product/83536_200w.jpg,3,1397,https://cpt.tcgcsv.com/LqH,2022-11-30T18:43:11.76,1,001/147,Rare,Lightning,100,Stage 2,"[L] Thundershock (20)
<br>Flip a coin. If heads, the Defending Pokémon is now Paralyzed.","[1LL] Reflect Energy (50) 
<br>If you have any Benched Pokémon and if there are any basic Energy cards attached to Ampharos, take 1 of those Energy cards and attach it to 1 of those Pokémon.",F,2,99.99,99.99,99.99,39.99,,Reverse Holofoil,,,
83537,Ampharos (H1),Ampharos H1,https://tcgplayer-cdn.tcgplayer.com/product/83537_200w.jpg,3,1397,https://cpt.tcgcsv.com/MqH,2022-11-30T18:44:44.503,1,H01/H32,Holo Rare,Lightning,100,Stage 2,"[L] Thundershock (20)
<br>Flip a coin. If heads, the Defending Pokémon is now Paralyzed.","[1LL] Reflect Energy (50)
<br>If you have any Benched Pokémon and if there are any basic Energy cards attached to Ampharos, take 1 of those Energy cards and attach it to 1 of those Pokémon.",F,2,299.99,362.25,425.0,248.41,,Holofoil,,,
83563,Apricorn Forest,Apricorn Forest,https://tcgplayer-cdn.tcgplayer.com/product/83563_200w.jpg,3,1397,https://cpt.tcgcsv.com/hrH,2022-11-30T18:46:55.54,1,118/147,Rare,Stadium,,,,,,,4.1,5.88,4321.0,5.76,,Normal,"This card stays in play when you play it. Discard this card if another Stadium card comes into play.
<br>
Once during each player's turn <em>(before attacking)</em>, if that player's Bench isn't full, that player flips a coin. If heads, that player shows his or her opponent a basic Energy card from his or her hand. Then, that player searches his or her deck for a Basic Pokémon card of the same type (color) as the revealed Energy card and puts it onto his or her Bench. The player shuffles his or her deck afterward.",,
83563,Apricorn Forest,Apricorn Forest,https://tcgplayer-cdn.tcgplayer.com/product/83563_200w.jpg,3,1397,https://cpt.tcgcsv.com/hrH,2022-11-30T18:46:55.54,1,118/147,Rare,Stadium,,,,,,,19.99,20.0,26.0,19.99,,Reverse Holofoil,"This card stays in play when you play it. Discard this card if another Stadium card comes into play.
<br>
Once during each player's turn <em>(before attacking)</em>, if that player's Bench isn't full, that player flips a coin. If heads, that player shows his or her opponent a basic Energy card from his or her hand. Then, that player searches his or her deck for a Basic Pokémon card of the same type (color) as the revealed Energy card and puts it onto his or her Bench. The player shuffles his or her deck afterward.",,
83575,Arcanine,Arcanine,https://tcgplayer-cdn.tcgplayer.com/product/83575_200w.jpg,3,1397,https://cpt.tcgcsv.com/wrH,2022-11-30T18:48:35.207,1,002/147,Rare,Fire,90,Stage 1,"[3] Fire Blow (30+)
<br>You may discard any number of Fire Energy cards attached to Arcanine. If you do, flip a number of coins equal to the number of Fire Energy cards you discarded. This attack does 30 damage plus 30 more damage for each heads.",,W,3,100.0,139.85,4321.0,47.71,,Normal,"<strong>Poké-BODY — Extreme Speed</strong>
<br>
You pay 1 Colorless less to retreat Arcanine for each Energy attached to it.",,
83576,Arcanine (H2),Arcanine H2,https://tcgplayer-cdn.tcgplayer.com/product/83576_200w.jpg,3,1397,https://cpt.tcgcsv.com/xrH,2022-11-30T18:49:45.61,1,H02/H32,Holo Rare,Fire,90,Stage 1,"[3] Fire Blow (30+)
<br>You may discard any number of Fire Energy cards attached to Arcanine. If you do, flip a number of coins equal to the number of Fire Energy cards you discarded. This attack does 30 damage plus 30 more damage for each heads.",,W,3,475.0,475.0,502.42,499.99,,Holofoil,"<strong>Poké-BODY — Extreme Speed</strong>
<br>
You pay 1 Colorless less to retreat Arcanine for each Energy attached to it.",,
83613,Ariados,Ariados,https://tcgplayer-cdn.tcgplayer.com/product/83613_200w.jpg,3,1397,https://cpt.tcgcsv.com/hsH,2022-11-30T18:52:10.99,1,003/147,Rare,Grass,70,Stage 1,"[1G] Spider Force (20+)
<br>Flip a coin. If heads, this attack does 20 damage plus 10 more damage. If tails, this attack does 20 damage and the Defending Pokémon is now Paralyzed.",,R,,14.9,15.99,18.0,4.76,,Normal,"<strong>Poké-BODY — Gluey Slime</strong>
<br>
As long as Ariados is in play, each player must pay an additional Colorless to retreat his or her Active Pokémon. Gluey Slime can't make a player pay more than an additional Colorless to retreat a Pokémon, even if there is more than 1 Ariados in play.",,
83613,Ariados,Ariados,https://tcgplayer-cdn.tcgplayer.com/product/83613_200w.jpg,3,1397,https://cpt.tcgcsv.com/hsH,2022-11-30T18:52:10.99,1,003/147,Rare,Grass,70,Stage 1,"[1G] Spider Force (20+)
<br>Flip a coin. If heads, this attack does 20 damage plus 10 more damage. If tails, this attack does 20 damage and the Defending Pokémon is now Paralyzed.",,R,,10.99,15.47,30.89,20.0,,Reverse Holofoil,"<strong>Poké-BODY — Gluey Slime</strong>
<br>
As long as Ariados is in play, each player must pay an additional Colorless to retreat his or her Active Pokémon. Gluey Slime can't make a player pay more than an additional Colorless to retreat a Pokémon, even if there is more than 1 Ariados in play.",,
83614,Ariados (H3),Ariados H3,https://tcgplayer-cdn.tcgplayer.com/product/83614_200w.jpg,3,1397,https://cpt.tcgcsv.com/jsH,2022-11-30T18:55:18.617,1,H03/H32,Holo Rare,Grass,70,Stage 1,"[1G] Spider Force (20+)
<br>Flip a coin. If heads, this attack does 20 damage plus 10 more damage. If tails, this attack does 20 damage and the defending Pokémon is now Paralyzed.",,R,,49.98,65.99,70.0,67.49,,Holofoil,"<strong>Poké-BODY — Gluey Slime</strong>
<br>
As long as Ariados is in play, each player must pay an additional Colorless to retreat his or her Active Pokémon. Gluey Slime can't make a player pay more than an additional Colorless to retreat a Pokémon, even if there is more than 1 Ariados in play.",,
83680,Azumarill,Azumarill,https://tcgplayer-cdn.tcgplayer.com/product/83680_200w.jpg,3,1397,https://cpt.tcgcsv.com/DtH,2022-11-30T18:57:27.807,1,004/147,Rare,Water,70,Stage 1,"[2W] Aqua Sonic (40)
<br>Don't apply Resistance.",,L,1,15.5,32.75,50.0,20.01,,Normal,"<strong>Poké-POWER — Bubble Turn</strong>
<br>
Once during your turn <em>(before your attack)</em>, if Azumarill is on your Bench, you may flip a coin. If heads, return Azumarill and all cards attached to it to your hand.",,
83680,Azumarill,Azumarill,https://tcgplayer-cdn.tcgplayer.com/product/83680_200w.jpg,3,1397,https://cpt.tcgcsv.com/DtH,2022-11-30T18:57:27.807,1,004/147,Rare,Water,70,Stage 1,"[2W] Aqua Sonic (40)
<br>Don't apply Resistance.",,L,1,24.99,25.49,60.0,21.73,,Reverse Holofoil,"<strong>Poké-POWER — Bubble Turn</strong>
<br>
Once during your turn <em>(before your attack)</em>, if Azumarill is on your Bench, you may flip a coin. If heads, return Azumarill and all cards attached to it to your hand.",,
83681,Azumarill (H4),Azumarill H4,https://tcgplayer-cdn.tcgplayer.com/product/83681_200w.jpg,3,1397,https://cpt.tcgcsv.com/FtH,2022-11-30T19:03:05.767,1,H04/H32,Holo Rare,Water,70,Stage 1,"[2W] Aqua Sonic (40)
<br>Don't apply Resistance.",,L,1,90.0,98.78,107.55,119.99,,Holofoil,"<strong>Poké-POWER — Bubble Turn</strong>
<br>
Once during your turn <em>(before your attack)</em>, if Azumarill is on your Bench, you may flip a coin. If heads, return Azumarill and all cards attached to it to your hand.",,
83796,Bellossom,Bellossom,https://tcgplayer-cdn.tcgplayer.com/product/83796_200w.jpg,3,1397,https://cpt.tcgcsv.com/XwH,2022-11-30T19:11:07.317,1,005/147,Rare,Grass,90,Stage 2,"[1GG] Knife Leaf (30x)
<br>Flip 3 coins. This attack does 30 damage times the number of heads.",,R,2,7.83,30.0,30.0,9.38,,Normal,"<strong>Poké-POWER — Flower Supplement</strong>
<br>
Once during your turn <em>(before your attack)</em>, you may flip a coin. If heads, attach 1 basic Energy card from your hand to 1 of your Benched Pokémon. This power can't be used if Bellossom is affected by a Special Condition.",W-30,
83796,Bellossom,Bellossom,https://tcgplayer-cdn.tcgplayer.com/product/83796_200w.jpg,3,1397,https://cpt.tcgcsv.com/XwH,2022-11-30T19:11:07.317,1,005/147,Rare,Grass,90,Stage 2,"[1GG] Knife Leaf (30x)
<br>Flip 3 coins. This attack does 30 damage times the number of heads.",,R,2,42.99,47.5,149.99,31.15,,Reverse Holofoil,"<strong>Poké-POWER — Flower Supplement</strong>
<br>
Once during your turn <em>(before your attack)</em>, you may flip a coin. If heads, attach 1 basic Energy card from your hand to 1 of your Benched Pokémon. This power can't be used if Bellossom is affected by a Special Condition.",W-30,
83797,Bellossom (H5),Bellossom H5,https://tcgplayer-cdn.tcgplayer.com/product/83797_200w.jpg,3,1397,https://cpt.tcgcsv.com/ZwH,2022-11-30T19:10:29.287,1,H05/H32,Holo Rare,Grass,90,Stage 2,"[1GG] Knife Leaf (30x)
<br>Flip 3 coins. This attack does 30 damage times the number of heads.",,R,2,100.0,101.95,139.99,72.33,,Holofoil,"<strong>Poké-POWER — Flower Supplement</strong>
<br>
Once during your turn <em>(before your attack)</em>, you may flip a coin. If heads, attach 1 basic Energy card from your hand to 1 of your Benched Pokémon. This power can't be used if Bellossom is affected by a Special Condition.",W-30,
83804,Bellsprout (45),Bellsprout 45,https://tcgplayer-cdn.tcgplayer.com/product/83804_200w.jpg,3,1397,https://cpt.tcgcsv.com/6xH,2022-11-30T19:11:43.323,1,045/147,Uncommon,Grass,50,Basic,"[1G] Blot (20)
<br>Remove 1 damage counter from Bellsprout.",,R,1,12.66,13.99,19.99,12.06,,Normal,,,
83804,Bellsprout (45),Bellsprout 45,https://tcgplayer-cdn.tcgplayer.com/product/83804_200w.jpg,3,1397,https://cpt.tcgcsv.com/6xH,2022-11-30T19:11:43.323,1,045/147,Uncommon,Grass,50,Basic,"[1G] Blot (20)
<br>Remove 1 damage counter from Bellsprout.",,R,1,36.0,48.0,60.0,39.99,,Reverse Holofoil,,,
83806,Bellsprout (68),Bellsprout 68,https://tcgplayer-cdn.tcgplayer.com/product/83806_200w.jpg,3,1397,https://cpt.tcgcsv.com/8xH,2022-11-30T19:12:32.747,1,068/147,Common,Grass,40,Basic,"[1] Poison Vine
<br>Flip a coin. If heads, the Defending Pokémon is now Poisoned.","[G] Sharp Leaf (10+)
<br>Flip a coin. If heads, this attack does 10 damage plus 10 more damage.",P,1,5.39,5.44,5.72,5.72,,Normal,,,
83919,Blissey,Blissey,https://tcgplayer-cdn.tcgplayer.com/product/83919_200w.jpg,3,1397,https://cpt.tcgcsv.com/pBH,2022-11-30T19:15:08.503,1,006/147,Rare,Colorless,120,Stage 1,"[3] Smash Bomber (50)
<br>Flip a coin. If tails, this attack does nothing.",,F,2,4.76,20.0,24.0,5.64,,Normal,"<strong>Poké-POWER — Happy Healing</strong>
<br>
Once during your turn <em>(before your attack)</em>, choose 1 of your Benched Pokémon and flip a coin. If heads, count the number of Energy attached to Blissey and then remove that many damage counters from the chosen Benched Pokémon. This power can't be used if Blissey is affected by a Special Condition.",,
83919,Blissey,Blissey,https://tcgplayer-cdn.tcgplayer.com/product/83919_200w.jpg,3,1397,https://cpt.tcgcsv.com/pBH,2022-11-30T19:15:08.503,1,006/147,Rare,Colorless,120,Stage 1,"[3] Smash Bomber (50)
<br>Flip a coin. If tails, this attack does nothing.",,F,2,19.25,49.99,50.2,38.47,,Reverse Holofoil,"<strong>Poké-POWER — Happy Healing</strong>
<br>
Once during your turn <em>(before your attack)</em>, choose 1 of your Benched Pokémon and flip a coin. If heads, count the number of Energy attached to Blissey and then remove that many damage counters from the chosen Benched Pokémon. This power can't be used if Blissey is affected by a Special Condition.",,
83920,Blissey (H6),Blissey H6,https://tcgplayer-cdn.tcgplayer.com/product/83920_200w.jpg,3,1397,https://cpt.tcgcsv.com/qBH,2022-11-30T19:14:42.203,1,H06/H32,Holo Rare,Colorless,120,Stage 1,"[3] Smash Bomber (50)
<br>Flip a coin. If tails, this attack does nothing.",,F,2,120.0,120.0,120.0,132.75,,Holofoil,"<strong>Poké-POWER — Happy Healing</strong>
<br>
Once during your turn <em>(before your attack)</em>, choose 1 of your Benched Pokémon and flip a coin. If heads, count the number of Energy attached to Blissey and then remove that many damage counters from the chosen Benched Pokémon. This power can't be used if Blissey is affected by a Special Condition.",,
83937,Boost Energy,Boost Energy,https://tcgplayer-cdn.tcgplayer.com/product/83937_200w.jpg,3,1397,https://cpt.tcgcsv.com/MBH,2022-11-30T19:17:01.37,1,145/147,Uncommon,Special Energy,,,,,,,3.84,8.45,10.0,4.23,,Normal,"Boost Energy can be attached only to an Evolved Pokémon.
<br>
Discard Boost Energy at the end of the turn it was attached. Boost Energy provides 3 Colorless Energy. The Pokémon Boost Energy is attached to can't retreat.
<br>
When the Pokémon Boost Energy is attached to is no longer an Evolved Pokémon, discard Boost Energy.",,
83937,Boost Energy,Boost Energy,https://tcgplayer-cdn.tcgplayer.com/product/83937_200w.jpg,3,1397,https://cpt.tcgcsv.com/MBH,2022-11-30T19:17:01.37,1,145/147,Uncommon,Special Energy,,,,,,,10.03,10.99,49.99,9.78,,Reverse Holofoil,"Boost Energy can be attached only to an Evolved Pokémon.
<br>
Discard Boost Energy at the end of the turn it was attached. Boost Energy provides 3 Colorless Energy. The Pokémon Boost Energy is attached to can't retreat.
<br>
When the Pokémon Boost Energy is attached to is no longer an Evolved Pokémon, discard Boost Energy.",,
84171,Chansey,Chansey,https://tcgplayer-cdn.tcgplayer.com/product/84171_200w.jpg,3,1397,https://cpt.tcgcsv.com/rHH,2022-11-30T19:17:29.583,1,069/147,Common,Colorless,100,Basic,[1] Rollout (10),"[3] Double-edge (40)
<br>Chansey does 40 damage to itself.",F,2,2.41,3.25,9.99,3.4,,Normal,,,
84171,Chansey,Chansey,https://tcgplayer-cdn.tcgplayer.com/product/84171_200w.jpg,3,1397,https://cpt.tcgcsv.com/rHH,2022-11-30T19:17:29.583,1,069/147,Common,Colorless,100,Basic,[1] Rollout (10),"[3] Double-edge (40)
<br>Chansey does 40 damage to itself.",F,2,25.0,44.16,54.99,46.12,,Reverse Holofoil,,,
84301,Chinchou (70),Chinchou 70,https://tcgplayer-cdn.tcgplayer.com/product/84301_200w.jpg,3,1397,https://cpt.tcgcsv.com/2LH,2022-11-30T19:19:17.88,1,070/147,Common,Water,50,Basic,"[1] Float
<br>Flip a coin. If heads, during your opponent's next turn, prevent all effects of attacks, including damage, done to Chinchou.",[2] Headbutt (20),G,1,10.99,13.89,20.0,9.2,,Normal,,,
84301,Chinchou (70),Chinchou 70,https://tcgplayer-cdn.tcgplayer.com/product/84301_200w.jpg,3,1397,https://cpt.tcgcsv.com/2LH,2022-11-30T19:19:17.88,1,070/147,Common,Water,50,Basic,"[1] Float
<br>Flip a coin. If heads, during your opponent's next turn, prevent all effects of attacks, including damage, done to Chinchou.",[2] Headbutt (20),G,1,29.96,35.0,38.05,29.96,,Reverse Holofoil,,,
84302,Chinchou (71),Chinchou 71,https://tcgplayer-cdn.tcgplayer.com/product/84302_200w.jpg,3,1397,https://cpt.tcgcsv.com/3LH,2022-11-30T19:19:54.533,1,071/147,Common,Lightning,50,Basic,"[1] Jolt
<br>Flip a coin. If heads, the Defending Pokémon is now Paralyzed.","[1L] Confuse Ray (10)
<br>Flip a coin. If heads, the Defending Pokémon is now Confused.",F,1,2.35,6.0,10.0,2.29,,Normal,,,
84302,Chinchou (71),Chinchou 71,https://tcgplayer-cdn.tcgplayer.com/product/84302_200w.jpg,3,1397,https://cpt.tcgcsv.com/3LH,2022-11-30T19:19:54.533,1,071/147,Common,Lightning,50,Basic,"[1] Jolt
<br>Flip a coin. If heads, the Defending Pokémon is now Paralyzed.","[1L] Confuse Ray (10)
<br>Flip a coin. If heads, the Defending Pokémon is now Confused.",F,1,15.29,17.89,18.0,17.99,,Reverse Holofoil,,,
84518,Crystal Energy,Crystal Energy,https://tcgplayer-cdn.tcgplayer.com/product/84518_200w.jpg,3,1397,https://cpt.tcgcsv.com/nQH,2022-11-30T19:20:47.7,1,146/147,Uncommon,Special Energy,,,,,,,3.1,4.99,14.5,3.04,,Normal,"Crystal Energy provides 1 Energy of all types (colors) of basic Energy cards attached to the Pokémon Crystal Energy is attached to.
<br>
If there are no basic Energy cards attached to the Pokémon Crystal Energy is attached to, Crystal Energy provides Colorless Energy.",,
84518,Crystal Energy,Crystal Energy,https://tcgplayer-cdn.tcgplayer.com/product/84518_200w.jpg,3,1397,https://cpt.tcgcsv.com/nQH,2022-11-30T19:20:47.7,1,146/147,Uncommon,Special Energy,,,,,,,7.78,8.99,14.99,12.0,,Reverse Holofoil,"Crystal Energy provides 1 Energy of all types (colors) of basic Energy cards attached to the Pokémon Crystal Energy is attached to.
<br>
If there are no basic Energy cards attached to the Pokémon Crystal Energy is attached to, Crystal Energy provides Colorless Energy.",,
84528,Cubone,Cubone,https://tcgplayer-cdn.tcgplayer.com/product/84528_200w.jpg,3,1397,https://cpt.tcgcsv.com/BQH,2023-01-14T08:56:30.473,1,072/147,Common,Fighting,40,Basic,"[1] Teary Eyes
<br>
During your opponent's next turn, any damage done to Cubone by attacks is reduced by 20.",[F] Tackle (10),G,1,6.35,9.29,4321.0,14.05,,Normal,,L-30,
84675,Darkness Cube 01,Darkness Cube 01,https://tcgplayer-cdn.tcgplayer.com/product/84675_200w.jpg,3,1397,https://cpt.tcgcsv.com/wTH,2022-11-30T19:22:38.593,1,119/147,Uncommon,Technical Machine,,,"[D] Plunder (10)
<br>Before doing damage, discard any Trainer cards attached to the Defending Pokémon.",,,,0.99,1.49,5.0,1.42,,Normal,"Attach this card to 1 of your Darkness Pokémon in play. That Pokémon may use this card's attack instead of its own. At the end of your turn, discard Darkness Cube 01.",,
84675,Darkness Cube 01,Darkness Cube 01,https://tcgplayer-cdn.tcgplayer.com/product/84675_200w.jpg,3,1397,https://cpt.tcgcsv.com/wTH,2022-11-30T19:22:38.593,1,119/147,Uncommon,Technical Machine,,,"[D] Plunder (10)
<br>Before doing damage, discard any Trainer cards attached to the Defending Pokémon.",,,,1.99,4.99,24.99,5.09,,Reverse Holofoil,"Attach this card to 1 of your Darkness Pokémon in play. That Pokémon may use this card's attack instead of its own. At the end of your turn, discard Darkness Cube 01.",,
84696,Darkness Energy,Darkness Energy,https://tcgplayer-cdn.tcgplayer.com/product/84696_200w.jpg,3,1397,https://cpt.tcgcsv.com/XTH,2022-11-30T19:24:32.143,1,142/147,Rare,Special Energy,,,,,,,3.87,4.0,8.88,6.14,,Normal,"If the Pokémon Darkness Energy is attached to damages the Defending Pokémon <em>(after applying Weakness and Resistance)</em>, the attack does 10 more damage to the Defending Pokémon.
<br>
At the end of every turn, put 1 damage counter on the Pokémon Darkness Energy is attached to, unless it's Darkness or has Dark in its name.
<br>
Darkness Energy provides Darkness Energy. <em>(Doesn't count as a basic Energy card.)</em>",,
84696,Darkness Energy,Darkness Energy,https://tcgplayer-cdn.tcgplayer.com/product/84696_200w.jpg,3,1397,https://cpt.tcgcsv.com/XTH,2022-11-30T19:24:32.143,1,142/147,Rare,Special Energy,,,,,,,6.13,10.05,79.99,8.11,,Reverse Holofoil,"If the Pokémon Darkness Energy is attached to damages the Defending Pokémon <em>(after applying Weakness and Resistance)</em>, the attack does 10 more damage to the Defending Pokémon.
<br>
At the end of every turn, put 1 damage counter on the Pokémon Darkness Energy is attached to, unless it's Darkness or has Dark in its name.
<br>
Darkness Energy provides Darkness Energy. <em>(Doesn't count as a basic Energy card.)</em>",,
84848,Dodrio,Dodrio,https://tcgplayer-cdn.tcgplayer.com/product/84848_200w.jpg,3,1397,https://cpt.tcgcsv.com/-XH,2022-11-30T19:25:30.863,1,046/147,Uncommon,Colorless,70,Stage 1,"[1] Tri Attack (10x)
<br>Flip 3 coins. This attack does 10 damage times the number of heads.","[2] Peck Attack
<br>Flip 2 coins. If 1 of them is heads, this attack does 20 damage. If both are heads, this attack does 50 damage. If both are tails, the Defending Pokémon is now Confused.",L,1,6.75,9.54,16.99,8.52,,Normal,,F-30,
84848,Dodrio,Dodrio,https://tcgplayer-cdn.tcgplayer.com/product/84848_200w.jpg,3,1397,https://cpt.tcgcsv.com/-XH,2022-11-30T19:25:30.863,1,046/147,Uncommon,Colorless,70,Stage 1,"[1] Tri Attack (10x)
<br>Flip 3 coins. This attack does 10 damage times the number of heads.","[2] Peck Attack
<br>Flip 2 coins. If 1 of them is heads, this attack does 20 damage. If both are heads, this attack does 50 damage. If both are tails, the Defending Pokémon is now Confused.",L,1,13.25,57.48,80.99,14.11,,Reverse Holofoil,,F-30,
84859,Doduo,Doduo,https://tcgplayer-cdn.tcgplayer.com/product/84859_200w.jpg,3,1397,https://cpt.tcgcsv.com/cZH,2022-11-30T19:26:17.823,1,073/147,Common,Colorless,40,Basic,"[1] Super Speed
<br>Flip a coin. If heads, during your opponent's next turn, prevent all effects of attacks, including damage, done to Doduo.",[2] Rear Kick (20),L,1,2.7,5.88,10.0,3.28,,Normal,,F-30,
84859,Doduo,Doduo,https://tcgplayer-cdn.tcgplayer.com/product/84859_200w.jpg,3,1397,https://cpt.tcgcsv.com/cZH,2022-11-30T19:26:17.823,1,073/147,Common,Colorless,40,Basic,"[1] Super Speed
<br>Flip a coin. If heads, during your opponent's next turn, prevent all effects of attacks, including damage, done to Doduo.",[2] Rear Kick (20),L,1,17.42,17.42,17.42,17.98,,Reverse Holofoil,,F-30,
84870,Donphan,Donphan,https://tcgplayer-cdn.tcgplayer.com/product/84870_200w.jpg,3,1397,https://cpt.tcgcsv.com/qZH,2022-11-30T19:27:46.937,1,007/147,Rare,Fighting,80,Stage 1,"[F] Earthquake (30)
<br>Does 10 damage to each of your Benched Pokémon. <em>(Don't apply Weakness and Resistance for Benched Pokémon.)</em>","[3] Double Stab (40x)
<br>Flip 2 coins. This attack does 40 damage times the number of heads.",G,2,15.0,22.99,27.1,16.43,,Normal,,L-30,
84870,Donphan,Donphan,https://tcgplayer-cdn.tcgplayer.com/product/84870_200w.jpg,3,1397,https://cpt.tcgcsv.com/qZH,2022-11-30T19:27:46.937,1,007/147,Rare,Fighting,80,Stage 1,"[F] Earthquake (30)
<br>Does 10 damage to each of your Benched Pokémon. <em>(Don't apply Weakness and Resistance for Benched Pokémon.)</em>","[3] Double Stab (40x)
<br>Flip 2 coins. This attack does 40 damage times the number of heads.",G,2,14.99,16.99,18.99,27.23,,Reverse Holofoil,,L-30,
84971,Drowzee (74a),Drowzee 74a,https://tcgplayer-cdn.tcgplayer.com/product/84971_200w.jpg,3,1397,https://cpt.tcgcsv.com/r_H,2022-11-30T19:28:43.88,1,074a/147,Common,Psychic,50,Basic,"[P] Sleep Inducer
<br>Flip a coin. If heads, choose 1 of your opponent's Benched Pokémon and switch the Defending Pokémon with it. The new Defending Pokémon is now Asleep.",[2] Tackle (20),P,1,1.65,2.96,18.99,3.25,,Normal,,,
84971,Drowzee (74a),Drowzee 74a,https://tcgplayer-cdn.tcgplayer.com/product/84971_200w.jpg,3,1397,https://cpt.tcgcsv.com/r_H,2022-11-30T19:28:43.88,1,074a/147,Common,Psychic,50,Basic,"[P] Sleep Inducer
<br>Flip a coin. If heads, choose 1 of your opponent's Benched Pokémon and switch the Defending Pokémon with it. The new Defending Pokémon is now Asleep.",[2] Tackle (20),P,1,15.0,18.02,33.63,24.43,,Reverse Holofoil,,,
84972,Drowzee (74b),Drowzee 74b,https://tcgplayer-cdn.tcgplayer.com/product/84972_200w.jpg,3,1397,https://cpt.tcgcsv.com/s_H,2022-11-30T19:29:47.827,1,074b/147,Common,Psychic,50,Basic,"[P] Sleep Inducer
<br>Flip a coin. If heads, choose 1 of your opponent's Benched Pokémon and switch the Defending Pokémon with it. The new Defending Pokémon is now Asleep.",[2] Tackle (20),P,1,1.5,4.06,6.99,3.53,,Normal,,,
84972,Drowzee (74b),Drowzee 74b,https://tcgplayer-cdn.tcgplayer.com/product/84972_200w.jpg,3,1397,https://cpt.tcgcsv.com/s_H,2022-11-30T19:29:47.827,1,074b/147,Common,Psychic,50,Basic,"[P] Sleep Inducer
<br>Flip a coin. If heads, choose 1 of your opponent's Benched Pokémon and switch the Defending Pokémon with it. The new Defending Pokémon is now Asleep.",[2] Tackle (20),P,1,36.0,37.97,50.0,29.92,,Reverse Holofoil,,,
85080,Eevee,Eevee,https://tcgplayer-cdn.tcgplayer.com/product/85080_200w.jpg,3,1397,https://cpt.tcgcsv.com/D2J,2022-11-30T19:32:15.92,1,075/147,Common,Colorless,50,Basic,"[1] Charge Up
<br>Flip a coin. If heads, search your deck for an Energy card and attack it to Eevee. Shuffle your deck afterward.","[1] Lunge (20)
<br>Flip a coin. If tails, this attack does nothing.",F,1,23.98,29.8,4321.0,29.07,38.86,Normal,,,
85080,Eevee,Eevee,https://tcgplayer-cdn.tcgplayer.com/product/85080_200w.jpg,3,1397,https://cpt.tcgcsv.com/D2J,2022-11-30T19:32:15.92,1,075/147,Common,Colorless,50,Basic,"[1] Charge Up
<br>Flip a coin. If heads, search your deck for an Energy card and attack it to Eevee. Shuffle your deck afterward.","[1] Lunge (20)
<br>Flip a coin. If tails, this attack does nothing.",F,1,110.0,110.0,110.0,149.99,,Reverse Holofoil,,,
85147,Electrode (H7),Electrode H7,https://tcgplayer-cdn.tcgplayer.com/product/85147_200w.jpg,3,1397,https://cpt.tcgcsv.com/Z3J,2022-11-30T19:34:55.677,1,H07/H32,Holo Rare,Lightning,70,Stage 1,"[1L] Swift (30)
<br>This attack's damage isn't affected by Weakness, Resistance, Poké-Powers, Poké-Bodies, or any other effects on the Defending Pokémon.",,F,1,149.0,150.0,179.99,118.5,,Holofoil,"<strong>Poké-POWER — Super Dynamo</strong>
<br>
Once during your turn <em>(before your attack)</em>, if Electrode is your Active Pokémon, you may flip a coin. If heads, choose a Lightning Energy card from your discard pile and attach it to 1 of your Pokémon. This power can't be used if Electrode is affected by a Special Condition.",,
85148,Electrode,Electrode,https://tcgplayer-cdn.tcgplayer.com/product/85148_200w.jpg,3,1397,https://cpt.tcgcsv.com/-3J,2022-11-30T19:35:34.687,1,008/147,Rare,Lightning,70,Stage 1,"[1L] Swift (30)
<br>This attack's damage isn't affected by Weakness, Resistance, Poké-Powers, Poké-Bodies, or any other effects on the Defending Pokémon.",,F,1,6.35,9.51,4321.0,9.38,,Normal,"<strong>Poké-POWER — Super Dynamo</strong>
<br>
Once during your turn <em>(before your attack)</em>, if Electrode is your Active Pokémon, you may flip a coin. If heads, choose a Lightning Energy card from your discard pile and attach it to 1 of your Pokémon. This power can't be used if Electrode is affected by a Special Condition.",,
85148,Electrode,Electrode,https://tcgplayer-cdn.tcgplayer.com/product/85148_200w.jpg,3,1397,https://cpt.tcgcsv.com/-3J,2022-11-30T19:35:34.687,1,008/147,Rare,Lightning,70,Stage 1,"[1L] Swift (30)
<br>This attack's damage isn't affected by Weakness, Resistance, Poké-Powers, Poké-Bodies, or any other effects on the Defending Pokémon.",,F,1,24.25,30.63,37.0,28.45,,Reverse Holofoil,"<strong>Poké-POWER — Super Dynamo</strong>
<br>
Once during your turn <em>(before your attack)</em>, if Electrode is your Active Pokémon, you may flip a coin. If heads, choose a Lightning Energy card from your discard pile and attach it to 1 of your Pokémon. This power can't be used if Electrode is affected by a Special Condition.",,
85167,Elekid,Elekid,https://tcgplayer-cdn.tcgplayer.com/product/85167_200w.jpg,3,1397,https://cpt.tcgcsv.com/m5J,2022-11-30T19:36:56.103,1,009/147,Rare,Lightning,30,Basic,"[L] Energy Kick
<br>
Flip a coin. If heads, choose an Energy card attached to the Defending Pokémon. Your opponent moves that card to 1 of his or her other Pokémon. (If your opponent has no Benched Pokémon, this attack does nothing.)",,,1,15.0,16.5,20.0,13.98,,Normal,"<em>If your Active Pokémon is a Baby Pokémon and your opponent announces an attack, your opponent flips a coin (before doing anything else). If tails, your opponent's turn ends.</em>",,
85167,Elekid,Elekid,https://tcgplayer-cdn.tcgplayer.com/product/85167_200w.jpg,3,1397,https://cpt.tcgcsv.com/m5J,2022-11-30T19:36:56.103,1,009/147,Rare,Lightning,30,Basic,"[L] Energy Kick
<br>
Flip a coin. If heads, choose an Energy card attached to the Defending Pokémon. Your opponent moves that card to 1 of his or her other Pokémon. (If your opponent has no Benched Pokémon, this attack does nothing.)",,,1,29.99,29.99,29.99,30.66,,Reverse Holofoil,"<em>If your Active Pokémon is a Baby Pokémon and your opponent announces an attack, your opponent flips a coin (before doing anything else). If tails, your opponent's turn ends.</em>",,
85253,Energy Switch,Energy Switch,https://tcgplayer-cdn.tcgplayer.com/product/85253_200w.jpg,3,1397,https://cpt.tcgcsv.com/57J,2022-11-30T19:37:36.037,1,120/147,Uncommon,Item,,,,,,,41.99,47.94,53.89,20.18,,Normal,Move a basic Energy card attached to 1 of your Pokémon to another of your Pokémon.,,
85253,Energy Switch,Energy Switch,https://tcgplayer-cdn.tcgplayer.com/product/85253_200w.jpg,3,1397,https://cpt.tcgcsv.com/57J,2022-11-30T19:37:36.037,1,120/147,Uncommon,Item,,,,,,,99.99,99.99,99.99,70.0,,Reverse Holofoil,Move a basic Energy card attached to 1 of your Pokémon to another of your Pokémon.,,
85267,Entei (H8),Entei H8,https://tcgplayer-cdn.tcgplayer.com/product/85267_200w.jpg,3,1397,https://cpt.tcgcsv.com/m7J,2022-11-30T19:39:09.943,1,H08/H32,Holo Rare,Fire,70,Basic,"[2R] Burning Fang (40)
<br>You may flip a coin. If heads, discard a Fire Energy card attached to Entei and the Defending Pokémon is now Burned.",,W,1,240.0,314.56,401.29,351.99,,Holofoil,"<strong>Poké-BODY — Pure Body</strong>
<br>
To attach a Fire Energy card from your hand to Entei, you must discard an Energy card attached to Entei. (Attach the Fire Energy, and then discard an Energy from Entei.)",,
85268,Entei,Entei,https://tcgplayer-cdn.tcgplayer.com/product/85268_200w.jpg,3,1397,https://cpt.tcgcsv.com/n7J,2022-11-30T19:40:07.073,1,010/147,Rare,Fire,70,Basic,"[2R] Burning Fang (40)
<br>You may flip a coin. If heads, discard a Fire Energy card attached to Entei and the Defending Pokémon is now Burned.",,W,1,27.49,39.51,52.0,42.32,,Normal,"<strong>Poké-BODY — Pure Body</strong>
<br>
To attach a Fire Energy card from your hand to Entei, you must discard an Energy card attached to Entei. (Attach the Fire Energy, and then discard an Energy from Entei.)",,
85268,Entei,Entei,https://tcgplayer-cdn.tcgplayer.com/product/85268_200w.jpg,3,1397,https://cpt.tcgcsv.com/n7J,2022-11-30T19:40:07.073,1,010/147,Rare,Fire,70,Basic,"[2R] Burning Fang (40)
<br>You may flip a coin. If heads, discard a Fire Energy card attached to Entei and the Defending Pokémon is now Burned.",,W,1,48.0,59.95,65.0,96.1,,Reverse Holofoil,"<strong>Poké-BODY — Pure Body</strong>
<br>
To attach a Fire Energy card from your hand to Entei, you must discard an Energy card attached to Entei. (Attach the Fire Energy, and then discard an Energy from Entei.)",,
85317,Espeon (H9),Espeon H9,https://tcgplayer-cdn.tcgplayer.com/product/85317_200w.jpg,3,1397,https://cpt.tcgcsv.com/m8J,2022-11-30T19:43:22.713,1,H09/H32,Holo Rare,Psychic,80,Stage 1,"[2P] Damage Blast (30+)
<br>Flip a number of coins equal to the number of damage counters on the Defending Pokémon. This attack does 30 damage plus 10 more damage for each heads.",,P,,500.0,549.99,675.0,339.08,,Holofoil,"<strong>Poké-POWER — Energy Return</strong>
<br>
As often as you like during your turn <em>(before your attack)</em>, choose an Energy card attached to 1 of your Pokémon and return it to your hand. This power can't be used if Espeon is affected by a Special Condition.",,
85318,Espeon,Espeon,https://tcgplayer-cdn.tcgplayer.com/product/85318_200w.jpg,3,1397,https://cpt.tcgcsv.com/n8J,2022-11-30T19:43:58.077,1,011/147,Rare,Psychic,80,Stage 1,"[2P] Damage Blast (30+)
<br>Flip a number of coins equal to the number of damage counters on the Defending Pokémon. This attack does 30 damage plus 10 more damage for each heads.",,P,,82.03,111.02,140.0,91.36,,Normal,"<strong>Poké-POWER — Energy Return</strong>
<br>
As often as you like during your turn <em>(before your attack)</em>, choose an Energy card attached to 1 of your Pokémon and return it to your hand. This power can't be used if Espeon is affected by a Special Condition.",,
85318,Espeon,Espeon,https://tcgplayer-cdn.tcgplayer.com/product/85318_200w.jpg,3,1397,https://cpt.tcgcsv.com/n8J,2022-11-30T19:43:58.077,1,011/147,Rare,Psychic,80,Stage 1,"[2P] Damage Blast (30+)
<br>Flip a number of coins equal to the number of damage counters on the Defending Pokémon. This attack does 30 damage plus 10 more damage for each heads.",,P,,100.0,115.49,129.99,129.99,,Reverse Holofoil,"<strong>Poké-POWER — Energy Return</strong>
<br>
As often as you like during your turn <em>(before your attack)</em>, choose an Energy card attached to 1 of your Pokémon and return it to your hand. This power can't be used if Espeon is affected by a Special Condition.",,
85344,Exeggcute (76),Exeggcute 76,https://tcgplayer-cdn.tcgplayer.com/product/85344_200w.jpg,3,1397,https://cpt.tcgcsv.com/V8J,2022-11-30T19:45:29.707,1,076/147,Common,Grass,40,Basic,"[1] Growth Spurt
<br>
Attach an Energy card from your hand to Exeggcute.","[G] Sleep Powder (10)
<br>The Defending Pokémon is now Asleep.",R,1,0.6,1.57,5.0,1.64,,Normal,,,
85344,Exeggcute (76),Exeggcute 76,https://tcgplayer-cdn.tcgplayer.com/product/85344_200w.jpg,3,1397,https://cpt.tcgcsv.com/V8J,2022-11-30T19:45:29.707,1,076/147,Common,Grass,40,Basic,"[1] Growth Spurt
<br>
Attach an Energy card from your hand to Exeggcute.","[G] Sleep Powder (10)
<br>The Defending Pokémon is now Asleep.",R,1,40.99,85.36,109.99,91.41,,Reverse Holofoil,,,
85345,Exeggcute (77),Exeggcute 77,https://tcgplayer-cdn.tcgplayer.com/product/85345_200w.jpg,3,1397,https://cpt.tcgcsv.com/W8J,2022-11-30T19:46:25.12,1,077/147,Common,Psychic,50,Basic,"[1] Continuous Eggsplosion (10x)
<br>Flip a coin until you get tails. This attack does 10 damage times the number of heads.","[P] Energy Support
<br>Flip a coin. If heads, search your deck for a Psychic Energy card and attach it to 1 of your Benched Pokémon. Shuffle your deck afterward.",P,1,3.49,5.99,14.99,4.0,,Normal,,,
85345,Exeggcute (77),Exeggcute 77,https://tcgplayer-cdn.tcgplayer.com/product/85345_200w.jpg,3,1397,https://cpt.tcgcsv.com/W8J,2022-11-30T19:46:25.12,1,077/147,Common,Psychic,50,Basic,"[1] Continuous Eggsplosion (10x)
<br>Flip a coin until you get tails. This attack does 10 damage times the number of heads.","[P] Energy Support
<br>Flip a coin. If heads, search your deck for a Psychic Energy card and attach it to 1 of your Benched Pokémon. Shuffle your deck afterward.",P,1,39.95,49.99,50.0,25.0,,Reverse Holofoil,,,
85353,Exeggutor (H10),Exeggutor H10,https://tcgplayer-cdn.tcgplayer.com/product/85353_200w.jpg,3,1397,https://cpt.tcgcsv.com/59J,2022-11-30T19:49:40.5,1,H10/H32,Holo Rare,Grass,80,Stage 1,"[1] Super Eggsplosion (40x)
<br>Discard any number of Energy cards attached to any of your Pokémon. Flip a number of coins equal to the number of Energy cards discarded this way. This attack does 40 damage times the number of heads.","[G] Called Shot
<br>
Choose 1 of your opponent's Benched Pokémon. This attack does 10 damage times the amount of Grass Energy attached to Exeggutor. <em>(Don't apply Weakness and Resistance for Benched Pokémon.)</em>",R,1,140.53,170.26,199.99,124.0,,Holofoil,,,
85354,Exeggutor (12),Exeggutor 12,https://tcgplayer-cdn.tcgplayer.com/product/85354_200w.jpg,3,1397,https://cpt.tcgcsv.com/69J,2022-11-30T19:51:06.61,1,012/147,Rare,Grass,80,Stage 1,"[1] Super Eggsplosion (40x)
<br>Discard any number of Energy cards attached to any of your Pokémon. Flip a number of coins equal to the number of Energy cards discarded this way. This attack does 40 damage times the number of heads.","[G] Called Shot
<br>
Choose 1 of your opponent's Benched Pokémon. This attack does 10 damage times the amount of Grass Energy attached to Exeggutor. <em>(Don't apply Weakness and Resistance for Benched Pokémon.)</em>",R,1,3.5,4.0,40.0,5.38,,Normal,,,
85354,Exeggutor (12),Exeggutor 12,https://tcgplayer-cdn.tcgplayer.com/product/85354_200w.jpg,3,1397,https://cpt.tcgcsv.com/69J,2022-11-30T19:51:06.61,1,012/147,Rare,Grass,80,Stage 1,"[1] Super Eggsplosion (40x)
<br>Discard any number of Energy cards attached to any of your Pokémon. Flip a number of coins equal to the number of Energy cards discarded this way. This attack does 40 damage times the number of heads.","[G] Called Shot
<br>
Choose 1 of your opponent's Benched Pokémon. This attack does 10 damage times the amount of Grass Energy attached to Exeggutor. <em>(Don't apply Weakness and Resistance for Benched Pokémon.)</em>",R,1,22.06,22.06,22.06,37.06,,Reverse Holofoil,,,
85356,Exeggutor (13),Exeggutor 13,https://tcgplayer-cdn.tcgplayer.com/product/85356_200w.jpg,3,1397,https://cpt.tcgcsv.com/89J,2022-11-30T19:52:55.013,1,013/147,Rare,Psychic,80,Stage 1,"[1] Big Eggsplosion (20x)
<br>Flip a number of coins equal to the number of Energy attached to Exeggutor. This attack does 20 damage times the number of heads.","[2P] Lateral Eggsplosion (30+)
<br>Flip a number of coins equal to the total number of Energy attached to all of your Benched Pokémon. This attack does 30 damage plus 10 more damage for each heads.",P,1,15.0,15.0,15.0,13.24,,Normal,,,
85356,Exeggutor (13),Exeggutor 13,https://tcgplayer-cdn.tcgplayer.com/product/85356_200w.jpg,3,1397,https://cpt.tcgcsv.com/89J,2022-11-30T19:52:55.013,1,013/147,Rare,Psychic,80,Stage 1,"[1] Big Eggsplosion (20x)
<br>Flip a number of coins equal to the number of Energy attached to Exeggutor. This attack does 20 damage times the number of heads.","[2P] Lateral Eggsplosion (30+)
<br>Flip a number of coins equal to the total number of Energy attached to all of your Benched Pokémon. This attack does 30 damage plus 10 more damage for each heads.",P,1,15.0,17.5,19.99,30.49,,Reverse Holofoil,,,
85432,Fighting Cube 01,Fighting Cube 01,https://tcgplayer-cdn.tcgplayer.com/product/85432_200w.jpg,3,1397,https://cpt.tcgcsv.com/GbJ,2024-11-11T13:42:11.077,1,121/147,Uncommon,Tool,,,"[F] Violent Rage (10x)
<br>
Flip a number of coins equal to the number of damage counters on this Pokémon. This attack does 10 damage times the number of heads.",,,,1.11,1.68,5.0,1.68,,Normal,"Attach this card to 1 of your Fighting Pokémon in play. That Pokémon may use this card's attack instead of its own. At the end of your turn, discard Fighting Cube 01.",,
85432,Fighting Cube 01,Fighting Cube 01,https://tcgplayer-cdn.tcgplayer.com/product/85432_200w.jpg,3,1397,https://cpt.tcgcsv.com/GbJ,2024-11-11T13:42:11.077,1,121/147,Uncommon,Tool,,,"[F] Violent Rage (10x)
<br>
Flip a number of coins equal to the number of damage counters on this Pokémon. This attack does 10 damage times the number of heads.",,,,1.75,3.56,5.99,4.17,,Reverse Holofoil,"Attach this card to 1 of your Fighting Pokémon in play. That Pokémon may use this card's attack instead of its own. At the end of your turn, discard Fighting Cube 01.",,
85451,Fire Cube 01,Fire Cube 01,https://tcgplayer-cdn.tcgplayer.com/product/85451_200w.jpg,3,1397,https://cpt.tcgcsv.com/2cJ,2024-11-11T13:41:25.113,1,122/147,Uncommon,Tool,,,"[R] Singe
<br>The Defending Pokémon is now Burned.",,,,1.0,1.22,5.0,1.13,,Normal,"Attach this card to 1 of your Fire Pokémon in play. That Pokémon may use this card's attack instead of its own. At the end of your turn, discard Fire Cube 01.",,
85451,Fire Cube 01,Fire Cube 01,https://tcgplayer-cdn.tcgplayer.com/product/85451_200w.jpg,3,1397,https://cpt.tcgcsv.com/2cJ,2024-11-11T13:41:25.113,1,122/147,Uncommon,Tool,,,"[R] Singe
<br>The Defending Pokémon is now Burned.",,,,2.67,4.49,8.83,3.9,4.99,Reverse Holofoil,"Attach this card to 1 of your Fire Pokémon in play. That Pokémon may use this card's attack instead of its own. At the end of your turn, discard Fire Cube 01.",,
85477,Flaaffy,Flaaffy,https://tcgplayer-cdn.tcgplayer.com/product/85477_200w.jpg,3,1397,https://cpt.tcgcsv.com/zcJ,2022-11-30T19:56:21.027,1,047/147,Uncommon,Lightning,80,Stage 1,"[1] Thundershock (10)
<br>Flip a coin. If heads, the Defending Pokémon is now Paralyzed.","[1LL] Spark (30)
<br>If your opponent has any Benched Pokémon, choose 1 of them and this attack does 10 damage to it. <em>(Don't apply Weakness and Resistance for Benched Pokémon.)</em>",F,1,7.68,9.19,15.0,7.67,,Normal,,,
85477,Flaaffy,Flaaffy,https://tcgplayer-cdn.tcgplayer.com/product/85477_200w.jpg,3,1397,https://cpt.tcgcsv.com/zcJ,2022-11-30T19:56:21.027,1,047/147,Uncommon,Lightning,80,Stage 1,"[1] Thundershock (10)
<br>Flip a coin. If heads, the Defending Pokémon is now Paralyzed.","[1LL] Spark (30)
<br>If your opponent has any Benched Pokémon, choose 1 of them and this attack does 10 damage to it. <em>(Don't apply Weakness and Resistance for Benched Pokémon.)</em>",F,1,50.0,50.0,50.0,24.99,,Reverse Holofoil,,,
85541,Forest Guardian,Forest Guardian,https://tcgplayer-cdn.tcgplayer.com/product/85541_200w.jpg,3,1397,https://cpt.tcgcsv.com/RdJ,2025-11-20T04:59:57.543,1,123/147,Uncommon,Supporter,,,,,,,0.5,0.86,4.9,0.86,0.71,Normal,"You can play only one Supporter card each turn. When you play this card, put it next to your Active Pokémon. When your turn ends, discard this card.
<br>
Shuffle your deck. Then, look at the top 7 cards of your deck. Choose 1 of those cards and put it into your hand. Shuffle the rest into your deck afterward.",,
85541,Forest Guardian,Forest Guardian,https://tcgplayer-cdn.tcgplayer.com/product/85541_200w.jpg,3,1397,https://cpt.tcgcsv.com/RdJ,2025-11-20T04:59:57.543,1,123/147,Uncommon,Supporter,,,,,,,6.0,12.93,22.16,22.05,,Reverse Holofoil,"You can play only one Supporter card each turn. When you play this card, put it next to your Active Pokémon. When your turn ends, discard this card.
<br>
Shuffle your deck. Then, look at the top 7 cards of your deck. Choose 1 of those cards and put it into your hand. Shuffle the rest into your deck afterward.",,
85590,Furret,Furret,https://tcgplayer-cdn.tcgplayer.com/product/85590_200w.jpg,3,1397,https://cpt.tcgcsv.com/QfJ,2025-11-22T05:20:30.19,1,048/147,Uncommon,Colorless,70,Stage 1,[2] Spinning Attack (30),,F,1,30.0,35.87,70.48,34.59,,Normal,"<strong>Poké-POWER — Scavenger Hunt</em>
<br>
Once during your turn <em>(before your attack)</em>, you may put 2 cards from your hand into your deck. Then, search your deck for an Energy card, show it to your opponent, and put it into your hand. Shuffle your deck afterward. This power can't be used if Furret is affected by a Special Condition.",,
85590,Furret,Furret,https://tcgplayer-cdn.tcgplayer.com/product/85590_200w.jpg,3,1397,https://cpt.tcgcsv.com/QfJ,2025-11-22T05:20:30.19,1,048/147,Uncommon,Colorless,70,Stage 1,[2] Spinning Attack (30),,F,1,75.0,77.63,80.25,99.99,,Reverse Holofoil,"<strong>Poké-POWER — Scavenger Hunt</em>
<br>
Once during your turn <em>(before your attack)</em>, you may put 2 cards from your hand into your deck. Then, search your deck for an Energy card, show it to your opponent, and put it into your hand. Shuffle your deck afterward. This power can't be used if Furret is affected by a Special Condition.",,
85780,Gloom,Gloom,https://tcgplayer-cdn.tcgplayer.com/product/85780_200w.jpg,3,1397,https://cpt.tcgcsv.com/DkJ,2022-11-30T19:59:59.353,1,049/147,Uncommon,Grass,70,Stage 1,"[2] Sleep Sap (20)
<br>Both Gloom and the Defending Pokémon are now Asleep <em>(after doing damage)</em>.",,R,2,21.0,23.5,48.99,16.72,,Normal,"<strong>Poké-BODY — Enervating Pollen</strong>
<br>
As long as Gloom is in play, Resistance on each player's Active Pokémon only reduces damage by 10.",,
85780,Gloom,Gloom,https://tcgplayer-cdn.tcgplayer.com/product/85780_200w.jpg,3,1397,https://cpt.tcgcsv.com/DkJ,2022-11-30T19:59:59.353,1,049/147,Uncommon,Grass,70,Stage 1,"[2] Sleep Sap (20)
<br>Both Gloom and the Defending Pokémon are now Asleep <em>(after doing damage)</em>.",,R,2,99.99,110.8,119.99,46.84,,Reverse Holofoil,"<strong>Poké-BODY — Enervating Pollen</strong>
<br>
As long as Gloom is in play, Resistance on each player's Active Pokémon only reduces damage by 10.",,
85804,Goldeen,Goldeen,https://tcgplayer-cdn.tcgplayer.com/product/85804_200w.jpg,3,1397,https://cpt.tcgcsv.com/6lJ,2022-11-30T20:00:32.56,1,078/147,Common,Water,40,Basic,"[1] Knock Away (10+)
<br>Flip a coin. If heads, this attack does 10 damage plus 10 more damage.",,L,1,1.99,3.78,5.59,2.62,,Normal,,,
85804,Goldeen,Goldeen,https://tcgplayer-cdn.tcgplayer.com/product/85804_200w.jpg,3,1397,https://cpt.tcgcsv.com/6lJ,2022-11-30T20:00:32.56,1,078/147,Common,Water,40,Basic,"[1] Knock Away (10+)
<br>Flip a coin. If heads, this attack does 10 damage plus 10 more damage.",,L,1,9.5,10.49,11.72,17.17,,Reverse Holofoil,,,
85813,Golduck (50a),Golduck 50a,https://tcgplayer-cdn.tcgplayer.com/product/85813_200w.jpg,3,1397,https://cpt.tcgcsv.com/hlJ,2022-12-01T14:22:13.3,1,050a/147,Uncommon,Water,70,Stage 1,[2] Slash (20),"[2P] Distortion Beam (30)
<br>Flip a coin. If heads, the Defending Pokémon is now Asleep. If tails, the Defending Pokémon is now Confused.",L,1,18.0,18.0,20.0,13.97,,Normal,,,
85813,Golduck (50a),Golduck 50a,https://tcgplayer-cdn.tcgplayer.com/product/85813_200w.jpg,3,1397,https://cpt.tcgcsv.com/hlJ,2022-12-01T14:22:13.3,1,050a/147,Uncommon,Water,70,Stage 1,[2] Slash (20),"[2P] Distortion Beam (30)
<br>Flip a coin. If heads, the Defending Pokémon is now Asleep. If tails, the Defending Pokémon is now Confused.",L,1,34.99,58.0,58.98,44.97,,Reverse Holofoil,,,
85814,Golduck (50b),Golduck 50b,https://tcgplayer-cdn.tcgplayer.com/product/85814_200w.jpg,3,1397,https://cpt.tcgcsv.com/jlJ,2022-12-01T14:23:15.75,1,050b/147,Uncommon,Water,70,Stage 1,[2] Slash (20),"[2P] Distortion Beam (30)
<br>Flip a coin. If heads, the Defending Pokémon is now Asleep. If tails, the Defending Pokémon is now Confused.",L,1,15.0,17.97,18.99,7.32,,Normal,,,
85814,Golduck (50b),Golduck 50b,https://tcgplayer-cdn.tcgplayer.com/product/85814_200w.jpg,3,1397,https://cpt.tcgcsv.com/jlJ,2022-12-01T14:23:15.75,1,050b/147,Uncommon,Water,70,Stage 1,[2] Slash (20),"[2P] Distortion Beam (30)
<br>Flip a coin. If heads, the Defending Pokémon is now Asleep. If tails, the Defending Pokémon is now Confused.",L,1,11.75,15.87,19.99,25.99,,Reverse Holofoil,,,
85868,Grass Cube 01,Grass Cube 01,https://tcgplayer-cdn.tcgplayer.com/product/85868_200w.jpg,3,1397,https://cpt.tcgcsv.com/nmJ,2022-12-01T14:23:53.543,1,124/127,Uncommon,Technical Machine,,,"[G] Sleep Poison
<br>The Defending Pokémon is now Asleep and Poisoned.",,,,1.24,1.6,5.0,1.58,,Normal,"Attach this card to 1 of your Grass Pokémon in play. That Pokémon may use this card's attack instead of its own. At the end of your turn, discard Grass Cube 01.",,
85868,Grass Cube 01,Grass Cube 01,https://tcgplayer-cdn.tcgplayer.com/product/85868_200w.jpg,3,1397,https://cpt.tcgcsv.com/nmJ,2022-12-01T14:23:53.543,1,124/127,Uncommon,Technical Machine,,,"[G] Sleep Poison
<br>The Defending Pokémon is now Asleep and Poisoned.",,,,2.31,5.5,7.99,2.85,,Reverse Holofoil,"Attach this card to 1 of your Grass Pokémon in play. That Pokémon may use this card's attack instead of its own. At the end of your turn, discard Grass Cube 01.",,
85907,Grimer,Grimer,https://tcgplayer-cdn.tcgplayer.com/product/85907_200w.jpg,3,1397,https://cpt.tcgcsv.com/9nJ,2022-12-01T14:24:22.707,1,079/147,Common,Grass,50,Basic,"[1] Poison Sludge
<br>Flip a coin. If heads, the Defending Pokémon is now Poisoned.",,P,1,17.99,20.0,24.98,14.52,,Normal,,,
85907,Grimer,Grimer,https://tcgplayer-cdn.tcgplayer.com/product/85907_200w.jpg,3,1397,https://cpt.tcgcsv.com/9nJ,2022-12-01T14:24:22.707,1,079/147,Common,Grass,50,Basic,"[1] Poison Sludge
<br>Flip a coin. If heads, the Defending Pokémon is now Poisoned.",,P,1,94.0,94.0,94.0,50.0,,Reverse Holofoil,,,
85949,Growlithe (51),Growlithe 51,https://tcgplayer-cdn.tcgplayer.com/product/85949_200w.jpg,3,1397,https://cpt.tcgcsv.com/_nJ,2022-12-01T14:26:51.343,1,051/147,Uncommon,Fire,60,Basic,"[1R] Ember (30)
<br>Discard a Fire Energy card attached to Growlithe.",,W,1,33.72,43.34,58.8,32.52,,Normal,,,
85949,Growlithe (51),Growlithe 51,https://tcgplayer-cdn.tcgplayer.com/product/85949_200w.jpg,3,1397,https://cpt.tcgcsv.com/_nJ,2022-12-01T14:26:51.343,1,051/147,Uncommon,Fire,60,Basic,"[1R] Ember (30)
<br>Discard a Fire Energy card attached to Growlithe.",,W,1,100.0,105.0,128.3,74.99,,Reverse Holofoil,,,
85953,Growlithe (80),Growlithe 80,https://tcgplayer-cdn.tcgplayer.com/product/85953_200w.jpg,3,1397,https://cpt.tcgcsv.com/5pJ,2022-12-01T14:27:38.607,1,080/147,Common,Fire,50,Basic,"[1] Roar
<br>
If your opponent has any Benched Pokémon, he or she chooses 1 of them and switches the Defending Pokémon with it.","[R] Firebreathing (10+)
<br>Flip a coin. If heads, this attack does 10 damage plus 10 more damage.",W,1,17.02,19.49,30.0,16.63,,Normal,,,
85953,Growlithe (80),Growlithe 80,https://tcgplayer-cdn.tcgplayer.com/product/85953_200w.jpg,3,1397,https://cpt.tcgcsv.com/5pJ,2022-12-01T14:27:38.607,1,080/147,Common,Fire,50,Basic,"[1] Roar
<br>
If your opponent has any Benched Pokémon, he or she chooses 1 of them and switches the Defending Pokémon with it.","[R] Firebreathing (10+)
<br>Flip a coin. If heads, this attack does 10 damage plus 10 more damage.",W,1,42.0,42.0,42.0,69.99,,Reverse Holofoil,,,
86040,Healing Berry,Healing Berry,https://tcgplayer-cdn.tcgplayer.com/product/86040_200w.jpg,3,1397,https://cpt.tcgcsv.com/QqJ,2022-12-01T14:28:36.593,1,125/147,Uncommon,Tool,,,,,,,1.16,1.9,5.02,1.91,,Normal,"Attach Healing Berry to 1 of your Pokémon that doesn't already have a Pokémon Tool card attached to it. If that Pokémon is Knocked Out, discard this card.
<br>
At the end of any turn, if the Pokémon this card is attached to has 20 HP or less, remove 3 damage counters from that Pokémon and discard this card.",,
86040,Healing Berry,Healing Berry,https://tcgplayer-cdn.tcgplayer.com/product/86040_200w.jpg,3,1397,https://cpt.tcgcsv.com/QqJ,2022-12-01T14:28:36.593,1,125/147,Uncommon,Tool,,,,,,,5.99,7.99,7.99,5.82,,Reverse Holofoil,"Attach Healing Berry to 1 of your Pokémon that doesn't already have a Pokémon Tool card attached to it. If that Pokémon is Knocked Out, discard this card.
<br>
At the end of any turn, if the Pokémon this card is attached to has 20 HP or less, remove 3 damage counters from that Pokémon and discard this card.",,
86091,Hitmonchan,Hitmonchan,https://tcgplayer-cdn.tcgplayer.com/product/86091_200w.jpg,3,1397,https://cpt.tcgcsv.com/RrJ,2022-12-01T14:29:20.957,1,081/147,Common,Fighting,60,Basic,"[1F] Rush (10x)
<br>Flip 5 coins. This attack does 10 damage times the number of heads. Hitmonchan can't attack during your next turn.","[3] Smash Punch (50)
<br>Flip a coin. If tails, this attack does nothing.",P,2,12.0,21.49,27.7,20.21,,Normal,,,
86091,Hitmonchan,Hitmonchan,https://tcgplayer-cdn.tcgplayer.com/product/86091_200w.jpg,3,1397,https://cpt.tcgcsv.com/RrJ,2022-12-01T14:29:20.957,1,081/147,Common,Fighting,60,Basic,"[1F] Rush (10x)
<br>Flip 5 coins. This attack does 10 damage times the number of heads. Hitmonchan can't attack during your next turn.","[3] Smash Punch (50)
<br>Flip a coin. If tails, this attack does nothing.",P,2,49.99,60.0,70.0,24.11,,Reverse Holofoil,,,
86113,Hitmontop,Hitmontop,https://tcgplayer-cdn.tcgplayer.com/product/86113_200w.jpg,3,1397,https://cpt.tcgcsv.com/hsJ,2022-12-01T14:30:17.247,1,082/147,Common,Fighting,60,Basic,"[2] Double Kick (20x)
<br>Flip 2 coins. This attack does 20 damage times the number of heads.","[2F] Triple Spin (20x) 
<br>Flip 3 coins. This attack does 20 damage times the number of heads. If you get 2 or more heads, switch Hitmontop with 1 of your Benched Pokémon, if any.",P,1,6.12,8.27,10.0,5.8,,Normal,,,
86113,Hitmontop,Hitmontop,https://tcgplayer-cdn.tcgplayer.com/product/86113_200w.jpg,3,1397,https://cpt.tcgcsv.com/hsJ,2022-12-01T14:30:17.247,1,082/147,Common,Fighting,60,Basic,"[2] Double Kick (20x)
<br>Flip 2 coins. This attack does 20 damage times the number of heads.","[2F] Triple Spin (20x) 
<br>Flip 3 coins. This attack does 20 damage times the number of heads. If you get 2 or more heads, switch Hitmontop with 1 of your Benched Pokémon, if any.",P,1,14.44,14.72,15.0,22.97,,Reverse Holofoil,,,
86178,Hoppip,Hoppip,https://tcgplayer-cdn.tcgplayer.com/product/86178_200w.jpg,3,1397,https://cpt.tcgcsv.com/BtJ,2022-12-01T14:31:49.933,1,083/147,Common,Grass,40,Basic,"[1] Careless Tackle (20)
<br>Hoppip does 10 damage to itself.",,R,1,17.99,18.99,19.99,4.1,,Normal,"<strong>Poké-BODY — Lightweight</strong>
<br>
You pay 1 Colorless less to retreat Hoppip for each Grass Energy attached to it.",W-30,
86178,Hoppip,Hoppip,https://tcgplayer-cdn.tcgplayer.com/product/86178_200w.jpg,3,1397,https://cpt.tcgcsv.com/BtJ,2022-12-01T14:31:49.933,1,083/147,Common,Grass,40,Basic,"[1] Careless Tackle (20)
<br>Hoppip does 10 damage to itself.",,R,1,45.78,54.0,66.66,22.5,,Reverse Holofoil,"<strong>Poké-BODY — Lightweight</strong>
<br>
You pay 1 Colorless less to retreat Hoppip for each Grass Energy attached to it.",W-30,
86186,Horsea (84),Horsea 84,https://tcgplayer-cdn.tcgplayer.com/product/86186_200w.jpg,3,1397,https://cpt.tcgcsv.com/LtJ,2022-12-01T14:33:11.903,1,084/147,Common,Water,40,Basic,"[W] Bubble (10)
<br>Flip a coin. If heads, the Defending Pokémon is now Paralyzed.",,L,1,3.25,5.59,8.99,5.85,,Normal,,,
86186,Horsea (84),Horsea 84,https://tcgplayer-cdn.tcgplayer.com/product/86186_200w.jpg,3,1397,https://cpt.tcgcsv.com/LtJ,2022-12-01T14:33:11.903,1,084/147,Common,Water,40,Basic,"[W] Bubble (10)
<br>Flip a coin. If heads, the Defending Pokémon is now Paralyzed.",,L,1,149.99,149.99,149.99,26.94,,Reverse Holofoil,,,
86187,Horsea (85),Horsea 85,https://tcgplayer-cdn.tcgplayer.com/product/86187_200w.jpg,3,1397,https://cpt.tcgcsv.com/MtJ,2022-12-01T14:33:42.053,1,085/147,Common,Water,50,Basic,"[2] Reverse Thrust (20)
<br>If you have any Benched Pokémon, choose 1 of them and switch it with Horsea.",,L,1,3.28,3.48,8.0,4.99,,Normal,,,
86199,Houndoom (H11),Houndoom H11,https://tcgplayer-cdn.tcgplayer.com/product/86199_200w.jpg,3,1397,https://cpt.tcgcsv.com/_tJ,2022-12-01T14:34:58.423,1,H11/H32,Holo Rare,Darkness,70,Stage 1,"[1R] Fireworks (30)
<br>Flip a coin. If tails, discard a Fire Energy card attached to Houndoom.","[2D] Dark Impact (40)
<br>
The Defending Pokémon can't use any Poké-Powers until the end of your opponent's next turn.",F,1,1000.0,1286.0,1571.99,25.0,,Holofoil,,P-30,
86202,Houndoom (14),Houndoom 14,https://tcgplayer-cdn.tcgplayer.com/product/86202_200w.jpg,3,1397,https://cpt.tcgcsv.com/3vJ,2022-12-01T14:36:35.727,1,014/147,Rare,Fire,80,Stage 1,"[1] Smokescreen (10)
<br>If the defending Pokémon tries to attack during your opponent's next turn, your opponent flips a coin. If tails, that attack does nothing.","[1RR] Burn Up (60)
<br>Flip a coin. If tails, discard all Fire Energy cards attached to Houndoom.",W,1,54.99,55.0,69.0,47.33,,Normal,,,
86202,Houndoom (14),Houndoom 14,https://tcgplayer-cdn.tcgplayer.com/product/86202_200w.jpg,3,1397,https://cpt.tcgcsv.com/3vJ,2022-12-01T14:36:35.727,1,014/147,Rare,Fire,80,Stage 1,"[1] Smokescreen (10)
<br>If the defending Pokémon tries to attack during your opponent's next turn, your opponent flips a coin. If tails, that attack does nothing.","[1RR] Burn Up (60)
<br>Flip a coin. If tails, discard all Fire Energy cards attached to Houndoom.",W,1,30.0,44.59,59.17,65.0,,Reverse Holofoil,,,
86203,Houndoom (15),Houndoom 15,https://tcgplayer-cdn.tcgplayer.com/product/86203_200w.jpg,3,1397,https://cpt.tcgcsv.com/5vJ,2022-12-01T14:37:37.523,1,015/147,Rare,Darkness,70,Stage 1,"[1R] Fireworks (30)
<br>Flip a coin. If tails, discard a Fire Energy card attached to Houndoom.","[2D] Dark Impact (40)
<br>
The Defending Pokémon can't use any Poké-Powers until the end of your opponent's next turn.",F,1,41.75,50.0,4321.0,61.6,,Normal,,P-30,
86203,Houndoom (15),Houndoom 15,https://tcgplayer-cdn.tcgplayer.com/product/86203_200w.jpg,3,1397,https://cpt.tcgcsv.com/5vJ,2022-12-01T14:37:37.523,1,015/147,Rare,Darkness,70,Stage 1,"[1R] Fireworks (30)
<br>Flip a coin. If tails, discard a Fire Energy card attached to Houndoom.","[2D] Dark Impact (40)
<br>
The Defending Pokémon can't use any Poké-Powers until the end of your opponent's next turn.",F,1,112.21,114.44,186.23,185.61,,Reverse Holofoil,,P-30,
86221,Houndour (86),Houndour 86,https://tcgplayer-cdn.tcgplayer.com/product/86221_200w.jpg,3,1397,https://cpt.tcgcsv.com/rvJ,2022-12-01T14:38:05.91,1,086/147,Common,Fire,50,Basic,"[1] Singe
<br>Flip a coin. If heads, the Defending Pokémon is now Burned.",[1R] Flare (20),W,1,1.45,3.24,5.36,3.56,,Normal,,,
86221,Houndour (86),Houndour 86,https://tcgplayer-cdn.tcgplayer.com/product/86221_200w.jpg,3,1397,https://cpt.tcgcsv.com/rvJ,2022-12-01T14:38:05.91,1,086/147,Common,Fire,50,Basic,"[1] Singe
<br>Flip a coin. If heads, the Defending Pokémon is now Burned.",[1R] Flare (20),W,1,31.83,39.32,46.81,36.01,,Reverse Holofoil,,,
86222,Houndour (87),Houndour 87,https://tcgplayer-cdn.tcgplayer.com/product/86222_200w.jpg,3,1397,https://cpt.tcgcsv.com/svJ,2025-11-22T05:22:19.507,1,087/147,Common,Darkness,50,Basic,"[1D] Feint Attack
<br>Choose 1 of your opponent's Pokémon. This attack does 20 damage to that Pokémon. This attack's damage isn't affected by Weakness, Resistance, Poké-Powers, Poké-Bodies, or any other effects on that Pokémon.",,F,1,2.25,2.95,19.99,5.11,19.99,Normal,,P-30,
86222,Houndour (87),Houndour 87,https://tcgplayer-cdn.tcgplayer.com/product/86222_200w.jpg,3,1397,https://cpt.tcgcsv.com/svJ,2025-11-22T05:22:19.507,1,087/147,Common,Darkness,50,Basic,"[1D] Feint Attack
<br>Choose 1 of your opponent's Pokémon. This attack does 20 damage to that Pokémon. This attack's damage isn't affected by Weakness, Resistance, Poké-Powers, Poké-Bodies, or any other effects on that Pokémon.",,F,1,100.0,100.0,100.0,15.93,,Reverse Holofoil,,P-30,
86248,Hypno (H12),Hypno H12,https://tcgplayer-cdn.tcgplayer.com/product/86248_200w.jpg,3,1397,https://cpt.tcgcsv.com/-vJ,2022-12-01T14:40:48.397,1,H12/H32,Holo Rare,Psychic,80,Stage 1,"[2P] Spiral Aura (30)
<br>
If the Defending Pokémon isn't Knocked Out by the damage from this attack, you may choose 1 of your opponent's Benched Pokémon and switch the Defending Pokémon with it.",,P,1,110.0,185.65,261.29,190.65,,Holofoil,"<strong>Poké-POWER — Sleep Pendulum</strong>
<br>
Once during your turn <em>(before your attack)</em>, if Hypno is your active Pokémon, you may make the Defending Pokémon Asleep. This power can't be used if Hypno is affected by a Special Condition.",,
86249,Hypno,Hypno,https://tcgplayer-cdn.tcgplayer.com/product/86249_200w.jpg,3,1397,https://cpt.tcgcsv.com/_vJ,2022-12-01T14:41:21.35,1,016/147,Rare,Psychic,80,Stage 1,"[2P] Spiral Aura (30)
<br>
If the Defending Pokémon isn't Knocked Out by the damage from this attack, you may choose 1 of your opponent's Benched Pokémon and switch the Defending Pokémon with it.",,P,1,21.99,26.0,39.94,26.68,,Normal,"<strong>Poké-POWER — Sleep Pendulum</strong>
<br>
Once during your turn <em>(before your attack)</em>, if Hypno is your active Pokémon, you may make the Defending Pokémon Asleep. This power can't be used if Hypno is affected by a Special Condition.",,
86249,Hypno,Hypno,https://tcgplayer-cdn.tcgplayer.com/product/86249_200w.jpg,3,1397,https://cpt.tcgcsv.com/_vJ,2022-12-01T14:41:21.35,1,016/147,Rare,Psychic,80,Stage 1,"[2P] Spiral Aura (30)
<br>
If the Defending Pokémon isn't Knocked Out by the damage from this attack, you may choose 1 of your opponent's Benched Pokémon and switch the Defending Pokémon with it.",,P,1,37.0,44.71,4321.0,43.97,,Reverse Holofoil,"<strong>Poké-POWER — Sleep Pendulum</strong>
<br>
Once during your turn <em>(before your attack)</em>, if Hypno is your active Pokémon, you may make the Defending Pokémon Asleep. This power can't be used if Hypno is affected by a Special Condition.",,
86360,Juggler,Juggler,https://tcgplayer-cdn.tcgplayer.com/product/86360_200w.jpg,3,1397,https://cpt.tcgcsv.com/dzJ,2022-12-01T14:42:13.34,1,126/147,Uncommon,Supporter,,,,,,,0.7,0.97,5.0,1.22,,Normal,"You can play only one Supporter card each turn. When you play this card, put it next to your Active Pokémon. When your turn ends, discard this card.
<br>
Discard up to 2 basic Energy cards from your hand. If you discarded 1 basic Energy card, draw 3 cards. If you discarded 2 basic Energy cards, draw 5 cards.",,
86360,Juggler,Juggler,https://tcgplayer-cdn.tcgplayer.com/product/86360_200w.jpg,3,1397,https://cpt.tcgcsv.com/dzJ,2022-12-01T14:42:13.34,1,126/147,Uncommon,Supporter,,,,,,,10.49,11.24,11.99,10.28,,Reverse Holofoil,"You can play only one Supporter card each turn. When you play this card, put it next to your Active Pokémon. When your turn ends, discard this card.
<br>
Discard up to 2 basic Energy cards from your hand. If you discarded 1 basic Energy card, draw 3 cards. If you discarded 2 basic Energy cards, draw 5 cards.",,
86363,Jumpluff (H13),Jumpluff H13,https://tcgplayer-cdn.tcgplayer.com/product/86363_200w.jpg,3,1397,https://cpt.tcgcsv.com/hzJ,2022-12-01T14:45:45.853,1,H13/H32,Holo Rare,Grass,70,Stage 2,"[G] Cotton Punch (30x)
<br>Flip 2 coins. This attack does 30 damage times the number of heads.",,R,,89.65,98.84,149.99,89.65,,Holofoil,"<strong>Poké-BODY — Fluff</strong>
<br>
During your opponent's turn, if Jumpluff would be damaged or affected by an opponent's attack and it already has at least 1 damage counter on it, flip a coin. If heads, prevent all effects of that attack (including damage).",W-30,
86364,Jumpluff,Jumpluff,https://tcgplayer-cdn.tcgplayer.com/product/86364_200w.jpg,3,1397,https://cpt.tcgcsv.com/jzJ,2022-12-01T14:45:02.1,1,017/147,Rare,Grass,70,Stage 2,"[G] Cotton Punch (30x)
<br>Flip 2 coins. This attack does 30 damage times the number of heads.",,R,,18.94,20.5,4321.0,21.02,,Normal,"<strong>Poké-BODY — Fluff</strong>
<br>
During your opponent's turn, if Jumpluff would be damaged or affected by an opponent's attack and it already has at least 1 damage counter on it, flip a coin. If heads, prevent all effects of that attack (including damage).",W-30,
86364,Jumpluff,Jumpluff,https://tcgplayer-cdn.tcgplayer.com/product/86364_200w.jpg,3,1397,https://cpt.tcgcsv.com/jzJ,2022-12-01T14:45:02.1,1,017/147,Rare,Grass,70,Stage 2,"[G] Cotton Punch (30x)
<br>Flip 2 coins. This attack does 30 damage times the number of heads.",,R,,30.15,34.85,36.16,30.0,,Reverse Holofoil,"<strong>Poké-BODY — Fluff</strong>
<br>
During your opponent's turn, if Jumpluff would be damaged or affected by an opponent's attack and it already has at least 1 damage counter on it, flip a coin. If heads, prevent all effects of that attack (including damage).",W-30,
86370,Jynx,Jynx,https://tcgplayer-cdn.tcgplayer.com/product/86370_200w.jpg,3,1397,https://cpt.tcgcsv.com/qzJ,2022-12-01T14:47:28.107,1,018/147,Rare,Psychic,60,Basic,"[1P] Meditate (10+)
<br>This attack does 10 damage plus 10 more damage for each damage counter on the Defending Pokémon.","[2P] Confuse Ray (20)
<br>Flip a coin. If heads, the Defending Pokémon is now Confused.",P,2,11.0,20.4,4321.0,20.95,,Normal,,,
86370,Jynx,Jynx,https://tcgplayer-cdn.tcgplayer.com/product/86370_200w.jpg,3,1397,https://cpt.tcgcsv.com/qzJ,2022-12-01T14:47:28.107,1,018/147,Rare,Psychic,60,Basic,"[1P] Meditate (10+)
<br>This attack does 10 damage plus 10 more damage for each damage counter on the Defending Pokémon.","[2P] Confuse Ray (20)
<br>Flip a coin. If heads, the Defending Pokémon is now Confused.",P,2,27.77,43.89,60.0,27.03,,Reverse Holofoil,,,
86420,Kangaskhan,Kangaskhan,https://tcgplayer-cdn.tcgplayer.com/product/86420_200w.jpg,3,1397,https://cpt.tcgcsv.com/qBJ,2022-12-01T14:48:08.953,1,088/147,Common,Colorless,70,Basic,"[2] Baby Outing
<br>Look at the top 3 cards of your deck, and then choose 1 of those cards and put it into your hand. Shuffle the rest into your deck afterward.",[3] Mega Punch (30),F,2,5.79,7.49,10.57,7.31,,Normal,,,
86420,Kangaskhan,Kangaskhan,https://tcgplayer-cdn.tcgplayer.com/product/86420_200w.jpg,3,1397,https://cpt.tcgcsv.com/qBJ,2022-12-01T14:48:08.953,1,088/147,Common,Colorless,70,Basic,"[2] Baby Outing
<br>Look at the top 3 cards of your deck, and then choose 1 of those cards and put it into your hand. Shuffle the rest into your deck afterward.",[3] Mega Punch (30),F,2,70.0,70.0,70.0,26.87,,Reverse Holofoil,,,
86441,Kingdra (H14),Kingdra H14,https://tcgplayer-cdn.tcgplayer.com/product/86441_200w.jpg,3,1397,https://cpt.tcgcsv.com/RBJ,2025-03-27T20:11:32.017,1,H14/H32,Holo Rare,Water,120,Stage 2,"[2WW] Rapids (50)
<br>
Flip a coin. If heads, discard 1 Energy card attached to the Defending Pokémon, if any.",,L,3,150.0,474.06,798.12,178.7,,Holofoil,"<strong>Poké-POWER — Water Cyclone</strong>
<br>
As often as you like during your turn <em>(before your attack)</em>, you may move a Water Energy card from your Active Pokémon to 1 of your Benched Pokémon. This power can't be used if Kingdra is affected by a Special Condition.",,
86443,Kingdra (19),Kingdra 19,https://tcgplayer-cdn.tcgplayer.com/product/86443_200w.jpg,3,1397,https://cpt.tcgcsv.com/TBJ,2025-11-24T21:18:54.443,1,019/147,Rare,Water,120,Stage 2,"[2WW] Rapids (50)
<br>
Flip a coin. If heads, discard 1 Energy card attached to the Defending Pokémon, if any.",,L,3,11.99,18.0,24.95,8.52,,Normal,"<strong>Poké-POWER — Water Cyclone</strong>
<br>
As often as you like during your turn <em>(before your attack)</em>, you may move a Water Energy card from your Active Pokémon to 1 of your Benched Pokémon. This power can't be used if Kingdra is affected by a Special Condition.",,
86443,Kingdra (19),Kingdra 19,https://tcgplayer-cdn.tcgplayer.com/product/86443_200w.jpg,3,1397,https://cpt.tcgcsv.com/TBJ,2025-11-24T21:18:54.443,1,019/147,Rare,Water,120,Stage 2,"[2WW] Rapids (50)
<br>
Flip a coin. If heads, discard 1 Energy card attached to the Defending Pokémon, if any.",,L,3,24.99,27.98,28.9,33.97,,Reverse Holofoil,"<strong>Poké-POWER — Water Cyclone</strong>
<br>
As often as you like during your turn <em>(before your attack)</em>, you may move a Water Energy card from your Active Pokémon to 1 of your Benched Pokémon. This power can't be used if Kingdra is affected by a Special Condition.",,
86444,Kingdra (148),Kingdra 148,https://tcgplayer-cdn.tcgplayer.com/product/86444_200w.jpg,3,1397,https://cpt.tcgcsv.com/VBJ,2022-12-01T14:53:17.547,1,148/147,Secret Rare,Colorless,110,Stage 2,"[WWL] Aquabomb (40)
<br>Kingdra does 10 damage to itself. <em>(Don't apply Weakness or Resistance when Kingdra damages itself with this attack.)</em>","[1PPL] Dual Burn (60)
<br>Flip 2 coins. For each tails, discard 1 Energy card attached to Kingdra.",L,3,599.99,884.25,999.98,205.34,,Holofoil,"<strong>Poké-BODY — Crystal Type</strong>
<br>
Whenever you attach a Water,  Lightning, or Psychic basic Energy card from your hand to Kingdra, Kingdra's type (color) becomes the same as that Energy card type until the end of the turn.",,
86599,Lanturn (H15),Lanturn H15,https://tcgplayer-cdn.tcgplayer.com/product/86599_200w.jpg,3,1397,https://cpt.tcgcsv.com/_FJ,2023-06-30T12:46:16.483,1,H15/H32,Holo Rare,Lightning,80,Stage 1,"[2] Electric Tackle (20+)
<br>
This attack does 20 damage plus 10 more damage for each Lightning Energy attached to Lanturn. Flip a coin. If tails, Lanturn does 10 damage to itself for each Lightning Energy attached to it.",,G,1,63.49,69.25,75.0,98.0,,Holofoil,"<strong>Poké-POWER — Ion Coating</strong>
<br>
You may use this power once during each of your turns <em>(before your attack)</em>. All Lightning Energy attached to your Active Pokémon becomes Water Energy for the rest of your turn. (This effect ends if your Active Pokémon retreats or is returned to your hand.) This power can't be used if Lanturn is affected by a Special Condition.",,
86600,Lanturn (20),Lanturn 20,https://tcgplayer-cdn.tcgplayer.com/product/86600_200w.jpg,3,1397,https://cpt.tcgcsv.com/0GJ,2022-12-01T14:57:25.953,1,020/147,Rare,Water,80,Stage 1,[L] Lightning Ball (20),"[3] Conduction (30+)
<br>Discard all Lightning Energy cards attached to Lantern. Flip a number of coins equal to the number of Lightning Energy cards you discarded. This attack does 30 damage plus 40 more damage for each heads.",G,1,9.96,11.21,14.56,12.82,,Normal,,,
86600,Lanturn (20),Lanturn 20,https://tcgplayer-cdn.tcgplayer.com/product/86600_200w.jpg,3,1397,https://cpt.tcgcsv.com/0GJ,2022-12-01T14:57:25.953,1,020/147,Rare,Water,80,Stage 1,[L] Lightning Ball (20),"[3] Conduction (30+)
<br>Discard all Lightning Energy cards attached to Lantern. Flip a number of coins equal to the number of Lightning Energy cards you discarded. This attack does 30 damage plus 40 more damage for each heads.",G,1,27.31,39.34,60.0,44.07,,Reverse Holofoil,,,
86601,Lanturn (21),Lanturn 21,https://tcgplayer-cdn.tcgplayer.com/product/86601_200w.jpg,3,1397,https://cpt.tcgcsv.com/2GJ,2026-02-16T20:25:54.337,1,021/147,Rare,Lightning,80,Stage 1,"[2] Electric Tackle (20+)
<br>
This attack does 20 damage plus 10 more damage for each Lightning Energy attached to Lanturn. Flip a coin. If tails, Lanturn does 10 damage to itself for each Lightning Energy attached to it.",,F,1,24.99,35.0,45.0,19.38,,Normal,"<strong>Poké-POWER — Ion Coating</strong>
<br>
You may use this power once during each of your turns <em>(before your attack)</em>. All Lightning Energy attached to your Active Pokémon becomes Water Energy for the rest of the turn. (This effect ends if your Active Pokémon retreats or is returned to your hand.) This power can't be used if Lanturn is affected by a Special Condition.",,
86634,Larvitar,Larvitar,https://tcgplayer-cdn.tcgplayer.com/product/86634_200w.jpg,3,1397,https://cpt.tcgcsv.com/JGJ,2022-12-01T15:00:27.597,1,089/147,Common,Fighting,40,Basic,"[1] Mountain Eater
<br>
Your opponent discards the top card from his or her deck. Then you remove a damage counter from Larvitar.","[F] Rising Lunge (10+)
<br>Flip a coin. If heads, this attack does 10 damage plus 10 more damage.",W,1,3.98,5.0,6.34,4.31,,Normal,,,
86634,Larvitar,Larvitar,https://tcgplayer-cdn.tcgplayer.com/product/86634_200w.jpg,3,1397,https://cpt.tcgcsv.com/JGJ,2022-12-01T15:00:27.597,1,089/147,Common,Fighting,40,Basic,"[1] Mountain Eater
<br>
Your opponent discards the top card from his or her deck. Then you remove a damage counter from Larvitar.","[F] Rising Lunge (10+)
<br>Flip a coin. If heads, this attack does 10 damage plus 10 more damage.",W,1,8.0,20.0,54.99,28.99,,Reverse Holofoil,,,
86718,Lickitung,Lickitung,https://tcgplayer-cdn.tcgplayer.com/product/86718_200w.jpg,3,1397,https://cpt.tcgcsv.com/nJJ,2022-12-01T15:01:10.107,1,090/147,Common,Colorless,80,Basic,"[2] Long Tongue
<br>Choose 1 of your opponent's Pokémon in play. This attack does 10 damage to that Pokémon. Don't apply Weakness and Resistance.","[3] Body Slam (20)
<br>Flip a coin. If heads, the Defending Pokémon is now Paralyzed.",F,2,10.99,15.38,49.99,15.24,,Normal,,,
86718,Lickitung,Lickitung,https://tcgplayer-cdn.tcgplayer.com/product/86718_200w.jpg,3,1397,https://cpt.tcgcsv.com/nJJ,2022-12-01T15:01:10.107,1,090/147,Common,Colorless,80,Basic,"[2] Long Tongue
<br>Choose 1 of your opponent's Pokémon in play. This attack does 10 damage to that Pokémon. Don't apply Weakness and Resistance.","[3] Body Slam (20)
<br>Flip a coin. If heads, the Defending Pokémon is now Paralyzed.",F,2,84.99,99.97,109.08,49.99,,Reverse Holofoil,,,
86754,Lightning Cube 01,Lightning Cube 01,https://tcgplayer-cdn.tcgplayer.com/product/86754_200w.jpg,3,1397,https://cpt.tcgcsv.com/6KJ,2022-12-01T15:03:35.177,1,127/147,Uncommon,Technical Machine,,,"[L] Discharge (40x)
<br>
Discard all Lightning Energy cards attached to this Pokémon. Then, flip a number of coins equal to the number of Energy cards discarded that way. This attack does 40 damage times the number of heads.",,,,0.94,1.49,5.0,1.5,,Normal,"Attach this card to 1 of your Lightning Pokémon in play. That Pokémon may use this card's attach instead of its own. At the end of your turn, discard Lightning Cube 01.",,
86754,Lightning Cube 01,Lightning Cube 01,https://tcgplayer-cdn.tcgplayer.com/product/86754_200w.jpg,3,1397,https://cpt.tcgcsv.com/6KJ,2022-12-01T15:03:35.177,1,127/147,Uncommon,Technical Machine,,,"[L] Discharge (40x)
<br>
Discard all Lightning Energy cards attached to this Pokémon. Then, flip a number of coins equal to the number of Energy cards discarded that way. This attack does 40 damage times the number of heads.",,,,2.99,4.17,5.37,4.04,,Reverse Holofoil,"Attach this card to 1 of your Lightning Pokémon in play. That Pokémon may use this card's attach instead of its own. At the end of your turn, discard Lightning Cube 01.",,
86905,Lugia,Lugia,https://tcgplayer-cdn.tcgplayer.com/product/86905_200w.jpg,3,1397,https://cpt.tcgcsv.com/7NJ,2022-12-01T15:05:27.527,1,149/147,Secret Rare,Colorless,80,Basic,"[PR] Psychic (10x)
<br>
This attack does 10 damage times the number of Energy cards attached to the Defending Pokémon.","[1WWR] Steam Blast (50)
<br>Discard an Energy card attached to Lugia.",P,3,6500.0,6500.94,6501.88,2225.0,,Holofoil,"<strong>Poké-BODY — Crystal Type</strong>
<br>
Whenever you attach a Fire, Water, or Psychic basic Energy card from your hand to Lugia, Lugia's type (color) becomes the same as that Energy card type until the end of the turn.",,
87066,Magnemite (52),Magnemite 52,https://tcgplayer-cdn.tcgplayer.com/product/87066_200w.jpg,3,1397,https://cpt.tcgcsv.com/lRJ,2022-12-01T15:06:15.193,1,052/147,Uncommon,Metal,40,Basic,"[M] Attract
<br>
Choose 1 of your opponent's Benched Pokémon and switch the Defending Pokémon with it.",[2] Tackle (20),R,1,5.25,8.5,9.7,9.9,,Normal,,G-30,
87066,Magnemite (52),Magnemite 52,https://tcgplayer-cdn.tcgplayer.com/product/87066_200w.jpg,3,1397,https://cpt.tcgcsv.com/lRJ,2022-12-01T15:06:15.193,1,052/147,Uncommon,Metal,40,Basic,"[M] Attract
<br>
Choose 1 of your opponent's Benched Pokémon and switch the Defending Pokémon with it.",[2] Tackle (20),R,1,60.0,74.13,88.26,35.47,,Reverse Holofoil,,G-30,
87071,Magnemite (91),Magnemite 91,https://tcgplayer-cdn.tcgplayer.com/product/87071_200w.jpg,3,1397,https://cpt.tcgcsv.com/rRJ,2022-12-01T15:07:39.213,1,091/147,Common,Lightning,50,Basic,"[1L] Magnetic Bomb (20+)
<br>Flip a coin. If heads, this attack does 20 damage plus 10 more damage. If tails, Magnemite does 10 damage to itself.",,F,1,4.99,5.0,5.0,2.9,,Normal,"<strong>Poké-BODY — Conductive Body</strong>
<br>
You pay 1 Colorless less to retreat Magnemite for each Magnemite on your Bench.",,
87071,Magnemite (91),Magnemite 91,https://tcgplayer-cdn.tcgplayer.com/product/87071_200w.jpg,3,1397,https://cpt.tcgcsv.com/rRJ,2022-12-01T15:07:39.213,1,091/147,Common,Lightning,50,Basic,"[1L] Magnetic Bomb (20+)
<br>Flip a coin. If heads, this attack does 20 damage plus 10 more damage. If tails, Magnemite does 10 damage to itself.",,F,1,60.0,80.0,99.99,24.9,,Reverse Holofoil,"<strong>Poké-BODY — Conductive Body</strong>
<br>
You pay 1 Colorless less to retreat Magnemite for each Magnemite on your Bench.",,
87094,Magneton (H16),Magneton H16,https://tcgplayer-cdn.tcgplayer.com/product/87094_200w.jpg,3,1397,https://cpt.tcgcsv.com/VRJ,2022-12-01T15:10:12.69,1,H16/H32,Holo Rare,Metal,70,Stage 1,"[3] Steel Wave (30)
<br>
This attack does 10 damage to each of your opponent's Benched Pokémon that are the same type (color) as the Defending Pokémon. <em>(Don't apply Weakness and Resistance for Benched Pokémon.)</em>",,R,2,83.98,99.99,120.0,74.97,79.99,Holofoil,"<strong>Poké-POWER — Magnetic Flow</strong>
<br>
Once during your turn <em>(before your attack)</em>, if Magneton is your Active Pokémon, you may flip a coin. If heads, choose 2 of your opponent's Pokémon that have Energy cards attached to them. Choose 1 of the Energy cards attached to each of those Pokémon and switch them between the Pokémon. This power can't be used if Magneton is affected by a Special Condition.",G-30,
87097,Magneton,Magneton,https://tcgplayer-cdn.tcgplayer.com/product/87097_200w.jpg,3,1397,https://cpt.tcgcsv.com/ZRJ,2022-12-01T15:10:49.64,1,022/147,Rare,Metal,70,Stage 1,"[3] Steel Wave (30)
<br>
This attack does 10 damage to each of your opponent's Benched Pokémon that are the same type (color) as the Defending Pokémon. <em>(Don't apply Weakness and Resistance for Benched Pokémon.)</em>",,R,2,5.43,9.0,18.0,13.07,,Normal,"<strong>Poké-POWER — Magnetic Flow</strong>
<br>
Once during your turn <em>(before your attack)</em>, if Magneton is your Active Pokémon, you may flip a coin. If heads, choose 2 of your opponent's Pokémon that have Energy cards attached to them. Choose 1 of the Energy cards attached to each of those Pokémon and switch them between the Pokémon. This power can't be used if Magneton is affected by a Special Condition.",G-30,
87097,Magneton,Magneton,https://tcgplayer-cdn.tcgplayer.com/product/87097_200w.jpg,3,1397,https://cpt.tcgcsv.com/ZRJ,2022-12-01T15:10:49.64,1,022/147,Rare,Metal,70,Stage 1,"[3] Steel Wave (30)
<br>
This attack does 10 damage to each of your opponent's Benched Pokémon that are the same type (color) as the Defending Pokémon. <em>(Don't apply Weakness and Resistance for Benched Pokémon.)</em>",,R,2,30.0,33.5,34.8,29.0,,Reverse Holofoil,"<strong>Poké-POWER — Magnetic Flow</strong>
<br>
Once during your turn <em>(before your attack)</em>, if Magneton is your Active Pokémon, you may flip a coin. If heads, choose 2 of your opponent's Pokémon that have Energy cards attached to them. Choose 1 of the Energy cards attached to each of those Pokémon and switch them between the Pokémon. This power can't be used if Magneton is affected by a Special Condition.",G-30,
87172,Mankey,Mankey,https://tcgplayer-cdn.tcgplayer.com/product/87172_200w.jpg,3,1397,https://cpt.tcgcsv.com/sTJ,2022-12-01T15:11:51.85,1,092/147,Common,Fighting,40,Basic,"[F] Mug (10)
<br>Before doing damage, discard all Trainer cards attached to the Defending Pokémon.","[2] Rage (10+)
<br>
This attack does 10 damage plus 10 more damage for each damage counter on Mankey.",P,1,7.14,12.2,16.0,10.74,,Normal,,,
87172,Mankey,Mankey,https://tcgplayer-cdn.tcgplayer.com/product/87172_200w.jpg,3,1397,https://cpt.tcgcsv.com/sTJ,2022-12-01T15:11:51.85,1,092/147,Common,Fighting,40,Basic,"[F] Mug (10)
<br>Before doing damage, discard all Trainer cards attached to the Defending Pokémon.","[2] Rage (10+)
<br>
This attack does 10 damage plus 10 more damage for each damage counter on Mankey.",P,1,101.64,101.64,101.64,27.5,,Reverse Holofoil,,,
87195,Mareep,Mareep,https://tcgplayer-cdn.tcgplayer.com/product/87195_200w.jpg,3,1397,https://cpt.tcgcsv.com/WTJ,2022-12-01T15:12:26.887,1,093/147,Common,Lightning,40,Basic,"[1] Charge
<br>Attach 1 Lightning Energy card from your discard pile to Mareep.",[1L] Tail Slap (20),F,1,3.86,5.46,9.99,3.9,,Normal,,,
87195,Mareep,Mareep,https://tcgplayer-cdn.tcgplayer.com/product/87195_200w.jpg,3,1397,https://cpt.tcgcsv.com/WTJ,2022-12-01T15:12:26.887,1,093/147,Common,Lightning,40,Basic,"[1] Charge
<br>Attach 1 Lightning Energy card from your discard pile to Mareep.",[1L] Tail Slap (20),F,1,29.99,29.99,29.99,18.28,,Reverse Holofoil,,,
87212,Marill,Marill,https://tcgplayer-cdn.tcgplayer.com/product/87212_200w.jpg,3,1397,https://cpt.tcgcsv.com/gVJ,2022-12-01T15:12:57.563,1,053/147,Uncommon,Water,50,Basic,[1] Headbutt (10),"[1W] Sleepy Ball (10)
<br>The Defending Pokémon is now Asleep.",L,1,17.77,20.51,99.99,18.13,,Normal,,,
87212,Marill,Marill,https://tcgplayer-cdn.tcgplayer.com/product/87212_200w.jpg,3,1397,https://cpt.tcgcsv.com/gVJ,2022-12-01T15:12:57.563,1,053/147,Uncommon,Water,50,Basic,[1] Headbutt (10),"[1W] Sleepy Ball (10)
<br>The Defending Pokémon is now Asleep.",L,1,31.99,36.52,41.04,22.0,,Reverse Holofoil,,,
87225,Marowak,Marowak,https://tcgplayer-cdn.tcgplayer.com/product/87225_200w.jpg,3,1397,https://cpt.tcgcsv.com/wVJ,2022-12-01T15:13:50.683,1,054/147,Uncommon,Fighting,70,Stage 1,"[2] Triple Bone
<br>
Choose 1 of your opponent's Benched Pokémon. Flip 3 coins. This attack does 10 damage times the number of heads to that Pokémon. Don't apply Weakness and Resistance.","[2F] Bone Rush (50x)
<br>Flip a coin until you get tails. This attack does 50 damage times the number of heads.",G,1,4.43,4.72,20.79,7.67,,Normal,,L-30,
87225,Marowak,Marowak,https://tcgplayer-cdn.tcgplayer.com/product/87225_200w.jpg,3,1397,https://cpt.tcgcsv.com/wVJ,2022-12-01T15:13:50.683,1,054/147,Uncommon,Fighting,70,Stage 1,"[2] Triple Bone
<br>
Choose 1 of your opponent's Benched Pokémon. Flip 3 coins. This attack does 10 damage times the number of heads to that Pokémon. Don't apply Weakness and Resistance.","[2F] Bone Rush (50x)
<br>Flip a coin until you get tails. This attack does 50 damage times the number of heads.",G,1,35.0,35.75,36.49,35.73,,Reverse Holofoil,,L-30,
87307,Memory Berry,Memory Berry,https://tcgplayer-cdn.tcgplayer.com/product/87307_200w.jpg,3,1397,https://cpt.tcgcsv.com/9XJ,2022-12-01T15:15:05.97,1,128/147,Uncommon,Tool,,,,,,,1.5,1.95,5.0,1.97,,Normal,"Attach Memory Berry to 1 of your Pokémon that doesn't have a Pokémon Tool attached to it. If that Pokémon is Knocked Out, discard this card.
<br>
The Pokémon this card is attached to can use any attack from its Basic Pokémon card or any Evolution card from which the Pokémon evolved. (You still have to pay for that attack's Energy cost.) Discard this card at the end of any turn the Pokémon attacks.",,
87307,Memory Berry,Memory Berry,https://tcgplayer-cdn.tcgplayer.com/product/87307_200w.jpg,3,1397,https://cpt.tcgcsv.com/9XJ,2022-12-01T15:15:05.97,1,128/147,Uncommon,Tool,,,,,,,4.26,6.5,9.99,7.44,,Reverse Holofoil,"Attach Memory Berry to 1 of your Pokémon that doesn't have a Pokémon Tool attached to it. If that Pokémon is Knocked Out, discard this card.
<br>
The Pokémon this card is attached to can use any attack from its Basic Pokémon card or any Evolution card from which the Pokémon evolved. (You still have to pay for that attack's Energy cost.) Discard this card at the end of any turn the Pokémon attacks.",,
87348,Metal Cube 01,Metal Cube 01,https://tcgplayer-cdn.tcgplayer.com/product/87348_200w.jpg,3,1397,https://cpt.tcgcsv.com/-XJ,2022-12-01T15:16:07.667,1,129/147,Uncommon,Technical Machine,,,"[M] Metal Reversal (10)
<br>Before doing damage, you may choose 1 of your opponent's Benched Pokémon and switch it with the Defending Pokémon.",,,,0.99,1.64,5.0,1.43,,Normal,"Attach this card to 1 of your Metal Pokémon in play. That Pokémon may use this card's attack instead of its own. At the end of your turn, discard Metal Cube 01.",,
87348,Metal Cube 01,Metal Cube 01,https://tcgplayer-cdn.tcgplayer.com/product/87348_200w.jpg,3,1397,https://cpt.tcgcsv.com/-XJ,2022-12-01T15:16:07.667,1,129/147,Uncommon,Technical Machine,,,"[M] Metal Reversal (10)
<br>Before doing damage, you may choose 1 of your opponent's Benched Pokémon and switch it with the Defending Pokémon.",,,,2.0,3.79,5.99,5.0,,Reverse Holofoil,"Attach this card to 1 of your Metal Pokémon in play. That Pokémon may use this card's attack instead of its own. At the end of your turn, discard Metal Cube 01.",,
87369,Metal Energy,Metal Energy,https://tcgplayer-cdn.tcgplayer.com/product/87369_200w.jpg,3,1397,https://cpt.tcgcsv.com/pZJ,2022-12-01T15:17:40.007,1,143/147,Rare,Special Energy,,,,,,,7.85,15.3,18.0,7.48,,Normal,"Damage done to the Pokémon Metal Energy is attached to is reduced by 10 <em>(after applying Weakness and Resistance)</em>. If the Pokémon Metal Energy is attached to isn't Metal, whenever it damages a Pokémon, reduce that damage by 10 <em>(before applying Weakness and Resistance)</em>.
<br>
Metal Energy provides Metal Energy. <em>(Doesn't count as a basic Energy card.)</em>",,
87369,Metal Energy,Metal Energy,https://tcgplayer-cdn.tcgplayer.com/product/87369_200w.jpg,3,1397,https://cpt.tcgcsv.com/pZJ,2022-12-01T15:17:40.007,1,143/147,Rare,Special Energy,,,,,,,7.0,12.11,25.0,15.85,,Reverse Holofoil,"Damage done to the Pokémon Metal Energy is attached to is reduced by 10 <em>(after applying Weakness and Resistance)</em>. If the Pokémon Metal Energy is attached to isn't Metal, whenever it damages a Pokémon, reduce that damage by 10 <em>(before applying Weakness and Resistance)</em>.
<br>
Metal Energy provides Metal Energy. <em>(Doesn't count as a basic Energy card.)</em>",,
87462,Miltank,Miltank,https://tcgplayer-cdn.tcgplayer.com/product/87462_200w.jpg,3,1397,https://cpt.tcgcsv.com/g_J,2022-12-01T15:19:32.273,1,094/147,Common,Colorless,60,Basic,[2] Tackle (20),"[2] Continuous Tumble (20x)
<br>Flip a coin until you get tails. This attack does 20 damage times the number of heads.",F,1,2.14,4.49,10.0,4.32,,Normal,,,
87462,Miltank,Miltank,https://tcgplayer-cdn.tcgplayer.com/product/87462_200w.jpg,3,1397,https://cpt.tcgcsv.com/g_J,2022-12-01T15:19:32.273,1,094/147,Common,Colorless,60,Basic,[2] Tackle (20),"[2] Continuous Tumble (20x)
<br>Flip a coin until you get tails. This attack does 20 damage times the number of heads.",F,1,35.0,79.95,79.99,74.99,,Reverse Holofoil,,,
87590,Mr. Mime (95a),Mr Mime 95a,https://tcgplayer-cdn.tcgplayer.com/product/87590_200w.jpg,3,1397,https://cpt.tcgcsv.com/Q2K,2022-12-01T15:20:46.493,1,095a/147,Common,Psychic,50,Basic,"[1P] Mind Shock (20)
<br>Don't apply Weakness and Resistance.",,P,1,3.44,5.0,4321.0,3.98,,Normal,"<strong>Poké-BODY — Energy Barrier</strong>
<br>
If Mr. Mime would be damaged by an attack, reduce that damage by 10 for each basic Energy card attached to Mr. Mime. The maximum amount of damage that can be reduced by Energy Barrier is 20.",,
87590,Mr. Mime (95a),Mr Mime 95a,https://tcgplayer-cdn.tcgplayer.com/product/87590_200w.jpg,3,1397,https://cpt.tcgcsv.com/Q2K,2022-12-01T15:20:46.493,1,095a/147,Common,Psychic,50,Basic,"[1P] Mind Shock (20)
<br>Don't apply Weakness and Resistance.",,P,1,200.0,200.0,200.0,22.49,,Reverse Holofoil,"<strong>Poké-BODY — Energy Barrier</strong>
<br>
If Mr. Mime would be damaged by an attack, reduce that damage by 10 for each basic Energy card attached to Mr. Mime. The maximum amount of damage that can be reduced by Energy Barrier is 20.",,
87591,Mr. Mime (95b),Mr Mime 95b,https://tcgplayer-cdn.tcgplayer.com/product/87591_200w.jpg,3,1397,https://cpt.tcgcsv.com/R2K,2022-12-01T15:21:14.69,1,095b/147,Common,Psychic,50,Basic,"[1P] Mind Shock (20)
<br>Don't apply Weakness and Resistance.",,P,1,2.85,4.5,4.99,3.9,,Normal,"<strong>Poké-BODY — Energy Barrier</strong>
<br>
If Mr. Mime would be damaged by an attack, reduce that damage by 10 for each basic Energy card attached to Mr. Mime. The maximum amount of damage that can be reduced by Energy Barrier is 20.",,
87591,Mr. Mime (95b),Mr Mime 95b,https://tcgplayer-cdn.tcgplayer.com/product/87591_200w.jpg,3,1397,https://cpt.tcgcsv.com/R2K,2022-12-01T15:21:14.69,1,095b/147,Common,Psychic,50,Basic,"[1P] Mind Shock (20)
<br>Don't apply Weakness and Resistance.",,P,1,49.98,247.49,444.99,44.0,,Reverse Holofoil,"<strong>Poké-BODY — Energy Barrier</strong>
<br>
If Mr. Mime would be damaged by an attack, reduce that damage by 10 for each basic Energy card attached to Mr. Mime. The maximum amount of damage that can be reduced by Energy Barrier is 20.",,
87619,Muk (H17),Muk H17,https://tcgplayer-cdn.tcgplayer.com/product/87619_200w.jpg,3,1397,https://cpt.tcgcsv.com/p3K,2022-12-01T15:24:58.617,1,H17/H32,Holo Rare,Grass,70,Stage 1,"[2] Burning Sludge (10)
<br>
Flip a number of coins equal to the amount of Grass Energy attached to Muk. If any of them are heads, the Defending Pokémon is now Poisoned and Burned.",,P,1,138.75,199.99,284.99,270.0,,Holofoil,"<strong>Poké-BODY — Heavyweight</strong>
<br>
As long as there is a Grass Energy attached to Muk, you must pay an additional 2 Colorless to retreat it.",,
87620,Muk,Muk,https://tcgplayer-cdn.tcgplayer.com/product/87620_200w.jpg,3,1397,https://cpt.tcgcsv.com/q3K,2022-12-01T15:26:09.927,1,023/147,Rare,Grass,70,Stage 1,"[2] Burning Sludge (10)
<br>
Flip a number of coins equal to the amount of Grass Energy attached to Muk. If any of them are heads, the Defending Pokémon is now Poisoned and Burned.",,P,1,20.0,2170.5,4321.0,13.54,,Normal,"<strong>Poké-BODY — Heavyweight</strong>
<br>
As long as there is a Grass Energy attached to Muk, you must pay an additional 2 Colorless to retreat it.",,
87620,Muk,Muk,https://tcgplayer-cdn.tcgplayer.com/product/87620_200w.jpg,3,1397,https://cpt.tcgcsv.com/q3K,2022-12-01T15:26:09.927,1,023/147,Rare,Grass,70,Stage 1,"[2] Burning Sludge (10)
<br>
Flip a number of coins equal to the amount of Grass Energy attached to Muk. If any of them are heads, the Defending Pokémon is now Poisoned and Burned.",,P,1,32.11,32.11,35.0,31.06,,Reverse Holofoil,"<strong>Poké-BODY — Heavyweight</strong>
<br>
As long as there is a Grass Energy attached to Muk, you must pay an additional 2 Colorless to retreat it.",,
87692,Nidoking (H18),Nidoking H18,https://tcgplayer-cdn.tcgplayer.com/product/87692_200w.jpg,3,1397,https://cpt.tcgcsv.com/S5K,2022-12-01T15:29:22.297,1,H18/H32,Holo Rare,Fighting,110,Stage 2,"[2FF] Giant Horn (50+)
<br>Flip a coin. If heads, this attack does 50 damage plus 30 more damage.",,G,3,170.0,185.34,229.99,125.13,,Holofoil,"<strong>Poké-POWER — Earth Rage</strong>
<br>
Once during your turn <em>(before your attack)</em>, if Nidoking is your Active Pokémon, you may flip a coin. If heads, put a damage counter on each of your opponent's Benched Pokémon. This power can't be used if Nidoking is affected by a Special Condition.",L-30,
87693,Nidoking (24),Nidoking 24,https://tcgplayer-cdn.tcgplayer.com/product/87693_200w.jpg,3,1397,https://cpt.tcgcsv.com/T5K,2022-12-01T15:30:03.967,1,024/147,Rare,Fighting,110,Stage 2,"[2FF] Giant Horn (50+)
<br>Flip a coin. If heads, this attack does 50 damage plus 30 more damage.",,G,3,7.77,9.97,20.0,12.29,,Normal,"<strong>Poké-POWER — Earth Rage</strong>
<br>
Once during your turn <em>(before your attack)</em>, if Nidoking is your Active Pokémon, you may flip a coin. If heads, put a damage counter on each of your opponent's Benched Pokémon. This power can't be used if Nidoking is affected by a Special Condition.",L-30,
87693,Nidoking (24),Nidoking 24,https://tcgplayer-cdn.tcgplayer.com/product/87693_200w.jpg,3,1397,https://cpt.tcgcsv.com/T5K,2022-12-01T15:30:03.967,1,024/147,Rare,Fighting,110,Stage 2,"[2FF] Giant Horn (50+)
<br>Flip a coin. If heads, this attack does 50 damage plus 30 more damage.",,G,3,41.99,42.5,149.99,69.0,,Reverse Holofoil,"<strong>Poké-POWER — Earth Rage</strong>
<br>
Once during your turn <em>(before your attack)</em>, if Nidoking is your Active Pokémon, you may flip a coin. If heads, put a damage counter on each of your opponent's Benched Pokémon. This power can't be used if Nidoking is affected by a Special Condition.",L-30,
87695,Nidoking (150),Nidoking 150,https://tcgplayer-cdn.tcgplayer.com/product/87695_200w.jpg,3,1397,https://cpt.tcgcsv.com/W5K,2022-12-01T15:33:47.3,1,150/147,Secret Rare,Colorless,100,Stage 2,"[1GG] Poison Horn (20)
<br>The Defending Pokémon is now Poisoned.","[LLFF] Rolling Thunder (50)
<br>Flip a coin. If heads, this attack does 10 damage to each of your opponent's Benched Pokémon. If tails, this attack does 10 damage to each of your Benched Pokémon. <em>(Don't apply Weakness and Resistance for Benched Pokémon.)</em>",G,3,,,,,,,"<strong>Poké-BODY — Crystal Type</strong>
<br>
Whenever you attach a Grass, Lightning, or Fire basic Energy card from your hand to Nidoking, Nidoking's type (color) becomes the same as that Energy card type until the end of the turn.",,
87725,Nidoran M,Nidoran M,https://tcgplayer-cdn.tcgplayer.com/product/87725_200w.jpg,3,1397,https://cpt.tcgcsv.com/w6K,2022-12-01T15:36:07.467,1,096/147,Common,Grass,50,Basic,"[G] Poison Horn
<br>Flip a coin. If heads, the Defending Pokémon is now Poisoned.",[2] Scratch (20),P,1,3.54,5.13,8.0,7.9,,Normal,,,
87742,Nidorino,Nidorino,https://tcgplayer-cdn.tcgplayer.com/product/87742_200w.jpg,3,1397,https://cpt.tcgcsv.com/S6K,2022-12-01T15:36:38.903,1,055/147,Uncommon,Grass,70,Stage 1,"[G] Poison Horn (10)
<br>Flip a coin. If heads, the Defending Pokémon is now Poisoned.","[3] Take Down (40)
<br>Nidorino does 10 damage to itself.",P,1,2.99,3.98,10.0,3.88,,Normal,,,
87742,Nidorino,Nidorino,https://tcgplayer-cdn.tcgplayer.com/product/87742_200w.jpg,3,1397,https://cpt.tcgcsv.com/S6K,2022-12-01T15:36:38.903,1,055/147,Uncommon,Grass,70,Stage 1,"[G] Poison Horn (10)
<br>Flip a coin. If heads, the Defending Pokémon is now Poisoned.","[3] Take Down (40)
<br>Nidorino does 10 damage to itself.",P,1,34.99,48.0,69.33,47.11,,Reverse Holofoil,,,
87767,Ninetales (H19),Ninetales H19,https://tcgplayer-cdn.tcgplayer.com/product/87767_200w.jpg,3,1397,https://cpt.tcgcsv.com/m7K,2025-11-11T05:22:44.903,1,H19/H32,Holo Rare,Fire,80,Stage 1,"[R] Miracle Tail (10)
<br>Flip a coin. If heads, choose a Special Condition <em>(Asleep, Burned, Confused, Paralyzed, or Poisoned)</em>. The Defending Pokémon is now affected by that Special Condition.","[2R] Roasting Heat (40+)
<br>If the Defending Pokémon is Burned, this attack does 40 damage plus 20 more damage.",W,1,260.0,330.0,399.99,225.0,,Holofoil,,,
87768,Ninetales,Ninetales,https://tcgplayer-cdn.tcgplayer.com/product/87768_200w.jpg,3,1397,https://cpt.tcgcsv.com/n7K,2023-06-04T10:08:41.88,1,025/147,Rare,Fire,80,Stage 1,"[R] Miracle Tail (10)
<br>Flip a coin. If heads, choose a Special Condition <em>(Asleep, Burned, Confused, Paralyzed, or Poisoned)</em>. The Defending Pokémon is now affected by that Special Condition.","[2R] Roasting Heat (40+)
<br>If the Defending Pokémon is Burned, this attack does 40 damage plus 20 more damage.",W,1,15.0,19.81,72.09,23.83,,Normal,,,
87768,Ninetales,Ninetales,https://tcgplayer-cdn.tcgplayer.com/product/87768_200w.jpg,3,1397,https://cpt.tcgcsv.com/n7K,2023-06-04T10:08:41.88,1,025/147,Rare,Fire,80,Stage 1,"[R] Miracle Tail (10)
<br>Flip a coin. If heads, choose a Special Condition <em>(Asleep, Burned, Confused, Paralyzed, or Poisoned)</em>. The Defending Pokémon is now affected by that Special Condition.","[2R] Roasting Heat (40+)
<br>If the Defending Pokémon is Burned, this attack does 40 damage plus 20 more damage.",W,1,19.41,29.7,39.99,34.37,,Reverse Holofoil,,,
87828,Octillery (H20),Octillery H20,https://tcgplayer-cdn.tcgplayer.com/product/87828_200w.jpg,3,1397,https://cpt.tcgcsv.com/B8K,2022-12-01T15:43:13.847,1,H20/H32,Holo Rare,Water,80,Stage 1,"[2W] Smokescreen (40)
<br>If the Defending Pokémon tries to attack during your opponent's next turn, your opponent flips a coin. If tails, that attack does nothing.",,L,2,50.0,59.99,76.59,72.94,,Holofoil,"<strong>Poké-BODY — Suction Cups</strong>
<br>
As long as Octillery is your Active Pokémon, whenever the Defending Pokémon retreats, discard all Energy cards attached to the Defending Pokémon when it goes to the Bench.",,
87829,Octillery,Octillery,https://tcgplayer-cdn.tcgplayer.com/product/87829_200w.jpg,3,1397,https://cpt.tcgcsv.com/C8K,2022-12-01T15:43:44.61,1,026/147,Rare,Water,80,Stage 1,"[2W] Smokescreen (40)
<br>If the Defending Pokémon tries to attack during your opponent's next turn, your opponent flips a coin. If tails, that attack does nothing.",,L,2,6.16,8.48,10.0,7.93,,Normal,"<strong>Poké-BODY — Suction Cups</strong>
<br>
As long as Octillery is your Active Pokémon, whenever the Defending Pokémon retreats, discard all Energy cards attached to the Defending Pokémon when it goes to the Bench.",,
87829,Octillery,Octillery,https://tcgplayer-cdn.tcgplayer.com/product/87829_200w.jpg,3,1397,https://cpt.tcgcsv.com/C8K,2022-12-01T15:43:44.61,1,026/147,Rare,Water,80,Stage 1,"[2W] Smokescreen (40)
<br>If the Defending Pokémon tries to attack during your opponent's next turn, your opponent flips a coin. If tails, that attack does nothing.",,L,2,46.0,48.98,59.99,40.84,,Reverse Holofoil,"<strong>Poké-BODY — Suction Cups</strong>
<br>
As long as Octillery is your Active Pokémon, whenever the Defending Pokémon retreats, discard all Energy cards attached to the Defending Pokémon when it goes to the Bench.",,
87839,Oddish,Oddish,https://tcgplayer-cdn.tcgplayer.com/product/87839_200w.jpg,3,1397,https://cpt.tcgcsv.com/P8K,2022-12-01T15:44:24.07,1,097/147,Common,Grass,50,Basic,"[G] Stun Spore
<br>Flip a coin. If heads, the Defending Pokémon is now Paralyzed.",[2] Ram (20),R,1,10.36,13.46,101.48,8.35,,Normal,,,
87839,Oddish,Oddish,https://tcgplayer-cdn.tcgplayer.com/product/87839_200w.jpg,3,1397,https://cpt.tcgcsv.com/P8K,2022-12-01T15:44:24.07,1,097/147,Common,Grass,50,Basic,"[G] Stun Spore
<br>Flip a coin. If heads, the Defending Pokémon is now Paralyzed.",[2] Ram (20),R,1,28.88,28.88,28.88,32.49,,Reverse Holofoil,,,
87878,Onix,Onix,https://tcgplayer-cdn.tcgplayer.com/product/87878_200w.jpg,3,1397,https://cpt.tcgcsv.com/B9K,2022-12-01T15:45:33.293,1,098/147,Common,Fighting,60,Basic,"[1F] Crush (20x)
<br>
Flip a number of coins equal to the amount of Energy attached to Onix. This attack does 20 damage times the number of heads.",,W,2,1.99,3.99,4321.0,4.47,,Normal,,,
87878,Onix,Onix,https://tcgplayer-cdn.tcgplayer.com/product/87878_200w.jpg,3,1397,https://cpt.tcgcsv.com/B9K,2022-12-01T15:45:33.293,1,098/147,Common,Fighting,60,Basic,"[1F] Crush (20x)
<br>
Flip a number of coins equal to the amount of Energy attached to Onix. This attack does 20 damage times the number of heads.",,W,2,64.99,64.99,64.99,65.0,,Reverse Holofoil,,,
87949,Paras,Paras,https://tcgplayer-cdn.tcgplayer.com/product/87949_200w.jpg,3,1397,https://cpt.tcgcsv.com/_bK,2022-12-01T15:49:25.01,1,099/147,Common,Grass,50,Basic,"[1] Spore
<br>The Defending Pokémon is now Asleep.","[1G] Spore Evolution
<br>Search your deck for a card that evolves from Paras. Attach it to Paras. This counts as evolving Paras. Shuffle your deck afterward.",R,1,1.56,2.03,2.5,3.45,,Normal,,,
87949,Paras,Paras,https://tcgplayer-cdn.tcgplayer.com/product/87949_200w.jpg,3,1397,https://cpt.tcgcsv.com/_bK,2022-12-01T15:49:25.01,1,099/147,Common,Grass,50,Basic,"[1] Spore
<br>The Defending Pokémon is now Asleep.","[1G] Spore Evolution
<br>Search your deck for a card that evolves from Paras. Attach it to Paras. This counts as evolving Paras. Shuffle your deck afterward.",R,1,29.97,37.5,40.0,21.16,,Reverse Holofoil,,,
87954,Parasect,Parasect,https://tcgplayer-cdn.tcgplayer.com/product/87954_200w.jpg,3,1397,https://cpt.tcgcsv.com/6cK,2022-12-01T15:50:29.38,1,027/147,Rare,Grass,70,Stage 1,"[G] Sleep Inducer
<br>
Choose 1 of your opponent's Benched Pokémon and switch the Defending Pokémon with it. The new Defending Pokémon is now Asleep.","[2] Rupture Pollen (20)
<br>Flip a coin. If heads, the Defending Pokémon is now Asleep. If tails, remove 2 damage counters from Parasect.",R,1,9.06,12.28,19.95,9.37,,Normal,,,
87954,Parasect,Parasect,https://tcgplayer-cdn.tcgplayer.com/product/87954_200w.jpg,3,1397,https://cpt.tcgcsv.com/6cK,2022-12-01T15:50:29.38,1,027/147,Rare,Grass,70,Stage 1,"[G] Sleep Inducer
<br>
Choose 1 of your opponent's Benched Pokémon and switch the Defending Pokémon with it. The new Defending Pokémon is now Asleep.","[2] Rupture Pollen (20)
<br>Flip a coin. If heads, the Defending Pokémon is now Asleep. If tails, remove 2 damage counters from Parasect.",R,1,17.99,18.34,18.68,28.63,,Reverse Holofoil,,,
87998,Phanpy,Phanpy,https://tcgplayer-cdn.tcgplayer.com/product/87998_200w.jpg,3,1397,https://cpt.tcgcsv.com/-cK,2022-12-01T15:51:21.72,1,100/147,Common,Fighting,40,Basic,"[1] Flail (10x)
<br>Does 10 damage times the number of damage counters on Phanpy.",[1F] Rollout (20),G,1,10.0,16.79,20.0,8.0,,Normal,,L-30,
88134,Pinsir,Pinsir,https://tcgplayer-cdn.tcgplayer.com/product/88134_200w.jpg,3,1397,https://cpt.tcgcsv.com/JgK,2022-12-01T15:53:08.543,1,101/147,Common,Grass,60,Basic,"[2] Horn Grab (20)
<br>Flip a coin. If heads, the Defending Pokémon is now Poisoned. If tails, this attack does nothing.","[1GG] Super Slice (90)
<br>Flip 2 coins. If either of them is tails, this attack does nothing.",R,1,2.56,11.99,29.97,3.51,,Normal,,,
88134,Pinsir,Pinsir,https://tcgplayer-cdn.tcgplayer.com/product/88134_200w.jpg,3,1397,https://cpt.tcgcsv.com/JgK,2022-12-01T15:53:08.543,1,101/147,Common,Grass,60,Basic,"[2] Horn Grab (20)
<br>Flip a coin. If heads, the Defending Pokémon is now Poisoned. If tails, this attack does nothing.","[1GG] Super Slice (90)
<br>Flip 2 coins. If either of them is tails, this attack does nothing.",R,1,39.99,57.31,60.0,48.84,,Reverse Holofoil,,,
88225,Pokemon Fan Club,Pokemon Fan Club,https://tcgplayer-cdn.tcgplayer.com/product/88225_200w.jpg,3,1397,https://cpt.tcgcsv.com/wjK,2022-12-01T15:57:26.643,1,130/147,Uncommon,Supporter,,,,,,,2.5,8.48,9.99,5.92,,Normal,"You can play only one Supporter card each turn. When you play this card, put it next to your Active Pokémon. When your turn ends, discard this card.
<br>
Search your deck for up to 2 Baby Pokémon and/or Basic Pokémon cards and put them onto your Bench. Shuffle your deck afterward.",,
88225,Pokemon Fan Club,Pokemon Fan Club,https://tcgplayer-cdn.tcgplayer.com/product/88225_200w.jpg,3,1397,https://cpt.tcgcsv.com/wjK,2022-12-01T15:57:26.643,1,130/147,Uncommon,Supporter,,,,,,,14.98,14.98,14.98,17.98,,Reverse Holofoil,"You can play only one Supporter card each turn. When you play this card, put it next to your Active Pokémon. When your turn ends, discard this card.
<br>
Search your deck for up to 2 Baby Pokémon and/or Basic Pokémon cards and put them onto your Bench. Shuffle your deck afterward.",,
88230,Pokemon Park,Pokemon Park,https://tcgplayer-cdn.tcgplayer.com/product/88230_200w.jpg,3,1397,https://cpt.tcgcsv.com/DjK,2022-12-01T15:58:26.457,1,131/147,Uncommon,Stadium,,,,,,,5.57,24.14,68.46,4.68,,Normal,"This card stays in play when you play it. Discard this card if another Stadium card comes into play.
<br>
Once during each of his or her turns, whenever a player attaches an Energy card from his or her hand to 1 of his or her Benched Pokémon, he or she removes 1 damage counter, if any, from that Pokémon.",,
88230,Pokemon Park,Pokemon Park,https://tcgplayer-cdn.tcgplayer.com/product/88230_200w.jpg,3,1397,https://cpt.tcgcsv.com/DjK,2022-12-01T15:58:26.457,1,131/147,Uncommon,Stadium,,,,,,,55.99,55.99,69.99,60.0,,Reverse Holofoil,"This card stays in play when you play it. Discard this card if another Stadium card comes into play.
<br>
Once during each of his or her turns, whenever a player attaches an Energy card from his or her hand to 1 of his or her Benched Pokémon, he or she removes 1 damage counter, if any, from that Pokémon.",,
88283,Ponyta,Ponyta,https://tcgplayer-cdn.tcgplayer.com/product/88283_200w.jpg,3,1397,https://cpt.tcgcsv.com/HkK,2022-12-01T15:59:16.18,1,102/147,Common,Fire,40,Basic,[1] Tackle (10),"[1R] Ember (30)
<br>Discard a Fire Energy card attached to Ponyta.",W,1,3.3,4.17,4321.0,3.47,,Normal,,,
88283,Ponyta,Ponyta,https://tcgplayer-cdn.tcgplayer.com/product/88283_200w.jpg,3,1397,https://cpt.tcgcsv.com/HkK,2022-12-01T15:59:16.18,1,102/147,Common,Fire,40,Basic,[1] Tackle (10),"[1R] Ember (30)
<br>Discard a Fire Energy card attached to Ponyta.",W,1,54.99,65.9,65.9,15.0,,Reverse Holofoil,,,
88306,Porygon (103a),Porygon 103a,https://tcgplayer-cdn.tcgplayer.com/product/88306_200w.jpg,3,1397,https://cpt.tcgcsv.com/8lK,2022-12-01T16:00:04.17,1,103a/147,Common,Colorless,40,Basic,"[1] Data Sort
<br>Flip a coin. If heads, choose a Trainer card from your discard pile, show it to your opponent, and then shuffle it into your deck.",[1] Peck (10),F,1,1.3,2.83,5.0,2.77,,Normal,,,
88306,Porygon (103a),Porygon 103a,https://tcgplayer-cdn.tcgplayer.com/product/88306_200w.jpg,3,1397,https://cpt.tcgcsv.com/8lK,2022-12-01T16:00:04.17,1,103a/147,Common,Colorless,40,Basic,"[1] Data Sort
<br>Flip a coin. If heads, choose a Trainer card from your discard pile, show it to your opponent, and then shuffle it into your deck.",[1] Peck (10),F,1,27.0,27.0,27.0,50.0,,Reverse Holofoil,,,
88307,Porygon (103b),Porygon 103b,https://tcgplayer-cdn.tcgplayer.com/product/88307_200w.jpg,3,1397,https://cpt.tcgcsv.com/9lK,2025-11-24T21:19:34.66,1,103b/147,Common,Colorless,40,Basic,"[1] Data Sort
<br>Flip a coin. If heads, choose a Trainer card from your discard pile, show it to your opponent, and then shuffle it into your deck.",[1] Peck (10),F,1,1.96,3.13,3.52,4.48,,Normal,,,
88307,Porygon (103b),Porygon 103b,https://tcgplayer-cdn.tcgplayer.com/product/88307_200w.jpg,3,1397,https://cpt.tcgcsv.com/9lK,2025-11-24T21:19:34.66,1,103b/147,Common,Colorless,40,Basic,"[1] Data Sort
<br>Flip a coin. If heads, choose a Trainer card from your discard pile, show it to your opponent, and then shuffle it into your deck.",[1] Peck (10),F,1,49.99,49.99,49.99,36.67,,Reverse Holofoil,,,
88323,Porygon2,Porygon2,https://tcgplayer-cdn.tcgplayer.com/product/88323_200w.jpg,3,1397,https://cpt.tcgcsv.com/tlK,2022-12-01T16:03:41.333,1,028/147,Rare,Colorless,70,Stage 1,"[2] Hypnotic Ray (20)
<br>The Defending Pokémon is now Asleep.",,F,1,6.25,7.75,15.0,7.31,,Normal,"<strong>Poké-POWER — Backup</strong>
<br>
Once during each of your turns <em>(before your attack)</em>, if you have 2 or fewer cards in your hand, you may draw cards from your deck until you have 3 cards in your hand. This power can't be used if Porygon2 is affected by a Special Condition.",,
88323,Porygon2,Porygon2,https://tcgplayer-cdn.tcgplayer.com/product/88323_200w.jpg,3,1397,https://cpt.tcgcsv.com/tlK,2022-12-01T16:03:41.333,1,028/147,Rare,Colorless,70,Stage 1,"[2] Hypnotic Ray (20)
<br>The Defending Pokémon is now Asleep.",,F,1,99.23,99.23,99.23,37.48,,Reverse Holofoil,"<strong>Poké-POWER — Backup</strong>
<br>
Once during each of your turns <em>(before your attack)</em>, if you have 2 or fewer cards in your hand, you may draw cards from your deck until you have 3 cards in your hand. This power can't be used if Porygon2 is affected by a Special Condition.",,
88354,Power Plant,Power Plant,https://tcgplayer-cdn.tcgplayer.com/product/88354_200w.jpg,3,1397,https://cpt.tcgcsv.com/6mK,2022-12-01T16:04:39.083,1,139/147,Uncommon,Stadium,,,,,,,3.0,3.64,5.87,3.48,,Normal,"This card stays in play when you play it. Discard this card if another Stadium card comes into play.
<br>
Once during each of his or her turns, a player may discard a basic Energy card from his or her hand. If that player does, he or she chooses a basic Energy card from his or her discard pile, shows it to his or her opponent, and then puts it into his or her hand.",,
88354,Power Plant,Power Plant,https://tcgplayer-cdn.tcgplayer.com/product/88354_200w.jpg,3,1397,https://cpt.tcgcsv.com/6mK,2022-12-01T16:04:39.083,1,139/147,Uncommon,Stadium,,,,,,,4.08,7.83,8.99,7.91,,Reverse Holofoil,"This card stays in play when you play it. Discard this card if another Stadium card comes into play.
<br>
Once during each of his or her turns, a player may discard a basic Energy card from his or her hand. If that player does, he or she chooses a basic Energy card from his or her discard pile, shows it to his or her opponent, and then puts it into his or her hand.",,
88359,Primeape,Primeape,https://tcgplayer-cdn.tcgplayer.com/product/88359_200w.jpg,3,1397,https://cpt.tcgcsv.com/cmK,2022-12-01T16:05:39.027,1,029/147,Rare,Fighting,80,Stage 1,"[1F] Karate Chop (40-)
<br>
Damage from this attack is reduced by 10 for each damage counter on Primeape.","[2F] Sudden Charge (40)
<br>Primeape does 10 damage to itself. Then, your opponent switches the Defending Pokémon with 1 of his or her Benched Pokémon, if any.",P,1,48.99,49.5,50.0,28.18,,Normal,,,
88412,Psychic Cube 01,Psychic Cube 01,https://tcgplayer-cdn.tcgplayer.com/product/88412_200w.jpg,3,1397,https://cpt.tcgcsv.com/gnK,2022-12-01T16:06:18.507,1,132/147,Uncommon,TM,,,"[P] Psy-Confuse
<br>The Defending Pokémon is now Confused.",,,,0.86,2.18,5.0,2.36,,Normal,"Attach this card to 1 of your Psychic Pokémon in play. That Pokémon may use this card's attack instead of its own. At the end of your turn, discard Psychic Cube 01.",,
88412,Psychic Cube 01,Psychic Cube 01,https://tcgplayer-cdn.tcgplayer.com/product/88412_200w.jpg,3,1397,https://cpt.tcgcsv.com/gnK,2022-12-01T16:06:18.507,1,132/147,Uncommon,TM,,,"[P] Psy-Confuse
<br>The Defending Pokémon is now Confused.",,,,2.99,4.0,10.0,3.13,,Reverse Holofoil,"Attach this card to 1 of your Psychic Pokémon in play. That Pokémon may use this card's attack instead of its own. At the end of your turn, discard Psychic Cube 01.",,
88435,Psyduck,Psyduck,https://tcgplayer-cdn.tcgplayer.com/product/88435_200w.jpg,3,1397,https://cpt.tcgcsv.com/KnK,2022-12-01T16:06:43.78,1,104/147,Common,Water,50,Basic,[1] Headbutt (10),[2] Scratch (20),L,1,121.98,129.99,176.99,78.89,,Normal,,,
88446,Pupitar,Pupitar,https://tcgplayer-cdn.tcgplayer.com/product/88446_200w.jpg,3,1397,https://cpt.tcgcsv.com/XnK,2022-12-01T16:07:37.403,1,056/147,Uncommon,Fighting,80,Stage 1,"[3] Thrash (30+)
<br>Flip a coin. If heads, this attack does 30 damage plus 10 more damage.  f tails, Pupitar does 10 damage to itself.",,W,1,7.0,9.82,16.24,9.45,,Normal,,,
88446,Pupitar,Pupitar,https://tcgplayer-cdn.tcgplayer.com/product/88446_200w.jpg,3,1397,https://cpt.tcgcsv.com/XnK,2022-12-01T16:07:37.403,1,056/147,Uncommon,Fighting,80,Stage 1,"[3] Thrash (30+)
<br>Flip a coin. If heads, this attack does 30 damage plus 10 more damage.  f tails, Pupitar does 10 damage to itself.",,W,1,40.0,2180.5,4321.0,18.1,,Reverse Holofoil,,,
88467,Quagsire,Quagsire,https://tcgplayer-cdn.tcgplayer.com/product/88467_200w.jpg,3,1397,https://cpt.tcgcsv.com/mpK,2022-12-01T16:13:06.957,1,030/147,Rare,Water,80,Stage 1,"[W] Water Gun (20+)
<br>
This attack does 20 damage plus 10 more damage for each Water Energy attached to Quagsire but not used to pay for this attack's Energy cost. You can't add more than 20 damage in this way.","[4] Slam (50x)
<br>Flip 2 coins. This attack does 50 damage times the number of heads.",G,2,80.0,82.66,149.99,38.51,,Normal,,,
88467,Quagsire,Quagsire,https://tcgplayer-cdn.tcgplayer.com/product/88467_200w.jpg,3,1397,https://cpt.tcgcsv.com/mpK,2022-12-01T16:13:06.957,1,030/147,Rare,Water,80,Stage 1,"[W] Water Gun (20+)
<br>
This attack does 20 damage plus 10 more damage for each Water Energy attached to Quagsire but not used to pay for this attack's Energy cost. You can't add more than 20 damage in this way.","[4] Slam (50x)
<br>Flip 2 coins. This attack does 50 damage times the number of heads.",G,2,66.67,75.39,79.99,59.99,,Reverse Holofoil,,,
88552,Rainbow Energy,Rainbow Energy,https://tcgplayer-cdn.tcgplayer.com/product/88552_200w.jpg,3,1397,https://cpt.tcgcsv.com/3rK,2022-12-01T16:14:10.613,1,144/147,Rare,Special Energy,,,,,,,10.32,13.47,20.0,11.35,,Normal,"Attach Rainbow Energy to 1 of your Pokémon. While in play, Rainbow Energy provides every type of Energy but provides only 1 Energy at a time. <em>(Doesn't count as a basic Energy card when not in play.)</em> When you attach this card from your hand to 1 of your Pokémon, put 1 damage counter on that Pokémon.",,
88552,Rainbow Energy,Rainbow Energy,https://tcgplayer-cdn.tcgplayer.com/product/88552_200w.jpg,3,1397,https://cpt.tcgcsv.com/3rK,2022-12-01T16:14:10.613,1,144/147,Rare,Special Energy,,,,,,,46.0,54.38,79.98,51.9,,Reverse Holofoil,"Attach Rainbow Energy to 1 of your Pokémon. While in play, Rainbow Energy provides every type of Energy but provides only 1 Energy at a time. <em>(Doesn't count as a basic Energy card when not in play.)</em> When you attach this card from your hand to 1 of your Pokémon, put 1 damage counter on that Pokémon.",,
88577,Rapidash,Rapidash,https://tcgplayer-cdn.tcgplayer.com/product/88577_200w.jpg,3,1397,https://cpt.tcgcsv.com/zrK,2022-12-01T16:15:20.167,1,031/147,Rare,Fire,70,Stage 1,"[2] Agility (10)
<br>Flip a coin. If heads, during your opponent's next turn, prevent all effects of attacks, including damage, done to Rapidash.","[2R] Gallop (30+)
<br>Flip a coin. If heads, discard a Fire Energy card attached to Rapidash and this attack does 30 damage plus 20 more damage.",W,,13.22,18.23,20.0,14.09,,Normal,,,
88577,Rapidash,Rapidash,https://tcgplayer-cdn.tcgplayer.com/product/88577_200w.jpg,3,1397,https://cpt.tcgcsv.com/zrK,2022-12-01T16:15:20.167,1,031/147,Rare,Fire,70,Stage 1,"[2] Agility (10)
<br>Flip a coin. If heads, during your opponent's next turn, prevent all effects of attacks, including damage, done to Rapidash.","[2R] Gallop (30+)
<br>Flip a coin. If heads, discard a Fire Energy card attached to Rapidash and this attack does 30 damage plus 20 more damage.",W,,11.63,11.63,11.63,17.75,,Reverse Holofoil,,,
88694,Remoraid,Remoraid,https://tcgplayer-cdn.tcgplayer.com/product/88694_200w.jpg,3,1397,https://cpt.tcgcsv.com/VtK,2022-12-01T16:16:00.623,1,105/147,Common,Water,50,Basic,"[W] Splatter
<br>Choose 1 of your opponent's Pokémon in play. This attack does 10 damage to that Pokémon. Don't apply Weakness or Resistance for this attack.",,L,1,1.29,2.24,4.99,1.99,,Normal,,,
88694,Remoraid,Remoraid,https://tcgplayer-cdn.tcgplayer.com/product/88694_200w.jpg,3,1397,https://cpt.tcgcsv.com/VtK,2022-12-01T16:16:00.623,1,105/147,Common,Water,50,Basic,"[W] Splatter
<br>Choose 1 of your opponent's Pokémon in play. This attack does 10 damage to that Pokémon. Don't apply Weakness or Resistance for this attack.",,L,1,14.96,16.33,17.69,0.2,,Reverse Holofoil,,,
88957,Scizor (H21),Scizor H21,https://tcgplayer-cdn.tcgplayer.com/product/88957_200w.jpg,3,1397,https://cpt.tcgcsv.com/9CK,2022-12-01T16:19:18.923,1,H21/H32,Holo Rare,Metal,80,Stage 1,"[1M] Snatch (20)
<br>
Before doing damage, you may choose 1 of your opponent's Benched Pokémon with no damage counters on it and switch the Defending Pokémon with it.","[3] Heavy Metal (30+)
<br>
Flip a number of coins equal to the number of Metal Energy attached to Scizor. This attack does 30 damage plus 20 more damage for each heads.",R,2,144.0,199.97,200.0,180.99,,Holofoil,"<strong>Poké-BODY — Poison Resistance</strong>
<br>
Scizor can't be Poisoned.",,
88959,Scizor,Scizor,https://tcgplayer-cdn.tcgplayer.com/product/88959_200w.jpg,3,1397,https://cpt.tcgcsv.com/cCK,2022-12-01T16:20:00.913,1,032/147,Rare,Metal,80,Stage 1,"[1M] Snatch (20)
<br>
Before doing damage, you may choose 1 of your opponent's Benched Pokémon with no damage counters on it and switch the Defending Pokémon with it.","[3] Heavy Metal (30+)
<br>
Flip a number of coins equal to the number of Metal Energy attached to Scizor. This attack does 30 damage plus 20 more damage for each heads.",R,2,48.0,60.89,91.9,65.59,,Normal,"<strong>Poké-BODY — Poison Resistance</strong>
<br>
Scizor can't be Poisoned.",,
88959,Scizor,Scizor,https://tcgplayer-cdn.tcgplayer.com/product/88959_200w.jpg,3,1397,https://cpt.tcgcsv.com/cCK,2022-12-01T16:20:00.913,1,032/147,Rare,Metal,80,Stage 1,"[1M] Snatch (20)
<br>
Before doing damage, you may choose 1 of your opponent's Benched Pokémon with no damage counters on it and switch the Defending Pokémon with it.","[3] Heavy Metal (30+)
<br>
Flip a number of coins equal to the number of Metal Energy attached to Scizor. This attack does 30 damage plus 20 more damage for each heads.",R,2,71.64,71.82,72.0,73.9,,Reverse Holofoil,"<strong>Poké-BODY — Poison Resistance</strong>
<br>
Scizor can't be Poisoned.",,
88996,Scyther (57),Scyther 57,https://tcgplayer-cdn.tcgplayer.com/product/88996_200w.jpg,3,1397,https://cpt.tcgcsv.com/XCK,2022-12-01T16:21:47.31,1,057/147,Uncommon,Grass,60,Basic,"[G] Quick Turn (10x)
<br>Flip 2 coins. This attack does 10 damage times the number of heads.","[3] Cross-Cut (20+)
<br>If the Defending Pokémon is an Evolved Pokémon, this attack does 20 damage plus 20 more damage.",R,1,15.0,50.0,69.99,18.37,,Normal,,,
88996,Scyther (57),Scyther 57,https://tcgplayer-cdn.tcgplayer.com/product/88996_200w.jpg,3,1397,https://cpt.tcgcsv.com/XCK,2022-12-01T16:21:47.31,1,057/147,Uncommon,Grass,60,Basic,"[G] Quick Turn (10x)
<br>Flip 2 coins. This attack does 10 damage times the number of heads.","[3] Cross-Cut (20+)
<br>If the Defending Pokémon is an Evolved Pokémon, this attack does 20 damage plus 20 more damage.",R,1,429.3,429.3,429.3,41.27,,Reverse Holofoil,,,
88997,Scyther (106),Scyther 106,https://tcgplayer-cdn.tcgplayer.com/product/88997_200w.jpg,3,1397,https://cpt.tcgcsv.com/ZCK,2022-12-01T16:21:05.9,1,106/147,Common,Grass,50,Basic,[1] Slash (10),"[1G] Swift (20)
<br>This attack's damage isn't affected by Weakness, Resistance, Poké-Powers, Poké-Bodies, or any other effects on the Defending Pokémon.",L,1,9.25,11.0,11.51,9.08,,Normal,,F-30,
88997,Scyther (106),Scyther 106,https://tcgplayer-cdn.tcgplayer.com/product/88997_200w.jpg,3,1397,https://cpt.tcgcsv.com/ZCK,2022-12-01T16:21:05.9,1,106/147,Common,Grass,50,Basic,[1] Slash (10),"[1G] Swift (20)
<br>This attack's damage isn't affected by Weakness, Resistance, Poké-Powers, Poké-Bodies, or any other effects on the Defending Pokémon.",L,1,69.99,134.99,199.99,50.0,,Reverse Holofoil,,F-30,
89010,Seadra,Seadra,https://tcgplayer-cdn.tcgplayer.com/product/89010_200w.jpg,3,1397,https://cpt.tcgcsv.com/dDK,2022-12-01T16:23:02.963,1,058/147,Uncommon,Water,70,Stage 1,[W] Wave Splash (20),"[3] Water Bullet (30+)
<br>Flip a number of coins equal to the number of Water Energy attached to Seadra. This attack does 30 damage plus 10 more damage for each heads.",L,1,1.44,2.37,6.0,2.59,,Normal,,,
89010,Seadra,Seadra,https://tcgplayer-cdn.tcgplayer.com/product/89010_200w.jpg,3,1397,https://cpt.tcgcsv.com/dDK,2022-12-01T16:23:02.963,1,058/147,Uncommon,Water,70,Stage 1,[W] Wave Splash (20),"[3] Water Bullet (30+)
<br>Flip a number of coins equal to the number of Water Energy attached to Seadra. This attack does 30 damage plus 10 more damage for each heads.",L,1,6.31,7.05,8.99,12.31,,Reverse Holofoil,,,
89024,Seaking,Seaking,https://tcgplayer-cdn.tcgplayer.com/product/89024_200w.jpg,3,1397,https://cpt.tcgcsv.com/vDK,2022-12-01T16:23:37.163,1,059/147,Uncommon,Water,70,Stage 1,"[2] Flail (10x)
<br>Does 10 damage times the number of damage counters on Seaking.","[2W] Undulate (30)
<br>Flip a coin. If heads, during your opponent's next turn, prevent all effects of attacks, including damage, done to Seaking.",L,1,6.03,8.87,15.24,10.3,,Normal,,,
89024,Seaking,Seaking,https://tcgplayer-cdn.tcgplayer.com/product/89024_200w.jpg,3,1397,https://cpt.tcgcsv.com/vDK,2022-12-01T16:23:37.163,1,059/147,Uncommon,Water,70,Stage 1,"[2] Flail (10x)
<br>Does 10 damage times the number of damage counters on Seaking.","[2W] Undulate (30)
<br>Flip a coin. If heads, during your opponent's next turn, prevent all effects of attacks, including damage, done to Seaking.",L,1,80.0,85.0,89.99,39.99,,Reverse Holofoil,,,
89056,Seer,Seer,https://tcgplayer-cdn.tcgplayer.com/product/89056_200w.jpg,3,1397,https://cpt.tcgcsv.com/8FK,2022-12-01T16:24:28.403,1,133/147,Uncommon,Supporter,,,,,,,1.86,2.19,3.88,2.2,,Normal,"You can play only one Supporter card each turn. When you play this card, put it next to your Active Pokémon. When your turn ends, discard this card.
<br>
Look at the top 6 cards of your deck. Take all basic Energy cards you find there, show them to your opponent, and then put them into your hand. Shuffle your deck afterward.",,
89056,Seer,Seer,https://tcgplayer-cdn.tcgplayer.com/product/89056_200w.jpg,3,1397,https://cpt.tcgcsv.com/8FK,2022-12-01T16:24:28.403,1,133/147,Uncommon,Supporter,,,,,,,6.0,12.99,18.99,10.4,,Reverse Holofoil,"You can play only one Supporter card each turn. When you play this card, put it next to your Active Pokémon. When your turn ends, discard this card.
<br>
Look at the top 6 cards of your deck. Take all basic Energy cards you find there, show them to your opponent, and then put them into your hand. Shuffle your deck afterward.",,
89063,Sentret,Sentret,https://tcgplayer-cdn.tcgplayer.com/product/89063_200w.jpg,3,1397,https://cpt.tcgcsv.com/hFK,2022-12-01T16:25:15.86,1,107/147,Common,Colorless,50,Basic,"[1] Spy
<br>Look at the top 3 cards of your opponent's deck. Put them back in the same order.","[1] Double Scratch (10x)
<br>Flip 2 coins. This attack does 10 damage times the number of heads.",F,1,6.0,8.8,15.0,5.2,,Normal,,,
89063,Sentret,Sentret,https://tcgplayer-cdn.tcgplayer.com/product/89063_200w.jpg,3,1397,https://cpt.tcgcsv.com/hFK,2022-12-01T16:25:15.86,1,107/147,Common,Colorless,50,Basic,"[1] Spy
<br>Look at the top 3 cards of your opponent's deck. Put them back in the same order.","[1] Double Scratch (10x)
<br>Flip 2 coins. This attack does 10 damage times the number of heads.",F,1,19.99,25.0,30.1,29.95,,Reverse Holofoil,,,
89254,Skiploom,Skiploom,https://tcgplayer-cdn.tcgplayer.com/product/89254_200w.jpg,3,1397,https://cpt.tcgcsv.com/6KK,2022-12-01T16:26:31.847,1,060/147,Uncommon,Grass,60,Stage 1,"[1] Break Powder (10+)
<br>Flip a coin. If heads, this attack does 10 damage plus 20 more damage. If tails, this attack does 10 damage and the Defending Pokémon is now Asleep.",,R,1,12.99,21.49,29.99,14.13,,Normal,"<strong>Poké-BODY — Lightweight</strong>
<br>
You pay 1 Colorless less to retreat Skiploom for each Grass Energy attached to it.",W-30,
89254,Skiploom,Skiploom,https://tcgplayer-cdn.tcgplayer.com/product/89254_200w.jpg,3,1397,https://cpt.tcgcsv.com/6KK,2022-12-01T16:26:31.847,1,060/147,Uncommon,Grass,60,Stage 1,"[1] Break Powder (10+)
<br>Flip a coin. If heads, this attack does 10 damage plus 20 more damage. If tails, this attack does 10 damage and the Defending Pokémon is now Asleep.",,R,1,44.99,80.0,109.99,24.04,,Reverse Holofoil,"<strong>Poké-BODY — Lightweight</strong>
<br>
You pay 1 Colorless less to retreat Skiploom for each Grass Energy attached to it.",W-30,
89302,Slowbro,Slowbro,https://tcgplayer-cdn.tcgplayer.com/product/89302_200w.jpg,3,1397,https://cpt.tcgcsv.com/3LK,2022-12-01T16:27:50.257,1,033/147,Rare,Water,80,Stage 1,"[1W] Energy Cannon (30+)
<br>
This attack does 30 damage plus 10 more damage for each Energy attached to Slowbrow but not used to pay for this attack's Energy cost. You can't add more than 20 damage in this way.",,L,2,,,,,,,"<strong>Poké-BODY — Dense Body</strong>
<br>
Any damage done to Slowbro by attacks from Basic Pokémon (excluding Baby Pokémon) is reduced by 20.",,
89312,Slowking (H22),Slowking H22,https://tcgplayer-cdn.tcgplayer.com/product/89312_200w.jpg,3,1397,https://cpt.tcgcsv.com/gLK,2022-12-01T16:30:15.543,1,H22/H32,Holo Rare,Psychic,80,Stage 1,"[1] Bursting Hand (10x)
<br>Look at your opponent's hand. This attack does 10 damage times the number of Energy cards there.","[2P] Shuffle Attack (40)
<br>
Look at a number of cards on top of your opponent's deck equal to the number of Energy cards attached to the Defending Pokémon. Put those cards in any order, and then put them back on top of your opponent's deck.",P,1,158.62,180.8,201.98,192.26,,Holofoil,,,
89313,Slowking,Slowking,https://tcgplayer-cdn.tcgplayer.com/product/89313_200w.jpg,3,1397,https://cpt.tcgcsv.com/hLK,2022-12-01T16:29:28.07,1,034/147,Rare,Psychic,80,Stage 1,"[1] Bursting Hand (10x)
<br>Look at your opponent's hand. This attack does 10 damage times the number of Energy cards there.","[2P] Shuffle Attack (40)
<br>
Look at a number of cards on top of your opponent's deck equal to the number of Energy cards attached to the Defending Pokémon. Put those cards in any order, and then put them back on top of your opponent's deck.",P,1,16.0,21.49,41.5,15.48,,Normal,,,
89313,Slowking,Slowking,https://tcgplayer-cdn.tcgplayer.com/product/89313_200w.jpg,3,1397,https://cpt.tcgcsv.com/hLK,2022-12-01T16:29:28.07,1,034/147,Rare,Psychic,80,Stage 1,"[1] Bursting Hand (10x)
<br>Look at your opponent's hand. This attack does 10 damage times the number of Energy cards there.","[2P] Shuffle Attack (40)
<br>
Look at a number of cards on top of your opponent's deck equal to the number of Energy cards attached to the Defending Pokémon. Put those cards in any order, and then put them back on top of your opponent's deck.",P,1,29.99,43.41,59.99,59.99,,Reverse Holofoil,,,
89325,Slowpoke,Slowpoke,https://tcgplayer-cdn.tcgplayer.com/product/89325_200w.jpg,3,1397,https://cpt.tcgcsv.com/wLK,2022-12-01T16:31:02.32,1,108/147,Common,Water,50,Basic,"[1] Fishing Tail
<br>
Search your discard pile for a Baby Pokémon, Basic Pokémon, Evolution card, or basic Energy card, show it to your opponent, and then put it into your hand.",[2] Bite (20),L,1,10.48,29.14,31.12,20.57,,Normal,,,
89352,Smeargle,Smeargle,https://tcgplayer-cdn.tcgplayer.com/product/89352_200w.jpg,3,1397,https://cpt.tcgcsv.com/3MK,2022-12-01T16:31:58.517,1,109/147,Common,Colorless,60,Basic,"[1] Paint Trick
<br>Flip a coin. If heads, the Defending Pokémon is now Confused. Then, choose 1 of your Benched Pokémon and switch Smeargle with it.","[2] Doubleslap (20x)
<br>Flip 2 coins. This attack does 20 damage times the number of heads.",F,1,4.14,5.0,8.22,7.88,,Normal,,,
89352,Smeargle,Smeargle,https://tcgplayer-cdn.tcgplayer.com/product/89352_200w.jpg,3,1397,https://cpt.tcgcsv.com/3MK,2022-12-01T16:31:58.517,1,109/147,Common,Colorless,60,Basic,"[1] Paint Trick
<br>Flip a coin. If heads, the Defending Pokémon is now Confused. Then, choose 1 of your Benched Pokémon and switch Smeargle with it.","[2] Doubleslap (20x)
<br>Flip 2 coins. This attack does 20 damage times the number of heads.",F,1,34.99,44.98,51.24,39.5,,Reverse Holofoil,,,
89360,Smoochum,Smoochum,https://tcgplayer-cdn.tcgplayer.com/product/89360_200w.jpg,3,1397,https://cpt.tcgcsv.com/dMK,2022-12-01T16:33:05.467,1,061/147,Uncommon,Psychic,30,Basic,"[P] Energy Kiss (10x)
<br>
Flip a number of coins equal to the number of Energy cards attached to the Defending Pokémon. This attack does 10 damage times the number of heads.",,,1,5.42,8.0,10.49,8.33,,Normal,"<em>If your Active Pokémon is a Baby Pokémon and your opponent announces an attack, your opponent flips a coin (before doing anything else). If tails, your opponent's turn ends.</em>",,
89360,Smoochum,Smoochum,https://tcgplayer-cdn.tcgplayer.com/product/89360_200w.jpg,3,1397,https://cpt.tcgcsv.com/dMK,2022-12-01T16:33:05.467,1,061/147,Uncommon,Psychic,30,Basic,"[P] Energy Kiss (10x)
<br>
Flip a number of coins equal to the number of Energy cards attached to the Defending Pokémon. This attack does 10 damage times the number of heads.",,,1,19.99,21.11,4321.0,29.99,,Reverse Holofoil,"<em>If your Active Pokémon is a Baby Pokémon and your opponent announces an attack, your opponent flips a coin (before doing anything else). If tails, your opponent's turn ends.</em>",,
89368,Sneasel,Sneasel,https://tcgplayer-cdn.tcgplayer.com/product/89368_200w.jpg,3,1397,https://cpt.tcgcsv.com/nMK,2022-12-01T16:34:09.037,1,110/147,Common,Darkness,60,Basic,"[D] Rob
<br>Look at your opponent's hand. Choose all Technical Machine and Pokémon Tool cards there and put them into his or her deck. Your opponent shuffles the deck afterward.","[2] Claw (30)
<br>Flip a coin. If tails, this attack does nothing.",F,1,1.99,3.45,5.0,3.32,,Normal,,P-30,
89368,Sneasel,Sneasel,https://tcgplayer-cdn.tcgplayer.com/product/89368_200w.jpg,3,1397,https://cpt.tcgcsv.com/nMK,2022-12-01T16:34:09.037,1,110/147,Common,Darkness,60,Basic,"[D] Rob
<br>Look at your opponent's hand. Choose all Technical Machine and Pokémon Tool cards there and put them into his or her deck. Your opponent shuffles the deck afterward.","[2] Claw (30)
<br>Flip a coin. If tails, this attack does nothing.",F,1,13.66,19.33,4321.0,50.0,,Reverse Holofoil,,P-30,
89451,Spinarak (62),Spinarak 62,https://tcgplayer-cdn.tcgplayer.com/product/89451_200w.jpg,3,1397,https://cpt.tcgcsv.com/2PK,2022-12-01T16:35:35.373,1,062/147,Uncommon,Grass,50,Basic,[1] Gnaw (10),"[1G] Gooey Thread (20)
<br>The Defending Pokémon can't retreat during your opponent's next turn.",R,1,3.99,4.56,5.0,5.7,,Normal,,,
89451,Spinarak (62),Spinarak 62,https://tcgplayer-cdn.tcgplayer.com/product/89451_200w.jpg,3,1397,https://cpt.tcgcsv.com/2PK,2022-12-01T16:35:35.373,1,062/147,Uncommon,Grass,50,Basic,[1] Gnaw (10),"[1G] Gooey Thread (20)
<br>The Defending Pokémon can't retreat during your opponent's next turn.",R,1,31.92,3443.31,3615.48,21.17,,Reverse Holofoil,,,
89454,Spinarak (111),Spinarak 111,https://tcgplayer-cdn.tcgplayer.com/product/89454_200w.jpg,3,1397,https://cpt.tcgcsv.com/6PK,2025-11-24T21:20:01.713,1,111/147,Common,Grass,40,Basic,"[G] Sharp Stinger
<br>Flip a coin. If heads, the Defending Pokémon is now Poisoned. If tails, the Defending Pokémon is now Paralyzed.",,P,1,0.51,1.32,19.99,1.49,,Normal,,,
89454,Spinarak (111),Spinarak 111,https://tcgplayer-cdn.tcgplayer.com/product/89454_200w.jpg,3,1397,https://cpt.tcgcsv.com/6PK,2025-11-24T21:20:01.713,1,111/147,Common,Grass,40,Basic,"[G] Sharp Stinger
<br>Flip a coin. If heads, the Defending Pokémon is now Poisoned. If tails, the Defending Pokémon is now Paralyzed.",,P,1,16.79,20.1,20.95,20.99,,Reverse Holofoil,,,
89557,Steelix (H23),Steelix H23,https://tcgplayer-cdn.tcgplayer.com/product/89557_200w.jpg,3,1397,https://cpt.tcgcsv.com/9RK,2022-12-01T16:37:34.873,1,H23/H32,Holo Rare,Metal,100,Stage 1,"[2] Earth Rift (10)
<br>
This attack does 10 damage to each of your opponent's Benched Pokémon. <em>(Don't apply Weakness or Resistance for Benched Pokémon.)</em> Then, flip a coin. If tails, this attack can't be used during your next turn.","[2MM] Iron Smash (50+)
<br>Flip 2 coins. If both are heads, this attack does 50 damage plus 20 more damage. If both are tails, this attack does nothing. If 1 is heads and 1 is tails, this attack just does 50 damage.",R,4,149.99,220.0,313.27,267.58,,Holofoil,,G-30,
89560,Steelix,Steelix,https://tcgplayer-cdn.tcgplayer.com/product/89560_200w.jpg,3,1397,https://cpt.tcgcsv.com/dRK,2022-12-01T16:38:08.1,1,035/147,Rare,Metal,100,Stage 1,"[2] Earth Rift (10)
<br>
This attack does 10 damage to each of your opponent's Benched Pokémon. <em>(Don't apply Weakness or Resistance for Benched Pokémon.)</em> Then, flip a coin. If tails, this attack can't be used during your next turn.","[2MM] Iron Smash (50+)
<br>Flip 2 coins. If both are heads, this attack does 50 damage plus 20 more damage. If both are tails, this attack does nothing. If 1 is heads and 1 is tails, this attack just does 50 damage.",R,4,36.66,36.66,36.66,28.17,,Normal,,G-30,
89560,Steelix,Steelix,https://tcgplayer-cdn.tcgplayer.com/product/89560_200w.jpg,3,1397,https://cpt.tcgcsv.com/dRK,2022-12-01T16:38:08.1,1,035/147,Rare,Metal,100,Stage 1,"[2] Earth Rift (10)
<br>
This attack does 10 damage to each of your opponent's Benched Pokémon. <em>(Don't apply Weakness or Resistance for Benched Pokémon.)</em> Then, flip a coin. If tails, this attack can't be used during your next turn.","[2MM] Iron Smash (50+)
<br>Flip 2 coins. If both are heads, this attack does 50 damage plus 20 more damage. If both are tails, this attack does nothing. If 1 is heads and 1 is tails, this attack just does 50 damage.",R,4,32.0,61.0,89.99,89.99,,Reverse Holofoil,,G-30,
89589,Sudowoodo (H24),Sudowoodo H24,https://tcgplayer-cdn.tcgplayer.com/product/89589_200w.jpg,3,1397,https://cpt.tcgcsv.com/PRK,2023-12-13T19:44:40.493,1,H24/H32,Holo Rare,Fighting,60,Basic,"[1] Copy
<br>Choose 1 of the Defending Pokémon's attacks. Copy copies that attack. This attack does nothing if Sudowoodo doesn't have the Energy necessary to use that attack. <em>(You must still do anything else required in order to use that attack.)</em>","[F] Energy Draw
<br>Search your deck for a basic Energy card and attach it to Sudowoodo. Shuffle your deck afterward.",W,2,78.52,155.95,4321.0,150.0,,Holofoil,,,
89591,Sudowoodo,Sudowoodo,https://tcgplayer-cdn.tcgplayer.com/product/89591_200w.jpg,3,1397,https://cpt.tcgcsv.com/RRK,2022-12-01T17:26:14.173,1,036/147,Rare,Fighting,60,Basic,"[1] Copy
<br>Choose 1 of the Defending Pokémon's attacks. Copy copies that attack. This attack does nothing if Sudowoodo doesn't have the Energy necessary to use that attack. <em>(You must still do anything else required in order to use that attack.)</em>","[F] Energy Draw
<br>Search your deck for a basic Energy card and attach it to Sudowoodo. Shuffle your deck afterward.",W,2,28.88,33.52,39.0,23.05,,Normal,,,
89591,Sudowoodo,Sudowoodo,https://tcgplayer-cdn.tcgplayer.com/product/89591_200w.jpg,3,1397,https://cpt.tcgcsv.com/RRK,2022-12-01T17:26:14.173,1,036/147,Rare,Fighting,60,Basic,"[1] Copy
<br>Choose 1 of the Defending Pokémon's attacks. Copy copies that attack. This attack does nothing if Sudowoodo doesn't have the Energy necessary to use that attack. <em>(You must still do anything else required in order to use that attack.)</em>","[F] Energy Draw
<br>Search your deck for a basic Energy card and attach it to Sudowoodo. Shuffle your deck afterward.",W,2,40.0,42.0,77.9,69.99,,Reverse Holofoil,,,
89598,Suicune (H25),Suicune H25,https://tcgplayer-cdn.tcgplayer.com/product/89598_200w.jpg,3,1397,https://cpt.tcgcsv.com/-RK,2022-12-01T17:31:20.303,1,H25/H32,Holo Rare,Water,70,Basic,"[2W] Hypno Wave (30+)
<br> Flip a coin. If heads, this attack does 30 damage plus 20 more damage. If tails, this attack does 30 damage and the Defending Pokemon is now Asleep.",,L,1,150.0,198.79,315.0,449.99,,Holofoil,"<strong>Poké-BODY — Pure Body</strong>
<br>
To attach a Water Energy card from your hand to Suicune, you must discard an Energy card attached to Suicune. (Attach the Water Energy, and then discard an Energy card from Suicune.)",,
89600,Suicune,Suicune,https://tcgplayer-cdn.tcgplayer.com/product/89600_200w.jpg,3,1397,https://cpt.tcgcsv.com/0SK,2022-12-01T18:09:34.373,1,037/147,Rare,Water,70,Basic,"[2W] Hypno Wave (30+)
<br>Flip a coin. If heads, this attack does 30 damage plus 20 more damage. If tails, this attack does 30 damage and the Defending Pokémon is now Asleep.",,L,1,43.19,50.0,82.63,65.97,,Normal,"<strong>Poké-BODY — Pure Body</strong>
<br>
To attach a Water Energy card from your hand to Suicune, you must discard an Energy card attached to Suicune. (Attach the Water Energy, and then discard an Energy card from Suicune.)",,
89600,Suicune,Suicune,https://tcgplayer-cdn.tcgplayer.com/product/89600_200w.jpg,3,1397,https://cpt.tcgcsv.com/0SK,2022-12-01T18:09:34.373,1,037/147,Rare,Water,70,Basic,"[2W] Hypno Wave (30+)
<br>Flip a coin. If heads, this attack does 30 damage plus 20 more damage. If tails, this attack does 30 damage and the Defending Pokémon is now Asleep.",,L,1,74.99,74.99,74.99,65.2,,Reverse Holofoil,"<strong>Poké-BODY — Pure Body</strong>
<br>
To attach a Water Energy card from your hand to Suicune, you must discard an Energy card attached to Suicune. (Attach the Water Energy, and then discard an Energy card from Suicune.)",,
89627,Super Energy Removal 2,Super Energy Removal 2,https://tcgplayer-cdn.tcgplayer.com/product/89627_200w.jpg,3,1397,https://cpt.tcgcsv.com/zSK,2022-12-01T18:10:15.887,1,134/147,Uncommon,Item,,,,,,,1.32,1.81,3.89,1.73,1.57,Normal,"Flip 2 coins. If both are heads, discard all Energy cards attached to the Defending Pokémon. If both are tails, discard all Energy cards attached to your Active Pokémon. If 1 is heads and 1 is tails, this card does nothing.",,
89627,Super Energy Removal 2,Super Energy Removal 2,https://tcgplayer-cdn.tcgplayer.com/product/89627_200w.jpg,3,1397,https://cpt.tcgcsv.com/zSK,2022-12-01T18:10:15.887,1,134/147,Uncommon,Item,,,,,,,8.89,12.86,74.99,12.73,,Reverse Holofoil,"Flip 2 coins. If both are heads, discard all Energy cards attached to the Defending Pokémon. If both are tails, discard all Energy cards attached to your Active Pokémon. If 1 is heads and 1 is tails, this card does nothing.",,
89741,Tangela,Tangela,https://tcgplayer-cdn.tcgplayer.com/product/89741_200w.jpg,3,1397,https://cpt.tcgcsv.com/RVK,2022-12-01T18:11:00.19,1,112/147,Common,Grass,60,Basic,"[2] Tickling Vines (10)
<br>Flip a coin. If heads, the Defending Pokémon can't attack during your opponent's next turn.","[2G] Double Kick (30x)
<br>Flip 2 coins. This attack does 30 damage times the number of heads.",R,2,10.0,15.0,19.99,6.99,,Normal,,W-30,
89741,Tangela,Tangela,https://tcgplayer-cdn.tcgplayer.com/product/89741_200w.jpg,3,1397,https://cpt.tcgcsv.com/RVK,2022-12-01T18:11:00.19,1,112/147,Common,Grass,60,Basic,"[2] Tickling Vines (10)
<br>Flip a coin. If heads, the Defending Pokémon can't attack during your opponent's next turn.","[2G] Double Kick (30x)
<br>Flip 2 coins. This attack does 30 damage times the number of heads.",R,2,49.95,74.97,99.99,23.09,,Reverse Holofoil,,W-30,
89865,Tentacool,Tentacool,https://tcgplayer-cdn.tcgplayer.com/product/89865_200w.jpg,3,1397,https://cpt.tcgcsv.com/kZK,2022-12-01T18:11:48.883,1,113/147,Common,Water,50,Basic,"[1] Poison Sting
<br>Flip a coin. If heads, the Defending Pokémon is now Poisoned.","[W] Recover
<br>Discard 1 Water Energy card attached to Tentacool in order to use this attack. Remove all damage counters from Tentacool.",L,1,1.3,1.96,3.29,1.96,,Normal,,,
89865,Tentacool,Tentacool,https://tcgplayer-cdn.tcgplayer.com/product/89865_200w.jpg,3,1397,https://cpt.tcgcsv.com/kZK,2022-12-01T18:11:48.883,1,113/147,Common,Water,50,Basic,"[1] Poison Sting
<br>Flip a coin. If heads, the Defending Pokémon is now Poisoned.","[W] Recover
<br>Discard 1 Water Energy card attached to Tentacool in order to use this attack. Remove all damage counters from Tentacool.",L,1,16.2,18.83,20.1,22.5,,Reverse Holofoil,,,
89871,Tentacruel (H26),Tentacruel H26,https://tcgplayer-cdn.tcgplayer.com/product/89871_200w.jpg,3,1397,https://cpt.tcgcsv.com/rZK,2022-12-01T18:13:50.74,1,H26/H32,Holo Rare,Water,70,Stage 1,"[1W] Poison Sting (20)
<br>Flip a coin. If heads, the Defending Pokémon is now Poisoned.",,L,,100.0,109.97,175.0,95.83,,Holofoil,"<strong>Poké-POWER — Strange Tentacles</strong>
<br>
Once during your turn <em>(before your attack)</em>, as long as the number of Energy cards attached to the Defending Pokémon is less than the number of Energy cards attached to your Active Pokémon, you may choose an Energy card, if any, in your opponent's discard pile and attach it to the Defending Pokémon. This power can't be used if Tentacruel is affected by a Special Condition.",,
89872,Tentacruel,Tentacruel,https://tcgplayer-cdn.tcgplayer.com/product/89872_200w.jpg,3,1397,https://cpt.tcgcsv.com/sZK,2022-12-01T18:14:28.333,1,038/147,Rare,Water,70,Stage 1,"[1W] Poison Sting (20)
<br>Flip a coin. If heads, the Defending Pokémon is now Poisoned.",,L,,5.99,8.0,10.0,7.29,,Normal,"<strong>Poké-POWER — Strange Tentacles</strong>
<br>
Once during your turn <em>(before your attack)</em>, as long as the number of Energy cards attached to the Defending Pokémon is less than the number of Energy cards attached to your Active Pokémon, you may choose an Energy card, if any, in your opponent's discard pile and attach it to the Defending Pokémon. This power can't be used if Tentacruel is affected by a Special Condition.",,
89872,Tentacruel,Tentacruel,https://tcgplayer-cdn.tcgplayer.com/product/89872_200w.jpg,3,1397,https://cpt.tcgcsv.com/sZK,2022-12-01T18:14:28.333,1,038/147,Rare,Water,70,Stage 1,"[1W] Poison Sting (20)
<br>Flip a coin. If heads, the Defending Pokémon is now Poisoned.",,L,,24.99,37.5,50.0,33.0,,Reverse Holofoil,"<strong>Poké-POWER — Strange Tentacles</strong>
<br>
Once during your turn <em>(before your attack)</em>, as long as the number of Energy cards attached to the Defending Pokémon is less than the number of Energy cards attached to your Active Pokémon, you may choose an Energy card, if any, in your opponent's discard pile and attach it to the Defending Pokémon. This power can't be used if Tentacruel is affected by a Special Condition.",,
89919,Time Shard,Time Shard,https://tcgplayer-cdn.tcgplayer.com/product/89919_200w.jpg,3,1397,https://cpt.tcgcsv.com/p-K,2022-12-01T18:15:27.21,1,135/147,Uncommon,Tool,,,,,,,1.21,1.9,4.19,1.78,,Normal,"Attach Time Shard to 1 of your Pokémon that doesn't already have a Pokémon Tool card attached to it. If that Pokémon is Knocked Out, discard this card.
<br>
If the Pokémon this card is attached to is Knocked Out by damage from the Defending Pokémon's attack during your opponent's turn, you may return up to 2 basic Energy cards attached to that Pokémon to your hand.",,
89919,Time Shard,Time Shard,https://tcgplayer-cdn.tcgplayer.com/product/89919_200w.jpg,3,1397,https://cpt.tcgcsv.com/p-K,2022-12-01T18:15:27.21,1,135/147,Uncommon,Tool,,,,,,,4.84,9.74,20.0,9.99,,Reverse Holofoil,"Attach Time Shard to 1 of your Pokémon that doesn't already have a Pokémon Tool card attached to it. If that Pokémon is Knocked Out, discard this card.
<br>
If the Pokémon this card is attached to is Knocked Out by damage from the Defending Pokémon's attack during your opponent's turn, you may return up to 2 basic Energy cards attached to that Pokémon to your hand.",,
89931,Togepi,Togepi,https://tcgplayer-cdn.tcgplayer.com/product/89931_200w.jpg,3,1397,https://cpt.tcgcsv.com/F-K,2022-12-01T18:16:55.347,1,114/147,Common,Colorless,40,Basic,"[1] Minor Errand-Running
<br>Flip 2 coins. For each heads, search your deck for a basic Energy card. Show those cards to your opponent, and then put them into your hand. Shuffle your deck afterward.",[1] Pound (10),F,1,14.67,19.0,20.0,11.13,,Normal,,,
89931,Togepi,Togepi,https://tcgplayer-cdn.tcgplayer.com/product/89931_200w.jpg,3,1397,https://cpt.tcgcsv.com/F-K,2022-12-01T18:16:55.347,1,114/147,Common,Colorless,40,Basic,"[1] Minor Errand-Running
<br>Flip 2 coins. For each heads, search your deck for a basic Energy card. Show those cards to your opponent, and then put them into your hand. Shuffle your deck afterward.",[1] Pound (10),F,1,54.99,54.99,54.99,35.76,,Reverse Holofoil,,,
89940,Togetic (H27),Togetic H27,https://tcgplayer-cdn.tcgplayer.com/product/89940_200w.jpg,3,1397,https://cpt.tcgcsv.com/Q-K,2022-12-01T18:19:23.067,1,H27/H32,Holo Rare,Colorless,60,Stage 1,"[1] Mini-Metronome
<br>Flip a coin. If heads, choose 1 of the Defending Pokémon's attacks. Mini-Metronome copies that attack except for its Energy cost. <em>(You must still do anything else required in order to use that attack.) (No matter what type the Defending Pokémon is, Togetic is still Colorless.)</em> Togetic performs that attack.",,L,1,220.0,220.0,220.0,150.0,,Holofoil,"<strong>Poké-POWER — Miracle Shift</strong>
<br>
Once during your turn <em>(before your attack)</em>, discard a basic Energy card attached to 1 of your Pokémon. Then, choose a basic Energy card from your discard pile and attach it to that Pokémon. This power can't be used if Togetic is affected by a Special Condition.",F-30,
89941,Togetic,Togetic,https://tcgplayer-cdn.tcgplayer.com/product/89941_200w.jpg,3,1397,https://cpt.tcgcsv.com/R-K,2022-12-01T18:20:41.373,1,039/147,Rare,Colorless,60,Stage 1,"[1] Mini-Metronome
<br>Flip a coin. If heads, choose 1 of the Defending Pokémon's attacks. Mini-Metronome copies that attack except for its Energy cost. <em>(You must still do anything else required in order to use that attack.) (No matter what type the Defending Pokémon is, Togetic is still Colorless.)</em> Togetic performs that attack.",,L,1,14.99,20.0,26.99,19.16,,Normal,"<strong>Poké-POWER — Miracle Shift</strong>
<br>
Once during your turn <em>(before your attack)</em>, discard a basic Energy card attached to 1 of your Pokémon. Then, choose a basic Energy card from your discard pile and attach it to that Pokémon. This power can't be used if Togetic is affected by a Special Condition.",F-30,
89941,Togetic,Togetic,https://tcgplayer-cdn.tcgplayer.com/product/89941_200w.jpg,3,1397,https://cpt.tcgcsv.com/R-K,2022-12-01T18:20:41.373,1,039/147,Rare,Colorless,60,Stage 1,"[1] Mini-Metronome
<br>Flip a coin. If heads, choose 1 of the Defending Pokémon's attacks. Mini-Metronome copies that attack except for its Energy cost. <em>(You must still do anything else required in order to use that attack.) (No matter what type the Defending Pokémon is, Togetic is still Colorless.)</em> Togetic performs that attack.",,L,1,37.0,43.12,59.97,45.95,,Reverse Holofoil,"<strong>Poké-POWER — Miracle Shift</strong>
<br>
Once during your turn <em>(before your attack)</em>, discard a basic Energy card attached to 1 of your Pokémon. Then, choose a basic Energy card from your discard pile and attach it to that Pokémon. This power can't be used if Togetic is affected by a Special Condition.",F-30,
90006,Town Volunteers,Town Volunteers,https://tcgplayer-cdn.tcgplayer.com/product/90006_200w.jpg,3,1397,https://cpt.tcgcsv.com/80L,2025-11-24T21:20:34.24,1,136/147,Uncommon,Supporter,,,,,,,4.0,7.48,96.95,5.13,96.95,Normal,"You can play only one Supporter card each turn. When you play this card, put it next to your Active Pokémon. When your turn ends, discard this card.
<br>
Take 5 Baby Pokémon, Basic Pokémon, Evolution, and/or basic Energy cards from your discard pile and then show them to your opponent. Shuffle them into your deck.",,
90006,Town Volunteers,Town Volunteers,https://tcgplayer-cdn.tcgplayer.com/product/90006_200w.jpg,3,1397,https://cpt.tcgcsv.com/80L,2025-11-24T21:20:34.24,1,136/147,Uncommon,Supporter,,,,,,,62.39,77.8,80.09,72.81,,Reverse Holofoil,"You can play only one Supporter card each turn. When you play this card, put it next to your Active Pokémon. When your turn ends, discard this card.
<br>
Take 5 Baby Pokémon, Basic Pokémon, Evolution, and/or basic Energy cards from your discard pile and then show them to your opponent. Shuffle them into your deck.",,
90030,Traveling Salesman,Traveling Salesman,https://tcgplayer-cdn.tcgplayer.com/product/90030_200w.jpg,3,1397,https://cpt.tcgcsv.com/D0L,2022-12-01T18:22:37.8,1,137/147,Uncommon,Supporter,,,,,,,1.5,2.2,5.0,2.19,,Normal,"You can play only one Supporter card each turn. When you play this card, put it next to your Active Pokémon. When your turn ends, discard this card.
<br>
Search your deck for up to 2 Technical Machines and/or Pokémon Tool cards, show them to your opponent, and then put them into your hand. Shuffle your deck afterward.",,
90030,Traveling Salesman,Traveling Salesman,https://tcgplayer-cdn.tcgplayer.com/product/90030_200w.jpg,3,1397,https://cpt.tcgcsv.com/D0L,2022-12-01T18:22:37.8,1,137/147,Uncommon,Supporter,,,,,,,5.55,8.38,30.0,12.81,,Reverse Holofoil,"You can play only one Supporter card each turn. When you play this card, put it next to your Active Pokémon. When your turn ends, discard this card.
<br>
Search your deck for up to 2 Technical Machines and/or Pokémon Tool cards, show them to your opponent, and then put them into your hand. Shuffle your deck afterward.",,
90114,Tyranitar (H28),Tyranitar H28,https://tcgplayer-cdn.tcgplayer.com/product/90114_200w.jpg,3,1397,https://cpt.tcgcsv.com/j3L,2022-12-01T18:25:45.817,1,H28/H32,Holo Rare,Darkness,120,Stage 2,"[D] Destructive Roar
<br>Flip a coin. If heads, discard 1 Energy card attached to 1 of your opponent's Pokémon.",[2D] Tail Slap (30),F,3,349.99,699.44,750.0,615.95,,Holofoil,,P-30,"[3DD] Gigacrush (60)
<br>Each player discards the top 3 cards from his or her deck."
90117,Tyranitar,Tyranitar,https://tcgplayer-cdn.tcgplayer.com/product/90117_200w.jpg,3,1397,https://cpt.tcgcsv.com/m3L,2022-12-01T18:26:52.063,1,040/147,Rare,Darkness,120,Stage 2,"[D] Destructive Roar
<br>Flip a coin. If heads, discard 1 Energy card attached to 1 of your opponent's Pokémon.",[2D] Tail Slap (30),F,3,199.99,248.43,249.92,240.89,,Normal,,P-30,"[3DD] Gigacrush (60)
<br>Each player discards the top 3 cards from his or her deck."
90117,Tyranitar,Tyranitar,https://tcgplayer-cdn.tcgplayer.com/product/90117_200w.jpg,3,1397,https://cpt.tcgcsv.com/m3L,2022-12-01T18:26:52.063,1,040/147,Rare,Darkness,120,Stage 2,"[D] Destructive Roar
<br>Flip a coin. If heads, discard 1 Energy card attached to 1 of your opponent's Pokémon.",[2D] Tail Slap (30),F,3,89.99,112.5,135.0,149.97,,Reverse Holofoil,,P-30,"[3DD] Gigacrush (60)
<br>Each player discards the top 3 cards from his or her deck."
90127,Tyrogue,Tyrogue,https://tcgplayer-cdn.tcgplayer.com/product/90127_200w.jpg,3,1397,https://cpt.tcgcsv.com/z3L,2022-12-01T19:03:09.647,1,063/147,Uncommon,Fighting,30,Basic,"[F] Energy Punch (10)
<br>
Flip a coin. If heads, discard a Special Energy card attached to the Defending Pokémon. If tails, this attack does nothing.",,,1,22.0,25.0,96.95,23.69,,Normal,"<em>Evolves into Hitmonchan, Hitmonlee, or Hitmontop</em>
<br>
Put Hitmonchan, Hitmonlee, or Hitmontop on the Baby Pokémon
<br>
<em>If your Active Pokémon is a Baby Pokémon and your opponent announces an attack, your opponent flips a coin (before doing anything else). If tails, your opponent's turn ends.</em>",,
90127,Tyrogue,Tyrogue,https://tcgplayer-cdn.tcgplayer.com/product/90127_200w.jpg,3,1397,https://cpt.tcgcsv.com/z3L,2022-12-01T19:03:09.647,1,063/147,Uncommon,Fighting,30,Basic,"[F] Energy Punch (10)
<br>
Flip a coin. If heads, discard a Special Energy card attached to the Defending Pokémon. If tails, this attack does nothing.",,,1,29.99,37.5,45.0,26.84,,Reverse Holofoil,"<em>Evolves into Hitmonchan, Hitmonlee, or Hitmontop</em>
<br>
Put Hitmonchan, Hitmonlee, or Hitmontop on the Baby Pokémon
<br>
<em>If your Active Pokémon is a Baby Pokémon and your opponent announces an attack, your opponent flips a coin (before doing anything else). If tails, your opponent's turn ends.</em>",,
90139,Umbreon (H29),Umbreon H29,https://tcgplayer-cdn.tcgplayer.com/product/90139_200w.jpg,3,1397,https://cpt.tcgcsv.com/P3L,2022-12-01T19:06:02.013,1,H29/H32,Holo Rare,Darkness,80,Stage 1,"[3] Shadow Bind (30)
<br>The Defending Pokémon can't retreat during your opponent's next turn.",,F,1,800.58,801.24,801.9,700.0,,Holofoil,"<strong>Poké-POWER — Dark Moon</strong>
<br>
As long as Umbreon is your Active Pokémon and has a Darkness Energy attached to it, once during your turn <em>(before your attack)</em>, you may look at your opponent's hand. Choose from it a number of cards up to the number of Darkness Energy attached to Umbreon and shuffle them into your opponent's deck. Your opponent then draws the same number of cards from his or her deck. This power can't be used if Umbreon is affected by a Special Condition.",P-30,
90143,Umbreon,Umbreon,https://tcgplayer-cdn.tcgplayer.com/product/90143_200w.jpg,3,1397,https://cpt.tcgcsv.com/T3L,2022-12-01T19:06:57.66,1,041/147,Rare,Darkness,80,Stage 1,"[3] Shadow Bind (30)
<br>The Defending Pokémon can't retreat during your opponent's next turn.",,F,1,150.53,150.53,150.53,164.37,,Normal,"<strong>Poké-POWER — Dark Moon</strong>
<br>
As long as Umbreon is your Active Pokémon and has a Darkness Energy attached to it, once during your turn <em>(before your attack)</em>, you may look at your opponent's hand. Choose from it a number of cards up to the number of Darkness Energy attached to Umbreon and shuffle them into your opponent's deck. Your opponent then draws the same number of cards from his or her deck. This power can't be used if Umbreon is affected by a Special Condition.",P-30,
90143,Umbreon,Umbreon,https://tcgplayer-cdn.tcgplayer.com/product/90143_200w.jpg,3,1397,https://cpt.tcgcsv.com/T3L,2022-12-01T19:06:57.66,1,041/147,Rare,Darkness,80,Stage 1,"[3] Shadow Bind (30)
<br>The Defending Pokémon can't retreat during your opponent's next turn.",,F,1,179.0,232.91,299.99,350.0,,Reverse Holofoil,"<strong>Poké-POWER — Dark Moon</strong>
<br>
As long as Umbreon is your Active Pokémon and has a Darkness Energy attached to it, once during your turn <em>(before your attack)</em>, you may look at your opponent's hand. Choose from it a number of cards up to the number of Darkness Energy attached to Umbreon and shuffle them into your opponent's deck. Your opponent then draws the same number of cards from his or her deck. This power can't be used if Umbreon is affected by a Special Condition.",P-30,
90158,Undersea Ruins,Undersea Ruins,https://tcgplayer-cdn.tcgplayer.com/product/90158_200w.jpg,3,1397,https://cpt.tcgcsv.com/b5L,2022-12-01T19:08:39.763,1,138/147,Uncommon,Stadium,,,,,,,3.25,4.99,10.0,3.58,,Normal,"This card stays in play when you play it. Discard this card if another Stadium card comes into play.
<br>
Once during each player's turn <em>(before attacking)</em>, that player may flip a coin. If heads, that player chooses 1 of his or her Evolved Pokémon in play and discards the top Evolution card from that Pokémon, devolving it.",,
90158,Undersea Ruins,Undersea Ruins,https://tcgplayer-cdn.tcgplayer.com/product/90158_200w.jpg,3,1397,https://cpt.tcgcsv.com/b5L,2022-12-01T19:08:39.763,1,138/147,Uncommon,Stadium,,,,,,,7.29,10.5,31.47,14.98,,Reverse Holofoil,"This card stays in play when you play it. Discard this card if another Stadium card comes into play.
<br>
Once during each player's turn <em>(before attacking)</em>, that player may flip a coin. If heads, that player chooses 1 of his or her Evolved Pokémon in play and discards the top Evolution card from that Pokémon, devolving it.",,
90360,Victreebel (H30),Victreebel H30,https://tcgplayer-cdn.tcgplayer.com/product/90360_200w.jpg,3,1397,https://cpt.tcgcsv.com/d9L,2022-12-01T19:10:11.89,1,H30/H32,Holo Rare,Grass,90,Stage 2,"[1GG] Corrosive Acid (40)
<br>Flip a coin. If heads, the Defending Pokémon is now Burned.",,R,2,127.7,169.99,199.0,149.99,,Holofoil,"<strong>Poké-POWER — Fragrance Trap</strong>
<br>
Once during your turn <em>(before your attack)</em>, you may flip a coin. If heads, choose 1 of your opponent's Benched Pokémon and switch the Defending Pokémon with it. This power can't be used if Victreebel is affected by a Special Condition.",,
90361,Victreebel,Victreebel,https://tcgplayer-cdn.tcgplayer.com/product/90361_200w.jpg,3,1397,https://cpt.tcgcsv.com/f9L,2022-12-01T19:10:50.28,1,042/147,Rare,Grass,90,Stage 2,"[1GG] Corrosive Acid (40)
<br>Flip a coin. If heads, the Defending Pokémon is now Burned.",,R,2,7.81,10.25,16.0,9.18,,Normal,"<strong>Poké-POWER — Fragrance Trap</strong>
<br>
Once during your turn <em>(before your attack)</em>, you may flip a coin. If heads, choose 1 of your opponent's Benched Pokémon and switch the Defending Pokémon with it. This power can't be used if Victreebel is affected by a Special Condition.",,
90361,Victreebel,Victreebel,https://tcgplayer-cdn.tcgplayer.com/product/90361_200w.jpg,3,1397,https://cpt.tcgcsv.com/f9L,2022-12-01T19:10:50.28,1,042/147,Rare,Grass,90,Stage 2,"[1GG] Corrosive Acid (40)
<br>Flip a coin. If heads, the Defending Pokémon is now Burned.",,R,2,31.97,34.5,40.0,10.99,,Reverse Holofoil,"<strong>Poké-POWER — Fragrance Trap</strong>
<br>
Once during your turn <em>(before your attack)</em>, you may flip a coin. If heads, choose 1 of your opponent's Benched Pokémon and switch the Defending Pokémon with it. This power can't be used if Victreebel is affected by a Special Condition.",,
90377,Vileplume (H31),Vileplume H31,https://tcgplayer-cdn.tcgplayer.com/product/90377_200w.jpg,3,1397,https://cpt.tcgcsv.com/z9L,2022-12-01T19:14:13.07,1,H31/H32,Holo Rare,Grass,100,Stage 2,"[G] Poison Scent
<br>Flip a coin. If heads, the Defending Pokémon is now Poisoned and Confused. If tails, the Defending Pokémon is now Poisoned and Asleep.","[3] Addictive Pollen (40)
<br>Flip a coin. If heads, your opponent can't play Supporter cards during his or her next turn.",P,2,90.0,98.75,99.99,123.97,,Holofoil,,,
90378,Vileplume,Vileplume,https://tcgplayer-cdn.tcgplayer.com/product/90378_200w.jpg,3,1397,https://cpt.tcgcsv.com/B9L,2022-12-01T19:12:04.463,1,043/147,Rare,Grass,100,Stage 2,"[G] Poison Scent
<br>Flip a coin. If heads, the Defending Pokémon is now Poisoned and Confused. If tails, the Defending Pokémon is now Poisoned and Asleep.","[3] Addictive Pollen (40)
<br>Flip a coin. If heads, your opponent can't play Supporter cards during his or her next turn.",P,2,23.0,30.0,40.98,15.1,,Normal,,,
90378,Vileplume,Vileplume,https://tcgplayer-cdn.tcgplayer.com/product/90378_200w.jpg,3,1397,https://cpt.tcgcsv.com/B9L,2022-12-01T19:12:04.463,1,043/147,Rare,Grass,100,Stage 2,"[G] Poison Scent
<br>Flip a coin. If heads, the Defending Pokémon is now Poisoned and Confused. If tails, the Defending Pokémon is now Poisoned and Asleep.","[3] Addictive Pollen (40)
<br>Flip a coin. If heads, your opponent can't play Supporter cards during his or her next turn.",P,2,49.97,60.0,89.0,25.64,,Reverse Holofoil,,,
90407,Voltorb (64),Voltorb 64,https://tcgplayer-cdn.tcgplayer.com/product/90407_200w.jpg,3,1397,https://cpt.tcgcsv.com/9bL,2022-12-01T19:18:36.053,1,064/147,Uncommon,Lightning,50,Basic,[1] Rollout (10),"[1L] Thundershock (20)
<br>Flip a coin.  If heads, the Defending Pokemon is now Paralyzed.",F,1,4.52,7.94,10.74,4.5,,Normal,,,
90407,Voltorb (64),Voltorb 64,https://tcgplayer-cdn.tcgplayer.com/product/90407_200w.jpg,3,1397,https://cpt.tcgcsv.com/9bL,2022-12-01T19:18:36.053,1,064/147,Uncommon,Lightning,50,Basic,[1] Rollout (10),"[1L] Thundershock (20)
<br>Flip a coin.  If heads, the Defending Pokemon is now Paralyzed.",F,1,7.33,19.21,30.99,8.97,,Reverse Holofoil,,,
90412,Voltorb (115),Voltorb 115,https://tcgplayer-cdn.tcgplayer.com/product/90412_200w.jpg,3,1397,https://cpt.tcgcsv.com/gbL,2022-12-01T19:15:39.483,1,115/147,Common,Lightning,40,Basic,"[L] Swift (20)
<br>This attack's damage isn't affected by Weakness, Resistance, Poké-Powers, Poké-Bodies, or any other effects on the Defending Pokémon.",,F,1,2.34,3.03,4.99,3.06,,Normal,,,
90412,Voltorb (115),Voltorb 115,https://tcgplayer-cdn.tcgplayer.com/product/90412_200w.jpg,3,1397,https://cpt.tcgcsv.com/gbL,2022-12-01T19:15:39.483,1,115/147,Common,Lightning,40,Basic,"[L] Swift (20)
<br>This attack's damage isn't affected by Weakness, Resistance, Poké-Powers, Poké-Bodies, or any other effects on the Defending Pokémon.",,F,1,19.92,40.0,44.44,18.14,,Reverse Holofoil,,,
90435,Vulpix,Vulpix,https://tcgplayer-cdn.tcgplayer.com/product/90435_200w.jpg,3,1397,https://cpt.tcgcsv.com/KbL,2025-11-24T21:21:34.13,1,116/147,Common,Fire,50,Basic,"[R] Collect Fire (10)
<br>If there are any Fire Energy cards in your discard pile, flip a coin. If heads, attach 1 of them to Vulpix.",,W,1,6.0,7.97,13.2,9.33,,Normal,,,
90435,Vulpix,Vulpix,https://tcgplayer-cdn.tcgplayer.com/product/90435_200w.jpg,3,1397,https://cpt.tcgcsv.com/KbL,2025-11-24T21:21:34.13,1,116/147,Common,Fire,50,Basic,"[R] Collect Fire (10)
<br>If there are any Fire Energy cards in your discard pile, flip a coin. If heads, attach 1 of them to Vulpix.",,W,1,50.32,84.99,99.99,43.76,,Reverse Holofoil,,,
90472,Warp Energy,Warp Energy,https://tcgplayer-cdn.tcgplayer.com/product/90472_200w.jpg,3,1397,https://cpt.tcgcsv.com/scL,2022-12-01T19:22:11.33,1,147/147,Uncommon,Special Energy,,,,,,,4.77,6.83,8.47,6.03,,Normal,"Warp Energy provides 1 Colorless Energy.
<br>
When you attach Warp Energy from your hand to your Active Pokémon, switch your Active Pokémon with 1 of your Benched Pokémon.",,
90472,Warp Energy,Warp Energy,https://tcgplayer-cdn.tcgplayer.com/product/90472_200w.jpg,3,1397,https://cpt.tcgcsv.com/scL,2022-12-01T19:22:11.33,1,147/147,Uncommon,Special Energy,,,,,,,16.95,18.03,24.97,16.95,,Reverse Holofoil,"Warp Energy provides 1 Colorless Energy.
<br>
When you attach Warp Energy from your hand to your Active Pokémon, switch your Active Pokémon with 1 of your Benched Pokémon.",,
90500,Water Cube 01,Water Cube 01,https://tcgplayer-cdn.tcgplayer.com/product/90500_200w.jpg,3,1397,https://cpt.tcgcsv.com/0dL,2022-12-01T19:23:02.093,1,140/147,Uncommon,TM,,,"[W] Splatter
<br>Choose 1 of your opponent's Pokémon. This attack does 20 damage to that Pokémon. Don't apply Weakness and Resistance.",,,,0.99,1.49,2.99,1.5,,Normal,"Attach this card to 1 of your Water Pokémon in play. That Pokémon may use this card's attack instead of its own. At the end of your turn, discard Water Cube 01.",,
90500,Water Cube 01,Water Cube 01,https://tcgplayer-cdn.tcgplayer.com/product/90500_200w.jpg,3,1397,https://cpt.tcgcsv.com/0dL,2022-12-01T19:23:02.093,1,140/147,Uncommon,TM,,,"[W] Splatter
<br>Choose 1 of your opponent's Pokémon. This attack does 20 damage to that Pokémon. Don't apply Weakness and Resistance.",,,,1.99,4.0,7.24,4.6,,Reverse Holofoil,"Attach this card to 1 of your Water Pokémon in play. That Pokémon may use this card's attack instead of its own. At the end of your turn, discard Water Cube 01.",,
90530,Weakness Guard,Weakness Guard,https://tcgplayer-cdn.tcgplayer.com/product/90530_200w.jpg,3,1397,https://cpt.tcgcsv.com/DdL,2022-12-01T19:23:46.763,1,141/147,Uncommon,Trainer,,,,,,,22.5,22.5,22.5,35.52,,Normal,"Attach this card to 1 of your Pokémon. Discard it at the end of your opponent's next turn.
<br>
As long as this card is attached, this Pokémon has no Weakness.",,
90551,Weepinbell,Weepinbell,https://tcgplayer-cdn.tcgplayer.com/product/90551_200w.jpg,3,1397,https://cpt.tcgcsv.com/2fL,2022-12-01T19:24:54.857,1,065/147,Uncommon,Grass,70,Stage 1,"[1] Growth
<br>
Attach up to 2 Grass Energy cards from your hand to Weepinbell.","[1G] Double Razor Leaf (30x)
<br>Flip 2 coins. This attack does 30 damage times the number of heads.",R,1,5.0,5.5,6.49,6.65,,Normal,,,
90551,Weepinbell,Weepinbell,https://tcgplayer-cdn.tcgplayer.com/product/90551_200w.jpg,3,1397,https://cpt.tcgcsv.com/2fL,2022-12-01T19:24:54.857,1,065/147,Uncommon,Grass,70,Stage 1,"[1] Growth
<br>
Attach up to 2 Grass Energy cards from your hand to Weepinbell.","[1G] Double Razor Leaf (30x)
<br>Flip 2 coins. This attack does 30 damage times the number of heads.",R,1,18.0,22.7,70.0,18.11,,Reverse Holofoil,,,
90630,Wooper (66),Wooper 66,https://tcgplayer-cdn.tcgplayer.com/product/90630_200w.jpg,3,1397,https://cpt.tcgcsv.com/DgL,2022-12-01T19:26:18.737,1,066/147,Uncommon,Water,50,Basic,[1] Tail Whap (10),"[W] Deep Dive
<br>Flip 3 coins. For each heads, remove 1 damage counter from Wooper.",G,1,64.99,74.98,129.99,85.65,,Normal,,,
90630,Wooper (66),Wooper 66,https://tcgplayer-cdn.tcgplayer.com/product/90630_200w.jpg,3,1397,https://cpt.tcgcsv.com/DgL,2022-12-01T19:26:18.737,1,066/147,Uncommon,Water,50,Basic,[1] Tail Whap (10),"[W] Deep Dive
<br>Flip 3 coins. For each heads, remove 1 damage counter from Wooper.",G,1,399.99,399.99,399.99,120.78,,Reverse Holofoil,,,
90633,Wooper (117),Wooper 117,https://tcgplayer-cdn.tcgplayer.com/product/90633_200w.jpg,3,1397,https://cpt.tcgcsv.com/HgL,2022-12-01T19:25:43.317,1,117/147,Common,Water,40,Basic,"[W] Bubble (10)
<br>Flip a coin. If heads, the Defending Pokémon is now Paralyzed.",[1W] Wave Splash (20),L,1,39.99,41.23,45.0,39.72,,Normal,,,
90715,Zapdos (H32),Zapdos H32,https://tcgplayer-cdn.tcgplayer.com/product/90715_200w.jpg,3,1397,https://cpt.tcgcsv.com/kjL,2022-12-01T19:27:47.417,1,H32/H32,Holo Rare,Lightning,80,Basic,"[1] Plasma (10)
<br>If there are any Lightning Energy cards in your discard pile, flip a coin. If heads attach 1 of them to Zapdos.","[2LL] Lightning Storm (60)
<br>Flip a coin. If tails, put 2 damage counters on Zapdos.",L,2,220.0,410.0,600.0,138.33,,Holofoil,"<strong>Poké-BODY — Anti-Lightning</strong>
<br>
You can't attach Lightning Energy cards from your hand to Zapdos.",F-30,
90716,Zapdos,Zapdos,https://tcgplayer-cdn.tcgplayer.com/product/90716_200w.jpg,3,1397,https://cpt.tcgcsv.com/ljL,2022-12-01T19:28:47.877,1,044/147,Rare,Lightning,80,Basic,"[1] Plasma (10)
<br>If there are any Lightning Energy cards in your discard pile, flip a coin. If heads attach 1 of them to Zapdos.","[2LL] Lightning Storm (60)
<br>Flip a coin. If tails, put 2 damage counters on Zapdos.",L,2,24.99,30.0,38.98,44.52,,Normal,"<strong>Poké-BODY — Anti-Lightning</strong>
<br>
You can't attach Lightning Energy cards from your hand to Zapdos.",F-30,
138152,Aquapolis Booster Pack,Aquapolis Booster Pack,https://tcgplayer-cdn.tcgplayer.com/product/138152_200w.jpg,3,1397,https://cpt.tcgcsv.com/3h72,2017-07-22T16:48:47.167,1,,,,,,,,,,,,,,,,This booster pack contains 9 cards for Wizards of the Coast printed Aquapolis set.,,
