productId,name,cleanName,imageUrl,categoryId,groupId,url,modifiedOn,imageCount,extNumber,extRarity,extCardType,extHP,extStage,extAttack1,extAttack2,extWeakness,extRetreatCost,lowPrice,midPrice,highPrice,marketPrice,directLowPrice,subTypeName,extCardText,extResistance
83684,Azumarill,Azumarill,https://tcgplayer-cdn.tcgplayer.com/product/83684_200w.jpg,3,1430,https://cpt.tcgcsv.com/JtH,2024-12-15T05:38:35.587,1,18/130,Rare,Water,80,Stage 1,"[1] Defense Curl
<br>
Flip a coin. If heads, prevent all damage done to Azumarill during your opponent's next turn.","[WW] Bubble Pump (40+)
<br>
If Azumarill has 3 or more Energy attached to it, this attack does 40 damage plus 20 more damage. If Azurill is anywhere under Azumarill, flip a coin. If heads, the Defending Pokémon is now Paralyzed.",L+20,2,0.76,1.04,9.99,1.47,1.4,Normal,,
83684,Azumarill,Azumarill,https://tcgplayer-cdn.tcgplayer.com/product/83684_200w.jpg,3,1430,https://cpt.tcgcsv.com/JtH,2024-12-15T05:38:35.587,1,18/130,Rare,Water,80,Stage 1,"[1] Defense Curl
<br>
Flip a coin. If heads, prevent all damage done to Azumarill during your opponent's next turn.","[WW] Bubble Pump (40+)
<br>
If Azumarill has 3 or more Energy attached to it, this attack does 40 damage plus 20 more damage. If Azurill is anywhere under Azumarill, flip a coin. If heads, the Defending Pokémon is now Paralyzed.",L+20,2,1.86,5.45,8.15,5.29,,Reverse Holofoil,,
83690,Azurill,Azurill,https://tcgplayer-cdn.tcgplayer.com/product/83690_200w.jpg,3,1430,https://cpt.tcgcsv.com/QtH,2026-02-18T12:08:19.927,1,69/130,Common,Colorless,40,Basic,"[0] Delivery
<br>
Put any 1 card from your discard pile into your hand.",,F+10,1,5.3,7.25,14.0,7.24,,Normal,"<strong>Poké-POWER — Baby Evolution</strong>
<br>
Once during your turn <em>(before your attack)</em>, you may put Marill from your hand onto Azurill (this counts as evolving Azurill) and remove all damage counters from Azurill.",
83690,Azurill,Azurill,https://tcgplayer-cdn.tcgplayer.com/product/83690_200w.jpg,3,1430,https://cpt.tcgcsv.com/QtH,2026-02-18T12:08:19.927,1,69/130,Common,Colorless,40,Basic,"[0] Delivery
<br>
Put any 1 card from your discard pile into your hand.",,F+10,1,9.95,14.0,15.0,10.72,,Reverse Holofoil,"<strong>Poké-POWER — Baby Evolution</strong>
<br>
Once during your turn <em>(before your attack)</em>, you may put Marill from your hand onto Azurill (this counts as evolving Azurill) and remove all damage counters from Azurill.",
83758,Beautifly,Beautifly,https://tcgplayer-cdn.tcgplayer.com/product/83758_200w.jpg,3,1430,https://cpt.tcgcsv.com/bwH,2023-09-25T17:26:29.697,1,19/130,Rare,Grass,100,Stage 2,"[2] Whirlwind (30)
<br>
Your opponent switches the Defending Pokémon with 1 of his or her Benched Pokémon.","[2GG] Giga Drain (50)
<br>After your attack, remove from Beautifly the number of damage counters equal to the damage you did to the Defending Pokémon.",R+20,1,0.25,0.93,4.0,1.37,,Normal,,F-20
83758,Beautifly,Beautifly,https://tcgplayer-cdn.tcgplayer.com/product/83758_200w.jpg,3,1430,https://cpt.tcgcsv.com/bwH,2023-09-25T17:26:29.697,1,19/130,Rare,Grass,100,Stage 2,"[2] Whirlwind (30)
<br>
Your opponent switches the Defending Pokémon with 1 of his or her Benched Pokémon.","[2GG] Giga Drain (50)
<br>After your attack, remove from Beautifly the number of damage counters equal to the damage you did to the Defending Pokémon.",R+20,1,0.6,2.19,4.44,4.23,,Reverse Holofoil,,F-20
83817,Bibarel,Bibarel,https://tcgplayer-cdn.tcgplayer.com/product/83817_200w.jpg,3,1430,https://cpt.tcgcsv.com/mxH,2023-09-25T17:27:05.477,1,20/130,Rare,Colorless,100,Stage 1,"[1] Rest
<br>
Remove all Special Conditions and 4 damage counters from Bibarel. Bibarel is now Asleep.","[3] Take Down (60)
<br>
Bibarel does 10 damage to itself.",F+20,2,1.17,1.99,9.99,3.43,,Normal,,
83817,Bibarel,Bibarel,https://tcgplayer-cdn.tcgplayer.com/product/83817_200w.jpg,3,1430,https://cpt.tcgcsv.com/mxH,2023-09-25T17:27:05.477,1,20/130,Rare,Colorless,100,Stage 1,"[1] Rest
<br>
Remove all Special Conditions and 4 damage counters from Bibarel. Bibarel is now Asleep.","[3] Take Down (60)
<br>
Bibarel does 10 damage to itself.",F+20,2,1.8,2.46,6.0,4.99,,Reverse Holofoil,,
83824,Bidoof,Bidoof,https://tcgplayer-cdn.tcgplayer.com/product/83824_200w.jpg,3,1430,https://cpt.tcgcsv.com/vxH,2025-10-31T18:30:48.47,1,70/130,Common,Colorless,50,Basic,"[1] Amnesia
<br>Choose 1 of the Defending Pokémon's attacks. That Pokémon can't use that attack during your opponent's next turn.","[1] Scavenge
<br>
Search your discard pile for a Trainer card, show it to your opponent, and put it into your hand.",F+10,1,0.15,0.95,3.0,1.04,0.68,Normal,,
83824,Bidoof,Bidoof,https://tcgplayer-cdn.tcgplayer.com/product/83824_200w.jpg,3,1430,https://cpt.tcgcsv.com/vxH,2025-10-31T18:30:48.47,1,70/130,Common,Colorless,50,Basic,"[1] Amnesia
<br>Choose 1 of the Defending Pokémon's attacks. That Pokémon can't use that attack during your opponent's next turn.","[1] Scavenge
<br>
Search your discard pile for a Trainer card, show it to your opponent, and put it into your hand.",F+10,1,0.35,1.25,5.99,2.96,,Reverse Holofoil,,
83936,Bonsly,Bonsly,https://tcgplayer-cdn.tcgplayer.com/product/83936_200w.jpg,3,1430,https://cpt.tcgcsv.com/LBH,2025-11-19T22:56:38.857,1,71/130,Common,Fighting,40,Basic,"[0] Fake Tears
<br>
Flip a coin. If heads, your opponent can't play any Trainer cards from his or her hand during your opponent's next turn, and any damage done to Bonsly by attacks is reduced by 30 <em>(after applying Weakness and Resistance)</em>.",,G+10,1,11.23,13.67,29.99,19.85,,Normal,"<strong>Poké-POWER — Baby Evolution</strong>
<br>
Once during your turn <em>(before your attack)</em>, you may put Sudowoodo from your hand onto Bonsly (this counts as evolving Bonsly) and remove all damage counters from Bonsly.",
83936,Bonsly,Bonsly,https://tcgplayer-cdn.tcgplayer.com/product/83936_200w.jpg,3,1430,https://cpt.tcgcsv.com/LBH,2025-11-19T22:56:38.857,1,71/130,Common,Fighting,40,Basic,"[0] Fake Tears
<br>
Flip a coin. If heads, your opponent can't play any Trainer cards from his or her hand during your opponent's next turn, and any damage done to Bonsly by attacks is reduced by 30 <em>(after applying Weakness and Resistance)</em>.",,G+10,1,60.0,77.49,79.99,37.39,,Reverse Holofoil,"<strong>Poké-POWER — Baby Evolution</strong>
<br>
Once during your turn <em>(before your attack)</em>, you may put Sudowoodo from your hand onto Bonsly (this counts as evolving Bonsly) and remove all damage counters from Bonsly.",
84010,Budew,Budew,https://tcgplayer-cdn.tcgplayer.com/product/84010_200w.jpg,3,1430,https://cpt.tcgcsv.com/dDH,2023-09-25T18:04:17.703,1,43/130,Uncommon,Grass,40,Basic,"[0] Errand-Running
<br>Search your deck for a Trainer card, show it to your opponent, and put it into your hand. Shuffle your deck afterward.",,R+10,1,1.96,4.34,19.99,5.44,,Normal,"<strong>Poké-POWER — Baby Evolution</strong>
<br>
Once during your turn <em>(before your attack)</em>, you may put Roselia from your hand onto Budew (this counts as evolving Budew) and remove all damage counters from Budew.",
84010,Budew,Budew,https://tcgplayer-cdn.tcgplayer.com/product/84010_200w.jpg,3,1430,https://cpt.tcgcsv.com/dDH,2023-09-25T18:04:17.703,1,43/130,Uncommon,Grass,40,Basic,"[0] Errand-Running
<br>Search your deck for a Trainer card, show it to your opponent, and put it into your hand. Shuffle your deck afterward.",,R+10,1,7.2,10.99,687.74,6.95,,Reverse Holofoil,"<strong>Poké-POWER — Baby Evolution</strong>
<br>
Once during your turn <em>(before your attack)</em>, you may put Roselia from your hand onto Budew (this counts as evolving Budew) and remove all damage counters from Budew.",
84015,Buizel,Buizel,https://tcgplayer-cdn.tcgplayer.com/product/84015_200w.jpg,3,1430,https://cpt.tcgcsv.com/kDH,2023-09-25T18:21:25.443,1,72/130,Common,Water,60,Basic,"[W] Splash About (10+)
If Buizel has less Energy attached to it than the Defending Pokémon, this attack does 10 damage plus 10 more damage.",,L+10,1,0.08,0.25,5.0,0.29,,Normal,,
84015,Buizel,Buizel,https://tcgplayer-cdn.tcgplayer.com/product/84015_200w.jpg,3,1430,https://cpt.tcgcsv.com/kDH,2023-09-25T18:21:25.443,1,72/130,Common,Water,60,Basic,"[W] Splash About (10+)
If Buizel has less Energy attached to it than the Defending Pokémon, this attack does 10 damage plus 10 more damage.",,L+10,1,0.4,1.55,3.49,1.96,,Reverse Holofoil,,
84037,Buneary,Buneary,https://tcgplayer-cdn.tcgplayer.com/product/84037_200w.jpg,3,1430,https://cpt.tcgcsv.com/MDH,2023-09-25T18:21:29.523,1,73/130,Common,Colorless,50,Basic,[1] Splash (10),"[2] Jump Kick (10)
<br>
Does 10 damage to 1 of your opponent's Benched Pokémon. <em>(Don't apply Weakness and Resistance for Benched Pokémon.)</em>",F+10,1,0.14,0.41,5.91,0.44,,Normal,,
84037,Buneary,Buneary,https://tcgplayer-cdn.tcgplayer.com/product/84037_200w.jpg,3,1430,https://cpt.tcgcsv.com/MDH,2023-09-25T18:21:29.523,1,73/130,Common,Colorless,50,Basic,[1] Splash (10),"[2] Jump Kick (10)
<br>
Does 10 damage to 1 of your opponent's Benched Pokémon. <em>(Don't apply Weakness and Resistance for Benched Pokémon.)</em>",F+10,1,0.92,4.32,5.39,5.01,,Reverse Holofoil,,
84099,Carnivine,Carnivine,https://tcgplayer-cdn.tcgplayer.com/product/84099_200w.jpg,3,1430,https://cpt.tcgcsv.com/_FH,2023-09-25T17:42:06.763,1,21/130,Rare,Grass,70,Basic,"[1G] Swallow Up (30)
<br>
Before doing damage, count the remaining HP of the Defending Pokémon and Carnivine. If the Defending Pokémon has fewer remaining HP than Carnivine's, this attack does 60 damage instead.","[GG] Wring Out (20)
<br>
Flip a coin. If heads, the Defending Pokémon is now Paralyzed and discard an Energy card attached to the Defending Pokémon.",R+20,1,0.54,1.11,9.99,1.25,,Normal,,W-20
84099,Carnivine,Carnivine,https://tcgplayer-cdn.tcgplayer.com/product/84099_200w.jpg,3,1430,https://cpt.tcgcsv.com/_FH,2023-09-25T17:42:06.763,1,21/130,Rare,Grass,70,Basic,"[1G] Swallow Up (30)
<br>
Before doing damage, count the remaining HP of the Defending Pokémon and Carnivine. If the Defending Pokémon has fewer remaining HP than Carnivine's, this attack does 60 damage instead.","[GG] Wring Out (20)
<br>
Flip a coin. If heads, the Defending Pokémon is now Paralyzed and discard an Energy card attached to the Defending Pokémon.",R+20,1,1.46,2.81,6.97,4.79,,Reverse Holofoil,,W-20
84121,Cascoon,Cascoon,https://tcgplayer-cdn.tcgplayer.com/product/84121_200w.jpg,3,1430,https://cpt.tcgcsv.com/rGH,2025-11-19T22:57:42.927,1,44/130,Uncommon,Grass,80,Stage 1,"[G] Harden
<br>
During your opponent's next turn, if Cascoon would be damaged by an attack, prevent that attack's damage done to Cascoon if that damage is 30 or less.","[1G] Gooey Thread (20)
<br>
The Defending Pokémon can't retreat during your opponent's next turn.",R+20,3,0.15,0.53,3.0,0.65,0.42,Normal,,
84121,Cascoon,Cascoon,https://tcgplayer-cdn.tcgplayer.com/product/84121_200w.jpg,3,1430,https://cpt.tcgcsv.com/rGH,2025-11-19T22:57:42.927,1,44/130,Uncommon,Grass,80,Stage 1,"[G] Harden
<br>
During your opponent's next turn, if Cascoon would be damaged by an attack, prevent that attack's damage done to Cascoon if that damage is 30 or less.","[1G] Gooey Thread (20)
<br>
The Defending Pokémon can't retreat during your opponent's next turn.",R+20,3,1.25,2.25,5.94,2.12,,Reverse Holofoil,,
84239,Chatot,Chatot,https://tcgplayer-cdn.tcgplayer.com/product/84239_200w.jpg,3,1430,https://cpt.tcgcsv.com/PJH,2023-09-25T18:21:32.33,1,74/130,Common,Colorless,60,Basic,"[1] Me First
<br>
Draw a card.","[1] Tone-Deaf (10)
<br>
Flip a coin. If heads, the Defending Pokémon is now Confused.",L+10,1,0.12,0.36,3.0,0.43,,Normal,,F-20
84239,Chatot,Chatot,https://tcgplayer-cdn.tcgplayer.com/product/84239_200w.jpg,3,1430,https://cpt.tcgcsv.com/PJH,2023-09-25T18:21:32.33,1,74/130,Common,Colorless,60,Basic,"[1] Me First
<br>
Draw a card.","[1] Tone-Deaf (10)
<br>
Flip a coin. If heads, the Defending Pokémon is now Confused.",L+10,1,0.79,1.4,2.66,1.16,,Reverse Holofoil,,F-20
84251,Cherrim,Cherrim,https://tcgplayer-cdn.tcgplayer.com/product/84251_200w.jpg,3,1430,https://cpt.tcgcsv.com/2KH,2023-09-25T18:04:39.113,1,45/130,Uncommon,Grass,80,Stage 1,"[G] Worry Seed (20)
<br>
Flip a coin. If heads, the Defending Pokémon is now Confused.","[GG] Magical Leaf (20+)
<br>
Flip a coin. If heads, this attack does 20 damage plus 20 more damage and remove 3 damage counters from Cherrim.",R+20,2,0.24,0.52,3.0,0.73,,Normal,,W-20
84251,Cherrim,Cherrim,https://tcgplayer-cdn.tcgplayer.com/product/84251_200w.jpg,3,1430,https://cpt.tcgcsv.com/2KH,2023-09-25T18:04:39.113,1,45/130,Uncommon,Grass,80,Stage 1,"[G] Worry Seed (20)
<br>
Flip a coin. If heads, the Defending Pokémon is now Confused.","[GG] Magical Leaf (20+)
<br>
Flip a coin. If heads, this attack does 20 damage plus 20 more damage and remove 3 damage counters from Cherrim.",R+20,2,2.25,2.4,4.56,4.56,,Reverse Holofoil,,W-20
84259,Cherubi,Cherubi,https://tcgplayer-cdn.tcgplayer.com/product/84259_200w.jpg,3,1430,https://cpt.tcgcsv.com/cKH,2026-02-17T17:31:32.577,1,75/130,Common,Grass,50,Basic,"[G] Sleep Powder
<br>
The Defending Pokémon is now Asleep.","[1G] Leech Seed (20)
<br>
If this attack does any damage to the Defending Pokémon <em>(after applying Weakness and Resistance)</em>, remove 1 damage counter from Cherubi.",R+10,1,0.03,0.34,3.0,0.34,0.34,Normal,,W-20
84259,Cherubi,Cherubi,https://tcgplayer-cdn.tcgplayer.com/product/84259_200w.jpg,3,1430,https://cpt.tcgcsv.com/cKH,2026-02-17T17:31:32.577,1,75/130,Common,Grass,50,Basic,"[G] Sleep Powder
<br>
The Defending Pokémon is now Asleep.","[1G] Leech Seed (20)
<br>
If this attack does any damage to the Defending Pokémon <em>(after applying Weakness and Resistance)</em>, remove 1 damage counter from Cherubi.",R+10,1,0.66,1.12,4.99,1.35,,Reverse Holofoil,,W-20
84282,Chimchar,Chimchar,https://tcgplayer-cdn.tcgplayer.com/product/84282_200w.jpg,3,1430,https://cpt.tcgcsv.com/GKH,2025-11-19T23:00:04.38,1,76/130,Common,Fire,50,Basic,[0] Scratch (10),"[1R] Ember (30)
<br>
Flip a coin. If tails, discard a Fire Energy attached to Chimchar.",W+10,1,0.09,0.4,3.0,0.4,0.41,Normal,,
84282,Chimchar,Chimchar,https://tcgplayer-cdn.tcgplayer.com/product/84282_200w.jpg,3,1430,https://cpt.tcgcsv.com/GKH,2025-11-19T23:00:04.38,1,76/130,Common,Fire,50,Basic,[0] Scratch (10),"[1R] Ember (30)
<br>
Flip a coin. If tails, discard a Fire Energy attached to Chimchar.",W+10,1,1.22,1.59,4.99,3.08,,Reverse Holofoil,,
84347,Clefable,Clefable,https://tcgplayer-cdn.tcgplayer.com/product/84347_200w.jpg,3,1430,https://cpt.tcgcsv.com/ZLH,2023-09-25T17:32:10.417,1,22/130,Rare,Colorless,90,Stage 1,"[2] Double Slap (30x)
<br>
Flip 2 coins. This attack does 30 damage times the number of heads.","[3] Metronome
<br>
Choose 1 of the Defending Pokémon's attacks. Metronome copies that attack except for its Energy cost. (You must still do anything else in order to use that attack.) Clefable performs that attack.",F+20,2,1.0,2.0,9.99,2.73,,Normal,,
84347,Clefable,Clefable,https://tcgplayer-cdn.tcgplayer.com/product/84347_200w.jpg,3,1430,https://cpt.tcgcsv.com/ZLH,2023-09-25T17:32:10.417,1,22/130,Rare,Colorless,90,Stage 1,"[2] Double Slap (30x)
<br>
Flip 2 coins. This attack does 30 damage times the number of heads.","[3] Metronome
<br>
Choose 1 of the Defending Pokémon's attacks. Metronome copies that attack except for its Energy cost. (You must still do anything else in order to use that attack.) Clefable performs that attack.",F+20,2,3.45,3.99,8.99,5.0,,Reverse Holofoil,,
84356,Clefairy,Clefairy,https://tcgplayer-cdn.tcgplayer.com/product/84356_200w.jpg,3,1430,https://cpt.tcgcsv.com/8MH,2023-09-25T18:21:43.09,1,77/130,Common,Colorless,60,Basic,"[1] Sing
<br>
The Defending Pokémon is now Asleep.","[2] Moon Impact (20+)
<br>
If Clefairy is evolved from Cleffa, this attack does 20 damage plus 20 more damage.",F+10,1,0.2,0.5,5.0,0.72,,Normal,,
84356,Clefairy,Clefairy,https://tcgplayer-cdn.tcgplayer.com/product/84356_200w.jpg,3,1430,https://cpt.tcgcsv.com/8MH,2023-09-25T18:21:43.09,1,77/130,Common,Colorless,60,Basic,"[1] Sing
<br>
The Defending Pokémon is now Asleep.","[2] Moon Impact (20+)
<br>
If Clefairy is evolved from Cleffa, this attack does 20 damage plus 20 more damage.",F+10,1,0.69,1.99,3.14,3.39,,Reverse Holofoil,,
84366,Cleffa,Cleffa,https://tcgplayer-cdn.tcgplayer.com/product/84366_200w.jpg,3,1430,https://cpt.tcgcsv.com/lMH,2023-09-25T18:21:46.003,1,78/130,Common,Colorless,40,Basic,"[0] Eeek
<br>
Draw a card.",,F+10,1,0.19,0.7,5.0,0.91,,Normal,"<strong>Poké-POWER — Baby Evolution</strong>
<br>
Once during your turn <em>(before your attack)</em>, you may put Clefairy from your hand onto Cleffa (this counts as evolving Cleffa) and remove all damage counters from Cleffa.",
84366,Cleffa,Cleffa,https://tcgplayer-cdn.tcgplayer.com/product/84366_200w.jpg,3,1430,https://cpt.tcgcsv.com/lMH,2023-09-25T18:21:46.003,1,78/130,Common,Colorless,40,Basic,"[0] Eeek
<br>
Draw a card.",,F+10,1,5.0,5.5,9.0,9.04,,Reverse Holofoil,"<strong>Poké-POWER — Baby Evolution</strong>
<br>
Once during your turn <em>(before your attack)</em>, you may put Clefairy from your hand onto Cleffa (this counts as evolving Cleffa) and remove all damage counters from Cleffa.",
84392,Combee,Combee,https://tcgplayer-cdn.tcgplayer.com/product/84392_200w.jpg,3,1430,https://cpt.tcgcsv.com/SMH,2025-11-19T23:00:42.217,1,79/130,Common,Grass,50,Basic,"[G] Soliciting Nectar
<br>
Switch 1 of your opponent's Benched Pokémon with 1 of the Defending Pokémon. The new Defending Pokémon is now Asleep.",[2] Gust (20),R+10,1,0.05,0.25,5.0,0.31,0.25,Normal,,F-20
84392,Combee,Combee,https://tcgplayer-cdn.tcgplayer.com/product/84392_200w.jpg,3,1430,https://cpt.tcgcsv.com/SMH,2025-11-19T23:00:42.217,1,79/130,Common,Grass,50,Basic,"[G] Soliciting Nectar
<br>
Switch 1 of your opponent's Benched Pokémon with 1 of the Defending Pokémon. The new Defending Pokémon is now Asleep.",[2] Gust (20),R+10,1,0.4,0.89,4.19,1.75,1.54,Reverse Holofoil,,F-20
84676,Darkness Energy,Darkness Energy,https://tcgplayer-cdn.tcgplayer.com/product/84676_200w.jpg,3,1430,https://cpt.tcgcsv.com/xTH,2023-08-02T05:09:22.32,1,129/130,Common,Basic Energy,,,,,,,0.5,0.86,3.89,3.47,,Normal,,
84798,Dialga,Dialga,https://tcgplayer-cdn.tcgplayer.com/product/84798_200w.jpg,3,1430,https://cpt.tcgcsv.com/-WH,2023-09-25T17:14:24.783,1,1/130,Holo Rare,Metal,90,Basic,"[M] Time Bellow (10)
<br>Draw a card.","[1MM] Flash Cannon (40)
<br>You may return all Energy cards attached to Dialga to your hand. If you do, remove the highest Stage Evolution card from the Defending Pokémon and shuffle that card into your opponent's deck.",R+20,2,4.84,9.99,32.48,37.85,,Holofoil,,P-20
84798,Dialga,Dialga,https://tcgplayer-cdn.tcgplayer.com/product/84798_200w.jpg,3,1430,https://cpt.tcgcsv.com/-WH,2023-09-25T17:14:24.783,1,1/130,Holo Rare,Metal,90,Basic,"[M] Time Bellow (10)
<br>Draw a card.","[1MM] Flash Cannon (40)
<br>You may return all Energy cards attached to Dialga to your hand. If you do, remove the highest Stage Evolution card from the Defending Pokémon and shuffle that card into your opponent's deck.",R+20,2,3.99,11.5,30.94,24.95,,Reverse Holofoil,,P-20
84890,Double Full Heal,Double Full Heal,https://tcgplayer-cdn.tcgplayer.com/product/84890_200w.jpg,3,1430,https://cpt.tcgcsv.com/QZH,2022-12-07T15:29:24.84,1,105/130,Uncommon,Trainer,,,,,,,0.03,0.3,5.0,0.34,,Normal,Remove all Special Conditions from each of your Active Pokémon.,
84890,Double Full Heal,Double Full Heal,https://tcgplayer-cdn.tcgplayer.com/product/84890_200w.jpg,3,1430,https://cpt.tcgcsv.com/QZH,2022-12-07T15:29:24.84,1,105/130,Uncommon,Trainer,,,,,,,0.5,1.18,4.19,0.55,,Reverse Holofoil,Remove all Special Conditions from each of your Active Pokémon.,
84922,Drapion,Drapion,https://tcgplayer-cdn.tcgplayer.com/product/84922_200w.jpg,3,1430,https://cpt.tcgcsv.com/s-H,2023-09-25T17:38:25.263,1,23/130,Rare,Psychic,100,Stage 1,"[2] Stomp (20+)
<br>
Flip a coin. If heads, this attack does 20 damage plus 20 more damage.","[1PP] Poison Claws (50)
<br>
The Defending Pokémon is now Poisoned.",P+20,3,1.0,2.46,9.99,2.38,,Normal,,
84922,Drapion,Drapion,https://tcgplayer-cdn.tcgplayer.com/product/84922_200w.jpg,3,1430,https://cpt.tcgcsv.com/s-H,2023-09-25T17:38:25.263,1,23/130,Rare,Psychic,100,Stage 1,"[2] Stomp (20+)
<br>
Flip a coin. If heads, this attack does 20 damage plus 20 more damage.","[1PP] Poison Claws (50)
<br>
The Defending Pokémon is now Poisoned.",P+20,3,2.24,3.5,5.93,3.88,,Reverse Holofoil,,
84943,Drifblim,Drifblim,https://tcgplayer-cdn.tcgplayer.com/product/84943_200w.jpg,3,1430,https://cpt.tcgcsv.com/T-H,2023-09-25T17:38:37.09,1,24/130,Rare,Psychic,80,Stage 1,"[1] Wind Wave
<br>
Search your discard pile for up to 5 in any combination of Pokémon and Supporter cards. Show them to your opponent and shuffle them into your deck.","[PPP] Explosive Smoke (60)
<br>
Does 10 damage to each Benched Pokémon <em>(both yours and your opponent's)</em>. <em>(Don't apply Weakness and Resistance for Benched Pokemon.)</em>",D+20,0,0.5,1.25,9.99,1.32,,Normal,,C-20
84943,Drifblim,Drifblim,https://tcgplayer-cdn.tcgplayer.com/product/84943_200w.jpg,3,1430,https://cpt.tcgcsv.com/T-H,2023-09-25T17:38:37.09,1,24/130,Rare,Psychic,80,Stage 1,"[1] Wind Wave
<br>
Search your discard pile for up to 5 in any combination of Pokémon and Supporter cards. Show them to your opponent and shuffle them into your deck.","[PPP] Explosive Smoke (60)
<br>
Does 10 damage to each Benched Pokémon <em>(both yours and your opponent's)</em>. <em>(Don't apply Weakness and Resistance for Benched Pokemon.)</em>",D+20,0,1.25,2.84,4.89,4.05,,Reverse Holofoil,,C-20
84953,Drifloon,Drifloon,https://tcgplayer-cdn.tcgplayer.com/product/84953_200w.jpg,3,1430,https://cpt.tcgcsv.com/5_H,2023-09-25T18:04:50.177,1,46/130,Uncommon,Psychic,60,Basic,"[P] Blowing Wind
<br>
Flip a coin. If heads, put 1 of your Benched Pokémon and all cards attacked to on top of your deck. Shuffle your deck afterward.","[1P] Ominous Wind (10)
<br>
Flip a coin. If heads, the Defending Pokémon is now Confused and can't retreat during your opponent's next turn.",D+10,1,0.24,0.5,5.0,0.63,,Normal,,C-20
84953,Drifloon,Drifloon,https://tcgplayer-cdn.tcgplayer.com/product/84953_200w.jpg,3,1430,https://cpt.tcgcsv.com/5_H,2023-09-25T18:04:50.177,1,46/130,Uncommon,Psychic,60,Basic,"[P] Blowing Wind
<br>
Flip a coin. If heads, put 1 of your Benched Pokémon and all cards attacked to on top of your deck. Shuffle your deck afterward.","[1P] Ominous Wind (10)
<br>
Flip a coin. If heads, the Defending Pokémon is now Confused and can't retreat during your opponent's next turn.",D+10,1,0.75,0.99,2.66,1.54,,Reverse Holofoil,,C-20
85028,Dusclops,Dusclops,https://tcgplayer-cdn.tcgplayer.com/product/85028_200w.jpg,3,1430,https://cpt.tcgcsv.com/B0J,2023-09-25T18:05:04.697,1,47/130,Uncommon,Psychic,80,Stage 1,"[1P] Roam
<br>
Flip a coin. If heads, put 2 damage counters on each of your opponent's Pokémon. If tails, put 2 damage counters on 1 of your Pokémon.","[PP] Gravity Wave (30)
<br>
Does 10 damage to each of your opponent's Benched Pokémon that doesn't have a Retreat Cost. <em>(Don't apply Weakness and Resistance for Benched Pokémon.)</em>",D+20,2,0.15,0.49,19.5,0.49,0.3,Normal,,C-20
85028,Dusclops,Dusclops,https://tcgplayer-cdn.tcgplayer.com/product/85028_200w.jpg,3,1430,https://cpt.tcgcsv.com/B0J,2023-09-25T18:05:04.697,1,47/130,Uncommon,Psychic,80,Stage 1,"[1P] Roam
<br>
Flip a coin. If heads, put 2 damage counters on each of your opponent's Pokémon. If tails, put 2 damage counters on 1 of your Pokémon.","[PP] Gravity Wave (30)
<br>
Does 10 damage to each of your opponent's Benched Pokémon that doesn't have a Retreat Cost. <em>(Don't apply Weakness and Resistance for Benched Pokémon.)</em>",D+20,2,0.9,2.99,7.97,0.95,,Reverse Holofoil,,C-20
85036,Dusknoir,Dusknoir,https://tcgplayer-cdn.tcgplayer.com/product/85036_200w.jpg,3,1430,https://cpt.tcgcsv.com/L0J,2023-09-25T17:14:38.34,1,2/130,Holo Rare,Psychic,120,Stage 2,"[1PP] Hard Feelings
<br>
Put 5 damage counters on the Defending Pokémon. Then, count the number of Prize cards your opponent has taken and put that many damage counters on the Defending Pokémon.",,D+30,3,6.09,7.5,13.16,12.86,,Holofoil,"<strong>Poké-POWER — Dark Palm</strong>
<br>
Once during your turn <em>(before your attack)</em>, if your opponent has 4 or more Benched Pokémon, you may choose 1 of them and shuffle that Pokémon and all cards attached to it into his or her deck. This power can't be used if Dusknoir is affected by a Special Condition.",C-20
85036,Dusknoir,Dusknoir,https://tcgplayer-cdn.tcgplayer.com/product/85036_200w.jpg,3,1430,https://cpt.tcgcsv.com/L0J,2023-09-25T17:14:38.34,1,2/130,Holo Rare,Psychic,120,Stage 2,"[1PP] Hard Feelings
<br>
Put 5 damage counters on the Defending Pokémon. Then, count the number of Prize cards your opponent has taken and put that many damage counters on the Defending Pokémon.",,D+30,3,3.9,5.28,8.78,7.03,,Reverse Holofoil,"<strong>Poké-POWER — Dark Palm</strong>
<br>
Once during your turn <em>(before your attack)</em>, if your opponent has 4 or more Benched Pokémon, you may choose 1 of them and shuffle that Pokémon and all cards attached to it into his or her deck. This power can't be used if Dusknoir is affected by a Special Condition.",C-20
85050,Duskull,Duskull,https://tcgplayer-cdn.tcgplayer.com/product/85050_200w.jpg,3,1430,https://cpt.tcgcsv.com/02J,2023-09-25T18:21:52.11,1,80/130,Common,Psychic,50,Basic,"[1] Disable
<br>
Flip a coin. If heads, choose 1 of the Defending Pokémon's attacks. That Pokemon can't use that attack during your opponent's next turn.","[1P] Night Shade (20)
<br>
Does 10 damage to 1 of your opponent's Benched Pokémon. <em>(Don't apply Weakness and Resistance for Benched Pokémon.)</em>",D+10,1,0.23,0.38,5.0,0.42,,Normal,,C-20
85050,Duskull,Duskull,https://tcgplayer-cdn.tcgplayer.com/product/85050_200w.jpg,3,1430,https://cpt.tcgcsv.com/02J,2023-09-25T18:21:52.11,1,80/130,Common,Psychic,50,Basic,"[1] Disable
<br>
Flip a coin. If heads, choose 1 of the Defending Pokémon's attacks. That Pokemon can't use that attack during your opponent's next turn.","[1P] Night Shade (20)
<br>
Does 10 damage to 1 of your opponent's Benched Pokémon. <em>(Don't apply Weakness and Resistance for Benched Pokémon.)</em>",D+10,1,3.14,4.8,9.99,5.56,,Reverse Holofoil,,C-20
85057,Dustox,Dustox,https://tcgplayer-cdn.tcgplayer.com/product/85057_200w.jpg,3,1430,https://cpt.tcgcsv.com/92J,2025-11-10T22:43:00.587,1,25/130,Rare,Grass,120,Stage 2,"[1G] Stun Spore (30)
<br>
Flip a coin. If heads, the Defending Pokémon is now Paralyzed.","[2GG] Toxic Dust (50)
<br>
The Defending Pokémon is now Poisoned. Put 2 damage counters instead of 1 on the Defending Pokémon between turns.",R+30,2,0.96,1.43,9.99,1.46,,Normal,,
85057,Dustox,Dustox,https://tcgplayer-cdn.tcgplayer.com/product/85057_200w.jpg,3,1430,https://cpt.tcgcsv.com/92J,2025-11-10T22:43:00.587,1,25/130,Rare,Grass,120,Stage 2,"[1G] Stun Spore (30)
<br>
Flip a coin. If heads, the Defending Pokémon is now Paralyzed.","[2GG] Toxic Dust (50)
<br>
The Defending Pokémon is now Poisoned. Put 2 damage counters instead of 1 on the Defending Pokémon between turns.",R+30,2,2.95,3.85,96.95,5.09,3.55,Reverse Holofoil,,
85114,Electabuzz,Electabuzz,https://tcgplayer-cdn.tcgplayer.com/product/85114_200w.jpg,3,1430,https://cpt.tcgcsv.com/j3J,2023-09-25T18:21:56.09,1,81/130,Common,Lightning,70,Basic,"[1L] Thunderpunch (30+)
<br>
Flip a coin. If heads, this attack does 30 damage plus 10 more damage. If tails, Electabuzz does 10 damage to itself.","[LL] Shock Wave (20)
<br>
Flip a coin. If heads, the Defending Pokémon is now Paralyzed. If Electabuzz is evolved from Elekid, this attack does 20 damage to 1 of your opponent's Benched Pokémon. <em>(Don't apply Weakness and Resistance for Benched Pokémon.)</em>",F+10,2,0.2,0.5,3.0,0.6,,Normal,,M-20
85114,Electabuzz,Electabuzz,https://tcgplayer-cdn.tcgplayer.com/product/85114_200w.jpg,3,1430,https://cpt.tcgcsv.com/j3J,2023-09-25T18:21:56.09,1,81/130,Common,Lightning,70,Basic,"[1L] Thunderpunch (30+)
<br>
Flip a coin. If heads, this attack does 30 damage plus 10 more damage. If tails, Electabuzz does 10 damage to itself.","[LL] Shock Wave (20)
<br>
Flip a coin. If heads, the Defending Pokémon is now Paralyzed. If Electabuzz is evolved from Elekid, this attack does 20 damage to 1 of your opponent's Benched Pokémon. <em>(Don't apply Weakness and Resistance for Benched Pokémon.)</em>",F+10,2,2.38,3.34,5.48,4.74,4.44,Reverse Holofoil,,M-20
85121,Electivire,Electivire,https://tcgplayer-cdn.tcgplayer.com/product/85121_200w.jpg,3,1430,https://cpt.tcgcsv.com/r3J,2026-02-25T14:19:04.243,1,3/130,Holo Rare,Lightning,100,Stage 1,"[1LLL] Giga Impact (60)
<br>
You may discard all Lightning Energy attached to Electivire. If you do, this attack's base damage is 120 instead of 60.",,F+20,3,4.32,14.13,29.97,14.17,29.97,Holofoil,"<strong>Poké-POWER — Intense Voltage</strong>
<br>
As often as you like during your turn <em>(before your attack)</em>, if Elekid is anywhere under Electivire, you may move a Lightning Energy attached to 1 of your Pokémon to Electivire. This power can't be used if",M-20
85121,Electivire,Electivire,https://tcgplayer-cdn.tcgplayer.com/product/85121_200w.jpg,3,1430,https://cpt.tcgcsv.com/r3J,2026-02-25T14:19:04.243,1,3/130,Holo Rare,Lightning,100,Stage 1,"[1LLL] Giga Impact (60)
<br>
You may discard all Lightning Energy attached to Electivire. If you do, this attack's base damage is 120 instead of 60.",,F+20,3,3.2,10.08,20.0,11.26,,Reverse Holofoil,"<strong>Poké-POWER — Intense Voltage</strong>
<br>
As often as you like during your turn <em>(before your attack)</em>, if Elekid is anywhere under Electivire, you may move a Lightning Energy attached to 1 of your Pokémon to Electivire. This power can't be used if",M-20
85171,Elekid,Elekid,https://tcgplayer-cdn.tcgplayer.com/product/85171_200w.jpg,3,1430,https://cpt.tcgcsv.com/r5J,2025-11-19T23:01:30.003,1,48/130,Uncommon,Lightning,40,Basic,"[0] Outlet
<br>
Search your deck for a Lightning Energy card, show it to your opponent, and put it into your hand. Shuffle your deck afterward.",,F+10,1,0.49,1.25,5.0,1.42,0.4,Normal,"<strong>Poké-POWER — Baby Evolution</strong>
<br>
Once during your turn <em>(before your attack)</em>, you may put Electabuzz from your hand onto Elekid (this counts as evolving Elekid) and remove all damage counters from Elekid.",M-20
85171,Elekid,Elekid,https://tcgplayer-cdn.tcgplayer.com/product/85171_200w.jpg,3,1430,https://cpt.tcgcsv.com/r5J,2025-11-19T23:01:30.003,1,48/130,Uncommon,Lightning,40,Basic,"[0] Outlet
<br>
Search your deck for a Lightning Energy card, show it to your opponent, and put it into your hand. Shuffle your deck afterward.",,F+10,1,1.5,7.68,15.68,9.54,,Reverse Holofoil,"<strong>Poké-POWER — Baby Evolution</strong>
<br>
Once during your turn <em>(before your attack)</em>, you may put Electabuzz from your hand onto Elekid (this counts as evolving Elekid) and remove all damage counters from Elekid.",M-20
85197,Empoleon,Empoleon,https://tcgplayer-cdn.tcgplayer.com/product/85197_200w.jpg,3,1430,https://cpt.tcgcsv.com/Z5J,2026-02-27T22:45:41.353,1,4/130,Holo Rare,Water,130,Stage 2,"[1W] Ice Blade
<br>
Choose 1 of your opponent's Pokémon. This attack does 40 damage to that Pokémon. <em>(Don't apply Weakness and Resistance for Benched Pokémon.)</em>","[1WW] Aqua Jet (70)
<br>
Flip a coin. If heads, this attack does 20 damage to 1 of your opponent's Benched Pokémon. <em>(Don't apply Weakness and Resistance for Benched Pokémon.)</em>",L+30,2,6.26,8.75,96.95,14.41,8.5,Holofoil,,
85197,Empoleon,Empoleon,https://tcgplayer-cdn.tcgplayer.com/product/85197_200w.jpg,3,1430,https://cpt.tcgcsv.com/Z5J,2026-02-27T22:45:41.353,1,4/130,Holo Rare,Water,130,Stage 2,"[1W] Ice Blade
<br>
Choose 1 of your opponent's Pokémon. This attack does 40 damage to that Pokémon. <em>(Don't apply Weakness and Resistance for Benched Pokémon.)</em>","[1WW] Aqua Jet (70)
<br>
Flip a coin. If heads, this attack does 20 damage to 1 of your opponent's Benched Pokémon. <em>(Don't apply Weakness and Resistance for Benched Pokémon.)</em>",L+30,2,4.5,12.17,14.0,11.44,,Reverse Holofoil,,
85206,Empoleon LV.X,Empoleon LVX,https://tcgplayer-cdn.tcgplayer.com/product/85206_200w.jpg,3,1430,https://cpt.tcgcsv.com/86J,2022-12-07T21:35:04.49,1,120/130,Ultra Rare,Water,140,Level-Up,"[WWW] Hydro Impact
<br>
Choose 1 of your opponent's Pokémon. This attack does 80 damage to that Pokémon. <em>(Don't apply Weakness and Resistance for Benched Pokémon.)</em> Empoleon can't attack during your next turn.",,L+30,2,30.4,39.86,51.55,63.28,,Holofoil,"<strong>Poké-POWER — Supreme Command</strong>
<br>
Once during your turn <em>(before your attack)</em>, you may choose up to 2 cards from your opponent's hand without looking and put them face down next to the Defending Pokémon. (These cards are not in play or in your opponent's hand.) At the end of your opponent's next turn, return those cards to your opponent's hand. This power can't be used if Empoleon is affected by a Special Condition.
<br>
[Put this card onto your Active Empoleon. Empoleon LV.X can use any attack, Poké-Power, or Poké-Body from its previous Level.]",
85227,Energy Restore,Energy Restore,https://tcgplayer-cdn.tcgplayer.com/product/85227_200w.jpg,3,1430,https://cpt.tcgcsv.com/z6J,2025-11-19T23:03:09.727,1,106/130,Uncommon,Trainer,,,,,,,0.09,0.35,3.0,0.4,,Normal,"Flip 3 coins. For each heads, put a basic Energy card from your discard pile into your hand. If you don't have that many basic Energy cards in your discard pile, put all of them into your hand.",
85227,Energy Restore,Energy Restore,https://tcgplayer-cdn.tcgplayer.com/product/85227_200w.jpg,3,1430,https://cpt.tcgcsv.com/z6J,2025-11-19T23:03:09.727,1,106/130,Uncommon,Trainer,,,,,,,0.4,1.34,4.5,2.3,,Reverse Holofoil,"Flip 3 coins. For each heads, put a basic Energy card from your discard pile into your hand. If you don't have that many basic Energy cards in your discard pile, put all of them into your hand.",
85245,Energy Search,Energy Search,https://tcgplayer-cdn.tcgplayer.com/product/85245_200w.jpg,3,1430,https://cpt.tcgcsv.com/W6J,2023-03-06T10:23:10.277,1,117/130,Common,Trainer,,,,,,,0.02,0.24,3.5,0.21,,Normal,"Search your deck for a basic Energy card, show it to your opponent, and put it into your hand. Shuffle your deck afterward.",
85245,Energy Search,Energy Search,https://tcgplayer-cdn.tcgplayer.com/product/85245_200w.jpg,3,1430,https://cpt.tcgcsv.com/W6J,2023-03-06T10:23:10.277,1,117/130,Common,Trainer,,,,,,,0.75,1.2,2.5,1.21,,Reverse Holofoil,"Search your deck for a basic Energy card, show it to your opponent, and put it into your hand. Shuffle your deck afterward.",
85257,Energy Switch,Energy Switch,https://tcgplayer-cdn.tcgplayer.com/product/85257_200w.jpg,3,1430,https://cpt.tcgcsv.com/97J,2025-11-19T23:03:54.513,1,107/130,Uncommon,Trainer,,,,,,,0.05,0.36,3.5,0.36,0.75,Normal,Move a basic Energy card attached to 1 of your Pokémon to another of your Pokémon.,
85257,Energy Switch,Energy Switch,https://tcgplayer-cdn.tcgplayer.com/product/85257_200w.jpg,3,1430,https://cpt.tcgcsv.com/97J,2025-11-19T23:03:54.513,1,107/130,Uncommon,Trainer,,,,,,,1.81,4.5,6.96,5.0,,Reverse Holofoil,Move a basic Energy card attached to 1 of your Pokémon to another of your Pokémon.,
85442,Fighting Energy,Fighting Energy,https://tcgplayer-cdn.tcgplayer.com/product/85442_200w.jpg,3,1430,https://cpt.tcgcsv.com/SbJ,2023-08-02T05:09:28.427,1,128/130,Common,Basic Energy,,,,,,,0.49,0.58,4.99,0.88,,Normal,,
85442,Fighting Energy,Fighting Energy,https://tcgplayer-cdn.tcgplayer.com/product/85442_200w.jpg,3,1430,https://cpt.tcgcsv.com/SbJ,2023-08-02T05:09:28.427,1,128/130,Common,Basic Energy,,,,,,,12.0,13.5,15.0,,15.0,Reverse Holofoil,,
85463,Fire Energy,Fire Energy,https://tcgplayer-cdn.tcgplayer.com/product/85463_200w.jpg,3,1430,https://cpt.tcgcsv.com/hcJ,2025-11-19T23:04:26.873,1,124/130,Common,Basic Energy,,,,,,,0.48,0.69,1.4,0.99,,Normal,,
85463,Fire Energy,Fire Energy,https://tcgplayer-cdn.tcgplayer.com/product/85463_200w.jpg,3,1430,https://cpt.tcgcsv.com/hcJ,2025-11-19T23:04:26.873,1,124/130,Common,Basic Energy,,,,,,,28000.0,28000.0,28000.0,8.0,,Reverse Holofoil,,
85511,Floatzel,Floatzel,https://tcgplayer-cdn.tcgplayer.com/product/85511_200w.jpg,3,1430,https://cpt.tcgcsv.com/fdJ,2025-11-19T23:05:52.2,1,26/130,Rare,Water,90,Stage 1,"[1W] Screw Tail (30)
<br>
Flip a coin. If heads, discard an Energy attached to the Defending Pokémon.","[WW] Water Gun (40+)
<br>
Does 40 damage plus 20 more damage for each Water Energy attached to Floatzel but not used to pay for this attack's Energy cost. You can't add more than 40 damage in this way.",L+20,1,0.25,0.6,9.99,0.83,0.77,Normal,,
85511,Floatzel,Floatzel,https://tcgplayer-cdn.tcgplayer.com/product/85511_200w.jpg,3,1430,https://cpt.tcgcsv.com/fdJ,2025-11-19T23:05:52.2,1,26/130,Rare,Water,90,Stage 1,"[1W] Screw Tail (30)
<br>
Flip a coin. If heads, discard an Energy attached to the Defending Pokémon.","[WW] Water Gun (40+)
<br>
Does 40 damage plus 20 more damage for each Water Energy attached to Floatzel but not used to pay for this attack's Energy cost. You can't add more than 40 damage in this way.",L+20,1,0.74,1.63,5.24,3.42,,Reverse Holofoil,,
85652,Gastly,Gastly,https://tcgplayer-cdn.tcgplayer.com/product/85652_200w.jpg,3,1430,https://cpt.tcgcsv.com/3hJ,2025-11-19T23:06:25.643,1,82/130,Common,Psychic,50,Basic,"[P] Pain Payback
<br>
Move 1 damage counter from Gastly to 1 of your opponent's Pokémon.",,D+10,1,0.2,0.64,5.0,0.83,0.44,Normal,,C-20
85652,Gastly,Gastly,https://tcgplayer-cdn.tcgplayer.com/product/85652_200w.jpg,3,1430,https://cpt.tcgcsv.com/3hJ,2025-11-19T23:06:25.643,1,82/130,Common,Psychic,50,Basic,"[P] Pain Payback
<br>
Move 1 damage counter from Gastly to 1 of your opponent's Pokémon.",,D+10,1,1.38,6.13,9.0,7.48,,Reverse Holofoil,,C-20
85675,Gengar,Gengar,https://tcgplayer-cdn.tcgplayer.com/product/85675_200w.jpg,3,1430,https://cpt.tcgcsv.com/whJ,2023-09-25T17:39:08.657,1,27/130,Rare,Psychic,110,Stage 2,"[1] Life Drain
<br>
Flip a coin. If heads, put damage counters on the Defending Pokémon until it is 10 HP away from being Knocked Out.","[1PP] Shadow Dance
<br>
Put 4 damage counters on your opponent's Pokémon in any way you like. Then, switch Gengar with 1 of your Benched Pokémon.",D+30,1,29.99,41.95,49.69,50.15,,Normal,,C-20
85675,Gengar,Gengar,https://tcgplayer-cdn.tcgplayer.com/product/85675_200w.jpg,3,1430,https://cpt.tcgcsv.com/whJ,2023-09-25T17:39:08.657,1,27/130,Rare,Psychic,110,Stage 2,"[1] Life Drain
<br>
Flip a coin. If heads, put damage counters on the Defending Pokémon until it is 10 HP away from being Knocked Out.","[1PP] Shadow Dance
<br>
Put 4 damage counters on your opponent's Pokémon in any way you like. Then, switch Gengar with 1 of your Benched Pokémon.",D+30,1,69.95,87.49,102.82,60.71,,Reverse Holofoil,,C-20
85758,Glameow,Glameow,https://tcgplayer-cdn.tcgplayer.com/product/85758_200w.jpg,3,1430,https://cpt.tcgcsv.com/bkJ,2023-09-25T18:22:02.22,1,83/130,Common,Colorless,50,Basic,"[1] Charm
<br>
During your opponent's next turn, any damage done to attacks from the Defending Pokémon is reduced by 20 <em>(before applying Weakness and Resistance)</em>.","[2] Pose (30)
<br>
Flip a coin. If tails, this attack does nothing.",F+10,1,0.1,0.35,5.0,0.38,,Normal,,
85758,Glameow,Glameow,https://tcgplayer-cdn.tcgplayer.com/product/85758_200w.jpg,3,1430,https://cpt.tcgcsv.com/bkJ,2023-09-25T18:22:02.22,1,83/130,Common,Colorless,50,Basic,"[1] Charm
<br>
During your opponent's next turn, any damage done to attacks from the Defending Pokémon is reduced by 20 <em>(before applying Weakness and Resistance)</em>.","[2] Pose (30)
<br>
Flip a coin. If tails, this attack does nothing.",F+10,1,1.57,1.87,5.0,2.23,,Reverse Holofoil,,
85807,Goldeen,Goldeen,https://tcgplayer-cdn.tcgplayer.com/product/85807_200w.jpg,3,1430,https://cpt.tcgcsv.com/9lJ,2023-09-25T18:22:05.433,1,84/130,Common,Water,60,Basic,[1] Horn Attack (10),"[1W] Take Down (30)
<br>
Goldeen does 10 damage to itself.",L+10,1,0.05,0.27,5.0,0.23,,Normal,,
85807,Goldeen,Goldeen,https://tcgplayer-cdn.tcgplayer.com/product/85807_200w.jpg,3,1430,https://cpt.tcgcsv.com/9lJ,2023-09-25T18:22:05.433,1,84/130,Common,Water,60,Basic,[1] Horn Attack (10),"[1W] Take Down (30)
<br>
Goldeen does 10 damage to itself.",L+10,1,0.59,1.79,2.99,1.66,,Reverse Holofoil,,
85878,Grass Energy,Grass Energy,https://tcgplayer-cdn.tcgplayer.com/product/85878_200w.jpg,3,1430,https://cpt.tcgcsv.com/BmJ,2023-08-02T05:09:42.387,1,123/130,Common,Basic Energy,,,,,,,0.25,0.7,0.99,0.67,,Normal,,
85916,Grotle,Grotle,https://tcgplayer-cdn.tcgplayer.com/product/85916_200w.jpg,3,1430,https://cpt.tcgcsv.com/lnJ,2023-09-25T18:05:40.393,1,49/130,Uncommon,Grass,90,Stage 1,"[G] Synthesis
<br>
Search your deck for a Grass Energy card and attach it to 1 of your Pokémon. Shuffle your deck afterward.",[2G] Cut (50),R+20,3,0.1,0.5,19.5,0.61,0.39,Normal,,W-20
85916,Grotle,Grotle,https://tcgplayer-cdn.tcgplayer.com/product/85916_200w.jpg,3,1430,https://cpt.tcgcsv.com/lnJ,2023-09-25T18:05:40.393,1,49/130,Uncommon,Grass,90,Stage 1,"[G] Synthesis
<br>
Search your deck for a Grass Energy card and attach it to 1 of your Pokémon. Shuffle your deck afterward.",[2G] Cut (50),R+20,3,1.41,1.91,7.99,2.3,,Reverse Holofoil,,W-20
86027,Haunter,Haunter,https://tcgplayer-cdn.tcgplayer.com/product/86027_200w.jpg,3,1430,https://cpt.tcgcsv.com/zqJ,2023-09-25T18:05:49.6,1,50/130,Uncommon,Psychic,70,Stage 1,"[P] Hypnosis
<br>
The Defending Pokémon is now Asleep.","[PP] Dream Eater (60)
<br>
If the Defending Pokémon is not Asleep, this attack does nothing.",D+20,,1.16,2.73,18.0,4.09,,Normal,,C-20
86027,Haunter,Haunter,https://tcgplayer-cdn.tcgplayer.com/product/86027_200w.jpg,3,1430,https://cpt.tcgcsv.com/zqJ,2023-09-25T18:05:49.6,1,50/130,Uncommon,Psychic,70,Stage 1,"[P] Hypnosis
<br>
The Defending Pokémon is now Asleep.","[PP] Dream Eater (60)
<br>
If the Defending Pokémon is not Asleep, this attack does nothing.",D+20,,4.33,7.5,100.0,8.4,4.33,Reverse Holofoil,,C-20
86064,Heracross,Heracross,https://tcgplayer-cdn.tcgplayer.com/product/86064_200w.jpg,3,1430,https://cpt.tcgcsv.com/jrJ,2023-09-25T17:39:18.727,1,28/130,Rare,Grass,80,Basic,"[1] Pitch (10)
<br>
Your opponent switches the Defending Pokémon with 1 of his or her Benched Pokémon.","[GG] Horn Slash (30+)
<br>
Flip a coin. If heads, this attack does 30 damage plus 30 more damage.",R+20,2,0.5,0.97,9.99,0.99,,Normal,,
86064,Heracross,Heracross,https://tcgplayer-cdn.tcgplayer.com/product/86064_200w.jpg,3,1430,https://cpt.tcgcsv.com/jrJ,2023-09-25T17:39:18.727,1,28/130,Rare,Grass,80,Basic,"[1] Pitch (10)
<br>
Your opponent switches the Defending Pokémon with 1 of his or her Benched Pokémon.","[GG] Horn Slash (30+)
<br>
Flip a coin. If heads, this attack does 30 damage plus 30 more damage.",R+20,2,1.7,4.15,10.0,9.88,,Reverse Holofoil,,
86078,Hippopotas,Hippopotas,https://tcgplayer-cdn.tcgplayer.com/product/86078_200w.jpg,3,1430,https://cpt.tcgcsv.com/BrJ,2023-09-25T18:06:50.703,1,51/130,Uncommon,Fighting,60,Basic,"[1] Yawn
<br>
The Defending Pokémon is now Asleep.","[F] Sand Attack (10)
<br>
If the Defending Pokémon tries to attack during your opponent's next turn, your opponent flips a coin. If tails, that attack does nothing.",W+10,2,0.09,0.25,19.5,0.25,0.21,Normal,,L-20
86078,Hippopotas,Hippopotas,https://tcgplayer-cdn.tcgplayer.com/product/86078_200w.jpg,3,1430,https://cpt.tcgcsv.com/BrJ,2023-09-25T18:06:50.703,1,51/130,Uncommon,Fighting,60,Basic,"[1] Yawn
<br>
The Defending Pokémon is now Asleep.","[F] Sand Attack (10)
<br>
If the Defending Pokémon tries to attack during your opponent's next turn, your opponent flips a coin. If tails, that attack does nothing.",W+10,2,0.93,2.24,6.97,3.2,,Reverse Holofoil,,L-20
86083,Hippowdon,Hippowdon,https://tcgplayer-cdn.tcgplayer.com/product/86083_200w.jpg,3,1430,https://cpt.tcgcsv.com/HrJ,2023-09-25T17:40:17.443,1,29/130,Rare,Fighting,110,Stage 1,"[2F] Vacuum Up (40)
<br>
The Defending Pokémon can't retreat during your opponent's next turn.","[2FF] Sand Eject (60)
<br>
During your next turn, if an attack does damage to the Defending Pokémon <em>(after applying Weakness and Resistance)</em>, that attack does 40 more damage.",W+20,3,0.2,0.73,9.99,1.08,,Normal,,L-20
86083,Hippowdon,Hippowdon,https://tcgplayer-cdn.tcgplayer.com/product/86083_200w.jpg,3,1430,https://cpt.tcgcsv.com/HrJ,2023-09-25T17:40:17.443,1,29/130,Rare,Fighting,110,Stage 1,"[2F] Vacuum Up (40)
<br>
The Defending Pokémon can't retreat during your opponent's next turn.","[2FF] Sand Eject (60)
<br>
During your next turn, if an attack does damage to the Defending Pokémon <em>(after applying Weakness and Resistance)</em>, that attack does 40 more damage.",W+20,3,1.5,2.6,5.99,3.27,,Reverse Holofoil,,L-20
86172,Hoothoot,Hoothoot,https://tcgplayer-cdn.tcgplayer.com/product/86172_200w.jpg,3,1430,https://cpt.tcgcsv.com/stJ,2025-11-19T23:06:58.367,1,85/130,Common,Colorless,50,Basic,"[1] Hypnosis
<br>
The Defending Pokémon is now Asleep.","[2] Kick Shot (30)
<br>
Flip a coin. If tails, this attack does nothing.",L+10,1,0.05,0.26,3.0,0.28,0.27,Normal,,F-20
86172,Hoothoot,Hoothoot,https://tcgplayer-cdn.tcgplayer.com/product/86172_200w.jpg,3,1430,https://cpt.tcgcsv.com/stJ,2025-11-19T23:06:58.367,1,85/130,Common,Colorless,50,Basic,"[1] Hypnosis
<br>
The Defending Pokémon is now Asleep.","[2] Kick Shot (30)
<br>
Flip a coin. If tails, this attack does nothing.",L+10,1,0.49,1.57,3.57,3.29,,Reverse Holofoil,,F-20
86274,Infernape,Infernape,https://tcgplayer-cdn.tcgplayer.com/product/86274_200w.jpg,3,1430,https://cpt.tcgcsv.com/vwJ,2025-11-10T22:47:34.927,1,5/130,Holo Rare,Fire,100,Stage 2,"[1] Meteor Punch (30x)
<br>
Flip a coin until you get tails. This attack does 30 damage times the number of heads.","[RR] Flare Blitz (90)
<br>
Discard all Fire Energy attached to Infernape.",W+30,,2.97,10.78,38.0,13.27,6.87,Holofoil,,
86274,Infernape,Infernape,https://tcgplayer-cdn.tcgplayer.com/product/86274_200w.jpg,3,1430,https://cpt.tcgcsv.com/vwJ,2025-11-10T22:47:34.927,1,5/130,Holo Rare,Fire,100,Stage 2,"[1] Meteor Punch (30x)
<br>
Flip a coin until you get tails. This attack does 30 damage times the number of heads.","[RR] Flare Blitz (90)
<br>
Discard all Fire Energy attached to Infernape.",W+30,,21.95,29.82,49.99,11.85,,Reverse Holofoil,,
86281,Infernape LV.X,Infernape LVX,https://tcgplayer-cdn.tcgplayer.com/product/86281_200w.jpg,3,1430,https://cpt.tcgcsv.com/FwJ,2022-12-07T21:35:44.53,1,121/130,Ultra Rare,Fire,120,Level-Up,"[RR] Flare Up (150)
<br>
Search your discard pile for 8 Fire Energy cards, show them to your opponent, and shuffle them into your deck. (This attack does nothing if you don't have 8 R Energy cards in your discard pile.)",,W+30,,30.0,77.22,164.5,109.35,89.49,Holofoil,"<strong>Poké-POWER — Burning Head</strong>
<br>
Once during your turn <em>(before your attack)</em>, you may look at the top 3 cards of your deck, choose 1 of them, and put it into your hand. Discard the other 2 cards. This power can't be used if Infernape is affected by a Special Condition.
<br>
[Put this card onto your Active Infernape. Infernape LV.X can use any attack, Poké-Power, or Poké-Body from its previous Level.]",
86767,Lightning Energy,Lightning Energy,https://tcgplayer-cdn.tcgplayer.com/product/86767_200w.jpg,3,1430,https://cpt.tcgcsv.com/mKJ,2022-12-07T19:38:19.527,1,126/130,Common,Basic Energy,,,,,,,4.4,18.0,24.5,21.0,,Normal,,
86823,Lopunny,Lopunny,https://tcgplayer-cdn.tcgplayer.com/product/86823_200w.jpg,3,1430,https://cpt.tcgcsv.com/tLJ,2023-09-25T17:40:29.303,1,30/130,Rare,Colorless,80,Stage 1,"[1] Healing Wish
<br>
Flip a coin until you get tails. Remove a number of damage counters equal to the number of heads from 1 of your Pokémon.","[3] Flop (30)
<br>
Does 20 damage to 1 of your opponent's Benched Pokémon. <em>(Don't apply Weakness and Resistance for Benched Pokémon.)</em> You may switch Lopunny with 1 of your Benched Pokémon.",F+20,1,1.43,2.27,9.99,3.36,,Normal,,
86823,Lopunny,Lopunny,https://tcgplayer-cdn.tcgplayer.com/product/86823_200w.jpg,3,1430,https://cpt.tcgcsv.com/tLJ,2023-09-25T17:40:29.303,1,30/130,Rare,Colorless,80,Stage 1,"[1] Healing Wish
<br>
Flip a coin until you get tails. Remove a number of damage counters equal to the number of heads from 1 of your Pokémon.","[3] Flop (30)
<br>
Does 20 damage to 1 of your opponent's Benched Pokémon. <em>(Don't apply Weakness and Resistance for Benched Pokémon.)</em> You may switch Lopunny with 1 of your Benched Pokémon.",F+20,1,3.6,4.1,19.99,13.0,,Reverse Holofoil,,
86873,Lucario,Lucario,https://tcgplayer-cdn.tcgplayer.com/product/86873_200w.jpg,3,1430,https://cpt.tcgcsv.com/tMJ,2025-11-10T22:49:50.303,1,6/130,Holo Rare,Fighting,90,Stage 1,"[1] Feint (30)
<br>
This attack's damage isn't affected by Resistance.","[FF] Aura Sphere (40)
<br>
Does 20 damage to 1 of your opponent's Benched Pokémon. <em>(Don't apply Weakness and Resistance for Benched Pokémon.)</em>",P+20,1,19.68,23.0,50.72,55.69,,Holofoil,,
86873,Lucario,Lucario,https://tcgplayer-cdn.tcgplayer.com/product/86873_200w.jpg,3,1430,https://cpt.tcgcsv.com/tMJ,2025-11-10T22:49:50.303,1,6/130,Holo Rare,Fighting,90,Stage 1,"[1] Feint (30)
<br>
This attack's damage isn't affected by Resistance.","[FF] Aura Sphere (40)
<br>
Does 20 damage to 1 of your opponent's Benched Pokémon. <em>(Don't apply Weakness and Resistance for Benched Pokémon.)</em>",P+20,1,14.0,15.99,35.5,49.25,,Reverse Holofoil,,
86939,Luxio,Luxio,https://tcgplayer-cdn.tcgplayer.com/product/86939_200w.jpg,3,1430,https://cpt.tcgcsv.com/PNJ,2023-09-25T18:07:01.313,1,52/130,Uncommon,Lightning,80,Stage 1,"[1] Fasten Claws (10+)
<br>
Flip a coin. If heads, this attack does 10 damage plus 30 more damage.","[LL] Thunder Fang (30)
<br>
Flip a coin. If heads, the Defending Pokémon is now Paralyzed.",F+20,,0.25,0.47,3.0,0.59,0.73,Normal,,M-20
86939,Luxio,Luxio,https://tcgplayer-cdn.tcgplayer.com/product/86939_200w.jpg,3,1430,https://cpt.tcgcsv.com/PNJ,2023-09-25T18:07:01.313,1,52/130,Uncommon,Lightning,80,Stage 1,"[1] Fasten Claws (10+)
<br>
Flip a coin. If heads, this attack does 10 damage plus 30 more damage.","[LL] Thunder Fang (30)
<br>
Flip a coin. If heads, the Defending Pokémon is now Paralyzed.",F+20,,1.68,2.31,4.99,4.99,,Reverse Holofoil,,M-20
86946,Luxray,Luxray,https://tcgplayer-cdn.tcgplayer.com/product/86946_200w.jpg,3,1430,https://cpt.tcgcsv.com/XNJ,2023-09-25T17:15:58.817,1,7/130,Holo Rare,Lightning,120,Stage 2,"[LLLL] Lightning Star (80)
<br>
Move all Lightning Energy attached to Luxray to 1 of your Benched Pokémon. (Ignore this effect if you don't have any Benched Pokémon.)",,F+30,1,11.49,27.0,43.0,23.39,,Holofoil,"<strong>Poké-POWER — Gleam Eyes</strong>
<br>
Once during your turn, when you play Luxray from your hand to evolve 1 of your Pokémon, you may look at your opponent's hand. If your opponent's Bench isn't full, choose 1 Basic Pokémon from your opponent's hand, and put it onto his or her Bench. Then, switch it with the Defending Pokémon.",M-20
86946,Luxray,Luxray,https://tcgplayer-cdn.tcgplayer.com/product/86946_200w.jpg,3,1430,https://cpt.tcgcsv.com/XNJ,2023-09-25T17:15:58.817,1,7/130,Holo Rare,Lightning,120,Stage 2,"[LLLL] Lightning Star (80)
<br>
Move all Lightning Energy attached to Luxray to 1 of your Benched Pokémon. (Ignore this effect if you don't have any Benched Pokémon.)",,F+30,1,10.02,12.49,49.99,16.71,,Reverse Holofoil,"<strong>Poké-POWER — Gleam Eyes</strong>
<br>
Once during your turn, when you play Luxray from your hand to evolve 1 of your Pokémon, you may look at your opponent's hand. If your opponent's Bench isn't full, choose 1 Basic Pokémon from your opponent's hand, and put it onto his or her Bench. Then, switch it with the Defending Pokémon.",M-20
86965,Machamp,Machamp,https://tcgplayer-cdn.tcgplayer.com/product/86965_200w.jpg,3,1430,https://cpt.tcgcsv.com/kPJ,2023-09-25T17:40:38.323,1,31/130,Rare,Fighting,130,Stage 2,"[F] Revenge (20+)
<br>
If any of your Pokémon were Knocked Out by damage from an opponent's attack during his or her last turn, this attack does 20 damage plus 50 more damage.","[FFF] Dynamic Punch (60+)
<br>
Flip a coin. If heads, this attack does 60 damage plus 30 more damage and the Defending Pokémon is now Confused.",P+30,3,1.5,2.5,10.0,2.92,,Normal,,
86965,Machamp,Machamp,https://tcgplayer-cdn.tcgplayer.com/product/86965_200w.jpg,3,1430,https://cpt.tcgcsv.com/kPJ,2023-09-25T17:40:38.323,1,31/130,Rare,Fighting,130,Stage 2,"[F] Revenge (20+)
<br>
If any of your Pokémon were Knocked Out by damage from an opponent's attack during his or her last turn, this attack does 20 damage plus 50 more damage.","[FFF] Dynamic Punch (60+)
<br>
Flip a coin. If heads, this attack does 60 damage plus 30 more damage and the Defending Pokémon is now Confused.",P+30,3,3.49,4.11,9.99,7.73,,Reverse Holofoil,,
86981,Machoke,Machoke,https://tcgplayer-cdn.tcgplayer.com/product/86981_200w.jpg,3,1430,https://cpt.tcgcsv.com/FPJ,2023-09-25T18:09:33.513,1,53/130,Uncommon,Fighting,80,Stage 1,"[1F] Karate Chop (40-)
<br>
Does 40 damage minus 10 damage for each damage counter on Machoke.",[1FF] Seismic Toss (60),P+20,2,0.28,0.49,3.0,0.53,,Normal,,
86981,Machoke,Machoke,https://tcgplayer-cdn.tcgplayer.com/product/86981_200w.jpg,3,1430,https://cpt.tcgcsv.com/FPJ,2023-09-25T18:09:33.513,1,53/130,Uncommon,Fighting,80,Stage 1,"[1F] Karate Chop (40-)
<br>
Does 40 damage minus 10 damage for each damage counter on Machoke.",[1FF] Seismic Toss (60),P+20,2,1.35,1.72,2.7,1.95,,Reverse Holofoil,,
86995,Machop,Machop,https://tcgplayer-cdn.tcgplayer.com/product/86995_200w.jpg,3,1430,https://cpt.tcgcsv.com/WPJ,2025-11-19T23:07:36.123,1,86/130,Common,Fighting,60,Basic,[F] Low Kick (20),,P+10,2,0.1,0.29,4.0,0.26,0.32,Normal,,
86995,Machop,Machop,https://tcgplayer-cdn.tcgplayer.com/product/86995_200w.jpg,3,1430,https://cpt.tcgcsv.com/WPJ,2025-11-19T23:07:36.123,1,86/130,Common,Fighting,60,Basic,[F] Low Kick (20),,P+10,2,0.75,2.5,7.49,2.85,,Reverse Holofoil,,
87081,Magnemite,Magnemite,https://tcgplayer-cdn.tcgplayer.com/product/87081_200w.jpg,3,1430,https://cpt.tcgcsv.com/FRJ,2023-09-25T18:22:40.253,1,87/130,Common,Metal,50,Basic,"[M] Metal Sound
<br>
Flip a coin. If heads, the Defending Pokémon is now Confused.","[1M] Resonance (20+)
<br>
If the Defending Pokémon is Confused, this attack does 20 damage plus 20 more damage.",R+10,1,0.06,0.26,5.0,0.32,,Normal,,P-20
87081,Magnemite,Magnemite,https://tcgplayer-cdn.tcgplayer.com/product/87081_200w.jpg,3,1430,https://cpt.tcgcsv.com/FRJ,2023-09-25T18:22:40.253,1,87/130,Common,Metal,50,Basic,"[M] Metal Sound
<br>
Flip a coin. If heads, the Defending Pokémon is now Confused.","[1M] Resonance (20+)
<br>
If the Defending Pokémon is Confused, this attack does 20 damage plus 20 more damage.",R+10,1,0.47,1.12,15.0,3.7,,Reverse Holofoil,,P-20
87107,Magneton,Magneton,https://tcgplayer-cdn.tcgplayer.com/product/87107_200w.jpg,3,1430,https://cpt.tcgcsv.com/9SJ,2026-03-02T22:43:46.127,1,54/130,Uncommon,Metal,70,Stage 1,"[2] Tri Attack (20x)
<br>
Flip 3 coins. This attack does 20 damage times the number of heads.","[2M] Magnetic Ray (40)
<br>
Before doing damage, you may choose 1 of your opponent's Benched Pokémon that has any Energy attached to it and switch that Pokémon with 1 of the Defending Pokémon.",R+20,2,0.09,0.33,5.0,0.34,,Normal,,P-20
87107,Magneton,Magneton,https://tcgplayer-cdn.tcgplayer.com/product/87107_200w.jpg,3,1430,https://cpt.tcgcsv.com/9SJ,2026-03-02T22:43:46.127,1,54/130,Uncommon,Metal,70,Stage 1,"[2] Tri Attack (20x)
<br>
Flip 3 coins. This attack does 20 damage times the number of heads.","[2M] Magnetic Ray (40)
<br>
Before doing damage, you may choose 1 of your opponent's Benched Pokémon that has any Energy attached to it and switch that Pokémon with 1 of the Defending Pokémon.",R+20,2,1.46,2.5,2.99,2.32,,Reverse Holofoil,,P-20
87113,Magnezone,Magnezone,https://tcgplayer-cdn.tcgplayer.com/product/87113_200w.jpg,3,1430,https://cpt.tcgcsv.com/hSJ,2026-02-25T14:20:38.737,1,8/130,Holo Rare,Metal,120,Stage 2,"[2M] Metal Blast (50+)
<br>
Does 50 damage plus 10 more damage for each Metal Energy attached to Magnezone.",,R+30,4,5.0,6.35,14.99,7.65,10.6,Holofoil,"<strong>Poké-BODY — Magnetize</strong>
<br>
If you have any Metal Energy attached to your Active Pokémon, the Retreat Cost for that Pokémon is 0.",P-20
87113,Magnezone,Magnezone,https://tcgplayer-cdn.tcgplayer.com/product/87113_200w.jpg,3,1430,https://cpt.tcgcsv.com/hSJ,2026-02-25T14:20:38.737,1,8/130,Holo Rare,Metal,120,Stage 2,"[2M] Metal Blast (50+)
<br>
Does 50 damage plus 10 more damage for each Metal Energy attached to Magnezone.",,R+30,4,3.37,8.18,11.4,8.8,,Reverse Holofoil,"<strong>Poké-BODY — Magnetize</strong>
<br>
If you have any Metal Energy attached to your Active Pokémon, the Retreat Cost for that Pokémon is 0.",P-20
87143,Manaphy,Manaphy,https://tcgplayer-cdn.tcgplayer.com/product/87143_200w.jpg,3,1430,https://cpt.tcgcsv.com/TSJ,2026-03-02T22:45:26.243,1,9/130,Holo Rare,Water,70,Basic,"[1] Call for Family
<br>
Search your deck for a Basic Pokémon and put it onto your Bench. Shuffle your deck afterward.","[WW] Aqua Ring (30)
<br>
Switch Manaphy with 1 of your Benched Pokémon.",L+20,1,5.0,14.75,19.99,14.75,,Holofoil,,
87143,Manaphy,Manaphy,https://tcgplayer-cdn.tcgplayer.com/product/87143_200w.jpg,3,1430,https://cpt.tcgcsv.com/TSJ,2026-03-02T22:45:26.243,1,9/130,Holo Rare,Water,70,Basic,"[1] Call for Family
<br>
Search your deck for a Basic Pokémon and put it onto your Bench. Shuffle your deck afterward.","[WW] Aqua Ring (30)
<br>
Switch Manaphy with 1 of your Benched Pokémon.",L+20,1,1.41,2.23,3.37,2.79,,Reverse Holofoil,,
87186,Mantyke,Mantyke,https://tcgplayer-cdn.tcgplayer.com/product/87186_200w.jpg,3,1430,https://cpt.tcgcsv.com/LTJ,2023-09-25T18:11:06.143,1,55/130,Uncommon,Water,40,Basic,"[0] Call for Friends
<br>
Search your deck for a Water Basic Pokemon, show it to your opponent, and put it into your hand. Shuffle your deck afterward.",,L+10,1,0.99,5.74,15.49,5.64,,Normal,"<strong>Poké-POWER — Baby Evolution</strong>
<br>
Once during your turn <em>(before your attack)</em>, you may put Mantine from your hand onto Mantyke (this counts as evolving Mantyke) and remove all damage counters from Mantyke.",F-20
87186,Mantyke,Mantyke,https://tcgplayer-cdn.tcgplayer.com/product/87186_200w.jpg,3,1430,https://cpt.tcgcsv.com/LTJ,2023-09-25T18:11:06.143,1,55/130,Uncommon,Water,40,Basic,"[0] Call for Friends
<br>
Search your deck for a Water Basic Pokemon, show it to your opponent, and put it into your hand. Shuffle your deck afterward.",,L+10,1,5.07,9.99,26.99,24.99,,Reverse Holofoil,"<strong>Poké-POWER — Baby Evolution</strong>
<br>
Once during your turn <em>(before your attack)</em>, you may put Mantine from your hand onto Mantyke (this counts as evolving Mantyke) and remove all damage counters from Mantyke.",F-20
87218,Marill,Marill,https://tcgplayer-cdn.tcgplayer.com/product/87218_200w.jpg,3,1430,https://cpt.tcgcsv.com/nVJ,2023-09-25T18:22:44.593,1,88/130,Common,Water,60,Basic,"[1] Rollout (10+)
<br>
If Marill is evolved from Azurill, this attack does 10 damage plus 20 more damage.","[WW] Splashing Turn (20)
<br>
Switch Marill with 1 of your Benched Pokémon.",L+10,1,0.34,0.89,5.73,1.05,,Normal,,
87218,Marill,Marill,https://tcgplayer-cdn.tcgplayer.com/product/87218_200w.jpg,3,1430,https://cpt.tcgcsv.com/nVJ,2023-09-25T18:22:44.593,1,88/130,Common,Water,60,Basic,"[1] Rollout (10+)
<br>
If Marill is evolved from Azurill, this attack does 10 damage plus 20 more damage.","[WW] Splashing Turn (20)
<br>
Switch Marill with 1 of your Benched Pokémon.",L+10,1,5.4,7.1,8.96,10.44,,Reverse Holofoil,,
87275,Medicham,Medicham,https://tcgplayer-cdn.tcgplayer.com/product/87275_200w.jpg,3,1430,https://cpt.tcgcsv.com/wWJ,2026-02-18T12:07:03.833,1,32/130,Rare,Fighting,90,Stage 1,"[F] Force Palm
<br>
Count the number of damage counters on Medicham. Put that many damage counters on 1 of your opponent's Pokémon.","[1FF] Spinning Kick (80)
<br>
Medicham does 20 damage to itself.",P+20,2,0.2,0.47,9.99,0.37,0.67,Normal,,
87275,Medicham,Medicham,https://tcgplayer-cdn.tcgplayer.com/product/87275_200w.jpg,3,1430,https://cpt.tcgcsv.com/wWJ,2026-02-18T12:07:03.833,1,32/130,Rare,Fighting,90,Stage 1,"[F] Force Palm
<br>
Count the number of damage counters on Medicham. Put that many damage counters on 1 of your opponent's Pokémon.","[1FF] Spinning Kick (80)
<br>
Medicham does 20 damage to itself.",P+20,2,0.64,2.11,5.0,0.73,1.93,Reverse Holofoil,,
87284,Meditite,Meditite,https://tcgplayer-cdn.tcgplayer.com/product/87284_200w.jpg,3,1430,https://cpt.tcgcsv.com/JWJ,2025-11-19T23:08:23.133,1,89/130,Common,Fighting,50,Basic,"[F] Detect
<br>
Flip a coin. If heads, prevent all effects of an attack, including damage, done to Meditite during your opponent's next turn.","[1F] Meditate (10+)
<br>
Does 10 damage plus 10 more damage for each damage counter on the Defending Pokémon.",P+10,1,0.04,0.25,4.53,0.26,0.16,Normal,,
87284,Meditite,Meditite,https://tcgplayer-cdn.tcgplayer.com/product/87284_200w.jpg,3,1430,https://cpt.tcgcsv.com/JWJ,2025-11-19T23:08:23.133,1,89/130,Common,Fighting,50,Basic,"[F] Detect
<br>
Flip a coin. If heads, prevent all effects of an attack, including damage, done to Meditite during your opponent's next turn.","[1F] Meditate (10+)
<br>
Does 10 damage plus 10 more damage for each damage counter on the Defending Pokémon.",P+10,1,0.25,0.7,4.19,1.85,,Reverse Holofoil,,
87349,Metal Energy,Metal Energy,https://tcgplayer-cdn.tcgplayer.com/product/87349_200w.jpg,3,1430,https://cpt.tcgcsv.com/_XJ,2023-08-02T05:09:53.98,1,130/130,Common,Basic Energy,,,,,,,0.76,1.99,3.0,2.28,,Normal,,
87469,Mime Jr.,Mime Jr,https://tcgplayer-cdn.tcgplayer.com/product/87469_200w.jpg,3,1430,https://cpt.tcgcsv.com/p_J,2025-11-19T23:09:03.603,1,90/130,Common,Psychic,40,Basic,"[P] Mime
<br>
Shuffle your hand into your deck. Then, draw a number of cards equal to the number of cards in your opponent's hand.",,P+10,1,0.24,0.73,5.0,0.98,3.19,Normal,"<strong>Poké-POWER — Baby Evolution</strong>
<br>
Once during your turn <em>(before your attack)</em>, you may put Mr. Mime from your hand onto Mime Jr. (this counts as evolving Mime Jr.) and remove all damage counters from Mime Jr.",
87469,Mime Jr.,Mime Jr,https://tcgplayer-cdn.tcgplayer.com/product/87469_200w.jpg,3,1430,https://cpt.tcgcsv.com/p_J,2025-11-19T23:09:03.603,1,90/130,Common,Psychic,40,Basic,"[P] Mime
<br>
Shuffle your hand into your deck. Then, draw a number of cards equal to the number of cards in your opponent's hand.",,P+10,1,3.25,4.21,9.99,4.75,,Reverse Holofoil,"<strong>Poké-POWER — Baby Evolution</strong>
<br>
Once during your turn <em>(before your attack)</em>, you may put Mr. Mime from your hand onto Mime Jr. (this counts as evolving Mime Jr.) and remove all damage counters from Mime Jr.",
87506,Misdreavus,Misdreavus,https://tcgplayer-cdn.tcgplayer.com/product/87506_200w.jpg,3,1430,https://cpt.tcgcsv.com/80K,2025-11-20T03:18:25.69,1,91/130,Common,Psychic,60,Basic,"[1] Astonish
<br>
Choose 1 card from your opponent's hand without looking. Look at the card you chose, then have your opponent shuffle that card into his or her deck.","[1P] Confuse Ray (20)
<br>
Flip a coin. If heads, the Defending Pokémon is now Confused.",D+10,1,0.05,0.3,5.0,0.34,,Normal,,C-20
87506,Misdreavus,Misdreavus,https://tcgplayer-cdn.tcgplayer.com/product/87506_200w.jpg,3,1430,https://cpt.tcgcsv.com/80K,2025-11-20T03:18:25.69,1,91/130,Common,Psychic,60,Basic,"[1] Astonish
<br>
Choose 1 card from your opponent's hand without looking. Look at the card you chose, then have your opponent shuffle that card into his or her deck.","[1P] Confuse Ray (20)
<br>
Flip a coin. If heads, the Defending Pokémon is now Confused.",D+10,1,0.96,2.24,4.19,2.27,,Reverse Holofoil,,C-20
87514,Mismagius,Mismagius,https://tcgplayer-cdn.tcgplayer.com/product/87514_200w.jpg,3,1430,https://cpt.tcgcsv.com/j0K,2026-02-25T14:21:28.003,1,10/130,Holo Rare,Psychic,90,Stage 1,"[P] Avenge
<br>
Count the number of your Pokémon that have any damage counters on them. Put that many damage counters on the Defending Pokémon.","[1PP] Psywave (30+)
<br>
Does 30 damage plus 20 more damage for each Energy attached to the Defending Pokémon.",D+20,1,4.95,11.53,29.95,13.48,7.82,Holofoil,,C-20
87514,Mismagius,Mismagius,https://tcgplayer-cdn.tcgplayer.com/product/87514_200w.jpg,3,1430,https://cpt.tcgcsv.com/j0K,2026-02-25T14:21:28.003,1,10/130,Holo Rare,Psychic,90,Stage 1,"[P] Avenge
<br>
Count the number of your Pokémon that have any damage counters on them. Put that many damage counters on the Defending Pokémon.","[1PP] Psywave (30+)
<br>
Does 30 damage plus 20 more damage for each Energy attached to the Defending Pokémon.",D+20,1,3.9,10.55,25.0,11.15,,Reverse Holofoil,,C-20
87570,Monferno,Monferno,https://tcgplayer-cdn.tcgplayer.com/product/87570_200w.jpg,3,1430,https://cpt.tcgcsv.com/q2K,2023-09-25T18:11:45.413,1,56/130,Uncommon,Fire,70,Stage 1,"[R] Flame Dance (30)
<br>
Search your discard pile for a Fire Energy card and attach it to Monferno.","[2] Fury Swipes (20x)
<br>
Flip 3 coins. This attack does 20 damage times the number of heads.",W+20,,0.19,0.5,5.0,0.72,,Normal,,
87570,Monferno,Monferno,https://tcgplayer-cdn.tcgplayer.com/product/87570_200w.jpg,3,1430,https://cpt.tcgcsv.com/q2K,2023-09-25T18:11:45.413,1,56/130,Uncommon,Fire,70,Stage 1,"[R] Flame Dance (30)
<br>
Search your discard pile for a Fire Energy card and attach it to Monferno.","[2] Fury Swipes (20x)
<br>
Flip 3 coins. This attack does 20 damage times the number of heads.",W+20,,1.0,2.51,4.5,4.28,,Reverse Holofoil,,
87637,Munchlax,Munchlax,https://tcgplayer-cdn.tcgplayer.com/product/87637_200w.jpg,3,1430,https://cpt.tcgcsv.com/M3K,2023-09-25T17:55:56.91,1,33/130,Rare,Colorless,60,Basic,"[1] Heave (30x)
<br>
Discard 2 cards from your hand. (If you can't discard 2 cards, this attack does nothing.) Flip 2 coins. This attack does 30 damage times the number of heads.",,F+10,2,9.0,9.97,25.0,8.55,,Normal,"<strong>Poké-POWER — Baby Evolution</strong>
<br>
Once during your turn <em>(before your attack)</em>, you may put Snorlax from your hand onto Munchlax (this counts as evolving Munchlax) and remove all damage counters from Munchlax.",
87637,Munchlax,Munchlax,https://tcgplayer-cdn.tcgplayer.com/product/87637_200w.jpg,3,1430,https://cpt.tcgcsv.com/M3K,2023-09-25T17:55:56.91,1,33/130,Rare,Colorless,60,Basic,"[1] Heave (30x)
<br>
Discard 2 cards from your hand. (If you can't discard 2 cards, this attack does nothing.) Flip 2 coins. This attack does 30 damage times the number of heads.",,F+10,2,6.5,19.23,25.0,25.33,,Reverse Holofoil,"<strong>Poké-POWER — Baby Evolution</strong>
<br>
Once during your turn <em>(before your attack)</em>, you may put Snorlax from your hand onto Munchlax (this counts as evolving Munchlax) and remove all damage counters from Munchlax.",
87753,Night Pokemon Center,Night Pokemon Center,https://tcgplayer-cdn.tcgplayer.com/product/87753_200w.jpg,3,1430,https://cpt.tcgcsv.com/57K,2022-12-07T20:31:44.94,1,108/130,Uncommon,Trainer,,,,,,,0.01,0.36,3.0,0.4,,Normal,"Choose 1 of your Pokémon. Flip 2 coins. If both are heads, remove all damage counters from that Pokémon. If both are tails, discard all Energy cards attached to that Pokémon.",
87753,Night Pokemon Center,Night Pokemon Center,https://tcgplayer-cdn.tcgplayer.com/product/87753_200w.jpg,3,1430,https://cpt.tcgcsv.com/57K,2022-12-07T20:31:44.94,1,108/130,Uncommon,Trainer,,,,,,,0.6,1.41,4.19,1.42,,Reverse Holofoil,"Choose 1 of your Pokémon. Flip 2 coins. If both are heads, remove all damage counters from that Pokémon. If both are tails, discard all Energy cards attached to that Pokémon.",
87793,Noctowl,Noctowl,https://tcgplayer-cdn.tcgplayer.com/product/87793_200w.jpg,3,1430,https://cpt.tcgcsv.com/T7K,2023-09-25T17:56:06.503,1,34/130,Rare,Colorless,90,Stage 1,"[1] See Beyond
<br>
Choose a card from your hand and put it as a Prize card face up. Then, choose 1 of your face-down Prize cards without looking and put it into your hand. This attack does nothing if all your Prize cards are face up.","[3] Extrasensory (30+)
<br>
If you have the same number of cards in your hand as your opponent, this attack does 30 damage plus 50 more damage.",L+20,1,0.19,0.57,9.99,0.98,,Normal,,F-20
87793,Noctowl,Noctowl,https://tcgplayer-cdn.tcgplayer.com/product/87793_200w.jpg,3,1430,https://cpt.tcgcsv.com/T7K,2023-09-25T17:56:06.503,1,34/130,Rare,Colorless,90,Stage 1,"[1] See Beyond
<br>
Choose a card from your hand and put it as a Prize card face up. Then, choose 1 of your face-down Prize cards without looking and put it into your hand. This attack does nothing if all your Prize cards are face up.","[3] Extrasensory (30+)
<br>
If you have the same number of cards in your hand as your opponent, this attack does 30 damage plus 50 more damage.",L+20,1,0.59,1.9,4.89,2.18,,Reverse Holofoil,,F-20
87825,Nuzleaf,Nuzleaf,https://tcgplayer-cdn.tcgplayer.com/product/87825_200w.jpg,3,1430,https://cpt.tcgcsv.com/w8K,2023-09-25T18:11:57.16,1,57/130,Uncommon,Darkness,80,Stage 1,"[D] Dirty Trick
<br>
Flip a coin. If heads, discard an Energy card attached to 1 of your opponent's Pokémon.","[DD] Razor Wind (40)
<br>
Flip a coin. If tails, this attack does nothing.",F+20,1,0.1,0.4,5.0,0.43,,Normal,,P-20
87825,Nuzleaf,Nuzleaf,https://tcgplayer-cdn.tcgplayer.com/product/87825_200w.jpg,3,1430,https://cpt.tcgcsv.com/w8K,2023-09-25T18:11:57.16,1,57/130,Uncommon,Darkness,80,Stage 1,"[D] Dirty Trick
<br>
Flip a coin. If heads, discard an Energy card attached to 1 of your opponent's Pokémon.","[DD] Razor Wind (40)
<br>
Flip a coin. If tails, this attack does nothing.",F+20,1,0.69,1.28,5.0,1.5,,Reverse Holofoil,,P-20
87882,Onix,Onix,https://tcgplayer-cdn.tcgplayer.com/product/87882_200w.jpg,3,1430,https://cpt.tcgcsv.com/G9K,2023-09-25T18:22:59.977,1,92/130,Common,Fighting,90,Basic,"[F] Tunneling
<br>Choose up to 2 of your opponent's Benched Pokémon. This attack does 10 damage to each of them. <em>(Don't apply Weakness and Resistance for Benched Pokémon.)</em> Onix can't attack during your next turn.",[2] Headbutt (20),G+20,3,0.1,0.3,3.0,0.37,,Normal,,
87882,Onix,Onix,https://tcgplayer-cdn.tcgplayer.com/product/87882_200w.jpg,3,1430,https://cpt.tcgcsv.com/G9K,2023-09-25T18:22:59.977,1,92/130,Common,Fighting,90,Basic,"[F] Tunneling
<br>Choose up to 2 of your opponent's Benched Pokémon. This attack does 10 damage to each of them. <em>(Don't apply Weakness and Resistance for Benched Pokémon.)</em> Onix can't attack during your next turn.",[2] Headbutt (20),G+20,3,0.67,1.91,10.0,2.14,,Reverse Holofoil,,
87897,Pachirisu,Pachirisu,https://tcgplayer-cdn.tcgplayer.com/product/87897_200w.jpg,3,1430,https://cpt.tcgcsv.com/Z9K,2023-09-25T17:56:16.973,1,35/130,Rare,Lightning,70,Basic,"[1] Minor Errand-Running
<br>
Search your deck for a basic Energy card, show it to your opponent, and put it into your hand. Shuffle your deck afterward.","[L] Thunder Jolt (20)
<br>
Flip a coin. If tails, Pachirisu does 10 damage to itself.",F+20,1,0.65,1.2,9.99,1.29,,Normal,,M-20
87897,Pachirisu,Pachirisu,https://tcgplayer-cdn.tcgplayer.com/product/87897_200w.jpg,3,1430,https://cpt.tcgcsv.com/Z9K,2023-09-25T17:56:16.973,1,35/130,Rare,Lightning,70,Basic,"[1] Minor Errand-Running
<br>
Search your deck for a basic Energy card, show it to your opponent, and put it into your hand. Shuffle your deck afterward.","[L] Thunder Jolt (20)
<br>
Flip a coin. If tails, Pachirisu does 10 damage to itself.",F+20,1,0.5,2.37,5.93,7.05,,Reverse Holofoil,,M-20
87906,Palkia,Palkia,https://tcgplayer-cdn.tcgplayer.com/product/87906_200w.jpg,3,1430,https://cpt.tcgcsv.com/8bK,2023-09-25T17:16:47.403,1,11/130,Holo Rare,Water,90,Basic,"[W] Spacial Rend (10)
<br>
Search your deck for a Stadium card, show it to your opponent, and put it into your hand. Shuffle your deck afterward. If there is any Stadium card in play, discard it.","[1WW] Transback (40)
<br>
You may flip a coin. If heads, discard all Energy attached to Palkia and put the Defending Pokémon and all cards attached to it on top of your opponent's deck. Your opponent shuffles his or her deck afterward.",L+20,2,3.49,9.28,15.0,12.73,,Holofoil,,
87906,Palkia,Palkia,https://tcgplayer-cdn.tcgplayer.com/product/87906_200w.jpg,3,1430,https://cpt.tcgcsv.com/8bK,2023-09-25T17:16:47.403,1,11/130,Holo Rare,Water,90,Basic,"[W] Spacial Rend (10)
<br>
Search your deck for a Stadium card, show it to your opponent, and put it into your hand. Shuffle your deck afterward. If there is any Stadium card in play, discard it.","[1WW] Transback (40)
<br>
You may flip a coin. If heads, discard all Energy attached to Palkia and put the Defending Pokémon and all cards attached to it on top of your opponent's deck. Your opponent shuffles his or her deck afterward.",L+20,2,5.0,13.3,32.99,21.0,,Reverse Holofoil,,
88142,Piplup,Piplup,https://tcgplayer-cdn.tcgplayer.com/product/88142_200w.jpg,3,1430,https://cpt.tcgcsv.com/SgK,2026-03-16T12:25:02.253,1,93/130,Common,Water,60,Basic,[0] Peck (10),"[1W] Water Splash (20+)
<br>
Flip a coin. If heads, this attack does 20 damage plus 10 more damage.",L+10,1,0.2,0.42,5.0,0.78,,Normal,,
88142,Piplup,Piplup,https://tcgplayer-cdn.tcgplayer.com/product/88142_200w.jpg,3,1430,https://cpt.tcgcsv.com/SgK,2026-03-16T12:25:02.253,1,93/130,Common,Water,60,Basic,[0] Peck (10),"[1W] Water Splash (20+)
<br>
Flip a coin. If heads, this attack does 20 damage plus 10 more damage.",L+10,1,1.99,2.99,9.47,14.12,,Reverse Holofoil,,
88176,PlusPower,PlusPower,https://tcgplayer-cdn.tcgplayer.com/product/88176_200w.jpg,3,1430,https://cpt.tcgcsv.com/xhK,2022-12-07T20:43:19.653,1,109/130,Uncommon,Trainer,,,,,,,0.05,0.25,3.0,0.23,,Normal,"Attach PlusPower to 1 of your Pokémon. Discard this card at the end of your turn.
<br>
If the Pokémon PlusPower is attached to attacks, the attack does 10 more damage to the Active Pokémon <em>(before applying Weakness and Resistance)</em>.",
88176,PlusPower,PlusPower,https://tcgplayer-cdn.tcgplayer.com/product/88176_200w.jpg,3,1430,https://cpt.tcgcsv.com/xhK,2022-12-07T20:43:19.653,1,109/130,Uncommon,Trainer,,,,,,,0.36,1.18,2.5,2.0,,Reverse Holofoil,"Attach PlusPower to 1 of your Pokémon. Discard this card at the end of your turn.
<br>
If the Pokémon PlusPower is attached to attacks, the attack does 10 more damage to the Active Pokémon <em>(before applying Weakness and Resistance)</em>.",
88186,Poke Ball,Poke Ball,https://tcgplayer-cdn.tcgplayer.com/product/88186_200w.jpg,3,1430,https://cpt.tcgcsv.com/LhK,2022-12-07T20:44:22.083,1,110/130,Uncommon,Trainer,,,,,,,0.02,0.25,3.0,0.28,,Normal,"Flip a coin. If heads, search your deck for a Pokémon, show it to your opponent, and put it into your hand. Shuffle your deck afterward.",
88186,Poke Ball,Poke Ball,https://tcgplayer-cdn.tcgplayer.com/product/88186_200w.jpg,3,1430,https://cpt.tcgcsv.com/LhK,2022-12-07T20:44:22.083,1,110/130,Uncommon,Trainer,,,,,,,0.47,1.2,9.99,5.0,,Reverse Holofoil,"Flip a coin. If heads, search your deck for a Pokémon, show it to your opponent, and put it into your hand. Shuffle your deck afterward.",
88202,Pokedex (HANDY910is),Pokedex HANDY910is,https://tcgplayer-cdn.tcgplayer.com/product/88202_200w.jpg,3,1430,https://cpt.tcgcsv.com/3jK,2022-12-07T20:45:16.347,1,111/130,Uncommon,Trainer,,,,,,,0.08,0.26,3.0,0.26,,Normal,"Look at the top 2 cards of your deck, choose 1 of them, and put it into your hand. Put the other card on the bottom of your deck.",
88202,Pokedex (HANDY910is),Pokedex HANDY910is,https://tcgplayer-cdn.tcgplayer.com/product/88202_200w.jpg,3,1430,https://cpt.tcgcsv.com/3jK,2022-12-07T20:45:16.347,1,111/130,Uncommon,Trainer,,,,,,,0.75,0.93,1.5,1.41,,Reverse Holofoil,"Look at the top 2 cards of your deck, choose 1 of them, and put it into your hand. Put the other card on the bottom of your deck.",
88287,Ponyta,Ponyta,https://tcgplayer-cdn.tcgplayer.com/product/88287_200w.jpg,3,1430,https://cpt.tcgcsv.com/MkK,2023-09-25T18:23:05.973,1,94/130,Common,Fire,60,Basic,[1] Tackle (10),[RR] Flame Tail (30),W+10,1,0.04,0.3,3.0,0.42,0.23,Normal,,
88287,Ponyta,Ponyta,https://tcgplayer-cdn.tcgplayer.com/product/88287_200w.jpg,3,1430,https://cpt.tcgcsv.com/MkK,2023-09-25T18:23:05.973,1,94/130,Common,Fire,60,Basic,[1] Tackle (10),[RR] Flame Tail (30),W+10,1,1.0,3.5,6.83,4.18,,Reverse Holofoil,,
88342,Potion,Potion,https://tcgplayer-cdn.tcgplayer.com/product/88342_200w.jpg,3,1430,https://cpt.tcgcsv.com/SlK,2022-12-07T20:46:32.197,1,118/130,Common,Trainer,,,,,,,0.01,0.21,3.5,0.21,0.08,Normal,Remove 2 damage counters from 1 of your Pokémon (remove 1 damage counter if that Pokémon has only 1).,
88342,Potion,Potion,https://tcgplayer-cdn.tcgplayer.com/product/88342_200w.jpg,3,1430,https://cpt.tcgcsv.com/SlK,2022-12-07T20:46:32.197,1,118/130,Common,Trainer,,,,,,,0.25,0.5,6.74,1.75,,Reverse Holofoil,Remove 2 damage counters from 1 of your Pokémon (remove 1 damage counter if that Pokémon has only 1).,
88368,Prinplup,Prinplup,https://tcgplayer-cdn.tcgplayer.com/product/88368_200w.jpg,3,1430,https://cpt.tcgcsv.com/nmK,2025-11-10T22:59:25.037,1,58/130,Uncommon,Water,80,Stage 1,"[W] Aqua Shower
<br>
Does 10 damage to each of your opponent's Pokémon. <em>(Don't apply Weakness and Resistance for Benched Pokémon.)</em>","[WW] Brine
<br>
Choose 1 of your opponent's Pokémon that has any damage counters on it. This attack does 40 damage to that Pokémon. <em>(Don't apply Weakness and Resistance for Benched Pokémon.)</em>",L+20,1,0.18,0.57,3.0,0.79,,Normal,,
88368,Prinplup,Prinplup,https://tcgplayer-cdn.tcgplayer.com/product/88368_200w.jpg,3,1430,https://cpt.tcgcsv.com/nmK,2025-11-10T22:59:25.037,1,58/130,Uncommon,Water,80,Stage 1,"[W] Aqua Shower
<br>
Does 10 damage to each of your opponent's Pokémon. <em>(Don't apply Weakness and Resistance for Benched Pokémon.)</em>","[WW] Brine
<br>
Choose 1 of your opponent's Pokémon that has any damage counters on it. This attack does 40 damage to that Pokémon. <em>(Don't apply Weakness and Resistance for Benched Pokémon.)</em>",L+20,1,1.69,2.98,11.09,2.18,,Reverse Holofoil,,
88407,Professor Rowan,Professor Rowan,https://tcgplayer-cdn.tcgplayer.com/product/88407_200w.jpg,3,1430,https://cpt.tcgcsv.com/9nK,2023-10-25T08:05:00.823,1,112/130,Uncommon,Supporter,,,,,,,0.09,0.34,3.33,0.37,,Normal,"You can play only one Supporter card each turn. When you play this card, put it next to your Active Pokémon. When your turn ends, discard this card.
<br>
Choose 1 card in your hand and shuffle the rest of your cards into your deck. Then, draw 4 cards. (If this is the only card in your hand, you can't play this card.)",
88407,Professor Rowan,Professor Rowan,https://tcgplayer-cdn.tcgplayer.com/product/88407_200w.jpg,3,1430,https://cpt.tcgcsv.com/9nK,2023-10-25T08:05:00.823,1,112/130,Uncommon,Supporter,,,,,,,0.38,0.99,2.5,1.24,,Reverse Holofoil,"You can play only one Supporter card each turn. When you play this card, put it next to your Active Pokémon. When your turn ends, discard this card.
<br>
Choose 1 card in your hand and shuffle the rest of your cards into your deck. Then, draw 4 cards. (If this is the only card in your hand, you can't play this card.)",
88423,Psychic Energy,Psychic Energy,https://tcgplayer-cdn.tcgplayer.com/product/88423_200w.jpg,3,1430,https://cpt.tcgcsv.com/tnK,2022-12-07T20:50:08.15,1,127/130,Common,Basic Energy,,,,,,,1.99,2.24,2.49,6.5,,Normal,,
88464,Purugly,Purugly,https://tcgplayer-cdn.tcgplayer.com/product/88464_200w.jpg,3,1430,https://cpt.tcgcsv.com/jpK,2023-09-25T17:56:26.277,1,36/130,Rare,Colorless,90,Stage 1,"[1] High Hat
<br>
Choose 1 card from your opponent's hand without looking and discard it.","[4] Body Slam (50)
<br>
Flip a coin. If heads, the Defending Pokémon is now Paralyzed.",F+20,1,0.5,1.94,96.95,2.84,2.97,Normal,,
88464,Purugly,Purugly,https://tcgplayer-cdn.tcgplayer.com/product/88464_200w.jpg,3,1430,https://cpt.tcgcsv.com/jpK,2023-09-25T17:56:26.277,1,36/130,Rare,Colorless,90,Stage 1,"[1] High Hat
<br>
Choose 1 card from your opponent's hand without looking and discard it.","[4] Body Slam (50)
<br>
Flip a coin. If heads, the Defending Pokémon is now Paralyzed.",F+20,1,0.8,1.75,628.8,8.48,19.99,Reverse Holofoil,,
88583,Rapidash,Rapidash,https://tcgplayer-cdn.tcgplayer.com/product/88583_200w.jpg,3,1430,https://cpt.tcgcsv.com/HrK,2023-09-25T18:13:16.92,1,59/130,Uncommon,Fire,80,Stage 1,"[2] Overrun (20)
<br>
Does 10 damage to 1 of your opponent's Benched Pokémon. <em>(Don't apply Weakness and Resistance for Benched Pokémon.)</em>","[1RR] Blaze Up (50)
<br>
Flip a coin. If tails, discard a Fire Energy attached to Rapidash and this attack does 10 damage to each of your opponent's Benched Pokémon. <em>(Don't apply Weakness and Resistance for Benched Pokémon.)</em>",W+20,,0.1,0.45,3.0,0.64,,Normal,,
88583,Rapidash,Rapidash,https://tcgplayer-cdn.tcgplayer.com/product/88583_200w.jpg,3,1430,https://cpt.tcgcsv.com/HrK,2023-09-25T18:13:16.92,1,59/130,Uncommon,Fire,80,Stage 1,"[2] Overrun (20)
<br>
Does 10 damage to 1 of your opponent's Benched Pokémon. <em>(Don't apply Weakness and Resistance for Benched Pokémon.)</em>","[1RR] Blaze Up (50)
<br>
Flip a coin. If tails, discard a Fire Energy attached to Rapidash and this attack does 10 damage to each of your opponent's Benched Pokémon. <em>(Don't apply Weakness and Resistance for Benched Pokémon.)</em>",W+20,,2.52,3.68,6.67,4.04,,Reverse Holofoil,,
88734,Rhydon,Rhydon,https://tcgplayer-cdn.tcgplayer.com/product/88734_200w.jpg,3,1430,https://cpt.tcgcsv.com/JvK,2023-09-25T18:14:18.767,1,60/130,Uncommon,Fighting,90,Stage 1,"[1F] Storm Up (30+)
<br>
If there is any Stadium card in play, this attack does 30 damage plus 20 more damage. Discard that Stadium card.","[1FF] Crash Impact (60)
<br>
Rhydon does 10 damage to itself. Your opponent switches the Defending Pokémon with 1 of his or her Benched Pokémon, if any.",W+20,2,0.19,0.55,3.0,0.63,,Normal,,L-20
88734,Rhydon,Rhydon,https://tcgplayer-cdn.tcgplayer.com/product/88734_200w.jpg,3,1430,https://cpt.tcgcsv.com/JvK,2023-09-25T18:14:18.767,1,60/130,Uncommon,Fighting,90,Stage 1,"[1F] Storm Up (30+)
<br>
If there is any Stadium card in play, this attack does 30 damage plus 20 more damage. Discard that Stadium card.","[1FF] Crash Impact (60)
<br>
Rhydon does 10 damage to itself. Your opponent switches the Defending Pokémon with 1 of his or her Benched Pokémon, if any.",W+20,2,1.05,3.25,6.74,2.49,,Reverse Holofoil,,L-20
88742,Rhyhorn,Rhyhorn,https://tcgplayer-cdn.tcgplayer.com/product/88742_200w.jpg,3,1430,https://cpt.tcgcsv.com/SvK,2023-09-25T18:23:09.227,1,95/130,Common,Fighting,60,Basic,[1] Horn Attack (10),"[1F] Take Down (30)
<br>
Rhyhorn does 10 damage to itself.",W+10,2,0.14,0.4,3.0,0.42,0.27,Normal,,L-20
88742,Rhyhorn,Rhyhorn,https://tcgplayer-cdn.tcgplayer.com/product/88742_200w.jpg,3,1430,https://cpt.tcgcsv.com/SvK,2023-09-25T18:23:09.227,1,95/130,Common,Fighting,60,Basic,[1] Horn Attack (10),"[1F] Take Down (30)
<br>
Rhyhorn does 10 damage to itself.",W+10,2,1.0,1.94,2.53,2.3,,Reverse Holofoil,,L-20
88745,Rhyperior,Rhyperior,https://tcgplayer-cdn.tcgplayer.com/product/88745_200w.jpg,3,1430,https://cpt.tcgcsv.com/WvK,2023-09-25T17:17:00.81,1,12/130,Holo Rare,Fighting,140,Stage 2,"[1FF] Rock Wrecker (80)
<br>
This attack's damage isn't affected by Weakness or Resistance. Rhyperior can't attack during your next turn.",,W+30,4,4.29,13.57,25.0,12.06,,Holofoil,"<strong>Poké-POWER — Earth Fissure</strong>
<br>
Once during your turn, when you play Rhyperior from your hand ot evolve 1 of your Pokémon, you may discard the top 3 cards from your opponent's deck.",L-20
88745,Rhyperior,Rhyperior,https://tcgplayer-cdn.tcgplayer.com/product/88745_200w.jpg,3,1430,https://cpt.tcgcsv.com/WvK,2023-09-25T17:17:00.81,1,12/130,Holo Rare,Fighting,140,Stage 2,"[1FF] Rock Wrecker (80)
<br>
This attack's damage isn't affected by Weakness or Resistance. Rhyperior can't attack during your next turn.",,W+30,4,2.39,3.62,7.99,4.47,,Reverse Holofoil,"<strong>Poké-POWER — Earth Fissure</strong>
<br>
Once during your turn, when you play Rhyperior from your hand ot evolve 1 of your Pokémon, you may discard the top 3 cards from your opponent's deck.",L-20
88751,Riolu,Riolu,https://tcgplayer-cdn.tcgplayer.com/product/88751_200w.jpg,3,1430,https://cpt.tcgcsv.com/2wK,2023-09-25T18:14:30.853,1,61/130,Uncommon,Fighting,60,Basic,"[F] Wild Kick (30)
<br>
Flip a coin. If tails, this attack does nothing.",,P+10,1,0.3,0.91,4.0,0.97,,Normal,,
88751,Riolu,Riolu,https://tcgplayer-cdn.tcgplayer.com/product/88751_200w.jpg,3,1430,https://cpt.tcgcsv.com/2wK,2023-09-25T18:14:30.853,1,61/130,Uncommon,Fighting,60,Basic,"[F] Wild Kick (30)
<br>
Flip a coin. If tails, this attack does nothing.",,P+10,1,7.5,8.99,12.0,11.2,,Reverse Holofoil,,
88764,Rival,Rival,https://tcgplayer-cdn.tcgplayer.com/product/88764_200w.jpg,3,1430,https://cpt.tcgcsv.com/jwK,2024-05-01T14:18:36.347,1,113/130,Uncommon,Supporter,,,,,,,0.04,0.25,5.0,0.31,0.09,Normal,"You can play only one Supporter card each turn. When you play this card, put it next to your Active Pokémon. When your turn ends, discard this card.
<br>
Reveal the top 5 cards of your deck. Your opponent chooses 3 of those cards. Put those cards into your hand and put other 2 cards on top of your deck. Shuffle your deck afterward.",
88764,Rival,Rival,https://tcgplayer-cdn.tcgplayer.com/product/88764_200w.jpg,3,1430,https://cpt.tcgcsv.com/jwK,2024-05-01T14:18:36.347,1,113/130,Uncommon,Supporter,,,,,,,0.25,1.13,3.5,2.32,,Reverse Holofoil,"You can play only one Supporter card each turn. When you play this card, put it next to your Active Pokémon. When your turn ends, discard this card.
<br>
Reveal the top 5 cards of your deck. Your opponent chooses 3 of those cards. Put those cards into your hand and put other 2 cards on top of your deck. Shuffle your deck afterward.",
88819,Roselia,Roselia,https://tcgplayer-cdn.tcgplayer.com/product/88819_200w.jpg,3,1430,https://cpt.tcgcsv.com/pxK,2023-09-25T18:23:12.523,1,96/130,Common,Grass,70,Basic,"[G] Toxic Spikes
<br>
The Defending Pokémon is now Poisoned. If Roselia is evolved from Budew, this attack does 10 damage to the Defending Pokémon.","[GG] Sweet Spikes (10)
<br>
The Defending Pokémon is now Asleep. Remove 2 damage counters from 1 of your Pokémon.",R+10,1,0.05,0.38,3.0,0.38,,Normal,,
88819,Roselia,Roselia,https://tcgplayer-cdn.tcgplayer.com/product/88819_200w.jpg,3,1430,https://cpt.tcgcsv.com/pxK,2023-09-25T18:23:12.523,1,96/130,Common,Grass,70,Basic,"[G] Toxic Spikes
<br>
The Defending Pokémon is now Poisoned. If Roselia is evolved from Budew, this attack does 10 damage to the Defending Pokémon.","[GG] Sweet Spikes (10)
<br>
The Defending Pokémon is now Asleep. Remove 2 damage counters from 1 of your Pokémon.",R+10,1,0.85,1.51,8.0,1.48,,Reverse Holofoil,,
88826,Roserade,Roserade,https://tcgplayer-cdn.tcgplayer.com/product/88826_200w.jpg,3,1430,https://cpt.tcgcsv.com/xxK,2025-11-10T23:03:10.447,1,13/130,Holo Rare,Grass,90,Stage 1,"[GG] Poison Sting (30)
<br>
The Defending Pokémon is now Poisoned.","[1GG] Spike Whip (50)
<br>
If Budew is anywhere under Roserade, choose 1 of your opponent's Benched Pokémon. This attack does 30 damage to that Pokémon. <em>(Don't apply Weakness and Resistance for Benched Pokémon.)</em>",R+20,1,4.55,10.1,24.99,11.81,8.99,Holofoil,,
88826,Roserade,Roserade,https://tcgplayer-cdn.tcgplayer.com/product/88826_200w.jpg,3,1430,https://cpt.tcgcsv.com/xxK,2025-11-10T23:03:10.447,1,13/130,Holo Rare,Grass,90,Stage 1,"[GG] Poison Sting (30)
<br>
The Defending Pokémon is now Poisoned.","[1GG] Spike Whip (50)
<br>
If Budew is anywhere under Roserade, choose 1 of your opponent's Benched Pokémon. This attack does 30 damage to that Pokémon. <em>(Don't apply Weakness and Resistance for Benched Pokémon.)</em>",R+20,1,1.5,8.36,18.01,11.98,7.18,Reverse Holofoil,,
89026,Seaking,Seaking,https://tcgplayer-cdn.tcgplayer.com/product/89026_200w.jpg,3,1430,https://cpt.tcgcsv.com/xDK,2024-02-05T15:13:10.113,1,62/130,Uncommon,Water,80,Stage 1,"[2] Flail (10x)
<br>
Does 10 damage times the number of damage counters on Seaking.",[WW] Horn Drill (50),L+20,1,0.1,0.4,3.0,0.41,0.2,Normal,,
89026,Seaking,Seaking,https://tcgplayer-cdn.tcgplayer.com/product/89026_200w.jpg,3,1430,https://cpt.tcgcsv.com/xDK,2024-02-05T15:13:10.113,1,62/130,Uncommon,Water,80,Stage 1,"[2] Flail (10x)
<br>
Does 10 damage times the number of damage counters on Seaking.",[WW] Horn Drill (50),L+20,1,1.25,2.2,7.45,2.2,,Reverse Holofoil,,
89043,Seedot,Seedot,https://tcgplayer-cdn.tcgplayer.com/product/89043_200w.jpg,3,1430,https://cpt.tcgcsv.com/TDK,2023-09-25T18:23:16.147,1,97/130,Common,Grass,50,Basic,"[1] Bide
<br>
Flip a coin. If heads, during your opponent's next turn, if Seedot would be Knocked Out by damage from an attack, Seedot is not Knocked Out and its remaining HP becomes 10 instead.",[2] Rollout (20),R+10,1,0.05,0.29,4.9,0.34,0.34,Normal,,W-20
89043,Seedot,Seedot,https://tcgplayer-cdn.tcgplayer.com/product/89043_200w.jpg,3,1430,https://cpt.tcgcsv.com/TDK,2023-09-25T18:23:16.147,1,97/130,Common,Grass,50,Basic,"[1] Bide
<br>
Flip a coin. If heads, during your opponent's next turn, if Seedot would be Knocked Out by damage from an attack, Seedot is not Knocked Out and its remaining HP becomes 10 instead.",[2] Rollout (20),R+10,1,1.0,1.57,3.97,2.22,,Reverse Holofoil,,W-20
89157,Shiftry,Shiftry,https://tcgplayer-cdn.tcgplayer.com/product/89157_200w.jpg,3,1430,https://cpt.tcgcsv.com/9HK,2023-09-25T17:19:07.657,1,14/130,Holo Rare,Darkness,120,Stage 2,"[1DD] Spirit Dance (50+)
<br>
Flip 2 coins. This attack does 20 more damage for each heads.",,F+30,2,4.32,5.6,28.88,8.1,,Holofoil,"<strong>Poké-POWER — Darkness Fan</strong>
<br>
Once during your turn <em>(before your attack)</em>, if Shiftry is your Active Pokémon, you may flip a coin. If heads, choose 1 Evolved Pokémon on your opponent's Bench, remove the highest Stage Evolution card from that Pokémon, and put it back into his or her hand. This power can't be used if Shiftry is affected by a Special Condition.",P-20
89157,Shiftry,Shiftry,https://tcgplayer-cdn.tcgplayer.com/product/89157_200w.jpg,3,1430,https://cpt.tcgcsv.com/9HK,2023-09-25T17:19:07.657,1,14/130,Holo Rare,Darkness,120,Stage 2,"[1DD] Spirit Dance (50+)
<br>
Flip 2 coins. This attack does 20 more damage for each heads.",,F+30,2,1.62,4.27,12.0,5.22,,Reverse Holofoil,"<strong>Poké-POWER — Darkness Fan</strong>
<br>
Once during your turn <em>(before your attack)</em>, if Shiftry is your Active Pokémon, you may flip a coin. If heads, choose 1 Evolved Pokémon on your opponent's Bench, remove the highest Stage Evolution card from that Pokémon, and put it back into his or her hand. This power can't be used if Shiftry is affected by a Special Condition.",P-20
89172,Shinx,Shinx,https://tcgplayer-cdn.tcgplayer.com/product/89172_200w.jpg,3,1430,https://cpt.tcgcsv.com/sHK,2023-09-25T18:23:20.603,1,98/130,Common,Lightning,60,Basic,"[L] Spark (10)
<br>
Does 10 damage to 1 of your opponent's Benched Pokémon. <em>(Don't apply Weakness and Resistance for Benched Pokémon.)</em>",,F+10,1,0.1,0.44,3.49,0.51,,Normal,,M-20
89172,Shinx,Shinx,https://tcgplayer-cdn.tcgplayer.com/product/89172_200w.jpg,3,1430,https://cpt.tcgcsv.com/sHK,2023-09-25T18:23:20.603,1,98/130,Common,Lightning,60,Basic,"[L] Spark (10)
<br>
Does 10 damage to 1 of your opponent's Benched Pokémon. <em>(Don't apply Weakness and Resistance for Benched Pokémon.)</em>",,F+10,1,0.75,1.11,2.66,1.7,,Reverse Holofoil,,M-20
89212,Silcoon,Silcoon,https://tcgplayer-cdn.tcgplayer.com/product/89212_200w.jpg,3,1430,https://cpt.tcgcsv.com/gJK,2023-09-25T18:20:53.88,1,63/130,Uncommon,Grass,80,Stage 1,"[G] Harden
<br>
During your opponent's next turn, if Silcoon would be damaged by an attack, prevent that attack's damage done to Silcoon if that damage is 30 or less.","[1G] Entangling String (20)
<br>
Flip a coin. If heads, the Defending Pokémon can't attack during your opponent's next turn.",R+20,3,0.1,0.29,4.9,0.3,,Normal,,
89212,Silcoon,Silcoon,https://tcgplayer-cdn.tcgplayer.com/product/89212_200w.jpg,3,1430,https://cpt.tcgcsv.com/gJK,2023-09-25T18:20:53.88,1,63/130,Uncommon,Grass,80,Stage 1,"[G] Harden
<br>
During your opponent's next turn, if Silcoon would be damaged by an attack, prevent that attack's damage done to Silcoon if that damage is 30 or less.","[1G] Entangling String (20)
<br>
Flip a coin. If heads, the Defending Pokémon can't attack during your opponent's next turn.",R+20,3,0.67,1.5,4.5,1.29,,Reverse Holofoil,,
89273,Skorupi,Skorupi,https://tcgplayer-cdn.tcgplayer.com/product/89273_200w.jpg,3,1430,https://cpt.tcgcsv.com/tKK,2025-11-19T23:10:47.123,1,99/130,Common,Psychic,60,Basic,"[P] Poison Sting
<br>
Flip a coin. If heads, the Defending Pokémon is now Poisoned.","[2] Pin Missile (10x)
<br>
Flip 4 coins. This attack does 10 damage time the number of heads.",P+10,2,0.15,0.32,4.9,0.33,0.23,Normal,,
89273,Skorupi,Skorupi,https://tcgplayer-cdn.tcgplayer.com/product/89273_200w.jpg,3,1430,https://cpt.tcgcsv.com/tKK,2025-11-19T23:10:47.123,1,99/130,Common,Psychic,60,Basic,"[P] Poison Sting
<br>
Flip a coin. If heads, the Defending Pokémon is now Poisoned.","[2] Pin Missile (10x)
<br>
Flip 4 coins. This attack does 10 damage time the number of heads.",P+10,2,0.5,1.28,10.97,0.94,,Reverse Holofoil,,
89279,Skuntank,Skuntank,https://tcgplayer-cdn.tcgplayer.com/product/89279_200w.jpg,3,1430,https://cpt.tcgcsv.com/CKK,2025-11-10T23:05:32.473,1,15/130,Holo Rare,Darkness,90,Stage 1,"[DD] Frustration
<br>
Choose 1 of your opponent's Pokémon that doesn't have any damage counters on it. This attack does 30 damage to that Pokémon. <em>(Don't apply Weakness and Resistance for Benched Pokémon.)</em>","[1DD] Toxic Cloud (30)
<br>
Flip a coin. If heads, the Defending Pokémon is now Poisoned. Put 2 damage counters instead of 1 on the Defending Pokémon between turns.",F+20,1,2.19,3.26,6.17,4.27,,Holofoil,,P-20
89279,Skuntank,Skuntank,https://tcgplayer-cdn.tcgplayer.com/product/89279_200w.jpg,3,1430,https://cpt.tcgcsv.com/CKK,2025-11-10T23:05:32.473,1,15/130,Holo Rare,Darkness,90,Stage 1,"[DD] Frustration
<br>
Choose 1 of your opponent's Pokémon that doesn't have any damage counters on it. This attack does 30 damage to that Pokémon. <em>(Don't apply Weakness and Resistance for Benched Pokémon.)</em>","[1DD] Toxic Cloud (30)
<br>
Flip a coin. If heads, the Defending Pokémon is now Poisoned. Put 2 damage counters instead of 1 on the Defending Pokémon between turns.",F+20,1,1.9,4.38,10.97,3.99,10.97,Reverse Holofoil,,P-20
89369,Sneasel,Sneasel,https://tcgplayer-cdn.tcgplayer.com/product/89369_200w.jpg,3,1430,https://cpt.tcgcsv.com/pMK,2023-05-03T09:30:29.017,1,100/130,Common,Darkness,60,Basic,"[1] Double Slap (10x)
<br>
Flip 2 coins. This attack does 10 damage times the number of heads.","[1D] Feint Attack
<br>
Choose 1 of your opponent's Pokémon. This attack does 20 damage to that Pokémon. This attack's damage isn't affected by Weakness, Resistance, Poké-Powers, Poké-Bodies, or any other effects on that Pokémon.",F+10,1,0.08,0.25,4.9,0.24,,Normal,,P-20
89369,Sneasel,Sneasel,https://tcgplayer-cdn.tcgplayer.com/product/89369_200w.jpg,3,1430,https://cpt.tcgcsv.com/pMK,2023-05-03T09:30:29.017,1,100/130,Common,Darkness,60,Basic,"[1] Double Slap (10x)
<br>
Flip 2 coins. This attack does 10 damage times the number of heads.","[1D] Feint Attack
<br>
Choose 1 of your opponent's Pokémon. This attack does 20 damage to that Pokémon. This attack's damage isn't affected by Weakness, Resistance, Poké-Powers, Poké-Bodies, or any other effects on that Pokémon.",F+10,1,1.5,1.98,3.99,2.04,,Reverse Holofoil,,P-20
89389,Snorlax,Snorlax,https://tcgplayer-cdn.tcgplayer.com/product/89389_200w.jpg,3,1430,https://cpt.tcgcsv.com/PMK,2023-09-25T17:57:21.59,1,37/130,Rare,Colorless,100,Basic,"[1] Block
<br>
The Defending Pokémon can't retreat during your opponent's next turn.","[4] Ease Up (40+)
<br>
Snorlax is now Asleep. If Snorlax is evolved from Munchlax, this attack does 40 damage plus 30 more damage.",F+20,4,6.8,14.7,23.0,12.78,,Normal,,
89389,Snorlax,Snorlax,https://tcgplayer-cdn.tcgplayer.com/product/89389_200w.jpg,3,1430,https://cpt.tcgcsv.com/PMK,2023-09-25T17:57:21.59,1,37/130,Rare,Colorless,100,Basic,"[1] Block
<br>
The Defending Pokémon can't retreat during your opponent's next turn.","[4] Ease Up (40+)
<br>
Snorlax is now Asleep. If Snorlax is evolved from Munchlax, this attack does 40 damage plus 30 more damage.",F+20,4,45.0,54.99,99.99,54.0,,Reverse Holofoil,,
89443,Speed Stadium,Speed Stadium,https://tcgplayer-cdn.tcgplayer.com/product/89443_200w.jpg,3,1430,https://cpt.tcgcsv.com/TNK,2023-07-08T16:18:49.61,1,114/130,Uncommon,Stadium,,,,,,,0.1,0.48,96.95,0.64,0.7,Normal,"This card stays in play when you play it. Discard this card if another Stadium card comes into play. If another card with the same name is in play, you can't play this card.
<br>
Once during each player's turn, the player may flip a coin until he or she gets tails. For each heads, that player draws a card.",
89443,Speed Stadium,Speed Stadium,https://tcgplayer-cdn.tcgplayer.com/product/89443_200w.jpg,3,1430,https://cpt.tcgcsv.com/TNK,2023-07-08T16:18:49.61,1,114/130,Uncommon,Stadium,,,,,,,0.49,1.59,5.0,1.38,1.11,Reverse Holofoil,"This card stays in play when you play it. Discard this card if another Stadium card comes into play. If another card with the same name is in play, you can't play this card.
<br>
Once during each player's turn, the player may flip a coin until he or she gets tails. For each heads, that player draws a card.",
89508,Staraptor,Staraptor,https://tcgplayer-cdn.tcgplayer.com/product/89508_200w.jpg,3,1430,https://cpt.tcgcsv.com/bQK,2023-09-25T17:26:01.277,1,16/130,Holo Rare,Colorless,100,Stage 2,"[1] Accelerative Dive (30)
<br>
Flip a coin.  If tails, this attack does nothing. If heads, prevent all damage done to Staraptor by attacks <em>(both yours and your opponent's)</em> until the end of your next turn.","[4] Brave Heart (100)
<br>
Flip a coin. If tails, Staraptor does 100 damage to itself.",L+30,,8.85,9.99,23.55,22.55,,Holofoil,,F-20
89508,Staraptor,Staraptor,https://tcgplayer-cdn.tcgplayer.com/product/89508_200w.jpg,3,1430,https://cpt.tcgcsv.com/bQK,2023-09-25T17:26:01.277,1,16/130,Holo Rare,Colorless,100,Stage 2,"[1] Accelerative Dive (30)
<br>
Flip a coin.  If tails, this attack does nothing. If heads, prevent all damage done to Staraptor by attacks <em>(both yours and your opponent's)</em> until the end of your next turn.","[4] Brave Heart (100)
<br>
Flip a coin. If tails, Staraptor does 100 damage to itself.",L+30,,7.12,8.9,16.79,10.87,,Reverse Holofoil,,F-20
89513,Staravia,Staravia,https://tcgplayer-cdn.tcgplayer.com/product/89513_200w.jpg,3,1430,https://cpt.tcgcsv.com/hQK,2023-09-25T18:20:58.11,1,64/130,Uncommon,Colorless,70,Stage 1,"[2] Whirlwind (20)
<br>
Your opponent switches the Defending Pokémon with 1 of his or her Benched Pokémon.","[2] Clutch (20)
<br>
The Defending Pokémon can't retreat during your opponent's next turn.",L+20,,0.17,0.4,3.0,0.41,,Normal,,F-20
89513,Staravia,Staravia,https://tcgplayer-cdn.tcgplayer.com/product/89513_200w.jpg,3,1430,https://cpt.tcgcsv.com/hQK,2023-09-25T18:20:58.11,1,64/130,Uncommon,Colorless,70,Stage 1,"[2] Whirlwind (20)
<br>
Your opponent switches the Defending Pokémon with 1 of his or her Benched Pokémon.","[2] Clutch (20)
<br>
The Defending Pokémon can't retreat during your opponent's next turn.",L+20,,0.6,1.99,5.0,1.52,,Reverse Holofoil,,F-20
89520,Starly,Starly,https://tcgplayer-cdn.tcgplayer.com/product/89520_200w.jpg,3,1430,https://cpt.tcgcsv.com/qQK,2024-07-26T17:23:42.803,1,101/130,Common,Colorless,50,Basic,[1] Gust (10),"[2] Quick Attack (10+)
<br>
Flip a coin. If heads, this attack does 10 damage plus 20 more damage.",L+10,1,0.01,0.26,6.99,0.27,,Normal,,F-20
89520,Starly,Starly,https://tcgplayer-cdn.tcgplayer.com/product/89520_200w.jpg,3,1430,https://cpt.tcgcsv.com/qQK,2024-07-26T17:23:42.803,1,101/130,Common,Colorless,50,Basic,[1] Gust (10),"[2] Quick Attack (10+)
<br>
Flip a coin. If heads, this attack does 10 damage plus 20 more damage.",L+10,1,0.75,1.49,3.55,3.33,,Reverse Holofoil,,F-20
89561,Steelix,Steelix,https://tcgplayer-cdn.tcgplayer.com/product/89561_200w.jpg,3,1430,https://cpt.tcgcsv.com/fRK,2023-09-25T17:57:36.063,1,38/130,Rare,Metal,110,Stage 1,"[M] Slam (30x)
<br>
Flip 2 coins. This attack does 30 damage times the number of heads.","[2MM] Metal Slash (100)
<br>
Steelix can't attack during your next turn.",R+20,4,1.15,2.08,9.99,1.65,,Normal,,P-20
89561,Steelix,Steelix,https://tcgplayer-cdn.tcgplayer.com/product/89561_200w.jpg,3,1430,https://cpt.tcgcsv.com/fRK,2023-09-25T17:57:36.063,1,38/130,Rare,Metal,110,Stage 1,"[M] Slam (30x)
<br>
Flip 2 coins. This attack does 30 damage times the number of heads.","[2MM] Metal Slash (100)
<br>
Steelix can't attack during your next turn.",R+20,4,2.93,6.18,15.3,15.0,,Reverse Holofoil,,P-20
89584,Stunky,Stunky,https://tcgplayer-cdn.tcgplayer.com/product/89584_200w.jpg,3,1430,https://cpt.tcgcsv.com/JRK,2026-02-13T20:51:41.853,1,102/130,Common,Darkness,60,Basic,[1] Scratch (10),"[1D] Severe Gas (10)
<br>
The Defending Pokémon is now Poisoned.",F+10,1,0.09,0.26,4.8,0.36,0.49,Normal,,P-20
89584,Stunky,Stunky,https://tcgplayer-cdn.tcgplayer.com/product/89584_200w.jpg,3,1430,https://cpt.tcgcsv.com/JRK,2026-02-13T20:51:41.853,1,102/130,Common,Darkness,60,Basic,[1] Scratch (10),"[1D] Severe Gas (10)
<br>
The Defending Pokémon is now Poisoned.",F+10,1,1.17,1.67,2.49,2.1,,Reverse Holofoil,,P-20
89638,Super Scoop Up,Super Scoop Up,https://tcgplayer-cdn.tcgplayer.com/product/89638_200w.jpg,3,1430,https://cpt.tcgcsv.com/NSK,2023-07-08T16:19:16.507,1,115/130,Uncommon,Trainer,,,,,,,0.01,0.4,3.0,0.47,,Normal,"Flip a coin. If heads, return 1 of your Pokémon and all cards attached to it to your hand.",
89638,Super Scoop Up,Super Scoop Up,https://tcgplayer-cdn.tcgplayer.com/product/89638_200w.jpg,3,1430,https://cpt.tcgcsv.com/NSK,2023-07-08T16:19:16.507,1,115/130,Uncommon,Trainer,,,,,,,1.5,6.67,12.5,9.95,,Reverse Holofoil,"Flip a coin. If heads, return 1 of your Pokémon and all cards attached to it to your hand.",
89715,Switch,Switch,https://tcgplayer-cdn.tcgplayer.com/product/89715_200w.jpg,3,1430,https://cpt.tcgcsv.com/kVK,2025-11-10T23:08:16.33,1,119/130,Common,Trainer,,,,,,,0.35,0.75,3.49,0.84,,Normal,Switch 1 of your Active Pokémon with 1 of your Benched Pokémon.,
89715,Switch,Switch,https://tcgplayer-cdn.tcgplayer.com/product/89715_200w.jpg,3,1430,https://cpt.tcgcsv.com/kVK,2025-11-10T23:08:16.33,1,119/130,Common,Trainer,,,,,,,2.11,3.3,6.52,4.7,,Reverse Holofoil,Switch 1 of your Active Pokémon with 1 of your Benched Pokémon.,
89983,Torterra,Torterra,https://tcgplayer-cdn.tcgplayer.com/product/89983_200w.jpg,3,1430,https://cpt.tcgcsv.com/H_K,2025-03-27T20:37:55.447,1,17/130,Holo Rare,Grass,140,Stage 2,"[3] Body Slam (30)
<br>
Flip a coin. If heads, the Defending Pokémon is now Paralyzed.","[2GG] Leaf Storm (60)
<br>
Remove 2 damage counters from each of your Grass Pokémon.",R+30,4,4.5,8.55,79.0,12.82,,Holofoil,,
89983,Torterra,Torterra,https://tcgplayer-cdn.tcgplayer.com/product/89983_200w.jpg,3,1430,https://cpt.tcgcsv.com/H_K,2025-03-27T20:37:55.447,1,17/130,Holo Rare,Grass,140,Stage 2,"[3] Body Slam (30)
<br>
Flip a coin. If heads, the Defending Pokémon is now Paralyzed.","[2GG] Leaf Storm (60)
<br>
Remove 2 damage counters from each of your Grass Pokémon.",R+30,4,7.07,7.4,78.0,8.99,,Reverse Holofoil,,
89989,Torterra LV.X,Torterra LVX,https://tcgplayer-cdn.tcgplayer.com/product/89989_200w.jpg,3,1430,https://cpt.tcgcsv.com/P_K,2022-12-07T21:36:04.987,1,122/130,Ultra Rare,Grass,160,Level-Up,"[1GGG] Vigorous Dash (100)
<br>
Does 30 damage to 1 of your opponent's Benched Pokémon. <em>(Don't apply Weakness and Resistance for Benched Pokémon.)</em> Torterra does 30 damage to itself.",,R+30,4,44.99,92.23,99.99,90.67,,Holofoil,"<strong>Poké-POWER — Forest Murmurs</strong>
<br>
Once during your turn <em>(before your attack)</em>, if you have more Prize cards left than your opponent, you may choose 1 of your opponent's Benched Pokémon and switch it with 1 of the Defending Pokémon. This power can't be used if Torterra is affected by a Special Condition.
<br>
[Put this card onto your Active Torterra. Torterra LV.X can use any attack, Poké-Power, or Poké-Body from its previous Level.]",
90071,Turtwig,Turtwig,https://tcgplayer-cdn.tcgplayer.com/product/90071_200w.jpg,3,1430,https://cpt.tcgcsv.com/r2L,2022-12-07T21:36:54.653,1,103/130,Common,Grass,60,Basic,[0] Tackle (10),[G] Razor Leaf (20),R+10,2,0.15,0.4,5.0,0.47,,Normal,,W-20
90071,Turtwig,Turtwig,https://tcgplayer-cdn.tcgplayer.com/product/90071_200w.jpg,3,1430,https://cpt.tcgcsv.com/r2L,2022-12-07T21:36:54.653,1,103/130,Common,Grass,60,Basic,[0] Tackle (10),[G] Razor Leaf (20),R+10,2,0.98,1.21,5.99,3.68,,Reverse Holofoil,,W-20
90198,Unown [A],Unown A,https://tcgplayer-cdn.tcgplayer.com/product/90198_200w.jpg,3,1430,https://cpt.tcgcsv.com/-5L,2023-09-25T18:21:00.773,1,65/130,Uncommon,Psychic,50,Basic,[1] Hidden Power (10),,P+10,1,0.67,1.89,5.0,1.97,,Normal,"<strong>Poké-POWER — ANALYZE</strong>
<br>
Once during your turn <em>(before your attack)</em>, if Unown A is on your Bench, you may look at the top 2 cards of your deck and put them back on top of your deck in any order.",
90198,Unown [A],Unown A,https://tcgplayer-cdn.tcgplayer.com/product/90198_200w.jpg,3,1430,https://cpt.tcgcsv.com/-5L,2023-09-25T18:21:00.773,1,65/130,Uncommon,Psychic,50,Basic,[1] Hidden Power (10),,P+10,1,2.0,2.53,6.53,3.0,,Reverse Holofoil,"<strong>Poké-POWER — ANALYZE</strong>
<br>
Once during your turn <em>(before your attack)</em>, if Unown A is on your Bench, you may look at the top 2 cards of your deck and put them back on top of your deck in any order.",
90200,Unown [B],Unown B,https://tcgplayer-cdn.tcgplayer.com/product/90200_200w.jpg,3,1430,https://cpt.tcgcsv.com/06L,2023-09-25T18:21:04.647,1,66/130,Uncommon,Psychic,50,Basic,[1] Hidden Power (10),,P+10,1,0.25,0.6,4.8,1.39,,Normal,"<strong>Poké-POWER — BOUNCE</strong>
<br>
Once during your turn <em>(before your attack)</em>, if Unown B is on your Bench, you may flip a coin. If heads, discard all cards attached to any 1 of your Unown and shuffle that Pokémon back into your deck.",
90200,Unown [B],Unown B,https://tcgplayer-cdn.tcgplayer.com/product/90200_200w.jpg,3,1430,https://cpt.tcgcsv.com/06L,2023-09-25T18:21:04.647,1,66/130,Uncommon,Psychic,50,Basic,[1] Hidden Power (10),,P+10,1,1.4,2.79,5.0,2.96,,Reverse Holofoil,"<strong>Poké-POWER — BOUNCE</strong>
<br>
Once during your turn <em>(before your attack)</em>, if Unown B is on your Bench, you may flip a coin. If heads, discard all cards attached to any 1 of your Unown and shuffle that Pokémon back into your deck.",
90202,Unown [C],Unown C,https://tcgplayer-cdn.tcgplayer.com/product/90202_200w.jpg,3,1430,https://cpt.tcgcsv.com/36L,2023-09-25T18:21:08.99,1,67/130,Uncommon,Psychic,50,Basic,[1] Hidden Power (10),,P+10,1,0.48,0.83,4.0,1.47,,Normal,"<strong>Poké-POWER — CALL</strong>
<br>
Once during your turn <em>(before your attack)</em>, if Unown C is on your Bench, you may flip a coin. If heads, search your deck for any 1 Unown and put it onto your Bench. Shuffle your deck afterward.",
90202,Unown [C],Unown C,https://tcgplayer-cdn.tcgplayer.com/product/90202_200w.jpg,3,1430,https://cpt.tcgcsv.com/36L,2023-09-25T18:21:08.99,1,67/130,Uncommon,Psychic,50,Basic,[1] Hidden Power (10),,P+10,1,1.69,3.5,5.33,4.84,,Reverse Holofoil,"<strong>Poké-POWER — CALL</strong>
<br>
Once during your turn <em>(before your attack)</em>, if Unown C is on your Bench, you may flip a coin. If heads, search your deck for any 1 Unown and put it onto your Bench. Shuffle your deck afterward.",
90204,Unown [D],Unown D,https://tcgplayer-cdn.tcgplayer.com/product/90204_200w.jpg,3,1430,https://cpt.tcgcsv.com/66L,2023-09-25T18:21:11.64,1,68/130,Uncommon,Psychic,50,Basic,[1] Hidden Power (10),,P+10,1,0.48,1.25,3.89,1.21,,Normal,"<strong>Poké-POWER — DRAW</strong>
<br>
Once during your turn <em>(before your attack)</em>, if Unown D is on your Bench, you may flip a coin. If heads, each player may draw a card. (You draw your card first.)",
90204,Unown [D],Unown D,https://tcgplayer-cdn.tcgplayer.com/product/90204_200w.jpg,3,1430,https://cpt.tcgcsv.com/66L,2023-09-25T18:21:11.64,1,68/130,Uncommon,Psychic,50,Basic,[1] Hidden Power (10),,P+10,1,1.4,2.97,4.95,2.95,,Reverse Holofoil,"<strong>Poké-POWER — DRAW</strong>
<br>
Once during your turn <em>(before your attack)</em>, if Unown D is on your Bench, you may flip a coin. If heads, each player may draw a card. (You draw your card first.)",
90327,Vespiquen,Vespiquen,https://tcgplayer-cdn.tcgplayer.com/product/90327_200w.jpg,3,1430,https://cpt.tcgcsv.com/z8L,2023-09-25T17:58:35.367,1,39/130,Rare,Grass,100,Stage 1,"[G] Leaf Honey
<br>
Discard a Grass Energy attached to Vespiquen and remove all damage counters from 1 of your Benched Grass Pokémon.","[2G] Attack Order (10x)
<br>
Does 10 damage times the number of Grass Pokémon in play <em>(both yours and your opponent's)</em>.",R+20,3,0.82,1.0,96.95,1.1,0.95,Normal,,F-20
90327,Vespiquen,Vespiquen,https://tcgplayer-cdn.tcgplayer.com/product/90327_200w.jpg,3,1430,https://cpt.tcgcsv.com/z8L,2023-09-25T17:58:35.367,1,39/130,Rare,Grass,100,Stage 1,"[G] Leaf Honey
<br>
Discard a Grass Energy attached to Vespiquen and remove all damage counters from 1 of your Benched Grass Pokémon.","[2G] Attack Order (10x)
<br>
Does 10 damage times the number of Grass Pokémon in play <em>(both yours and your opponent's)</em>.",R+20,3,1.27,2.48,96.95,3.43,1.94,Reverse Holofoil,,F-20
90481,Warp Point,Warp Point,https://tcgplayer-cdn.tcgplayer.com/product/90481_200w.jpg,3,1430,https://cpt.tcgcsv.com/FcL,2022-12-07T21:44:09.56,1,116/130,Uncommon,Trainer,,,,,,,0.2,0.5,3.0,0.58,,Normal,"Your opponent switches 1 of his or her Defending Pokémon with 1 of his or her Benched Pokémon, if any. You switch 1 of your Active Pokémon with 1 of your Benched Pokémon, if any.",
90481,Warp Point,Warp Point,https://tcgplayer-cdn.tcgplayer.com/product/90481_200w.jpg,3,1430,https://cpt.tcgcsv.com/FcL,2022-12-07T21:44:09.56,1,116/130,Uncommon,Trainer,,,,,,,0.44,0.9,3.37,0.9,,Reverse Holofoil,"Your opponent switches 1 of his or her Defending Pokémon with 1 of his or her Benched Pokémon, if any. You switch 1 of your Active Pokémon with 1 of your Benched Pokémon, if any.",
90510,Water Energy,Water Energy,https://tcgplayer-cdn.tcgplayer.com/product/90510_200w.jpg,3,1430,https://cpt.tcgcsv.com/ddL,2025-11-19T23:12:06.227,1,125/130,Common,Basic Energy,,,,,,,0.31,0.6,4.99,0.7,,Normal,,
90531,Weavile,Weavile,https://tcgplayer-cdn.tcgplayer.com/product/90531_200w.jpg,3,1430,https://cpt.tcgcsv.com/FdL,2023-09-25T17:58:50.097,1,40/130,Rare,Darkness,80,Stage 1,"[D] Nasty Plot
<br>
Search your deck for any 1 card and put it into your hand. Shuffle your deck afterward.","[DDD] Dark Pulse (10x)
<br>
Does 10 damage times the total amount of Darkness Energy attached to all of your Pokémon.",F+20,1,1.05,2.09,9.99,1.91,,Normal,,P-20
90531,Weavile,Weavile,https://tcgplayer-cdn.tcgplayer.com/product/90531_200w.jpg,3,1430,https://cpt.tcgcsv.com/FdL,2023-09-25T17:58:50.097,1,40/130,Rare,Darkness,80,Stage 1,"[D] Nasty Plot
<br>
Search your deck for any 1 card and put it into your hand. Shuffle your deck afterward.","[DDD] Dark Pulse (10x)
<br>
Does 10 damage times the total amount of Darkness Energy attached to all of your Pokémon.",F+20,1,1.54,2.1,6.81,2.06,,Reverse Holofoil,,P-20
90620,Wobbuffet,Wobbuffet,https://tcgplayer-cdn.tcgplayer.com/product/90620_200w.jpg,3,1430,https://cpt.tcgcsv.com/qgL,2025-11-19T23:12:43.743,1,41/130,Rare,Psychic,80,Basic,"[1P] Countercharge
<br>
Flip a coin. If heads, move all damage counters from Wobbuffet to the Defending Pokémon.",,P+20,3,0.5,1.5,96.95,3.23,1.24,Normal,,
90620,Wobbuffet,Wobbuffet,https://tcgplayer-cdn.tcgplayer.com/product/90620_200w.jpg,3,1430,https://cpt.tcgcsv.com/qgL,2025-11-19T23:12:43.743,1,41/130,Rare,Psychic,80,Basic,"[1P] Countercharge
<br>
Flip a coin. If heads, move all damage counters from Wobbuffet to the Defending Pokémon.",,P+20,3,1.14,1.74,7.56,8.0,,Reverse Holofoil,,
90651,Wurmple,Wurmple,https://tcgplayer-cdn.tcgplayer.com/product/90651_200w.jpg,3,1430,https://cpt.tcgcsv.com/2hL,2025-11-10T23:09:18.74,1,104/130,Common,Grass,50,Basic,"[1] Needling Sting (10+)
<br>
Flip a coin. If heads, this attack does 10 damage plus 10 more damage.","[G] String Shot (10)
<br>
Flip a coin. If heads, the Defending Pokémon is now Paralyzed.",R+10,1,0.05,0.25,4.8,0.27,,Normal,,
90651,Wurmple,Wurmple,https://tcgplayer-cdn.tcgplayer.com/product/90651_200w.jpg,3,1430,https://cpt.tcgcsv.com/2hL,2025-11-10T23:09:18.74,1,104/130,Common,Grass,50,Basic,"[1] Needling Sting (10+)
<br>
Flip a coin. If heads, this attack does 10 damage plus 10 more damage.","[G] String Shot (10)
<br>
Flip a coin. If heads, the Defending Pokémon is now Paralyzed.",R+10,1,0.5,1.55,5.0,2.29,4.99,Reverse Holofoil,,
90657,Wynaut,Wynaut,https://tcgplayer-cdn.tcgplayer.com/product/90657_200w.jpg,3,1430,https://cpt.tcgcsv.com/9hL,2023-09-25T18:04:07.29,1,42/130,Rare,Psychic,40,Basic,"[0] Astonish
<br>
Choose 1 card from your opponent's hand without looking. Look at the card you chose, then have your opponent shuffle that card into his or her deck.",,P+10,1,1.76,4.44,12.0,4.39,,Normal,"<strong>Poké-POWER — Baby Evolution</strong>
<br>
Once during your turn <em>(before your attack)</em>, you may put Wobbuffet from your hand onto Wynaut (this counts as evolving Wynaut) and remove all damage counters from Wynaut.",
90657,Wynaut,Wynaut,https://tcgplayer-cdn.tcgplayer.com/product/90657_200w.jpg,3,1430,https://cpt.tcgcsv.com/9hL,2023-09-25T18:04:07.29,1,42/130,Rare,Psychic,40,Basic,"[0] Astonish
<br>
Choose 1 card from your opponent's hand without looking. Look at the card you chose, then have your opponent shuffle that card into his or her deck.",,P+10,1,5.9,7.0,8.79,5.56,,Reverse Holofoil,"<strong>Poké-POWER — Baby Evolution</strong>
<br>
Once during your turn <em>(before your attack)</em>, you may put Wobbuffet from your hand onto Wynaut (this counts as evolving Wynaut) and remove all damage counters from Wynaut.",
98524,Diamond and Pearl Booster Box,Diamond and Pearl Booster Box,https://tcgplayer-cdn.tcgplayer.com/product/98524_200w.jpg,3,1430,https://cpt.tcgcsv.com/vqP,2015-05-06T13:08:04.033,1,,,,,,,,,,,,,,,,,
98525,Diamond and Pearl Booster Pack,Diamond and Pearl Booster Pack,https://tcgplayer-cdn.tcgplayer.com/product/98525_200w.jpg,3,1430,https://cpt.tcgcsv.com/wqP,2017-07-22T17:03:07.43,1,,,,,,,,,,300.0,300.0,300.0,214.84,,Normal,,
228804,"Diamond & Pearl Theme Deck - ""Terra Firma""",Diamond and Pearl Theme Deck Terra Firma,https://tcgplayer-cdn.tcgplayer.com/product/228804_200w.jpg,3,1430,https://cpt.tcgcsv.com/6xR2,2021-02-17T16:00:30.287,1,,,,,,,,,,209.99,254.99,299.99,120.0,,Normal,"Stand your ground with the Terra Firma theme deck! While your Grass and Darkness Pokémon use Special Conditions to hold your opponent's Pokémon at bay, Torterra is building up to use its Leaf Storm attack to heal all of your own Pokémon! The best offense becomes a solid-ground defense!
<br><br><strong>Contents for each Deck:</strong>
<br>• 1 60-card pre-constructed deck 
<br>• Damage counters 
<br>• 1 coin",
228805,"Diamond & Pearl Theme Deck - ""Inferno Zone""",Diamond and Pearl Theme Deck Inferno Zone,https://tcgplayer-cdn.tcgplayer.com/product/228805_200w.jpg,3,1430,https://cpt.tcgcsv.com/7xR2,2021-02-17T16:00:16.66,1,,,,,,,,,,299.99,299.99,299.99,,,Normal,"The Inferno Zone theme deck will have your opponents running from the heat! Your Fire and Fighting Pokémon will burn and blast their way through all of your opponent's Pokémon until Infernape is ready to use its Meteor Punch attack to knock your opponent out of the zone!
<br><br><strong>Contents for each Deck:</strong>
<br>• 1 60-card pre-constructed deck 
<br>• Damage counters 
<br>• 1 coin",
228806,"Diamond & Pearl Theme Deck - ""Royal Frost""",Diamond and Pearl Theme Deck Royal Frost,https://tcgplayer-cdn.tcgplayer.com/product/228806_200w.jpg,3,1430,https://cpt.tcgcsv.com/8xR2,2021-02-17T16:00:23.343,1,,,,,,,,,,,,,,,,"Your opponents will know who rules when you freeze them out with the Royal Frost theme deck! Your Water and Metal Pokémon can rise above anything your opponent can throw at them, and Empoleon's Ice Blade and Aqua Jet attacks will leave your opponents out in the cold!
<br><br><strong>Contents for each Deck:</strong>
<br>• 1 60-card pre-constructed deck 
<br>• Damage counters 
<br>• 1 coin",
