productId,name,cleanName,imageUrl,categoryId,groupId,url,modifiedOn,imageCount,extNumber,extRarity,extCardType,extHP,extStage,extCardText,extAttack1,extAttack2,extWeakness,extRetreatCost,lowPrice,midPrice,highPrice,marketPrice,directLowPrice,subTypeName,extResistance,extAttack3,extAttack4
91614,Charizard EX - XY17 (XY Black Star Promos),Charizard EX XY17 XY Black Star Promos,https://tcgplayer-cdn.tcgplayer.com/product/91614_200w.jpg,3,1528,https://cpt.tcgcsv.com/jGL,2022-10-11T19:31:34.667,1,XY17,Promo,Fire,180,Basic,"<em>Pokémon-EX rule — When a Pokémon-EX has been Knocked Out, your opponent takes 2 Prize cards.</em>","[1R] Mega Ascension
<br>Search your deck for a M Charizard-EX, reveal it, and put it into your hand. Shuffle your deck afterward.","[3R] Brave Fire (120)
<br>This Pokémon does 30 damage to itself.",Wx2,3,14.0,16.97,28.88,16.62,,Holofoil,,,
106207,M Absol EX - XY63,M Absol EX XY63,https://tcgplayer-cdn.tcgplayer.com/product/106207_200w.jpg,3,1528,https://cpt.tcgcsv.com/9vS,2022-10-13T20:52:12.277,1,XY63,Promo,Darkness,210,Mega,"<em>Mega Evolution rule — When 1 of your Pokémon becomes a Mega Evolution Pokémon, your turn ends.</em>
<br><br>
<em>Pokémon-EX rule — When a Pokémon-EX has been Knocked Out, your opponent takes 2 Prize cards.</em>","[DD] Disaster Wing (80+)
<br>Discard the top card of your opponent's deck. If that card is a Trainer card, this attack does 80 more damage.",,Fx2,2,5.85,10.97,19.95,10.79,,Holofoil,P-20,,
127168,Shadow Lugia (Nintendo World Promo),Shadow Lugia Nintendo World Promo,https://tcgplayer-cdn.tcgplayer.com/product/127168_200w.jpg,3,1528,https://cpt.tcgcsv.com/nT02,2022-10-18T23:24:49.283,1,,Promo,Psychic,300,Basic,,"[PPPP] Shadow Storm (1000)
<br>A shadowy aura is used to whip up a vicious tornado.",,Px2,3,,,,,,,,,
131863,Dragonite EX - 74/111,Dragonite EX 74 111,https://tcgplayer-cdn.tcgplayer.com/product/131863_200w.jpg,3,1528,https://cpt.tcgcsv.com/hM32,2022-10-12T19:35:30.257,1,074/111,Promo,Dragon,180,Basic,"<strong>Ability — Bust In</strong>
<br>
When you play this Pokémon from your hand onto your Bench, you may move any number of basic Energy attached to your Pokémon to this Pokémon. If you do, switch this Pokémon with your Active Pokémon.
<br><br><em>Pokémon-EX rule — When a Pokémon-EX has been Knocked Out, your opponent takes 2 Prize cards.</em>","[GGL] Jet Sonic (80+)
<br>You may discard an Energy attached to this Pokémon. If you do, this attack does 40 more damage.",,Yx2,3,6.0,8.26,11.98,8.61,,Holofoil,,,
131864,Snorlax GX - SM05,Snorlax GX SM05,https://tcgplayer-cdn.tcgplayer.com/product/131864_200w.jpg,3,1528,https://cpt.tcgcsv.com/jM32,2023-01-26T20:22:36.54,1,SM05,Promo,Colorless,190,Basic,"<em>Pokémon-GX rule — When your Pokémon-GX is Knocked Out, your opponent takes 2 Prize cards.</em>","[3] Collapse (80)
<br>This Pokémon is now Asleep.","[5] Thunderous Snore (180)
<br>This attack can be used if this Pokémon is Asleep. If it is not Asleep, this attack does nothing.",Fx2,4,4.65,9.01,14.95,8.57,,Normal,,"<span style=""color:Teal""><strong>[5] Pulverizing Pancake GX</strong>
<br>This Pokémon is now Asleep. <em>(You can't use more than 1 GX attack in a game.)</em></span>",
131866,Lycanroc GX - SM14,Lycanroc GX SM14,https://tcgplayer-cdn.tcgplayer.com/product/131866_200w.jpg,3,1528,https://cpt.tcgcsv.com/lM32,2022-10-13T20:49:26.743,1,SM14,Promo,Fighting,200,Stage 1,"<em>Pokémon-GX rule — When your Pokémon-GX is Knocked Out, your opponent takes 2 Prize cards.</em>","[1F] Crunch (30)
<br>Discard an Energy from your opponent's Active Pokémon.",[1FF] Accelerock (120),Gx2,1,0.99,3.15,14.0,2.58,,Holofoil,,"<span style=""color:Teal""><strong>[1FF] Lycanfang GX (200)</strong>
<br>Discard 2 Energy from this Pokémon. <em>(You can't use more than 1 GX attack in a game.)</em></span>",
131868,Kingdra EX - 73/124,Kingdra EX 73 124,https://tcgplayer-cdn.tcgplayer.com/product/131868_200w.jpg,3,1528,https://cpt.tcgcsv.com/nM32,2022-10-13T20:25:36.163,1,073/124,Promo,Dragon,170,Basic,"<em>Pokémon-EX rule — When a Pokémon-EX has been Knocked Out, your opponent takes 2 Prize cards.</em>","[1] Big Storm (20)
<br>Discard any Stadium card in play.","[3W] Dragon Trail (60+)
<br>This attack does 30 more damage for each basic Lightning Energy attached to this Pokémon.",Yx2,1,4.99,7.48,10.0,7.48,,Holofoil,,,
131869,Arcanine BREAK - XY180 (XY Black Star Promos),Arcanine BREAK XY180 XY Black Star Promos,https://tcgplayer-cdn.tcgplayer.com/product/131869_200w.jpg,3,1528,https://cpt.tcgcsv.com/pM32,2022-10-11T18:23:58.407,1,XY180,Promo,Fire,160,BREAK Evolution,"<strong>BREAK Evolution Rule</strong>
<br>
Arcanine BREAK retains the attacks, Abilities, Weakness, Resistance, and Retreat Cost of its previous Evolution.","[1R] Turbo Flame (80)
<br>Attach 2 basic Energy cards from your discard pile to 1 of your Benched Pokémon.",,,,32.99,44.0,55.0,36.37,,Holofoil,,,
131871,Scizor EX - 76/122,Scizor EX 76 122,https://tcgplayer-cdn.tcgplayer.com/product/131871_200w.jpg,3,1528,https://cpt.tcgcsv.com/rM32,2022-10-18T23:23:25.59,1,076/122,Promo,Metal,170,Basic,"<em>Pokémon-EX rule — When a Pokémon-EX has been Knocked Out, your opponent takes 2 Prize cards.</em>","[M] Steel Wing (20)
<br>During your opponent's next turn, any damage done to this Pokémon by attacks is reduced by 20 <em>(after applying Weakness and Resistance)</em>.","[MM] Gale Thrust (50+)
<br>If this Pokémon was on the Bench and became your Active Pokémon this turn, this attack does 60 more damage.",Rx2,2,1.08,5.99,19.95,7.77,,Holofoil,P-20,,
132241,Bewear GX - SM34 (Black Star Promos),Bewear GX SM34 Black Star Promos,https://tcgplayer-cdn.tcgplayer.com/product/132241_200w.jpg,3,1528,https://cpt.tcgcsv.com/RV32,2022-10-11T18:36:58.087,1,SM34,Promo,Colorless,210,Stage 1,"<em>Pokémon-GX rule — When your Pokémon-GX is Knocked Out, your opponent takes 2 Prize cards.</em>","[3] Bear Hug (80)
<br>The Defending Pokémon can't retreat during your opponent's next turn.","[4] Double Impact (100x)
<br>Flip 2 coins. This attack does 100 damage for each heads.",Fx2,3,2.04,5.99,11.95,6.89,,Holofoil,,"<span style=""color:Teal""><strong>[4] Big Throw GX</strong>
<br>Discard your opponent's Active Pokémon and all cards attached to it. <em>(You can't use more than 1 GX attack in a game.)</em></span>",
141631,Tsareena GX - SM56,Tsareena GX SM56,https://tcgplayer-cdn.tcgplayer.com/product/141631_200w.jpg,3,1528,https://cpt.tcgcsv.com/FG82,2022-10-19T14:11:25.02,1,SM56,Promo,Grass,230,Stage 2,"<em>Pokémon-GX rule — When your Pokémon-GX is Knocked Out, your opponent takes 2 Prize cards.</em>","[G] Side Eye
<br>Switch 1 of your opponent's Benched Pokémon with their Active Pokémon. The new Active Pokémon is now Confused.","[2G] Jumping Side Kick (90+)
<br>If your opponent's Active Pokémon is Confused, this attack does 90 more damage.",Rx2,2,3.01,6.4,15.0,5.46,,Holofoil,,"<span style=""color:Teal""></strong>[1GG] Queen's Command GX</strong>
<br>Your opponent discards 4 cards from their hand. <em>(You can't use more than 1 GX attack in a game.)</em></span>",
141939,Ash-Greninja EX - XY133 (XY Black Star Promos),Ash Greninja EX XY133 XY Black Star Promos,https://tcgplayer-cdn.tcgplayer.com/product/141939_200w.jpg,3,1528,https://cpt.tcgcsv.com/PN82,2022-10-11T18:33:41.773,1,XY133,Promo,Water,170,Basic,"<em>Pokémon-EX rule — When a Pokémon-EX has been Knocked Out, your opponent takes 2 Prize cards.</em>","[1W] Dancing Shuriken
<br>Flip 3 coins. This attack does 20 damage times the number of heads to 1 of your opponent's Pokémon. <em>(Don't apply Weakness and Resistance for Benched Pokémon.)</em>","[1WW] Ninja Blade (130)
<br>This Pokémon can't use Ninja Blade during your next turn.",Gx2,1,4.5,8.0,14.95,7.99,,Holofoil,,,
147230,Aurorus EX - XY102 (XY Black Star Promos),Aurorus EX XY102 XY Black Star Promos,https://tcgplayer-cdn.tcgplayer.com/product/147230_200w.jpg,3,1528,https://cpt.tcgcsv.com/DVb2,2022-10-11T18:35:10.15,1,XY102,Promo,Water,180,Basic,"<strong>Ability — Frozen Charm</strong>
<br>
Each of your Pokémon that has any Water Energy attached to it can't be Paralyzed. (If any of those Pokémon are Paralyzed, remove that Special Condition.)
<br><br><em>Pokémon-EX rule — When a Pokémon-EX has been Knocked Out, your opponent takes 2 Prize cards.</em>","[1WWW] Crystal Breath (160)
<br>This Pokémon can't attack during your next turn.",,Mx2,3,7.99,9.5,19.95,7.48,,Holofoil,,,
147231,Empoleon BREAK - XY134 (XY Black Star Promos),Empoleon BREAK XY134 XY Black Star Promos,https://tcgplayer-cdn.tcgplayer.com/product/147231_200w.jpg,3,1528,https://cpt.tcgcsv.com/FVb2,2023-01-26T20:15:56.05,1,XY134,Promo,Water,170,BREAK Evolution,"<strong>BREAK Evolution Rule</strong>
<br>
Empoleon BREAK retains the attacks, Abilities, Weakness, Resistance, and Retreat Cost of its previous Evolution.","[1W] Emperor's Command (30x)
<br>This attack does 30 damage times the number of Pokémon your opponent has in play.",,,,5.0,5.46,8.97,9.05,,Holofoil,,,
147232,Rayquaza EX - XY66,Rayquaza EX XY66,https://tcgplayer-cdn.tcgplayer.com/product/147232_200w.jpg,3,1528,https://cpt.tcgcsv.com/GVb2,2022-10-18T22:53:51.713,1,XY66,Promo,Colorless,170,Basic,"<em>Pokémon-EX rule — When a Pokémon-EX has been Knocked Out, your opponent takes 2 Prize cards.</em>","[2] Mega Ascension
<br>Search your deck for M Rayquaza EX, reveal it, and put it into your hand. Shuffle your deck afterward.","[4] Aeroscream (130)
<br>Flip a coin. If tails, discard 2 Energy attached to this Pokémon.",Lx2,2,8.0,10.0,20.97,17.88,,Holofoil,F-20,,
147233,M Mawile EX - XY104,M Mawile EX XY104,https://tcgplayer-cdn.tcgplayer.com/product/147233_200w.jpg,3,1528,https://cpt.tcgcsv.com/HVb2,2023-01-26T20:21:42.077,1,XY104,Promo,Fairy,150,Mega Evolution,"<em>Mega Evolution rule — When 1 of your Pokémon becomes a Mega Evolution Pokémon, your turn ends.</em>
<br><br>
<em>Pokémon-EX rule — When a Pokémon-EX has been Knocked Out, your opponent takes 2 Prize cards.</em>","[YYY] Twin Grapple (130)
<br>Flip 2 coins. For each heads, discard an Energy attached to your opponent's Active Pokémon.",,Mx2,2,4.29,13.31,17.95,13.92,,Holofoil,D-20,,
147234,Ho-Oh BREAK - XY154 (XY Black Star Promo),Ho Oh BREAK XY154 XY Black Star Promo,https://tcgplayer-cdn.tcgplayer.com/product/147234_200w.jpg,3,1528,https://cpt.tcgcsv.com/JVb2,2022-10-12T20:42:56.05,1,XY154,Promo,Fire,150,BREAK Evolution,"<strong>BREAK Evolution Rule</strong>
<br>
Ho-Oh BREAK retains the attacks, Abilities, Weakness, Resistance, and Retreat Cost of its previous Evolution.","[2RRR] Shining Flame (160)
<br>This Pokémon can't use Shining Flame during your next turn.",,,,7.5,11.52,26.69,12.31,,Holofoil,,,
147235,M Aerodactyl EX - XY98,M Aerodactyl EX XY98,https://tcgplayer-cdn.tcgplayer.com/product/147235_200w.jpg,3,1528,https://cpt.tcgcsv.com/KVb2,2022-10-13T20:51:24.257,1,XY98,Promo,Fighting,210,Mega,"<em>Mega Evolution rule — When 1 of your Pokémon becomes a Mega Evolution Pokémon, your turn ends.</em>
<br><br>
<em>Pokémon-EX rule — When a Pokémon-EX has been Knocked Out, your opponent takes 2 Prize cards.</em>","[2F] Rock Drill Dive (110)
<br>This attack does 10 damage to each Benched Pokémon (both yours and your opponent's). <em>(Don't apply Weakness and Resistance for Benched Pokémon.)</em>",,Lx2,1,6.0,11.25,19.9,11.34,,Holofoil,F-20,,
147236,M Beedrill EX - XY158,M Beedrill EX XY158,https://tcgplayer-cdn.tcgplayer.com/product/147236_200w.jpg,3,1528,https://cpt.tcgcsv.com/LVb2,2022-10-13T20:53:19.467,1,XY158,Promo,Grass,200,Mega,"<em>Mega Evolution rule — When 1 of your Pokémon becomes a Mega Evolution Pokémon, your turn ends.</em>
<br><br><em>Pokémon-EX rule — When a Pokémon-EX has been Knocked Out, your opponent takes 2 Prize cards.</em>","[GG] Hazard Stinger (40)
<br>Discard all Energy attached to this Pokémon. Your opponent's Active Pokémon is now Paralyzed and Poisoned. Put 4 damage counters instead of 1 on that Pokémon between turns.",,Rx2,,7.0,10.97,24.95,11.15,,Holofoil,,,
148152,Charizard GX - SM60 (SM Black Star Promos),Charizard GX SM60 SM Black Star Promos,https://tcgplayer-cdn.tcgplayer.com/product/148152_200w.jpg,3,1528,https://cpt.tcgcsv.com/3hc2,2022-10-11T19:34:36.057,1,SM60,Promo,Fire,250,Stage 2,"<em>Pokémon-GX rule — When your Pokémon-GX is Knocked Out, your opponent takes 2 Prize cards.</em>",[3] Wing Attack (70),"[2RRR] Crimson Storm (300)
<br> Discard 3 Fire Energy from this Pokémon.",Wx2,2,5.0,19.99,50.0,27.46,,Holofoil,,"<span style=""color:Teal""><strong>[2R] Raging Out GX</strong>
<br>Discard the top 10 cards of your opponent's deck. <em>(You can't use more than 1 GX attack in a game.)</em></span>",
148409,Primarina GX - SM39,Primarina GX SM39,https://tcgplayer-cdn.tcgplayer.com/product/148409_200w.jpg,3,1528,https://cpt.tcgcsv.com/cnc2,2022-10-18T22:47:04.013,1,SM39,Promo,Water,250,Stage 2,"<em>Pokémon-GX rule — When your Pokémon-GX is Knocked Out, your opponent takes 2 Prize cards.</em>","[2] Bubble Beat (10+)
<br>This attack does 20 more damage times the amount of Water Energy attached to your Pokémon.","[1WWW] Roaring Seas (120)
<br>Discard an Energy from your opponent's Active Pokémon.",Gx2,2,5.99,9.77,24.95,9.74,,Holofoil,,"<span style=""color:Teal""><strong>[2] Grand Echo GX</strong>
<br>Heal all damage from all of your Pokémon. <em>(You can't use more than 1 GX attack in a game.)</em></span>",
148410,M Garchomp EX - XY168,M Garchomp EX XY168,https://tcgplayer-cdn.tcgplayer.com/product/148410_200w.jpg,3,1528,https://cpt.tcgcsv.com/dnc2,2023-01-26T20:20:51.793,1,XY168,Promo,Dragon,210,Mega,"<em>Mega Evolution rule — When 1 of your Pokémon becomes a Mega Evolution Pokémon, your turn ends.</em>
<br><br>
<em>Pokémon-EX rule — When a Pokémon-EX has been Knocked Out, your opponent takes 2 Prize cards.</em>","[1WFF] Crimson Edge (180)
<br>This Pokémon does 10 damage to itself for each damage counter on it.",,Yx2,,29.99,39.97,49.95,27.15,,Holofoil,,,
149387,Zoroark GX - SM84,Zoroark GX SM84,https://tcgplayer-cdn.tcgplayer.com/product/149387_200w.jpg,3,1528,https://cpt.tcgcsv.com/MMc2,2022-10-19T15:09:58.977,1,SM84,Promo,Darkness,210,Stage 1,"<strong>Ability — Trade</strong>
<br>Once during your turn <em>(before your attack)</em>, you may discard a card from your hand. If you do, draw 2 cards.
<br><br>
<em>Pokémon-GX rule — When your Pokémon-GX is Knocked Out, your opponent takes 2 Prize cards.</em>","[2] Riotous Beating (20x)
<br>
This attack does 20 damage for each of your Pokémon in play.","<span style=""color:Teal""><strong>[DD] Trickster GX</strong>
<br>Choose 1 of your opponent's Pokémon's attacks and use it as this attack. <em>(You can't use more than 1 GX attack in a game.)</em></span>",Fx2,2,3.99,6.58,10.0,6.59,,Holofoil,P-20,,
149388,Pheromosa GX - SM66,Pheromosa GX SM66,https://tcgplayer-cdn.tcgplayer.com/product/149388_200w.jpg,3,1528,https://cpt.tcgcsv.com/NMc2,2022-10-18T22:19:16.647,1,SM66,Promo,Grass,170,Basic,"<em>Pokémon-GX rule — When your Pokémon-GX is Knocked Out, your opponent takes 2 Prize cards.</em>","[G] Fast Raid (30)
<br>If you go first, you can use this attack on your first turn.","[GG] Cruel Spike (60)
<br>Your opponent's Active Pokémon is now Confused.",Rx2,1,3.5,5.28,9.99,5.3,,Holofoil,,"<span style=""color:DarkRed""><strong>[GG] Beauty GX (50x)</strong>
<br>This attack does 50 damage for each Prize card your opponent has taken. <em>(You can't use more than 1 GX attack in a game.)</em></span>",
149389,Buzzwole GX - SM69 (SM Black Star Promos),Buzzwole GX SM69 SM Black Star Promos,https://tcgplayer-cdn.tcgplayer.com/product/149389_200w.jpg,3,1528,https://cpt.tcgcsv.com/PMc2,2022-10-11T19:23:03.993,1,SM69,Promo,Fighting,190,Basic,"<em>Pokémon-GX rule — When your Pokémon-GX is Knocked Out, your opponent takes 2 Prize cards.</em>","[F] Jet Punch (30)
<br>This attack does 30 damage to 1 of your opponent's Benched Pokémon. <em>(Don't apply Weakness and Resistance for Benched Pokémon.)</em>","[FFF] Knuckle Impact (160)
<br>This Pokémon can't attack during your next turn.",Px2,2,2.0,6.22,20.0,6.97,,Holofoil,,"<span style=""color:DarkRed""><strong>[FFF] Absorption GX</strong>
<br>This attack does 40 damage for each of your remaining Prize cards.<em> (You can't use more than 1 GX attack in a game.)</em></span>",
152605,Silvally GX - SM91,Silvally GX SM91,https://tcgplayer-cdn.tcgplayer.com/product/152605_200w.jpg,3,1528,https://cpt.tcgcsv.com/73f2,2022-10-18T23:28:42.377,1,SM91,Promo,Colorless,210,Stage 1,"<strong>Ability — Gyro Unit</strong>
<br>Your Basic Pokémon in play have no Retreat Cost.
<br><br>
<em>Pokémon-GX rule — When your Pokémon-GX is Knocked Out, your opponent takes 2 Prize cards.</em>","[3] Turbo Drive (120)
<br>Attach a basic Energy card from your discard pile to 1 of your Benched Pokémon.","<span style=""color:Teal""><strong>[3] Rebel GX (50x)</strong>
<br>This attack does 50 damage for each of your opponent's Benched Pokémon.<em> (You can't use more than 1 GX attack in a game.)</em></span>",Fx2,2,4.0,6.25,9.95,6.97,,Holofoil,,,
152931,Espeon GX - SM35 (SM Black Star Promos),Espeon GX SM35 SM Black Star Promos,https://tcgplayer-cdn.tcgplayer.com/product/152931_200w.jpg,3,1528,https://cpt.tcgcsv.com/Fbf2,2022-10-12T19:58:02.66,1,SM35,Promo,Psychic,200,Stage 1,"<em>Pokémon-GX rule — When your Pokémon-GX is Knocked Out, your opponent takes 2 Prize cards.</em>","[1] Psybeam (30)
<br>Your opponent's Active Pokémon is now Confused.","[2P] Psychic (60+)
<br>This attack does 30 more damage for each Energy attached to your opponent's Active Pokémon.",Px2,1,12.99,15.94,29.95,22.88,,Holofoil,None,"<span style=""color:Teal""><strong>[2P] Divide GX</strong>
<br>Put 10 damage counters on your opponent's Pokémon in any way you like. <em>(You can't use more than 1 GX attack in a game.)</em></span>",
152932,Umbreon GX - SM36,Umbreon GX SM36,https://tcgplayer-cdn.tcgplayer.com/product/152932_200w.jpg,3,1528,https://cpt.tcgcsv.com/Gbf2,2022-10-19T14:33:22.617,1,SM36,Promo,Darkness,200,Stage 1,"<em>Pokémon-GX rule — When your Pokémon-GX is Knocked Out, your opponent takes 2 Prize cards.</em>","[D] Strafe (30)
<br>
You may switch this Pokémon with 1 of your Benched Pokémon.","[2D] Shadow Bullet (90)
<br>
This attack does 30 damage to 1 of your opponent's Benched Pokémon. <em>(Don't apply Weakness and Resistance for Benched Pokémon.)</em>",Fx2,2,17.99,22.75,26.0,22.28,,Holofoil,P-20,"<span style=""color:Teal""><strong>[1D] Dark Call GX</strong>
<br>Discard 2 Energy from your opponent's Pokémon. <em>(You can't use more than 1 GX attack in a game.)</em></span>",
152933,Decidueye GX - SM37 (SM Black Star Promo),Decidueye GX SM37 SM Black Star Promo,https://tcgplayer-cdn.tcgplayer.com/product/152933_200w.jpg,3,1528,https://cpt.tcgcsv.com/Hbf2,2023-01-26T20:14:29.557,1,SM37,Promo,Grass,240,Stage 2,"<strong>Ability — Feather Arrow</strong>
<br>
Once during your turn <em>(before your attack)</em>, you may put 2 damage counters on 1 of your opponent's Pokémon.
<br><br><em>Pokémon-GX rule — When your Pokémon-GX is Knocked Out, your opponent takes 2 Prize cards.</em>",[2G] Razor Leaf (90),"<span style=""color:Teal""><strong>[G] Hollow Hunt GX</strong>
<br>Put 3 cards from your discard pile into your hand. <em>(You can't use more than 1 GX attack in a game.)</em></span>",Rx2,2,2.52,5.29,24.95,5.98,,Holofoil,,,
152934,Flygon EX - XY61 (XY Black Star Promo),Flygon EX XY61 XY Black Star Promo,https://tcgplayer-cdn.tcgplayer.com/product/152934_200w.jpg,3,1528,https://cpt.tcgcsv.com/Jbf2,2022-10-12T20:04:18.543,1,XY61,Promo,Dragon,170,Basic,"<strong>Ability — Voice of the Sands</strong>
<br>Once during your turn <em>(before your attack)</em>, if this Pokémon is your Active Pokémon, you may have your opponent switch his or her Active Pokémon with 1 of his or her Benched Pokémon.
<br><br><em>Pokémon-EX rule — When a Pokémon-EX has been Knocked Out, your opponent takes 2 Prize cards.</em>","[1GFF] Spiral Buzz (80+)
<br>Flip a coin until you get tails. This attack does 30 more damage for each heads.",,Yx2,2,2.99,5.99,11.95,7.82,,Holofoil,,,
152939,M Lucario EX - 55a/111,M Lucario EX 55a 111,https://tcgplayer-cdn.tcgplayer.com/product/152939_200w.jpg,3,1528,https://cpt.tcgcsv.com/Pbf2,2022-10-15T13:06:48.967,1,055a/111,Promo,Fighting,220,Mega,"<em>Mega Evolution rule — When 1 of your Pokémon becomes a Mega Evolution Pokémon, your turn ends.</em>
<br><br>
<em>Pokémon-EX rule — When a Pokémon-EX has been Knocked Out, your opponent takes 2 Prize cards.</em>","[FFF] Rising Fist (140)
<br>Discard an Energy attached to your opponent's Active Pokémon.",,Px2,2,13.01,19.48,27.97,17.6,,Holofoil,,,
152944,Charizard EX - 11/106,Charizard EX 11 106,https://tcgplayer-cdn.tcgplayer.com/product/152944_200w.jpg,3,1528,https://cpt.tcgcsv.com/Vbf2,2022-10-11T19:29:33.977,1,011/106,Promo,Fire,180,Basic,"<em>Pokémon-EX rule — When a Pokémon-EX has been Knocked Out, your opponent takes 2 Prize cards.</em>","[1] Stoke
<br>Flip a coin. If heads, search your deck for up to 3 basic Energy cards and attach them to this Pokémon. Shuffle your deck afterward.","[3R] Fire Blast (120)
<br>Discard an Energy attached to this Pokémon.",Wx2,2,7.5,14.98,19.99,15.38,,Holofoil,,,
152945,Kangaskhan EX - 78/106,Kangaskhan EX 78 106,https://tcgplayer-cdn.tcgplayer.com/product/152945_200w.jpg,3,1528,https://cpt.tcgcsv.com/Wbf2,2022-10-12T20:58:43.45,1,078/106,Promo,Colorless,180,Basic,"<em>Pokémon-EX rule — When a Pokémon-EX has been Knocked Out, your opponent takes 2 Prize cards.</em>","[1] Triple Draw
<br>Draw 3 cards.","[3] Kindred Kick (70+)
<br>Flip a coin. If heads, this attack does 30 more damage.",Fx2,3,1.59,5.6,10.0,4.74,,Holofoil,,,
152946,M Tyranitar EX - 43/98,M Tyranitar EX 43 98,https://tcgplayer-cdn.tcgplayer.com/product/152946_200w.jpg,3,1528,https://cpt.tcgcsv.com/Xbf2,2022-10-15T13:35:21.82,1,043/098,Promo,Darkness,240,Basic,"<em>Theta Double — This Pokémon may have up to 2 Pokémon Tool cards attached to it.
<br><br>
<em>Mega Evolution rule — When 1 of your Pokémon becomes a Mega Evolution Pokémon, your turn ends.</em>
<br><br>
<em>Pokémon-EX rule — When a Pokémon-EX has been Knocked Out, your opponent takes 2 Prize cards.</em>","[2DD] Destroyer King (110+)
<br>This attack does 60 more damage for each damage counter on your opponent's Active Pokémon.",,Fx2,4,8.47,18.73,22.27,18.13,,Holofoil,P-20,,
153074,Hoopa EX - 36/98 (Ancient Origins),Hoopa EX 36 98 Ancient Origins,https://tcgplayer-cdn.tcgplayer.com/product/153074_200w.jpg,3,1528,https://cpt.tcgcsv.com/vff2,2022-10-12T20:46:15.527,1,036/098,Promo,Psychic,170,Basic,"<strong>Ability — Scoundrel Ring</strong>
<br>
When you play this Pokémon from your hand onto your Bench, you may search your deck for up to 3 Pokémon-EX (except for Hoopa-EX), reveal them, and put them into your hand. Shuffle your deck afterward.
<br><br><em>Pokémon-EX rule — When a Pokémon-EX has been Knocked Out, your opponent takes 2 Prize cards.</em>","[PPP] Hyperspace Fury
<br>Discard 2 Energy attached to this Pokémon. This attack does 100 damage to 1 of your opponent's Pokémon. <em>(Don't apply Weakness and Resistance for Benched Pokémon.)</em>",,Px2,2,10.99,10.99,10.99,0.99,,Holofoil,,,
153453,Kommo-o GX - SM71 (SM Black Star Promo),Kommo o GX SM71 SM Black Star Promo,https://tcgplayer-cdn.tcgplayer.com/product/153453_200w.jpg,3,1528,https://cpt.tcgcsv.com/5pf2,2022-10-13T20:28:42.72,1,SM71,Promo,Dragon,240,Stage 2,"<em>Pokémon-GX rule — When your Pokémon-GX is Knocked Out, your opponent takes 2 Prize cards.</em>","[1] Adamantine Press (30)
<br>During your opponent's next turn, this Pokémon takes 30 less damage from attacks <em>(after applying Weakness and Resistance)</em>.","[2LF] Shred (130)
<br>This attack's damage isn't affected by any effects on your opponent's Active Pokémon.",Yx2,2,6.5,7.99,10.0,9.98,,Holofoil,,"<span style=""color:Teal""><strong>[2LF] Ultra Uppercut GX (240)</strong>
<br><em>(You can't use more than 1 GX attack in a game.)</em></span>",
155588,Raichu GX - SM90,Raichu GX SM90,https://tcgplayer-cdn.tcgplayer.com/product/155588_200w.jpg,3,1528,https://cpt.tcgcsv.com/Nfg2,2022-10-18T22:49:03.113,1,SM90,Promo,Lightning,210,Stage 1,"<em>Pokémon-GX rule — When your Pokémon-GX is Knocked Out, your opponent takes 2 Prize cards.</em>","[2] Powerful Spark (20+)
<br>This attack does 20 more damage times the amount of Lightning Energy attached to your Pokémon.","[1LL] Thunder (160)
<br>This Pokémon does 30 damage to itself.",Fx2,1,2.99,5.0,25.0,4.76,,Holofoil,M-20,"<span style=""color:Teal""><strong>[1LL] Voltail GX (120)</strong>
<br>Your opponent's Active Pokémon is now Paralyzed. <em>(You can't use more than 1 GX attack in a game.)</em></span>",
155600,Guzzlord GX - 63a/111,Guzzlord GX 63a 111,https://tcgplayer-cdn.tcgplayer.com/product/155600_200w.jpg,3,1528,https://cpt.tcgcsv.com/0gg2,2022-10-12T20:33:00.87,1,063a/111,Promo,Darkness,210,Basic,"<em>Pokémon-GX rule — When your Pokémon-GX is Knocked Out, your opponent takes 2 Prize cards.</em>","[D] Eat Sloppily
<br>Discard the top 5 cards of your deck. If any of those cards are Energy cards, attach them to this Pokémon.",[2DDD] Tyrannical Hole (180),Fx2,4,14.0,33.67,37.04,10.17,,Holofoil,P-20,"<span style=""color:DarkRed""><strong>[DDDDD] Glutton GX (100)</strong>
<br>If your opponent's Pokémon is Knocked Out by damage from this attack, take 2 more Prize cards.
<em> (You can't use more than 1 GX attack in a game.)</em></span>",
156258,Alolan Raichu - SM65,Alolan Raichu SM65,https://tcgplayer-cdn.tcgplayer.com/product/156258_200w.jpg,3,1528,https://cpt.tcgcsv.com/bwg2,2022-10-13T20:54:02.2,1,SM65,Promo,Lightning,110,Stage 1,,"[L] Quick Attack (10+)
<br>Flip a coin. If heads, this attack does 30 more damage.",[2L] Electric Surfer (70),Fx2,1,5.45,9.0,10.98,10.6,,Holofoil,M-20,,
162043,Lucario GX - SM100,Lucario GX SM100,https://tcgplayer-cdn.tcgplayer.com/product/162043_200w.jpg,3,1528,https://cpt.tcgcsv.com/TQj2,2022-10-13T20:41:32.587,1,SM100,Promo,Fighting,210,Stage 1,"<em>Pokémon-GX rule — When your Pokémon-GX is Knocked Out, your opponent takes 2 Prize cards.</em>","[F] Aura Strike: (30+)
<br>If this Pokémon evolved from Riolu during this turn, this attack does 90 more damage.",[1FF] Cyclone Kick (130),Px2,2,3.99,10.0,21.95,7.96,,Holofoil,,"<span style=""color:Teal""><strong>[2] Cantankerous Beatdown GX (30x)</strong>
<br>This attack does 30 damage for each damage counter on this Pokémon. <em>(You can't use more than 1 GX attack in a game.)</em></span>",
164235,"Raikou, Entei & Suicune",Raikou Entei and Suicune,https://tcgplayer-cdn.tcgplayer.com/product/164235_200w.jpg,3,1528,https://cpt.tcgcsv.com/KJk2,2022-10-18T22:50:55.163,1,,Promo,Colorless,500,Basic,,"[RWL] Be Legendary! (1000)
<br>Raikou, Entei & Suicune embark on a year of legendary adventures!",,,,22.5,31.35,39.95,34.64,,Holofoil,,,
169938,Darkrai GX - 88a/147,Darkrai GX 88a 147,https://tcgplayer-cdn.tcgplayer.com/product/169938_200w.jpg,3,1528,https://cpt.tcgcsv.com/N-m2,2022-10-12T17:06:07.07,1,088a/147,Promo,Darkness,180,Basic,"<strong>Ability — Restoration</strong>
<br>Once during your turn <em>(before your attack)</em>, if this Pokémon is in your discard pile, you may put it onto your Bench. Then, attach a Darkness Energy card from your discard pile to this Pokémon.
<br><br><em>Pokémon-GX rule — When your Pokémon-GX is Knocked Out, your opponent takes 2 Prize cards.</em>","[1DD] Dark Cleave (130)
<br>This attack's damage isn't affected by Resistance.","<span style=""color:Teal""><strong>[1DD] Dead End GX</strong>
<br>If your opponent's Active Pokémon is affected by a Special Condition, that Pokémon is Knocked Out. <em>(You can't use more than 1 GX attack in a game.)</em></span>",Fx2,2,2.0,5.7,20.0,5.7,,Holofoil,P-20,,
169940,Gengar EX - 34/119,Gengar EX 34 119,https://tcgplayer-cdn.tcgplayer.com/product/169940_200w.jpg,3,1528,https://cpt.tcgcsv.com/Q-m2,2023-01-26T20:19:22.237,1,034/119,Promo,Psychic,170,Basic,"<em>Pokémon-EX rule — When a Pokémon-EX has been Knocked Out, your opponent takes 2 Prize cards.</em>","[1] Night Attack
<br>Put 3 damage counters on 1 of your opponent's Pokémon.","[2P] Dark Corridor (60)
<br>
Your opponent's Active Pokémon is now Poisoned. Switch this Pokémon with 1 of your Benched Pokémon.",Dx2,2,18.8,30.72,75.0,23.54,,Holofoil,F-20,,
169944,Ho-Oh GX - SM80 (SM Black Star Promo),Ho Oh GX SM80 SM Black Star Promo,https://tcgplayer-cdn.tcgplayer.com/product/169944_200w.jpg,3,1528,https://cpt.tcgcsv.com/V-m2,2022-10-12T20:44:24.13,1,SM80,Promo,Fire,190,Basic,"<em>Pokémon-GX rule — When your Pokémon-GX is Knocked Out, your opponent takes 2 Prize cards.</em>","[2R] Sacred Fire
<br>This attack does 50 damage to 1 of your opponent's Pokémon. <em>(Don't apply Weakness and Resistance for Benched Pokémon.)</em>","[1RRR] Phoenix Burn (180)
<br>This Pokémon can't use Phoenix Burn during your next turn.",Lx2,2,18.0,24.97,26.94,14.94,,Holofoil,F-20,"<span style=""color:Teal""><strong>[2R] Eternal Flame GX</strong>
<br>Put 3 in any combination of Fire Pokémon-GX or Fire Pokémon-EX from your discard pile onto your Bench. <em>(You can't use more than 1 GX attack in a game.)</em></span>",
169945,Incineroar GX - SM38 (SM Black Star Promo),Incineroar GX SM38 SM Black Star Promo,https://tcgplayer-cdn.tcgplayer.com/product/169945_200w.jpg,3,1528,https://cpt.tcgcsv.com/W-m2,2022-10-12T20:52:03.11,1,SM38,Promo,Fire,250,Stage 2,"<em>Pokémon-GX rule — When your Pokémon-GX is Knocked Out, your opponent takes 2 Prize cards.</em>","[R] Hustling Strike (10+)
<br>
This attack does 20 more damage for each of your Benched Fire Pokémon.","[1RR] Tiger Swing (80+)
<br>Flip 2 coins. This attack does 50 more damage for each heads.",Wx2,3,8.0,11.04,24.95,12.07,,Holofoil,,"<span style=""color:Teal""><strong>[1RR] Burning Slam GX (200)</strong>
<br>Your opponent's Active Pokémon is now Burned. <em>(You can't use more than 1 GX attack in a game.)</em></span>",
169946,Lunala GX - 66/149,Lunala GX 66 149,https://tcgplayer-cdn.tcgplayer.com/product/169946_200w.jpg,3,1528,https://cpt.tcgcsv.com/X-m2,2022-10-13T20:47:06.65,1,066/149,Promo,Psychic,250,Stage 2,"<strong>Ability — Psychic Transfer</strong>
<br>
As often as you like during your turn <em>(before your attack)</em>, you may move a Psychic Energy from 1 of your Pokémon to another of your Pokémon.
<br><br><em>Pokémon-GX rule — When your Pokémon-GX is Knocked Out, your opponent takes 2 Prize cards.</em>","[PPPP] Moongeist Beam (120)
<br>
The Defending Pokémon can't be healed during your opponent's next turn.","<span style=""color:Teal""><strong>[PPP] Lunar Fall GX</strong>
<br>Knock Out 1 of your opponent's Basic Pokémon that isn't a Pokémon-GX. <em>(You can't use more than 1 GX attack in a game.)</em></span>",Dx2,2,4.5,5.53,8.82,6.24,,Holofoil,F-20,,
169947,M Camerupt EX - XY198,M Camerupt EX XY198,https://tcgplayer-cdn.tcgplayer.com/product/169947_200w.jpg,3,1528,https://cpt.tcgcsv.com/Z-m2,2022-10-15T12:12:52.847,1,XY198,Promo,Fire,230,MEGA,"<em>Mega Evolution rule — When 1 of your Pokémon becomes a Mega Evolution Pokémon, your turn ends.</em>
<br><br>
<em>Pokémon-EX rule — When a Pokémon-EX has been Knocked Out, your opponent takes 2 Prize cards.</em>","[2RR] Magma Eruption (120+)
<br>You may discard the top 3 cards of each player's deck. If you do, this attack does 40 more damage for each Energy card you discarded in this way.",,Wx2,4,2.5,8.97,40.0,6.99,,Holofoil,,,
169948,M Sharpedo EX - XY200,M Sharpedo EX XY200,https://tcgplayer-cdn.tcgplayer.com/product/169948_200w.jpg,3,1528,https://cpt.tcgcsv.com/--m2,2022-10-15T13:31:41.81,1,XY200,Promo,Darkness,210,Mega Evolution,"<em>Mega Evolution rule — When 1 of your Pokémon becomes a Mega Evolution Pokémon, your turn ends.</em>
<br><br>
<em>Pokémon-EX rule — When a Pokémon-EX has been Knocked Out, your opponent takes 2 Prize cards.</em>","[1DD] Torpedo Dive (120)
<br>",,Lx2,,7.3,9.97,49.99,9.64,,Holofoil,None,,
169949,Marshadow GX - 80/147,Marshadow GX 80 147,https://tcgplayer-cdn.tcgplayer.com/product/169949_200w.jpg,3,1528,https://cpt.tcgcsv.com/_-m2,2022-10-15T13:37:54.213,1,080/147,Promo,Fighting,150,Basic,"<strong>Ability — Shadow Hunt</strong>
<br>This Pokémon can use the attacks of any Basic Pokémon in your discard pile. <em>(You still need the necessary Energy to use each attack.)</em>
<br><br>
<em>Pokémon-GX rule — When your Pokémon-GX is Knocked Out, your opponent takes 2 Prize cards.</em>",[1FF] Beatdown (120),"<span style=""color:Teal""><strong>[F] Peerless Hundred Blows GX (50x)</strong>
<br>This attack does 50 damage times the amount of basic Energy attached to this Pokémon. <em>(You can't use more than 1 GX attack in a game.)</em></span>",Px2,1,3.0,7.15,13.44,5.72,,Holofoil,,,
169950,Mewtwo EX - XY183,Mewtwo EX XY183,https://tcgplayer-cdn.tcgplayer.com/product/169950_200w.jpg,3,1528,https://cpt.tcgcsv.com/0_m2,2022-10-15T13:48:00.103,1,XY183,Promo,Psychic,170,Basic,"<em>Pokémon-EX rule — When a Pokémon-EX has been Knocked Out, your opponent takes 2 Prize cards.</em>","[2] Photon Wave (30)
<br>During your opponent's next turn, any damage done by attacks from the Defending Pokémon is reduced by 30 <em>(before applying Weakness and Resistance)</em>.",,Px2,2,4.66,9.46,14.0,9.61,,Holofoil,,,
169951,Solgaleo GX - 89/149,Solgaleo GX 89 149,https://tcgplayer-cdn.tcgplayer.com/product/169951_200w.jpg,3,1528,https://cpt.tcgcsv.com/2_m2,2022-10-18T23:39:18.227,1,089/149,Promo,Metal,250,Stage 2,"<strong>Ability — Ultra Road</strong>
<br>
Once during your turn <em>(before your attack)</em>, you may switch your Active Pokémon with 1 of your Benched Pokémon.","[1MM] Sunsteel Strike (230)
<br>
Discard all Energy from this Pokémon.","<span style=""color:Teal""><strong>[M] Sol Burst GX</strong>
<br>Search your deck for up to 5 Energy cards and attach them to your Pokémon in any way you like. Then, shuffle your deck. <em>(You can't use more than 1 GX attack in a game.)</em></span>",Rx2,3,2.19,5.8,11.06,6.97,,Holofoil,P-20,,
169954,Tapu Koko GX - 47/145,Tapu Koko GX 47 145,https://tcgplayer-cdn.tcgplayer.com/product/169954_200w.jpg,3,1528,https://cpt.tcgcsv.com/6_m2,2022-10-19T13:58:58.35,1,047/145,Promo,Lightning,170,Basic,"<strong>Ability — Aero Trail</strong>
<br>
When you play this Pokémon from your hand onto your Bench during your turn, you may move any number of Lightning Energy from your other Pokémon to this Pokémon. If you do, switch this Pokémon with your Active Pokémon.
<br><br>
<em>Pokémon-GX rule — When your Pokémon-GX is Knocked Out, your opponent takes 2 Prize cards.</em>",[1LL] Sky-High Claws (130),"<span style=""color:Teal""><strong>[1LL] Tapu Thunder GX (50x)</strong>
<br>This attack does 50 damage times the amount of Energy attached to all of your opponent's Pokémon. <em>(You can't use more than 1 GX attack in a game.)</em></span>",,2,1.0,4.69,10.0,4.69,,Holofoil,,,
169955,Tapu Koko GX - SM50,Tapu Koko GX SM50,https://tcgplayer-cdn.tcgplayer.com/product/169955_200w.jpg,3,1528,https://cpt.tcgcsv.com/7_m2,2022-10-19T14:02:32.44,1,SM50,Promo,Lightning,170,Basic,"<strong>Ability — Aero Trail</strong>
<br>When you play this Pokémon from your hand onto your Bench during your turn, you may move any number of Lightning Energy from your other Pokémon to this Pokémon. If you do, switch this Pokémon with your Active Pokémon.
<br><br>
<em>Pokémon-GX rule — When your Pokémon-GX is Knocked Out, your opponent takes 2 Prize cards.</em>",[1LL] Sky-High Claws (130),"<span style=""color:Teal""><strong>[1LL] Tapu Thunder GX (50x)</strong>
<br>This attack does 50 damage times the amount of Energy attached to all of your opponent's Pokémon. <em>(You can't use more than 1 GX attack in a game.)</em></span>",,2,2.0,4.17,10.99,4.27,,Holofoil,,,
170121,"Tornadus, Thundurus & Landorus (Forces of Nature Promo)",Tornadus Thundurus and Landorus Forces of Nature Promo,https://tcgplayer-cdn.tcgplayer.com/product/170121_200w.jpg,3,1528,https://cpt.tcgcsv.com/r3n2,2022-10-19T14:07:21.563,1,,Promo,Colorless,500,Basic,,"[1LF] Be Legendary! (1000)
<br>Tornadus, Thundurus & Landorus embark on a year of legendary adventures!",,,,8.16,10.0,31.98,12.39,,Holofoil,,,
173081,Tyrantrum EX - XY70,Tyrantrum EX XY70,https://tcgplayer-cdn.tcgplayer.com/product/173081_200w.jpg,3,1528,https://cpt.tcgcsv.com/Ffp2,2023-01-26T20:23:39.983,1,XY70,Promo,Dragon,180,Basic,"<strong>Ability — Despotic Fang</strong>
<br>
Damage from this Pokémon's attacks isn't affected by any effects on your opponen't Active Pokémon.
<br><br>
<em>Pokémon-EX rule — When a Pokémon-EX has been Knocked Out, your opponent takes 2 Prize cards.</em>",[1FMM] Dragon Impact (190),,Yx2,3,7.31,8.99,19.95,11.51,,Holofoil,,,
173082,Garchomp EX - XY09 (XY Black Star Promo),Garchomp EX XY09 XY Black Star Promo,https://tcgplayer-cdn.tcgplayer.com/product/173082_200w.jpg,3,1528,https://cpt.tcgcsv.com/Gfp2,2022-10-12T20:09:44.737,1,XY09,Promo,Dragon,170,Basic,"<em>Pokémon-EX rule — When a Pokémon-EX has been Knocked Out, your opponent takes 2 Prize cards.</em>","[1F] Dual Chop (30x)
<br>Flip 2 coins. This attack does 30 damage times the number of heads.","[1WF] Power Blast (120)
<br>Discard an Energy attached to this Pokémon.",Yx2,2,4.5,5.33,10.29,9.0,,Holofoil,,,
174495,Zygarde GX - SM122,Zygarde GX SM122,https://tcgplayer-cdn.tcgplayer.com/product/174495_200w.jpg,3,1528,https://cpt.tcgcsv.com/WPp2,2022-10-19T15:16:18.04,1,SM122,Promo,Fighting,180,Basic,"<em>Pokémon-GX rule — When your Pokémon-GX is Knocked Out, your opponent takes 2 Prize cards.</em>",[1] Vibration (20),"[2F] Cell Storm (80)
<br>Heal 30 damage from this Pokémon.",Gx2,2,12.99,15.0,24.99,15.03,,Holofoil,,"<span style=""color:Teal""><strong>[2FF] Liberation GX (120x)</strong>
<br>Your opponent reveals their hand. This attack does 120 damage for each Energy card you find there. <em>(You can't use more than 1 GX attack in a game.)</em></span>",
177709,Lunala GX - SM103,Lunala GX SM103,https://tcgplayer-cdn.tcgplayer.com/product/177709_200w.jpg,3,1528,https://cpt.tcgcsv.com/c6r2,2022-10-13T20:48:16.477,1,SM103,Promo,Psychic,230,Stage 2,"<em>Pokémon-GX rule — When your Pokémon-GX is Knocked Out, your opponent takes 2 Prize cards.</em>",[2] Glide (50),"[2PP] Lunar Javelin (200)
<br>Discard 2 Psychic Energy from this Pokémon.",Dx2,,16.99,16.99,16.99,13.55,,Holofoil,F-20,"<span style=""color:Teal""><strong>[1PPP] Requiem GX (250)</strong>
<br><em>(You can't use more than 1 GX attack in a game.)</em></span>",
177901,Solgaleo GX - SM104,Solgaleo GX SM104,https://tcgplayer-cdn.tcgplayer.com/product/177901_200w.jpg,3,1528,https://cpt.tcgcsv.com/2br2,2022-10-18T23:40:44.23,1,SM104,Promo,Metal,250,Stage 2,"<strong>Ability — Shining Mane</strong>
<br>Your Pokémon in play have no Weakness.
<br><br>
<em>Pokémon-GX rule — When your Pokémon-GX is Knocked Out, your opponent takes 2 Prize cards.</em>","[2] Turbo Strike (120)
<br>Attach 2 basic Energy cards from your discard pile to 1 of your Benched Pokémon.","<span style=""color:Teal""><strong>[2] Prominence GX</strong>
<br>Heal all damage from all of your Pokémon. <em>(You can't use more than 1 GX attack in a game.)</em></span>",Rx2,2,15.6,17.55,19.95,12.48,,Holofoil,P-20,,
179036,"Reshiram, Zekrom & Kyurem",Reshiram Zekrom and Kyurem,https://tcgplayer-cdn.tcgplayer.com/product/179036_200w.jpg,3,1528,https://cpt.tcgcsv.com/LDr2,2022-10-18T23:02:01.293,1,,Promo,Dragon,500,Basic,,"[RWL] Be Legendary! (1000)
<br>Reshiram, Zekrom & Kyurem embark on a year of legendary adventures!",,,,12.36,23.49,33.92,21.35,,Holofoil,,,
179079,Charizard - 4/102 (CoroCoro Promo),Charizard 4 102 CoroCoro Promo,https://tcgplayer-cdn.tcgplayer.com/product/179079_200w.jpg,3,1528,https://cpt.tcgcsv.com/CFr2,2022-10-11T19:25:56.383,1,004/102,Promo,Fire,120,Stage 2,"<strong>Pokémon Power: Energy Burn</strong>
<br>As often as you like during your turn <em>(before your attack)</em>, you may turn all Energy attached to Charizard into Fire Energy for the rest of the turn. This power can't be used if Charizard is Asleep, Confused, or Paralyzed.","[RRRR] Fire Spin (100)
<br>Discard 2 Energy cards attached to Charizard in order to use this attack.",,W,3,400.0,400.0,400.0,,,Holofoil,F-30,,
179368,Tapu Lele GX - 60a/145,Tapu Lele GX 60a 145,https://tcgplayer-cdn.tcgplayer.com/product/179368_200w.jpg,3,1528,https://cpt.tcgcsv.com/nMr2,2022-10-19T14:06:53.747,1,060a/145,Promo,Psychic,170,Basic,"<strong>Ability — Wonder Tag</strong>
<br>
When you play this Pokémon from your hand onto your Bench during your turn, you may search your deck for a Supporter card, reveal it, and put it into your hand. Then, shuffle your deck.
<br><br>
<em>Pokémon-GX rule — When your Pokémon-GX is Knocked Out, your opponent takes 2 Prize cards.</em>","[2] Energy Drive (20x)
<br>This attack does 20 damage times the amount of Energy attached to both Active Pokémon. This damage isn't affect by Weakness or Resistance.","<span style=""color:Teal""><strong>[P] Tapu Cure GX</strong>
<br>Heal all damage from 2 of your Benched Pokémon. <em>(You can't use more than 1 GX attack in a game.)</em></span>",,1,5.16,7.97,10.0,6.65,,Holofoil,,,
180262,Dark Ivysaur - 6 (Best of Game 6 Promo),Dark Ivysaur 6 Best of Game 6 Promo,https://tcgplayer-cdn.tcgplayer.com/product/180262_200w.jpg,3,1528,https://cpt.tcgcsv.com/g7s2,2022-10-11T19:50:49.22,1,006,Promo,Grass,50,Stage 1,"<strong>Poké-BODY — Vine Pull</strong>
<br>
Once during your turn when Dark Ivysaur retreats, choose 1 of your opponent's Benched Pokémon and switch it with his or her Active Pokémon.","[GG] Fury Strikes 
<br>Your opponent puts 3 markers onto his or her Pokémon (divided as he or she chooses). (More than 1 marker can be put on the same Pokémon.) Then, this attack does 10 damage to each Pokémon for each marker on it. Don't apply Weakness and Resistance. Remove the markers at the end of the turn.",,R,2,,,,,,,,,
180263,Hitmonchan - 2 (Best of Game 2 Promo),Hitmonchan 2 Best of Game 2 Promo,https://tcgplayer-cdn.tcgplayer.com/product/180263_200w.jpg,3,1528,https://cpt.tcgcsv.com/h7s2,2022-10-12T20:39:55.41,1,002,Promo,Fighting,60,Basic,,[F] Jab (20),[1FF] Special Punch (40),P,2,,,,,,,,,
180264,Rocket's Sneasel - 5,Rockets Sneasel 5,https://tcgplayer-cdn.tcgplayer.com/product/180264_200w.jpg,3,1528,https://cpt.tcgcsv.com/j7s2,2022-10-18T23:15:24.087,1,005,Promo,Darkness,60,Basic,,"[D] Entrap
<br>The Defending Pokémon cannot retreat during your opponent's next turn.","[2] Continuous Scratch (10x)
<br>Flip 4 coins. This attack does 10 damage times the number of heads.",F,1,,,,,,,P,,
180715,Alakazam - 1/12 (Box Topper),Alakazam 1 12 Box Topper,https://tcgplayer-cdn.tcgplayer.com/product/180715_200w.jpg,3,1528,https://cpt.tcgcsv.com/kjs2,2022-10-11T18:15:58.727,1,001/012,Promo,Psychic,100,Stage 2,"<strong>Poké-POWER — Psymimic</strong>
<br>
Once during your turn, instead of Alakazam's normal attack, you may choose 1 of your opponent's Pokémon's attacks. Alakazam copies that attack including its Energy costs and anything else required in order to use that attack, such as discarding Energy cards. <em>(No matter what type that Pokémon is, Alakazam's type is still Psychic.) This power can't be used if Alakazam is affected by a Special Condition.</em>","[2P] Syncroblast (80)
<br>If Alakazam and the Defending Pokémon don't have the same number of Energy cards on them, this attack's base damage is 20 instead of 80.",,P,2,499.0,574.5,650.0,150.0,,Reverse Holofoil,,,
180716,Scizor - 7/12,Scizor 7 12,https://tcgplayer-cdn.tcgplayer.com/product/180716_200w.jpg,3,1528,https://cpt.tcgcsv.com/ljs2,2022-10-18T23:21:04.923,1,007/012,Promo,Metal,80,1,"<strong>Poké-BODY — Poison Resistance</strong>
<br>Scizor can't be Poisoned.","[1M] Snatch (20) 
<br>Before doing damage, if your opponent has any Benched Pokémon with no damage counters on it, you may choose 1 of them and switch it with the Defending Pokémon.","[3] Heavy Metal (30+) 
<br>Flip a number of coins equal to the number of Metal Energy attached to Scizor. This attack does 30 damage plus 20 more damage for each heads.",R,2,199.0,224.5,249.99,,,Reverse Holofoil,,,
180717,Zoroark BW - BW19,Zoroark BW BW19,https://tcgplayer-cdn.tcgplayer.com/product/180717_200w.jpg,3,1528,https://cpt.tcgcsv.com/mjs2,2022-10-19T15:07:04.113,1,BW19,Promo,Darkness,100,Stage 1,,"[1] Punishment (20+)
<br>If the Defending Pokémon is a Stage 2 Pokémon, this attack does 20 more damage.","[1DD] Snarl (60)
<br>During your opponent's next turn, any damage done by attacks from the Defending Pokémon is reduced by 20 <em>(before applying Weakness and Resistance)</em>.",Fx2,1,10.0,11.62,16.75,14.69,,Holofoil,P-20,"[1DD] Snarl (60)
<br>
During your opponent's next turn, any damage done by attacks from the Defending Pokémon is reduced by 20 <em>(before applying Weakness and Resistance)</em>.",
180718,______'s Oshawott,______s Oshawott,https://tcgplayer-cdn.tcgplayer.com/product/180718_200w.jpg,3,1528,https://cpt.tcgcsv.com/njs2,2022-09-21T19:51:46.753,1,N/A,Promo,Water,200,Basic,,"[WWW] _______________ (100)
<br>Does 100 damage to each of your opponent's Benched Pokémon. <em>(Don't apply Weakness and Resistance for Benched Pokémon.)</em>",,Gx2,1,80.0,99.99,100.0,,,Holofoil,,,
181804,Magikarp & Wailord GX - SM166,Magikarp and Wailord GX SM166,https://tcgplayer-cdn.tcgplayer.com/product/181804_200w.jpg,3,1528,https://cpt.tcgcsv.com/6Ls2,2022-10-15T13:36:19.653,1,SM166,Promo,Water,300,Basic,"<em>TAG TEAM rule — When your TAG TEAM is Knocked Out, your opponent takes 3 Prize cards.</em>",[WWWWW] Super Splash (180),"<span style=""color:Teal""><strong>[W+] Towering Splash GX (10)</strong>
<br>If this Pokémon has at least 7 extra Water Energy attached to it <em>(in addition to this attack's cost)</em>, this attack does 100 damage to each of your opponent's Benched Pokémon.<em>(Don't apply Weakness and Resistance for Benched Pokémon.)</em> <em>(You can't use more than 1 GX attack in a game.)</em></span>",Gx2,4,49.9,49.95,50.0,23.66,,Normal,,,
183564,Flareon GX - SM171 (SM Black Star Promo),Flareon GX SM171 SM Black Star Promo,https://tcgplayer-cdn.tcgplayer.com/product/183564_200w.jpg,3,1528,https://cpt.tcgcsv.com/jrt2,2022-10-12T20:02:09.65,1,SM171,Promo,Fire,210,Stage 1,"<em>Pokémon-GX rule — When your Pokémon-GX is Knocked Out, your opponent takes 2 Prize cards.</em>","[R] Heat Stage (30)
<br>You may attach up to 3 Fire Energy cards from your hand to your Pokémon in any way you like.","[1RR] Bright Flame (190)
<br>Discard 2 Fire Energy from this Pokémon.",Wx2,2,19.97,29.24,30.97,28.5,,Holofoil,,"<span style=""color:Teal""><strong>[R] Power Burner GX (20x)</strong>
<br>This attack does 20 damage for each Fire Energy card in your discard pile. <em>(You can't use more than 1 GX attack in a game.)</em></span>",
183565,Jolteon GX - SM173 (SM Black Star Promo),Jolteon GX SM173 SM Black Star Promo,https://tcgplayer-cdn.tcgplayer.com/product/183565_200w.jpg,3,1528,https://cpt.tcgcsv.com/krt2,2022-10-12T20:54:48.03,1,SM173,Promo,Lightning,200,Stage 1,"<em>Pokémon-GX rule — When your Pokémon-GX is Knocked Out, your opponent takes 2 Prize cards.</em>","[L] Electrobullet (30)
<br>This attack does 30 damage to 1 of your opponent's Benched Pokémon. <em>(Don't apply Weakness and Resistance for Benched Pokémon.)</em>",[1L] Head Bolt (110),Fx2,,13.0,17.26,24.95,17.13,,Holofoil,M-20,"<span style=""color:Teal""><strong>[1L] Swift Run GX (110)</strong>
<br>Prevent all effects of attacks, including damage, done to this Pokémon during your opponent's next turn. <em>(You can't use more than 1 GX attack in a game.)</em></span>",
183568,Vaporeon GX - SM172,Vaporeon GX SM172,https://tcgplayer-cdn.tcgplayer.com/product/183568_200w.jpg,3,1528,https://cpt.tcgcsv.com/nrt2,2022-10-19T14:34:42.12,1,SM172,Promo,Water,210,Stage 1,"<strong>Ability — Hydrating Drops</strong>
<br>
Once durning your turn <em>(before your attack)</em>, you may heal 30 damage from your Active Water Pokémon.","[3] Hydro Pump (40+)
<br>
This attack does 30 more damage times the amount of Water Energy attached to this Pokémon.","<span style=""color:Teal""><strong>[W] Cure Shower GX</strong>
<br>Heal all damage from all of your Water Pokémon. <em>(You can't use more than 1 GX attack in a game.)</em></span>",Gx2,2,16.0,21.88,26.71,25.56,,Holofoil,,,
185249,Melmetal GX - SM178,Melmetal GX SM178,https://tcgplayer-cdn.tcgplayer.com/product/185249_200w.jpg,3,1528,https://cpt.tcgcsv.com/_6v2,2022-10-15T13:39:08.76,1,SM178,Promo,Metal,220,Stage 1,"<strong>Ability — Hard Coat</strong>
<br>This Pokémon takes 30 less damage from attacks <em>(after applying Weakness and Resistance)</em>.
<br><br>
<em>Pokémon-GX rule — When your Pokémon-GX is Knocked Out, your opponent takes 2 Prize cards.</em>","[4] Metal Blast (110+)
<br>This attack does 20 more damage times the amount of Metal Energy attached to this Pokémon.","<span style=""color:Teal""><strong>[M] Iron Force GX</strong>
<br>Attach any number of Metal Energy cards from your discard pile to this Pokémon. <em>(You can't use more than 1 GX attack in a game.)</em></span>",Rx2,4,5.84,10.0,15.98,5.84,,Holofoil,P-20,,
185251,Greninja GX - SM197 (SM Black Star Promo),Greninja GX SM197 SM Black Star Promo,https://tcgplayer-cdn.tcgplayer.com/product/185251_200w.jpg,3,1528,https://cpt.tcgcsv.com/27v2,2022-10-12T20:14:18.05,1,SM197,Promo,Water,230,Stage 2,"<strong>Ability — Elusive Master</strong>
<br>Once during your turn <em>(before your attack)</em>, if this Pokémon is the last card in your hand, you may play it onto your Bench. If you do, draw 3 cards.
<br><br><em>Pokémon-GX rule — When your Pokémon-GX is Knocked Out, your opponent takes 2 Prize cards.</em>","[1W] Mist Slash (130)
<br>This attack's damage isn't affected by Weakness, Resistance, or any other effects on your opponent's Active Pokémon.","<span style=""color:Teal""><strong>[W] Dark Mist GX</strong>
<br>Put 1 of your opponent's Benched Pokémon and all cards attached to it into your opponent's hand. <em>(You can't use more than 1 GX attack in a game.)</em></span>",Gx2,1,7.75,10.97,19.96,9.18,,Holofoil,,,
185252,Charizard GX - SM195 (SM Black Star Promo),Charizard GX SM195 SM Black Star Promo,https://tcgplayer-cdn.tcgplayer.com/product/185252_200w.jpg,3,1528,https://cpt.tcgcsv.com/37v2,2022-10-11T19:32:24.257,1,SM195,Promo,Fire,250,Stage 2,"<em>Pokémon-GX rule — When your Pokémon-GX is Knocked Out, your opponent takes 2 Prize cards.</em>","[R] Raging Destruction
<br>Discard the top 8 cards of your deck. If any of those cards are Fire Energy cards, attach them to this Pokémon.",[3RR] Steam Artillery (200),Wx2,4,8.45,18.49,29.97,14.54,,Holofoil,,"<span style=""color:Teal""><strong>[3RR] Dreadful Flames GX (250)</strong>
<br>Discard an Energy from each of your opponent's Pokémon. <em>(You can't use more than 1 GX attack in a game.)</em></span>",
185988,Alolan Marowak GX - SM187,Alolan Marowak GX SM187,https://tcgplayer-cdn.tcgplayer.com/product/185988_200w.jpg,3,1528,https://cpt.tcgcsv.com/Npv2,2022-10-13T20:53:53.957,1,SM187,Promo,Fire,200,Stage 1,"<strong>Ability — Cursed Body</strong>
<br>If this Pokémon is your Active Pokémon and is damaged by an opponents attack <em>(even if this Pokémon is Knocked Out)</em>, the Attacking Pokémon is now Confused.
<br><br>
<em>Pokémon-GX rule — When your Pokémon-GX is Knocked Out, your opponent takes 2 Prize cards.</em>","[2R] Fiery Bone (90)
<br>Your opponent's Active Pokémon is now Burned.","<span style=""color:Teal""><strong>[0] Lost Boomerang GX</strong>
<br>This attack does 50 damage to 2 of your opponent's Pokémon. This damage isn't effected by Weakness or Resistance. If a Pokémon is Knocked Out by this damage, put that Pokémon and all cards attached to it in the Lost Zone instead of the discard pile.<em>(You can't use more than 1 GX attack in a game.)</em></span>",Wx2,2,4.99,51.05,92.25,6.0,,Holofoil,,,
191353,White Kyurem GX - SM141,White Kyurem GX SM141,https://tcgplayer-cdn.tcgplayer.com/product/191353_200w.jpg,3,1528,https://cpt.tcgcsv.com/5zx2,2022-10-19T14:47:19.83,0,SM141,Promo,Dragon,190,Basic,"<em>Pokémon-GX rule — When your Pokémon-GX is Knocked Out, your opponent takes 2 Prize cards.</em>","[R] Shred (40)
<br>This attack’s damage isn’t affected by any effects on your opponent’s Active Pokémon.","[1RW] Enraged Blade (80+)
<br>If this Pokémon has any damage counters on it, this attack does 80 more damage.",Yx2,3,3.5,4.0,22.95,5.38,,Holofoil,,"<span style=""color:Teal""><strong>[1RRW] Dragon Nova GX (200)</strong>
<br>Your opponent’s Active Pokémon is now Burned and Paralyzed. <em>(You can't use more than 1 GX attack in a game.)</em></span>",
191545,Gallade EX - XY45 (XY Black Star Promo),Gallade EX XY45 XY Black Star Promo,https://tcgplayer-cdn.tcgplayer.com/product/191545_200w.jpg,3,1528,https://cpt.tcgcsv.com/WDx2,2022-10-12T20:08:45.63,1,XY45,Promo,Psychic,170,Basic,"<em>Pokémon-EX rule — When a Pokémon-EX has been Knocked Out, your opponent takes 2 Prize cards.</em>","[2P] Assault Sword (40+)
<br>If your opponent's Active Pokémon has no Energy attached to it, this attack does 40 more damage.","[2PP] Cross Slash (130)
<br>This Pokémon can't use Cross Slash during your next turn.",Px2,2,4.95,8.0,14.95,8.82,,Holofoil,,,
191605,Tapu Fini GX - 39a/147,Tapu Fini GX 39a 147,https://tcgplayer-cdn.tcgplayer.com/product/191605_200w.jpg,3,1528,https://cpt.tcgcsv.com/7Gx2,2022-10-18T23:55:33.997,1,039a/147,Promo,Water,170,Basic,"<em>Pokémon-GX rule — When your Pokémon-GX is Knocked Out, your opponent takes 2 Prize cards.</em>","[1] Aqua Ring (20)
<br>You may switch this Pokémon with 1 of your Benched Pokémon.","[1WW] Hydro Shot
<br>Discard 2 Water Energy from this Pokémon. This attack does 120 damage to 1 of your opponent's Pokémon. <em>(Don't apply Weakness or Resistance for Benched Pokémon.)</em>",,1,8.0,8.0,8.0,5.7,,Holofoil,,"<span style=""color:Teal""><strong>[W] Tapu Storm GX</strong>
<br>Shuffle your opponent's Active Pokémon and all cards attached to it into their deck. If your opponent has no Benched Pokémon, this attack does nothing. <em>(You can't use more than 1 GX attack in a game.)</em></span>",
191618,Dawn Wings Necrozma GX - 63/156 (Ultra Prism),Dawn Wings Necrozma GX 63 156 Ultra Prism,https://tcgplayer-cdn.tcgplayer.com/product/191618_200w.jpg,3,1528,https://cpt.tcgcsv.com/nGx2,2022-10-12T17:11:14.29,1,063/156,Promo,Psychic,180,Basic,"<strong>Ability — Invasion</strong>
<br>Once during your turn <em>(before your attack)</em>, if this Pokémon is on your Bench, you may switch it with your Active Pokémon.
<br><br><em>Pokémon-GX rule — When your Pokémon-GX is Knocked Out, your opponent takes 2 Prize cards.</em>","[PPP] Dark Flash (120)
<br>This attack's damage isn't affected by Resistance.","<span style=""color:DarkRed""><strong>[PPP] Moon's Eclipse GX (180)</strong>
<br>You can use this attack only if you have more Prize cards remaining than your opponent. Prevent all effects of attacks, including damage, done to this Pokémon during your opponent's next turn. <em>(You can't use more than 1 GX attack in a game.)</em></span>",Dx2,2,5.0,5.5,5.99,4.7,,Holofoil,F-20,,
191625,Mewtwo GX - SM196,Mewtwo GX SM196,https://tcgplayer-cdn.tcgplayer.com/product/191625_200w.jpg,3,1528,https://cpt.tcgcsv.com/wGx2,2022-10-15T13:49:02.227,1,SM196,Promo,Psychic,190,Basic,"<em>Pokémon-GX rule — When your Pokémon-GX is Knocked Out, your opponent takes 2 Prize cards.</em>","[1P] Telekinesis
<br>This attack does 50 damage to 1 of your opponent's Pokémon. This damage isn't affected by Weakness or Resistance.","[2PP] Reigning Pulse (120)
<br>Your opponent's Active Pokémon is now Confused.",Px2,2,12.0,18.0,25.0,12.49,,Holofoil,,"<span style=""color:Teal""><strong>[2PP] Psychic Nova GX (180)</strong>
<br>Prevent all damage done to this Pokémon by attacks during your opponent's next turn. <em>(You can't use more than 1 GX attack in a game.)</em></span>",
192085,Kangaskhan GX - SM188 (SM Black Star Promo),Kangaskhan GX SM188 SM Black Star Promo,https://tcgplayer-cdn.tcgplayer.com/product/192085_200w.jpg,3,1528,https://cpt.tcgcsv.com/KRx2,2022-10-12T20:59:52.5,1,SM188,Promo,Colorless,180,Basic,"<em>Pokémon-GX rule — When your Pokémon-GX is Knocked Out, your opponent takes 2 Prize cards.</em>","[1] Split Spiral Punch (20)
<br>Your opponent's Active Pokémon is now Confused.","[3] Enraged Strike (80+)
<br>If your opponent's Active Pokémon is Confused, this attack does 80 more damage.",Fx2,3,1.61,5.02,9.85,4.6,,Holofoil,,"<span style=""color:Teal""><strong>[3] Familial Combo GX (150)</strong>
<br>Draw 5 cards. <em>(You can't use more than 1 GX attack in a game.)</em></span>",
193278,Blastoise GX - SM189 (Black Star Promos),Blastoise GX SM189 Black Star Promos,https://tcgplayer-cdn.tcgplayer.com/product/193278_200w.jpg,3,1528,https://cpt.tcgcsv.com/Bkz2,2022-10-11T19:16:44.707,1,SM189,Promo,Water,240,Stage 2,"<strong>Ability — Solid Shell</strong>
<br>This Pokémon takes 30 less damage from attacks <em>(after applying Weakness and Resistance)</em>.
<br><br><em>Pokémon-GX rule — When your Pokémon-GX is Knocked Out, your opponent takes 2 Prize cards.</em>","[WW] Rocket Splash (60x)
<br>Shuffle any amount of Water Energy from your Pokémon into your deck. This attack does 60 damage for each card you shuffled into your deck in this way.","<span style=""color:Teal""><strong>[W] Giant Geyser GX</strong>
<br>Attach any number of Water Energy cards from your hand to your Pokémon in any way you like. <em>(You can't use more than 1 GX attack in a game.)</em></span>",Gx2,3,7.17,11.56,19.99,10.9,,Holofoil,,,
196348,Reshiram & Charizard GX - SM201,Reshiram and Charizard GX SM201,https://tcgplayer-cdn.tcgplayer.com/product/196348_200w.jpg,3,1528,https://cpt.tcgcsv.com/-xB2,2022-10-18T23:00:16.61,1,SM201,Promo,Fire,270,Basic,"<em>TAG TEAM rule — When your TAG TEAM is Knocked Out, your opponent takes 3 Prize cards.</em>","[1R] Outrage (30+)
<br>This attack does 10 more damage for each damage counter on this Pokémon.","[1RRR] Flare Strike (230)
<br>This Pokémon can't use Flare Strike during your next turn.",Wx2,3,9.28,26.95,39.99,19.78,,Holofoil,,"<span style=""color:Teal""><strong>[RRR+] Double Blaze GX (200+)</strong>
<br>If this Pokémon has at least 3 extra Fire Energy attached to it <em>(in addition to this attack's cost)</em>, this attack does 100 more damage, and this attack's damage isn't affected by any effects on your opponent's Active Pokémon. <em>(You can't use more than 1 GX attack in a game.)</em></span>",
198532,Porygon-Z GX - SM216 (SM Black Star Promo),Porygon Z GX SM216 SM Black Star Promo,https://tcgplayer-cdn.tcgplayer.com/product/198532_200w.jpg,3,1528,https://cpt.tcgcsv.com/GqC2,2022-10-18T22:35:45.913,1,SM216,Promo,Colorless,240,Stage 2,"<strong>Ability — Troubleshooting</strong>
<br>Once during your turn <em>(before your attack)</em>, you may discard a Special Energy from this Pokémon. If you do, heal 80 damage from it.
<br><br>
<em>Pokémon-GX rule — When your Pokémon-GX is Knocked Out, your opponent takes 2 Prize cards.</em>","[3] Abnormal Overheating (160)
<br>This Pokémon is now Burned.","<span style=""color:Teal""><strong>[1] Critical Error GX</strong>
<br>Search your deck for up to 10 cards and discard them. Then, shuffle your deck. <em>(You can't use more than 1 GX attack in a game.)</em></span>",Fx2,2,5.99,7.49,11.93,7.6,,Holofoil,,,
198533,Trevenant & Dusknoir GX - SM217,Trevenant and Dusknoir GX SM217,https://tcgplayer-cdn.tcgplayer.com/product/198533_200w.jpg,3,1528,https://cpt.tcgcsv.com/HqC2,2022-10-19T14:10:41.217,1,SM217,Promo,Psychic,270,Stage 1,"<em>TAG TEAM rule — When your TAG TEAM is Knocked Out, your opponent takes 3 Prize cards.</em>","[PPP] Night Watch (150)
<br>Choose 2 random cards from your opponent's hand. Your opponent reveals those cards and shuffles them into their deck.","<span style=""color:Teal""><strong>[1P+] Pale Moon GX</strong>
<br>At the end of your opponent's next turn, the Defending Pokémon will be Knocked Out. If this Pokémon has at least 1 extra Psychic Energy attached to it <em>(in addition to this attack's cost)</em>, discard all Energy from your opponent's Active Pokémon. <em>(You can't use more than 1 GX attack in a game.)</em></span>",Dx2,3,13.5,25.0,25.0,14.44,,Holofoil,F-20,,
198772,Pikachu EX - XY174,Pikachu EX XY174,https://tcgplayer-cdn.tcgplayer.com/product/198772_200w.jpg,3,1528,https://cpt.tcgcsv.com/swC2,2024-01-26T15:11:12.007,1,XY174,Promo,Lightning,130,Basic,"<em>Pokémon-EX rule — When a Pokémon-EX has been Knocked Out, your opponent takes 2 Prize cards.</em>","[1L] Thunder Shock (30)
<br>Flip a coin. If heads, your opponent's Defending Pokémon is now Paralyzed.","[1LL] Mega Thunderbolt (160)
<br>Discard all Energy attached to this Pokémon.",Fx2,1,11.48,17.6,32.4,29.95,,Holofoil,M-20,,
198773,Mewtwo EX - 61/162,Mewtwo EX 61 162,https://tcgplayer-cdn.tcgplayer.com/product/198773_200w.jpg,3,1528,https://cpt.tcgcsv.com/twC2,2022-10-15T13:47:17.783,1,061/162,Promo,Psychic,170,Basic,"<em>Pokémon-EX rule — When a Pokémon-EX has been Knocked Out, your opponent takes 2 Prize cards.</em>","[2] Photon Wave (30)
<br>During your opponent's next turn, any damage done by attacks from the Defending Pokémon is reduced by 30 <em>(before applying Weakness and Resistance)</em>.",[2PP] Psyburn (120),Dx2,2,19.99,20.0,522.99,15.99,,Holofoil,,,
200274,Pikachu GX - SM232,Pikachu GX SM232,https://tcgplayer-cdn.tcgplayer.com/product/200274_200w.jpg,3,1528,https://cpt.tcgcsv.com/v7D2,2022-10-18T22:27:07.167,1,SM232,Promo,Lightning,160,Basic,,"[1] Agility (20)
<br>Flip a coin. If heads, prevent all effects of attacks, including damage, done to this Pokémon during your opponent’s next turn.","[1LL] Volt Tackle (150)
<br>This Pokémon does 30 damage to itself.",Fx2,1,5.0,6.47,11.95,5.4,,Holofoil,M-20,"<span style=""color:Teal""><strong>[1LL] Tail Break GX (100)</strong>
<br>Your opponent’s Active Pokémon is now Paralyzed. <em>(You can't use more than 1 GX attack in a game.)</em></span>",
203914,Zacian V - 138/202,Zacian V 138 202,https://tcgplayer-cdn.tcgplayer.com/product/203914_200w.jpg,3,1528,https://cpt.tcgcsv.com/jBF2,2022-10-19T14:54:28.063,1,138/202,Promo,Metal,220,Basic,"<strong>Ability — Intrepid Sword</strong>
<br>
Once during your turn, you may look at the top 3 cards of your deck and attach any number of Metal Energy cards you find there to this Pokémon.
<br><br>
<em>V rule — When your Pokémon V is Knocked Out, your opponent takes 2 Prize cards.</em>","[MMM] Brave Blade (230)
<br>During your next turn, this Pokémon can't attack.",,Rx2,2,3.47,4.77,5.99,4.77,,Holofoil,G-30,,
203916,Zamazenta V - 139/202,Zamazenta V 139 202,https://tcgplayer-cdn.tcgplayer.com/product/203916_200w.jpg,3,1528,https://cpt.tcgcsv.com/lBF2,2022-10-19T15:01:37.713,1,139/202,Promo,Metal,230,Basic,"<strong>Ability — Dauntless Shield</strong>
<br>
Prevent all damage done to this Pokémon by attacks from your opponent's Pokémon VMAX.
<br><br>
<em>V rule — When your Pokémon V is Knocked Out, your opponent takes 2 Prize cards.</em>","[1MM] Assault Tackle (130)
<br>Discard a Special Energy from your opponent's Active Pokémon.",,Rx2,2,0.5,4.52,5.99,4.67,,Holofoil,G-30,,
205164,Charizard & Braixen GX - SM230 (SM Black Star Promo),Charizard and Braixen GX SM230 SM Black Star Promo,https://tcgplayer-cdn.tcgplayer.com/product/205164_200w.jpg,3,1528,https://cpt.tcgcsv.com/j5G2,2022-10-11T19:24:04.103,1,SM230,Promo,Fire,270,Basic,"<em>TAG TEAM rule — When your TAG TEAM is Knocked Out, your opponent takes 3 Prize cards.</em>","[1RRR] Brilliant Flare (180)
<br>You may search your deck for up to 3 cards and put them into your hand. Then, shuffle your deck.","<span style=""color:Teal""><strong>[R+] Crimson Flame Pillar GX</strong>
<br>Attach 5 basic Energy cards from your discard pile to your Pokémon in any way you like. If this Pokémon has at least 1 extra Energy attached to it in addition to this attack's cost, your opponent's Active Pokémon is now Burned and Confused.<em> (You can't use more than 1 GX attack in a game.)</em></span>",Wx2,3,14.48,14.99,24.95,16.87,,Holofoil,,,
205166,Charizard GX - SM211 (SM Black Star Promo),Charizard GX SM211 SM Black Star Promo,https://tcgplayer-cdn.tcgplayer.com/product/205166_200w.jpg,3,1528,https://cpt.tcgcsv.com/l5G2,2022-10-11T19:33:44.347,1,SM211,Promo,Fire,250,Stage 2,"<em>Pokémon-GX rule — When your Pokémon-GX is Knocked Out, your opponent takes 2 Prize cards.</em>",[2RR] Flamethrower (140),"<span style=""color:Teal""><strong>[2RR] Flare Blitz GX (300)</strong>
<br><em>(You can't use more than 1 GX attack in a game.)</em></span>",Wx2,3,4.87,10.0,19.95,10.35,,Holofoil,,,
205167,Gyarados GX - SM212 (SM Black Star Promo),Gyarados GX SM212 SM Black Star Promo,https://tcgplayer-cdn.tcgplayer.com/product/205167_200w.jpg,3,1528,https://cpt.tcgcsv.com/m5G2,2022-10-12T20:34:04.38,1,SM212,Promo,Water,230,Stage 1,"<em>Pokémon-GX rule — When your Pokémon-GX is Knocked Out, your opponent takes 2 Prize cards.</em>",[1WWW] Dragon Rage (130),"<span style=""color:Teal""><strong>[1WWW] Hyper Beam (240)</strong>
<br><em>(You can't use more than 1 GX attack in a game.)</em></span>",Lx2,3,3.99,6.1,10.0,6.25,,Holofoil,,,
205168,Raichu GX - SM213,Raichu GX SM213,https://tcgplayer-cdn.tcgplayer.com/product/205168_200w.jpg,3,1528,https://cpt.tcgcsv.com/n5G2,2022-10-18T22:48:15.017,1,SM213,Promo,Lightning,210,Stage 1,,[1LL] Thunderbolt (120),"<span style=""color:Teal""><strong>[1LL] Spark Ball GX (200)</strong>
<br><em>(You can't use more than 1 GX attack in a game.)</em></span>",Fx2,1,1.78,4.76,10.99,4.92,,Holofoil,M-20,,
205467,Meowth VMAX - SWSH005,Meowth VMAX SWSH005,https://tcgplayer-cdn.tcgplayer.com/product/205467_200w.jpg,3,1528,https://cpt.tcgcsv.com/mcG2,2022-10-15T13:40:25.053,1,SWSH005,Promo,Colorless,300,VMAX,"<em>VMAX rule — When your Pokémon VMAX is Knocked Out, your opponent takes 3 Prize cards.</em>","[4] G-Max Gold Rush (200)
<br>Draw 3 cards.",,Fx2,2,1.0,5.71,14.99,5.85,,Holofoil,,,
206426,Toxtricity V - SWSH017,Toxtricity V SWSH017,https://tcgplayer-cdn.tcgplayer.com/product/206426_200w.jpg,3,1528,https://cpt.tcgcsv.com/xBG2,2022-10-19T14:09:49.607,1,SWSH017,Promo,Lightning,210,Basic,"<em>V rule — When your Pokémon V is Knocked Out, your opponent takes 2 Prize cards.</em>","[1] Energize
<br>Attach a Lightning Energy card from your discard pile to this Pokémon.","[1LL] Venom Slap (120)
<br>Your opponent's Active Pokémon is now Poisoned.",Fx2,2,1.0,3.73,6.5,3.64,,Holofoil,,,
207497,Alolan Sandslash GX - SM236,Alolan Sandslash GX SM236,https://tcgplayer-cdn.tcgplayer.com/product/207497_200w.jpg,3,1528,https://cpt.tcgcsv.com/Z_G2,2022-10-13T20:54:07.817,1,SM236,Promo,Water,200,Stage 1,"<strong>Ability — Spiky Shield</strong>
<br>If this Pokémon is your Active Pokémon and is damaged by an opponent's attack <em>(even if this Pokémon is Knocked Out)</em>, put 3 damage counters on the Attacking Pokémon.
<br><br><em>Pokémon-GX rule — When your Pokémon-GX is Knocked Out, your opponent takes 2 Prize cards.</em>",[2W] Frost Breath (120),"<span style=""color:Teal""><strong>[2W] Spiky Storm GX</strong>
<br>This attack does 100 damage to each of your opponent's Pokémon that has any damage counters on it. <em>(You can't use more than 1 GX attack in a game.)</em></span>",Mx2,2,5.0,7.25,19.79,12.38,,Holofoil,,,
209656,Incineroar GX - 27/149,Incineroar GX 27 149,https://tcgplayer-cdn.tcgplayer.com/product/209656_200w.jpg,3,1528,https://cpt.tcgcsv.com/8TH2,2022-10-12T20:50:39.847,1,027/149,Promo,Fire,250,Stage 2,"<em>Pokémon-GX rule — When your Pokémon-GX is Knocked Out, your opponent takes 2 Prize cards.</em>","[R] Hustling Strike (10+)
<br>
This attack does 20 more damage for each of your Benched Fire Pokémon.","[1RR] Tiger Swing (80+)
<br>Flip 2 coins. This attack does 50 more damage for each heads.",Wx2,3,,,,,,,,"<span style=""color:Teal""><strong>[1RR] Burning Slam GX (200)</strong>
<br>Your opponent's Active Pokémon is now Burned. <em>(You can't use more than 1 GX attack in a game.)</em></span>",
210765,Dusk Mane Necrozma GX - 90/156,Dusk Mane Necrozma GX 90 156,https://tcgplayer-cdn.tcgplayer.com/product/210765_200w.jpg,3,1528,https://cpt.tcgcsv.com/kkJ2,2022-10-12T19:41:52.45,1,090/156,Promo,Metal,190,Basic,"<em>Pokémon-GX rule — When your Pokémon-GX is Knocked Out, your opponent takes 2 Prize cards.</em>",[3] Claw Slash (60),"[1MMM] Meteor Tempest (220)
<br>Discard 3 Energy from this Pokémon.",Rx2,3,3.5,4.32,8.88,4.0,,Holofoil,P-20,"<span style=""color:DarkRed""><strong>[MMM] Sun's Eclipse GX (250)</strong>
<br>You can use this attack only if you have more Prize cards remaining than your opponent. <em>(You can't use more than 1 GX attack in a game.)</em></span>",
210841,Charizard - S1/S4 (Box Topper),Charizard S1 S4 Box Topper,https://tcgplayer-cdn.tcgplayer.com/product/210841_200w.jpg,3,1528,https://cpt.tcgcsv.com/RlJ2,2022-10-11T19:28:45.67,1,S1/S4,Promo,Fire,120,2,"<strong>Pokémon Power: Energy Burn</strong>
<br>As often as you like during your turn <em>(before your attack)</em>, you may turn all Energy attached to Charizard into Fire Energy for the rest of the turn. This power can't be used if Charizard is Asleep, Confused, or Paralyzed.","[RRRR] Fire Spin (100)
<br>Discard 2 Energy cards attached to Charizard in order to use this attack.",,W,3,,,,,,,F-30,,
210842,Dark Blastoise - S2/S4 (Box Topper),Dark Blastoise S2 S4 Box Topper,https://tcgplayer-cdn.tcgplayer.com/product/210842_200w.jpg,3,1528,https://cpt.tcgcsv.com/SlJ2,2022-10-11T19:43:08.147,1,S2/S4,Promo,Water,70,Stage 2,,"[WW] Hydrocannon (30+)
<br>Does 30 damage plus 20 more damage for each  Water Energy attached to Dark Blastoise but not used to pay for this attack's Energy cost. You can't add more than 40 damage in this way.","[2WW] Rocket Tackle (40)
<br>Dark Blastoise does 10 damage to itself. Flip a coin. If heads, prevent all damage done to Dark Blastoise during your opponent's next turn. <em>(Any other effects of attacks still happen.)</em>",L,2,250.0,250.0,250.0,304.5,,Reverse Holofoil,,,
210843,Dark Raichu - S3/S4 (Box Topper),Dark Raichu S3 S4 Box Topper,https://tcgplayer-cdn.tcgplayer.com/product/210843_200w.jpg,3,1528,https://cpt.tcgcsv.com/TlJ2,2023-01-26T20:12:38.573,1,S3/S4,Promo,Lightning,70,Stage 1,,"[LLL] Surprise Thunder (30)
<br>Flip a coin. If heads, flip another coin. If the second coin is heads, this attack does 20 damage to each of your opponent's Benched Pokémon. If the second coin is tails, this attack does 10 damage to each of your opponent's Benched Pokémon. <em>(Don't apply Weakness and Resistance for Benched Pokémon.)</em>",,F,1,,,,,,,,,
210844,Mewtwo - S4/S4 (Box Topper),Mewtwo S4 S4 Box Topper,https://tcgplayer-cdn.tcgplayer.com/product/210844_200w.jpg,3,1528,https://cpt.tcgcsv.com/VlJ2,2022-07-07T20:38:44.06,1,S4/S4,Promo,Psychic,60,Basic,,"[P] Energy Control 
<br>Flip a coin.  If heads, choose a basic Energy card attached to 1 of your opponent's Pokemon and attach it to another of your opponent's Pokemon of your choice.","[PPP] Telekinesis
<br>Choose 1 of your opponent's Pokemon.  This attack does 30 damage to that Pokemon.  Don't apply Weakness and Resistance for this attack. <i> (Any other effects that would happen after applying Weakness and Resistance still happen.)</i>",P,2,352.49,352.49,352.49,325.0,,Reverse Holofoil,None,,
210845,Feraligatr - 2/12 (Box Topper),Feraligatr 2 12 Box Topper,https://tcgplayer-cdn.tcgplayer.com/product/210845_200w.jpg,3,1528,https://cpt.tcgcsv.com/WlJ2,2022-10-12T20:00:56.987,1,002/012,Promo,Water,120,2,"<strong>Poké-POWER — Major Tsunami</strong>
<br>Once during your turn <em>(before your attack)</em>, If Feraligatr is your Active Pokémon and if your opponent has any Benched Pokémon, your opponent switches his or her Active Pokémon with 1 of his or her Benched Pokémon. Either way, if you have any Benched Pokémon, switch Feraligatr with 1 of them. This power can’t be used if Feraligatr is affected by a Special Condition.","[2WW] Rending Jaws (70)
<br>If there are no damage counters on the Defending Pokémon, this attack’s base damage is 40 instead of 70.",,L,3,79.97,164.98,249.99,149.0,,Reverse Holofoil,,,
210846,Tyranitar - 3/12,Tyranitar 3 12,https://tcgplayer-cdn.tcgplayer.com/product/210846_200w.jpg,3,1528,https://cpt.tcgcsv.com/XlJ2,2022-10-19T14:17:46.63,1,003/012,Promo,Darkness,120,2,"<strong>Poké-BODY — Dark Aura</strong>
<br>All Energy attached to Tyranitar is Darkness Energy instead of its usual type.","[DDDD] Stamp (50+)
<br>
Flip a coin. If heads, this attack does 50 damage plus 10 more damage and does 10 damage to each of your opponent's Benched Pokémon, if any. <em>(Don't apply Weakness and Resistance for Benched Pokémon.)</em>",,F,4,,,,,,,P-30,,
210847,Venusaur - 4/12,Venusaur 4 12,https://tcgplayer-cdn.tcgplayer.com/product/210847_200w.jpg,3,1528,https://cpt.tcgcsv.com/ZlJ2,2022-10-19T14:39:05.537,1,004/012,Promo,Grass,100,2,"<strong>Poké-POWER — Harvest Bounty</strong>
<br>Once during your turn <em>(before your attack)</em>, if you attach an Energy card to your Active Pokémon as part of your turn, you may attach an additional Energy card to that Pokémon at the same time. This power can’t be used if Venusaur is affected by a Special Condition.","[2GG] Body Slam (40)
<br>Flip a coin. If heads, the Defending Pokémon is now Paralyzed.",,Rx2,2,,,,,,,,,
210848,Entei - 5/12 (Box Topper),Entei 5 12 Box Topper,https://tcgplayer-cdn.tcgplayer.com/product/210848_200w.jpg,3,1528,https://cpt.tcgcsv.com/-lJ2,2022-10-12T19:54:39.74,1,005/012,Promo,Fire,70,Basic,"<strong>Poké-BODY — Pure Body</strong>
<br>To attach a Fire Energy card from your hand to Entei, you must discard an Energy card attached to Entei. (Attack the Fire Energy, and then discard an Energy from Entei.)","[2R] Burning Fang (40)
<br>You may flip a coin. If heads, discard a Fire Energy card attached to Entei and the Defending Pokémon is now Burned.",,Wx2,1,299.0,340.0,349.98,,,Reverse Holofoil,,,
210849,Espeon - 6/12 (Box Topper),Espeon 6 12 Box Topper,https://tcgplayer-cdn.tcgplayer.com/product/210849_200w.jpg,3,1528,https://cpt.tcgcsv.com/_lJ2,2022-10-12T19:56:33.133,1,006/012,Promo,Psychic,80,1,"<strong>Poké-POWER — Energy Return</strong>
<br>As often as you like during your turn <em>(before your attack)</em>, choose an Energy card attached to 1 of your Pokémon and return it to your hand. This power can’t be used if Espeon is affected by a Special Condition.","[2P] Damage Blast (30+)
<br>Flip a number of coins equal to the number of damage counter on the Defending Pokémon. This attack does 30 damage plus 10 more damage for each heads.",,Px2,,99.97,212.49,325.0,,,Reverse Holofoil,,,
210850,Suicune - 7/12,Suicune 7 12,https://tcgplayer-cdn.tcgplayer.com/product/210850_200w.jpg,3,1528,https://cpt.tcgcsv.com/0mJ2,2022-10-18T23:51:18.72,1,007/012,Promo,Water,70,Basic,"<strong>Poké-BODY — Pure Body</strong>
<br>To attach a Water Energy card from your hand to Suicune, you must discard an Energy card attached to Suicune. (Attach the Water Energy, and then discard an Energy card from Suicune.)","[2W] Hypno Wave (30+)
<br>
Flip a coin. If heads, this attack does 30 damage plus 20 more damage. If tails, this attack does 30 damage and the Defending Pokémon is now Asleep.",,Lx2,1,,,,,,,,,
210851,Charizard - 9/12 (Box Topper),Charizard 9 12 Box Topper,https://tcgplayer-cdn.tcgplayer.com/product/210851_200w.jpg,3,1528,https://cpt.tcgcsv.com/2mJ2,2022-10-11T19:27:17.993,1,009/012,Promo,Colorless,110,2,"<strong>Poké-BODY — Crystal Type</strong>
<br>Whenever you attach a Fire, Lightning, or Fighting basic Energy card from your hand to Charizard, Charizard’s type (color) becomes the same as that type of Energy until the end of the turn.","[RRF] Fireblast (40)
<br>Discard an Energy card attached to Charizard.","[1LLR] Dragon Tail (50x)
<br>Flip 2 coins. This attack does 50 damage times the number of heads.",Wx2,4,10000.0,10000.0,10000.0,,,Reverse Holofoil,,,
210852,Crobat - 10/12 (Box Topper),Crobat 10 12 Box Topper,https://tcgplayer-cdn.tcgplayer.com/product/210852_200w.jpg,3,1528,https://cpt.tcgcsv.com/3mJ2,2022-10-11T19:41:21.793,1,010/012,Promo,Colorless,80,Stage 2,"<strong>Poké-BODY — Crystal Type</strong>
<br>Whenever you attach a Grass, Fire, or Psychic basic Energy card from your hand to Crobat, Crobat’s type (color) becomes the same as that type of Energy until the end of the turn.","[1GR] Poison Flame (20)
<br>
Flip a coin. If heads, the Defending Pokémon is now Burned and Poisoned.","[GPP] Squared Attack (20x)
<br>
Flip 4 coins. This attack does 20 damage times the number of heads.",P,,151.99,189.99,350.0,119.99,,Reverse Holofoil,,,
210853,Ho-oh - 11/12 (Box Topper),Ho oh 11 12 Box Topper,https://tcgplayer-cdn.tcgplayer.com/product/210853_200w.jpg,3,1528,https://cpt.tcgcsv.com/5mJ2,2022-10-12T20:41:41.07,1,011/012,Promo,Colorless,80,Basic,"<strong>Poké-BODY — Crystal Type</strong>
<br>
Whenever you attach a Fire, Water, or Lightning basic Energy card from your hand to Ho-oh, Ho-oh's type (color) becomes the same as that type of Energy until the end of the turn.",[RL] Holy Flame (20),"[1RWW] Scalding Steam (40)
<br>Discard an Energy card attached to Ho-oh and flip a coin. If heads, the Defending Pokémon is now Burned.",W,3,749.0,799.5,850.0,,,Reverse Holofoil,,,
210854,Kabutops - 12/12 (Box Topper),Kabutops 12 12 Box Topper,https://tcgplayer-cdn.tcgplayer.com/product/210854_200w.jpg,3,1528,https://cpt.tcgcsv.com/6mJ2,2022-10-12T20:57:44.637,1,012/012,Promo,Colorless,90,Stage 2,"<strong>Poké-BODY — Crystal Type</strong>
<br>
Whenever you attach a Water, Electric, or Fighting basic Energy card from your hand to Kabutops, Kabutops's type (color) becomes the same as that type of Energy until the end of the turn.","[1WF] Draining Cut (20)
<br>
Remove a damage counter from Kabutops.","[1LLF] Triple Cutter (30x)
<br>
Flip 3 coins. This attack does 30 damage times the number of heads.",G,3,299.0,299.0,299.0,,,Reverse Holofoil,,,
211415,Arceus - DP50 (DP Black Star Promos),Arceus DP50 DP Black Star Promos,https://tcgplayer-cdn.tcgplayer.com/product/211415_200w.jpg,3,1528,https://cpt.tcgcsv.com/kBJ2,2022-10-11T18:29:13.313,1,DP50,Promo,Colorless,90,Basic,<em>You may have as many of this card in your deck as you like.</em>,"[4] Judgment (80)
<br>
Discard all Energy cards attached to Arceus and this attack does 10 damage to each of your opponent's Benched Pokémon. <em>(Don't apply Weakness and Resistance for Benched Pokémon.)</em>",,Fx2,2,27.49,39.58,100.0,27.49,,Holofoil,,,
211416,M Blaziken EX - XY86,M Blaziken EX XY86,https://tcgplayer-cdn.tcgplayer.com/product/211416_200w.jpg,3,1528,https://cpt.tcgcsv.com/lBJ2,2022-10-14T12:33:37.237,1,XY86,Promo,Fire,210,Mega,"<em>Mega Evolution rule — When 1 of your Pokémon becomes a Mega Evolution Pokémon, your turn ends.</em>
<br><br>
<em>Pokémon-EX rule — When a Pokémon-EX has been Knocked Out, your opponent takes 2 Prize cards.</em>","[2RR] Moonsault Blaze (100)
<br>
During your next turn, this Pokémon's Moonsault Blaze attack does 100 more damage <em>(before applying Weakness and Resistance)</em>.",,Wx2,2,15.0,23.98,28.97,23.69,,Holofoil,,,
211417,"Articuno, Moltres, and Zapdos (Warner Bros. Promo)",Articuno Moltres and Zapdos Warner Bros Promo,https://tcgplayer-cdn.tcgplayer.com/product/211417_200w.jpg,3,1528,https://cpt.tcgcsv.com/mBJ2,2022-10-11T18:32:44.657,1,,Promo,Colorless,120,Basic,,"[RLW] Big Bang (200)
<br>
Shuffle Articuno, Moltres, and Zapdos into your deck.",,,3,38.88,149.99,200.0,46.12,,Normal,F-30,,
211418,______'s Snivy,______s Snivy,https://tcgplayer-cdn.tcgplayer.com/product/211418_200w.jpg,3,1528,https://cpt.tcgcsv.com/nBJ2,2021-05-07T20:58:31.787,1,N/A,Promo,Grass,200,Basic,,"[G][G][G] _______________ (100)
<br>Heal all damage from this Pokemon.",,F x2,1,40.0,44.5,49.98,39.99,,Reverse Holofoil,None,,
211419,______'s Tepig,______s Tepig,https://tcgplayer-cdn.tcgplayer.com/product/211419_200w.jpg,3,1528,https://cpt.tcgcsv.com/pBJ2,2021-05-07T20:59:01.643,1,N/A,Promo,Fire,200,Basic,,"[R][R][R] _______________ (200)
<br>Discard all [R] Energy attached to this Pokemon.",,W x2,1,40.0,47.63,51.58,18.54,,Reverse Holofoil,None,,
211420,M Charizard EX - 13/106 (Form Y),M Charizard EX 13 106 Form Y,https://tcgplayer-cdn.tcgplayer.com/product/211420_200w.jpg,3,1528,https://cpt.tcgcsv.com/qBJ2,2022-10-15T12:14:44.837,1,013/106,Promo,Fire,220,Mega,"<em>Mega Evolution rule — When 1 of your Pokémon becomes a Mega Evolution Pokémon, your turn ends.</em>
<br><br>
<em>Pokémon-EX rule — When a Pokémon-EX has been Knocked Out, your opponent takes 2 Prize cards.</em>","[3RR] Crimson Dive (300)
<br>
This Pokémon does 50 damage to itself.",,Wx2,1,,,,,,,,,
211421,M Charizard EX - 69/106 (Form X),M Charizard EX 69 106 Form X,https://tcgplayer-cdn.tcgplayer.com/product/211421_200w.jpg,3,1528,https://cpt.tcgcsv.com/rBJ2,2022-10-15T12:16:15.907,1,069/106,Promo,Fire,230,Mega,"<em>Mega Evolution rule — When 1 of your Pokémon becomes a Mega Evolution Pokémon, your turn ends.</em>
<br><br>
<em>Pokémon-EX rule — When a Pokémon-EX has been Knocked Out, your opponent takes 2 Prize cards.</em>","[2RRD] Wild Blaze (300)
<br>
Discard the top 5 cards of your deck.",,Yx2,3,,,,,,,,,
211422,Charizard EX - XY121 (XY Black Star Promos),Charizard EX XY121 XY Black Star Promos,https://tcgplayer-cdn.tcgplayer.com/product/211422_200w.jpg,3,1528,https://cpt.tcgcsv.com/sBJ2,2022-10-11T19:30:36.373,1,XY121,Promo,Fire,180,Basic,"<em>Pokémon-EX rule — When a Pokémon-EX has been Knocked Out, your opponent takes 2 Prize cards.</em>",[3] Wing Attack (60),"[2RR] Combustion Blast (150)
<br>
This Pokémon can't use Combustion Blast during your next turn.",Wx2,2,94.97,94.97,94.97,79.95,,Holofoil,,,
211423,Combusken - 009 (Nintendo Black Star Promo),Combusken 009 Nintendo Black Star Promo,https://tcgplayer-cdn.tcgplayer.com/product/211423_200w.jpg,3,1528,https://cpt.tcgcsv.com/tBJ2,2022-10-11T19:36:47.2,1,009,Promo,Fire,70,Stage 1,,[R] Flare (20),"[3] Double Kick (40x)
<br>
Flip 2 coins. This attack does 40 damage times the number of heads.",W,1,,,,,,,,,
211424,Dark Venusaur - 7 (Best of Game 7 Promo),Dark Venusaur 7 Best of Game 7 Promo,https://tcgplayer-cdn.tcgplayer.com/product/211424_200w.jpg,3,1528,https://cpt.tcgcsv.com/vBJ2,2022-10-12T16:54:24,1,007,Promo,Grass,70,Stage 2,,"[GGG] Horrid Pollen (30)
<br>
Flip 2 coins. If 1 is heads, the Defending Pokémon is now Asleep and Poisoned. If both are heads, the Defending Pokémon is now Confused and Poisoned. If both are tails, the Defending Pokémon is now Paralyzed and Poisoned.",,R,2,,,,,,,,,
211425,Darkrai - BW73 (BW Black Star Promos),Darkrai BW73 BW Black Star Promos,https://tcgplayer-cdn.tcgplayer.com/product/211425_200w.jpg,3,1528,https://cpt.tcgcsv.com/wBJ2,2022-10-12T17:02:29.327,1,BW73,Promo,Darkness,110,Basic,,"[1D] Hide in Shadows (30)
<br>
You may switch this Pokémon with 1 of your Benched Pokémon.","[2DD] Dark Hole (90)
<br>
Flip a coin. If heads, the Defending Pokémon is now Asleep.",Fx2,2,16.0,18.3,20.59,24.1,,Holofoil,P-20,,
211427,Darkrai - DP24 (DP Black Star Promos),Darkrai DP24 DP Black Star Promos,https://tcgplayer-cdn.tcgplayer.com/product/211427_200w.jpg,3,1528,https://cpt.tcgcsv.com/zBJ2,2022-10-12T17:00:45.253,1,DP24,Promo,Darkness,80,Basic,"<strong>Enigma Berry</strong> If Darkrai is damaged by an attack from your opponent's Fighting Pokémon, remove 4 damage counters at the end of that turn.","[W] Spacial Rend (10)
<br>Search your deck for a Stadium card, show it to your opponent, and put it into your hand. Shuffle your deck afterward. If there is any Stadium card in play, discard it.","[MMM] Roar of Time (80)
<br>Search your discard pile for 3 Pokémon, show them to your opponent, and put them on top of your deck. Shuffle your deck afterward.<em> (If you don't have 3 Pokémon in your discard pile, this attack does nothing.)</em>",F+20,1,18.93,25.94,28.0,16.99,,Holofoil,P-20,,
211428,Deoxys EX - 53/116 (Plasma Freeze),Deoxys EX 53 116 Plasma Freeze,https://tcgplayer-cdn.tcgplayer.com/product/211428_200w.jpg,3,1528,https://cpt.tcgcsv.com/BBJ2,2022-10-12T19:24:07.793,1,053/116,Promo,Psychic,170,Basic,"<strong>Ability — Power Connect</strong>
<br>Your Team Plasma Pokémon’s attacks (excluding Deoxys-EX) do 10 more damage to the Active Pokémon <em>(before applying Weakness and Resistance)</em>.
<br><br><em>Pokémon-EX rule — When a Pokémon-EX has been Knocked Out, your opponent takes 2 Prize cards.</em>","[1P] Helix Force (30+)
<br>
If this Pokémon has any Plasma Energy attached to it, this attack does 30 more damage for each Energy attached to the Defending Pokémon.",,Px2,2,12.78,14.99,30.0,25.86,,Holofoil,,,
211429,Dialga - DP26 (DP Black Star Promo),Dialga DP26 DP Black Star Promo,https://tcgplayer-cdn.tcgplayer.com/product/211429_200w.jpg,3,1528,https://cpt.tcgcsv.com/CBJ2,2022-10-12T19:26:34.327,1,DP26,Promo,Metal,90,Basic,,"[M] Time Bellow (10)
<br>
Draw a card.","[1MM] Flash Cannon (40)
<br>
You may return all Energy cards attached to Dialga to your hand. If you do, remove the highest Stage Evolution card from the Defending Pokémon and shuffle that card into your opponent's deck.",R+20,2,13.95,16.5,35.0,16.95,,Holofoil,P-20,,
211430,M Diancie EX - XY44,M Diancie EX XY44,https://tcgplayer-cdn.tcgplayer.com/product/211430_200w.jpg,3,1528,https://cpt.tcgcsv.com/DBJ2,2022-10-15T13:02:22.197,1,XY44,Promo,Fairy,190,Mega,"<em>Mega Evolution rule — When 1 of your Pokémon becomes a Mega Evolution Pokémon, your turn ends.</em>
<br><br>
<em>Pokémon-EX rule — When a Pokémon-EX has been Knocked Out, your opponent takes 2 Prize cards.</em>","[1YY] Diamond Force (100)
<br>
During your opponent's next turn, prevent all damage done to each of your Pokémon by attacks from your opponent's Pokémon-EX. <em>(If this Pokémon is no longer your Active Pokémon, this effect ends.)</em>",,Mx2,2,10.24,13.98,29.9,14.64,,Holofoil,D-20,,
211433,Eevee GX - SM174 (SM Black Star Promo),Eevee GX SM174 SM Black Star Promo,https://tcgplayer-cdn.tcgplayer.com/product/211433_200w.jpg,3,1528,https://cpt.tcgcsv.com/HBJ2,2022-10-12T19:43:46.75,1,SM174,Promo,Colorless,160,Basic,"<strong>Ability — Ascension DNA</strong>
<br>Once during your turn <em>(before your attack)</em>, if you have a Pokémon in your hand that evolves from Eevee, you may put that card onto this Pokémon to evolve it. Before evolving, heal all damage from this Pokémon. You can’t use this Ability during your first turn or on the turn this Pokémon was put into play.
<br><br>
<em>Pokémon-GX rule — When your Pokémon-GX is Knocked Out, your opponent takes 2 Prize cards.</em>",[3] Boost Dash (100),"<span style=""color:Teal""><strong>[1] Joy Maker GX</strong>
<br>Put 3 cards from your discard pile into your hand <em>(You can't use more than 1 GX attack in a game.)</em></span>",Fx2,1,,,,,,,,,
211437,Eevee GX - SM175 (SM Black Star Promo),Eevee GX SM175 SM Black Star Promo,https://tcgplayer-cdn.tcgplayer.com/product/211437_200w.jpg,3,1528,https://cpt.tcgcsv.com/MBJ2,2022-10-12T19:46:03.597,1,SM175,Promo,Colorless,160,Basic,"<strong>Ability — Ascension DNA</strong>
<br>Once during your turn <em>(before your attack)</em>, if you have a Pokémon in your hand that evolves from Eevee, you may put that card onto this Pokémon to evolve it. Before evolving, heal all damage from this Pokémon. You can’t use this Ability during your first turn or on the turn this Pokémon was put into play.
<br><br>
<em>Pokémon-GX rule — When your Pokémon-GX is Knocked Out, your opponent takes 2 Prize cards.</em>",[3] Boost Dash (100),"<span style=""color:Teal""><strong>[1] Joy Maker GX</strong>
<br>Put 3 cards from your discard pile into your hand <em>(You can't use more than 1 GX attack in a game.)</em></span>",Fx2,1,,,,,,,,,
211439,Eevee GX - SM176 (SM Black Star Promo),Eevee GX SM176 SM Black Star Promo,https://tcgplayer-cdn.tcgplayer.com/product/211439_200w.jpg,3,1528,https://cpt.tcgcsv.com/PBJ2,2022-10-12T19:47:13.033,1,SM176,Promo,Colorless,160,Basic,"<strong>Ability — Ascension DNA</strong>
<br>Once during your turn <em>(before your attack)</em>, if you have a Pokémon in your hand that evolves from Eevee, you may put that card onto this Pokémon to evolve it. Before evolving, heal all damage from this Pokémon. You can’t use this Ability during your first turn or on the turn this Pokémon was put into play.
<br><br>
<em>Pokémon-GX rule — When your Pokémon-GX is Knocked Out, your opponent takes 2 Prize cards.</em>",[3] Boost Dash (100),"<span style=""color:Teal""><strong>[1] Joy Maker GX</strong>
<br>Put 3 cards from your discard pile into your hand <em>(You can't use more than 1 GX attack in a game.)</em></span>",Fx2,1,,,,,,,,,
211445,Electabuzz - 1 (Best of Game 1 Promo),Electabuzz 1 Best of Game 1 Promo,https://tcgplayer-cdn.tcgplayer.com/product/211445_200w.jpg,3,1528,https://cpt.tcgcsv.com/WBJ2,2022-10-12T19:50:56.107,1,001,Promo,Lightning,70,Basic,,"[L] Thundershock (10)
<br>Flip a coin. If heads, the Defending Pokémon is now Paralyzed.","[1L] Thunderpunch (30+)
<br>Flip a coin. If heads, this attack does 30 damage plus 10 more damage; if tails, the attack does 30 damage and Electabuzz does 10 damage to itself.",Fx2,2,200.0,200.0,200.0,94.95,,Normal,,,
211446,Groudon - XY52 (XY Black Star Promo),Groudon XY52 XY Black Star Promo,https://tcgplayer-cdn.tcgplayer.com/product/211446_200w.jpg,3,1528,https://cpt.tcgcsv.com/XBJ2,2022-10-12T20:30:45.94,1,XY52,Promo,Fighting,130,Basic,,"[1F] Rock Smash (20+)
<br>
Flip a coin. If heads, this attack does 20 more damage.","[1FFF] Break Ground (100)
<br>
This attack does 10 damage to each of your Benched Pokémon. <em>(Don't apply Weakness and Resistance for Benched Pokémon.)</em>",Gx2,4,,,,,,,,,
211448,Darkrai & Cresselia Legend - 99/102 & 100/102 (Single Oversized Promo),Darkrai and Cresselia Legend 99 102 and 100 102 Single Oversized Promo,https://tcgplayer-cdn.tcgplayer.com/product/211448_200w.jpg,3,1528,https://cpt.tcgcsv.com/-BJ2,2022-10-12T16:59:10.41,1,099/102 & 100/102,Promo,Darkness Psychic,150,LEGEND,"When this Pokémon has been Knocked Out, your opponent takes 2 Prize cards.","[2DD] Lost Crisis (100)
<br>Choose 2 Energy attached to Darkrai & Cresselia LEGEND and put them in the Lost Zone. If any of your opponent's Pokémon would be Knocked Out by damage from this attack, put that Pokémon and all cards attached to it in the Lost Zone instead of discarding it.","[P] Moon's Invite
<br>Move as many damage counters on your opponent's Pokémon as you like to any of your opponent's other Pokémon in any way you like.",FPx2,2,50.0,63.35,76.69,79.97,,Holofoil,,,
211449,Palkia & Dialga Legends - 101/102 + 102/102 (Single Oversized Promo),Palkia and Dialga Legends 101 102 plus 102 102 Single Oversized Promo,https://tcgplayer-cdn.tcgplayer.com/product/211449_200w.jpg,3,1528,https://cpt.tcgcsv.com/_BJ2,2022-10-18T22:07:49.63,1,101/102 + 102/102,Promo,Water Metal,160,LEGEND,"<strong>Palkia & Dialga LEGEND</strong> Put this card from your hand onto your Bench only with the other half of Palkia & Dialga LEGEND.
<br><br>
When this Pokémon has been Knocked Out, your opponent takes 2 Prize cards.","[2W] Sudden Delete
<br>
Choose 1 of your opponent's Benched Pokémon. Put that Pokémon and all cards attached to it back to your opponent's hand.","[1MM] Time Control
<br>
Discard all Metal Energy attached to Palkia & Dialga LEGEND. Add the top 2 cards of your opponent's deck to his or her Prize cards.",LRx2,3,29.99,35.0,39.99,25.0,,Holofoil,,,
211450,M Gyarados EX - 27/122,M Gyarados EX 27 122,https://tcgplayer-cdn.tcgplayer.com/product/211450_200w.jpg,3,1528,https://cpt.tcgcsv.com/0CJ2,2022-10-15T13:05:57.127,1,027/122,Promo,Water,240,Mega,"<em>Mega Evolution rule — When 1 of your Pokémon becomes a Mega Evolution Pokémon, your turn ends.</em>
<br><br>
<em>Pokémon-EX rule — When a Pokémon-EX has been Knocked Out, your opponent takes 2 Prize cards.</em>","[4] Blast Geyser (120+)
<br>
You may do 20 more damage for each Water Energy attached to this Pokémon. If you do, discard the top 2 cards of your deck.",,Lx2,2,,,,,,,,,
211453,Umbreon & Darkrai GX - SM241,Umbreon and Darkrai GX SM241,https://tcgplayer-cdn.tcgplayer.com/product/211453_200w.jpg,3,1528,https://cpt.tcgcsv.com/5CJ2,2025-09-29T19:28:58.183,1,SM241,Promo,Darkness,270,Basic,"<em>TAG TEAM rule — When your TAG TEAM is Knocked Out, your opponent takes 3 Prize cards.</em>","[1DD] Black Lance (150)
<br>This attack does 60 damage to 1 of your opponent's Benched Pokémon-GX or Benched Pokémon-EX. <em>(Don't apply Weakness and Resistance for Benched Pokémon.)</em>","<span style=""color:Teal""><strong>[1+] Dark Moon GX</strong>
<br>Your opponent can't play any Trainer cards from their hand during their next turn. If this Pokémon has at least 5 extra Darkness Energy attached to it <em>(in addition to this attack's cost)</em>, your opponent's Active Pokémon is Knocked Out. <em>(You can't use more than 1 GX attack in a game.)</em></span>",Fx2,2,65.0,90.0,110.99,36.52,,Holofoil,P-20,,
211454,Espeon & Deoxys GX Oversized - SM240 (SM Black Star Promo),Espeon and Deoxys GX Oversized SM240 SM Black Star Promo,https://tcgplayer-cdn.tcgplayer.com/product/211454_200w.jpg,3,1528,https://cpt.tcgcsv.com/6CJ2,2022-10-12T19:55:45.237,1,SM240,Promo,Psychic,260,Basic,"<em>TAG TEAM rule — When your TAG TEAM is Knocked Out, your opponent takes 3 Prize cards.</em>","[2P] Psychic Club (10+)
<br>This attack does 30 more damage for each of your Benched Psychic Pokémon.","<span style=""color:Teal""><strong>[2P+] Cross Division GX</strong>
<br>Put 10 damage counters on your opponent's Pokémon in any way you like. If this Pokémon has at least 3 extra Energy attached to it <em>(in addition to this attack's cost)</em>, put 20 damage counters on them instead. <em>(You can't use more than 1 GX attack in a game.)</em></span>",Px2,2,13.4,24.99,49.98,17.82,,Holofoil,,,
211457,Keldeo EX - 49/99,Keldeo EX 49 99,https://tcgplayer-cdn.tcgplayer.com/product/211457_200w.jpg,3,1528,https://cpt.tcgcsv.com/9CJ2,2022-10-13T20:23:35.357,1,049/099,Promo,Water,170,Basic,"<strong>Ability — Rush In</strong>
<br>Once during your turn <em>(before your attack),</em> if this Pokémon is on your Bench, you may switch this Pokémon with your Active Pokémon.
<br><br><em>Pokémon-EX rule — When a Pokémon-EX has been Knocked Out, your opponent takes 2 Prize cards.</em>","[3] Secret Sword (50+)
<br>
Does 20 more damage for each Water Energy attached to this Pokémon.",,Gx2,2,2.0,10.0,13.0,6.05,,Holofoil,,,
211458,Krookodile EX - XY25,Krookodile EX XY25,https://tcgplayer-cdn.tcgplayer.com/product/211458_200w.jpg,3,1528,https://cpt.tcgcsv.com/bCJ2,2022-10-13T20:30:55.327,1,XY25,Promo,Darkness,180,Basic,"<em>Pokémon-EX rule — When a Pokémon-EX has been Knocked Out, your opponent takes 2 Prize cards.</em>","[2D] Second Bite (40+)
<br>
This attack does 10 more damage for each damage counter on your opponent's Active Pokémon.","[2DD] Megaton Fang (130)
<br>
Discard a card from your hand. If you can't discard a card, this attack does nothing.",Fx2,3,5.99,7.0,14.99,9.97,,Holofoil,P-20,,
211459,Kyogre - XY51,Kyogre XY51,https://tcgplayer-cdn.tcgplayer.com/product/211459_200w.jpg,3,1528,https://cpt.tcgcsv.com/cCJ2,2022-10-13T20:33:43.023,1,XY51,Promo,Water,130,Basic,,"[1W] Spring Tides (30x)
<br>
Flip a coin until you get tails. This attack does 30 damage times the number of heads.","[1WWW] Ocean Cyclone (80)
<br>
This attack does 10 damage to each of your opponent's Benched Pokémon. <em>(Don't apply Weakness and Resistance for Benched Pokémon.)</em>",Gx2,4,,,,,,,,,
211461,M Metagross EX - XY35,M Metagross EX XY35,https://tcgplayer-cdn.tcgplayer.com/product/211461_200w.jpg,3,1528,https://cpt.tcgcsv.com/fCJ2,2022-10-15T13:08:50.02,1,XY35,Promo,Metal,220,Mega,"<em>Mega Evolution rule — When 1 of your Pokémon becomes a Mega Evolution Pokémon, your turn ends.</em>
<br><br>
<em>Pokémon-EX rule — When a Pokémon-EX has been Knocked Out, your opponent takes 2 Prize cards.</em>","[4] Gatling Slug (130+)
<br>
This attack does 10 more damage for each Metal Energy attached to this Pokémon.",,Rx2,4,10.0,16.69,22.9,18.83,,Holofoil,P-20,,
211463,Pikachu EX - XY124,Pikachu EX XY124,https://tcgplayer-cdn.tcgplayer.com/product/211463_200w.jpg,3,1528,https://cpt.tcgcsv.com/hCJ2,2022-10-18T22:25:25.39,1,XY124,Promo,Lightning,130,Basic,"<em>Pokémon-EX rule — When a Pokémon-EX has been Knocked Out, your opponent takes 2 Prize cards.</em>","[1] Iron Tail (30x)
<br>
Flip a coin until you get tails. This attack does 30 damage times the number of heads.","[2L] Overspark (50x)
<br>
Discard all Lightning Energy attached to this Pokémon. This attack does 50 damage times the number of Energy cards you discarded.",Fx2,1,,,,,,,M-20,,
211464,Rayquaza EX - XY69,Rayquaza EX XY69,https://tcgplayer-cdn.tcgplayer.com/product/211464_200w.jpg,3,1528,https://cpt.tcgcsv.com/jCJ2,2022-10-18T22:55:17.943,1,XY69,Promo,Colorless,170,Basic,"<em>Pokémon-EX rule — When a Pokémon-EX has been Knocked Out, your opponent takes 2 Prize cards.</em>","[2] Mega Ascension
<br>
Search your deck for M Rayquaza-EX, reveal it, and put it into your hand. Shuffle your deck afterward.","[4] Aeroscream (130)
<br>
Flip a coin. If tails, discard 2 Energy attached to this Pokémon.",Lx2,2,13.0,36.48,59.95,17.07,,Holofoil,F-20,,
211466,M Swampert EX - XY87,M Swampert EX XY87,https://tcgplayer-cdn.tcgplayer.com/product/211466_200w.jpg,3,1528,https://cpt.tcgcsv.com/lCJ2,2022-10-15T13:32:54.81,1,XY87,Promo,Water,220,Mega,"<em>Mega Evolution rule — When 1 of your Pokémon becomes a Mega Evolution Pokémon, your turn ends.</em>
<br><br>
<em>Pokémon-EX rule — When a Pokémon-EX has been Knocked Out, your opponent takes 2 Prize cards.</em>","[2WW] Strongarm Impact (130+)
<br>
You may do 30 more damage. If you do, discard the top 3 cards of each player's deck.",,Gx2,3,19.99,22.84,49.95,20.52,,Holofoil,,,
211470,Silvally GX - 90/111,Silvally GX 90 111,https://tcgplayer-cdn.tcgplayer.com/product/211470_200w.jpg,3,1528,https://cpt.tcgcsv.com/qCJ2,2022-10-18T23:27:46.003,1,090/111,Promo,Colorless,210,1,"<strong>Ability — Gyro Unit</strong>
<br>Your Basic Pokémon in play have no Retreat Cost.
<br><br>
<em>Pokémon-GX rule — When your Pokémon-GX is Knocked Out, your opponent takes 2 Prize cards.</em>","[3] Turbo Drive (120)
<br>
Attach a basic Energy card from your discard pile to 1 of your Benched Pokémon.","<span style=""color:Teal""><strong>[3] Rebel GX (50x)</strong>
<br>This attack does 50 damage for each of your opponent's Benched Pokémon. <em>(You can't use more than 1 GX attack in a game.)</em></span>",Fx2,2,1.0,5.58,34.98,5.31,,Holofoil,,,
211485,Ultra Necrozma GX - SM126,Ultra Necrozma GX SM126,https://tcgplayer-cdn.tcgplayer.com/product/211485_200w.jpg,3,1528,https://cpt.tcgcsv.com/KCJ2,2022-10-19T14:21:54.953,1,SM126,Promo,Dragon,190,Basic,,"[PM] Photon Geyser (20+)
<br>
Discard all basic Psychic Energy from this Pokémon. This attack does 80 more damage for each card you discarded in this way.","<span style=""color:Red""><strong>[PM] Sky-Scorching Light GX</strong>
<br>You can use this attack only if the total of both players' remaining Prize cards is 6 or less. Put 6 damage counters on each of your opponent's Pokémon. <em>(You can't use more than 1 GX attack in a game.)</em></span>",Yx2,2,,,,,,,,,
211486,M Salamence EX - XY171,M Salamence EX XY171,https://tcgplayer-cdn.tcgplayer.com/product/211486_200w.jpg,3,1528,https://cpt.tcgcsv.com/LCJ2,2022-10-18T23:16:43.817,1,XY171,Promo,Dragon,230,Mega,"<em>Mega Evolution rule — When 1 of your Pokémon becomes a Mega Evolution Pokémon, your turn ends.</em>
<br><br>
<em>Pokémon-EX rule — When a Pokémon-EX has been Knocked Out, your opponent takes 2 Prize cards.</em>","[2RW] Savage Wing (100+)
<br>
Discard as many basic Fire Energy attached to this Pokémon as you like. This attack does 40 more damage for each Energy card discarded in this way.",,Yx2,1,15.0,17.22,49.95,16.17,,Holofoil,,,
211487,Venusaur EX - XY123,Venusaur EX XY123,https://tcgplayer-cdn.tcgplayer.com/product/211487_200w.jpg,3,1528,https://cpt.tcgcsv.com/MCJ2,2022-10-19T14:42:05.82,1,XY123,Promo,Grass,180,Basic,"<em>Pokémon-EX rule — When a Pokémon-EX has been Knocked Out, your opponent takes 2 Prize cards.</em>","[2G] Poison Powder (60)
<br>
Your opponent's Active Pokémon is now Poisoned.","[2GG] Jungle Hammer (90)
<br>
Heal 30 damage from this Pokémon.",Rx2,4,,,,,,,,,
211488,Xerneas - XY05,Xerneas XY05,https://tcgplayer-cdn.tcgplayer.com/product/211488_200w.jpg,3,1528,https://cpt.tcgcsv.com/NCJ2,2022-10-19T14:50:00.447,1,XY05,Promo,Fairy,130,Basic,,"[Y] Geomancy
<br>
Choose 2 of your Benched Pokémon. For each of those Pokémon, search your deck for a Fairy Energy card and attach it to that Pokémon. Shuffle your deck afterward.","[1YY] Rainbow Spear (100)
<br>
Discard an Energy attached to this Pokémon.",Mx2,2,49.48,49.74,50.0,,,Holofoil,D-20,,
211489,Yveltal - XY06,Yveltal XY06,https://tcgplayer-cdn.tcgplayer.com/product/211489_200w.jpg,3,1528,https://cpt.tcgcsv.com/PCJ2,2022-10-19T14:52:11.583,1,XY06,Promo,Darkness,130,Basic,,"[D] Oblivion Wing (30)
<br>
Attach a Darkness Energy card from your discard pile to 1 of your Benched Pokémon.","[1DD] Darkness Blade (100)
<br>
Flip a coin. If tails, this Pokémon can't attack during your next turn.",Lx2,2,59.99,64.98,69.97,,,Holofoil,F-20,,
211490,Victini - 15/101,Victini 15 101,https://tcgplayer-cdn.tcgplayer.com/product/211490_200w.jpg,3,1528,https://cpt.tcgcsv.com/QCJ2,2022-10-19T14:44:25.083,1,015/101,Promo,Fire,70,Basic,,"[1R] V-create (100)
<br>
If you have 4 or fewer Benched Pokémon, this attack does nothing.",,Wx2,1,,,,,,,,,
211491,Volcanion - 26/114,Volcanion 26 114,https://tcgplayer-cdn.tcgplayer.com/product/211491_200w.jpg,3,1528,https://cpt.tcgcsv.com/RCJ2,2022-10-19T14:46:20.813,1,026/114,Promo,Fire/Water,180,Basic,"<strong>Ability — Steam Up</strong>
<br>Once during your turn <em>(before your attack)</em>, you may discard a Fire Energy card from your hand. If you do, during this turn, your Basic Fire Pokémon's attacks do 30 more damage to your opponent's Active Pokémon <em>(before applying Weakness and Resistance)</em>.","[1RR] Volcanic Heat (130)
<br>
This Pokémon can't attack during your next turn.",,Wx2,3,6.0,22.0,38.0,5.2,,Holofoil,,,
211493,Zoroark and Legendary Pokemon (World of Illusions Promo),Zoroark and Legendary Pokemon World of Illusions Promo,https://tcgplayer-cdn.tcgplayer.com/product/211493_200w.jpg,3,1528,https://cpt.tcgcsv.com/TCJ2,2022-10-19T15:03:45.54,1,,Promo,Darkness,500,Basic,,"[1DFM] Call of Legends (1000)
<br>This Pokémon can't attack during your next turn.",,Fx2,4,55.0,57.48,59.99,55.0,,Holofoil,P-20,,
211494,Zorua and Celebi (Black and White Tour Promo),Zorua and Celebi Black and White Tour Promo,https://tcgplayer-cdn.tcgplayer.com/product/211494_200w.jpg,3,1528,https://cpt.tcgcsv.com/VCJ2,2022-10-19T15:11:53.903,1,,Promo,Darkness,90,Basic,,"[DG] Who is Who?
<br>
Each player switches places with his or her opponent. Then, each player continues to play the game using his or her opponent's cards.",,Fx2,2,,,,,,,P-20,,
211495,Zygarde EX - 54a/124,Zygarde EX 54a 124,https://tcgplayer-cdn.tcgplayer.com/product/211495_200w.jpg,3,1528,https://cpt.tcgcsv.com/WCJ2,2025-03-04T14:38:58.293,1,054a/124,Promo,Fighting,190,Basic,"<em>Pokémon-EX rule — When a Pokémon-EX has been Knocked Out, your opponent takes 2 Prize cards.</em>","[F] Land's Pulse (20+)
<br>
If there is any Stadium card in play, this attack does 20 more damage.","[1F] Cell Storm (60)
<br>
Heal 30 damage from this Pokémon.",Gx2,3,,,,,,,,[1FF] Land's Wrath (100),
211496,Salamence GX - SM139 (SM Black Star Promo),Salamence GX SM139 SM Black Star Promo,https://tcgplayer-cdn.tcgplayer.com/product/211496_200w.jpg,3,1528,https://cpt.tcgcsv.com/XCJ2,2022-10-18T23:18:16.017,1,SM139,Promo,Dragon,250,2,"<strong>Ability — Dragon Lift</strong>
<br>Your Pokémon in play have no Retreat Cost, except Pokémon-GX and Pokémon-EX.
<br><br>
<em>Pokémon-GX rule — When your Pokémon-GX is Knocked Out, your opponent takes 2 Prize cards.</em>","[2RW] Bright Flame (200)
<br>
Discard 2 Energy from this Pokémon.","<span style=""color:Teal""><strong>[2R] Flame Jet GX</strong>
<br>This attack does 120 damage to 1 of your opponent's Pokémon. <em>(Don't apply Weakness and Resistance for Benched Pokémon.) (You can't use more than 1 GX attack in a game.)</em></span>",Yx2,2,12.99,18.97,22.95,19.05,,Holofoil,,,
211497,Metal Energy - 94/109 (EX Ruby & Sapphire),Metal Energy 94 109 EX Ruby and Sapphire,https://tcgplayer-cdn.tcgplayer.com/product/211497_200w.jpg,3,1528,https://cpt.tcgcsv.com/ZCJ2,2022-10-15T13:42:47.543,1,94/109,Promo,Metal,,,"<strong>Metal Energy — Special Energy Card</strong>
<br>Damage done by attacks to the Pokémon that Metal Energy is attached to is reduced by 10 <em>(after applying Weakness and Resistance).</em> Ignore this effect if the Pokémon that Metal Energy is attached to isn’t [M]. Metal Energy provides [M] Energy. <em>(Doesn’t count as a basic Energy card.)</em>",,,,,,,,,,,,,
211498,Oran Berry - 85/109,Oran Berry 85 109,https://tcgplayer-cdn.tcgplayer.com/product/211498_200w.jpg,3,1528,https://cpt.tcgcsv.com/-CJ2,2022-10-18T19:51:07.76,1,085/109,Promo,Tool,,,"<em>Attach Oran Berry to 1 of your Pokémon that doesn't already have a Pokémon Tool attached to it. If that Pokémon is Knocked Out, discard this card.</em>
<br>At any time between turns, if the Pokémon this card is attached to has at least 2 damage counters on it, remove 2 damage counters from it. Then discard Oran Berry.",,,,,,,,,,,,,
211499,Multi Energy - 93/100,Multi Energy 93 100,https://tcgplayer-cdn.tcgplayer.com/product/211499_200w.jpg,3,1528,https://cpt.tcgcsv.com/_CJ2,2022-10-18T19:48:24.38,1,093/100,Promo,Special Energy,,,"Attach Multi Energy to 1 of your Pokémon. While in play, Multi Energy provides every type of Energy but provides only 1 Energy at a time. <em>(Doesn’t count as a basic Energy card when not in play.)</em> Multi energy provides Colorless Energy when attached to a Pokémon that already has Special Energy cards attached to it.",,,,,,,,,,,,,
211500,Pikachu - 58/102,Pikachu 58 102,https://tcgplayer-cdn.tcgplayer.com/product/211500_200w.jpg,3,1528,https://cpt.tcgcsv.com/0DJ2,2022-10-18T22:23:19.837,1,058/102,Promo,Lightning,40,Basic,,[1] Gnaw (10),"[1L] Thunder Jolt (30)
<br>
Flip a coin. If tails, Pikachu does 10 damage to itself.",Fx2,1,28.88,43.09,56.0,33.65,,Normal,,,
211501,Mewtwo EX - 54/99,Mewtwo EX 54 99,https://tcgplayer-cdn.tcgplayer.com/product/211501_200w.jpg,3,1528,https://cpt.tcgcsv.com/2DJ2,2022-10-15T13:46:20.573,1,054/099,Promo,Psychic,170,Basic,"<em>Pokémon-EX rule — When a Pokémon-EX has been Knocked Out, your opponent takes 2 Prize cards.</em>","[2] X Ball (20x)
<br>
Does 20 damage times the amount of Energy attached to this Pokémon and the Defending Pokémon.","[1PP] Psydrive (120)
<br>
Discard an Energy attached to this Pokémon.",P x2,2,20.0,21.98,29.95,24.99,,Holofoil,,,
211502,M Mewtwo EX - 63/162,M Mewtwo EX 63 162,https://tcgplayer-cdn.tcgplayer.com/product/211502_200w.jpg,3,1528,https://cpt.tcgcsv.com/3DJ2,2022-10-15T13:11:03.22,1,063/162,Promo,Psychic,230,Mega,"<em>Mega Evolution rule — When 1 of your Pokémon becomes a Mega Evolution Pokémon, your turn ends.</em>
<br><br>
<em>Pokémon-EX rule — When a Pokémon-EX has been Knocked Out, your opponent takes 2 Prize cards.</em>","[1PFF] Vanishing Strike (150+)
<br>
If there is any Stadium card in play, this attack does 50 more damage, and this attack's damage isn't affected by Resistance or any effects on your opponent's Active Pokémon.",,Px2,3,,,,,,,,,
211503,M Mewtwo EX - 64/162,M Mewtwo EX 64 162,https://tcgplayer-cdn.tcgplayer.com/product/211503_200w.jpg,3,1528,https://cpt.tcgcsv.com/5DJ2,2022-10-15T13:29:03.967,1,064/162,Promo,Psychic,210,MEGA,"<em>Mega Evolution rule — When 1 of your Pokémon becomes a Mega Evolution Pokémon, your turn ends.</em>
<br><br>
<em>Pokémon-EX rule — When a Pokémon-EX has been Knocked Out, your opponent takes 2 Prize cards.</em>","[2] Psychic Infinity (10+)
<br>
This attack does 30 more damage times the amount of Energy attached to both Active Pokémon. This attack's damage isn't affected by Weakness.",,Px2,2,,,,,,,,,
211504,Palkia - DP27,Palkia DP27,https://tcgplayer-cdn.tcgplayer.com/product/211504_200w.jpg,3,1528,https://cpt.tcgcsv.com/6DJ2,2022-10-18T22:17:37.073,1,DP27,Promo,Water,90,Basic,,"[W] Spacial Rend (10)
<br>
Search your deck for a Stadium card, show it to your opponent, and put it into your hand. Shuffle your deck afterward. If there is any Stadium card in play, discard it.","[1WW] Transback (40)
<br>
You may flip a coin. If heads, discard all Energy attached to Palkia and put the Defending Pokémon and all cards attached to it on top of your opponent's deck. Your opponent shuffles his or her deck afterward.",L+20,2,0.94,8.47,15.99,1.12,,Holofoil,,,
211505,Regigigas - DP40,Regigigas DP40,https://tcgplayer-cdn.tcgplayer.com/product/211505_200w.jpg,3,1528,https://cpt.tcgcsv.com/7DJ2,2022-10-18T22:59:07.477,1,DP40,Promo,Colorless,100,Basic,,"[3] Drag Off (30)
<br>
Before doing damage, you may choose 1 of your opponent's Benched Pokémon and switch it with the Defending Pokémon.","[4] Giga Hammer (80)
<br>
Regigigas can't use Giga Hammer during your next turn.",Fx2,4,99.95,99.99,199.99,52.98,,Holofoil,,,
211506,Rocket's Hitmonchan - 11/132,Rockets Hitmonchan 11 132,https://tcgplayer-cdn.tcgplayer.com/product/211506_200w.jpg,3,1528,https://cpt.tcgcsv.com/8DJ2,2022-10-18T23:05:05.37,1,011/132,Promo,Fighting,60,Basic,,"[F] Crosscounter
<br>
If an attack does damage to Rocket's Hitmonchan during your opponent's next turn <em>(even if Rocket's Hitmonchan is Knocked Out)</em>, flip a coin. If heads, Rocket's Hitmonchan attacks your opponent's Active Pokémon for double that amount of damage. <em>(If Rocket's Hitmonchan takes 20 damage, it does 40 damage to that Pokémon.)</em>",[1FF] Magnum Punch (50),P,1,,,,,,,,,
211507,Rocket's Mewtwo - 14/132,Rockets Mewtwo 14 132,https://tcgplayer-cdn.tcgplayer.com/product/211507_200w.jpg,3,1528,https://cpt.tcgcsv.com/9DJ2,2022-10-18T23:08:32.18,1,014/132,Promo,Psychic,70,Basic,,"[P] Juxtapose
<br>
Flip a coin. If heads, switch the number of damage counters on Rocket's Mewtwo with the number of damage counters on the Defending Pokémon <em>(even if it would Knock Out either Pokémon). (It's okay if 1 of the Pokémon has no damage counters on it.)</em>","[PP] Hypnoblast (20)
<br>
Flip a coin. If heads, the Defending Pokémon is now Asleep.",P,2,,,,,,,,[1PPP] Psyburn (60),
211508,Rocket's Scizor - 4,Rockets Scizor 4,https://tcgplayer-cdn.tcgplayer.com/product/211508_200w.jpg,3,1528,https://cpt.tcgcsv.com/bDJ2,2022-10-18T23:11:49.613,1,004,Promo,Metal,60,Basic,,"[1] Focus
<br>
During your next turn, Rocket's Scizor's Agility attack's damage is doubled.","[2M] Agility (20)
<br>
Flip a coin. If heads, during your opponent's next turn, prevent all effects of attacks, including damage, done to Rocket's Scizor.",R,2,,,,,,,G-30,,
211509,M Rayquaza EX - 98/98,M Rayquaza EX 98 98,https://tcgplayer-cdn.tcgplayer.com/product/211509_200w.jpg,3,1528,https://cpt.tcgcsv.com/cDJ2,2022-10-15T13:30:27.533,1,098/098,Promo,Colorless,220,MEGA,"<em>Mega Evolution rule — When 1 of your Pokémon becomes a Mega Evolution Pokémon, your turn ends.</em>
<br><br>
<em>Pokémon-EX rule — When a Pokémon-EX has been Knocked Out, your opponent takes 2 Prize cards.</em>","[3] Emerald Break (30x)
<br>
This attack does 30 damage times the number of your Benched Pokémon.",,Lx2,1,30.97,39.97,39.97,34.34,,Holofoil,F-20,,
211510,Primal Groudon EX - 97/98,Primal Groudon EX 97 98,https://tcgplayer-cdn.tcgplayer.com/product/211510_200w.jpg,3,1528,https://cpt.tcgcsv.com/dDJ2,2022-10-18T22:41:26.22,1,097/098,Promo,Fighting,240,MEGA,"<strong>Primal Reversion rule</strong> — When 1 of your Pokémon becomes Primal Groudon-EX, your turn ends.
<br><br>
<em>Max — When 1 of your Pokémon becomes this Pokémon, heal all damage from it.</em>
<br>
<em>Pokémon-EX rule — When a Pokémon-EX has been Knocked Out, your opponent takes 2 Prize cards.</em>","[1FFF] Gaia Volcano (100+)
<br>
If there is any Stadium card in play, this attack does 100 more damage. Discard that Stadium card.",,Gx2,4,199.99,199.99,199.99,,,Holofoil,,,
211511,Primal Kyogre EX - 96/98,Primal Kyogre EX 96 98,https://tcgplayer-cdn.tcgplayer.com/product/211511_200w.jpg,3,1528,https://cpt.tcgcsv.com/fDJ2,2022-10-18T22:45:16.683,1,096/098,Promo,Water,240,Mega,"<strong>Primal Reversion rule</strong> — When 1 of your Pokémon becomes Primal Groudon-EX, your turn ends.
<br><br>
<em>Max — When 1 of your Pokémon becomes this Pokémon, heal all damage from it.</em>
<br>
<em>Pokémon-EX rule — When a Pokémon-EX has been Knocked Out, your opponent takes 2 Prize cards.</em>","[1WWW] Tidal Storm (150)
<br>
Move 2 Energy from this Pokémon to 1 of your Benched Pokémon. This attack does 30 damage to each of your opponent's Benched Pokémon-EX. <em>(Don't apply Weakness and Resistance for Benched Pokémon.)</em>",,Gx2,4,,,,,,,,,
211512,Primal Groudon EX - 86/160,Primal Groudon EX 86 160,https://tcgplayer-cdn.tcgplayer.com/product/211512_200w.jpg,3,1528,https://cpt.tcgcsv.com/gDJ2,2022-10-18T22:39:17.013,1,086/160,Promo,Fighting,240,MEGA,"<strong>Primal Reversion rule</strong> — When 1 of your Pokémon becomes Primal Groudon-EX, your turn ends.
<br><br>
<em>Omega Barrier — Whenever your opponent plays a Trainer card (excluding Pokémon Tools and Stadium cards), prevent all effects of that card done to this Pokémon.</em>
<br>
<em>Pokémon-EX rule — When a Pokémon-EX has been Knocked Out, your opponent takes 2 Prize cards.</em>","[1FFF] Gaia Volcano (100+)
<br>
If there is any Stadium card in play, this attack does 100 more damage. Discard that Stadium card.",,Gx2,4,26.97,28.98,30.98,30.98,,Holofoil,,,
211513,Primal Kyogre EX - 55/160,Primal Kyogre EX 55 160,https://tcgplayer-cdn.tcgplayer.com/product/211513_200w.jpg,3,1528,https://cpt.tcgcsv.com/hDJ2,2022-10-18T22:43:37.637,1,055/160,Promo,Water,240,Mega,"<strong>Primal Reversion rule</strong> — When 1 of your Pokémon becomes Primal Groudon-EX, your turn ends.
<br><br>
<em>Alpha Growth — When you attach an Energy card from your hand to this Pokémon (except with an attack, Ability, or Trainer card), you may attach 2 Energy cards.</em>
<br>
<em>Pokémon-EX rule — When a Pokémon-EX has been Knocked Out, your opponent takes 2 Prize cards.</em>","[1WWW] Tidal Storm (150)
<br>
Move 2 Energy from this Pokémon to 1 of your Benched Pokémon. This attack does 30 damage to each of your opponent's Benched Pokémon-EX. </em>(Don't apply Weakness and Resistance for Benched Pokémon.)</em>",,Gx2,4,33.54,33.54,52.04,52.04,,Holofoil,,,
212823,Rayquaza GX - 177a/168,Rayquaza GX 177a 168,https://tcgplayer-cdn.tcgplayer.com/product/212823_200w.jpg,3,1528,https://cpt.tcgcsv.com/t8K2,2026-01-27T13:31:53.8,1,177a/168,Promo,Dragon,180,Basic,"<strong>Ability — Stormy Winds</strong>
<br>When you play this Pokémon from your hand onto your Bench during your turn, you may discard the top 3 cards of your deck. If you do, attach a basic Energy card from your discard pile to this Pokémon.
<br><br>
<em>Pokémon-GX rule — When your Pokémon-GX is Knocked Out, your opponent takes 2 Prize cards.</em>","[1GL] Dragon Break (30x)
<br>This attack does 30 damage times the amount of basic Grass and basic Lightning Energy attached to your Pokémon.","<span style=""color:Teal""><strong>[G] Tempest GX</strong>
<br>Discard your hand and draw 10 cards. <em>(You can't use more than 1 GX attack in a game.)</em></span>",Yx2,3,22.0,24.23,26.45,25.19,,Holofoil,,,
214229,Copperajah V - SWSH030,Copperajah V SWSH030,https://tcgplayer-cdn.tcgplayer.com/product/214229_200w.jpg,3,1528,https://cpt.tcgcsv.com/CJK2,2022-10-11T19:37:20.707,1,SWSH030,Promo,Metal,220,Basic,"<em>V rule — When your Pokémon V is Knocked Out, your opponent takes 2 Prize cards.</em>","[1MM] Adamantine Press (90)
<br>During your opponent's next turn, this Pokémon takes 30 less damage from attacks <em>(after applying Weakness and Resistance)</em>.",[1MMM] Wrack Down (180),Rx2,4,0.5,3.5,12.99,3.52,,Holofoil,G-30,,
214236,Polteageist V - SWSH021,Polteageist V SWSH021,https://tcgplayer-cdn.tcgplayer.com/product/214236_200w.jpg,3,1528,https://cpt.tcgcsv.com/LJK2,2022-10-18T22:34:48.02,1,SWSH021,Promo,Psychic,170,Basic,"<strong>Ability — Teapot of Surprises</strong>
<br>If this Pokémon is in the Active Spot and is damaged by an opponent's attack <em>(even if it is Knocked Out)</em>, choose a random card from your opponent's hand. Your opponent reveals that card and puts it on the bottom of their deck.
<br><br>
<em>V rule — When your Pokémon V is Knocked Out, your opponent takes 2 Prize cards.</em>","[2P] Mind Bend (100)
<br>Your opponent's Active Pokémon is now Confused.",,Dx2,1,1.0,4.99,6.48,5.39,,Holofoil,F-30,,
220274,Galarian Sirfetch'd V - SWSH043,Galarian Sirfetchd V SWSH043,https://tcgplayer-cdn.tcgplayer.com/product/220274_200w.jpg,3,1528,https://cpt.tcgcsv.com/v7N2,2022-10-12T20:07:49.067,1,SWSH043,Promo,Fighting,210,Basic,"<strong>Ability — Resolute Spear</strong>
<br>Once during your turn, when this Pokémon moves from your Bench to the Active Spot, you may move any amount of Fighting Energy from your other Pokémon to it.
<br><br><em>V rule — When your Pokémon V is Knocked Out, your opponent takes 2 Prize cards.</em>","[1FF] Meteor Smash (200)
<br>During your next turn, this Pokémon can't attack.",,Px2,2,1.99,3.2,23.98,3.26,,Holofoil,,,
220282,Eternatus VMAX - SWSH045,Eternatus VMAX SWSH045,https://tcgplayer-cdn.tcgplayer.com/product/220282_200w.jpg,3,1528,https://cpt.tcgcsv.com/G7N2,2022-10-12T19:59:30.88,1,SWSH045,Promo,Darkness,340,VMAX,"<strong>Ability — Eternal Zone</strong>
<br>If all of your Pokémon in play are Darkness type, you can have up to 8 Pokémon on your Bench, and you can't put non-Darkness Pokémon into play. <em>(If this Ability stops working, discard Pokémon from your Bench until you have 5.)</em>
<br><br><em>VMAX rule — When your Pokémon VMAX is Knocked Out, your opponent takes 3 Prize cards.</em>","[1D] Dread End (30x)
<br>This attack does 30 damage for each of your Darkness Pokémon in play.",,Fx2,3,2.0,5.47,15.0,5.32,,Holofoil,,,
220753,Inteleon V - SWSH016,Inteleon V SWSH016,https://tcgplayer-cdn.tcgplayer.com/product/220753_200w.jpg,3,1528,https://cpt.tcgcsv.com/5kN2,2022-10-12T20:53:22.077,1,SWSH016,Promo,Water,200,Basic,"<em>V rule — When your Pokémon V is Knocked Out, your opponent takes 2 Prize cards.</em>","[W] Snipe Shot
<br>This attack does 40 damage to 1 of your opponent's Pokémon. <em>(Don't apply Weakness and Resistance for Benched Pokémon.)</em>","[1WW] Aqua Report (130)
<br>Your opponent reveals their hand.",Lx2,2,1.0,5.25,8.27,5.25,,Holofoil,,,
220754,Rillaboom V - SWSH014,Rillaboom V SWSH014,https://tcgplayer-cdn.tcgplayer.com/product/220754_200w.jpg,3,1528,https://cpt.tcgcsv.com/6kN2,2022-10-18T23:02:40.383,1,SWSH014,Promo,Grass,220,Basic,,"[G] Forest Feast
<br>Search your deck for up to 2 Basic Grass Pokémon and put them onto your Bench. Then, shuffle your deck.","[1GGG] Wood Hammer (220)
<br>This Pokémon also does 30 damage to itself.",Rx2,3,5.99,6.78,9.67,6.34,,Holofoil,,,
220755,Cinderace V - SWSH015,Cinderace V SWSH015,https://tcgplayer-cdn.tcgplayer.com/product/220755_200w.jpg,3,1528,https://cpt.tcgcsv.com/7kN2,2022-10-11T19:35:37.417,1,SWSH015,Promo,Fire,210,Basic,"<strong>Ability — Field Runner</strong>
<br>If a Stadium is in play, this Pokémon has no Retreat Cost.
<br><br><em>V rule — When your Pokémon V is Knocked Out, your opponent takes 2 Prize cards.</em>",[1RR] Crimson Legs (140),,Wx2,2,5.0,9.02,10.86,8.95,,Holofoil,,,
223753,Dubwool V - SWSH049,Dubwool V SWSH049,https://tcgplayer-cdn.tcgplayer.com/product/223753_200w.jpg,3,1528,https://cpt.tcgcsv.com/5wP2,2022-10-12T19:40:14.983,1,SWSH049,Promo,Colorless,210,Basic,"<strong>Ability — Soft Wool</strong>
<br>This Pokémon takes 30 less damage from attacks <em>(after applying Weakness and Resistance)</em>.
<br><br><em>V rule — When your Pokémon V is Knocked Out, your opponent takes 2 Prize cards.</em>","[3] Revenge Blast (120+)
<br>This attack does 30 more damage for each Prize card your opponent has taken.",,Fx2,2,0.25,1.2,6.0,1.14,,Holofoil,,,
223756,Hatterene V - SWSH055,Hatterene V SWSH055,https://tcgplayer-cdn.tcgplayer.com/product/223756_200w.jpg,3,1528,https://cpt.tcgcsv.com/8wP2,2022-10-12T20:35:05.697,1,SWSH055,Promo,Psychic,200,Basic,"<em>V rule — When your Pokémon V is Knocked Out, your opponent takes 2 Prize cards.</em>","[1P] Confounding Pulse
<br>Switch 1 of your opponent's Benched Pokémon with their Active Pokémon. The Active Pokémon is now Confused.","[1PP] Mental Crush (90+)
<br>If your opponent's Active Pokémon is Confused, this attack does 90 more damage.",Dx2,2,0.5,1.0,6.0,0.9,,Holofoil,F-30,,
227026,Orbeetle V - SWSH078,Orbeetle V SWSH078,https://tcgplayer-cdn.tcgplayer.com/product/227026_200w.jpg,3,1528,https://cpt.tcgcsv.com/xQQ2,2022-10-18T21:51:58.043,1,SWSH078,Promo,Grass,180,Basic,,"[G] Strafe (20)
<br>You may switch this Pokémon with 1 of your Benched Pokémon.","[1G] Mysterious Wave (50+)
<br>This attack does 30 more damage times the amount of Energy attached to your opponent's Active Pokémon.",Rx2,1,0.36,1.32,5.99,1.0,,Holofoil,None,,
227624,Dragonite EX - 72/108,Dragonite EX 72 108,https://tcgplayer-cdn.tcgplayer.com/product/227624_200w.jpg,3,1528,https://cpt.tcgcsv.com/v3R2,2022-10-12T19:32:42.36,1,072/108,Promo,Colorless,180,Basic,"<strong>Ability: Pull Up</strong>
<br>When you play this Pokémon from your hand onto your Bench, you may put 2 Basic Pokémon (except for Dragonite-EX) from your discard pile into your hand.","[4] Hyper Beam (130)
<br>Discard an Energy attached to your opponent's Active Pokémon.",,Lx2,3,3.55,5.53,10.0,5.84,,Holofoil,F-20,,
227625,Mewtwo EX - 52/108,Mewtwo EX 52 108,https://tcgplayer-cdn.tcgplayer.com/product/227625_200w.jpg,3,1528,https://cpt.tcgcsv.com/w3R2,2022-10-15T13:44:56.83,1,052/108,Promo,Psychic,180,Basic,"<em>Pokémon-EX rule — When a Pokémon-EX has been Knocked Out, your opponent takes 2 Prize cards.</em>","[1] Energy Absorption
<br>Attach an Energy card from your discard pile to this Pokémon.","[P] Regeneration
<br>Heal 60 damage from this Pokémon.",Px2,2,2.98,6.3,11.63,6.33,,Holofoil,,[3P] Psyburn (110),
228981,Alakazam V - SWSH083,Alakazam V SWSH083,https://tcgplayer-cdn.tcgplayer.com/product/228981_200w.jpg,3,1528,https://cpt.tcgcsv.com/FCR2,2022-10-11T18:16:41.613,1,SWSH083,Promo,Psychic,190,Basic,"<em>V rule — When your Pokémon V is Knocked Out, your opponent takes 2 Prize cards.</em>","[P] Zen Spoon
<br>Put 3 damage counters on your opponent's Pokémon in any way you like.","[PP] Mind Ruler (30x)
<br>This attack does 30 damage for each card in your opponent's hand.",Dx2,1,0.25,2.1,9.99,2.11,,Holofoil,F-30,,
229436,Grimmsnarl V - SWSH057,Grimmsnarl V SWSH057,https://tcgplayer-cdn.tcgplayer.com/product/229436_200w.jpg,3,1528,https://cpt.tcgcsv.com/LNR2,2022-10-12T20:29:03.363,1,SWSH057,Promo,Darkness,220,Basic,"<em>V rule — When your Pokémon V is Knocked Out, your opponent takes 2 Prize cards.</em>",[D] Bite (40),"[DDD] Spiky Knuckle (200)
<br>
Put 2 Darkness Energy attached to this Pokémon into your hand.",Gx2,2,,,,,,,,,
232443,Pikachu V - SWSH061,Pikachu V SWSH061,https://tcgplayer-cdn.tcgplayer.com/product/232443_200w.jpg,3,1528,https://cpt.tcgcsv.com/T-S2,2022-10-18T22:27:56.837,1,SWSH061,Promo,Lightning,190,Basic,"<em>V rule — When your Pokémon V is Knocked Out, your opponent takes 2 Prize cards.</em>","[L] Charge
<br>Search your deck for up to 2 Lightning Energy cards and attach them to this Pokémon. Then, shuffle your deck.","[1LL] Thunderbolt (200)
<br>Discard all Energy from this Pokémon.",Fx2,1,0.01,1.98,10.48,1.96,,Holofoil,,,
232609,Dragapult VMAX - SWSH097,Dragapult VMAX SWSH097,https://tcgplayer-cdn.tcgplayer.com/product/232609_200w.jpg,3,1528,https://cpt.tcgcsv.com/c3T2,2022-10-12T19:31:05.143,1,SWSH097,Promo,Psychic,320,VMAX,"<em>VMAX rule — When your Pokémon VMAX is Knocked Out, your opponent takes 3 Prize cards.</em>","[P] Shred (60)
<br>This attack's damage isn't affected by any effects on your opponent's Active Pokémon.","[PP] Max Phantom (130)
<br>Put 5 damage counters on your opponent's Benched Pokémon in any way you like.",Dx2,1,1.12,3.45,14.99,3.35,,Holofoil,F-30,,
232614,Crobat VMAX - SWSH099,Crobat VMAX SWSH099,https://tcgplayer-cdn.tcgplayer.com/product/232614_200w.jpg,3,1528,https://cpt.tcgcsv.com/j3T2,2022-10-11T19:42:13.903,1,SWSH099,Promo,Darkness,300,VMAX,"<em>VMAX rule — When your Pokémon VMAX is Knocked Out, your opponent takes 3 Prize cards.</em>","[1D] Stealth Poison (70)
<br>Your opponent's Active Pokémon is now Poisoned. Switch this Pokémon with 1 of your Benched Pokémon.",[1DD] Max Cutter (180),Fx2,1,1.25,3.89,14.99,3.83,,Holofoil,,,
234375,Venusaur VMAX - SWSH102,Venusaur VMAX SWSH102,https://tcgplayer-cdn.tcgplayer.com/product/234375_200w.jpg,3,1528,https://cpt.tcgcsv.com/wMT2,2022-10-19T14:43:02.177,1,SWSH102,Promo,Grass,330,VMAX,"<em>VMAX rule — When your Pokémon VMAX is Knocked Out, your opponent takes 3 Prize cards.</em>","[2] Forest Storm (30x)
<br>This attack does 30 damage for each Grass Energy attached to all of your Pokémon.","[2GG] G-Max Bloom (210)
<br>Heal 30 damage from this Pokémon.",Fx2,4,6.0,8.5,15.0,7.77,,Holofoil,,,
234376,Blastoise VMAX - SWSH103,Blastoise VMAX SWSH103,https://tcgplayer-cdn.tcgplayer.com/product/234376_200w.jpg,3,1528,https://cpt.tcgcsv.com/xMT2,2022-10-11T19:19:28.4,1,SWSH103,Promo,Water,330,VMAX,"<em>VMAX rule — When your Pokémon VMAX is Knocked Out, your opponent takes 3 Prize cards.</em>","[WWW] Grand Falls (120)
<br>Search your deck for up to 3 Water Energy cards and attach them to your Benched Pokémon in any way you like. Then, shuffle your deck.","[WWWW] G-Max Bombard (220)
<br>This attack also does 30 damage to 2 of your opponent's Benched Pokémon. <em>(Don't apply Weakness and Resistance for Benched Pokémon.)</em>",Lx2,3,6.0,11.19,49.99,11.22,,Holofoil,,,
234377,Single Strike Urshifu V - SWSH106,Single Strike Urshifu V SWSH106,https://tcgplayer-cdn.tcgplayer.com/product/234377_200w.jpg,3,1528,https://cpt.tcgcsv.com/zMT2,2022-10-18T23:29:34.177,1,SWSH106,Promo,Fighting,220,VMAX,"<em>V rule — When your Pokémon V is Knocked Out, your opponent takes 2 Prize cards.</em>",[F] Low Kick (30),"[FFFF] Brawny Knuckle (180)
<br>This attack's damage isn't affected by Resistance.",Px2,2,0.98,3.0,10.0,3.06,,Holofoil,,,
234378,Rapid Strike Urshifu V - SWSH107,Rapid Strike Urshifu V SWSH107,https://tcgplayer-cdn.tcgplayer.com/product/234378_200w.jpg,3,1528,https://cpt.tcgcsv.com/BMT2,2022-10-18T22:51:57.25,1,SWSH107,Promo,Fighting,220,VMAX,"<em>V rule — When your Pokémon V is Knocked Out, your opponent takes 2 Prize cards.</em>",[1F] Spiral Kick (40),"[1FF] Sonic Legs (90)
<br>This attack also does 20 damage to 2 of your opponent's Benched Pokémon. <em>(Don't apply Weakness and Resistance for Benched Pokémon.)</em>",Px2,2,0.98,2.42,7.99,2.42,,Holofoil,,,
236055,Galarian Rapidash V - SWSH111,Galarian Rapidash V SWSH111,https://tcgplayer-cdn.tcgplayer.com/product/236055_200w.jpg,3,1528,https://cpt.tcgcsv.com/7rV2,2022-10-12T20:05:15.487,1,SWSH111,Promo,Psychic,210,Basic,"<em>V rule — When your Pokémon V is Knocked Out, your opponent takes 2 Prize cards.</em>","[2] Libra Horn
<br>Put damage counters on 1 of your opponent's Pokémon until its remaining HP is 100.","[PP] Psychic (60+)
<br>This attack does 30 more damage for each Energy attached to your opponent's Active Pokémon.",Dx2,1,0.99,3.81,10.0,3.86,,Holofoil,F-30,,
243659,Boltund V - SWSH085,Boltund V SWSH085,https://tcgplayer-cdn.tcgplayer.com/product/243659_200w.jpg,3,1528,https://cpt.tcgcsv.com/ctZ2,2022-10-11T19:20:08.683,1,SWSH085,Promo,Lightning,200,Basic,"<em>V rule — When your Pokémon V is Knocked Out, your opponent takes 2 Prize cards.</em>","[L] Electrify
<br>Search your deck for up to 2 Lightning Energy cards and attach them to your Benched Pokémon in any way you like. Then, shuffle your deck.","[1L] Bolt Storm (10+)
<br>This attack does 30 more damage for each Lightning Energy attached to all of your Pokémon.",Fx2,2,1.0,1.97,7.76,2.0,,Holofoil,,,
245869,Shadow Rider Calyrex V - SWSH131,Shadow Rider Calyrex V SWSH131,https://tcgplayer-cdn.tcgplayer.com/product/245869_200w.jpg,3,1528,https://cpt.tcgcsv.com/pm-2,2022-10-18T23:25:34.793,1,SWSH131,Promo,Psychic,210,Basic,"<em>V rule — When your Pokémon V is Knocked Out, your opponent takes 2 Prize cards.</em>","[P] Darkness Cloak
<br>Attach a Psychic Energy card from your discard pile to this Pokémon.","[1PP] Hollow Bind (130)
<br>During your opponent's next turn, the Defending Pokémon can't retreat.",Dx2,2,0.75,2.52,9.95,2.49,,Holofoil,F-30,,
245870,Ice Rider Calyrex V - SWSH130,Ice Rider Calyrex V SWSH130,https://tcgplayer-cdn.tcgplayer.com/product/245870_200w.jpg,3,1528,https://cpt.tcgcsv.com/qm-2,2022-10-12T20:48:46.967,1,SWSH130,Promo,Water,210,Basic,"<em>V rule — When your Pokémon V is Knocked Out, your opponent takes 2 Prize cards.</em>","[1W] Blizzard (40)
<br>This attack also does 10 damage to each of your opponent's Benched Pokémon. <em>(Don't apply Weakness and Resistance for Benched Pokémon.)</em>",[1WW] Frost Stamp (140),Mx2,2,0.75,2.66,7.99,2.57,,Holofoil,,,
250251,Greninja V-UNION,Greninja V UNION,https://tcgplayer-cdn.tcgplayer.com/product/250251_200w.jpg,3,1528,https://cpt.tcgcsv.com/2703,2023-01-23T20:22:53.043,1,,Promo,Water,300,V-UNION,"<em>How to play a Pokémon V-UNION</em>
<br>
Once per game during your turn, combine 4 different Greninja V-UNION from your discard pile and put them onto your Bench.
<br><br>
<em>V-UNION rule — When your Pokémon V-UNION is Knocked Out, your opponent takes 3 Prize cards.</em>","[1] Union Gain
<br>Attach up to 2 Water Energy cards from your discard pile to this Pokémon.","<strong>Ability — Ninja Body</strong>
<br>Whenever your opponent plays an Item card from their hand, prevent all effects of that card done to this Pokémon.
<br>
[W] Aqua Edge (130)",Lx2,2,10.32,12.2,20.0,10.77,,Holofoil,,"<strong>Ability — Antidote Jutsu</strong>
<br>
This Pokémon can't be Poisoned.
<br>
[1WW] Twister Shuriken
<br>
This attack does 100 damage to each of your opponent's Benched Pokémon. <em>(Don't apply Weakness and Resistance for Benched Pokémon.)","<strong>Ability — Feel the Way</strong>
<br>
Once during your turn, you may have your opponent reveal their hand.
<br>
[1WW] Waterfall Bind (180)
<br>
During your opponent's next turn, the Defending Pokémon can't retreat."
250252,Mewtwo V-UNION,Mewtwo V UNION,https://tcgplayer-cdn.tcgplayer.com/product/250252_200w.jpg,3,1528,https://cpt.tcgcsv.com/3703,2022-10-19T14:56:42.837,0,,Promo,Psychic,310,V-UNION,"<em>How to play a Pokémon V-UNION</em>
<br>
Once per game during your turn, combine 4 different Mewtwo V-UNION from your discard pile and put them onto your Bench.
<br><br>
<em>V-UNION rule — When your Pokémon V-UNION is Knocked Out, your opponent takes 3 Prize cards.</em>","[1] Union Gain
<br>Attach up to 2 Psychic Energy cards from your discard pile to this Pokémon.","[1PP] Super Regeneration
<br>Heal 200 damage from this Pokémon.",Dx2,2,8.0,13.6,200.0,9.18,,Holofoil,F-30,"[1PP] Psysplosion
<br>Put 16 damage counters on your opponent's Pokémon in any way you like.","<strong>Ability - Photon Barrier</strong>
<br>Prevent all effects of attacks from your opponent's Pokémon done to this Pokémon.
<br>[1PPP] Final Burn (300)"
250253,Zacian V-UNION,Zacian V UNION,https://tcgplayer-cdn.tcgplayer.com/product/250253_200w.jpg,3,1528,https://cpt.tcgcsv.com/5703,2024-10-22T16:08:09.12,1,,Promo,Metal,320,V-UNION,"<em>How to play a Pokémon V-UNION</em>
<br>
Once per game during your turn, combine 4 different Greninja V-UNION from your discard pile and put them onto your Bench.
<br><br>
<em>V-UNION rule — When your Pokémon V-UNION is Knocked Out, your opponent takes 3 Prize cards.</em>","[1] Union Gain
<br>Attach up to 2 Metal Energy cards from your discard pile to this Pokémon.","[1MM] Dance of the Crowned Sword (150)
<br>During your opponent's next turn, the Defending Pokémon's attacks do 150 less damage <em>(before applying Weakness and Resistance)</em>.",Rx2,2,4.0,6.76,11.63,6.76,,Holofoil,G-30,[1MM] Steel Cut (200),"[1MMM] Master Blade (340)
<br>Discard 3 Energy from this Pokémon."
251100,Pikachu V-UNION,Pikachu V UNION,https://tcgplayer-cdn.tcgplayer.com/product/251100_200w.jpg,3,1528,https://cpt.tcgcsv.com/0s03,2023-12-06T21:31:25.237,1,,Promo,Lightning,300,V-Union,"<em>How to play a Pokémon V-UNION</em>
<br>
Once per game during your turn, combine 4 different Pikachu V-UNION from your discard pile and put them onto your Bench.
<br><br>
<em>V-UNION rule — When your Pokémon V-UNION is Knocked Out, your opponent takes 3 Prize cards.</em>","[1] Union Gain
<br>Attach up to 2 Lightning Energy cards from your discard pile to this Pokémon.","[1L] Shocking Shock (120)
<br>Flip a coin. If heads, your opponent's Active Pokémon is now Paralyzed.",Fx2,2,9.15,12.26,29.95,10.91,,Holofoil,,"[1LLL] Disconnect (150)
<br>During your opponent's next turn, they can't play any Item cards from their hand.",[1LL] Electro Ball Together (250)
251104,Lance's Charizard V - SWSH133,Lances Charizard V SWSH133,https://tcgplayer-cdn.tcgplayer.com/product/251104_200w.jpg,3,1528,https://cpt.tcgcsv.com/6s03,2022-10-13T20:35:22.96,1,SWSH133,Promo,Fire,220,Basic,"<em>V rule — When your Pokémon V is Knocked Out, your opponent takes 2 Prize cards.</em>","[1RR] Flamethrower (200)
<br>Discard an Energy from this Pokémon.",,Wx2,3,1.25,3.12,19.99,3.32,,Holofoil,,,
251105,Dark Sylveon V - SWSH134,Dark Sylveon V SWSH134,https://tcgplayer-cdn.tcgplayer.com/product/251105_200w.jpg,3,1528,https://cpt.tcgcsv.com/7s03,2022-10-11T19:53:52.217,1,SWSH134,Promo,Psychic,180,Basic,"<em>V rule — When your Pokémon V is Knocked Out, your opponent takes 2 Prize cards.</em>","[2] Disarming Voice (30)
<br>You opponent's Active Pokémon is now confused.","[2P] Tricky Ribbon (100)
<br>Choose a random card from your opponent's hand. Your opponent reveals that card and shuffles it into their deck.",Mx2,1,1.01,3.86,14.97,3.59,,Holofoil,,,
251622,Cramorant V - SWSH086,Cramorant V SWSH086,https://tcgplayer-cdn.tcgplayer.com/product/251622_200w.jpg,3,1528,https://cpt.tcgcsv.com/sG03,2022-10-11T19:39:33.803,1,SWSH086,Promo,Colorless,200,Basic,"<em>V rule — When your Pokémon V is Knocked Out, your opponent takes 2 Prize cards.</em>","[1] Beak Catch
<br>Search your deck for up to 2 cards and put them into your hand. Then, shuffle your deck.","[3] Spit Shot
<br>Discard all Energy from this Pokémon. This attack does 160 damage to 1 of your opponent's Pokémon. <em>(Don't apply Weakness and Resistance for Benched Pokémon.)</em>",Lx2,1,0.99,1.92,5.99,1.95,,Holofoil,F-30,,
251623,Eldegoss V - SWSH084,Eldegoss V SWSH084,https://tcgplayer-cdn.tcgplayer.com/product/251623_200w.jpg,3,1528,https://cpt.tcgcsv.com/tG03,2022-10-12T19:48:41.407,1,SWSH084,Promo,Grass,180,Basic,"<strong>Ability — Happy Match</strong>
<br>When you play this Pokémon from your hand onto your Bench during your turn, you may put a Supporter card from your discard pile into your hand.
<br><br><em>V rule — When your Pokémon V is Knocked Out, your opponent takes 2 Prize cards.</em>","[2] Float Up (50)
<br>You may shuffle this Pokémon and all attached cards into your deck.",,Rx2,1,0.25,1.41,7.0,1.42,,Normal,,,
252817,Dragapult (Prime) - SWSH132,Dragapult Prime SWSH132,https://tcgplayer-cdn.tcgplayer.com/product/252817_200w.jpg,3,1528,https://cpt.tcgcsv.com/m823,2024-01-26T15:00:45.05,1,SWSH132,Promo,Psychic,150,Stage 2,"<span style=""color:red"">(This card cannot be used at official tournaments.)</span>","[P] Mach Turn (60)
<br>You may switch this Pokémon with 1 of your Benched Pokémon.","[1PP] Diving Swipe (150)
<br>Discard a random card from your opponent's hand.",Dx2,,1.5,3.29,10.0,3.13,,Holofoil,F-30,,
253395,Reshiram & Charizard GX - SM247,Reshiram and Charizard GX SM247,https://tcgplayer-cdn.tcgplayer.com/product/253395_200w.jpg,3,1528,https://cpt.tcgcsv.com/Wm23,2022-10-18T23:01:09.79,1,SM247,Promo,Fire,270,Basic,,"[1R] Outrage (30+)
<br>This attack does 10 more damage for each damage counter on this Pokémon.","[1RRR] Flare Strike (230)
<br>This Pokémon can't use Flare Strike during your next turn.",Wx2,3,4.0,8.83,100.0,8.55,,Holofoil,,"<span style=""color:Teal""><strong>[RRR+] Double Blaze GX (200+)</strong>
<br>If this Pokémon has at least 3 extra Fire Energy attached to it <em>(in addition to this attack's cost)</em>, this attack does 100 more damage, and this attack's damage isn't affected by any effects on your opponent's Active Pokémon. <em>(You can't use more than 1 GX attack in a game.)</em></span>",
253398,Pikachu & Zekrom GX - SM248,Pikachu and Zekrom GX SM248,https://tcgplayer-cdn.tcgplayer.com/product/253398_200w.jpg,3,1528,https://cpt.tcgcsv.com/-m23,2022-10-18T22:21:38.263,1,SM248,Promo,Lightning,240,Basic,"<em>TAG TEAM rule — When your TAG TEAM is Knocked Out, your opponent takes 3 Prize cards.</em>","[LLL] Full Blitz (150)
<br>Search your deck for up to 3 Lightning Energy cards and attach them to 1 of your Pokémon. Then, shuffle your deck.","<span style=""color:Teal""><strong>[LLL+] Tag Bolt GX (200)</strong>
<br>If this Pokémon has at least 3 extra Lightning Energy attached to it <em>(in addition to this attack's cost)</em>, this attack does 170 damage to 1 of your opponent's Benched Pokémon. <em> (Don't apply Weakness and Resistance for Benched Pokémon.) (You can't use more than 1 GX attack in a game.)</em></span>",Fx2,3,4.84,8.96,39.99,8.53,,Holofoil,M-20,,
253399,Snorlax VMAX - 142/202,Snorlax VMAX 142 202,https://tcgplayer-cdn.tcgplayer.com/product/253399_200w.jpg,3,1528,https://cpt.tcgcsv.com/_m23,2022-10-18T23:34:28.733,1,142/202,Ultra Rare,Colorless,340,VMAX,"<em>VMAX rule — When your Pokémon VMAX is Knocked Out, your opponent takes 3 Prize cards.</em>","[3] G-Max Fall (60+)
<br>This attack does 30 more damage for each of your Benched Pokémon.",,Fx2,4,14.31,18.99,49.99,16.7,,Holofoil,,,
253420,Hoopa V - SWSH176,Hoopa V SWSH176,https://tcgplayer-cdn.tcgplayer.com/product/253420_200w.jpg,3,1528,https://cpt.tcgcsv.com/qn23,2022-10-12T20:46:56.83,1,SWSH176,Promo,Darkness,220,Basic,"<strong>Ability — Two-Faced</strong>
<br>As long as this Pokémon is in play, it is Psychic and Darkness type.
<br><br><em>V rule — When your Pokémon V is Knocked Out, your opponent takes 2 Prize cards.</em>","[1DD] Shadow Impact (170)
<br>Put 3 damage counters on 1 of your Pokémon.",,Gx2,2,0.01,1.51,7.99,1.45,,Holofoil,,,
253421,Dragonite V - SWSH154,Dragonite V SWSH154,https://tcgplayer-cdn.tcgplayer.com/product/253421_200w.jpg,3,1528,https://cpt.tcgcsv.com/rn23,2022-10-12T19:37:51.54,1,SWSH154,Promo,Dragon,230,Basic,"<em>V rule — When your Pokémon V is Knocked Out, your opponent takes 2 Prize cards.</em>","[2] Shred (50)
<br>This attack's damage isn't affected by any effects on your opponent's Active Pokémon.","[WWL] Dragon Gale (250)
<br>This attack also does 20 damage to each of your Benched Pokémon. <em>(Don't apply Weakness and Resistance for Benched Pokémon.)</em>",,3,1.25,5.58,12.95,5.56,,Holofoil,,,
257241,Single Strike Urshifu VMAX - 086/163,Single Strike Urshifu VMAX 086 163,https://tcgplayer-cdn.tcgplayer.com/product/257241_200w.jpg,3,1528,https://cpt.tcgcsv.com/RV33,2022-10-18T23:30:14.02,1,086/163,Promo,Fighting,330,VMAX,"<em>VMAX rule — When your Pokémon VMAX is Knocked Out, your opponent takes 3 Prize cards.</em>",[3] Beatdown (100),"[1FFF] G-Max One Blow (270)
<br>Discard all Energy from this Pokémon. This attack's damage isn't affected by any effects on your opponent's Active Pokémon.",Px2,3,1.0,3.36,5.76,3.36,,Holofoil,,,
257242,Rapid Strike Urshifu VMAX - 088/163,Rapid Strike Urshifu VMAX 088 163,https://tcgplayer-cdn.tcgplayer.com/product/257242_200w.jpg,3,1528,https://cpt.tcgcsv.com/SV33,2022-10-18T22:52:40.72,1,088/163,Promo,Fighting,330,VMAX,,"[F] Gale Thrust (30+)
<br>If this Pokémon moved from your Bench to the Active Spot this turn, this attack does 120 more damage.","[1FF] G-Max Rapid Flow
<br>Discard all Energy from this Pokémon. This attack does 120 damage to 2 of your opponent's Pokémon. <em>(Don't apply Weakness and Resistance for Benched Pokémon.)</em>",Px2,2,1.0,3.09,5.49,3.09,,Holofoil,,,
257708,Vaporeon VMAX - SWSH182,Vaporeon VMAX SWSH182,https://tcgplayer-cdn.tcgplayer.com/product/257708_200w.jpg,3,1528,https://cpt.tcgcsv.com/b653,2022-10-19T14:37:25.667,1,SWSH182,Promo,Water,320,VMAX,"<em>VMAX rule — When your Pokémon VMAX is Knocked Out, your opponent takes 3 Prize cards.</em>","[1] Bubble Pod
<br>Put a Water Pokémon from your discard pile onto your Bench. If you do, attach up to 3 Water Energy cards from your discard pile to that Pokémon.","[2W] Max Torrent (100+)
<br>If your opponent's Active Pokémon already has any damage counters on it, this attack does 100 more damage.",Lx2,2,19.99,57.5,199.99,19.04,,Holofoil,,,
257709,Flareon VMAX - SWSH180,Flareon VMAX SWSH180,https://tcgplayer-cdn.tcgplayer.com/product/257709_200w.jpg,3,1528,https://cpt.tcgcsv.com/c653,2022-10-12T20:03:15.19,1,SWSH180,Promo,Fire,320,VMAX,"<em>VMAX rule — When your Pokémon VMAX is Knocked Out, your opponent takes 3 Prize cards.</em>","[2R] Max Detonate (100x)
<br>Discard the top 5 cards of your deck. This attack does 100 damage for each Energy card you discarded in this way.",,Wx2,2,13.36,19.99,55.0,15.55,,Holofoil,,,
257710,Jolteon VMAX - SWSH184,Jolteon VMAX SWSH184,https://tcgplayer-cdn.tcgplayer.com/product/257710_200w.jpg,3,1528,https://cpt.tcgcsv.com/d653,2022-10-12T20:55:30.58,1,SWSH184,Promo,Lightning,300,VMAX,"<em>VMAX rule — When your Pokémon VMAX is Knocked Out, your opponent takes 3 Prize cards.</em>","[1L] Max Thunder Rumble (100)
<br>This attack also does 100 damage to 1 of your opponent's Benched Pokémon that has any damage counters on it. <em>(Don't apply Weakness and Resistance for Benched Pokémon.)</em>",,Fx2,,13.2,32.47,50.0,17.49,,Holofoil,,,
257780,Pikachu - 58/102 (25th Anniversary),Pikachu 58 102 25th Anniversary,https://tcgplayer-cdn.tcgplayer.com/product/257780_200w.jpg,3,1528,https://cpt.tcgcsv.com/D753,2022-10-18T22:24:01.223,1,58/102,Promo,Lightning,40,Basic,,[1] Gnaw (10),"[1L] Thunder Jolt (30)
<br>
Flip a coin. If tails, Pikachu does 10 damage to itself.",Fx2,1,4.94,6.96,19.99,6.63,,Normal,,,
260712,Pikachu V - SWSH198,Pikachu V SWSH198,https://tcgplayer-cdn.tcgplayer.com/product/260712_200w.jpg,3,1528,https://cpt.tcgcsv.com/gj63,2023-01-23T14:01:00.553,1,SWSH198,Promo,Lightning,190,Basic,"<em>V rule — When your Pokémon V is Knocked Out, your opponent takes 2 Prize cards.</em>","[1LL] Lightning Blast (100+)
<br>You may discard all Lightning Energy from this Pokémon. If you do, this attack does 120 more damage,",,Fx2,1,1.11,2.32,9.99,2.28,,Holofoil,,,
260877,Light Toxtricity - SWSH137,Light Toxtricity SWSH137,https://tcgplayer-cdn.tcgplayer.com/product/260877_200w.jpg,3,1528,https://cpt.tcgcsv.com/zm63,2022-10-13T20:39:13.513,1,SWSH137,Promo,Lightning,120,Stage 1,,"[1] Slow Ballad
<br>Heal 30 damage from both Active Pokémon.","[1LL] Beatdown Smash (160)
<br>During your next turn, this Pokémon can't use Beatdown Smash.",F,2,11.73,12.98,16.0,12.45,,Normal,,,
260878,Mimikyu (Delta Species) - SWSH136,Mimikyu Delta Species SWSH136,https://tcgplayer-cdn.tcgplayer.com/product/260878_200w.jpg,3,1528,https://cpt.tcgcsv.com/Bm63,2024-02-02T21:32:32.41,1,SWSH136,Promo,Water,70,Basic,"<span style=""color:red"">(This card cannot be used at official tournaments.)</span>","[W] Filch
<br>Draw 2 cards","[1W] Wet Claw (40)
<br>Put an Energy attached to your opponent's Active Pokémon into their hand.",L,1,22.45,27.5,32.99,21.38,,Holofoil,,,
260879,Hydreigon C - SWSH138,Hydreigon C SWSH138,https://tcgplayer-cdn.tcgplayer.com/product/260879_200w.jpg,3,1528,https://cpt.tcgcsv.com/Cm63,2022-10-15T13:41:46.96,1,SWSH138,Promo,Darkness,110,Basic,"<span style=""color:red"">(This card cannot be used at official tournaments.)</span>",[2] Bite (30),"[1DD] Berserker Blade (100)
<br>This attack also does 20 damage to 2 of your opponent's Benched Pokémon. <em>(Don't apply Weakness and Resistance for Benched Pokémon.)</em>",Gx2,2,6.0,8.72,13.88,8.06,,Normal,,,
263260,Leafeon VSTAR - SWSH195,Leafeon VSTAR SWSH195,https://tcgplayer-cdn.tcgplayer.com/product/263260_200w.jpg,3,1528,https://cpt.tcgcsv.com/dk73,2022-10-13T20:37:02.783,1,SWSH195,Promo,Grass,260,VSTAR,"<span style=""color:gold""><strong>VSTAR Power</strong></span>
<br>
<strong>Ability — Ivy Star</strong>
<br>
During your turn, you may switch 1 of your opponent's Benched Pokémon with their Active Pokémon. <em>(You can't use more than 1 VSTAR Power in a game.)</em>
<br><br><em>VSTAR rule — When your Pokémon VSTAR is Knocked Out, your opponent takes 2 Prize cards.</em>","[1GG] Leaf Guard (180)
<br>During your opponent's next turn, this Pokémon takes 30 less damage from attacks <em>(after applying Weakness and Resistance)</em>.",,Rx2,2,1.8,5.0,10.0,4.33,,Holofoil,,,
263261,Glaceon VSTAR - SWSH197,Glaceon VSTAR SWSH197,https://tcgplayer-cdn.tcgplayer.com/product/263261_200w.jpg,3,1528,https://cpt.tcgcsv.com/fk73,2022-10-12T20:13:01.72,1,SWSH197,Promo,Water,260,VSTAR,"<span style=""color:gold""><strong>VSTAR Power</strong></span>
<br>
[1WW] Crystal Star (220)
<br>
During your opponent's next turn, prevent all damage from and effects of attacks done to this Pokémon. <em>(You can't use more than 1 VSTAR Power in a game.)</em>
<br><br><em>VSTAR rule — When your Pokémon VSTAR is Knocked Out, your opponent takes 2 Prize cards.</em>","[1WW] Icicle Shot (180)
<br>During your opponent's next turn, the Defending Pokémon can't retreat.",,Mx2,2,2.0,4.75,14.13,4.34,,Holofoil,,,
264312,Snorlax V - 141/202,Snorlax V 141 202,https://tcgplayer-cdn.tcgplayer.com/product/264312_200w.jpg,3,1528,https://cpt.tcgcsv.com/gL73,2023-01-23T14:00:19.483,1,141/202,Promo,Colorless,220,Basic,"<em>V rule — When your Pokémon V is Knocked Out, your opponent takes 2 Prize cards.</em>","[3] Swallow (60)
<br>Heal from this Pokémon the same amount of damage you did to your opponent's Active Pokémon.","[4] Falling Down (170)
<br>This Pokémon is now Asleep.",Fx2,4,,,,,,,,,
268305,Lucario VSTAR - SWSH214,Lucario VSTAR SWSH214,https://tcgplayer-cdn.tcgplayer.com/product/268305_200w.jpg,3,1528,https://cpt.tcgcsv.com/7l93,2023-01-23T14:00:07.227,1,SWSH214,Promo,Fighting,270,VSTAR,"<span style=""color:gold""><strong>VSTAR Power</strong></span>
<br>
[1F] Aura Star (70x)
<br>
This attack does 70 damage for each Energy attached to all of your opponent's Pokémon. <em>(You can't use more than 1 VSTAR Power in a game.)</em>
<br><br><em>VSTAR rule — When your Pokémon VSTAR is Knocked Out, your opponent takes 2 Prize cards.</em>","[2F] Fighting Knuckle (120+)
<br>If your opponent's Active Pokémon is a Pokémon V, this attack does 120 more damage.",,Px2,2,0.99,3.0,9.95,2.86,,Holofoil,,,
268449,Morpeko V-UNION (SWSH215-218),Morpeko V UNION SWSH215 218,https://tcgplayer-cdn.tcgplayer.com/product/268449_200w.jpg,3,1528,https://cpt.tcgcsv.com/_n93,2023-01-23T13:59:56.92,1,,Promo,Lightning,310,V-UNION,"<em>How to play a Pokémon V-UNION</em>
<br>
Once per game during your turn, combine 4 different Mewtwo V-UNION from your discard pile and put them onto your Bench.
<br><br>
<em>V-UNION rule — When your Pokémon V-UNION is Knocked Out, your opponent takes 3 Prize cards.</em>","[1] Union Gain
<br>Attach up to 2 Lightning Energy cards from your discard pile to this Pokémon.","[2] All You Can Eat
<br>Draw cards until you have 10 cards in your hand.",Fx2,2,1.0,2.09,7.99,2.06,,Holofoil,,"[2L] Burst Wheel (100x)
<br>Discard all Energy from this Pokémon. This attack does 100 damage for each card you discarded in this way.",[2L] Electric Ball (160)
274414,Hisuian Decidueye VSTAR - 084/189,Hisuian Decidueye VSTAR 084 189,https://tcgplayer-cdn.tcgplayer.com/product/274414_200w.jpg,3,1528,https://cpt.tcgcsv.com/jNc3,2023-01-23T13:59:51.32,1,084/189,Promo,Fighting,270,VSTAR,"<span style=""color:gold""><strong>VSTAR Power</span>
<br>
Ability — Star of Fortune</strong>
<br>
During your turn, you may draw cards until you have 8 cards in your hand. <em>(You can't use more than 1 VSTAR Power in a game.)</em>
<br><br><em>VSTAR rule — When your Pokémon VSTAR is Knocked Out, your opponent takes 2 Prize cards.</em>","[2F] Somersault Feathers (160+)
<br>You may discard up to 3 Energy cards from your hand. This attack does 30 more damage for each card you discarded in this way.",,Px2,2,,,,,,,,,
276050,Kleavor VSTAR - SWSH249,Kleavor VSTAR SWSH249,https://tcgplayer-cdn.tcgplayer.com/product/276050_200w.jpg,3,1528,https://cpt.tcgcsv.com/0rd3,2023-01-23T13:59:26.2,1,SWSH249,Promo,Fighting,270,VSTAR,"<span style=""color:gold""><strong>VSTAR Power</strong></span>
<br>
[F] Rampaging Star (30x)
<br>This attack does 30 damage for each Pokémon in your discard pile. <em>(You can't use more than 1 VSTAR Power in a game.)</em>
<br><br><em>VSTAR rule — When your Pokémon VSTAR is Knocked Out, your opponent takes 2 Prize cards.</em>","[1F] Axe Break (120)
<br>This attack also does 60 damage to 1 of your opponent's Benched Pokémon V. <em>(Don't apply Weakness and Resistance for Benched Pokémon.)</em>",,Gx2,2,0.05,1.32,6.9,1.24,,Holofoil,,,
276051,Boltund V - SWSH219,Boltund V SWSH219,https://tcgplayer-cdn.tcgplayer.com/product/276051_200w.jpg,3,1528,https://cpt.tcgcsv.com/2rd3,2023-01-23T13:59:20.517,1,SWSH219,Promo,Lightning,200,Basic,"<em>V rule — When your Pokémon V is Knocked Out, your opponent takes 2 Prize cards.</em>","[L] Smash Turn (30)
<br>You may switch this Pokémon with 1 of your Benched Pokémon.","[1LL] Electrobullet (120)
<br>This attack also does 30 damage to 1 of your opponent's Benched Pokémon. <em>(Don't apply Weakness and Resistance for Benched Pokémon.)</em>",Fx2,1,0.25,1.07,9000.0,1.03,,Holofoil,,,
277679,Dragonite GX - SM156,Dragonite GX SM156,https://tcgplayer-cdn.tcgplayer.com/product/277679_200w.jpg,3,1528,https://cpt.tcgcsv.com/C5f3,2022-10-12T19:36:23.363,1,SM156,Promo,Dragon,250,Stage 2,"<em>Pokémon-GX rule — When your Pokémon-GX is Knocked Out, your opponent takes 2 Prize cards.</em>",[L] Dragon Claw (70),"[2WL] Giga Impact (200)
<br>This Pokémon can't attack during your next turn.",Yx2,3,,,,,,,,"<span style=""color:Teal""><strong>[3] Dragonporter GX</strong>
<br>Put 3 Dragon Pokémon from your discard pile onto your Bench. <em>(You can't use more than 1 GX attack in a game.)</em></span>",
279028,Alolan Exeggutor V - SWSH225,Alolan Exeggutor V SWSH225,https://tcgplayer-cdn.tcgplayer.com/product/279028_200w.jpg,3,1528,https://cpt.tcgcsv.com/BDf3,2023-01-23T13:59:05.223,1,SWSH225,Promo,Grass,240,Basic,"<em>V rule — When your Pokémon V is Knocked Out, your opponent takes 2 Prize cards.</em>","[G] Growing Tall
<br>Flip a coin. If heads, search your deck for up to 5 Grass Energy cards and attach them to your Pokémon in any way you like. Then, shuffle your deck.","[3] Head Swing
<br>This attack does 30 damage to 1 of your opponent's Pokémon for each Grass Energy attached to this Pokémon. <em>(Don't apply Weakness and Resistance for Benched Pokémon.)</em>",Rx2,3,0.7,1.29,9.95,1.3,,Holofoil,,,
284277,Arceus VSTAR - 123/172,Arceus VSTAR 123 172,https://tcgplayer-cdn.tcgplayer.com/product/284277_200w.jpg,3,1528,https://cpt.tcgcsv.com/zKh3,2023-01-23T13:59:00.02,1,123/172,Promo,Colorless,280,VSTAR,"<span style=""color:gold""><strong>VSTAR Power</span><br>
Ability — Starbirth</strong>
<br>During your turn, you may search your deck for up to 2 cards and put them into your hand. Then, shuffle your deck. <em>(You can't use more than 1 VSTAR Power in a game.)</em>
<br><br>
<em>VSTAR rule — When your Pokémon VSTAR is Knocked Out, your opponent takes 2 Prize cards.</em>","[3] Trinity Nova (200)
<br>Search your deck for up to 3 basic Energy cards and attach them to your Pokemon V in anyway you like. Then, shuffle your deck.",,Fx2,2,11.0,11.63,12.0,12.05,,Holofoil,,,
284285,Lucario V - 146/264,Lucario V 146 264,https://tcgplayer-cdn.tcgplayer.com/product/284285_200w.jpg,3,1528,https://cpt.tcgcsv.com/KKh3,2023-01-23T13:58:54.803,1,146/264,Ultra Rare,Fighting,210,Basic,"<em>V rule — When your Pokémon V is Knocked Out, your opponent takes 2 Prize cards.</em>",[1FF] Aura Sphere (120),,Px2,2,2.0,2.79,9.99,2.66,,Holofoil,,,
284499,Infernape V - SWSH252,Infernape V SWSH252,https://tcgplayer-cdn.tcgplayer.com/product/284499_200w.jpg,3,1528,https://cpt.tcgcsv.com/_Ph3,2023-01-23T13:58:27.59,1,SWS252,Promo,Fire,200,Basic,"<em>V rule — When your Pokémon V is Knocked Out, your opponent takes 2 Prize cards.</em>","[1] Meteor Punch (30x)
<br>
Flip a coin until you get tails. This attack does 30 damage for each heads.","[1RR] Bright Flame (200)
<br>
Discard 2 Energy from this Pokémon.",Wx2,,0.06,1.67,5.99,1.65,,Holofoil,,,
449513,Origin Forme Dialga VSTAR - SWSH256,Origin Forme Dialga VSTAR SWSH256,https://tcgplayer-cdn.tcgplayer.com/product/449513_200w.jpg,3,1528,https://cpt.tcgcsv.com/hQC5,2023-01-23T13:58:21.377,1,SWSH256,Promo,Metal,280,VSTAR,"<span style=""color:gold""><strong>VSTAR Power</strong></span> [1MMMM] Star Chronos (220)
<br>Take another turn after this one. (You can't use more than 1 VSTAR Power in a game.)
<br><br>
<em>VSTAR rule — When your Pokémon VSTAR is Knocked Out, your opponent takes 2 Prize cards.</em>","[1] Metal Blast (40+)
<br>This attack does 40 more damage for each Metal Energy attached to this Pokémon.",,Rx2,3,2.2,3.53,15.0,3.53,,Holofoil,G-30,,
449514,Origin Forme Palkia VSTAR - SWSH254,Origin Forme Palkia VSTAR SWSH254,https://tcgplayer-cdn.tcgplayer.com/product/449514_200w.jpg,3,1528,https://cpt.tcgcsv.com/jQC5,2023-01-23T13:54:41.127,1,SWSH254,Promo,Water,280,VSTAR,"<strong>VSTAR Power</strong>
<br><strong>Ability — Star Portal</strong>                                          
<br>During your turn, you may attach up to 3 Water Energy cards from your discard pile to your Water Pokémon in any way you like. <em>(You can't use more than 1 VSTAR Power in a game.)</em>
<br><br>
<em>VSTAR rule — When your Pokémon VSTAR is Knocked Out, your opponent takes 2 Prize cards.</em>","[WW] Subspace Swell (60+)
<br>This attack does 20 more damage for each Benched Pokémon <em>(both yours and your opponent's)</em>.",,Lx2,2,1.25,2.9,20.0,2.87,,Holofoil,,,
449517,Virizion V - SWSH295,Virizion V SWSH295,https://tcgplayer-cdn.tcgplayer.com/product/449517_200w.jpg,3,1528,https://cpt.tcgcsv.com/mQC5,2023-01-23T13:58:03.743,1,SWSH295,Promo,Grass,200,Basic,"<strong>Ability — Verdant Wind</strong>
<br>
Each of your Pokémon that has any Grass Energy attached recovers from all Special Conditions and can't be affected by any Special Conditions.
<br><br><em>V rule — When your Pokémon V is Knocked Out, your opponent takes 2 Prize cards.</em>","[1GG] Emerald Blade (200)
<br>This Pokémon can't attack during your next turn.",,Rx2,1,0.75,1.12,5.99,1.12,,Holofoil,,,
449524,Zeraora VSTAR - SWSH265,Zeraora VSTAR SWSH265,https://tcgplayer-cdn.tcgplayer.com/product/449524_200w.jpg,3,1528,https://cpt.tcgcsv.com/vQC5,2023-01-23T13:57:51.017,1,SWSH265,Promo,Lightning,270,VSTAR,"<span style=""color:gold""><strong>VSTAR Power</strong></span>
<br>
[1LLL] Lightning Storm Star
<br>
Choose 1 of your opponent's Pokémon 4 times. <em>(You can choose the same Pokémon more than once.)</em> For each time you chose a Pokémon, do 60 damage to it. This damage isn't affected by Weakness or Resistance. <em>(You can't use more than 1 VSTAR Power in a game.)</em>
<br><br>
<em>VSTAR rule — When your Pokémon VSTAR is Knocked Out, your opponent takes 2 Prize cards.</em>","[1LL] Crushing Beat (190)
<br>
You may discard a Stadium in play.",,Fx2,,3.38,4.11,9.89,3.78,,Holofoil,,,
449525,Deoxys VSTAR - SWSH268,Deoxys VSTAR SWSH268,https://tcgplayer-cdn.tcgplayer.com/product/449525_200w.jpg,3,1528,https://cpt.tcgcsv.com/wQC5,2023-01-23T13:57:33.433,1,SWSH268,Promo,Psychic,270,VSTAR,"<span style=""color:gold""><strong>VSTAR Power</strong></span>
<br>
[P] Star Force (60x)
<br>
This attack does 60 damage for each Energy attached to both Active Pokémon. <em>(You can't use more than 1 VSTAR Power in a game.)</em>
<br><br>
<em>VSTAR rule — When your Pokémon VSTAR is Knocked Out, your opponent takes 2 Prize cards.</em>","[1PP] Psychic Javelin (190)
<br>
This attack also does 60 damage to 1 of your opponent's Benched Pokémon V. <em>(Don't apply Weakness and Resistance for Benched Pokémon.)</em>",,Dx2,2,3.35,4.25,8.95,3.39,,Holofoil,F-30,,
449528,Hisuian Zoroark VSTAR - SWSH298,Hisuian Zoroark VSTAR SWSH298,https://tcgplayer-cdn.tcgplayer.com/product/449528_200w.jpg,3,1528,https://cpt.tcgcsv.com/BQC5,2023-01-23T13:57:25.467,1,SWSH298,Promo,Colorless,270,VSTAR,"<span style=""color:gold""><strong>VSTAR Power</strong></span>
<br>
<strong>Ability — Phantom Star</strong>
<br>
During your turn, you may discard your hand and draw 7 cards. <em>(You can't use more than 1 VSTAR Power in a game.)</em>
<br><br>
<em>VSTAR rule — When your Pokémon VSTAR is Knocked Out, your opponent takes 2 Prize cards.</em>","[2] Ticking Curse (50x)
<br>
This attack does 50 damage for each of your Pokémon that has any damage counters on it.",,Fx2,2,0.49,2.49,6.6,2.55,,Holofoil,,,
450093,Mew V - 069/189,Mew V 069 189,https://tcgplayer-cdn.tcgplayer.com/product/450093_200w.jpg,3,1528,https://cpt.tcgcsv.com/T2D5,2023-01-23T13:57:19.28,1,069/189,Promo,Psychic,180,Basic,"<em>V rule — When your Pokémon V is Knocked Out, your opponent takes 2 Prize cards.</em>","[PP] X Ball (30x)
<br>This attack does 30 damage times the amount of Energy attached to this Pokémon and the Defending Pokémon.",,Dx2,,32.95,47.98,58.65,33.29,,Holofoil,F-30,,
450094,Kyurem V - 048/196,Kyurem V 048 196,https://tcgplayer-cdn.tcgplayer.com/product/450094_200w.jpg,3,1528,https://cpt.tcgcsv.com/V2D5,2023-01-23T13:57:09.93,1,048/196,Promo,Water,220,Basic,"<em>V rule — When your Pokémon V is Knocked Out, your opponent takes 2 Prize cards.</em>","[W] Rapid Freeze
<br>
Attach any number of Water Energy cards from your hand to your Pokémon in any way you like.",[WWW] Frost Smash (140),Mx2,3,12.68,13.68,18.67,8.13,,Holofoil,,,
450108,Darkrai VSTAR - 099/189,Darkrai VSTAR 099 189,https://tcgplayer-cdn.tcgplayer.com/product/450108_200w.jpg,3,1528,https://cpt.tcgcsv.com/b3D5,2023-01-23T13:56:58.473,1,099/189,Promo,Darkness,270,VSTAR,"<span style=""color:gold""><strong>VSTAR Power</strong></span>
<br>
<strong>Ability — Star Abyss</strong>
<br>
During your turn, you may put up to 2 Item cards from your discard pile into your hand. <em>(You can't use more than 1 VSTAR Power in a game.)</em>
<br><br>
<em>VSTAR rule — When your Pokémon VSTAR is Knocked Out, your opponent takes 2 Prize cards.</em>","[2] Dark Pulse (30+)
<br>
This attack does 30 more damage for each Darkness Energy attached to all of your Pokémon.",,Gx2,2,1.3,2.06,5.99,1.99,,Holofoil,,,
450109,Shaymin VSTAR - 014/172,Shaymin VSTAR 014 172,https://tcgplayer-cdn.tcgplayer.com/product/450109_200w.jpg,3,1528,https://cpt.tcgcsv.com/c3D5,2023-01-23T13:56:52.123,1,014/172,Promo,Grass,250,VSTAR,"<span style=""color:gold""><strong>VSTAR Power</strong></span>
<br>
<strong>Ability — Star Bloom</strong>
<br>
During your turn, you may heal 120 damage from each of your Benched Grass Pokémon. <em>(You can't use more than 1 VSTAR Power in a game.)</em>
<br><br>
<em>VSTAR rule — When your Pokémon VSTAR is Knocked Out, your opponent takes 2 Prize cards.</em>","[1G] Revenge Blast (120+)
<br>
This attack does 40 more damage for each Prize card your opponent has taken.",,Rx2,1,0.9,2.08,4.95,2.17,,Holofoil,,,
450111,Rayquaza VMAX - 111/203,Rayquaza VMAX 111 203,https://tcgplayer-cdn.tcgplayer.com/product/450111_200w.jpg,3,1528,https://cpt.tcgcsv.com/f3D5,2023-01-23T13:56:27.193,1,111/203,Promo,Dragon,320,VMAX,"<strong>Ability — Azure Pulse</strong>
<br>
Once during your turn, you may discard your hand and draw 3 cards.
<br><br>
<em>VMAX rule — When your Pokémon VMAX is Knocked Out, your opponent takes 3 Prize cards.</em>","[RL] Max Burst (20+)
<br>
You may discard any amount of basic Fire Energy or any amount of basic Lightning Energy from this Pokémon. This attack does 80 more damage for each card you discarded in this way.",,,2,8.67,10.0,50.0,8.98,,Holofoil,,,
450112,Duraludon VMAX - 123/203,Duraludon VMAX 123 203,https://tcgplayer-cdn.tcgplayer.com/product/450112_200w.jpg,3,1528,https://cpt.tcgcsv.com/g3D5,2023-01-23T13:56:14.607,1,123/203,Promo,Dragon,330,VMAX,"<strong>Ability — Skyscraper</strong>
<br>
Prevent all damage done to this Pokémon by attacks from your opponent's Pokémon that have Special Energy attached.
<br><br>
<em>VMAX rule — When your Pokémon VMAX is Knocked Out, your opponent takes 3 Prize cards.</em>","[RMM] G-Max Pulverization (220)
<br>
This attack's damage isn't affected by any effects on your opponent's Active Pokémon.",,,3,2.38,4.16,8.78,4.31,,Holofoil,,,
451116,Hisuian Electrode V - SWSH294,Hisuian Electrode V SWSH294,https://tcgplayer-cdn.tcgplayer.com/product/451116_200w.jpg,3,1528,https://cpt.tcgcsv.com/lsD5,2023-01-23T13:56:06.933,1,SWSH294,Promo,Grass,210,Basic,"<em>V rule — When your Pokémon V is Knocked Out, your opponent takes 2 Prize cards.</em>","[0] Tantrum Blast (100x)
<br>
This attack does 100 damage for each Special Condition affecting this Pokémon.","[1G] Solar Shot (120)
<br>
Discard all Energy from this Pokémon.",Rx2,1,0.55,1.64,6.99,1.59,,Holofoil,,,
475409,Eternatus V - 116/189,Eternatus V 116 189,https://tcgplayer-cdn.tcgplayer.com/product/475409_200w.jpg,3,1528,https://cpt.tcgcsv.com/cbQ5,2022-12-09T13:28:05.063,1,116/189,Promo,Darkness,220,Basic,"<em>V rule — When your Pokémon V is Knocked Out, your opponent takes 2 Prize cards.</em>","[1] Power Accelerator (30)
<br>
You may attach a Darkness Energy card from your hand to 1 of your Benched Pokémon.","[3D] Dynamax Cannon (120+)
<br>
If your opponent's Active Pokémon is a Pokémon VMAX, this attack does 120 more damage.",Fx2,2,2.0,2.0,2.0,19.95,,Holofoil,,,
475654,Koraidon ex,Koraidon ex,https://tcgplayer-cdn.tcgplayer.com/product/475654_200w.jpg,3,1528,https://cpt.tcgcsv.com/6hQ5,2023-04-10T13:34:08.37,1,125/198,Ultra Rare,Fighting,230,Basic,"<strong>Ability — Dino Cry</strong>
<br>
Once during your turn, you may attach up to 2 Basic Fighting Energy cards from your discard pile to your Basic Fighting Pokémon in any way you like. If you use this ability, your turn ends.
<br><br>
<em>Pokémon ex rule — When a Pokémon ex has been Knocked Out, your opponent takes 2 Prize cards.</em>","Wild Impact (220)
<br>During your next turn, this Pokémon can't attack.",,None,0,1.0,2.94,39.99,2.6,,Holofoil,None,,
475655,Miraidon ex,Miraidon ex,https://tcgplayer-cdn.tcgplayer.com/product/475655_200w.jpg,3,1528,https://cpt.tcgcsv.com/7hQ5,2023-01-23T13:55:27.85,1,081/198,Ultra Rare,Lightning,220,Basic,"<strong>Ability — Tandem Unit</strong>
<br>
Once during your turn, you may search your deck for up to 2 Basic Lightning Pokémon and put them onto your Bench. Then, shuffle your deck.
<br><br>
<em>Pokémon ex rule — When a Pokémon ex has been Knocked Out, your opponent takes 2 Prize cards.</em>","[1LL] Photon Blaster (220)
<br>
During your next turn, this Pokémon can't attack.",,Fx2,1,2.0,6.23,10.0,2.0,,Holofoil,,,
477069,Morpeko V-Union (SWSH287-290),Morpeko V Union SWSH287 290,https://tcgplayer-cdn.tcgplayer.com/product/477069_200w.jpg,3,1528,https://cpt.tcgcsv.com/pRQ5,2023-12-06T22:43:51.923,1,SWSH290,Promo,Lightning,310,V-UNION,"<em>How to play a Pokemon V-Union</em>
<br>Once per game during your turn, combine 4 different Pikachu V-Union from your discard pile and put them onto your Bench.
<br><br>
<em>V-UNION rule</em> — When your Pokémon V-UNION is Knocked Out, your opponent takes 3 Prize cards.","[1] Union Gain
<br>Attach up to 2 Lightning Energy cards from your discard pile to this Pokémon.","[2] All You Can Eat
<br>
Draw cards until you have 10 cards in your hand.",Fx2,2,0.73,2.68,9.99,2.91,,Holofoil,,"[2L] Burst Wheel (100x)
<br>
Discard all Energy from this Pokémon. This attack does 100 damage for each card you discarded in this way.",[2L] Electric Ball (160)
478425,Pikachu VMAX - SWSH286,Pikachu VMAX SWSH286,https://tcgplayer-cdn.tcgplayer.com/product/478425_200w.jpg,3,1528,https://cpt.tcgcsv.com/wnR5,2023-02-17T05:03:11.747,1,SWSH286,Promo,Lightning,310,VMAX,"<em>VMAX rule — When your Pokémon VMAX is Knocked Out, your opponent  takes 2 Prize cards.</em>","[L] Tail Charge (30)
<br>Attach up to 3 Lightning Energy cards from your discard pile to 1 of your Pokémon.",[1LLL] G-Max Thunder (250),Fx2,2,1.0,4.5,20.0,4.59,1.99,Holofoil,None,,
479879,Regieleki V - SWSH280,Regieleki V SWSH280,https://tcgplayer-cdn.tcgplayer.com/product/479879_200w.jpg,3,1528,https://cpt.tcgcsv.com/CZR5,2023-02-15T17:40:35.2,1,SWSH280,Promo,Lightning,200,Basic,"<em>V rule — When your Pokémon V is Knocked Out, your opponent takes 2 Prize cards.</em>",[L] Switching Bolt (30),"[2L] Lightning Wall (100)
<br>
During your opponent's next turn, this Pokémon takes 100 less damage from attacks <em>(after applying Weakness and Resistance)</em>.",Fx2,1,0.5,1.0,7.0,0.94,,Holofoil,,,
479880,Regidrago V - SWSH281,Regidrago V SWSH281,https://tcgplayer-cdn.tcgplayer.com/product/479880_200w.jpg,3,1528,https://cpt.tcgcsv.com/DZR5,2023-02-15T17:40:25.08,1,SWSH281,Promo,Dragon,220,Basic,"<em>V rule — When your Pokémon V is Knocked Out, your opponent takes 2 Prize cards.</em>","[1] Celestial Roar
<br>
Discard the top 3 cards of your deck. If any of those cards are Energy cards, attach them to this Pokémon.","[GGR] Dragon Laser (130)
<br>
This attack also does 30 damage to 1 of your opponent's Benched Pokémon. <em>(Don't apply Weakness and Resistance for Benched Pokémon.)</em>",,3,0.5,1.1,7.0,1.0,,Holofoil,,,
479881,Latias (Vstar Universe Japanese Exclusive),Latias Vstar Universe Japanese Exclusive,https://tcgplayer-cdn.tcgplayer.com/product/479881_200w.jpg,3,1528,https://cpt.tcgcsv.com/FZR5,2023-02-15T17:40:13.257,1,195/172,Promo,Dragon,120,Basic,"<strong>Ability — Red Assist</strong>
<br>Once during your turn, you may attach a Psychic Energy card from your hand to 1 of your Latios.","[1RP] Dyna Barrier (70)
<br>During your opponent's next turn, prevent all damage done to this Pokémon by attacks from Pokémon VMAX.",,None,1,69.99,69.99,69.99,52.96,,Holofoil,None,,
484446,Giratina VSTAR,Giratina VSTAR,https://tcgplayer-cdn.tcgplayer.com/product/484446_200w.jpg,3,1528,https://cpt.tcgcsv.com/XNT5,2026-01-27T13:31:53.98,1,131/196,Ultra Rare,Dragon,280,VSTAR,"<span style=""color:gold""><strong>VSTAR Power</strong></span>
<br>
[GP] Star Requiem
<br>
You can use this attack only if you have 10. or more cards in the Lost Zone. Your opponent's Active Pokémon is Knocked Out. <em>(You can't use more than 1 VSTAR Power in a game.)</em>","[1GP] Lost Impact (280)
<br>
Put 2 Energy attached to your Pokémon in the Lost Zone.",,,2,,,,,,,,,
484447,Charizard VSTAR,Charizard VSTAR,https://tcgplayer-cdn.tcgplayer.com/product/484447_200w.jpg,3,1528,https://cpt.tcgcsv.com/ZNT5,2026-01-27T13:31:54.043,1,018/172,Ultra Rare,Fire,280,VSTAR,,"[1RR] Explosive Fire (130+)
<br>If this Pokemon has any damage counters on it, this attack does 100 more damage.","<span style=""color:Gold"">[1RRR] Star Blaze (320)</strong>
<br>Discard 2 Energy from this Pokemon. <em>(You can't use more than 1 <strong>VSTAR</strong> Power in a game.)</em>",Wx2,2,,,,,,,None,,
484449,Lugia VSTAR,Lugia VSTAR,https://tcgplayer-cdn.tcgplayer.com/product/484449_200w.jpg,3,1528,https://cpt.tcgcsv.com/_NT5,2026-01-27T13:31:54.11,1,139/195,Ultra Rare,Colorless,280,VSTAR,"<span style=""color:gold""><strong>VSTAR Power</strong></span>
<br>
<strong>Ability — Summoning Star</strong>
<br>
During your turn, youmay put up to 2 Colorless Pokémon that don't have a Rule Box from your discard pile onto your Bench. <em>(Pokémon V, Pokémon-GX, etc. have Rule Boxes.) (You can't use more than 1 VSTAR Power in a game.)</em>
<br><br>
<em>VSTAR rule — When your Pokémon VSTAR is Knocked Out, your opponent takes 2 Prize cards.</em>","[4] Tempest Dive (220)
<br>
You may discard a Stadium in play.",,Lx2,2,,,,,,,F-30,,
487439,Mimikyu ex,Mimikyu ex,https://tcgplayer-cdn.tcgplayer.com/product/487439_200w.jpg,3,1528,https://cpt.tcgcsv.com/P-V5,2024-10-19T22:42:19.307,1,004,Promo,Psychic,190,Basic,,"[P] Void Return (30)
<br>You may switch this Pokémon with 1 of your Benched Pokémon.","[P2] Energy Burst (30x)
<br>This attack does 30 damage for each Energy attached to both Active Pokémon.",Mx2,1,2.97,4.66,10.0,4.48,,Holofoil,,,
491634,Pikachu V - 043/185 (Vivid Voltage Stamped),Pikachu V 043 185 Vivid Voltage Stamped,https://tcgplayer-cdn.tcgplayer.com/product/491634_200w.jpg,3,1528,https://cpt.tcgcsv.com/JGX5,2026-01-27T13:31:54.173,1,043/185,Promo,Lightning,190,Basic,,"[L] Charge
<br>Search your deck for up to 2 Lightning Energy cards and attach them to this Pokémon. Then, shuffle your deck.","[1LL] Thunderbolt (200)
<br>Discard all Energy from this Pokémon.",Fx2,1,20.0,20.0,20.0,20.0,,Holofoil,None,,
497721,Cyclizar ex,Cyclizar ex,https://tcgplayer-cdn.tcgplayer.com/product/497721_200w.jpg,3,1528,https://cpt.tcgcsv.com/r6_5,2023-10-10T12:30:22.673,1,018,Promo,Normal,210,Basic,,"[1] Power Run (30)
<br>Search your deck for a Basic Energy card and attach it to this Pokémon. Then, shuffle your deck.","[3] Full Throttle (180)
<br>During your next turn, this Pokémon can't attack.",Fx2,1,0.5,1.05,9.95,0.99,,Holofoil,None,,
506006,Lugia V - SWSH301,Lugia V SWSH301,https://tcgplayer-cdn.tcgplayer.com/product/506006_200w.jpg,3,1528,https://cpt.tcgcsv.com/8q36,2023-08-04T04:03:48.277,1,SWSH301,Promo,Colorless,220,Basic,,"[1] Read the Wind
<br>Discard a card from your hand. If you do, draw 3 cards.","[4] Aero Dive (130)
<br>You may discard a Stadium in play.",Lx2,2,1.75,4.45,6.66,4.54,,Holofoil,F-30,,
520722,Zapdos ex - 049,Zapdos ex 049,https://tcgplayer-cdn.tcgplayer.com/product/520722_200w.jpg,3,1528,https://cpt.tcgcsv.com/sjb6,2023-10-11T14:09:35.397,1,049,Promo,Lightning,200,Basic,"<strong>Ability — Voltaic Float</strong>
<br>If this Pokemon has any L Energy attached, it has no Retreat Cost.","[LLL] Multishot Lightning (120)
<br>This attack also does 90 damage to 1 of your opponent's Benched Pokemon that has any damage counters on it. <em>(Don't apply Weakness and Resistance for Benched Pokemon.)</em>",,Lx2,2,0.29,1.24,10.0,1.24,,Holofoil,F-30,,
529857,Roaring Moon ex - 067,Roaring Moon ex 067,https://tcgplayer-cdn.tcgplayer.com/product/529857_200w.jpg,3,1528,https://cpt.tcgcsv.com/9Zf6,2024-10-01T18:58:21.31,1,067,Promo,Darkness,230,Basic,,"[1DD] Frenzied Gouging
<br> Knock Out your opponent’s Active Pokémon. If your opponent’s Active Pokémon is Knocked Out in this way, this Pokémon does 200 damage to itself.","[1DD] Calamity Storm (100+)
<br>You may discard a Stadium in play. If you do, this attack does 120 more damage.",Gx2,2,1.0,2.02,7.99,1.88,,Holofoil,None,,
531864,Iron Valiant ex - 068,Iron Valiant ex 068,https://tcgplayer-cdn.tcgplayer.com/product/531864_200w.jpg,3,1528,https://cpt.tcgcsv.com/jMg6,2026-01-27T13:31:54.233,1,068,Promo,Psychic,220,Basic,"<strong>Ability — Tachyon Bits</strong>
<br>Once during your turn, when this Pokémon moves from your Bench to the Active Spot, you may put 2 damage counters on 1 of your opponent’s Pokémon.","[1PP] Laser Blade (200)
<br>During your next turn, this Pokémon can’t attack.",,Mx2,2,0.76,1.05,5.0,1.05,,Holofoil,None,,
537592,Lucario V - 078/189,Lucario V 078 189,https://tcgplayer-cdn.tcgplayer.com/product/537592_200w.jpg,3,1528,https://cpt.tcgcsv.com/S2k6,2024-02-05T11:30:12.8,0,078/189,Ultra Rare,Fighting,210,Basic,,"[2] Crushing Punch (50)
<br>Discard a Special Energy from your opponent's Active Pokémon.",[2F] Cyclone Kick (120),Px2,2,0.5,0.99,5.0,0.96,,Holofoil,None,,
537976,Skeledirge ex - 081,Skeledirge ex 081,https://tcgplayer-cdn.tcgplayer.com/product/537976_200w.jpg,3,1528,https://cpt.tcgcsv.com/xck6,2024-02-08T22:27:22.44,0,081,Promo,Fire,340,Stage 2,,"[R] Vitality Song (50)
<br>Heal 30 damage from each of your Pokemon.","[RR] Burning Voice (270-)
<br>This attack does 10 less damage for each damage counter on this Pokemon.",Wx2,3,0.5,1.45,5.99,1.28,,Holofoil,None,,
537977,Quaquaval ex - 084,Quaquaval ex 084,https://tcgplayer-cdn.tcgplayer.com/product/537977_200w.jpg,3,1528,https://cpt.tcgcsv.com/zck6,2024-02-08T22:27:46.187,0,084,Promo,Water,320,Stage 2,,"[W] Exciting Dance (60)
<br>Switch this Pokemon with 1 of your Benched Pokemon, then your opponent switches their Active Pokemon with 1 of their Benched Pokemon.","[1W] Spiral Shot (230)
<br>Put 2 Energy from this Pokemon into your hand.",Lx2,2,0.25,1.51,5.56,1.51,,Holofoil,None,,
537979,Meowscarada ex - 078,Meowscarada ex 078,https://tcgplayer-cdn.tcgplayer.com/product/537979_200w.jpg,3,1528,https://cpt.tcgcsv.com/Cck6,2024-02-08T22:31:12.467,0,078,Promo,Grass,310,Stage 2,"<strong>Ability — Magic Bouquet</strong>
<br>You must discard a [G] Energy card from your hand in order to use this Ability. Once during your turn, you may choose 1 of your opponent’s Benched Pokemon and put 3 damage counters on it.","[2] Scratching Nails (100+)
<br>If your opponent’s Active Pokemon already has any damage counters on it, this attack does 120 more damage.",,Fx2,2,1.71,2.6,6.97,2.6,,Holofoil,None,,
542981,Blastoise EX - XY122,Blastoise EX XY122,https://tcgplayer-cdn.tcgplayer.com/product/542981_200w.jpg,3,1528,https://cpt.tcgcsv.com/Fcm6,2024-03-12T17:14:22.31,1,XY122,Promo,Water,180,Basic,,"[2] Rapid Spin (30)
<br>Switch this Pokemon with 1 of your Benched Pokemon. Then, your opponent switches his or her Active Pokemon with 1 of his or her Benched Pokemon.","[WWW] Splash Bomb (120)
<br>Flip a coin. If tails, this Pokemon does 30 damage to itself.",Gx2,3,,,,,,,None,,
543638,Mabosstiff ex - Jumbo Card,Mabosstiff ex Jumbo Card,https://tcgplayer-cdn.tcgplayer.com/product/543638_200w.jpg,3,1528,https://cpt.tcgcsv.com/Nsm6,2026-01-27T13:31:54.307,1,086,Promo,Darkness,260,Stage 1,"<em>Pokémon ex rule</em> — When your Pokémon ex is Knocked Out, your opponent takes 2 Prize cards.","[2] Daunt (30)
<br>
During your opponent's next turn, attacks used by the Defending Pokémon do 50 less damage <em>(before applying Weakness and Resistance)</em>.","[2D] Proud Fangs (100+)
<br>
If your Benched Pokémon have any damage counters on them, this attack does 120 more damage.",Gx2,3,0.26,1.39,6.65,1.2,,Holofoil,,,
545663,Lugia ex - 017/034,Lugia ex 017 034,https://tcgplayer-cdn.tcgplayer.com/product/545663_200w.jpg,3,1528,https://cpt.tcgcsv.com/hhn6,2026-01-27T13:31:54.357,1,017/034,Classic Collection,Colorless,230,Basic,,"[2] Rising Wind (30)
<br>Search your deck for a Basic Energy card and attach it to this Pokemon. Then, shuffle your deck.","[4] Aero Break (200)
<br>This Pokemon also does 30 damage to itself.",Lx2,2,0.59,1.08,15.0,1.09,,Holofoil,F-30,,
548540,Grafaiai ex - 100 (SV: Scarlet & Violet Promo Cards),Grafaiai ex 100 SV Scarlet and Violet Promo Cards,https://tcgplayer-cdn.tcgplayer.com/product/548540_200w.jpg,3,1528,https://cpt.tcgcsv.com/Qqp6,2026-01-27T13:31:54.42,1,100,Promo,Colorless,250,Stage 1,,"[1] Numbing Saliva (30)
<br>Flip a coin. If heads, your opponent's Active Pokémon is now Paralyzed.","[3] Toxic Throw (180)
<br>Your opponent's Active Pokémon is now Poisoned. During your next turn, this Pokémon can't use Toxic Throw.",Fx2,1,0.6,1.79,5.49,1.5,,Holofoil,None,,
560085,Palafin ex - 126,Palafin ex 126,https://tcgplayer-cdn.tcgplayer.com/product/560085_200w.jpg,3,1528,https://cpt.tcgcsv.com/K2v6,2024-07-22T14:26:39.467,1,126,Promo,Water,340,Stage 1,"<strong>Ability — Hero's Spirit</strong>
<br>Put this Pokémon into play only with the effect of Palafin’s Zero to Hero Ability.","[W] Giga Impact (250)
<br>During your next turn, this Pokémon can’t attack.",,Lx2,2,0.75,1.57,5.99,1.46,,Holofoil,None,,
560469,Rayquaza - XY64,Rayquaza XY64,https://tcgplayer-cdn.tcgplayer.com/product/560469_200w.jpg,3,1528,https://cpt.tcgcsv.com/pcv6,2024-07-22T12:41:00.18,1,XY64,Promo,Dragon,120,Basic,"<strong>Ability - Ozone Wall</strong>
<br>As long as this Pokemon is on your Bench, prevent all damage done to this Pokemon by attacks <em>(both your and your opponent's)</em>.","[1RRL] Dragon Pulse (130)
<br>Discard the top 3 cards of your deck.",,Yx2,3,,,,,,,None,,
564282,Garchomp ex - 038/182,Garchomp ex 038 182,https://tcgplayer-cdn.tcgplayer.com/product/564282_200w.jpg,3,1528,https://cpt.tcgcsv.com/GKw6,2026-01-27T13:31:54.467,1,038/182,Promo,Water,320,Stage 2,,"[F] Hydro Lander (160)
<br>Attach up to 3 Basic F Energy from your discard pile to your Benched Pokémon in any way you like.","[2] Sonic Dive
<br>Discard 2 Energy from this Pokémon. This attack does 120 damage to 1 of your opponent's Pokémon. (Don't apply Weakness and Resistance for Benched Pokémon.)",Lx2,0,,,,,,,None,,
564283,Iron Crown ex - 081/162,Iron Crown ex 081 162,https://tcgplayer-cdn.tcgplayer.com/product/564283_200w.jpg,3,1528,https://cpt.tcgcsv.com/HKw6,2025-02-14T12:20:32.583,1,081/162,Promo,Psychic,220,Basic,"<strong>Ability—Cobalt Command</strong><br>
Your Future Pokémon’s attacks, except any Iron Crown ex, do 20 more damage to your opponent’s Active Pokémon (before applying Weakness and Resistance).","[P][C][C] Twin Shotels
This attack does 50 damage to 2 of your opponent's Pokémon. This attack's damage isn't affected by Weakness or Resistance, or by any effects on those Pokémon.",,Dx2,2,9.5,10.0,12.69,10.78,,Holofoil,F-30,,
564284,Raging Bolt ex - 123/162,Raging Bolt ex 123 162,https://tcgplayer-cdn.tcgplayer.com/product/564284_200w.jpg,3,1528,https://cpt.tcgcsv.com/JKw6,2026-01-27T13:31:54.533,1,123/162,Promo,Dragon,240,Basic,,"[C] Bursting Roar
Discard your hand and draw 6 cards.","[L][F] Bellowing Thunder (70x) 
You may discard any amount of Basic Energy from your Pokémon. This attack does 70 damage for each card you discarded in this way.",None,3,5.0,5.99,21.0,5.4,,Holofoil,None,,
564470,Banette ex - 088/198,Banette ex 088 198,https://tcgplayer-cdn.tcgplayer.com/product/564470_200w.jpg,3,1528,https://cpt.tcgcsv.com/qPw6,2026-01-27T13:31:54.6,1,088/198,Double Rare,Psychic,250,Stage 1,,"[P] Eternal Darkness (30)
<br>Your opponent can’t play Item cards from their hand during their next turn.","[1P] Poltergeist
<br>Look at your opponent’s hand. This attack does 60 damage for each Trainer card in your opponent’s hand.",Dx2,2,2.0,2.7,3.51,2.7,,Holofoil,F-30,,
576949,Rayquaza V 100/159,Rayquaza V 100 159,https://tcgplayer-cdn.tcgplayer.com/product/576949_200w.jpg,3,1528,https://cpt.tcgcsv.com/_ND6,2025-10-31T18:35:01.78,1,100/159,Ultra Rare,Dragon,210,Basic,,"[L] Dragon Pulse (40)
<br>Discard the top 2 cards of your deck.","[RL] Spiral Burst (20+)
<br>You may discard up to 2 basic Fire Energy or up to 2 basic Lightning Energy from this Pokémon. This attack does 80 more damage for each card you discarded in this way.",None,2,0.01,1.36,10.0,1.3,,Normal,None,,
580786,Oinkologne ex - 158/198,Oinkologne ex 158 198,https://tcgplayer-cdn.tcgplayer.com/product/580786_200w.jpg,3,1528,https://cpt.tcgcsv.com/LkG6,2026-01-27T13:31:54.663,1,158/198,Double Rare,Colorless,260,Stage 1,,"[1] Fragrance Fury (10+)
<br>This attack does 30 more damage for each of your opponent’s Benched Pokemon.","[3] Heavy Stamp (210)
<br>Flip a coin. If heads, this Pokemon can’t attack during your next turn.",Fx2,2,2.2,2.32,3.0,2.23,,Holofoil,None,,
581987,Charizard ex - 125/197,Charizard ex 125 197,https://tcgplayer-cdn.tcgplayer.com/product/581987_200w.jpg,3,1528,https://cpt.tcgcsv.com/MPG6,2026-01-27T13:31:54.71,1,125/197,Double Rare,Darkness,330,Stage 2,"Tera: As long as this Pokemon is on your Bench, prevent all damage done to this Pokemon by attacks (both yours and your opponent’s).
<br><br>
<strong>Ability — Infernal Reign</strong>
<br>When you play this card from your hand to evolve a Pokemon during your turn, you may search your deck for up to 3 Basic [R] Energy cards and attach them to your Pokemon in any way you like. Then, shuffle your deck.","[RR] Burning Darkness (180+)
<br>This attack does 30 more damage for each Prize card your opponent has taken.",,Gx2,2,,,,,,,None,,
584511,Jirachi V - 299,Jirachi V 299,https://tcgplayer-cdn.tcgplayer.com/product/584511_200w.jpg,3,1528,https://cpt.tcgcsv.com/fQH6,2026-01-27T13:31:54.77,1,SWSH299,Promo,Psychic,180,Basic,"Ability — Wish Connector
<br>When 1 of your Basic Pokémon V is Knocked Out by damage from an opponent's attack, you may move a basic Energy card from that Pokémon to another of your Pokémon.","[1P] Hypnostrike (60)
<br>Both Active Pokemon are no Asleep.",,Dx2,1,2.0,2.73,7.98,2.6,,Normal,F-30,,
587370,Chien-Pao ex - 061/193,Chien Pao ex 061 193,https://tcgplayer-cdn.tcgplayer.com/product/587370_200w.jpg,3,1528,https://cpt.tcgcsv.com/qZJ6,2026-01-27T13:31:54.85,1,061/193,Double Rare,Water,220,Basic,"Ability — Shivery Chill
<br>Once during your turn, if this Pokemon is in the Active Spot, you may search your deck for up to 2 Basic W Energy cards, reveal them, and put them into your hand. Then, shuffle your deck.","[WW] Hail Blade (60X)
<br>You may discard any amount of W Energy from your Pokemon. This attack does 60 damage for each card you discarded this way.",,Mx2,2,95.0,95.0,95.0,,,Holofoil,None,,
594779,Terapagos ex - 128/142,Terapagos ex 128 142,https://tcgplayer-cdn.tcgplayer.com/product/594779_200w.jpg,3,1528,https://cpt.tcgcsv.com/CWM6,2026-01-27T13:31:54.913,1,128/142,Double Rare,Colorless,230,Basic,,"[CC] Unified Beatdown (30x)<br> If you go second, you can't use this attack during your first turn. This attack does 30 damage for each of your Benched Pokémon.","[GWL] Crown Opal (180)<br> During your opponent's next turn, prevent all damage done to this Pokémon by attacks from Basic non-Colorless Pokémon.",Fx2,2,36.0,36.0,36.0,,,Holofoil,None,,
595035,Terapagos & Friends,Terapagos and Friends,https://tcgplayer-cdn.tcgplayer.com/product/595035_200w.jpg,3,1528,https://cpt.tcgcsv.com/K0N6,2026-01-27T13:31:54.99,1,,Promo,Normal,90,Basic,,"[4] A Grand Aventure with Friends (100x)
<br>This attack does 100 damage for each of your Pokémon in play.",,F x2,2,3.5,4.0,96.95,4.1,5.99,Holofoil,,,
595474,Bloodmoon Ursaluna ex - 177,Bloodmoon Ursaluna ex 177,https://tcgplayer-cdn.tcgplayer.com/product/595474_200w.jpg,3,1528,https://cpt.tcgcsv.com/vcN6,2026-01-27T13:31:55.057,1,141/167,Double Rare,Colorless,260,Basic,<Strong> Ability — Seasoned Skill </strong> <br> Blood Moon used by this Pokémon costs 1 Colorless less for each Prize card your opponent has taken.,"[CCCCC] Blood Moon (240)
duringyour next turn, this Pokémon can't attack.",,Fx2,3,0.75,1.18,5.99,1.19,,Holofoil,None,,
596423,Houndstone ex - 162,Houndstone ex 162,https://tcgplayer-cdn.tcgplayer.com/product/596423_200w.jpg,3,1528,https://cpt.tcgcsv.com/tBN6,2026-01-27T13:31:55.13,1,162,Promo,Psychic,260,Stage 1,,"[P][2] Horrifying Fang (100+)
<br>During your opponent’s next turn, the Defending Pokemon can’t retreat.",,Dx2,3,0.5,1.01,199.0,1.02,,Holofoil,F-30,,
599657,Miraidon ex (Unnumbered),Miraidon ex Unnumbered,https://tcgplayer-cdn.tcgplayer.com/product/599657_200w.jpg,3,1528,https://cpt.tcgcsv.com/9TP6,2024-11-24T19:41:45.527,0,,Promo,Lightning,220,Basic,"<strong>Ability — Tandem Unit</strong>
<br>
Once during your turn, you may search your deck for up to 2 Basic Lightning Pokémon and put them onto your Bench. Then, shuffle your deck.
<br><br>
<em>Pokémon ex rule — When a Pokémon ex has been Knocked Out, your opponent takes 2 Prize cards.</em>","[] Photon Blaster (220)
<br>
During your next turn, this Pokémon can't attack.",,Fx2,1,1.75,4.01,5.99,3.09,,Holofoil,,,
599671,Decidueye GX - 12/149 (Decidueye GX Challenge Box),Decidueye GX 12 149 Decidueye GX Challenge Box,https://tcgplayer-cdn.tcgplayer.com/product/599671_200w.jpg,3,1528,https://cpt.tcgcsv.com/rTP6,2024-12-02T13:06:37.163,1,12/149,Promo,Grass,240,Stage 2,"<b>Ability — Feather Arrow</b>
<br>Once during your turn <em>(before your attack)</em>, you may put 2 damage counters on 1 of your opponent's Pokemon.",[2G] Razor Leaf (90),"<b><font color=""teal"">[G] Hollow Hunt GX</b>
<br>Put 3 cards from your discard pile into your hand. <i>(You can't use more than 1 GX attack in a game.)</i></font>",Rx2,2,,,,,,,None,,
599965,Luxray ex - 068/167 (Meddling Sparks Premium Collection),Luxray ex 068 167 Meddling Sparks Premium Collection,https://tcgplayer-cdn.tcgplayer.com/product/599965_200w.jpg,3,1528,https://cpt.tcgcsv.com/k_P6,2024-12-02T15:50:31.34,1,068/167,Promo,Lightning,310,Stage 2,,"[CC] PiercingGaze (120)
Your opponent reveals their hand. Discard a card you find there.","[LL] Volt Strike (250)
Discard all Energy from this Pokémon.",Fx2,1,1.0,3.24,9.97,3.17,,Holofoil,None,,
602875,Decidueye ex - 015/197,Decidueye ex 015 197,https://tcgplayer-cdn.tcgplayer.com/product/602875_200w.jpg,3,1528,https://cpt.tcgcsv.com/w9R6,2026-01-27T13:31:55.21,1,015/197,Double Rare,Grass,320,Stage 2,"<strong>Ability — Total Freedom</strong>
<br>Once during your turn, you may use this Ability. If this Pokémon is on your Bench, you may switch it with your Active Pokémon. If this Pokémon is in the Active Spot, you may switch it with 1 of your Benched Pokémon.","[G][1] Hunting Arrow (130)
<br>This attack does 30 damage to 1 of your opponent’s Benched Pokemon.",,Rx2,2,14.99,14.99,14.99,29.95,,Holofoil,,,
605497,Zacian V - 095/159,Zacian V 095 159,https://tcgplayer-cdn.tcgplayer.com/product/605497_200w.jpg,3,1528,https://cpt.tcgcsv.com/ZcS6,2024-12-18T18:50:20.973,1,095/159,Ultra Rare,Metal,220,Basic,,"[M] Piercing Strike (40)
<br>This attack's damage isn't affected by Weakness or Resistance, or by any effects on your opponent's Active Pokémon.","[1MM] Behemoth Blade (100+)
<br>If your opponent's Active Pokémon is a Pokémon VMAX, this attack does 160 more damage.",Rx2,2,0.92,1.26,5.99,1.06,,Holofoil,G-30,,
618764,Blastoise ex - 009/165,Blastoise ex 009 165,https://tcgplayer-cdn.tcgplayer.com/product/618764_200w.jpg,3,1528,https://cpt.tcgcsv.com/jwZ6,2026-01-27T13:31:55.273,1,009/165,Double Rare,Water,330,Stage 2,"<strong>Ability — Solid Shell</strong>
<br>This Pokemon takes 30 less damage from attacks <em>(after applying Weakness and Resistance).</em>","[WW] Twin Cannons (140x)
<br>Discard up to 2 Basic W Energy cards from your hand. This attack does 140 damage for each card you discarded in this way.",,Lx2,3,0.79,1.97,11.62,2.24,,Holofoil,None,,
618848,Zygarde EX - 54/124,Zygarde EX 54 124,https://tcgplayer-cdn.tcgplayer.com/product/618848_200w.jpg,3,1528,https://cpt.tcgcsv.com/-xZ6,2025-02-18T21:18:24.3,1,054/124,Promo,Fighting,190,Basic,"<em>Pokémon-EX rule — When a Pokémon-EX has been Knocked Out, your opponent takes 2 Prize cards.</em>","[F] Land's Pulse (20+)
<br>
If there is any Stadium card in play, this attack does 20 more damage.","[1F] Cell Storm (60)
<br>
Heal 30 damage from this Pokémon.",Gx2,3,,,,,,,,[1FF] Land's Wrath (100),
625633,Hop's Zacian ex - SVP193,Hops Zacian ex SVP193,https://tcgplayer-cdn.tcgplayer.com/product/625633_200w.jpg,3,1528,https://cpt.tcgcsv.com/Hg07,2026-01-27T13:31:55.32,1,SVP193,Double Rare,Metal,230,Basic,,"[1] Insta-Strike (30)
<br>This attack also does 30 damage to 1 of your opponent’s Benched Pokémon. (Don’t apply Weakness and Resistance for Benched Pokémon.)","[1MMM] Brave Slash (240)
<br>During your next turn, this Pokémon can’t use Brave Slash.",Rx2,2,0.54,1.02,8.68,0.96,,Holofoil,G-30,,
639951,Team Rocket's Mewtwo ex,Team Rockets Mewtwo ex,https://tcgplayer-cdn.tcgplayer.com/product/639951_200w.jpg,3,1528,https://cpt.tcgcsv.com/2_77,2026-01-27T13:31:55.383,1,205,Promo,Psychic,280,Basic,<strong>Ability: Power Saver</strong> This Pokémon can't attack unless you have 4 or more Team Rocket's Pokémon in play.,[PPC] Erasure Ball (160+)<br> You may discard up to 2 Energy from your Benched Pokémon. This attack does 60 more damage for each card you discarded in this way.,,Dx2,3,1.54,2.81,200.0,2.86,,Holofoil,F-30,,
641615,Charizard ex -196,Charizard ex 196,https://tcgplayer-cdn.tcgplayer.com/product/641615_200w.jpg,3,1528,https://cpt.tcgcsv.com/kG87,2026-01-27T13:31:55.43,1,196,Promo,Darkness,330,Stage 2,"Tera: As long as this Pokemon is on your Bench, prevent all damage done to this Pokemon by attacks (both yours and your opponent’s).
<br><br>
<strong>Ability — Infernal Reign</strong>
<br>When you play this card from your hand to evolve a Pokemon during your turn, you may search your deck for up to 3 Basic [R] Energy cards and attach them to your Pokemon in any way you like. Then, shuffle your deck.","[RR] Burning Darkness (180+)
<br>This attack does 30 more damage for each Prize card your opponent has taken.",,Gx2,2,3.0,5.8,12.0,5.66,,Normal,None,,
646170,Victini - 208,Victini 208,https://tcgplayer-cdn.tcgplayer.com/product/646170_200w.jpg,3,1528,https://cpt.tcgcsv.com/qtb7,2026-02-23T17:46:44.317,1,208,Promo,Fire,80,Basic,,"[RR] V-Force (120)<br> If you have 4 or fewer Benched Pokémon, this attack does nothing.",,Wx2,1,0.99,1.89,11.36,1.78,,Holofoil,,,
648459,Hearthflame Mask Ogerpon ex (Twilight Masquerade Stamp),Hearthflame Mask Ogerpon ex Twilight Masquerade Stamp,https://tcgplayer-cdn.tcgplayer.com/product/648459_200w.jpg,3,1528,https://cpt.tcgcsv.com/cpc7,2026-01-27T13:31:55.557,1,040/167,Double Rare,Fire,210,Basic,,"[RCC] Wrathful Hearth (20x)
This attack does 20 damage for each damage counter on this Pokémon.","[RRR] Dynamic Blaze (140+)
If your opponent's Active Pokémon is an Evolution Pokémon, this attack does 140 more damage, and discard all Energy from this Pokémon.",Wx2,1,1.67,2.0,8.77,1.96,,Holofoil,None,,
648584,Venusaur ex,Venusaur ex,https://tcgplayer-cdn.tcgplayer.com/product/648584_200w.jpg,3,1528,https://cpt.tcgcsv.com/Jrc7,2026-01-27T13:31:55.617,1,001/142,Double Rare,Grass,340,Stage 2,"<strong>Ability: Tranquil Flower</strong> Once during your turn, if this Pokémon is in the Active Spot, you may heal 60 damage from 1 of your Pokémon.",[GGC] Dangerous Toxwhip (150)<br> Your opponent's Active Pokémon is now Confused and Poisoned.,,Rx2,4,2.99,3.99,10.99,3.12,,Holofoil,None,,
650725,Koraidon ex (Unnumbered),Koraidon ex Unnumbered,https://tcgplayer-cdn.tcgplayer.com/product/650725_200w.jpg,3,1528,https://cpt.tcgcsv.com/wjd7,2025-08-22T16:25:34.94,0,,Promo,Fighting,230,Basic,"<strong>Ability — Dino Cry</strong>
<br>
Once during your turn, you may attach up to 2 Basic Fighting Energy cards from your discard pile to your Basic Fighting Pokémon in any way you like. If you use this ability, your turn ends.
<br><br>
<em>Pokémon ex rule — When a Pokémon ex has been Knocked Out, your opponent takes 2 Prize cards.</em>","Wild Impact (220)
<br>During your next turn, this Pokémon can't attack.",,None,0,4.18,4.29,4.39,4.18,,Holofoil,None,,
651982,Blaziken ex,Blaziken ex,https://tcgplayer-cdn.tcgplayer.com/product/651982_200w.jpg,3,1528,https://cpt.tcgcsv.com/GPd7,2026-01-27T13:31:55.68,1,024/159,Double Rare,Fire,320,Stage 2,"<strong>Ability — Seething Spirit</strong>
<br>
<br>Once during your turn, you may attach a Basic Energy card from your discard pile to 1 of your Pokémon.","[1R] Smolder-sault (200)
<br>During your next turn, this Pokémon can’t attack.",,Wx2,2,7.0,8.16,10.2,8.16,,Holofoil,,,
652029,Charizard ex - 054/091,Charizard ex 054 091,https://tcgplayer-cdn.tcgplayer.com/product/652029_200w.jpg,3,1528,https://cpt.tcgcsv.com/CQd7,2026-01-27T13:31:55.743,1,054/091,Double Rare,Darkness,330,Stage 2,"Tera: As long as this Pokemon is on your Bench, prevent all damage done to this Pokemon by attacks (both yours and your opponent’s).
<br><br>
<strong>Ability — Infernal Reign</strong>
<br>When you play this card from your hand to evolve a Pokemon during your turn, you may search your deck for up to 3 Basic [R] Energy cards and attach them to your Pokemon in any way you like. Then, shuffle your deck.","[RR] Burning Darkness (180+)
<br>This attack does 30 more damage for each Prize card your opponent has taken.",,Gx2,2,4.35,6.15,29.0,5.86,,Holofoil,None,,
654780,Lucario ex (Prismatic Evolutions Stamp),Lucario ex Prismatic Evolutions Stamp,https://tcgplayer-cdn.tcgplayer.com/product/654780_200w.jpg,3,1528,https://cpt.tcgcsv.com/DWf7,2026-01-27T13:31:55.8,1,051/131,Promo,Fighting,260,Stage 1,,[F] Aura Uppercut (50),"[FC] Tornado Rush (100)<br> During your next turn, this Pokemon's Tornado Rush attack does 100 more damage <em>(before applying Weakness and Resistance)</em>.",Px2,2,0.53,1.08,8.0,0.98,,Holofoil,,,
657847,Mega Latias ex - 011,Mega Latias ex 011,https://tcgplayer-cdn.tcgplayer.com/product/657847_200w.jpg,3,1528,https://cpt.tcgcsv.com/Z8h7,2026-01-27T13:31:55.86,1,011,Promo,Dragon,280,Basic,,[C] Strafe (40)<br> You may switch this Pokemon with 1 of your Benched Pokemon.,[RPC] Illusory Impulse (300)<br> Discard all Energy from this Pokemon.,,1,0.01,1.07,12.28,1.11,,Holofoil,,,
657883,Lugia ex (Prismatic Evolutions Stamped),Lugia ex Prismatic Evolutions Stamped,https://tcgplayer-cdn.tcgplayer.com/product/657883_200w.jpg,3,1528,https://cpt.tcgcsv.com/H9h7,2026-01-27T13:31:55.937,1,082/131,Double Rare,Colorless,220,Basic,,"[CCC] Hyper Whirlpool (140)<br> Flip a coin until you get tails. For each heads, discard an Energy from your opponent's Active Pokemon.",,Lx2,2,1.85,3.17,7.0,3.02,,Holofoil,F-30,,
660078,Mimikyu ex (Journey Together Stamped),Mimikyu ex Journey Together Stamped,https://tcgplayer-cdn.tcgplayer.com/product/660078_200w.jpg,3,1528,https://cpt.tcgcsv.com/B2j7,2026-01-27T13:31:56,1,069/159,Double Rare,Psychic,190,Basic,,"[1P] Mischievous Hands
<br>Choose 2 of your opponent’s Pokémon and put 3 damage counters on each of them.","[1PP] Ghostly Trip (120)
<br>Your opponent’s Active Pokémon is now Confused.",Dx2,1,2.0,3.81,5.0,3.81,,Holofoil,F-30,,
662000,Salamence ex - 114/159,Salamence ex 114 159,https://tcgplayer-cdn.tcgplayer.com/product/662000_200w.jpg,3,1528,https://cpt.tcgcsv.com/0Qj7,2026-01-27T13:31:56.067,1,114/159,Double Rare,Dragon,320,Stage 2,,"[2R] Wide Blast
<br> This attack does 50 damage to each of your opponent’s Benched Pokémon. <em>(Don’t apply Weakness and Resistance for Benched Pokémon.)
</em>","[2RW] Dragon Impact (300)
<br>Discard 2 Energy from this Pokémon.",,2,0.69,1.14,5.99,1.1,,Holofoil,,,
663178,Mega Lucario ex - 012,Mega Lucario ex 012,https://tcgplayer-cdn.tcgplayer.com/product/663178_200w.jpg,3,1528,https://cpt.tcgcsv.com/Bhk7,2026-01-27T13:31:56.133,1,012,Promo,Fighting,340,Stage 1,,[F] Aura Jab (130)<br> Attach up to 3 Basic Fighting Energy cards from your discard pile to your Benched Pokemon in any way you like.,"[FF] Mega Brave (270)<br> During your next turn, this Pokemon can't use Mega Brave.",Px2,2,0.49,2.4,7.0,2.36,,Holofoil,,,
663406,Snorlax ex (Prismatic Evolution Stamped),Snorlax ex Prismatic Evolution Stamped,https://tcgplayer-cdn.tcgplayer.com/product/663406_200w.jpg,3,1528,https://cpt.tcgcsv.com/8nk7,2026-01-27T13:31:56.197,0,076/131,Double Rare,Colorless,260,Basic,,[CCC] Strength (80),[CCCC] Toss-Turn Press (120x)<br> Flip 3 coins. This attack does 120 damage for each heads.,Fx2,4,2.0,3.08,6.99,3.02,,Holofoil,,,
664057,Greninja ex (Stellar Crown Stamped),Greninja ex Stellar Crown Stamped,https://tcgplayer-cdn.tcgplayer.com/product/664057_200w.jpg,3,1528,https://cpt.tcgcsv.com/9Fk7,2026-01-27T13:31:56.257,1,041/142,Double Rare,Water,300,Stage 2,,"[WC] Shifting Shuriken (100+)<br> Flip a coin. If heads, this attack does 100 more damage.",,Lx2,2,0.25,2.0,15.99,1.79,,Holofoil,None,,
664089,Incineroar ex - 034/162,Incineroar ex 034 162,https://tcgplayer-cdn.tcgplayer.com/product/664089_200w.jpg,3,1528,https://cpt.tcgcsv.com/PFk7,2026-01-27T13:31:56.343,1,034/162,Double Rare,Fire,320,Stage 2,"<strong>Ability — Hustle Play</strong><br>
Attacks used by this Pokemon cost C less for each of your opponent's Benched Pokemon.","[R][C][C][C] Blaze Blast (240)
Your opponent's Active Pokemon is now Burned.",,Wx2,2,2.52,2.77,5.99,2.52,,Holofoil,None,,
664137,Reshiram ex (Journey Together Stamped),Reshiram ex Journey Together Stamped,https://tcgplayer-cdn.tcgplayer.com/product/664137_200w.jpg,3,1528,https://cpt.tcgcsv.com/MGk7,2026-01-27T13:31:56.4,0,030/159,Double Rare,Fire,220,Basic,,[R] Fire Wing (40),"[1RR] Scorching Fire (200)
<br>Discard an Energy from this Pokémon.",Wx2,2,0.55,1.49,8.5,1.3,,Holofoil,,,
664142,Black Kyurem ex (Surging Sparks Stamped),Black Kyurem ex Surging Sparks Stamped,https://tcgplayer-cdn.tcgplayer.com/product/664142_200w.jpg,3,1528,https://cpt.tcgcsv.com/SGk7,2026-01-27T13:31:56.463,0,048/191,Double Rare,Water,230,Basic,,"[CCC] Ice Age (90)<br> If your opponent's Active Pokemon is a Dragon Pokemon, it is now Paralyzed.",[WWCC] Black Frost (250)<br> This Pokemon also does 30 damage to itself.,Mx2,3,0.7,1.4,10.0,1.22,,Holofoil,,,
664146,Melmetal ex (Stellar Crown Stamped),Melmetal ex Stellar Crown Stamped,https://tcgplayer-cdn.tcgplayer.com/product/664146_200w.jpg,3,1528,https://cpt.tcgcsv.com/XGk7,2026-01-27T13:31:56.543,0,105/142,Double Rare,Metal,280,Stage 1,,[MMCC] Iron Swing (100x)<br> Flip 2 coins. This attack does 100 damage for each heads.,,Rx2,3,0.5,1.0,7.99,0.96,,Holofoil,G-30,,
664148,Archaludon ex (Surging Sparks Stamped),Archaludon ex Surging Sparks Stamped,https://tcgplayer-cdn.tcgplayer.com/product/664148_200w.jpg,3,1528,https://cpt.tcgcsv.com/-Gk7,2026-01-27T13:31:56.603,0,130/191,Double Rare,Metal,300,Stage 1,"<strong>Ability: Assemble Alloy</strong> When you play this Pokémon from your hand to evolve 1 of your Pokémon during your turn, you may attach up to 2 Basic Metal Energy cards from your discard pile to your Metal Pokémon in any way you like.","[MMM] Metal Defender (220)<br> During your opponent's next turn, this Pokemon has no Weakness.",,Rx2,2,0.95,1.26,10.0,1.15,,Holofoil,G-30,,
664901,Dragapult ex - 073/131,Dragapult ex 073 131,https://tcgplayer-cdn.tcgplayer.com/product/664901_200w.jpg,3,1528,https://cpt.tcgcsv.com/2-k7,2026-01-27T13:31:56.663,1,073/131,Double Rare,Dragon,320,Stage 2,,[C] Jet Headbutt (70),[RP] Phantom Dive (200)<br> Put 6 damage counters on your opponent's Benched Pokemon in any way you like.,,1,2.99,3.55,8.39,3.65,,Holofoil,,,
666593,Great Tusk ex - 072 (Paldean Fates Stamped),Great Tusk ex 072 Paldean Fates Stamped,https://tcgplayer-cdn.tcgplayer.com/product/666593_200w.jpg,3,1528,https://cpt.tcgcsv.com/TFl7,2026-01-27T13:31:56.74,1,072,Promo,Fighting,250,Basic,"<strong>Ability — Quaking Demolition</strong>
<br>Once at the end of your turn (after your attack), if this Pokémon is in the Active Spot, you must discard the top 5 cards of your deck.","[3F] Great Bash (260)
<br>This attack’s damage isn’t affected by any effects on your opponent’s Active Pokémon.",,Px2,4,0.01,2.63,5.99,2.57,,Holofoil,None,,
668464,Mega Venusaur ex - 013,Mega Venusaur ex 013,https://tcgplayer-cdn.tcgplayer.com/product/668464_200w.jpg,3,1528,https://cpt.tcgcsv.com/jpm7,2026-01-27T13:31:56.8,1,013,Promo,Grass,380,Stage 2,"<strong>Ability: Solar Transfer</strong> As often as you like during your turn, you may use this Ability. Move a Basic Grass Energy from 1 of your Pokmon to another of your Pokmon.",[GGGG] Jungle Dump (240)<br> Heal 30 damage from this Pokemon.,,Rx2,4,0.2,1.27,10.99,1.06,,Holofoil,,,
668511,Mega Kangaskhan ex - 025,Mega Kangaskhan ex 025,https://tcgplayer-cdn.tcgplayer.com/product/668511_200w.jpg,3,1528,https://cpt.tcgcsv.com/fqm7,2026-01-27T13:31:56.873,1,025,Promo,Colorless,300,Basic,"<strong>Ability: Run Errand</strong> Once during your turn, if this Pokmon is in the Active Spot, you may use this Ability. Draw 2 cards. You can't use more than 1 Run Errand Ability each turn.",[CCC] Rapid-Fire Combo (200+)<br> Flip a coin until you get tails. This attack does 50 more damage for each heads.,,Fx2,3,0.75,1.55,10.0,1.42,,Holofoil,,,
668961,Kyurem ex (Black Bolt),Kyurem ex Black Bolt,https://tcgplayer-cdn.tcgplayer.com/product/668961_200w.jpg,3,1528,https://cpt.tcgcsv.com/fCm7,2026-01-27T13:23:28.853,0,028/086,Double Rare,Water,230,Basic,,[CC] Slash (50),[WWC] Blizzard Burst (130)<br> This attack also does 10 damage to each of your opponent's Benched Pokémon for each Prize card your opponent has taken. <em>(Don't apply Weakness and Resistance for Benched Pokémon.)</em>,Mx2,2,0.15,1.63,14.99,0.94,,Holofoil,,,
678659,Pikachu at the Museum,Pikachu at the Museum,https://tcgplayer-cdn.tcgplayer.com/product/678659_200w.jpg,3,1528,https://cpt.tcgcsv.com/ctr7,2026-02-13T17:26:54.157,1,,Promo,Electric,70,Basic,,"[1] The Best Collection!
<br>
Search your Pokémon TCG Collection for a Pokémon, reveal it, and put it into your hand.","[LLL] Thunderbolt (100)
<br>
Discard all Energy from this Pokémon.",Fx2,1,71.99,95.99,150.0,89.09,,Normal,,,
