productId,name,cleanName,imageUrl,categoryId,groupId,url,modifiedOn,imageCount,extRarity,extCardType,extCardText,lowPrice,midPrice,highPrice,marketPrice,directLowPrice,subTypeName,extNumber,extHP,extStage,extAttack1,extWeakness,extResistance,extRetreatCost,extAttack2,extAttack3,extAttack4
108625,Water Energy (2007-2008 League Promo),Water Energy 2007 2008 League Promo,https://tcgplayer-cdn.tcgplayer.com/product/108625_200w.jpg,3,1539,https://cpt.tcgcsv.com/wsT,2022-08-24T22:08:24.5,1,Promo,Basic Water Energy,<em>Copyright Date: 2007 Pokémon/Nintendo</em>,9.99,10.55,11.1,8.75,,Holofoil,,,,,,,,,,
108626,Psychic Energy (2007-2008 League Promo),Psychic Energy 2007 2008 League Promo,https://tcgplayer-cdn.tcgplayer.com/product/108626_200w.jpg,3,1539,https://cpt.tcgcsv.com/xsT,2025-11-20T06:09:12.75,1,Promo,Basic Psychic Energy,<em>Copyright Date: 2007 Pokémon/Nintendo</em>,3.1,5.7,9.99,5.53,2.65,Holofoil,,,,,,,,,,
108627,Lightning Energy (2007-2008 League Promo),Lightning Energy 2007 2008 League Promo,https://tcgplayer-cdn.tcgplayer.com/product/108627_200w.jpg,3,1539,https://cpt.tcgcsv.com/zsT,2022-08-23T20:10:46.72,1,Promo,Basic Lightning Energy,<em>Copyright Date - 2007 Pokémon/Nintendo</em>,2.49,8.58,9.99,8.75,5.0,Holofoil,,,,,,,,,,
108628,Grass Energy (2007-2008 League Promo),Grass Energy 2007 2008 League Promo,https://tcgplayer-cdn.tcgplayer.com/product/108628_200w.jpg,3,1539,https://cpt.tcgcsv.com/BsT,2025-11-20T22:37:33.707,1,Promo,Basic Grass Energy,<em>Copyright Date - Nintendo (c) 2007</em>,4.95,9.7,96.95,6.75,5.0,Holofoil,,,,,,,,,,
108629,Fire Energy (2007-2008 League Promo),Fire Energy 2007 2008 League Promo,https://tcgplayer-cdn.tcgplayer.com/product/108629_200w.jpg,3,1539,https://cpt.tcgcsv.com/CsT,2023-08-02T05:20:22.07,1,Promo,Basic Fire Energy,<em>Copyright Date: 2007 Pokémon/Nintendo</em>,9.12,11.99,13.95,7.3,,Holofoil,,,,,,,,,,
116005,Butterfree FB - 17/147 (League Promo),Butterfree FB 17 147 League Promo,https://tcgplayer-cdn.tcgplayer.com/product/116005_200w.jpg,3,1539,https://cpt.tcgcsv.com/7qX,2023-09-19T16:41:59.443,1,Promo,Grass,"<strong>Poké-BODY — Compound Eyes</strong>
<br>
If your opponent's Active Pokémon has any Poké-Bodies, each of Butterfree <em>FB</em>'s attacks does 30 more damage to the Active Pokémon <em>(before applying Weakness and Resistance)</em>.",4.79,5.99,20.97,5.77,5.8,Reverse Holofoil,017/147,90,Basic,"[2G] Select Powder (30)
<br>
Choose either Burned or Poisoned.  The Defending Pokémon is now affected by that Special Condition.",Rx2,F-20,1,,,
119012,Junk Arm - 87/102 (League Promo),Junk Arm 87 102 League Promo,https://tcgplayer-cdn.tcgplayer.com/product/119012_200w.jpg,3,1539,https://cpt.tcgcsv.com/gDZ,2022-09-26T19:56:07.387,1,Promo,Trainer,"Discard 2 cards from your hand. Search your discard pile for a Trainer card, show it to your opponent, and put it into your hand. You can't choose Junk Arm with the effect of this card.",7.99,13.24,19.98,13.7,10.08,Reverse Holofoil,087/102,,,,,,,,,
123183,Judge - 78/95 (League Promo),Judge 78 95 League Promo,https://tcgplayer-cdn.tcgplayer.com/product/123183_200w.jpg,3,1539,https://cpt.tcgcsv.com/Hh_,2022-09-26T19:55:50.29,1,Promo,Supporter,"<em>You can play only one Supporter card each turn. When you play this card, put it next to your Active Pokémon. When your turn ends, discard this card.</em>
<br>
Each player shuffles his or her hand into his or her deck and draws 4 cards.",135.0,135.0,135.0,60.58,,Reverse Holofoil,078/095,,,,,,,,,
123184,Pokemon Communication - 98/123 (League Promo),Pokemon Communication 98 123 League Promo,https://tcgplayer-cdn.tcgplayer.com/product/123184_200w.jpg,3,1539,https://cpt.tcgcsv.com/Jh_,2024-06-09T20:44:24.433,1,Promo,Trainer,"Choose 1 Pokémon in your hand, show it to your opponent, and put it on top of your deck.  If you do, search your deck for a Pokémon, show it to your opponent, and put it into your hand.  Shuffle your deck afterward.",250.0,263.0,276.0,,,Reverse Holofoil,098/123,,,,,,,,,
123185,Professor Oak's New Theory - 101/123 (League Promo),Professor Oaks New Theory 101 123 League Promo,https://tcgplayer-cdn.tcgplayer.com/product/123185_200w.jpg,3,1539,https://cpt.tcgcsv.com/Kh_,2022-08-24T19:49:39.57,1,Promo,Supporter,"<em>You can only play 1 Supporter card each turn. When you play this card, put it next to your Active Pokémon. When your turn ends, discard this card.</em>
<br>Shuffle your hand into your deck. Then, draw 6 cards.",27.64,29.0,34.99,49.95,,Reverse Holofoil,101/123,,,,,,,,,
123186,PlusPower - 112/127 (League Promo),PlusPower 112 127 League Promo,https://tcgplayer-cdn.tcgplayer.com/product/123186_200w.jpg,3,1539,https://cpt.tcgcsv.com/Lh_,2022-08-24T17:32:33.05,1,Promo,Trainer,"Attach PlusPower to 1 of your Pokémon. Discard this card at the end of your turn.
<br>
If the Pokémon PlusPower is attached to attacks, the attack does 10 more damage to the Active Pokémon <em>(before applying Weakness and Resistance)</em>.",12.75,18.0,18.87,7.99,,Reverse Holofoil,112/127,,,,,,,,,
123187,Professor Elm's Training Method - 100/123 (League Promo),Professor Elms Training Method 100 123 League Promo,https://tcgplayer-cdn.tcgplayer.com/product/123187_200w.jpg,3,1539,https://cpt.tcgcsv.com/Mh_,2025-10-27T22:45:21.17,1,Promo,Supporter,"<em>You can play only one Supporter each turn. When you play this card, put it next to your Active Pokémon. When your turn ends, discard this card.</em>
<br>
Search your deck for an Evolution card, show it to your opponent, and put it into your hand.  Shuffle your deck afterward.",5.85,5.99,9.99,5.95,5.99,Reverse Holofoil,100/123,,,,,,,,,
123188,Broken Time-Space - 104/127 (League Promo),Broken Time Space 104 127 League Promo,https://tcgplayer-cdn.tcgplayer.com/product/123188_200w.jpg,3,1539,https://cpt.tcgcsv.com/Nh_,2026-02-25T15:52:17.64,1,Promo,Stadium,"<br>This card stays in play when you play it. Discard this card if another Stadium card comes into play.  If another card with the same name is in play, you can't play this card.</em>
<br>
Each player may evolve a Pokémon that he or she just played or evolved during that turn.",1.49,2.55,5.0,2.25,2.12,Reverse Holofoil,104/127,,,,,,,,,
123189,Lucian's Assignment - 92/111 (League Promo),Lucians Assignment 92 111 League Promo,https://tcgplayer-cdn.tcgplayer.com/product/123189_200w.jpg,3,1539,https://cpt.tcgcsv.com/Ph_,2022-09-26T20:03:22.21,1,Promo,Supporter,"<em>You can play only one Supporter card each turn. When you play this card, put it next to your Active Pokémon. When your turn ends, discard this card.<em>
<br>
Move as many Energy cards attached to 1 of your Pokémon as you like to another of your Pokémon.",3.15,4.25,11.75,4.25,,Reverse Holofoil,092/111,,,,,,,,,
123190,Black Belt - 85/102 (League Promo),Black Belt 85 102 League Promo,https://tcgplayer-cdn.tcgplayer.com/product/123190_200w.jpg,3,1539,https://cpt.tcgcsv.com/Qh_,2025-12-11T03:43:04.597,1,Promo,Supporter,"<em>You can play only one Supporter each turn. When you play this card, put it next to your Active Pokémon. When your turn ends, discard this card.</em>
<br>
You may use this card only if you have more Prize cards left than your opponent.  During this turn, each of your Active Pokémon's attacks does 40 more damage to your opponent's Active Pokémon <em>(before applying Weakness and Resistance)</em>.",5.94,7.97,9.99,7.87,9.99,Reverse Holofoil,085/102,,,,,,,,,
123191,Copycat - 90/123 (League Promo),Copycat 90 123 League Promo,https://tcgplayer-cdn.tcgplayer.com/product/123191_200w.jpg,3,1539,https://cpt.tcgcsv.com/Rh_,2026-02-25T16:27:00.88,1,Promo,Supporter,"<em>You can play only one Supporter each turn. When you play this card, put it next to your Active Pokémon. When your turn ends, discard this card.</em>
<br>
Shuffle your hand into your deck. Then, draw a number of cards equal to the number of cards in your opponent's hand.",1.5,2.22,9999.0,2.25,2.17,Reverse Holofoil,090/123,,,,,,,,,
123192,Felicity's Drawing - 098/106 (League Promo),Felicitys Drawing 098 106 League Promo,https://tcgplayer-cdn.tcgplayer.com/product/123192_200w.jpg,3,1539,https://cpt.tcgcsv.com/Sh_,2022-09-26T19:15:46.363,1,Promo,Supporter,"<em>You can play only one Supporter each turn. When you play this card, put it next to your Active Pokémon. When your turn ends, discard this card.</em>
<br>
Discard up to 2 cards from your hand. If you discard 1 card, draw 3 cards. If you discard 2 cards, draw 4 cards.",1.0,1.98,5.0,1.69,1.58,Reverse Holofoil,98/106,,,,,,,,,
123193,Cynthia's Guidance - 136/147 (League Promo),Cynthias Guidance 136 147 League Promo,https://tcgplayer-cdn.tcgplayer.com/product/123193_200w.jpg,3,1539,https://cpt.tcgcsv.com/Th_,2022-08-16T17:08:47.427,1,Promo,Supporter,"<em>You can only play one Supporter card each turn. When you play this card, put it next to your Active Pokémon. When your turn ends, discard this card.</em>
<br>
Look at the top 7 cards of your deck, choose 1 of them, and put it into your hand. Put the other cards back on top of your deck. Shuffle your deck afterward.",45.0,45.0,45.0,31.19,,Reverse Holofoil,136/147,,,,,,,,,
123194,Bebe's Search - 89/111 (League Promo),Bebes Search 89 111 League Promo,https://tcgplayer-cdn.tcgplayer.com/product/123194_200w.jpg,3,1539,https://cpt.tcgcsv.com/Vh_,2022-09-26T18:56:12.313,1,Promo,Supporter,"<em>You can play only one Supporter card each turn. When you play this card, put it next to your Active Pokémon. When your turn ends, discard this card.</em>
<br>
Choose a card from your hand and put it on top of your deck. Search your deck for a Pokémon, show it to your opponent, and put it into your hand. Shuffle your deck afterward. (If this is the only card in your hand, you can't play this card.)",1.63,2.21,3.49,1.89,1.99,Reverse Holofoil,089/111,,,,,,,,,
125562,Fighting Energy (2007-2008 League Promo),Fighting Energy 2007 2008 League Promo,https://tcgplayer-cdn.tcgplayer.com/product/125562_200w.jpg,3,1539,https://cpt.tcgcsv.com/gf02,2025-11-21T14:09:55.093,1,Promo,Basic Fighting Energy,<em>Copyright Date - Nintendo (c) 2007</em>,0.31,1.95,5.34,1.59,0.99,Reverse Holofoil,,,,,,,,,,
125567,Rainbow Energy (WotC League Promo),Rainbow Energy WotC League Promo,https://tcgplayer-cdn.tcgplayer.com/product/125567_200w.jpg,3,1539,https://cpt.tcgcsv.com/mf02,2026-02-17T15:43:53.897,1,Promo,Special Rainbow Energy,,6.99,10.84,12.99,7.89,6.99,Holofoil,,,,,,,,,,
125568,Fighting Energy (WotC 2002 League Promo),Fighting Energy WotC 2002 League Promo,https://tcgplayer-cdn.tcgplayer.com/product/125568_200w.jpg,3,1539,https://cpt.tcgcsv.com/nf02,2026-02-27T23:16:28.573,1,Promo,Basic Fighting Energy,,5.49,7.2,14.99,6.77,4.5,Holofoil,,,,,,,,,,
125569,Fire Energy (WotC 2002 League Promo),Fire Energy WotC 2002 League Promo,https://tcgplayer-cdn.tcgplayer.com/product/125569_200w.jpg,3,1539,https://cpt.tcgcsv.com/pf02,2022-11-15T05:36:25.61,1,Promo,Basic Fire Energy,,7.55,10.0,19.99,9.88,7.55,Holofoil,,,,,,,,,,
125655,Fire Energy (2006-2007 League Promo),Fire Energy 2006 2007 League Promo,https://tcgplayer-cdn.tcgplayer.com/product/125655_200w.jpg,3,1539,https://cpt.tcgcsv.com/7h02,2023-03-22T14:46:26.117,1,Promo,Basic Fire Energy,<em>Copyright Date: 2006 Pokémon/Nintendo</em>,8.99,19.99,21.45,15.86,19.99,Holofoil,,,,,,,,,,
125656,Grass Energy (2006-2007 League Promo),Grass Energy 2006 2007 League Promo,https://tcgplayer-cdn.tcgplayer.com/product/125656_200w.jpg,3,1539,https://cpt.tcgcsv.com/8h02,2022-08-18T19:06:42.353,1,Promo,Basic Grass Energy,<em>Copyright Date: 2006 Pokémon/Nintendo</em>,5.46,9.99,19.99,9.02,19.99,Holofoil,,,,,,,,,,
125657,Lightning Energy (2006-2007 League Promo),Lightning Energy 2006 2007 League Promo,https://tcgplayer-cdn.tcgplayer.com/product/125657_200w.jpg,3,1539,https://cpt.tcgcsv.com/9h02,2024-04-13T07:44:44.76,1,Promo,Basic Lightning Energy,<em>Copyright Date - 2006 Pokémon/Nintendo</em>,4.55,9.99,15.0,5.97,,Holofoil,,,,,,,,,,
125658,Psychic Energy (2006-2007 League Promo),Psychic Energy 2006 2007 League Promo,https://tcgplayer-cdn.tcgplayer.com/product/125658_200w.jpg,3,1539,https://cpt.tcgcsv.com/bh02,2025-07-15T15:21:14.943,1,Promo,Basic Psychic Energy,<em>Copyright Date: 2006 Pokémon/Nintendo</em>,6.0,6.63,13.0,13.03,,Holofoil,,,,,,,,,,
125659,Water Energy (2006-2007 League Promo),Water Energy 2006 2007 League Promo,https://tcgplayer-cdn.tcgplayer.com/product/125659_200w.jpg,3,1539,https://cpt.tcgcsv.com/ch02,2023-02-19T12:51:09.73,1,Promo,Basic Water Energy,<em>Copyright Date: 2006 Pokémon/Nintendo</em>,7.28,9.21,15.0,7.33,,Holofoil,,,,,,,,,,
125660,Fighting Energy (2006-2007 League Promo),Fighting Energy 2006 2007 League Promo,https://tcgplayer-cdn.tcgplayer.com/product/125660_200w.jpg,3,1539,https://cpt.tcgcsv.com/dh02,2025-07-15T15:19:15.953,1,Promo,Basic Fighting Energy,<em>Copyright Date - Nintendo (c) 2006</em>,2.25,3.0,8.99,3.51,,Holofoil,,,,,,,,,,
126017,Volcanion - 25/114 (Pokemon League),Volcanion 25 114 Pokemon League,https://tcgplayer-cdn.tcgplayer.com/product/126017_200w.jpg,3,1539,https://cpt.tcgcsv.com/mq02,2022-09-26T20:35:06.32,1,Promo,Fire,,0.55,1.0,1.75,0.99,,Reverse Holofoil,025/114,130,Basic,"[R] Power Heater (20)
<br>Choose 2 of your Benched Pokémon. Attach a Fire Energy card from your discard pile to each of those Pokémon.",Wx2,,2,[RRR] Steam Artillery (100),,
126175,Bianca - 109/113 (Pokemon League),Bianca 109 113 Pokemon League,https://tcgplayer-cdn.tcgplayer.com/product/126175_200w.jpg,3,1539,https://cpt.tcgcsv.com/wt02,2022-08-16T14:34:05.593,1,Promo,Supporter,"Draw cards until you have 6 cards in your hand.
<br><br>
You may play only 1 Supporter card during your turn <em>(before your attack)</em>.",0.5,1.0,2.97,1.6,,Reverse Holofoil,109/113,,,,,,,,,
126176,Crushing Hammer - 34/39 (Pokemon League),Crushing Hammer 34 39 Pokemon League,https://tcgplayer-cdn.tcgplayer.com/product/126176_200w.jpg,3,1539,https://cpt.tcgcsv.com/xt02,2025-12-04T18:47:04.737,1,Promo,Item,"Flip a coin. If heads, discard an Energy attached to 1 of your opponent's Pokémon.
<br><br>
You may play as many Item cards as you like during your turn <em>(before your attack)</em>.",1.76,2.99,4.49,3.27,1.76,Reverse Holofoil,034/039,,,,,,,,,
126177,Enhanced Hammer - 94/108 (Pokemon League),Enhanced Hammer 94 108 Pokemon League,https://tcgplayer-cdn.tcgplayer.com/product/126177_200w.jpg,3,1539,https://cpt.tcgcsv.com/zt02,2022-09-26T19:13:58.183,1,Promo,Item,"Discard a Special Energy attached to 1 of your opponent's Pokémon.
<br><br>
You may. play as many Item cards as you like during your turn <em>(before your attack)</em>.",0.99,1.95,9.99,1.37,,Reverse Holofoil,094/108,,,,,,,,,
126178,Escape Rope - 120/135 (Pokemon League),Escape Rope 120 135 Pokemon League,https://tcgplayer-cdn.tcgplayer.com/product/126178_200w.jpg,3,1539,https://cpt.tcgcsv.com/Bt02,2026-02-25T15:03:17.017,1,Promo,Item,"Each player switches his or her Active Pokémon with 1 of his or her Benched Pokémon (Your opponent switches first. If a player does not have a Benched Pokémon, he or she doesn't switch Pokémon.)
<br><br>
You may play as many Item cards as you like during your turn <em>(before your attack)</em>.",2.5,3.41,10.54,2.88,3.41,Reverse Holofoil,120/135,,,,,,,,,
126179,Fiery Torch - 89/106 (Pokemon League),Fiery Torch 89 106 Pokemon League,https://tcgplayer-cdn.tcgplayer.com/product/126179_200w.jpg,3,1539,https://cpt.tcgcsv.com/Ct02,2025-11-20T22:22:23.407,1,Promo,Item,"Discard a Fire Energy card from your hand. (If you can't discard a Fire Energy card, you can't play this card.) Draw 2 cards.
<br>
<br>
You may play as many Item cards as you like during your turn <em>(before your attack)</em>.",0.28,0.77,4.99,0.65,0.71,Reverse Holofoil,089/106,,,,,,,,,
126180,Klefki - 66/119 (Pokemon League) [1st Place],Klefki 66 119 Pokemon League 1st Place,https://tcgplayer-cdn.tcgplayer.com/product/126180_200w.jpg,3,1539,https://cpt.tcgcsv.com/Dt02,2022-09-26T20:01:06.323,1,Promo,Metal,,13.67,28.89,31.63,28.75,,Reverse Holofoil,066/119,70,Basic,"[M] Call for Family
<br>Search your deck for up to 2 Basic Pokémon and put them onto your Bench. Shuffle your deck afterward.",Rx2,P-20,1,"[1M] Dull Light (20)
<br>Your opponent's Active Pokémon is now Confused.",,
126181,Klefki - 66/119 (Pokemon League) [2nd Place],Klefki 66 119 Pokemon League 2nd Place,https://tcgplayer-cdn.tcgplayer.com/product/126181_200w.jpg,3,1539,https://cpt.tcgcsv.com/Ft02,2022-09-26T20:01:13.907,1,Promo,Metal,,2.65,3.56,4.47,4.06,,Reverse Holofoil,066/119,70,Basic,"[M] Call for Family
<br>Search your deck for up to 2 Basic Pokémon and put them onto your Bench. Shuffle your deck afterward.",Rx2,P-20,1,"[1M] Dull Light (20)
<br>Your opponent's Active Pokémon is now Confused.",,
126182,Klefki - 66/119 (Pokemon League) [3rd Place],Klefki 66 119 Pokemon League 3rd Place,https://tcgplayer-cdn.tcgplayer.com/product/126182_200w.jpg,3,1539,https://cpt.tcgcsv.com/Gt02,2024-04-04T14:16:20.293,1,Promo,Metal,,2.19,3.26,4.32,3.93,,Reverse Holofoil,066/119,70,Basic,"[M] Call for Family
<br>Search your deck for up to 2 Basic Pokemon and put them onto your Bench. Shuffle your deck afterward.",Rx2,P-20,1,"[1M] Dull Light (20)
<br>Your opponent's Active Pokemon is now Confused.",,
126183,Klefki - 66/119 (League Promo) [4th Place],Klefki 66 119 League Promo 4th Place,https://tcgplayer-cdn.tcgplayer.com/product/126183_200w.jpg,3,1539,https://cpt.tcgcsv.com/Ht02,2022-09-26T20:00:52.72,1,Promo,Metal,,5.1,5.64,9.21,5.13,,Reverse Holofoil,066/119,70,Basic,"[M] Call for Family
<br>Search your deck for up to 2 Basic Pokemon and put them onto your Bench. Shuffle your deck afterward.",Rx2,P-20,1,"[1M] Dull Light (20)
<br>Your opponent's Active Pokemon is now Confused.",,
126184,Lucario - 63/124 (Pokemon League) [1st Place],Lucario 63 124 Pokemon League 1st Place,https://tcgplayer-cdn.tcgplayer.com/product/126184_200w.jpg,3,1539,https://cpt.tcgcsv.com/Jt02,2022-09-26T20:03:00.59,1,Promo,Metal,,,,,,,,063/124,110,Stage 1,"[M] Vacuum Wave (50)
<br>This attack's damage isn't affected by Weakness or Resistance.",Rx2,P-20,2,"[1M] Fight Alone (30+)
<br>If you have fewer Pokémon than your opponent, this attack does 60 more damage for each Pokémon fewer you have in play.",,
126185,Lucario - 63/124 (Pokemon League) [2nd Place],Lucario 63 124 Pokemon League 2nd Place,https://tcgplayer-cdn.tcgplayer.com/product/126185_200w.jpg,3,1539,https://cpt.tcgcsv.com/Kt02,2022-09-26T20:03:04.643,1,Promo,Metal,,,,,,,,063/124,110,Stage 1,"[M] Vacuum Wave (50)
<br>This attack's damage isn't affected by Weakness or Resistance.",Rx2,P-20,2,"[1M] Fight Alone (30+)
<br>If you have fewer Pokémon than your opponent, this attack does 60 more damage for each Pokémon fewer you have in play.",,
126186,Lucario - 63/124 (Pokemon League) [3rd Place],Lucario 63 124 Pokemon League 3rd Place,https://tcgplayer-cdn.tcgplayer.com/product/126186_200w.jpg,3,1539,https://cpt.tcgcsv.com/Lt02,2022-09-26T20:03:09.68,1,Promo,Metal,,,,,,,,063/124,110,Stage 1,"[M] Vacuum Wave (50)
<br>This attack's damage isn't affected by Weakness or Resistance.",Rx2,P-20,2,"[1M] Fight Alone (30+)
<br>If you have fewer Pokémon than your opponent, this attack does 60 more damage for each Pokémon fewer you have in play.",,
126187,Lucario - 63/124 (Pokemon League) [4th Place],Lucario 63 124 Pokemon League 4th Place,https://tcgplayer-cdn.tcgplayer.com/product/126187_200w.jpg,3,1539,https://cpt.tcgcsv.com/Mt02,2025-11-25T15:10:53.893,1,Promo,Metal,,,,,,,,063/124,110,Stage 1,"[M] Vacuum Wave (50)
<br>This attack's damage isn't affected by Weakness or Resistance.",Rx2,P-20,2,"[1M] Fight Alone (30+)
<br>If you have fewer Pokémon than your opponent, this attack does 60 more damage for each Pokémon fewer you have in play.",,
126188,Marowak - 78/162 (Pokemon League) [1st Place],Marowak 78 162 Pokemon League 1st Place,https://tcgplayer-cdn.tcgplayer.com/product/126188_200w.jpg,3,1539,https://cpt.tcgcsv.com/Nt02,2022-09-26T20:07:15.067,1,Promo,Fighting,,29.68,29.69,29.69,19.72,,Reverse Holofoil,078/162,100,Stage 1,"[F] Sharpshooting
<br>This attack does 30 damage to 1 of your opponent's Pokémon. <em>(Don't apply Weakness and Resistance for Benched Pokémon.)</em>",Gx2,,2,"[1F] Bone Windmill (60)
<br>If your opponent's Active Pokémon is a Pokémon-<em>EX</em>, switch this Pokémon with 1 of your Benched Pokémon.",,
126189,Marowak - 78/162 (Pokemon League) [2nd Place],Marowak 78 162 Pokemon League 2nd Place,https://tcgplayer-cdn.tcgplayer.com/product/126189_200w.jpg,3,1539,https://cpt.tcgcsv.com/Pt02,2022-09-26T20:07:19.583,1,Promo,Fighting,,4.0,7.13,9.69,6.48,,Reverse Holofoil,078/162,100,Stage 1,"[F] Sharpshooting
<br>This attack does 30 damage to 1 of your opponent's Pokémon. <em>(Don't apply Weakness or Resistance for Benched Pokémon.)</em>",Gx2,,2,"[1F] Bone Windmill (60)
<br>If your opponent's Active Pokémon is a Pokémon-EX, switch this Pokémon with 1 of your Benched Pokémon.",,
126190,Marowak - 78/162 (Pokemon League) [3rd Place],Marowak 78 162 Pokemon League 3rd Place,https://tcgplayer-cdn.tcgplayer.com/product/126190_200w.jpg,3,1539,https://cpt.tcgcsv.com/Qt02,2026-01-31T02:09:48.323,1,Promo,Fighting,,3.6,5.8,8.0,5.59,,Reverse Holofoil,078/162,100,Stage 1,"[F] Sharpshooting
<br>This attack does 30 damage to 1 of your opponent's Pokémon. <em>(Don't apply Weakness and Resistance for Benched Pokémon.)</em>",Gx2,,2,"[1F] Bone Windmill (60)
<br>If your opponent's Active Pokémon is a Pokémon-EX, switch this Pokémon with 1 of your Benched Pokémon.",,
126191,Marowak - 78/162 (Pokemon League) [4th Place],Marowak 78 162 Pokemon League 4th Place,https://tcgplayer-cdn.tcgplayer.com/product/126191_200w.jpg,3,1539,https://cpt.tcgcsv.com/Rt02,2022-09-26T20:07:32.153,1,Promo,Fighting,,2.84,3.37,3.5,5.62,,Reverse Holofoil,078/162,100,Stage 1,"[F] Sharpshooting
<br>This attack does 30 damage to 1 of your opponent's Pokémon. <em>(Don't apply Weakness and Resistance for Benched Pokémon.)</em>",Gx2,,2,"[1F] Bone Windmill (60)
<br>If your opponent's Active Pokémon is a Pokémon-EX, switch this Pokémon with 1 of your Benched Pokémon.",,
126192,Pokemon Fan Club - 94/106 (Pokemon League),Pokemon Fan Club 94 106 Pokemon League,https://tcgplayer-cdn.tcgplayer.com/product/126192_200w.jpg,3,1539,https://cpt.tcgcsv.com/St02,2022-09-26T20:13:27.227,1,Promo,Supporter,"Search your deck for up to 2 Basic Pokémon, reveal them, and put them into your hand. Shuffle your deck afterward.
<br><br>
You may play only 1 Supporter card during your turn <em>(before your attack)</em>.",0.54,1.03,2.5,1.03,2.5,Reverse Holofoil,094/106,,,,,,,,,
126193,Professor's Letter - 123/146 (Pokemon League),Professors Letter 123 146 Pokemon League,https://tcgplayer-cdn.tcgplayer.com/product/126193_200w.jpg,3,1539,https://cpt.tcgcsv.com/Tt02,2026-02-14T02:31:19.71,1,Promo,Item,"Search your deck for up to 2 basic Energy cards, reveal them, and put them into your hand. Shuffle your deck afterward.
<br><br>
You may play as many Item cards as you like during your turn <em>(before your attack)</em>",4.74,6.0,9.99,6.1,9.99,Reverse Holofoil,123/146,,,,,,,,,
126194,Shelmet - 8/111 (Pokemon League) [1st Place],Shelmet 8 111 Pokemon League 1st Place,https://tcgplayer-cdn.tcgplayer.com/product/126194_200w.jpg,3,1539,https://cpt.tcgcsv.com/Vt02,2022-09-26T20:25:41.797,1,Promo,Grass,,8.59,10.0,10.99,9.99,,Reverse Holofoil,008/111,60,Basic,"[G] Jump On (10+)
<br> Flip a coin. If heads, this attack does 10 more damage.",Rx2,,3,,,
126195,Shelmet - 8/111 (Pokemon League) [2nd Place],Shelmet 8 111 Pokemon League 2nd Place,https://tcgplayer-cdn.tcgplayer.com/product/126195_200w.jpg,3,1539,https://cpt.tcgcsv.com/Wt02,2022-09-26T20:25:46.557,1,Promo,Grass,,3.39,4.81,7.97,5.58,,Reverse Holofoil,008/111,60,Basic,"[G] Jump On (10+)
<br> Flip a coin. If heads, this attack does 10 more damage.",Rx2,,3,,,
126196,Shelmet - 8/111 (Pokemon League) [3rd Place],Shelmet 8 111 Pokemon League 3rd Place,https://tcgplayer-cdn.tcgplayer.com/product/126196_200w.jpg,3,1539,https://cpt.tcgcsv.com/Xt02,2022-09-26T20:25:51.523,1,Promo,Grass,,2.55,5.0,9.97,2.73,,Reverse Holofoil,008/111,60,Basic,"[G] Jump On (10+)
<br> Flip a coin. If heads, this attack does 10 more damage.",Rx2,,3,,,
126197,Shelmet - 8/111 (Pokemon League) [4th Place],Shelmet 8 111 Pokemon League 4th Place,https://tcgplayer-cdn.tcgplayer.com/product/126197_200w.jpg,3,1539,https://cpt.tcgcsv.com/Zt02,2022-09-26T20:29:14.16,1,Promo,Grass,,2.79,3.29,7.97,2.54,,Reverse Holofoil,008/111,60,Basic,"[G] Jump On (10+)
<br> Flip a coin. If heads, this attack does 10 more damage.",Rx2,,3,,,
126198,Shelmet - 11/101 (Championship Series),Shelmet 11 101 Championship Series,https://tcgplayer-cdn.tcgplayer.com/product/126198_200w.jpg,3,1539,https://cpt.tcgcsv.com/-t02,2022-09-26T20:25:36.933,1,Promo,Grass,,1.38,4.55,8.0,3.91,,Reverse Holofoil,011/101,60,Basic,"[1] Mysterious Evolution 
<br>If Karrablast is in play, search your deck for a card that evolves from this Pokémon and put it onto this Pokémon. (This counts as evolving this Pokémon.) Shuffle your deck afterward.",Rx2,,3,[G] Ram (10),,
126199,Shelmet 11/101 (Championship Series) [Staff],Shelmet 11 101 Championship Series Staff,https://tcgplayer-cdn.tcgplayer.com/product/126199_200w.jpg,3,1539,https://cpt.tcgcsv.com/_t02,2022-09-26T20:29:19.483,1,Promo,Grass,,30.75,33.03,39.97,31.5,,Reverse Holofoil,011/101,60,Basic,"[1] Mysterious Evolution 
<br>If Karrablast is in play, search your deck for a card that evolves from this Pokémon and put it onto this Pokémon. (This counts as evolving this Pokémon.) Shuffle your deck afterward.",Rx2,,3,[G] Ram (10),,
126200,Skyla - 134/149 (Pokemon League),Skyla 134 149 Pokemon League,https://tcgplayer-cdn.tcgplayer.com/product/126200_200w.jpg,3,1539,https://cpt.tcgcsv.com/0v02,2025-11-21T21:48:27.873,1,Promo,Supporter,"Search you deck for a Trainer card, reveal it, and put it into your hand.  Shuffle your deck afterward.
<br>
<br>You may play only 1 Supporter card during your turn <em>(before your attack)</em>.",1.5,3.0,6.69,2.85,3.13,Reverse Holofoil,134/149,,,,,,,,,
126201,Tierno - 39/39 (Pokemon League),Tierno 39 39 Pokemon League,https://tcgplayer-cdn.tcgplayer.com/product/126201_200w.jpg,3,1539,https://cpt.tcgcsv.com/2v02,2024-08-12T19:47:20.823,1,Promo,Supporter,"Draw 3 cards.
<br><br>
You may play only 1 Supporter card during your turn <em>(before your attack)</em>.",0.27,0.75,2.76,0.57,,Reverse Holofoil,039/039,,,,,,,,,
126202,Volcarona - 15/114 (Pokemon League) [1st Place],Volcarona 15 114 Pokemon League 1st Place,https://tcgplayer-cdn.tcgplayer.com/product/126202_200w.jpg,3,1539,https://cpt.tcgcsv.com/3v02,2025-11-25T16:00:11.523,1,Promo,Grass Fire,,80.0,182.3,284.6,20.0,284.6,Reverse Holofoil,015/114,110,Stage 1,"[G] Shimmering Scales (20)
<br>Flip a coin. If heads, your opponent's Active Pokémon is now Confused. If tails, your opponent's Active Pokémon is now Paralyzed.",Rx2,,1,"[3] Power Hurricane (120)
<br>Discard all Energy attached to this Pokémon.",,
126203,Volcarona - 15/114 (Pokemon League) [2nd Place],Volcarona 15 114 Pokemon League 2nd Place,https://tcgplayer-cdn.tcgplayer.com/product/126203_200w.jpg,3,1539,https://cpt.tcgcsv.com/5v02,2022-09-26T20:35:19.58,1,Promo,Grass Fire,,13.0,14.87,16.0,13.52,,Reverse Holofoil,015/114,110,Stage 1,"[G] Shimmering Scales (20)
<br>Flip a coin. If heads, your opponent's Active Pokémon is now Confused. If tails, your opponent's Active Pokémon is now Paralyzed.",Rx2,,1,"[3] Power Hurricane (120)
<br>Discard all Energy attached to this Pokémon.",,
126204,Volcarona - 15/114 (Pokemon League) [3rd Place],Volcarona 15 114 Pokemon League 3rd Place,https://tcgplayer-cdn.tcgplayer.com/product/126204_200w.jpg,3,1539,https://cpt.tcgcsv.com/6v02,2026-02-25T15:17:49.21,1,Promo,Grass Fire,,5.0,7.49,10.0,3.87,5.0,Reverse Holofoil,015/114,110,Stage 1,"[G] Shimmering Scales (20)
<br>Flip a coin. If heads, your opponent's Active Pokémon is now Confused. If tails, your opponent's Active Pokémon is now Paralyzed.",Rx2,,1,"[3] Power Hurricane (120)
<br>Discard all Energy attached to this Pokémon.",,
126205,Volcarona - 15/114 (Pokemon League) [4th Place],Volcarona 15 114 Pokemon League 4th Place,https://tcgplayer-cdn.tcgplayer.com/product/126205_200w.jpg,3,1539,https://cpt.tcgcsv.com/7v02,2023-04-19T08:08:46.71,1,Promo,Grass Fire,,7.0,8.16,12.96,4.25,,Reverse Holofoil,015/114,110,Stage 1,"[G] Shimmering Scales (20)
<br>Flip a coin. If heads, your opponent's Active Pokémon is now Confused. If tails, your opponent's Active Pokémon is now Paralyzed.",Rx2,,1,"[3] Power Hurricane (120)
<br>Discard all Energy attached to this Pokémon.",,
127434,Pikachu - XY202 (Pokemon League),Pikachu XY202 Pokemon League,https://tcgplayer-cdn.tcgplayer.com/product/127434_200w.jpg,3,1539,https://cpt.tcgcsv.com/J-02,2026-02-17T19:31:32.07,1,Promo,Lightning,,25.95,25.95,25.95,20.04,25.95,Holofoil,XY202,50,Basic,"[L] Charge
<br>Search your deck for a Lightning Energy card and attach it to this Pokémon. Shuffle your deck afterward.",Fx2,M-20,1,"[LLL] Thunderbolt (70)
<br>Discard all Energy attached to this Pokémon.",,
127501,Grass Energy (WotC 2002 League Promo),Grass Energy WotC 2002 League Promo,https://tcgplayer-cdn.tcgplayer.com/product/127501_200w.jpg,3,1539,https://cpt.tcgcsv.com/2022,2022-10-15T10:59:53.55,1,Promo,Basic Grass Energy,,10.79,14.44,23.97,13.68,12.97,Holofoil,,,,,,,,,,
127502,Lightning Energy (WotC 2002 League Promo),Lightning Energy WotC 2002 League Promo,https://tcgplayer-cdn.tcgplayer.com/product/127502_200w.jpg,3,1539,https://cpt.tcgcsv.com/3022,2019-06-10T12:54:50.847,1,Promo,Basic Lightning Energy,,13.8,14.64,25.0,21.96,,Holofoil,,,,,,,,,,
127503,Psychic Energy (WotC 2002 League Promo),Psychic Energy WotC 2002 League Promo,https://tcgplayer-cdn.tcgplayer.com/product/127503_200w.jpg,3,1539,https://cpt.tcgcsv.com/5022,2022-09-04T11:23:40.53,1,Promo,Basic Psychic Energy,,14.99,22.23,23.66,14.96,14.14,Holofoil,,,,,,,,,,
127504,Recycle Energy (WotC 2002 League Promo),Recycle Energy WotC 2002 League Promo,https://tcgplayer-cdn.tcgplayer.com/product/127504_200w.jpg,3,1539,https://cpt.tcgcsv.com/6022,2024-10-18T12:30:41.18,1,Promo,Special Colorless Energy,,6.99,8.88,17.14,10.46,8.08,Holofoil,,,,,,,,,,
127505,Water Energy (WotC 2002 League Promo),Water Energy WotC 2002 League Promo,https://tcgplayer-cdn.tcgplayer.com/product/127505_200w.jpg,3,1539,https://cpt.tcgcsv.com/7022,2025-11-25T21:02:20.68,1,Promo,Basic Water Energy,,20.56,22.49,23.99,18.12,,Holofoil,,,,,,,,,,
129721,Ninja Boy - 103/114 (League Cup),Ninja Boy 103 114 League Cup,https://tcgplayer-cdn.tcgplayer.com/product/129721_200w.jpg,3,1539,https://cpt.tcgcsv.com/rV22,2022-08-24T16:19:05.837,1,Promo,Supporter,"Choose 1 of your Basic Pokémon in play. Search your deck for a Basic Pokémon and switch it with that Pokémon. (Any attached cards, damage counters, Special Conditions, turns in play, and any other effects remain on the new Pokémon.) Shuffle the first Pokémon into your deck.
<br><br>
You may play only 1 Supporter card during your turn <em>(before your attack)</em>.",0.49,1.05,8.17,0.9,1.97,Reverse Holofoil,103/114,,,,,,,,,
130324,Misty's Determination - 104/122 (Regional Championships),Mistys Determination 104 122 Regional Championships,https://tcgplayer-cdn.tcgplayer.com/product/130324_200w.jpg,3,1539,https://cpt.tcgcsv.com/v832,2022-08-24T15:50:31.837,1,Promo,Supporter,"Discard a card from your hand. If you do, look at the top 8 cards of your deck and put 1 of them into your hand. Shuffle the other cards back into your deck.
<br><br>
You may play only 1 Supporter card during your turn <em>(before your attack)</em>.",6.49,13.95,20.0,11.25,8.89,Reverse Holofoil,104/122,,,,,,,,,
130325,Ace Trainer - 69/98 (Regional Championships),Ace Trainer 69 98 Regional Championships,https://tcgplayer-cdn.tcgplayer.com/product/130325_200w.jpg,3,1539,https://cpt.tcgcsv.com/w832,2026-03-16T12:58:11.277,1,Promo,Supporter,"You can play this card only if you have more Prize cards left than your opponent.
<br>
Each player shuffles his or her hand into his or her deck. Then, draw 6 cards. Your opponent draws 3 cards.
<br><br>
You may play only 1 Supporter card during your turn <em>(before your attack)</em>.",4.23,5.92,9.99,4.07,,Reverse Holofoil,069/098,,,,,,,,,
130326,Primarina - 41/149 (Pokemon League),Primarina 41 149 Pokemon League,https://tcgplayer-cdn.tcgplayer.com/product/130326_200w.jpg,3,1539,https://cpt.tcgcsv.com/x832,2026-02-16T22:46:51.177,1,Promo,Water,,0.26,0.54,2.0,0.59,0.8,Reverse Holofoil,041/149,150,Stage 2,"[1W] Disarming Voice (30)
<br>Your opponent's Active Pokémon is now Confused.",Gx2,,2,"[1WW] Sparkling Aria (100)
<br>Heal 30 damage from this Pokémon.",,
130327,Tsareena - 20/149 (League Challenge) [1st Place],Tsareena 20 149 League Challenge 1st Place,https://tcgplayer-cdn.tcgplayer.com/product/130327_200w.jpg,3,1539,https://cpt.tcgcsv.com/z832,2022-09-26T20:32:49.633,0,Promo,Grass,"<strong>Ability — Queenly Majesty</strong>
<br>
When you play this Pokémon from your hand to evolve 1 of your Pokémon during your turn, you may have your opponent reveal their hand. Then, discard a card from it.",4.25,10.0,14.08,10.83,,Reverse Holofoil,020/149,140,Stage 2,"[2G] Trop Kick (80)
<br>Heal 20 damage and any Special Conditions from this Pokémon.",Rx2,,2,,,
130328,Tsareena - 20/149 (League Challenge) [2nd Place],Tsareena 20 149 League Challenge 2nd Place,https://tcgplayer-cdn.tcgplayer.com/product/130328_200w.jpg,3,1539,https://cpt.tcgcsv.com/B832,2022-09-26T20:32:58.137,1,Promo,Grass,"<strong>Ability — Queenly Majesty</strong>
<br>
When you play this Pokémon from your hand to evolve 1 of your Pokémon during your turn, you may have your opponent reveal their hand. Then, discard a card from it.",3.87,5.8,6.21,4.14,,Reverse Holofoil,020/149,140,Stage 2,"[2G] Trop Kick (80)
<br>Heal 20 damage and any Special Conditions from this Pokémon.",Rx2,,2,,,
130329,Tsareena - 20/149 (League Challenge) [3rd Place],Tsareena 20 149 League Challenge 3rd Place,https://tcgplayer-cdn.tcgplayer.com/product/130329_200w.jpg,3,1539,https://cpt.tcgcsv.com/C832,2022-09-26T20:33:02.507,1,Promo,Grass,"<strong>Ability — Queenly Majesty</strong>
<br>
When you play this Pokémon from your hand to evolve 1 of your Pokémon during your turn, you may have your opponent reveal their hand. Then, discard a card from it.",5.99,11.8,11.8,1.69,,Reverse Holofoil,020/149,140,Stage 2,"[2G] Trop Kick (80)
<br>Heal 20 damage and any Special Conditions from this Pokémon.",Rx2,,2,,,
130330,Tsareena - 20/149 (League Challenge) [4th Place],Tsareena 20 149 League Challenge 4th Place,https://tcgplayer-cdn.tcgplayer.com/product/130330_200w.jpg,3,1539,https://cpt.tcgcsv.com/D832,2022-09-26T20:33:06.353,1,Promo,Grass,"<strong>Ability — Queenly Majesty</strong>
<br>
When you play this Pokémon from your hand to evolve 1 of your Pokémon during your turn, you may have your opponent reveal their hand. Then, discard a card from it.",2.5,12.25,12.49,9.61,,Reverse Holofoil,020/149,140,Stage 2,"[2G] Trop Kick (80)
<br>Heal 20 damage and any Special Conditions from this Pokémon.",Rx2,,2,,,
131069,Grass Energy (2007 Unnumbered D/P Style Non-Holo),Grass Energy 2007 Unnumbered D P Style Non Holo,https://tcgplayer-cdn.tcgplayer.com/product/131069_200w.jpg,3,1539,https://cpt.tcgcsv.com/pr32,2022-12-02T14:53:29.933,1,Common,Basic Grass Energy,,0.01,0.19,1.5,0.19,0.15,Normal,,,,,,,,,,
131070,Psychic Energy (2007 Unnumbered D/P Style Non-Holo),Psychic Energy 2007 Unnumbered D P Style Non Holo,https://tcgplayer-cdn.tcgplayer.com/product/131070_200w.jpg,3,1539,https://cpt.tcgcsv.com/qr32,2024-08-12T19:47:20.87,1,Promo,Basic Psychic Energy,,0.1,0.25,1.49,0.39,,Normal,,,,,,,,,,
131071,Fire Energy (2007 Unnumbered D/P Style Non-Holo),Fire Energy 2007 Unnumbered D P Style Non Holo,https://tcgplayer-cdn.tcgplayer.com/product/131071_200w.jpg,3,1539,https://cpt.tcgcsv.com/rr32,2025-11-20T05:47:36.027,1,Promo,Basic Fire Energy,<em>Copyright Date: 2007 Pokémon/Nintendo</em>,0.02,0.25,2.49,0.46,,Normal,,,,,,,,,,
131729,Incineroar - 26/149 (Pokemon League),Incineroar 26 149 Pokemon League,https://tcgplayer-cdn.tcgplayer.com/product/131729_200w.jpg,3,1539,https://cpt.tcgcsv.com/CJ32,2026-02-25T15:10:29.66,1,Promo,Fire,,0.15,0.62,4.32,0.61,0.38,Reverse Holofoil,026/149,160,Stage 2,"[1R] Fire Fang (30)
<br>Your opponent's Active Pokémon is now Burned.",Wx2,,3,"[1RR] Darkest Lariat (100x)
<br>Flip 2 coins. This attack does 100 damage for each heads.",,
131735,Decidueye - 11/149 (Pokemon League),Decidueye 11 149 Pokemon League,https://tcgplayer-cdn.tcgplayer.com/product/131735_200w.jpg,3,1539,https://cpt.tcgcsv.com/KJ32,2024-08-12T19:47:20.92,1,Promo,Grass,,0.27,0.56,1.8,0.61,0.44,Reverse Holofoil,011/149,140,Stage 2,"[G] Leaf Blade (30+)
<br>Flip a coin. If heads, this attack does 30 more damage.",Rx2,,1,"[2G] Brave Bird (120)
<br>This Pokémon does 20 damage to itself.",,
131736,Vikavolt - 52/149 (Pokemon League),Vikavolt 52 149 Pokemon League,https://tcgplayer-cdn.tcgplayer.com/product/131736_200w.jpg,3,1539,https://cpt.tcgcsv.com/LJ32,2022-09-26T20:35:00.257,1,Promo,Lightning,"<strong>Ability — Strong Charge</strong>
<br>
Once during your turn <em>(before your attack)</em>, you may search your deck for a Grass Energy card and a Lightning Energy card and attach them to your Pokémon in any way you like. Then, shuffle your deck.",0.63,0.94,3.03,0.82,0.88,Holofoil,052/149,150,Stage 2,"[3L] Electro Cannon (150)
<br>Discard 3 Energy attached to this Pokémon.",Fx2,M-20,3,,,
131737,Yveltal - 65/114 (Pokemon League),Yveltal 65 114 Pokemon League,https://tcgplayer-cdn.tcgplayer.com/product/131737_200w.jpg,3,1539,https://cpt.tcgcsv.com/MJ32,2022-09-26T20:36:51.457,1,Promo,Darkness,,0.79,1.99,3.5,2.21,,Reverse Holofoil,065/114,130,Basic,"[D] Oblivion Wing (30)
<br>Attach a Darkness Energy card from your discard pile to 1 of your Benched Pokémon.",Lx2,F-20,2,"[1DD] Darkness Blade (100)
<br>Flip a coin. If tails, this Pokémon can't attack during your next turn.",,
131738,Xerneas - 81/114 (Pokemon League),Xerneas 81 114 Pokemon League,https://tcgplayer-cdn.tcgplayer.com/product/131738_200w.jpg,3,1539,https://cpt.tcgcsv.com/NJ32,2026-02-25T15:18:27.977,1,Promo,Fairy,,0.59,1.47,5.0,2.48,1.48,Reverse Holofoil,081/114,130,Basic,"[Y] Geomancy 
<br>Choose 2 of your Benched Pokémon. For each of those Pokémon, search your deck for a Fairy Energy card and attach it to that Pokémon. Shuffle your deck afterward.",Mx2,D-20,2,"[1YY] Rainbow Spear (100)
<br>Discard an Energy attached to this Pokémon.",,
131739,Nest Ball - 123/149 (League Cup) [Staff],Nest Ball 123 149 League Cup Staff,https://tcgplayer-cdn.tcgplayer.com/product/131739_200w.jpg,3,1539,https://cpt.tcgcsv.com/PJ32,2022-08-24T16:16:25.203,1,Promo,Item,"Search your deck for a Basic Pokémon and put it onto your Bench. Shuffle your deck afterward.
<br><br>
You may play as many Item cards as you like during your turn <em>(before your attack)</em>.",18.99,22.0,40.73,26.45,,Reverse Holofoil,123/149,,,,,,,,,
131740,Nest Ball - 123/149 (League Cup),Nest Ball 123 149 League Cup,https://tcgplayer-cdn.tcgplayer.com/product/131740_200w.jpg,3,1539,https://cpt.tcgcsv.com/QJ32,2022-09-11T11:27:43.627,1,Promo,Item,"Search your deck for a Basic Pokémon and put it onto your Bench. Shuffle your deck afterward.
<br><br>
You may play as many Item cards as you like during your turn <em>(before your attack)</em>.",11.74,19.95,27.99,19.32,,Reverse Holofoil,123/149,,,,,,,,,
133414,Greninja - 40/122 (Pokemon League) [1st Place],Greninja 40 122 Pokemon League 1st Place,https://tcgplayer-cdn.tcgplayer.com/product/133414_200w.jpg,3,1539,https://cpt.tcgcsv.com/jn52,2023-03-13T17:29:27.143,1,Promo,Water,,199.99,250.0,300.0,150.0,,Reverse Holofoil,040/122,130,Stage 2,"[1] Shadow Stitching (40)
<br>Until the end of your opponent's next turn, each Pokémon your opponent has in play, in his or her hand, and in his or her discard pile has no Abilities. (This includes cards that come into play on that turn.)",Gx2,,,"[W] Moonlight Slash (60+)
<br>You may return a Water Energy from this Pokémon to your hand. If you do, this attack does 20 more damage.",,
133415,Greninja - 40/122 (League) [2nd Place],Greninja 40 122 League 2nd Place,https://tcgplayer-cdn.tcgplayer.com/product/133415_200w.jpg,3,1539,https://cpt.tcgcsv.com/kn52,2023-03-13T17:31:09.343,1,Promo,Water,,59.99,77.49,94.99,47.49,,Reverse Holofoil,040/122,130,Stage 2,"[1] Shadow Stitching (40)
<br>Until the end of your opponent's next turn, each Pokémon your opponent has in play, in his or her hand, and in his or her discard pile has no Abilities. (This includes cards that come into play on that turn.)",Gx2,,,"[W] Moonlight Slash (60+)
<br>You may return a Water Energy from this Pokémon to your hand. If you do, this attack does 20 more damage.",,
133416,Greninja - 40/122 (Pokemon League) [3rd Place],Greninja 40 122 Pokemon League 3rd Place,https://tcgplayer-cdn.tcgplayer.com/product/133416_200w.jpg,3,1539,https://cpt.tcgcsv.com/ln52,2024-04-04T14:16:27.213,1,Promo,Water,,39.95,39.95,39.95,59.99,,Reverse Holofoil,040/122,130,Stage 2,"[1] Shadow Stitching (40)
<br>Until the end of your opponent's next turn, each Pokémon your opponent has in play, in his or her hand, and in his or her discard pile has no Abilities. (This includes cards that come into play on that turn.)",Gx2,None,,"[W] Moonlight Slash (60+)
<br>You may return a Water Energy from this Pokémon to your hand. If you do, this attack does 20 more damage.",,
133417,Greninja - 40/122 (Pokemon League) [4th Place],Greninja 40 122 Pokemon League 4th Place,https://tcgplayer-cdn.tcgplayer.com/product/133417_200w.jpg,3,1539,https://cpt.tcgcsv.com/mn52,2024-04-04T14:20:08.187,1,Promo,Water,,,,,,,,040/122,130,Stage 2,"[1] Shadow Stitching (40)
<br>Until the end of your opponent's next turn, each Pokémon your opponent has in play, in his or her hand, and in his or her discard pile has no Abilities. (This includes cards that come into play on that turn.)",Gx2,None,0,"[W] Moonlight Slash (60+)
<br>You may return a Water Energy from this Pokémon to your hand. If you do, this attack does 20 more damage.",,
133418,Battle Reporter - 88/111 (Pokemon League),Battle Reporter 88 111 Pokemon League,https://tcgplayer-cdn.tcgplayer.com/product/133418_200w.jpg,3,1539,https://cpt.tcgcsv.com/nn52,2022-09-26T18:55:21.817,1,Promo,Supporter,"Draw cards until you have the same number of cards in your hand as your opponent.
<br><br>
You may play only 1 Supporter card during your turn <em>(before your attack)</em>.",0.79,0.99,1.13,0.78,,Reverse Holofoil,088/111,,,,,,,,,
133825,Torracat - 25/149 (Cosmos Holo),Torracat 25 149 Cosmos Holo,https://tcgplayer-cdn.tcgplayer.com/product/133825_200w.jpg,3,1539,https://cpt.tcgcsv.com/wx52,2022-09-26T20:32:17.747,1,Promo,Fire,,3.74,5.5,13.99,6.01,,Holofoil,025/149,90,Stage 1,"[R] Fury Swipes (20x)
<br>Flip 3 coins. This attack does 20 damage times the number of heads.",Wx2,,2,"[1RR] Flamethrower (90)
<br>Discard an Energy attached to this Pokémon.",,
133842,Oricorio - 55/145 (League Challenge) [1st Place],Oricorio 55 145 League Challenge 1st Place,https://tcgplayer-cdn.tcgplayer.com/product/133842_200w.jpg,3,1539,https://cpt.tcgcsv.com/Sx52,2022-09-26T20:11:10.407,1,Promo,Psychic,"<strong>Ability — Vital Dance</strong>
<br>
When you play this Pokémon from your hand onto your Bench during your turn, you may search your deck for up to 2 basic Energy cards, reveal them, and put them into your hand. Then, shuffle your deck.",4.93,4.93,4.93,4.41,,Reverse Holofoil,055/145,90,Basic,[1P] Casual Slap (30),Px2,,1,,,
133843,Oricorio - 55/145 (League Challenge) [2nd Place],Oricorio 55 145 League Challenge 2nd Place,https://tcgplayer-cdn.tcgplayer.com/product/133843_200w.jpg,3,1539,https://cpt.tcgcsv.com/Tx52,2022-09-26T20:11:27.203,1,Promo,Psychic,"<strong>Ability — Vital Dance</strong>
<br>
When you play this Pokémon from your hand onto your Bench during your turn, you may search your deck for up to 2 basic Energy cards, reveal them, and put them into your hand. Then, shuffle your deck.",3.67,6.28,9.99,5.7,,Reverse Holofoil,055/145,90,Basic,[1P] Casual Slap (30),Px2,,1,,,
133844,Oricorio - 55/145 (League Challenge) [3rd Place],Oricorio 55 145 League Challenge 3rd Place,https://tcgplayer-cdn.tcgplayer.com/product/133844_200w.jpg,3,1539,https://cpt.tcgcsv.com/Vx52,2022-09-26T20:11:33.803,1,Promo,Psychic,"<strong>Ability — Vital Dance</strong>
<br>
When you play this Pokémon from your hand onto your Bench during your turn, you may search your deck for up to 2 basic Energy cards, reveal them, and put them into your hand. Then, shuffle your deck.",3.5,7.18,9.99,4.79,5.27,Reverse Holofoil,055/145,90,Basic,[1P] Casual Slap (30),Px2,,1,,,
133845,Oricorio - 55/145 (League Challenge) [4th Place],Oricorio 55 145 League Challenge 4th Place,https://tcgplayer-cdn.tcgplayer.com/product/133845_200w.jpg,3,1539,https://cpt.tcgcsv.com/Wx52,2022-09-26T20:12:32.46,1,Promo,Psychic,"<strong>Ability — Vital Dance</strong>
<br>
When you play this Pokémon from your hand onto your Bench during your turn, you may search your deck for up to 2 basic Energy cards, reveal them, and put them into your hand. Then, shuffle your deck.",2.69,3.23,9.99,2.84,,Reverse Holofoil,055/045,90,Basic,[1P] Casual Slap (30),Px2,,1,,,
133846,Oricorio - 14/145 (Pokemon League),Oricorio 14 145 Pokemon League,https://tcgplayer-cdn.tcgplayer.com/product/133846_200w.jpg,3,1539,https://cpt.tcgcsv.com/Xx52,2024-08-12T19:47:21.04,1,Promo,Fire,,0.36,0.67,1.99,0.55,,Reverse Holofoil,014/145,90,Basic,"[R] Passionate Dance
<br>Search your deck for up to 3 Basic Fire Pokémon and put them onto your Bench. Then, shuffle your deck.",Wx2,,1,"[RR] Kindle (30)
<br>Discard an Energy from this Pokémon. If you do, discard an Energy from your opponent's Active Pokémon.",,
134919,Aqua Patch - 119/145 (League Cup),Aqua Patch 119 145 League Cup,https://tcgplayer-cdn.tcgplayer.com/product/134919_200w.jpg,3,1539,https://cpt.tcgcsv.com/p-52,2022-08-15T21:17:13.453,1,Promo,Item,"Attach a Water Energy card from your discard pile to 1 of your Benched Water Pokémon.
<br><br>
You may play as many Item cards as you like during your turn <em>(before your attack)</em>.",0.75,1.99,3.11,1.84,,Reverse Holofoil,119/145,,,,,,,,,
134920,Oricorio - 46/145 (Pokemon League),Oricorio 46 145 Pokemon League,https://tcgplayer-cdn.tcgplayer.com/product/134920_200w.jpg,3,1539,https://cpt.tcgcsv.com/q-52,2026-02-25T15:11:50.393,1,Promo,Lightning,,0.33,0.62,5.5,0.57,0.42,Reverse Holofoil,046/145,90,Basic,"[L] Feather Dance 
<br>During your next turn, this Pokémon's Pom-Pom Punch attack's base damage is 100.",Fx2,M-20,1,[L] Pom-Pom Punch (20),,
136746,Grass Energy (2011 Pokemon League),Grass Energy 2011 Pokemon League,https://tcgplayer-cdn.tcgplayer.com/product/136746_200w.jpg,3,1539,https://cpt.tcgcsv.com/XJ62,2022-08-18T19:15:38.517,1,Promo,Basic Grass Energy,<em>Crosshatch Foiling; Copyright Date: 2011 Pokémon/Nintendo</em>,4.01,6.0,104481.55,4.46,,Holofoil,,,,,,,,,,
136747,Lightning Energy (2011 Pokemon League),Lightning Energy 2011 Pokemon League,https://tcgplayer-cdn.tcgplayer.com/product/136747_200w.jpg,3,1539,https://cpt.tcgcsv.com/ZJ62,2022-08-23T20:13:21.063,1,Promo,Basic Lightning Energy,<em>Crosshatch Foiling; Copyright Date - 2011 Pokémon/Nintendo</em>,4.0,4.74,96.95,4.38,4.47,Holofoil,,,,,,,,,,
136748,Psychic Energy (2011 Pokemon League),Psychic Energy 2011 Pokemon League,https://tcgplayer-cdn.tcgplayer.com/product/136748_200w.jpg,3,1539,https://cpt.tcgcsv.com/-J62,2025-11-25T15:22:51.407,1,Promo,Basic Psychic Energy,<em>Crosshatched foiling; Copyright Date: 2011 Pokémon/Nintendo</em>,2.28,5.12,6.99,5.03,5.47,Holofoil,,,,,,,,,,
136749,Darkness Energy (2011 Pokemon League),Darkness Energy 2011 Pokemon League,https://tcgplayer-cdn.tcgplayer.com/product/136749_200w.jpg,3,1539,https://cpt.tcgcsv.com/_J62,2024-11-25T15:58:29.46,1,Promo,Basic Darkness Energy,<em>Copyright Date: 2011 Pokémon</em>,20.68,22.44,24.01,16.71,,Holofoil,,,,,,,,,,
136750,Grass Energy (2011 Play! Pokemon),Grass Energy 2011 Play Pokemon,https://tcgplayer-cdn.tcgplayer.com/product/136750_200w.jpg,3,1539,https://cpt.tcgcsv.com/0K62,2024-08-19T20:38:29.06,1,Promo,Basic Grass Energy,<em>Crosshatch Foiling; Copyright Date: 2011 Pokémon/Nintendo</em>,2.87,3.12,14.41,2.8,3.47,Holofoil,,,,,,,,,,
136751,Psychic Energy (2011 Play! Pokemon),Psychic Energy 2011 Play Pokemon,https://tcgplayer-cdn.tcgplayer.com/product/136751_200w.jpg,3,1539,https://cpt.tcgcsv.com/2K62,2025-11-25T15:26:22.42,1,Promo,Basic Psychic Energy,<em>Crosshatched foiling; Copyright Date: 2011 Pokémon/Nintendo</em>,2.64,3.99,9999.0,3.82,3.39,Holofoil,,,,,,,,,,
136752,Lightning Energy (2011 Play! Pokemon),Lightning Energy 2011 Play Pokemon,https://tcgplayer-cdn.tcgplayer.com/product/136752_200w.jpg,3,1539,https://cpt.tcgcsv.com/3K62,2022-08-23T20:12:32.477,1,Promo,Basic Lightning Energy,<em>Crosshatch Foiling;Copyright Date - 2011 Pokémon/Nintendo</em>,1.55,2.5,3.62,2.5,2.75,Holofoil,,,,,,,,,,
136753,Darkness Energy (2011 Play! Pokemon),Darkness Energy 2011 Play Pokemon,https://tcgplayer-cdn.tcgplayer.com/product/136753_200w.jpg,3,1539,https://cpt.tcgcsv.com/5K62,2026-02-03T18:26:30.173,1,Promo,Basic Darkness Energy,<em>Copyright Date: 2011 Pokémon/Nintendo</em>,5.45,6.45,9999.0,5.77,6.99,Holofoil,,,,,,,,,,
136754,Metal Energy (2011 Play! Pokemon),Metal Energy 2011 Play Pokemon,https://tcgplayer-cdn.tcgplayer.com/product/136754_200w.jpg,3,1539,https://cpt.tcgcsv.com/6K62,2026-02-24T16:44:03.35,1,Promo,Basic Metal Energy,<em>Crosshatched foiling; Copyright Date: 2011 Pokémon/Nintendo</em>,1.39,2.45,9999.0,2.6,2.86,Holofoil,,,,,,,,,,
136755,Fire Energy (2011 Play! Pokemon),Fire Energy 2011 Play Pokemon,https://tcgplayer-cdn.tcgplayer.com/product/136755_200w.jpg,3,1539,https://cpt.tcgcsv.com/7K62,2022-08-16T20:41:12.98,1,Promo,Basic Fire Energy,<em>Crosshatch Foiling; Copyright Date: 2011 Pokémon/Nintendo</em>,2.26,4.13,5.97,3.47,,Holofoil,,,,,,,,,,
136756,Fighting Energy (2011 Play! Pokemon),Fighting Energy 2011 Play Pokemon,https://tcgplayer-cdn.tcgplayer.com/product/136756_200w.jpg,3,1539,https://cpt.tcgcsv.com/8K62,2022-08-16T20:30:47.15,1,Promo,Basic Fighting Energy,<em>Crosshatch Foiling; Copyright Date: 2011 Pokémon</em>,1.45,2.97,96.95,2.33,2.97,Holofoil,,,,,,,,,,
136757,Water Energy (2011 Play! Pokemon),Water Energy 2011 Play Pokemon,https://tcgplayer-cdn.tcgplayer.com/product/136757_200w.jpg,3,1539,https://cpt.tcgcsv.com/9K62,2022-08-24T22:09:36.247,1,Promo,Basic Water Energy,<em>Crosshatched foiling; Copyright Date: 2011 Pokémon/Nintendo</em>,2.0,2.75,9999.0,2.05,2.56,Holofoil,,,,,,,,,,
137281,Double Colorless Energy - 103/123 (League Promo),Double Colorless Energy 103 123 League Promo,https://tcgplayer-cdn.tcgplayer.com/product/137281_200w.jpg,3,1539,https://cpt.tcgcsv.com/FW62,2025-11-22T01:11:38.573,1,Promo,Special Energy,Double Colorless Energy provides 2 Energy.,4.68,6.35,19.99,5.79,6.37,Reverse Holofoil,103/123,,,,,,,,,
138125,Double Colorless Energy - 90/108 (North America Championships),Double Colorless Energy 90 108 North America Championships,https://tcgplayer-cdn.tcgplayer.com/product/138125_200w.jpg,3,1539,https://cpt.tcgcsv.com/wg72,2025-11-21T04:15:00.123,1,Promo,Special Energy,Double Colorless Energy provides 2 Energy.,18.0,22.5,39.99,23.15,39.99,Holofoil,090/108,,,,,,,,,
138126,Magnetic Storm - 91/106 (Pokemon League),Magnetic Storm 91 106 Pokemon League,https://tcgplayer-cdn.tcgplayer.com/product/138126_200w.jpg,3,1539,https://cpt.tcgcsv.com/xg72,2024-04-04T14:16:07.2,1,Promo,Stadium,"Each Pokémon in play has no Resistance.
<br><br>
This cards stays in play when you play it. Discard this card if another Stadium card comes into play. If another card with the same name is in play, you can't play this card.",0.3,0.56,1.25,0.55,0.47,Reverse Holofoil,091/106,,,,,,,,,
139857,Oricorio - 56/145 (Pokemon League),Oricorio 56 145 Pokemon League,https://tcgplayer-cdn.tcgplayer.com/product/139857_200w.jpg,3,1539,https://cpt.tcgcsv.com/9Z72,2026-02-25T15:11:27.74,1,Promo,Psychic,,0.1,0.49,2.5,0.43,0.3,Reverse Holofoil,056/145,90,Basic,"[1] Supernatural Dance
<br>For each Pokémon in your opponent's discard pile, put 1 damage counter on your opponent's Pokémon in any way you like.",Dx2,F-20,1,"[1] Revelation Dance (30)
<br>If there is no Stadium card in play, this attack does nothing.",,
139858,Bodybuilding Dumbbells - 113/147 (League Cup),Bodybuilding Dumbbells 113 147 League Cup,https://tcgplayer-cdn.tcgplayer.com/product/139858_200w.jpg,3,1539,https://cpt.tcgcsv.com/bZ72,2022-08-16T15:55:08.333,1,Promo,Item,"<strong>Pokémon Tool</strong>
<br>
Attach a Pokémon Tool to 1 of your Pokémon that doesn't already have a Pokémon Tool attached to it.
<br>
The Stage 1 Pokemon this card is attached to gets +40 HP.
<br><br>
You may play as many Item cards as you like during your turn <em>(before your attack)</em>.",0.4,0.66,3.0,0.55,,Reverse Holofoil,113/147,,,,,,,,,
145259,Guzma - 115/147 (Regional Championships),Guzma 115 147 Regional Championships,https://tcgplayer-cdn.tcgplayer.com/product/145259_200w.jpg,3,1539,https://cpt.tcgcsv.com/c7b2,2022-08-18T19:38:46.84,1,Promo,Supporter,"Switch 1 of your opponent's Benched Pokémon with their Active Pokémon. If you do, switch your Active Pokémon with 1 of your Benched Pokémon.
<br><br>
You may play only 1 Supporter card during your turn <em>(before your attack)</em>.",9.85,9.95,13.98,10.88,,Reverse Holofoil,115/147,,,,,,,,,
145555,Fire Energy (2010 Unnumbered HGSS Style Non-Holo),Fire Energy 2010 Unnumbered HGSS Style Non Holo,https://tcgplayer-cdn.tcgplayer.com/product/145555_200w.jpg,3,1539,https://cpt.tcgcsv.com/7fb2,2019-01-08T16:29:34.92,1,Promo,Basic Fire Energy,,0.5,0.93,1.16,1.16,,Normal,,,,,,,,,,
145556,Fighting Energy (2010 Unnumbered HGSS Style Non-Holo),Fighting Energy 2010 Unnumbered HGSS Style Non Holo,https://tcgplayer-cdn.tcgplayer.com/product/145556_200w.jpg,3,1539,https://cpt.tcgcsv.com/8fb2,2024-08-12T19:47:21.087,1,Promo,Basic Fighting Energy,,0.15,0.35,96.95,0.25,96.95,Normal,,,,,,,,,,
145557,Lightning Energy (2010 Unnumbered HGSS Style Non-Holo),Lightning Energy 2010 Unnumbered HGSS Style Non Holo,https://tcgplayer-cdn.tcgplayer.com/product/145557_200w.jpg,3,1539,https://cpt.tcgcsv.com/9fb2,2022-08-23T20:12:09.463,1,Promo,Basic Lightning Energy,<em>Copyright Date - 2010 Pokémon/Nintendo</em>,0.73,0.99,1.4,1.4,,Normal,,,,,,,,,,
145558,Water Energy (2010 Unnumbered HGSS Style Non-Holo),Water Energy 2010 Unnumbered HGSS Style Non Holo,https://tcgplayer-cdn.tcgplayer.com/product/145558_200w.jpg,3,1539,https://cpt.tcgcsv.com/bfb2,2022-08-24T22:09:15.74,1,Promo,Basic Water Energy,,0.5,0.83,1.39,1.39,,Normal,,,,,,,,,,
145559,Grass Energy (2010 Unnumbered HGSS Style Non-Holo),Grass Energy 2010 Unnumbered HGSS Style Non Holo,https://tcgplayer-cdn.tcgplayer.com/product/145559_200w.jpg,3,1539,https://cpt.tcgcsv.com/cfb2,2025-01-02T05:17:01.653,1,Common,Basic Grass Energy,,0.1,0.37,0.9,0.35,,Normal,,,,,,,,,,
145560,Psychic Energy (2010 Unnumbered HGSS Style Non-Holo),Psychic Energy 2010 Unnumbered HGSS Style Non Holo,https://tcgplayer-cdn.tcgplayer.com/product/145560_200w.jpg,3,1539,https://cpt.tcgcsv.com/dfb2,2019-01-08T21:14:05.74,1,Promo,Basic Psychic Energy,,0.35,0.56,1.4,0.84,,Normal,,,,,,,,,,
145561,Metal Energy (2010 Unnumbered HGSS Style Non-Holo),Metal Energy 2010 Unnumbered HGSS Style Non Holo,https://tcgplayer-cdn.tcgplayer.com/product/145561_200w.jpg,3,1539,https://cpt.tcgcsv.com/ffb2,2022-08-24T15:39:19.613,1,Promo,Basic Metal Energy,,2.99,3.08,5.0,3.08,2.94,Normal,,,,,,,,,,
145562,Darkness Energy (2010 Unnumbered HGSS Style Non-Holo),Darkness Energy 2010 Unnumbered HGSS Style Non Holo,https://tcgplayer-cdn.tcgplayer.com/product/145562_200w.jpg,3,1539,https://cpt.tcgcsv.com/gfb2,2023-11-12T04:27:30.18,1,Promo,Basic Darkness Energy,<em>Copyright Date: 2010 Pokémon/Nintendo</em>,0.2,0.3,0.75,0.41,,Normal,,,,,,,,,,
145610,Lightning Energy (2007 Unnumbered D/P Style Non-Holo),Lightning Energy 2007 Unnumbered D P Style Non Holo,https://tcgplayer-cdn.tcgplayer.com/product/145610_200w.jpg,3,1539,https://cpt.tcgcsv.com/dgb2,2022-08-23T20:10:28.413,1,Promo,Basic Lightning Energy,<em>Copyright Date - 2007 Pokémon/Nintendo</em>,0.02,0.39,1.0,0.42,,Normal,,,,,,,,,,
145611,Fighting Energy (2007 Unnumbered D/P Style Non-Holo),Fighting Energy 2007 Unnumbered D P Style Non Holo,https://tcgplayer-cdn.tcgplayer.com/product/145611_200w.jpg,3,1539,https://cpt.tcgcsv.com/fgb2,2023-03-13T17:53:23.253,1,Promo,Basic Fighting Energy,,0.07,0.25,2.49,0.28,,Normal,,,,,,,,,,
145861,Aqua Patch - 119/145 (League Cup) [Staff],Aqua Patch 119 145 League Cup Staff,https://tcgplayer-cdn.tcgplayer.com/product/145861_200w.jpg,3,1539,https://cpt.tcgcsv.com/fmb2,2026-02-27T01:12:47.34,1,Promo,Item,"Attach a Water Energy card from your discard pile to 1 of your Benched Water Pokémon.
<br><br>
You may play as many Item cards as you like during your turn <em>(before your attack)</em>.",17.94,17.94,17.94,9.99,17.94,Reverse Holofoil,119/145,,,,,,,,,
145862,Grass Energy (2010 Play! Pokemon),Grass Energy 2010 Play Pokemon,https://tcgplayer-cdn.tcgplayer.com/product/145862_200w.jpg,3,1539,https://cpt.tcgcsv.com/gmb2,2022-08-18T19:12:07.183,1,Promo,Basic Grass Energy,<em>Crosshatch Foiling; Copyright Date: 2010 Pokémon/Nintendo</em>,4.35,6.13,8.25,3.49,,Holofoil,,,,,,,,,,
145863,Grass Energy - 105/114 (Play! Pokemon),Grass Energy 105 114 Play Pokemon,https://tcgplayer-cdn.tcgplayer.com/product/145863_200w.jpg,3,1539,https://cpt.tcgcsv.com/hmb2,2023-03-02T15:04:03.263,1,Promo,Basic Grass Energy,<em>Crosshatch Foiling</em>,2.49,3.18,7.98,3.73,2.49,Holofoil,105/114,,,,,,,,,
145869,Psychic Energy - 109/114 (Play! Pokemon Promo),Psychic Energy 109 114 Play Pokemon Promo,https://tcgplayer-cdn.tcgplayer.com/product/145869_200w.jpg,3,1539,https://cpt.tcgcsv.com/pmb2,2025-11-25T15:53:36.177,1,Promo,Basic Psychic Energy,,2.75,4.0,6.99,3.99,2.79,Holofoil,109/114,,,,,,,,,
145870,Psychic Energy - 92/95 (Play! Pokemon Promo),Psychic Energy 92 95 Play Pokemon Promo,https://tcgplayer-cdn.tcgplayer.com/product/145870_200w.jpg,3,1539,https://cpt.tcgcsv.com/qmb2,2025-11-25T15:21:33.5,1,Promo,Basic Psychic Energy,,99.95,114.94,155.2,98.16,109.99,Holofoil,092/095,,,,,,,,,
145871,Uxie - 43/146 (League Promo),Uxie 43 146 League Promo,https://tcgplayer-cdn.tcgplayer.com/product/145871_200w.jpg,3,1539,https://cpt.tcgcsv.com/rmb2,2022-09-26T20:34:03.003,1,Promo,Psychic,"<strong>Poké-POWER — Set Up</strong>
<br>Once during your turn, when you put Uxie from your hand onto your Bench, you may draw cards until you have 7 cards in your hand.",13.57,19.67,29.99,14.21,,Reverse Holofoil,043/146,70,Basic,"[1] Psychic Restore (20) 
<br>You may put Uxie and all cards attached to it on the bottom of your deck in any order.",P+20,,1,,,
145872,Reverse Valley - 110/122 (State Championships),Reverse Valley 110 122 State Championships,https://tcgplayer-cdn.tcgplayer.com/product/145872_200w.jpg,3,1539,https://cpt.tcgcsv.com/smb2,2024-01-08T13:12:11.307,1,Promo,Stadium,"<em>This card stays in play when you play it. Discard this card if another Stadium card comes into play. If another card with the same name is in play, you can’t play this card.</em>
<br><br>
<strong>Blue Side</strong>
<br>Choose which way this card faces before you play it. Any damage done to this player's Metal Pokémon by an opponent's attack is reduced by 10 <em>(after applying Weakness and Resistance)</em>.
<br>
<strong>Red Side</strong>
<br>Choose which way this card faces before you play it. The attacks of this player's Darkness Pokémon do 10 more damage to your opponent's Active Pokémon <em>(before applying Weakness and Resistance)</em>.",0.75,1.52,5.97,1.07,,Holofoil,110/122,,,,,,,,,
146152,Darkness Energy (2007 Unnumbered D/P Style Non-Holo),Darkness Energy 2007 Unnumbered D P Style Non Holo,https://tcgplayer-cdn.tcgplayer.com/product/146152_200w.jpg,3,1539,https://cpt.tcgcsv.com/3tb2,2024-08-12T19:47:21.133,0,Promo,Basic Darkness Energy,,0.02,0.68,1.37,1.14,,Normal,,,,,,,,,,
146153,Metal Energy (2007 Unnumbered D/P Style Non-Holo),Metal Energy 2007 Unnumbered D P Style Non Holo,https://tcgplayer-cdn.tcgplayer.com/product/146153_200w.jpg,3,1539,https://cpt.tcgcsv.com/5tb2,2022-08-24T15:37:59.84,0,Promo,Basic Metal Energy,,0.1,0.35,2.49,0.73,1.0,Normal,,,,,,,,,,
147099,Darkrai - 87/147 (Pokemon League),Darkrai 87 147 Pokemon League,https://tcgplayer-cdn.tcgplayer.com/product/147099_200w.jpg,3,1539,https://cpt.tcgcsv.com/_Rb2,2025-11-20T22:17:51.33,1,Promo,Darkness,,0.75,4.93,29.0,3.97,,Reverse Holofoil,087/147,120,Basic,"[1D] Hypnoblast (30)
<br>Your opponent's Active Pokémon is now Asleep.",Fx2,P-20,2,"[2D] Dark Raid (80+)
<br>If your opponent has already used their GX attack, this attack does 80 more damage.",,
147221,Diancie - 94/147 (Pokemon League),Diancie 94 147 Pokemon League,https://tcgplayer-cdn.tcgplayer.com/product/147221_200w.jpg,3,1539,https://cpt.tcgcsv.com/rVb2,2025-12-01T22:56:32.06,1,Promo,Fairy,,0.38,0.99,1.99,0.96,0.38,Reverse Holofoil,094/147,90,Basic,"[Y] Sparkling Wish
<br>Search your deck for a card that evolves from 1 of your Pokémon and put it onto that Pokémon to evolve it. Then, shuffle your deck.",Mx2,D-20,1,"[1Y] Diamond Storm (30)
<br>Heal 30 damage from each of your Fairy Pokémon.",,
147222,Raichu - 41/147 (League Challenge) [3rd Place],Raichu 41 147 League Challenge 3rd Place,https://tcgplayer-cdn.tcgplayer.com/product/147222_200w.jpg,3,1539,https://cpt.tcgcsv.com/sVb2,2026-02-25T15:14:48.707,1,Promo,Lightning,"<strong>Ability — Evoshock</strong>
<br>When you play this Pokémon from your hand to evolve 1 of your Pokémon during your turn, you may leave your opponent's Active Pokémon Paralyzed.",19.94,25.81,96.95,12.76,96.95,Reverse Holofoil,041/147,110,Stage 1,"[1LL] Volt Tackle (130)
<br>This Pokémon does 30 damage to itself.",Fx2,M-20,1,,,
147225,Raichu - 41/147 (League Challenge) [2nd Place],Raichu 41 147 League Challenge 2nd Place,https://tcgplayer-cdn.tcgplayer.com/product/147225_200w.jpg,3,1539,https://cpt.tcgcsv.com/wVb2,2022-09-26T20:21:48.843,1,Promo,Lightning,"<strong>Ability — Evoshock</strong>
<br>When you play this Pokémon from your hand to evolve 1 of your Pokémon during your turn, you may leave your opponent's Active Pokémon Paralyzed.",14.4,18.45,19.99,11.08,,Reverse Holofoil,041/147,110,Stage 1,"[1LL] Volt Tackle (130)
<br>This Pokémon does 30 damage to itself.",Fx2,M-20,1,,,
147226,Raichu - 41/147 (League Challenge) [1st Place],Raichu 41 147 League Challenge 1st Place,https://tcgplayer-cdn.tcgplayer.com/product/147226_200w.jpg,3,1539,https://cpt.tcgcsv.com/xVb2,2022-09-26T20:21:42.07,1,Promo,Lightning,"<strong>Ability — Evoshock</strong>
<br>When you play this Pokémon from your hand to evolve 1 of your Pokémon during your turn, you may leave your opponent's Active Pokémon Paralyzed.",25.55,29.99,47.49,26.11,,Reverse Holofoil,041/147,110,Stage 1,"[1LL] Volt Tackle (130)
<br>This Pokémon does 30 damage to itself.",Fx2,M-20,1,,,
147227,Raichu - 41/147 (League Challenge) [4th Place],Raichu 41 147 League Challenge 4th Place,https://tcgplayer-cdn.tcgplayer.com/product/147227_200w.jpg,3,1539,https://cpt.tcgcsv.com/zVb2,2026-02-25T15:15:16.003,1,Promo,Lightning,"<strong>Ability — Evoshock</strong>
<br>When you play this Pokémon from your hand to evolve 1 of your Pokémon during your turn, you may leave your opponent's Active Pokémon Paralyzed.",4.0,11.98,19.99,7.24,11.98,Reverse Holofoil,041/147,110,Stage 1,"[1LL] Volt Tackle (130)
<br>This Pokémon does 30 damage to itself.",Fx2,M-20,1,,,
147240,Cryogonal - 32/101 (League Promo),Cryogonal 32 101 League Promo,https://tcgplayer-cdn.tcgplayer.com/product/147240_200w.jpg,3,1539,https://cpt.tcgcsv.com/QVb2,2026-02-05T21:08:55.33,1,Promo,Water,,0.3,0.59,2.0,0.61,,Reverse Holofoil,032/101,80,Basic,"[W] Icy Wind 
<br>The Defending Pokémon is now Asleep.",Mx2,,1,"[1W] Ice Shard (30+) 
<br>If the Defending Pokémon is a Fighting Pokémon, this attack does 40 more damage.",,
148431,Salandit - 15/145 (Collection Promo),Salandit 15 145 Collection Promo,https://tcgplayer-cdn.tcgplayer.com/product/148431_200w.jpg,3,1539,https://cpt.tcgcsv.com/Fnc2,2022-09-26T20:24:18.957,1,Promo,Fire,,0.25,0.54,2.62,0.54,0.39,Holofoil,015/145,70,Basic,[R] Scratch (10),Wx2,,1,"[2] Venoshock (20+)
<br>If your opponent's Active Pokémon is Poisoned, this attack does 40 more damage.",,
148432,Wimpod - 8/145 (Collection Promo),Wimpod 8 145 Collection Promo,https://tcgplayer-cdn.tcgplayer.com/product/148432_200w.jpg,3,1539,https://cpt.tcgcsv.com/Gnc2,2022-09-26T20:36:35.863,1,Promo,Grass,,0.2,0.4,19.5,0.36,0.5,Holofoil,008/145,70,Basic,"[1] Scamper Away
<br>Shuffle this Pokémon and all cards attached to it into your deck.",Rx2,,2,[G] Ram (10),,
148724,Leafeon - 11/116 (State Championships),Leafeon 11 116 State Championships,https://tcgplayer-cdn.tcgplayer.com/product/148724_200w.jpg,3,1539,https://cpt.tcgcsv.com/vvc2,2025-11-25T15:01:40.75,1,Promo,Grass,,41.95,53.43,69.46,65.09,61.85,Reverse Holofoil,011/116,100,Stage 1,"[1] Energy Crush (20x) 
<br>Does 20 damage times the amount of Energy attached to all of your opponent's Pokémon.",Rx2,W-20,2,"[2G] Leaf Blade (60+) 
<br>Flip a coin. If heads, this attack does 20 more damage.",,
148725,Leafeon - 11/116 (State Championships) [Staff],Leafeon 11 116 State Championships Staff,https://tcgplayer-cdn.tcgplayer.com/product/148725_200w.jpg,3,1539,https://cpt.tcgcsv.com/wvc2,2022-09-26T20:01:47.907,1,Promo,Grass,,188.3,188.3,188.3,97.0,,Reverse Holofoil,011/116,100,Stage 1,"[1] Energy Crush (20x) 
<br>Does 20 damage times the amount of Energy attached to all of your opponent's Pokémon.",Rx2,W-20,2,"[2G] Leaf Blade (60+) 
<br>Flip a coin. If heads, this attack does 20 more damage.",,
148726,Eviolite - 91/101 (Championship Promo),Eviolite 91 101 Championship Promo,https://tcgplayer-cdn.tcgplayer.com/product/148726_200w.jpg,3,1539,https://cpt.tcgcsv.com/xvc2,2022-09-26T19:14:46.72,1,Promo,Item,"<strong>Pokémon Tool</strong>
<br>
<em>Attach a Pokémon Tool to 1 of your Pokémon that doesn't already have a Pokémon Tool attached to it.</em>
<br>
If the Pokémon card this card is attached to is a Basic Pokémon, any damage done to this Pokémon is reduced by 20 <em>(after applying Weakness and Resistance)</em>.",0.54,0.87,1.77,0.98,,Reverse Holofoil,091/101,,,,,,,,,
148727,Combusken - 13/111 (Arena Cup Championships),Combusken 13 111 Arena Cup Championships,https://tcgplayer-cdn.tcgplayer.com/product/148727_200w.jpg,3,1539,https://cpt.tcgcsv.com/zvc2,2022-09-26T19:03:32.32,1,Promo,Fire,,5.82,5.82,5.82,5.86,,Reverse Holofoil,013/111,80,Stage 1,[2] Slash (30),Wx2,,1,"[2R] Midair Strike (50+)
<br>Flip a coin. If heads, this attack does 20 more damage.",,
148728,Combusken - 13/111 (Arena Cup Championships) [Staff],Combusken 13 111 Arena Cup Championships Staff,https://tcgplayer-cdn.tcgplayer.com/product/148728_200w.jpg,3,1539,https://cpt.tcgcsv.com/Bvc2,2022-09-26T19:03:38.18,1,Promo,Fire,,69.99,87.98,99.95,95.0,,Reverse Holofoil,013/111,80,Stage 1,[2] Slash (30),Wx2,,1,"[2R] Midair Strike (50+)
<br>Flip a coin. If heads, this attack does 20 more damage.",,
149390,Darkness Energy (2011 Unnumbered),Darkness Energy 2011 Unnumbered,https://tcgplayer-cdn.tcgplayer.com/product/149390_200w.jpg,3,1539,https://cpt.tcgcsv.com/QMc2,2023-12-19T04:03:06.077,1,Promo,Basic Darkness Energy,<em>Copyright Date: 2011 Pokémon</em>,0.15,0.25,2.95,0.44,,Normal,,,,,,,,,,
149391,Fighting Energy (2011 Unnumbered),Fighting Energy 2011 Unnumbered,https://tcgplayer-cdn.tcgplayer.com/product/149391_200w.jpg,3,1539,https://cpt.tcgcsv.com/RMc2,2019-01-08T16:29:26.51,1,Promo,Basic Fighting Energy,,0.1,0.24,5.0,0.26,,Normal,,,,,,,,,,
149392,Fire Energy (2011 Unnumbered),Fire Energy 2011 Unnumbered,https://tcgplayer-cdn.tcgplayer.com/product/149392_200w.jpg,3,1539,https://cpt.tcgcsv.com/SMc2,2022-08-16T20:41:57.75,1,Promo,Basic Fire Energy,<em>Copyright Date: 2011 Pokémon/Nintendo</em>,0.02,0.1,0.9,0.16,,Normal,,,,,,,,,,
149392,Fire Energy (2011 Unnumbered),Fire Energy 2011 Unnumbered,https://tcgplayer-cdn.tcgplayer.com/product/149392_200w.jpg,3,1539,https://cpt.tcgcsv.com/SMc2,2022-08-16T20:41:57.75,1,Promo,Basic Fire Energy,<em>Copyright Date: 2011 Pokémon/Nintendo</em>,0.75,7.88,15.0,1.0,,Holofoil,,,,,,,,,,
149393,Grass Energy (2011 Unnumbered),Grass Energy 2011 Unnumbered,https://tcgplayer-cdn.tcgplayer.com/product/149393_200w.jpg,3,1539,https://cpt.tcgcsv.com/TMc2,2022-10-19T18:45:46.383,1,Common,Basic Grass Energy,,0.26,0.52,1.74,0.52,0.32,Holofoil,,,,,,,,,,
149393,Grass Energy (2011 Unnumbered),Grass Energy 2011 Unnumbered,https://tcgplayer-cdn.tcgplayer.com/product/149393_200w.jpg,3,1539,https://cpt.tcgcsv.com/TMc2,2022-10-19T18:45:46.383,1,Common,Basic Grass Energy,,0.05,0.18,1.5,0.18,0.05,Normal,,,,,,,,,,
149394,Lightning Energy (2011 Unnumbered),Lightning Energy 2011 Unnumbered,https://tcgplayer-cdn.tcgplayer.com/product/149394_200w.jpg,3,1539,https://cpt.tcgcsv.com/VMc2,2022-08-23T20:13:41.273,1,Promo,Basic Lightning Energy,<em>Copyright Date - 2011 Pokémon</em>,0.02,0.15,0.43,0.15,,Normal,,,,,,,,,,
149394,Lightning Energy (2011 Unnumbered),Lightning Energy 2011 Unnumbered,https://tcgplayer-cdn.tcgplayer.com/product/149394_200w.jpg,3,1539,https://cpt.tcgcsv.com/VMc2,2022-08-23T20:13:41.273,1,Promo,Basic Lightning Energy,<em>Copyright Date - 2011 Pokémon</em>,0.99,20.0,2443.0,,,Holofoil,,,,,,,,,,
149395,Metal Energy (2011 Unnumbered),Metal Energy 2011 Unnumbered,https://tcgplayer-cdn.tcgplayer.com/product/149395_200w.jpg,3,1539,https://cpt.tcgcsv.com/WMc2,2025-11-24T13:17:21.903,1,Promo,Basic Metal Energy,,0.14,1.49,1.49,0.28,,Normal,,,,,,,,,,
149397,Water Energy (2011),Water Energy 2011,https://tcgplayer-cdn.tcgplayer.com/product/149397_200w.jpg,3,1539,https://cpt.tcgcsv.com/ZMc2,2025-11-21T18:37:47.41,1,Common,Basic Water Energy,,0.5,1.0,3.0,,,Holofoil,,,,,,,,,,
149397,Water Energy (2011),Water Energy 2011,https://tcgplayer-cdn.tcgplayer.com/product/149397_200w.jpg,3,1539,https://cpt.tcgcsv.com/ZMc2,2025-11-21T18:37:47.41,1,Common,Basic Water Energy,,0.05,0.11,19.5,0.1,0.21,Normal,,,,,,,,,,
149398,Psychic Energy (2011 Unnumbered),Psychic Energy 2011 Unnumbered,https://tcgplayer-cdn.tcgplayer.com/product/149398_200w.jpg,3,1539,https://cpt.tcgcsv.com/-Mc2,2024-08-12T19:47:21.37,1,Promo,Basic Psychic Energy,,0.05,0.22,1.75,0.33,,Normal,,,,,,,,,,
149398,Psychic Energy (2011 Unnumbered),Psychic Energy 2011 Unnumbered,https://tcgplayer-cdn.tcgplayer.com/product/149398_200w.jpg,3,1539,https://cpt.tcgcsv.com/-Mc2,2024-08-12T19:47:21.37,1,Promo,Basic Psychic Energy,,0.27,0.68,1.89,0.69,0.26,Holofoil,,,,,,,,,,
149470,Darkness Energy - 94/95 (Play! Pokemon Promo),Darkness Energy 94 95 Play Pokemon Promo,https://tcgplayer-cdn.tcgplayer.com/product/149470_200w.jpg,3,1539,https://cpt.tcgcsv.com/qPc2,2022-09-26T19:05:23.547,1,Promo,Basic Darkness Energy,,119.99,130.0,150.98,135.47,149.99,Holofoil,094/095,,,,,,,,,
149471,Fighting Energy - 93/95 (Play! Pokemon),Fighting Energy 93 95 Play Pokemon,https://tcgplayer-cdn.tcgplayer.com/product/149471_200w.jpg,3,1539,https://cpt.tcgcsv.com/rPc2,2025-04-17T09:08:44.053,1,Promo,Basic Fighting Energy,,81.23,100.0,149.99,45.36,81.23,Holofoil,093/095,,,,,,,,,
149472,Fire Energy - 89/95 (Play! Pokemon),Fire Energy 89 95 Play Pokemon,https://tcgplayer-cdn.tcgplayer.com/product/149472_200w.jpg,3,1539,https://cpt.tcgcsv.com/sPc2,2022-09-26T19:18:30.927,1,Promo,Basic Fire Energy,,74.77,104.77,149.96,81.22,89.34,Holofoil,089/095,,,,,,,,,
149473,Grass Energy - 88/95 (Play! Pokemon),Grass Energy 88 95 Play Pokemon,https://tcgplayer-cdn.tcgplayer.com/product/149473_200w.jpg,3,1539,https://cpt.tcgcsv.com/tPc2,2022-09-26T19:50:08.763,1,Promo,Basic Grass Energy,<em>Crosshatch Foiling</em>,47.5,62.39,158.72,62.47,79.99,Holofoil,088/095,,,,,,,,,
149474,Lightning Energy - 91/95 (Play! Pokemon),Lightning Energy 91 95 Play Pokemon,https://tcgplayer-cdn.tcgplayer.com/product/149474_200w.jpg,3,1539,https://cpt.tcgcsv.com/vPc2,2026-01-15T02:34:23.803,1,Promo,Basic Lightning Energy,<em>Crosshatch Foiling</em>,47.0,59.99,87.7,53.66,59.03,Holofoil,091/095,,,,,,,,,
149475,Metal Energy - 95/95 (Play! Pokemon),Metal Energy 95 95 Play Pokemon,https://tcgplayer-cdn.tcgplayer.com/product/149475_200w.jpg,3,1539,https://cpt.tcgcsv.com/wPc2,2025-11-21T05:01:39.2,1,Promo,Basic Metal Energy,<em>Crosshatch Foiling</em>,43.95,57.11,100.0,43.73,,Holofoil,095/095,,,,,,,,,
149476,Water Energy - 90/95 (Play! Pokemon),Water Energy 90 95 Play Pokemon,https://tcgplayer-cdn.tcgplayer.com/product/149476_200w.jpg,3,1539,https://cpt.tcgcsv.com/xPc2,2025-11-25T16:04:22.703,1,Promo,Basic Water Energy,,60.0,68.02,114.94,67.38,,Holofoil,090/095,,,,,,,,,
153051,Fire Energy - 106/114 (Play! Pokemon),Fire Energy 106 114 Play Pokemon,https://tcgplayer-cdn.tcgplayer.com/product/153051_200w.jpg,3,1539,https://cpt.tcgcsv.com/2ff2,2022-10-08T11:16:55.103,1,Promo,Basic Fire Energy,,2.32,3.83,6.99,3.73,,Holofoil,106/114,,,,,,,,,
153052,Water Energy - 107/114 (Play! Pokemon),Water Energy 107 114 Play Pokemon,https://tcgplayer-cdn.tcgplayer.com/product/153052_200w.jpg,3,1539,https://cpt.tcgcsv.com/3ff2,2022-08-27T03:34:10.273,1,Promo,Basic Water Energy,,2.89,4.4,10.99,4.68,2.59,Holofoil,107/114,,,,,,,,,
153053,Lightning Energy - 108/114 (Play! Pokemon),Lightning Energy 108 114 Play Pokemon,https://tcgplayer-cdn.tcgplayer.com/product/153053_200w.jpg,3,1539,https://cpt.tcgcsv.com/5ff2,2026-02-28T04:59:25.98,1,Promo,Basic Energy,<em>Crosshatch Foiling</em>,2.47,3.16,6.24,3.17,1.99,Holofoil,108/114,,,,,,,,,
153055,Fighting Energy - 110/114 (Play! Pokemon),Fighting Energy 110 114 Play Pokemon,https://tcgplayer-cdn.tcgplayer.com/product/153055_200w.jpg,3,1539,https://cpt.tcgcsv.com/7ff2,2023-06-17T18:10:44.493,1,Promo,Basic Energy,,2.49,3.0,5.0,2.72,2.49,Holofoil,110/114,,,,,,,,,
153056,Darkness Energy - 111/114 (Play! Pokemon),Darkness Energy 111 114 Play Pokemon,https://tcgplayer-cdn.tcgplayer.com/product/153056_200w.jpg,3,1539,https://cpt.tcgcsv.com/8ff2,2023-01-29T06:31:22,1,Promo,Basic Darkness Energy,,6.99,9.98,11.69,9.87,,Holofoil,111/114,,,,,,,,,
153057,Metal Energy - 112/114 (Play! Pokemon),Metal Energy 112 114 Play Pokemon,https://tcgplayer-cdn.tcgplayer.com/product/153057_200w.jpg,3,1539,https://cpt.tcgcsv.com/9ff2,2022-08-24T15:41:34.527,1,Promo,Basic Metal Energy,,1.69,2.0,96.95,1.9,1.88,Holofoil,112/114,,,,,,,,,
153068,Tepig 15/114 (Cosmos Holo),Tepig 15 114 Cosmos Holo,https://tcgplayer-cdn.tcgplayer.com/product/153068_200w.jpg,3,1539,https://cpt.tcgcsv.com/nff2,2026-02-25T20:43:04.63,1,Promo,Fire,,1.95,3.23,19.99,6.62,19.99,Holofoil,015/114,60,Basic,[R] Tackle (10),Wx2,None,1,[1R] Rollout (20),,
153233,Arcanine G - 15/147 (League Promo),Arcanine G 15 147 League Promo,https://tcgplayer-cdn.tcgplayer.com/product/153233_200w.jpg,3,1539,https://cpt.tcgcsv.com/Hjf2,2025-01-02T06:53:38.863,1,Promo,Fire,"<strong>Poké-BODY — Extreme Speed</strong>
<br>Arcanine G's Retreat Cost is 1 less for each Fire Energy attached to Arcanine G.",17.0,27.92,169.99,13.11,26.78,Reverse Holofoil,015/147,90,Basic,"[2R] Overrun (40) 
<br>Does 20 damage to 1 of your opponent's Benched Pokémon. <em>(Don't apply Weakness and Resistance for Benched Pokémon.)</em>",Wx2,,2,,,
153246,Darkness Energy (2009 Unnumbered POP Promo),Darkness Energy 2009 Unnumbered POP Promo,https://tcgplayer-cdn.tcgplayer.com/product/153246_200w.jpg,3,1539,https://cpt.tcgcsv.com/Xjf2,2022-08-16T17:14:37.383,1,Promo,Basic Energy,<em>Crosshatched foiling; Copyright Date: 2009 Pokémon/Nintendo</em>,30.0,36.54,40.0,16.65,,Holofoil,,,,,,,,,,
153247,Fighting Energy (2009 Unnumbered POP Promo),Fighting Energy 2009 Unnumbered POP Promo,https://tcgplayer-cdn.tcgplayer.com/product/153247_200w.jpg,3,1539,https://cpt.tcgcsv.com/Zjf2,2025-11-20T22:27:10.747,1,Promo,Basic Energy,<em>Crosshatched foiling; Copyright Date - Nintendo (c) 2009</em>,6.12,6.64,7.64,6.12,6.12,Holofoil,,,,,,,,,,
153248,Fire Energy (2009 Unnumbered POP Promo),Fire Energy 2009 Unnumbered POP Promo,https://tcgplayer-cdn.tcgplayer.com/product/153248_200w.jpg,3,1539,https://cpt.tcgcsv.com/-jf2,2022-08-16T20:39:03.167,1,Promo,Basic Fire Energy,,14.0,15.5,17.0,12.64,,Holofoil,,,,,,,,,,
153249,Grass Energy (2009 Unnumbered POP Promo),Grass Energy 2009 Unnumbered POP Promo,https://tcgplayer-cdn.tcgplayer.com/product/153249_200w.jpg,3,1539,https://cpt.tcgcsv.com/_jf2,2025-11-20T22:39:56.15,1,Promo,Basic Grass Energy,<em>Crosshatched foiling; Copyright Date: 2009 Pokémon/Nintendo</em>,4.94,5.43,8.69,5.58,5.56,Holofoil,,,,,,,,,,
153250,Lightning Energy (2009 Unnumbered POP Promo),Lightning Energy 2009 Unnumbered POP Promo,https://tcgplayer-cdn.tcgplayer.com/product/153250_200w.jpg,3,1539,https://cpt.tcgcsv.com/0kf2,2022-08-23T20:11:18.753,1,Promo,Basic Lightning Energy,<em>Crosshatched foiling; Copyright Date - 2009 Pokémon/Nintendo</em>,7.99,9.49,12.88,8.78,,Holofoil,,,,,,,,,,
153251,Metal Energy (2009 Unnumbered POP Promo),Metal Energy 2009 Unnumbered POP Promo,https://tcgplayer-cdn.tcgplayer.com/product/153251_200w.jpg,3,1539,https://cpt.tcgcsv.com/2kf2,2025-11-25T15:12:00.413,1,Promo,Basic Metal Energy,<em>Crosshatched foiling; Copyright Date: 2009 Pokémon/Nintendo</em>,4.54,9.69,9.99,7.25,,Holofoil,,,,,,,,,,
153252,Psychic Energy (2009 Unnumbered POP Promo),Psychic Energy 2009 Unnumbered POP Promo,https://tcgplayer-cdn.tcgplayer.com/product/153252_200w.jpg,3,1539,https://cpt.tcgcsv.com/3kf2,2022-08-24T19:53:16.093,1,Promo,Basic Psychic Energy,<em>Crosshatched foiling; Copyright Date: 2009 Pokémon/Nintendo</em>,11.95,11.99,11.99,11.2,,Holofoil,,,,,,,,,,
153253,Water Energy (2009 Unnumbered POP Promo),Water Energy 2009 Unnumbered POP Promo,https://tcgplayer-cdn.tcgplayer.com/product/153253_200w.jpg,3,1539,https://cpt.tcgcsv.com/5kf2,2025-11-25T16:02:52.473,1,Promo,Basic Water Energy,<em>Crosshatched foiling; Copyright Date: 2009 Pokémon/Nintendo</em>,7.59,14.69,189.59,7.29,189.59,Holofoil,,,,,,,,,,
153256,Crobat - 14/95 (League Promo),Crobat 14 95 League Promo,https://tcgplayer-cdn.tcgplayer.com/product/153256_200w.jpg,3,1539,https://cpt.tcgcsv.com/8kf2,2025-11-21T20:54:58.463,1,Promo,Psychic,,2.72,4.25,29.97,4.26,4.04,Reverse Holofoil,014/095,110,Stage 2,"[P] Supersonic (30) 
<br>The Defending Pokémon is now Confused.",Lx2,F-20,,"[2P] Hurricane Wing (30x) 
<br>Flip 4 coins. This attack does 30 damage times the number of heads.",,
153259,Houndoom - 5/90 (League Promo),Houndoom 5 90 League Promo,https://tcgplayer-cdn.tcgplayer.com/product/153259_200w.jpg,3,1539,https://cpt.tcgcsv.com/ckf2,2026-02-28T03:15:18.45,1,Promo,Darkness,,5.66,11.34,33.41,11.61,29.99,Reverse Holofoil,005/090,90,Stage 1,"[D] Fire Counterattack (20+) 
<br>If your opponent has any Fighting Pokémon in play, this attack does 20 damage plus 60 more damage.",Fx2,P-20,1,"[DD] Dark Roar (50) 
<br>Your opponent discards a card from his or her hand.",,
153263,Milotic C - 35/147 (League Promo),Milotic C 35 147 League Promo,https://tcgplayer-cdn.tcgplayer.com/product/153263_200w.jpg,3,1539,https://cpt.tcgcsv.com/hkf2,2022-09-26T20:10:27.78,1,Promo,Water,,7.31,10.8,15.0,10.87,8.61,Reverse Holofoil,035/147,90,Basic,"[1] Aqua Tail (10+) 
<br>Flip a coin for each Water Energy attached to Milotic C. This attack does 10 damage plus 20 more damage for each heads.",Lx2,,1,"[2W] Wrap (30) 
<br>Flip a coin. If heads, the Defending Pokémon is now Paralyzed.",,
153265,Torterra - 10/95 (Cracked Ice Holo),Torterra 10 95 Cracked Ice Holo,https://tcgplayer-cdn.tcgplayer.com/product/153265_200w.jpg,3,1539,https://cpt.tcgcsv.com/kkf2,2023-09-19T16:43:56.08,1,Promo,Grass,,3.99,5.3,19.99,4.56,,Holofoil,010/095,140,Stage 2,"[2G] Giga Drain (40) 
<br>Remove from Torterra the number of damage counters equal to the damage you did to the Defending Pokémon.",Rx2,,4,[3G] Land Crush (80),,
153266,Metal Energy (Special) - 80/90 (League Promo),Metal Energy Special 80 90 League Promo,https://tcgplayer-cdn.tcgplayer.com/product/153266_200w.jpg,3,1539,https://cpt.tcgcsv.com/lkf2,2026-02-03T18:30:01.753,1,Promo,Special Metal Energy,Damage done by attacks to the Pokemon that Metal Energy is attached to is reduced by 10 <em>(after applying Weakness and Resistance)</em>. Ignore this effect if the Pokemon that Metal Energy is attached to isn't Metal. Metal Energy provides Metal Energy.  (Doesn't count as a basic Energy card.),0.45,0.97,4.99,0.82,0.99,Reverse Holofoil,080/090,,,,,,,,,
153269,Darkness Energy (2010 Play! Pokemon),Darkness Energy 2010 Play Pokemon,https://tcgplayer-cdn.tcgplayer.com/product/153269_200w.jpg,3,1539,https://cpt.tcgcsv.com/pkf2,2022-08-16T17:15:17.52,1,Promo,Basic Energy,<em>Crosshatched foiling; Copyright Date: 2010 Pokémon/Nintendo</em>,19.99,20.99,22.25,15.23,,Holofoil,,,,,,,,,,
153270,Fighting Energy (2010 Play! Pokemon),Fighting Energy 2010 Play Pokemon,https://tcgplayer-cdn.tcgplayer.com/product/153270_200w.jpg,3,1539,https://cpt.tcgcsv.com/qkf2,2022-08-16T20:29:58.77,1,Promo,Basic Fighting Energy,<em>Crosshatch Foiling; Copyright Date: 2010 Pokémon/Nintendo</em>,4.45,6.99,12.0,4.03,,Holofoil,,,,,,,,,,
153271,Fire Energy (2010 Play! Pokemon),Fire Energy 2010 Play Pokemon,https://tcgplayer-cdn.tcgplayer.com/product/153271_200w.jpg,3,1539,https://cpt.tcgcsv.com/rkf2,2022-08-16T20:40:11.087,1,Promo,Basic Fire Energy,<em>Crosshatch Foiling; Copyright Date: 2010 Pokémon/Nintendo</em>,5.97,7.0,10.72,7.45,,Holofoil,,,,,,,,,,
153272,Lightning Energy (2010 Play! Pokemon),Lightning Energy 2010 Play Pokemon,https://tcgplayer-cdn.tcgplayer.com/product/153272_200w.jpg,3,1539,https://cpt.tcgcsv.com/skf2,2022-08-23T20:11:53.303,1,Promo,Basic Lightning Energy,<em>Crosshatch Foiling; Copyright Date - 2010 Pokémon/Nintendo</em>,4.0,4.49,11.11,4.14,,Holofoil,,,,,,,,,,
153273,Metal Energy (2010 Play! Pokemon),Metal Energy 2010 Play Pokemon,https://tcgplayer-cdn.tcgplayer.com/product/153273_200w.jpg,3,1539,https://cpt.tcgcsv.com/tkf2,2022-08-24T15:39:00.36,1,Promo,Basic Metal Energy,<em>Crosshatched foiling; Copyright Date: 2010 Pokémon/Nintendo</em>,5.49,7.31,19.08,6.51,,Holofoil,,,,,,,,,,
153274,Water Energy (2010 Play! Pokemon),Water Energy 2010 Play Pokemon,https://tcgplayer-cdn.tcgplayer.com/product/153274_200w.jpg,3,1539,https://cpt.tcgcsv.com/vkf2,2022-08-24T22:09:05.05,1,Promo,Basic Water Energy,<em>Crosshatched foiling; Copyright Date: 2010 Pokémon/Nintendo</em>,2.8,5.56,12.99,5.11,,Holofoil,,,,,,,,,,
153276,Zebstrika - 42/114 (League Promo),Zebstrika 42 114 League Promo,https://tcgplayer-cdn.tcgplayer.com/product/153276_200w.jpg,3,1539,https://cpt.tcgcsv.com/xkf2,2026-02-25T13:52:23.97,1,Promo,Lightning,,0.44,1.0,5.0,0.72,0.44,Reverse Holofoil,042/114,90,Stage 1,"[2] Stomp (20+) 
<br>Flip a coin. If heads, this attack does 20 damage plus 20 more damage.",Fx2,,1,"[1LL] Wild Charge (70) 
<br>This Pokémon does 10 damage to itself.",,
153277,Bayleef - 2/122 (Pokemon League),Bayleef 2 122 Pokemon League,https://tcgplayer-cdn.tcgplayer.com/product/153277_200w.jpg,3,1539,https://cpt.tcgcsv.com/zkf2,2022-09-26T18:55:29.193,1,Promo,Grass,,3.99,14.92,25.99,7.0,,Reverse Holofoil,002/122,90,Stage 1,"[1] Body Slam (20)
<br>Flip a coin. If heads, your opponent's Active Pokémon is now Paralyzed.",Rx2,,2,[1G] Vine Whip (30),,
153278,Chikorita - 1/122 (Pokemon League),Chikorita 1 122 Pokemon League,https://tcgplayer-cdn.tcgplayer.com/product/153278_200w.jpg,3,1539,https://cpt.tcgcsv.com/Bkf2,2025-11-29T23:15:20.95,1,Promo,Grass,,3.58,7.1,96.95,5.84,29.99,Reverse Holofoil,001/122,60,Basic,[1] Tackle (10),Rx2,,1,"[1G] Blot (10)
<br>Heal 10 damage from this Pokémon.",,
153279,Meganium - 3/122 (Pokemon League),Meganium 3 122 Pokemon League,https://tcgplayer-cdn.tcgplayer.com/product/153279_200w.jpg,3,1539,https://cpt.tcgcsv.com/Ckf2,2022-09-26T20:07:41.54,1,Promo,Grass,"<strong>Ability — Overgrow</strong>
<br>
If this Pokémon's remaining HP is 50 or less, its attacks do 70 more damage to your opponent's Active Pokémon <em>(before applying Weakness and Resistance)</em>.",5.31,15.81,96.95,8.06,,Reverse Holofoil,003/122,150,Stage 2,"[1GG] Green Force (50)
<br>Heal from this Pokémon the same amount of damage you did to your opponent's Active Pokémon.",Rx2,,3,,,
153301,Delphox - 13/124 (Pokemon League),Delphox 13 124 Pokemon League,https://tcgplayer-cdn.tcgplayer.com/product/153301_200w.jpg,3,1539,https://cpt.tcgcsv.com/2lf2,2023-02-16T14:38:47.13,1,Promo,Fire,,0.5,1.56,2.02,1.84,,Reverse Holofoil,013/124,140,Stage 2,"[R] Flickering Flames (40)
<br>Your opponent's Active Pokémon is now Asleep.",Wx2,,2,"[3] Psystorm (20x)
<br>This attack does 20 damage times the amount of Energy attached to all Pokémon in play.",,
153303,Braixen - 12/124 (Pokemon League),Braixen 12 124 Pokemon League,https://tcgplayer-cdn.tcgplayer.com/product/153303_200w.jpg,3,1539,https://cpt.tcgcsv.com/5lf2,2026-02-25T15:02:30.9,1,Promo,Fire,,0.97,1.06,1.47,0.96,1.06,Reverse Holofoil,012/124,80,Stage 1,"[R] Destructive Flame (20)
<br>Flip a coin. If heads, discard an Energy attached to your opponent's Active Pokémon.",Wx2,,1,[2] Crackling Ribbon (30),,
153304,Fennekin - 10/124 (Pokemon League),Fennekin 10 124 Pokemon League,https://tcgplayer-cdn.tcgplayer.com/product/153304_200w.jpg,3,1539,https://cpt.tcgcsv.com/6lf2,2022-09-26T19:16:47.387,1,Promo,Fire,,2.5,16.3,28.0,1.96,,Reverse Holofoil,010/124,60,Basic,[R] Will-O-Wisp (10),Wx2,,1,"[2] Tail Whip
<br>Flip a coin. If heads, the Defending Pokémon can't attack during your opponent's next turn.",,
153305,Flabebe - 101/162 (Pokemon League),Flabebe 101 162 Pokemon League,https://tcgplayer-cdn.tcgplayer.com/product/153305_200w.jpg,3,1539,https://cpt.tcgcsv.com/7lf2,2026-02-27T23:32:23.23,1,Promo,Fairy,,0.85,2.1,9.99,1.36,,Reverse Holofoil,101/162,30,Basic,"[Y] Wish
<br>Flip a coin. If heads, search your deck for any card and put it into your hand. Shuffle your deck afterward.",Mx2,D-20,1,,,
153306,Floette - 102/162 (Pokemon League),Floette 102 162 Pokemon League,https://tcgplayer-cdn.tcgplayer.com/product/153306_200w.jpg,3,1539,https://cpt.tcgcsv.com/8lf2,2026-02-25T15:06:35.713,1,Promo,Fairy,,0.75,1.26,4.5,2.22,,Reverse Holofoil,102/162,70,Stage 1,"[Y] Aromatherapy
<br>Heal 30 damage from each of your Pokémon.",Mx2,D-20,1,"[YY] Magical Leaf (20+)
<br>Flip a coin. If heads, this attack does 20 more damage and heal 20 damage from this Pokémon.",,
153307,Florges - 103/162 (Pokemon League),Florges 103 162 Pokemon League,https://tcgplayer-cdn.tcgplayer.com/product/153307_200w.jpg,3,1539,https://cpt.tcgcsv.com/9lf2,2026-01-30T03:55:55.243,1,Promo,Fairy,"<strong>Ability — Calming Aroma</strong>
<br>Each of your Pokémon's attacks cost Fairy less.",0.85,1.63,4.51,1.49,0.94,Reverse Holofoil,103/162,110,Stage 2,"[YYY] Wonder Shine (70)
<br>Your opponent's Active Pokémon is now Confused.",Mx2,D-20,1,,,
153311,Training Center - 102/111 (Pokemon League),Training Center 102 111 Pokemon League,https://tcgplayer-cdn.tcgplayer.com/product/153311_200w.jpg,3,1539,https://cpt.tcgcsv.com/flf2,2022-08-24T21:20:47.52,1,Promo,Stadium,"Each Stage 1 and Stage 2 Pokémon in play (both yours and your opponent's) gets +30 HP.
<br><br>
This card stays in play when you play it. Discard this card if another Stadium card comes into play. If another card with the same name is in play, you can't play this card.",0.4,0.76,1.5,0.71,0.47,Reverse Holofoil,102/111,,,,,,,,,
154789,Beldum - 022 (League Promo) [Winner],Beldum 022 League Promo Winner,https://tcgplayer-cdn.tcgplayer.com/product/154789_200w.jpg,3,1539,https://cpt.tcgcsv.com/PWf2,2022-08-16T14:32:05.133,1,Promo,Metal,"<strong>Poké-POWER — Magnetic Call</strong>
<br>
Once during your turn <em>(before your attack)</em>, you may flip a coin. If heads, search your deck for a Metal Basic Pokémon and put it onto your Bench. Shuffle your deck afterward. This power can't be used if Beldum is affected by a Special Condition.",45.0,46.15,47.3,47.94,,Normal,022,50,Basic,"[1M] Metal Charge (30) 
<br>Put 1 damage counter on Beldum.",R,G,2,,,
154999,Zygarde - 100/147 (Pokemon League),Zygarde 100 147 Pokemon League,https://tcgplayer-cdn.tcgplayer.com/product/154999_200w.jpg,3,1539,https://cpt.tcgcsv.com/__f2,2022-08-24T22:22:57.71,1,Promo,Dragon,,0.34,0.75,2.99,0.73,,Reverse Holofoil,100/147,150,Basic,[3] Land Crush (80),Yx2,,4,"[2DY] Core Enforcer (150)
<br>Discard a Darkness Energy and a Fairy Energy from this Pokémon.",,
155000,Counter Catcher - 91/111 (League Cup),Counter Catcher 91 111 League Cup,https://tcgplayer-cdn.tcgplayer.com/product/155000_200w.jpg,3,1539,https://cpt.tcgcsv.com/00g2,2022-09-26T19:04:10.86,1,Promo,Item,"You can play this card only if you have more Prize cards remaining than your opponent.
<br>
Switch 1 of your opponent's Benched Pokémon with their Active Pokémon.
<br><br>
You may play as many Item cards as you like during your turn <em>(before your attack)</em>.",6.0,9.15,12.5,8.47,8.79,Reverse Holofoil,091/111,,,,,,,,,
155063,Gladion - 95/111 (Regional Championships),Gladion 95 111 Regional Championships,https://tcgplayer-cdn.tcgplayer.com/product/155063_200w.jpg,3,1539,https://cpt.tcgcsv.com/h2g2,2022-09-26T19:21:52.017,1,Promo,Supporter,"Look at your face-down Prize cards and put 1 of them into your hand. Then, shuffle this Gladion into your remaining Prize cards and put them back face down. If you didn't play this Gladion from your hand, it does nothing.
<br><br>
You may play only 1 Supporter card during your turn <em>(before your attack)</em>.",15.0,22.5,29.99,4.08,,Reverse Holofoil,095/111,,,,,,,,,
155064,Regice - 28/111 (Pokemon League),Regice 28 111 Pokemon League,https://tcgplayer-cdn.tcgplayer.com/product/155064_200w.jpg,3,1539,https://cpt.tcgcsv.com/j2g2,2025-10-31T19:02:09.877,1,Promo,Water,"<strong>Ability — Iceberg Shield</strong>
<br>If you have Regirock in play, prevent all effects of attacks, including damage, done to this Pokémon by your opponent's Stage 2 Pokémon.",0.5,0.91,16.69,0.87,0.66,Reverse Holofoil,028/111,130,Basic,[2W] Frost Smash (70),Mx2,,3,,,
155563,Regirock - 53/111 (Pokemon League),Regirock 53 111 Pokemon League,https://tcgplayer-cdn.tcgplayer.com/product/155563_200w.jpg,3,1539,https://cpt.tcgcsv.com/hfg2,2026-02-11T14:56:40.963,1,Promo,Fighting,"<strong>Ability — Rock Peak Growl</strong>
<br>Your Registeel's attacks do 10 more damage to your opponent's Active Pokémon <em>(before applying Weakness and Resistance)</em>.",0.2,0.74,1.6,0.47,0.52,Reverse Holofoil,053/111,130,Basic,"[1FF] Tough Swing (110)
<br>This attack's damage isn't affected by Resistance.",Gx2,,3,,,
158032,Registeel - 68/111 (Pokemon League),Registeel 68 111 Pokemon League,https://tcgplayer-cdn.tcgplayer.com/product/158032_200w.jpg,3,1539,https://cpt.tcgcsv.com/Gdh2,2026-02-10T13:51:34.83,1,Promo,Metal,,0.5,0.78,2.0,0.89,1.25,Reverse Holofoil,068/111,130,Basic,"[M] Turbo Arm (30) 
<br>
Attach a basic Energy card from your discard pile to 1 of your Benched Pokémon.",Rx2,P-20,3,"[1MM] Iron Hand (90) 
<br>
If Regice is on your Bench, heal 30 damage from this Pokémon",,
158422,Counter Catcher - 91/111 (League Cup) [Staff],Counter Catcher 91 111 League Cup Staff,https://tcgplayer-cdn.tcgplayer.com/product/158422_200w.jpg,3,1539,https://cpt.tcgcsv.com/snh2,2022-09-26T19:04:15.593,1,Promo,Item,"You can play this card only if you have more Prize cards remaining than your opponent.
<br>
Switch 1 of your opponent's Benched Pokémon with their Active Pokémon.
<br><br>
You may play as many Item cards as you like during your turn <em>(before your attack)</em>.",24.99,24.99,24.99,26.7,,Reverse Holofoil,091/111,,,,,,,,,
162454,Parallel City - 145/162 (City Championships),Parallel City 145 162 City Championships,https://tcgplayer-cdn.tcgplayer.com/product/162454_200w.jpg,3,1539,https://cpt.tcgcsv.com/6_j2,2022-08-24T16:40:39.483,1,Promo,Stadium,"<em>This card stays in play when you play it. Discard this card if another Stadium card comes into play. If another card with the same name is in play, you can’t play this card.</em>
<br>
<strong>BLUE SIDE:</strong>
<br>
Choose which way this card faces before you play it. This player can’t have more than 3 Benched Pokémon. (When this card comes into play, this player discards Benched Pokémon until he or she has 3 Pokémon on the Bench.)
<br><br>
<strong>RED SIDE:</strong>
<br>Choose which way this card faces before you play it. Any damage done by attacks from this player’s Grass, Fire, or Water Pokémon is reduced by 20 <em>(before applying Weakness and Resistance)</em>.",6.17,8.02,14.34,7.79,,Reverse Holofoil,145/162,,,,,,,,,
162455,Parallel City - 145/162 (City Championships) [Staff],Parallel City 145 162 City Championships Staff,https://tcgplayer-cdn.tcgplayer.com/product/162455_200w.jpg,3,1539,https://cpt.tcgcsv.com/7_j2,2023-03-22T13:16:08.62,1,Promo,Stadium,"<em>This card stays in play when you play it. Discard this card if another Stadium card comes into play. If another card with the same name is in play, you can’t play this card.</em>
<br>
<strong>BLUE SIDE:</strong>
<br>
Choose which way this card faces before you play it. This player can’t have more than 3 Benched Pokémon. (When this card comes into play, this player discards Benched Pokémon until he or she has 3 Pokémon on the Bench.)
<br><br>
<strong>RED SIDE:</strong>
<br>Choose which way this card faces before you play it. Any damage done by attacks from this player’s Grass, Fire, or Water Pokémon is reduced by 20 <em>(before applying Weakness and Resistance)</em>.",26.49,34.99,50.0,29.95,,Reverse Holofoil,145/162,,,,,,,,,
162456,Azelf - 19/146 (League Promo),Azelf 19 146 League Promo,https://tcgplayer-cdn.tcgplayer.com/product/162456_200w.jpg,3,1539,https://cpt.tcgcsv.com/8_j2,2022-09-26T18:54:16.857,1,Promo,Psychic,"<strong>Poké-POWER — Time Walk</strong>
<br>Once during your turn, when you put Azelf from your hand onto your Bench, you may look at all of your face-down Prize cards. If you do, you may choose 1 Pokémon you find there, show it to your opponent, and put it into your hand. Then, choose 1 card in your hand and put it as a Prize card face down.",5.3,7.15,16.0,7.15,7.15,Reverse Holofoil,019/146,70,Basic,"[P] Lock Up (20) 
<br>The Defending Pokémon can't retreat during your opponent's next turn.",P+20,,1,,,
162468,Escape Board - 122/156 (League Cup),Escape Board 122 156 League Cup,https://tcgplayer-cdn.tcgplayer.com/product/162468_200w.jpg,3,1539,https://cpt.tcgcsv.com/n_j2,2025-11-20T22:21:16.547,1,Promo,Item,"<strong>Pokémon Tool</strong>
<br>
<em>Attach a Pokémon Tool to 1 of your Pokémon that doesn't already have a Pokémon Tool attached to it.</em>
<br>
The Retreat Cost of the Pokémon this card is attached to is 1 less, and it can retreat even if it's Asleep or Paralyzed.
<br><br>
You may play as many Item cards as you like during your turn <em>(before your attack)</em>.",0.4,0.75,2.97,0.54,0.45,Reverse Holofoil,122/156,,,,,,,,,
162469,Escape Board - 122/156 (League Cup) [Staff],Escape Board 122 156 League Cup Staff,https://tcgplayer-cdn.tcgplayer.com/product/162469_200w.jpg,3,1539,https://cpt.tcgcsv.com/p_j2,2022-08-16T19:57:55.857,1,Promo,Item,"<strong>Pokémon Tool</strong>
<br>
<em>Attach a Pokémon Tool to 1 of your Pokémon that doesn't already have a Pokémon Tool attached to it.</em>
<br>
The Retreat Cost of the Pokémon this card is attached to is 1 less, and it can retreat even if it's Asleep or Paralyzed.
<br><br>
You may play as many Item cards as you like during your turn <em>(before your attack)</em>.",19.99,28.07,41.99,19.99,,Reverse Holofoil,122/156,,,,,,,,,
162816,Professor Kukui - 128/149 (Regional Championships),Professor Kukui 128 149 Regional Championships,https://tcgplayer-cdn.tcgplayer.com/product/162816_200w.jpg,3,1539,https://cpt.tcgcsv.com/l8k2,2022-08-24T19:47:45.963,1,Promo,Supporter,"Draw 2 cards. During this turn, your Pokémon's attacks do 20 more damage to your opponent's Active Pokémon <em>(before applying Weakness and Resistance).</em>
<br><br>
You may play only 1 Supporter card during your turn <em>(before your attack)</em>.",2.21,2.73,3.79,2.67,,Reverse Holofoil,128/149,,,,,,,,,
162818,Professor Kukui - 128/149 (Regional Championships) [Staff],Professor Kukui 128 149 Regional Championships Staff,https://tcgplayer-cdn.tcgplayer.com/product/162818_200w.jpg,3,1539,https://cpt.tcgcsv.com/n8k2,2022-08-24T19:48:27.62,1,Promo,Supporter,"Draw 2 cards. During this turn, your Pokémon's attacks do 20 more damage to your opponent's Active Pokémon <em>(before applying Weakness and Resistance).</em>
<br><br>
You may play only 1 Supporter card during your turn <em>(before your attack)</em>.",66.97,79.95,150.7,79.95,,Reverse Holofoil,128/149,,,,,,,,,
162829,Mew - 53/108 (League Challenge) [1st Place],Mew 53 108 League Challenge 1st Place,https://tcgplayer-cdn.tcgplayer.com/product/162829_200w.jpg,3,1539,https://cpt.tcgcsv.com/C8k2,2022-09-26T20:09:20.067,1,Promo,Psychic,"<strong>Ability: Neutral Shield</strong>
<br>
Prevent all effects of attacks, including damage, done to this Pokémon by your opponent's Evolution Pokémon.",121.25,360.63,600.0,136.32,,Holofoil,053/108,40,Basic,"[1P] Psy Bolt (30)
<br>Flip a coin. If heads, your opponent's Active Pokémon is now Paralyzed.",Px2,,1,,,
162830,Mew - 53/108 (League Challenge) [2nd Place],Mew 53 108 League Challenge 2nd Place,https://tcgplayer-cdn.tcgplayer.com/product/162830_200w.jpg,3,1539,https://cpt.tcgcsv.com/D8k2,2022-09-26T20:09:25.11,1,Promo,Psychic,"<strong>Ability: Neutral Shield</strong>
<br>
Prevent all effects of attacks, including damage, done to this Pokémon by your opponent's Evolution Pokémon.",100.0,100.0,100.0,62.02,,Holofoil,053/108,40,Basic,"[1P] Psy Bolt (30)
<br>Flip a coin. If heads, your opponent's Active Pokémon is now Paralyzed.",Px2,,1,,,
162832,Mew - 53/108 (League Challenge) [3rd Place],Mew 53 108 League Challenge 3rd Place,https://tcgplayer-cdn.tcgplayer.com/product/162832_200w.jpg,3,1539,https://cpt.tcgcsv.com/G8k2,2025-11-25T15:12:55.58,1,Promo,Psychic,"<strong>Ability: Neutral Shield</strong>
<br>
Prevent all effects of attacks, including damage, done to this Pokémon by your opponent's Evolution Pokémon.",,,,,,,053/108,40,Basic,"[1P] Psy Bolt (30)
<br>Flip a coin. If heads, your opponent's Active Pokémon is now Paralyzed.",Px2,,1,,,
162833,Mew - 53/108 (League Challenge) [4th Place],Mew 53 108 League Challenge 4th Place,https://tcgplayer-cdn.tcgplayer.com/product/162833_200w.jpg,3,1539,https://cpt.tcgcsv.com/H8k2,2022-09-26T20:10:01.797,1,Promo,Psychic,"<strong>Ability: Neutral Shield</strong>
<br>
Prevent all effects of attacks, including damage, done to this Pokémon by your opponent's Evolution Pokémon.",,,,,,,053/108,40,Basic,"[1P] Psy Bolt (30)
<br>Flip a coin. If heads, your opponent's Active Pokémon is now Paralyzed.",Px2,,1,,,
162836,Regigigas - 84/111 (League Challenge) [1st Place],Regigigas 84 111 League Challenge 1st Place,https://tcgplayer-cdn.tcgplayer.com/product/162836_200w.jpg,3,1539,https://cpt.tcgcsv.com/L8k2,2022-09-26T20:22:35.82,1,Promo,Colorless,"<strong>Ability — Seal of Antiquity</strong>
<br>This Pokémon can't attack unless Regirock, Regice, and Registeel are on your Bench.",8.95,16.18,44.0,14.71,,Reverse Holofoil,084/111,180,Basic,"[5] Giant Stomp (160)
<br>Discard any Stadium card in play.",Fx2,,4,,,
162837,Regigigas - 84/111 (League Challenge) [2nd Place],Regigigas 84 111 League Challenge 2nd Place,https://tcgplayer-cdn.tcgplayer.com/product/162837_200w.jpg,3,1539,https://cpt.tcgcsv.com/M8k2,2022-09-26T20:22:40.737,1,Promo,Colorless,"<strong>Ability — Seal of Antiquity</strong>
<br>This Pokémon can't attack unless Regirock, Regice, and Registeel are on your Bench.",3.54,5.3,9.99,5.34,9.99,Reverse Holofoil,084/111,180,Basic,"[5] Giant Stomp (160)
<br>Discard any Stadium card in play.",Fx2,,4,,,
162838,Regigigas - 84/111 (League Challenge) [3rd Place],Regigigas 84 111 League Challenge 3rd Place,https://tcgplayer-cdn.tcgplayer.com/product/162838_200w.jpg,3,1539,https://cpt.tcgcsv.com/N8k2,2022-09-26T20:22:56.247,1,Promo,Colorless,"<strong>Ability — Seal of Antiquity</strong>
<br>This Pokémon can't attack unless Regirock, Regice, and Registeel are on your Bench.",2.09,4.15,9.99,4.03,,Reverse Holofoil,084/111,180,Basic,"[5] Giant Stomp (160)
<br>Discard any Stadium card in play.",Fx2,,4,,,
162839,Regigigas - 84/111 (League Challenge) [4th Place],Regigigas 84 111 League Challenge 4th Place,https://tcgplayer-cdn.tcgplayer.com/product/162839_200w.jpg,3,1539,https://cpt.tcgcsv.com/P8k2,2022-09-26T20:23:18.243,1,Promo,Colorless,"<strong>Ability — Seal of Antiquity</strong>
<br>This Pokémon can't attack unless Regirock, Regice, and Registeel are on your Bench.",2.6,4.17,9.99,6.12,4.73,Reverse Holofoil,084/111,180,Basic,"[5] Giant Stomp (160)
<br>Discard any Stadium card in play.",Fx2,,4,,,
163855,Torchic - 12/111 (City Championships),Torchic 12 111 City Championships,https://tcgplayer-cdn.tcgplayer.com/product/163855_200w.jpg,3,1539,https://cpt.tcgcsv.com/7zk2,2022-09-26T20:31:57.123,1,Promo,Fire,,11.75,17.44,74.99,12.04,,Reverse Holofoil,012/111,60,Basic,"[1R] Quick Attack (10+)
<br> Flip a coin. If heads, this attack does 30 more damage.",Wx2,,1,,,
163856,Torchic - 12/111 (City Championships) [Staff],Torchic 12 111 City Championships Staff,https://tcgplayer-cdn.tcgplayer.com/product/163856_200w.jpg,3,1539,https://cpt.tcgcsv.com/8zk2,2022-09-26T20:32:10.083,1,Promo,Fire,,40.42,40.42,40.42,48.08,,Reverse Holofoil,012/111,60,Basic,"[1R] Quick Attack (10+)
<br> Flip a coin. If heads, this attack does 30 more damage.",Wx2,,1,,,
163857,Darkness Energy (Special) - 79/90 (League Promo),Darkness Energy Special 79 90 League Promo,https://tcgplayer-cdn.tcgplayer.com/product/163857_200w.jpg,3,1539,https://cpt.tcgcsv.com/9zk2,2025-11-21T20:57:44.69,1,Promo,Special Energy,"If the Pokémon Darkness Energy is attached to attacks, the attack does 10 more damage to the Active Pokémon <em>(before applying Weakness and Resistance)</em>. Ignore this effect unless the Attacking Pokémon is Darkness or has Dark in its name. Darkness Energy provides Darkness Energy. <em>(Doesn't count as a basic Energy card.)</em>",0.73,1.0,96.95,0.93,0.97,Reverse Holofoil,079/090,,Special Energy,"If the Pokemon Darkness Energy is attached to attacks, the attack does 10 more damage to the Active Pokemon <em>(before applying Weakness and Resistance)</em>.  Ignore this effect if the Pokemon that Darkness Energy is attached to isn't Dark.  Darkness Energy provides D Energy. <em>(Doesn't count as a basic Energy card.)</em>",,,,,,
163858,Karrablast - 8/101 (Championship Series),Karrablast 8 101 Championship Series,https://tcgplayer-cdn.tcgplayer.com/product/163858_200w.jpg,3,1539,https://cpt.tcgcsv.com/bzk2,2022-09-26T19:56:16.35,1,Promo,Grass,,0.93,1.81,5.0,1.59,,Reverse Holofoil,008/101,60,Basic,"[1] Mysterious Evolution
<br>
If Shelmet is in play, search your deck for a card that evolves from this Pokémon and put it onto this Pokémon. (This counts as evolving this Pokémon.)
Shuffle your deck afterward.",Rx2,,1,"[2] Fury Attack (10x)
<br>
Flip 3 coins. This attack does 10 damage times the number of heads.",,
163859,Karrablast - 8/101 (Championship Series) [Staff],Karrablast 8 101 Championship Series Staff,https://tcgplayer-cdn.tcgplayer.com/product/163859_200w.jpg,3,1539,https://cpt.tcgcsv.com/czk2,2022-09-26T19:56:20.667,1,Promo,Grass,,26.69,29.5,30.4,12.99,,Reverse Holofoil,008/101,60,Basic,"[1] Mysterious Evolution
<br>
If Shelmet is in play, search your deck for a card that evolves from this Pokémon and put it onto this Pokémon. (This counts as evolving this Pokémon.)
Shuffle your deck afterward.",Rx2,,1,"[2] Fury Attack (10x)
<br>
Flip 3 coins. This attack does 10 damage times the number of heads.",,
164072,Dragonite FB - 56/147 (League Promo),Dragonite FB 56 147 League Promo,https://tcgplayer-cdn.tcgplayer.com/product/164072_200w.jpg,3,1539,https://cpt.tcgcsv.com/sFk2,2025-11-18T23:27:17.04,1,Promo,Colorless,,23.69,30.44,9999.0,29.94,24.99,Reverse Holofoil,056/147,100,Basic,"[3] Mach Blow (20) 
<br>If the Defending Pokémon is a Pokémon <em>SP</em>, this attack's base damage is 80 instead of 20.",Cx2,F-20,3,"[4] Giant Tail (100) 
<br>Flip a coin. If tails, this attack does nothing.",,
164073,Dusknoir FB - 26/147 (League Promo),Dusknoir FB 26 147 League Promo,https://tcgplayer-cdn.tcgplayer.com/product/164073_200w.jpg,3,1539,https://cpt.tcgcsv.com/tFk2,2025-12-05T19:18:53.71,1,Promo,Psychic,,1.5,2.99,96.95,2.69,2.69,Reverse Holofoil,026/147,90,Basic,"[1P] Ghost Hand (30) 
<br>Put 1 damage counter on 1 of your Benched Pokémon.",Dx2,C-20,2,"[2P] Cursed Wrath (10x) 
<br>Does 10 damage times the number of Pokémon <em>SP</em> in your discard pile.",,
164155,Empoleon FB - 27/147 (League Promo),Empoleon FB 27 147 League Promo,https://tcgplayer-cdn.tcgplayer.com/product/164155_200w.jpg,3,1539,https://cpt.tcgcsv.com/7Hk2,2023-12-18T17:51:37.363,1,Promo,Water,,5.0,8.0,99.99,7.0,7.63,Reverse Holofoil,027/147,90,Basic,"[1W] Rushing Water (20) 
<br>Move an Energy card attached to the Defending Pokémon to another of your opponent's Pokémon.",Lx2,,2,"[2W] Escort (40+) 
<br>If you played any Supporter card from your hand during this turn, this attack does 40 damage plus 20 more damage.",,
164160,Expert Belt - 87/99 (League Promo),Expert Belt 87 99 League Promo,https://tcgplayer-cdn.tcgplayer.com/product/164160_200w.jpg,3,1539,https://cpt.tcgcsv.com/dHk2,2026-02-25T15:53:13.12,1,Promo,Pokemon Tool,"<em>Attach Expert Bet to 1 of your Pokémon that doesn't already have a Pokémon Tool attached to it. If that Pokémon is Knocked Out, discard this card.</em>
<br>
The Pokémon this card is attached to gets +20 HP and that Pokémon's attacks do 20 more damage to your opponent's Active Pokémon <em>(before applying Weakness and Resistance)</em>. When the Pokémon this card is attached to is Knocked Out, your opponent takes 1 more Prize card.",1.49,2.35,96.95,2.1,2.44,Reverse Holofoil,087/099,,,"The Pokemon this card is attached to gets +20 HP and that Pokemon's attacks do 20 more damage to your opponent's Active Pokemon (before applying Weakness and Resistance). When the Pokemon this card is attached to is Knocked Out, your opponent takes 1 more Prize card.",,,,,,
164164,Fraxure - 87/101 (League Promo),Fraxure 87 101 League Promo,https://tcgplayer-cdn.tcgplayer.com/product/164164_200w.jpg,3,1539,https://cpt.tcgcsv.com/jHk2,2025-12-11T00:55:58.63,1,Promo,Colorless,,0.5,0.89,3.0,0.81,0.99,Reverse Holofoil,087/101,90,Stage 1,[1] Scratch (20),,,2,"[2] Dual Chop (30x) 
<br>Flip 2 coins. This attack does 30 damage times the number of heads.",,
164202,Gabite - 59/147 (Championship Promo),Gabite 59 147 Championship Promo,https://tcgplayer-cdn.tcgplayer.com/product/164202_200w.jpg,3,1539,https://cpt.tcgcsv.com/3Jk2,2022-09-26T19:19:30.447,1,Promo,Colorless,,15.0,37.31,115.0,38.79,,Reverse Holofoil,059/147,80,Stage 1,"[0] Healing Scale
<br>Remove 1 damage counter form each of your Pokémon.",C+20,,1,"[2] Sand Tomb (30) 
<br>The Defending Pokémon can't retreat during your next turn.",,
164203,Gabite - 59/147 (Championship Promo) [Staff],Gabite 59 147 Championship Promo Staff,https://tcgplayer-cdn.tcgplayer.com/product/164203_200w.jpg,3,1539,https://cpt.tcgcsv.com/5Jk2,2022-09-26T19:19:35.38,1,Promo,Colorless,,,,,,,,059/147,80,Stage 1,"[0] Healing Scale
<br>Remove 1 damage counter form each of your Pokémon.",C+20,,1,"[2] Sand Tomb (30) 
<br>The Defending Pokémon can't retreat during your next turn.",,
164206,Garchomp - 5/147 (Championship Promo),Garchomp 5 147 Championship Promo,https://tcgplayer-cdn.tcgplayer.com/product/164206_200w.jpg,3,1539,https://cpt.tcgcsv.com/8Jk2,2022-09-26T19:19:41.143,1,Promo,Colorless,"<strong>Poké-BODY — Dragon Intimidation</strong>
<br>
If Garchomp is your Active Pokémon and is damaged by an opponent's attack <em>(even if Garchomp is Knocked Out)</em>, choose an Energy card attached to the Attacking Pokémon and put it into your opponent's hand.",140.0,140.0,140.0,55.15,,Reverse Holofoil,005/147,130,Stage 2,"[2] Guard Claw (40) 
<br>During your opponent's next turn, any damage done to Garchomp by attacks is reduced by 20 <em>(after applying Weakness and Resistance)</em>.",C+30,,,"[3] Speed Impact (120-) 
<br>Does 120 damage minus 20 damage for each Energy attached to the Defending Pokémon.",,
164207,Garchomp - 5/147 (Championship Promo) [Staff],Garchomp 5 147 Championship Promo Staff,https://tcgplayer-cdn.tcgplayer.com/product/164207_200w.jpg,3,1539,https://cpt.tcgcsv.com/9Jk2,2022-09-26T19:19:46.8,1,Promo,Colorless,"<strong>Poké-BODY — Dragon Intimidation</strong>
<br>
If Garchomp is your Active Pokémon and is damaged by an opponent's attack <em>(even if Garchomp is Knocked Out)</em>, choose an Energy card attached to the Attacking Pokémon and put it into your opponent's hand.",487.0,508.5,529.99,350.0,,Reverse Holofoil,005/147,130,Stage 2,"[2] Guard Claw (40) 
<br>During your opponent's next turn, any damage done to Garchomp by attacks is reduced by 20 <em>(after applying Weakness and Resistance)</em>.",C+30,,,"[3] Speed Impact (120-) 
<br>Does 120 damage minus 20 damage for each Energy attached to the Defending Pokémon.",,
164209,Gible - 106/147 (Championship Promo),Gible 106 147 Championship Promo,https://tcgplayer-cdn.tcgplayer.com/product/164209_200w.jpg,3,1539,https://cpt.tcgcsv.com/cJk2,2023-10-31T08:10:41.077,1,Promo,Colorless,,6.0,8.94,11.11,9.22,,Reverse Holofoil,106/147,60,Basic,"[1] Sand Attack
<br>If the Defending Pokémon tries to attack during your opponent's next turn, your opponent flips a coin. If tails, that attack does nothing.",C+10,,1,[1] Bite (10),,
164210,Gible - 106/147 (Championship Promo) [Staff],Gible 106 147 Championship Promo Staff,https://tcgplayer-cdn.tcgplayer.com/product/164210_200w.jpg,3,1539,https://cpt.tcgcsv.com/dJk2,2022-08-18T18:45:34.267,1,Promo,Colorless,,65.0,65.0,65.0,56.28,,Reverse Holofoil,106/147,60,Basic,"[1] Sand Attack
<br>If the Defending Pokémon tries to attack during your opponent's next turn, your opponent flips a coin. If tails, that attack does nothing.",C+10,,1,[1] Bite (10),,
164211,Krokorok - 64/114 (League Promo),Krokorok 64 114 League Promo,https://tcgplayer-cdn.tcgplayer.com/product/164211_200w.jpg,3,1539,https://cpt.tcgcsv.com/fJk2,2022-09-26T20:01:20.087,1,Promo,Fighting,,0.4,0.97,6.99,0.75,,Reverse Holofoil,064/114,90,Stage 1,"[1] Torment (10) 
<br>Choose 1 of the Defending Pokémon's attacks. That Pokémon can't use that attack during your opponent's next turn.",Wx2,L-20,2,[2F] Bite (50),,
164212,Lillipup - 81/114 (League Promo),Lillipup 81 114 League Promo,https://tcgplayer-cdn.tcgplayer.com/product/164212_200w.jpg,3,1539,https://cpt.tcgcsv.com/gJk2,2022-09-26T20:02:21.533,1,Promo,Colorless,,0.65,2.0,2.49,1.3,2.49,Reverse Holofoil,081/114,60,Basic,"[1] Collect
<br>Draw a card.",Fx2,,1,[2] Tackle (20),,
164215,Oshawott - 27/114 (League Promo),Oshawott 27 114 League Promo,https://tcgplayer-cdn.tcgplayer.com/product/164215_200w.jpg,3,1539,https://cpt.tcgcsv.com/kJk2,2026-02-25T15:53:43.56,1,Promo,Water,,6.99,22.69,204.99,6.82,14.0,Reverse Holofoil,027/114,60,Basic,[W] Tackle (10),Lx2,,1,[1W] Water Gun (20),,
164216,Poliwag - 58/95 (League Promo),Poliwag 58 95 League Promo,https://tcgplayer-cdn.tcgplayer.com/product/164216_200w.jpg,3,1539,https://cpt.tcgcsv.com/lJk2,2025-11-25T15:19:19.427,1,Promo,Water,,6.49,9.69,19.99,7.11,19.99,Reverse Holofoil,058/095,50,Basic,"[1] Call for Family
<br>Search your deck for a Basic Pokémon and put it onto your Bench. Shuffle your deck afterward.",Lx2,,1,[1W] Razor Fin (20),,
164217,Poliwag - 58/95 (League Promo) [Staff],Poliwag 58 95 League Promo Staff,https://tcgplayer-cdn.tcgplayer.com/product/164217_200w.jpg,3,1539,https://cpt.tcgcsv.com/mJk2,2022-09-26T20:14:08.357,1,Promo,Water,,85.0,92.5,100.0,35.52,,Reverse Holofoil,058/095,50,Basic,"[1] Call for Family
<br>Search your deck for a Basic Pokémon and put it onto your Bench. Shuffle your deck afterward.",Lx2,,1,[1W] Razor Fin (20),,
164280,Snivy - 1/114 (League Promo),Snivy 1 114 League Promo,https://tcgplayer-cdn.tcgplayer.com/product/164280_200w.jpg,3,1539,https://cpt.tcgcsv.com/DKk2,2026-02-04T19:33:55.85,1,Promo,Grass,,0.98,2.0,96.95,2.12,5.0,Reverse Holofoil,001/114,60,Basic,[G] Tackle (10),Rx2,W-20,1,[1G] Vine Whip (20),,
164281,Snorlax - 33/111 (League Promo),Snorlax 33 111 League Promo,https://tcgplayer-cdn.tcgplayer.com/product/164281_200w.jpg,3,1539,https://cpt.tcgcsv.com/FKk2,2026-02-17T07:04:13.52,1,Promo,Colorless,,35.99,45.0,100.0,36.52,,Reverse Holofoil,033/111,100,Basic,"[0] Pick and Collect
<br>Search your discard pile for up to 4 basic Energy cards, show them to your opponent, and put them into your hand.",F+20,,4,"[4] Roll Over (60) 
<br>Flip a coin. If heads, both Snorlax and the Defending Pokémon are now Asleep. If tails, Snorlax is now Asleep.",,
164282,Spiritomb - 32/99 (League Promo),Spiritomb 32 99 League Promo,https://tcgplayer-cdn.tcgplayer.com/product/164282_200w.jpg,3,1539,https://cpt.tcgcsv.com/GKk2,2022-09-26T20:30:12.17,1,Promo,Darkness,"<strong>Poké-BODY — Keystone Seal</strong>
<br>
As long as Spiritomb is your Active Pokémon, each player can'tplay any Trainer cards from his or her hand.",4.33,5.0,9.0,4.83,5.0,Reverse Holofoil,032/099,60,Basic,"[0] Darkness Grace
<br>Search your deck for a card that evolves from 1 of your Pokémon and put it onto that Pokémon. (This counts as evolving that Pokémon.) If you do, put 1 damage counter on Spiritomb. Shuffle your deck afterward.",,C-20,1,[D] Will-o'-the-wisp (10),,
164283,Steelix - 24/95 (League Promo),Steelix 24 95 League Promo,https://tcgplayer-cdn.tcgplayer.com/product/164283_200w.jpg,3,1539,https://cpt.tcgcsv.com/HKk2,2026-01-02T18:39:20.72,1,Promo,Metal,,5.01,6.81,9.36,6.24,,Reverse Holofoil,024/095,120,Stage 1,"[2M] Guard Press (40)
<br>During your opponent's next turn, any damage done to Steelix by attacks is reduced by 20 <em>(after applying Weakness and Resistance)</em>.",Rx2,P-20,4,"[2MM] Steel Swing (80x)
<br>Flip 2 coins. This attack does 80 damage times the number of heads.",,
164284,Tepig - 15/114 (League Promo),Tepig 15 114 League Promo,https://tcgplayer-cdn.tcgplayer.com/product/164284_200w.jpg,3,1539,https://cpt.tcgcsv.com/JKk2,2026-02-25T15:54:12.487,1,Promo,Fire,,1.51,2.22,96.95,2.38,1.51,Reverse Holofoil,015/114,60,Basic,[R] Tackle (10),Wx2,,1,[1R] Rollout (20),,
164285,Unfezant - 82/98 (League Promo),Unfezant 82 98 League Promo,https://tcgplayer-cdn.tcgplayer.com/product/164285_200w.jpg,3,1539,https://cpt.tcgcsv.com/KKk2,2026-02-25T16:05:05.943,1,Promo,Colorless,,0.39,0.68,2.49,0.6,,Reverse Holofoil,082/098,120,Stage 2,"[1] Tailwind
<br>Attach an Energy card from your hand to 1 of your Pokémon.",Lx2,F-20,,"[3] Feather Strike (40+) 
<br>Flip a coin. If heads, this attack does 40 more damage. If tails, discard an Energy attached to the Defending Pokémon.",,
164286,Warp Point - 88/100 (League Promo),Warp Point 88 100 League Promo,https://tcgplayer-cdn.tcgplayer.com/product/164286_200w.jpg,3,1539,https://cpt.tcgcsv.com/LKk2,2025-11-25T16:01:39.79,1,Promo,Trainer,"Your opponent switches 1 of his or her Defending Pokémon with 1 of his or her Benched Pokémon, if any. You switch 1 of your Active Pokémon with 1 of your Benched Pokémon, if any.",2.5,4.99,96.95,2.26,4.0,Reverse Holofoil,088/100,,,"Your opponent switches 1 of his or her Defending Pokemon with 1 of his or her Benched Pokemon, if any.  You switch 1 of your Active Pokemon with 1 of your Benched Pokemon, if any.",,,,,,
164287,Watchog - 79/114 (League Promo),Watchog 79 114 League Promo,https://tcgplayer-cdn.tcgplayer.com/product/164287_200w.jpg,3,1539,https://cpt.tcgcsv.com/MKk2,2022-09-26T20:35:57.653,1,Promo,Colorless,,0.65,0.88,3.01,0.82,,Reverse Holofoil,079/114,90,Stage 1,"[2] Confuse Ray
<br>The Defending Pokémon is now Confused.",Fx2,,1,"[2] Hyper Fang (60) 
<br>Flip a coin. If tails, this attack does nothing.",,
164288,Whirlipede - 53/114 (League Promo),Whirlipede 53 114 League Promo,https://tcgplayer-cdn.tcgplayer.com/product/164288_200w.jpg,3,1539,https://cpt.tcgcsv.com/NKk2,2023-03-02T16:07:16.397,1,Promo,Psychic,,0.33,0.99,2.0,0.74,,Reverse Holofoil,053/114,90,Stage 1,"[1P] Poison Sting (20)
<br>The Defending Pokémon is now Poisoned.",Px2,,2,[2P] Rollout (50),,
164289,Claydol - 15/106 (League Promo),Claydol 15 106 League Promo,https://tcgplayer-cdn.tcgplayer.com/product/164289_200w.jpg,3,1539,https://cpt.tcgcsv.com/PKk2,2025-11-20T22:58:32.923,1,Promo,Fighting,"<strong>Poké-POWER — Cosmic Power</strong>
<br>
Once during your turn <em>(before your attack)</em>, you may choose up to 2 cards from your hand and put them on the bottom of your deck in any order. If you do, draw cards until you have 6 cards in your hand. This power can't be used if Claydol is affected by a Special Condition.",1.25,2.26,5.99,2.22,2.03,Reverse Holofoil,015/106,80,Stage 1,[1F] Spinning Attack (40),G+20,,2,,,
164388,Cynthia - 119/156 (Regional Championships),Cynthia 119 156 Regional Championships,https://tcgplayer-cdn.tcgplayer.com/product/164388_200w.jpg,3,1539,https://cpt.tcgcsv.com/NMk2,2022-08-16T17:06:01.49,1,Promo,Supporter,"Shuffle your hand into your deck. Then, draw 6 cards.
<br><br>
You may play only 1 Supporter card during your turn <em>(before your attack)</em>.",13.79,15.0,19.98,17.93,,Reverse Holofoil,119/156,,,,,,,,,
164458,Blend Energy WLFM - 118/124 (League Promo),Blend Energy WLFM 118 124 League Promo,https://tcgplayer-cdn.tcgplayer.com/product/164458_200w.jpg,3,1539,https://cpt.tcgcsv.com/bPk2,2022-08-16T15:52:50.107,1,Promo,Energy,"This card provides 1 Energy. When this card is attached to a Pokémon, this card provides Water, Lightning, Fighting, or Metal Energy but provides only 1 Energy at a time.",12.0,14.97,24.97,14.48,,Reverse Holofoil,118/124,,Special Energy,,,,,,,
164788,Torterra - 9/156 (Pokemon League),Torterra 9 156 Pokemon League,https://tcgplayer-cdn.tcgplayer.com/product/164788_200w.jpg,3,1539,https://cpt.tcgcsv.com/NWk2,2026-02-25T15:16:13.193,1,Promo,Grass,,0.6,1.04,96.95,1.11,19.98,Reverse Holofoil,009/156,180,Stage 2,"[1GG] Giga Drain (50)
<br>Heal from this Pokémon the same amount of damage you did to your opponent's Active Pokémon.",Rx2,,4,"[1GGG] Earthquake (180)
<br>This attack does 20 damage to each of your Benched Pokémon. <em>(Don't apply Weakness and Resistance for Benched Pokémon.)</em>",,
166499,Infernape - 23/156 (Pokemon League),Infernape 23 156 Pokemon League,https://tcgplayer-cdn.tcgplayer.com/product/166499_200w.jpg,3,1539,https://cpt.tcgcsv.com/_Cl2,2025-12-08T20:51:01.01,1,Promo,Fire,"<strong>Ability — Flaming Fighter</strong>
<br>Put 6 damage counters instead of 2 on your opponent's Burned Pokémon between turns.",0.65,0.99,34.99,0.92,0.87,Reverse Holofoil,023/156,130,Stage 2,"[1R] Burst Punch (50)
<br>Your opponent's Active Pokémon is now Burned.",Wx2,,1,,,
166500,Magnezone - 83/156 (League Challenge) [1st Place],Magnezone 83 156 League Challenge 1st Place,https://tcgplayer-cdn.tcgplayer.com/product/166500_200w.jpg,3,1539,https://cpt.tcgcsv.com/0Dl2,2022-09-26T20:04:46.227,1,Promo,Metal,"<strong>Ability — Magnetic Circuit</strong>
<br>As often as you like during your turn <em>(before your attack)</em>, you may attach a Metal Energy card from your hand to 1 of your Pokémon.",8.42,50.26,50.27,14.85,,Reverse Holofoil,083/156,150,Stage 2,"[1MMM] Zap Cannon (130)
<br>This Pokémon can't use Zap Cannon during your next turn.",Rx2,P-20,2,,,
166501,Magnezone - 83/156 (League Challenge) [4th Place],Magnezone 83 156 League Challenge 4th Place,https://tcgplayer-cdn.tcgplayer.com/product/166501_200w.jpg,3,1539,https://cpt.tcgcsv.com/2Dl2,2022-09-26T20:06:46.47,1,Promo,Metal,"<strong>Ability — Magnetic Circuit</strong>
<br>As often as you like during your turn <em>(before your attack)</em>, you may attach a Metal Energy card from your hand to 1 of your Pokémon.",2.45,6.99,6.99,3.7,,Reverse Holofoil,083/156,150,Stage 2,"[1MMM] Zap Cannon (130)
<br>This Pokémon can't use Zap Cannon during your next turn.",Rx2,P-20,2,,,
166502,Magnezone - 83/156 (League Challenge) [2nd Place],Magnezone 83 156 League Challenge 2nd Place,https://tcgplayer-cdn.tcgplayer.com/product/166502_200w.jpg,3,1539,https://cpt.tcgcsv.com/3Dl2,2022-09-26T20:04:50.707,1,Promo,Metal,"<strong>Ability — Magnetic Circuit</strong>
<br>As often as you like during your turn <em>(before your attack)</em>, you may attach a Metal Energy card from your hand to 1 of your Pokémon.",6.91,7.17,11.69,6.75,,Reverse Holofoil,083/156,150,Stage 2,"[1MMM] Zap Cannon (130)
<br>This Pokémon can't use Zap Cannon during your next turn.",Rx2,P-20,2,,,
166503,Magnezone - 83/156 (League Challenge) [3rd Place],Magnezone 83 156 League Challenge 3rd Place,https://tcgplayer-cdn.tcgplayer.com/product/166503_200w.jpg,3,1539,https://cpt.tcgcsv.com/5Dl2,2022-09-26T20:06:12.97,1,Promo,Metal,"<strong>Ability — Magnetic Circuit</strong>
<br>As often as you like during your turn <em>(before your attack)</em>, you may attach a Metal Energy card from your hand to 1 of your Pokémon.",4.78,5.99,9.99,5.22,,Reverse Holofoil,083/156,150,Stage 2,"[1MMM] Zap Cannon (130)
<br>This Pokémon can't use Zap Cannon during your next turn.",Rx2,P-20,2,,,
166530,Delibird - 38/149 (Pokemon League) [1st Place],Delibird 38 149 Pokemon League 1st Place,https://tcgplayer-cdn.tcgplayer.com/product/166530_200w.jpg,3,1539,https://cpt.tcgcsv.com/DDl2,2022-09-26T19:06:17.917,1,Promo,Water,,149.99,149.99,149.99,38.5,,Reverse Holofoil,038/149,80,Basic,"[1] Present
<br>
Flip a coin. If heads, search your deck for a card and put it into your hand. Shuffle your deck afterward.",Mx2,,1,"[1W] Icy Wind (30)
<br>
The Defending Pokémon is now Asleep.",,
166531,Delibird - 38/149 (Pokemon League) [2nd Place],Delibird 38 149 Pokemon League 2nd Place,https://tcgplayer-cdn.tcgplayer.com/product/166531_200w.jpg,3,1539,https://cpt.tcgcsv.com/FDl2,2022-09-26T19:06:29.947,1,Promo,Water,,5.85,6.46,7.06,8.67,,Reverse Holofoil,038/149,80,Basic,"[1] Present
<br>
Flip a coin. If heads, search your deck for a card and put it into your hand. Shuffle your deck afterward.",Mx2,,1,"[1W] Icy Wind (30)
<br>
The Defending Pokémon is now Asleep.",,
166532,Delibird - 38/149 (Pokemon League) [3rd Place],Delibird 38 149 Pokemon League 3rd Place,https://tcgplayer-cdn.tcgplayer.com/product/166532_200w.jpg,3,1539,https://cpt.tcgcsv.com/GDl2,2022-09-26T19:06:34.74,1,Promo,Water,,8.99,8.99,8.99,7.47,,Reverse Holofoil,038/149,80,Basic,"[1] Present
<br>
Flip a coin. If heads, search your deck for a card and put it into your hand. Shuffle your deck afterward.",Mx2,,1,"[1W] Icy Wind (30)
<br>
The Defending Pokémon is now Asleep.",,
166533,Delibird - 38/149 (Pokemon League) [4th Place],Delibird 38 149 Pokemon League 4th Place,https://tcgplayer-cdn.tcgplayer.com/product/166533_200w.jpg,3,1539,https://cpt.tcgcsv.com/HDl2,2022-09-26T19:07:01.547,1,Promo,Water,,6.0,6.66,7.31,7.09,,Reverse Holofoil,038/149,80,Basic,"[1] Present
<br>
Flip a coin. If heads, search your deck for a card and put it into your hand. Shuffle your deck afterward.",Mx2,,1,"[1W] Icy Wind (30)
<br>
The Defending Pokémon is now Asleep.",,
166670,Diantha - 105/131 (Regional Championships),Diantha 105 131 Regional Championships,https://tcgplayer-cdn.tcgplayer.com/product/166670_200w.jpg,3,1539,https://cpt.tcgcsv.com/qHl2,2022-08-16T18:42:16.08,1,Promo,Supporter,"You can play this card only if 1 of your Fairy Pokémon was Knocked Out during your opponent's last turn.
<br>Put 2 cards from your discard pile into your hand.
<br><br>
You may play only 1 Supporter card during your turn <em>(before your attack)</em>.",5.01,5.01,5.01,3.39,,Reverse Holofoil,105/131,,,,,,,,,
166678,Empoleon - 34/156 (Pokemon League),Empoleon 34 156 Pokemon League,https://tcgplayer-cdn.tcgplayer.com/product/166678_200w.jpg,3,1539,https://cpt.tcgcsv.com/BHl2,2025-10-31T19:02:10.387,1,Promo,Water,,0.25,0.59,2.71,0.73,0.99,Reverse Holofoil,034/156,160,Stage 2,"[1W] Total Command (20x)
<br>This attack does 20 damage for each Benched Pokémon <em>(both yours and your opponent's)</em>.",Lx2,,2,"[1WW] Whirlpool (90)
<br>Discard an Energy from your opponent's Active Pokémon.",,
167128,Plasma Energy (Special) - 106/116 (Play! Pokemon),Plasma Energy Special 106 116 Play Pokemon,https://tcgplayer-cdn.tcgplayer.com/product/167128_200w.jpg,3,1539,https://cpt.tcgcsv.com/BSl2,2022-08-24T17:30:29.31,1,Promo,Special Plasma Energy,This card provides 1 Energy.,3.49,5.73,19.99,5.75,4.35,Reverse Holofoil,106/116,,,,,,,,,
167129,Psychic Energy (2010 Play! Pokemon),Psychic Energy 2010 Play Pokemon,https://tcgplayer-cdn.tcgplayer.com/product/167129_200w.jpg,3,1539,https://cpt.tcgcsv.com/CSl2,2022-08-24T19:53:32.51,1,Promo,Basic Psychic Energy,<em>Crosshatched foiling; Copyright Date: 2010 Pokémon/Nintendo</em>,6.65,9.0,10.57,7.29,,Holofoil,,,,,,,,,,
168252,Cynthia - 119/156 (Regional Championships) [Staff],Cynthia 119 156 Regional Championships Staff,https://tcgplayer-cdn.tcgplayer.com/product/168252_200w.jpg,3,1539,https://cpt.tcgcsv.com/3km2,2022-08-16T17:06:24.337,1,Promo,Supporter,"Shuffle your hand into your deck. Then, draw 6 cards.
<br><br>
You may play only 1 Supporter card during your turn <em>(before your attack)</em>.",150.0,150.0,150.0,127.0,,Reverse Holofoil,119/156,,,,,,,,,
168539,Fire Energy (2011 Pokemon League),Fire Energy 2011 Pokemon League,https://tcgplayer-cdn.tcgplayer.com/product/168539_200w.jpg,3,1539,https://cpt.tcgcsv.com/Pqm2,2022-08-16T20:41:37.53,1,Promo,Basic Fire Energy,<em>Crosshatch Foiling; Copyright Date: 2011 Pokémon/</em>,6.0,6.82,9.95,6.1,,Holofoil,,,,,,,,,,
168540,Water Energy (2011 Pokemon League Promo),Water Energy 2011 Pokemon League Promo,https://tcgplayer-cdn.tcgplayer.com/product/168540_200w.jpg,3,1539,https://cpt.tcgcsv.com/Qqm2,2022-08-24T22:09:50.377,1,Promo,Basic Water Energy,<em>Crosshatched foiling; Copyright Date: 2011 Pokémon/Nintendo</em>,4.5,5.22,8.47,4.98,,Holofoil,,,,,,,,,,
168542,Fighting Energy (2011 Pokemon League),Fighting Energy 2011 Pokemon League,https://tcgplayer-cdn.tcgplayer.com/product/168542_200w.jpg,3,1539,https://cpt.tcgcsv.com/Sqm2,2026-02-27T23:12:54.473,1,Promo,Basic Fighting Energy,<em>Crosshatch Foiling; Copyright Date: 2011 Pokémon</em>,2.43,4.74,5.24,3.27,,Holofoil,,,,,,,,,,
168543,Metal Energy (2011 Pokemon League),Metal Energy 2011 Pokemon League,https://tcgplayer-cdn.tcgplayer.com/product/168543_200w.jpg,3,1539,https://cpt.tcgcsv.com/Tqm2,2022-08-24T15:39:50.123,1,Promo,Basic Metal Energy,<em>Crosshatched foiling; Copyright Date: 2011 Pokémon/Nintendo</em>,3.99,4.69,12.0,9.98,,Holofoil,,,,,,,,,,
169142,Buzzwole - 77/131 (Pokemon League),Buzzwole 77 131 Pokemon League,https://tcgplayer-cdn.tcgplayer.com/product/169142_200w.jpg,3,1539,https://cpt.tcgcsv.com/SGm2,2025-12-01T22:53:37.913,1,Promo,Fighting,,0.5,1.0,4.99,1.16,0.69,Reverse Holofoil,077/131,130,Basic,"[F] Sledgehammer (30+)
<br>If your opponent has exactly 4 Prize cards remaining, this attack does 90 more damage.",Px2,,2,"[1FF] Swing Around (80+)
<br>Flip 2 coins. This attack does 20 more damage for each heads.",,
169143,Mysterious Treasure - 113/131 (League Cup),Mysterious Treasure 113 131 League Cup,https://tcgplayer-cdn.tcgplayer.com/product/169143_200w.jpg,3,1539,https://cpt.tcgcsv.com/TGm2,2023-07-11T05:31:55.133,1,Promo,Item,"Discard a card from your hand. If you do, search your deck for a Psychic or Dragon Pokémon, reveal it, and put it into your hand. Then, shuffle your deck.
<br><br>
You may play as many Item cards as you like during your turn <em>(before your attack)</em>",2.0,3.3,96.95,2.04,96.95,Reverse Holofoil,113/131,,,,,,,,,
169144,Mysterious Treasure - 113/131 (League Cup) [Staff],Mysterious Treasure 113 131 League Cup Staff,https://tcgplayer-cdn.tcgplayer.com/product/169144_200w.jpg,3,1539,https://cpt.tcgcsv.com/VGm2,2022-08-26T11:15:33.46,1,Promo,Item,"Discard a card from your hand. If you do, search your deck for a Psychic or Dragon Pokémon, reveal it, and put it into your hand. Then, shuffle your deck.
<br><br>
You may play as many Item cards as you like during your turn <em>(before your attack)</em>",12.97,14.74,29.99,15.83,,Reverse Holofoil,113/131,,,,,,,,,
169669,Guzzlord - 80/131 (Pokemon League),Guzzlord 80 131 Pokemon League,https://tcgplayer-cdn.tcgplayer.com/product/169669_200w.jpg,3,1539,https://cpt.tcgcsv.com/pTm2,2025-11-21T05:25:18.583,1,Promo,Darkness,,0.51,0.93,1.45,0.97,0.51,Reverse Holofoil,080/131,160,Basic,"[DDDD] Lord's Valley (160)
<br>If you have exactly 2, 4, or 6 Prize cards remaining, discard the top 10 cards of your deck.",Fx2,P-20,4,,,
170337,Beast Ring - 102/131 (Pokemon League),Beast Ring 102 131 Pokemon League,https://tcgplayer-cdn.tcgplayer.com/product/170337_200w.jpg,3,1539,https://cpt.tcgcsv.com/M8n2,2026-02-12T23:49:38.893,1,Promo,Item,"You can play this card only if your opponent has exactly 3 or 4 Prize cards remaining.
<br>Search your deck for up to 2 basic Energy cards and attach them to 1 of your Ultra Beasts. Then, shuffle your deck.
<br><br>
You may play as many Item cards as you like during your turn <em>(before your attack)</em>.",0.2,0.5,5.99,0.51,0.33,Reverse Holofoil,102/131,,,,,,,,,
170338,Malamar - 51/131 (League Challenge) [1st Place],Malamar 51 131 League Challenge 1st Place,https://tcgplayer-cdn.tcgplayer.com/product/170338_200w.jpg,3,1539,https://cpt.tcgcsv.com/N8n2,2022-09-26T20:06:55.817,1,Promo,Psychic,"<strong>Ability — Psychic Recharge</strong>
<br>Once during your turn <em>(before your attack)</em>, you may attach a Psychic Energy card from your discard pile to 1 of your Benched Pokémon.",4.0,4.74,9.99,5.46,,Reverse Holofoil,051/131,90,Stage 1,[1PP] Psychic Sphere (60),Px2,,2,,,
170339,Malamar - 51/131 (League Challenge) [2nd Place],Malamar 51 131 League Challenge 2nd Place,https://tcgplayer-cdn.tcgplayer.com/product/170339_200w.jpg,3,1539,https://cpt.tcgcsv.com/P8n2,2022-09-26T20:07:00.5,1,Promo,Psychic,"<strong>Ability — Psychic Recharge</strong>
<br>Once during your turn <em>(before your attack)</em>, you may attach a Psychic Energy card from your discard pile to 1 of your Benched Pokémon.",1.33,6.0,6.95,4.0,,Reverse Holofoil,051/131,90,Stage 1,[1PP] Psychic Sphere (60),Px2,,2,,,
170340,Malamar - 51/131 (League Challenge) [3rd Place],Malamar 51 131 League Challenge 3rd Place,https://tcgplayer-cdn.tcgplayer.com/product/170340_200w.jpg,3,1539,https://cpt.tcgcsv.com/Q8n2,2024-08-28T16:28:35.74,1,Promo,Psychic,"<strong>Ability — Psychic Recharge</strong>
<br>Once during your turn <em>(before your attack)</em>, you may attach a Psychic Energy card from your discard pile to 1 of your Benched Pokémon.",3.6,4.08,5.0,2.77,,Reverse Holofoil,051/113,90,Stage 1,[1PP] Psychic Sphere (60),Px2,None,2,,,
170341,Malamar - 51/131 (League Challenge) [4th Place],Malamar 51 131 League Challenge 4th Place,https://tcgplayer-cdn.tcgplayer.com/product/170341_200w.jpg,3,1539,https://cpt.tcgcsv.com/R8n2,2025-11-20T19:35:06.84,1,Promo,Psychic,"<strong>Ability — Psychic Recharge</strong>
<br>Once during your turn <em>(before your attack)</em>, you may attach a Psychic Energy card from your discard pile to 1 of your Benched Pokémon.",1.41,2.87,4.32,2.75,,Reverse Holofoil,051/131,90,Stage 1,[1PP] Psychic Sphere (60),Px2,,2,,,
170346,Ultra Ball - 135/149 (North America Championships),Ultra Ball 135 149 North America Championships,https://tcgplayer-cdn.tcgplayer.com/product/170346_200w.jpg,3,1539,https://cpt.tcgcsv.com/X8n2,2022-08-24T21:33:51.93,1,Promo,Item,"Discard 2 cards from your hand. If you do, search your deck for a Pokémon, reveal it, and put it into your hand. Then, shuffle your deck.
<br><br>
You may play as many Item cards as you like during your turn <em>(before your attack)</em>.",56.68,69.7,184.78,53.99,,Reverse Holofoil,135/149,,,,,,,,,
170347,Ultra Ball - 135/149 (North America Championships) [Staff],Ultra Ball 135 149 North America Championships Staff,https://tcgplayer-cdn.tcgplayer.com/product/170347_200w.jpg,3,1539,https://cpt.tcgcsv.com/Z8n2,2022-08-24T21:34:16.867,1,Promo,Item,"Discard 2 cards from your hand. If you do, search your deck for a Pokémon, reveal it, and put it into your hand. Then, shuffle your deck.
<br><br>
You may play as many Item cards as you like during your turn <em>(before your attack)</em>.",70.0,81.85,93.69,95.0,,Reverse Holofoil,135/149,,,,,,,,,
173099,Pokemon Catcher - 95/98 (Player Rewards),Pokemon Catcher 95 98 Player Rewards,https://tcgplayer-cdn.tcgplayer.com/product/173099_200w.jpg,3,1539,https://cpt.tcgcsv.com/_fp2,2022-09-26T20:13:09.03,1,Promo,Item,"Switch your opponent's Active Pokémon with 1 of his or her Benched Pokémon.
<br><br>
You may play as many Item cards as you like during your turn <em>(before your attack)</em>.",,,,,,,095/098,,,,,,,,,
173641,Giovanni's Scheme - 138/162 (Regional Championships),Giovannis Scheme 138 162 Regional Championships,https://tcgplayer-cdn.tcgplayer.com/product/173641_200w.jpg,3,1539,https://cpt.tcgcsv.com/Rsp2,2022-08-18T18:48:12.447,1,Promo,Supporter,"Choose 1:
<br>• Draw cards until you have 5 cards in your hand.
<br>• During this turn, your Pokémon's attacks do 20 more damage to your opponent's Active Pokémon <em>(before applying Weakness and Resistance)</em>.
<br><br>
You may play only 1 Supporter card during your turn <em>(before your attack)</em>.",199.99,199.99,199.99,6.44,,Reverse Holofoil,138/162,,,,,,,,,
173642,Giovanni's Scheme - 138/162 (Regional Championships) [Staff],Giovannis Scheme 138 162 Regional Championships Staff,https://tcgplayer-cdn.tcgplayer.com/product/173642_200w.jpg,3,1539,https://cpt.tcgcsv.com/Ssp2,2022-08-18T18:50:00.75,1,Promo,Supporter,"Choose 1:
<br>• Draw cards until you have 5 cards in your hand.
<br>• During this turn, your Pokémon's attacks do 20 more damage to your opponent's Active Pokémon <em>(before applying Weakness and Resistance)</em>.
<br><br>
You may play only 1 Supporter card during your turn <em>(before your attack)</em>.",31.85,31.85,31.85,37.68,,Reverse Holofoil,138/165,,,,,,,,,
174430,Pokemon Ranger - 104/114 (Regional Championships),Pokemon Ranger 104 114 Regional Championships,https://tcgplayer-cdn.tcgplayer.com/product/174430_200w.jpg,3,1539,https://cpt.tcgcsv.com/DNp2,2022-08-24T17:43:19.41,1,Promo,Supporter,"Remove all effects of attacks on each player and his or her Pokémon.
<br>
<br>You may play only 1 Supporter card during your turn <em>(before your attack)</em>.",2.0,3.75,5.0,2.8,,Reverse Holofoil,104/114,,,,,,,,,
174486,Double Colorless Energy - 90/108 (North America Championships) [Staff],Double Colorless Energy 90 108 North America Championships Staff,https://tcgplayer-cdn.tcgplayer.com/product/174486_200w.jpg,3,1539,https://cpt.tcgcsv.com/LPp2,2022-09-26T19:11:29.213,1,Promo,Special Energy,Double Colorless Energy provides 2 Energy.,125.0,140.0,149.99,140.0,,Reverse Holofoil,090/123,,,,,,,,,
174487,Gladion - 95/111 (Regional Championships) [Staff],Gladion 95 111 Regional Championships Staff,https://tcgplayer-cdn.tcgplayer.com/product/174487_200w.jpg,3,1539,https://cpt.tcgcsv.com/MPp2,2022-09-26T19:21:59.157,1,Promo,Supporter,"Look at your face-down Prize cards and put 1 of them into your hand. Then, shuffle this Gladion into your remaining Prize cards and put them back face down. If you didn't play this Gladion from your hand, it does nothing.
<br><br>
<em>You may play only 1 Supporter card during your turn (before your attack)</em>.",20.0,50.45,54.05,50.28,,Reverse Holofoil,095/111,,,,,,,,,
174490,Blastoise - 14/100 (National Championships),Blastoise 14 100 National Championships,https://tcgplayer-cdn.tcgplayer.com/product/174490_200w.jpg,3,1539,https://cpt.tcgcsv.com/QPp2,2022-09-26T18:57:25.653,1,Promo,Water,"<Strong>Poké-BODY — Water Pressure</strong>
<br>As long as Blastoise's remaining HP is 40 or less, Blastoise does 40 more damage to the Defending Pokémon <em>(before applying Weakness and Resistance)</em>.",127.46,127.46,127.46,102.44,,Normal,014/100,120,Stage 2,"[2W] Hydro Pump (50+) 
<br>Does 50 damage plus 20 more damage for each Water Energy attached to Blastoise but not used to pay for this attack's Energy cost. You can't add more than 40 damage in this way.",L,,2,,,
174491,Blastoise - 14/100 (National Championships) [Staff],Blastoise 14 100 National Championships Staff,https://tcgplayer-cdn.tcgplayer.com/product/174491_200w.jpg,3,1539,https://cpt.tcgcsv.com/RPp2,2022-09-26T18:57:32.113,1,Promo,Water,"<Strong>Poké-BODY — Water Pressure</strong>
<br>As long as Blastoise's remaining HP is 40 or less, Blastoise does 40 more damage to the Defending Pokémon <em>(before applying Weakness and Resistance)</em>.",899.99,899.99,899.99,,,Normal,014/100,120,Stage 2,"[2W] Hydro Pump (50+) 
<br>Does 50 damage plus 20 more damage for each Water Energy attached to Blastoise but not used to pay for this attack's Energy cost. You can't add more than 40 damage in this way.",L,,2,,,
174492,Deoxys - 16/107 (Regional Championships),Deoxys 16 107 Regional Championships,https://tcgplayer-cdn.tcgplayer.com/product/174492_200w.jpg,3,1539,https://cpt.tcgcsv.com/SPp2,2022-09-26T19:10:09.977,1,Promo,Psychic,"<strong>Poké-POWER — Form Change</strong>
<br>
Once during your turn <em>(before your attack)</em>, you may search your deck for another Deoxys and switch it with Deoxys. (Any cards attached to Deoxys, damage counters, Special Conditions, and effects on it are now on the new Pokémon.) If you do, put Deoxys on top of your deck. Shuffle your deck afterward. You can't use more than 1 Form Change Poké-Power each turn.",38.75,38.75,38.75,46.08,,Normal,016/107,70,Basic,"[1P] Link Blast (40) 
<br>If Deoxys and the Defending Pokémon have a different amount of Energy attached to them, this attack's base damage is 20 instead of 40.",P,,1,,,
174494,Pokemon Ranger - 104/114 (Regional Championships) [Staff],Pokemon Ranger 104 114 Regional Championships Staff,https://tcgplayer-cdn.tcgplayer.com/product/174494_200w.jpg,3,1539,https://cpt.tcgcsv.com/VPp2,2022-08-24T17:43:53.11,1,Promo,Supporter,"Remove all effects of attacks on each player and his or her Pokémon.
<br>
<br>You may play only 1 Supporter card during your turn <em>(before your attack)</em>.",,,,,,,104/114,,,,,,,,,
174503,Rare Candy - 142/168 (League Cup),Rare Candy 142 168 League Cup,https://tcgplayer-cdn.tcgplayer.com/product/174503_200w.jpg,3,1539,https://cpt.tcgcsv.com/5Qp2,2022-08-24T20:08:45.92,1,Promo,Item,"Choose 1 of your Basic Pokémon in play. If you have a Stage 2 card in your hand that evolves from that Pokémon, put that card on the Basic Pokémon to evolve it. You can't use this card during your first turn or on a Basic Pokémon that was put into play this turn.",14.85,16.46,33.37,13.6,,Reverse Holofoil,142/168,,,,,,,,,
174504,Rare Candy - 142/168 (League Cup) [Staff],Rare Candy 142 168 League Cup Staff,https://tcgplayer-cdn.tcgplayer.com/product/174504_200w.jpg,3,1539,https://cpt.tcgcsv.com/6Qp2,2022-08-24T20:09:10.86,1,Promo,Item,"Choose 1 of your Basic Pokémon in play. If you have a Stage 2 card in your hand that evolves from that Pokémon, put that card on the Basic Pokémon to evolve it. You can't use this card during your first turn or on a Basic Pokémon that was put into play this turn.",54.0,54.33,71.4,71.11,,Reverse Holofoil,142/168,,,,,,,,,
174505,Magcargo - 24/168 (League Challenge) [1st Place],Magcargo 24 168 League Challenge 1st Place,https://tcgplayer-cdn.tcgplayer.com/product/174505_200w.jpg,3,1539,https://cpt.tcgcsv.com/7Qp2,2022-09-26T20:04:19.737,1,Promo,Fire,"<strong>Ability — Smooth Over</strong>
<br>Once during your turn <em>(before your attack)</em>, you may search your deck for a card, shuffle your deck, then put that card on top of it.",10.18,15.0,15.95,11.04,,Reverse Holofoil,024/168,90,Stage 1,[2R] Combustion (50),Wx2,,3,,,
174506,Magcargo - 24/168 (League Challenge) [2nd Place],Magcargo 24 168 League Challenge 2nd Place,https://tcgplayer-cdn.tcgplayer.com/product/174506_200w.jpg,3,1539,https://cpt.tcgcsv.com/8Qp2,2022-09-26T20:04:26.993,1,Promo,Fire,"<strong>Ability — Smooth Over</strong>
<br>Once during your turn <em>(before your attack)</em>, you may search your deck for a card, shuffle your deck, then put that card on top of it.",0.99,5.0,9.99,2.24,,Reverse Holofoil,024/168,90,Stage 1,[2R] Combustion (50),Wx2,,3,,,
174507,Magcargo - 24/168 (Pokemon League) [3rd Place],Magcargo 24 168 Pokemon League 3rd Place,https://tcgplayer-cdn.tcgplayer.com/product/174507_200w.jpg,3,1539,https://cpt.tcgcsv.com/9Qp2,2026-02-10T13:55:12.58,1,Promo,Fire,"<strong>Ability — Smooth Over</strong>
<br>Once during your turn <em>(before your attack)</em>, you may search your deck for a card, shuffle your deck, then put that card on top of it.",1.76,3.0,11.88,2.33,9.99,Reverse Holofoil,024/168,90,Stage 1,[2R] Combustion (50),Wx2,,3,,,
174508,Magcargo - 24/168 (League Challenge) [4th Place],Magcargo 24 168 League Challenge 4th Place,https://tcgplayer-cdn.tcgplayer.com/product/174508_200w.jpg,3,1539,https://cpt.tcgcsv.com/bQp2,2022-09-26T20:04:32.92,1,Promo,Fire,"<strong>Ability — Smooth Over</strong>
<br>Once during your turn <em>(before your attack)</em>, you may search your deck for a card, shuffle your deck, then put that card on top of it.",2.46,4.99,9.99,3.49,,Reverse Holofoil,024/168,90,Stage 1,[2R] Combustion (50),Wx2,,3,,,
175279,Celesteela - 100/168 (Pokemon League),Celesteela 100 168 Pokemon League,https://tcgplayer-cdn.tcgplayer.com/product/175279_200w.jpg,3,1539,https://cpt.tcgcsv.com/C7q2,2025-10-31T19:02:09.71,1,Promo,Metal,,0.4,1.11,4.99,1.18,2.83,Reverse Holofoil,100/168,140,Basic,"[4M] Moonraker (160)
<br>If the total of both players’ remaining Prize cards is 6, this attack can be used for Metal.",Lx2,F-20,4,,,
177130,Turtwig - 103/130 (Cosmos Holofoil),Turtwig 103 130 Cosmos Holofoil,https://tcgplayer-cdn.tcgplayer.com/product/177130_200w.jpg,3,1539,https://cpt.tcgcsv.com/DSq2,2022-08-24T21:31:46.307,1,Promo,Grass,,4.98,7.69,26.29,12.19,,Holofoil,103/130,60,Basic,[0] Tackle (10),R+10,W-20,2,[G] Razor Leaf (20),,
177131,Delibird - 39/123 (League Promo),Delibird 39 123 League Promo,https://tcgplayer-cdn.tcgplayer.com/product/177131_200w.jpg,3,1539,https://cpt.tcgcsv.com/FSq2,2025-12-02T05:41:12.873,1,Promo,Water,,2.0,3.59,96.95,4.13,96.95,Reverse Holofoil,039/123,70,Basic,"[W] Snowy Present
<br>Draw a card for each Water Energy attached to all of your Pokémon.",Mx2,F-20,1,"[1W] Hail 
<br>This attack does 10 damage to each of your opponent's Pokémon. <em>(Don't apply Weakness and Resistance for Benched Pokémon.)</em>",,
177525,Copycat - 127/168 (Regional Championships),Copycat 127 168 Regional Championships,https://tcgplayer-cdn.tcgplayer.com/product/177525_200w.jpg,3,1539,https://cpt.tcgcsv.com/w0r2,2022-11-02T05:32:36.62,1,Promo,Supporter,"Shuffle your hand into your deck. Then, draw a number of cards equal to the number of cards in your opponent’s hand.
<br><br>
You may play only 1 Supporter card during your turn <em>(before your attack)</em>.",21.99,21.99,21.99,3.49,,Reverse Holofoil,127/168,,,,,,,,,
177707,Pokemon Catcher - 36/39 (Pokemon League),Pokemon Catcher 36 39 Pokemon League,https://tcgplayer-cdn.tcgplayer.com/product/177707_200w.jpg,3,1539,https://cpt.tcgcsv.com/96r2,2022-09-26T20:13:03.297,1,Promo,Item,"Flip a coin. If heads, switch 1 of your opponent's Benched Pokémon with his or her Active Pokémon.
<br><br>
You may play as many Item cards as you like during your turn <em>(before your attack)</em>.",3.44,5.0,6.28,5.86,,Reverse Holofoil,036/039,,,,,,,,,
177708,Metagross - 95/168 (Pokemon League),Metagross 95 168 Pokemon League,https://tcgplayer-cdn.tcgplayer.com/product/177708_200w.jpg,3,1539,https://cpt.tcgcsv.com/b6r2,2026-02-25T20:42:26.56,1,Promo,Metal,"<strong>Ability — Extend</strong>
<br>As long as this Pokémon is your Active Pokémon, your turn does not end when you play Steven's Resolve.",0.57,1.0,2.37,1.28,0.97,Reverse Holofoil,095/168,170,Stage 2,"[M] Meteor Mash (60)
<br>During your next turn, this Pokémon's Meteor Mash does 60 more damage <em>(before applying Weakness and Resistance)</em>.",Rx2,P-20,4,,,
178007,Steven's Resolve - 145/168 (Pokemon League),Stevens Resolve 145 168 Pokemon League,https://tcgplayer-cdn.tcgplayer.com/product/178007_200w.jpg,3,1539,https://cpt.tcgcsv.com/9dr2,2025-12-01T23:04:20.577,1,Promo,Supporter,"Search your deck for up to 3 cards and put them into your hand. Then, shuffle your deck. Your turn ends.
<br><br>
You may play only 1 Supporter card during your turn <em>(before your attack)</em>.",0.49,1.0,4.99,1.02,1.25,Reverse Holofoil,145/168,,,,,,,,,
178008,Dialga G - 7/127 (League Promo),Dialga G 7 127 League Promo,https://tcgplayer-cdn.tcgplayer.com/product/178008_200w.jpg,3,1539,https://cpt.tcgcsv.com/bdr2,2022-09-26T19:10:14.813,1,Promo,Metal,,5.0,11.99,38.99,7.89,11.97,Reverse Holofoil,007/127,100,Basic,"[1M] Deafen (10) 
<br>Your opponent can't play any Trainer cards or Stadium cards from his or her hand during your opponent's next turn",Rx2,P-20,2,"[2M] Second Strike (50+)  
<br>If the defending Pokémon already has 2 or more damage counters on it, this attack does 50 damage plus 20 more damage.",,
178009,Underground Expedition - 97/111 (League Promo),Underground Expedition 97 111 League Promo,https://tcgplayer-cdn.tcgplayer.com/product/178009_200w.jpg,3,1539,https://cpt.tcgcsv.com/cdr2,2026-02-03T20:20:16.843,1,Promo,Supporter,"<em>You can play only one Supporter card each turn. When you play this card, put it next to your Active Pokémon. When your turn ends, discard this card.</em>
<br>
Look at the 4 cards from the bottom of your deck. Choose any 2 cards you find there and put them into your hand. Put the remaining cards back on the bottom of your deck in any order.",0.59,0.95,5.52,0.9,,Reverse Holofoil,097/111,,,,,,,,,
178010,Skarmory FB - 83/147 (League Promo),Skarmory FB 83 147 League Promo,https://tcgplayer-cdn.tcgplayer.com/product/178010_200w.jpg,3,1539,https://cpt.tcgcsv.com/ddr2,2022-09-26T20:29:25.947,1,Promo,Metal,,2.07,3.34,5.47,3.58,4.16,Reverse Holofoil,083/147,80,Basic,"[M] Silver Feather (20) 
<br>During your opponent's next turn, when your opponent puts a Basic Pokémon from his or her hand onto his or her Bench, put 2 damage counters on that Pokémon.",Lx2,F-20,1,"[2] Metal Max (20+) 
<br>Discard all Metal Energy attached to Skarmory FB.  Flip a coin for each Energy card you discarded.  This attack does 20 damage plus 40 more damage for each heads.",,
178011,Roseanne's Research - 125/132 (League Promo),Roseannes Research 125 132 League Promo,https://tcgplayer-cdn.tcgplayer.com/product/178011_200w.jpg,3,1539,https://cpt.tcgcsv.com/fdr2,2026-02-11T05:53:43.727,1,Promo,Supporter,"<em>You can play only one Supporter card each turn. When you play this card, put it next to your Active Pokémon. When your turn ends, discard this card.</em>
<br>
Search your deck for up to 2 in any combination of Basic Pokémon and basic Energy cards, show them to your opponent, and put them into your hand. Shuffle your deck afterward.",5.0,6.3,7.1,5.01,6.3,Reverse Holofoil,125/132,,,,,,,,,
178489,Grass Energy (2005 Unnumbered),Grass Energy 2005 Unnumbered,https://tcgplayer-cdn.tcgplayer.com/product/178489_200w.jpg,3,1539,https://cpt.tcgcsv.com/Ppr2,2024-10-24T10:10:16.007,1,Promo,Basic Grass Energy,<em>Copyright Date: 2005 Pokémon/Nintendo</em>,0.1,0.32,1.49,0.31,,Normal,,,,,,,,,,
178490,Fighting Energy (2005 Unnumbered),Fighting Energy 2005 Unnumbered,https://tcgplayer-cdn.tcgplayer.com/product/178490_200w.jpg,3,1539,https://cpt.tcgcsv.com/Qpr2,2023-03-13T17:54:16.693,1,Promo,Basic Fighting Energy,<em>Copyright Date: 2005 Pokémon/Nintendo</em>,0.01,0.19,0.98,0.17,,Normal,,,,,,,,,,
178491,Fire Energy (2005 Unnumbered),Fire Energy 2005 Unnumbered,https://tcgplayer-cdn.tcgplayer.com/product/178491_200w.jpg,3,1539,https://cpt.tcgcsv.com/Rpr2,2022-08-16T20:36:21.567,1,Promo,Basic Fire Energy,<em>Copyright Date: 2005 Pokémon/Nintendo</em>,0.05,0.17,1.49,0.16,,Normal,,,,,,,,,,
178492,Lightning Energy (2005 Unnumbered),Lightning Energy 2005 Unnumbered,https://tcgplayer-cdn.tcgplayer.com/product/178492_200w.jpg,3,1539,https://cpt.tcgcsv.com/Spr2,2022-08-23T20:09:54.637,1,Promo,Basic Lightning Energy,<em>Copyright Date - 2005 Pokémon/Nintendo</em>,0.02,0.19,2.99,0.18,,Normal,,,,,,,,,,
178493,Water Energy (2005 Unnumbered),Water Energy 2005 Unnumbered,https://tcgplayer-cdn.tcgplayer.com/product/178493_200w.jpg,3,1539,https://cpt.tcgcsv.com/Tpr2,2022-08-24T22:07:51.253,1,Promo,Basic Water Energy,<em>Copyright Date: 2005 Pokémon/Nintendo</em>,0.2,0.36,1.19,0.36,,Normal,,,,,,,,,,
180301,Jumpluff - 14/214 (Pokemon League),Jumpluff 14 214 Pokemon League,https://tcgplayer-cdn.tcgplayer.com/product/180301_200w.jpg,3,1539,https://cpt.tcgcsv.com/28s2,2022-09-26T19:56:00.503,1,Promo,Grass,,0.1,0.47,1.99,0.37,,Reverse Holofoil,014/214,70,Stage 2,"[G] Lost March (20x)
<br>
This attack does 20 damage for each of your Pokémon, except <em>(Prism Star)</em> Pokémon, in the Lost Zone.",Lx2,F-20,,,,
180461,Copycat - 127/168 (Regional Championships) [Staff],Copycat 127 168 Regional Championships Staff,https://tcgplayer-cdn.tcgplayer.com/product/180461_200w.jpg,3,1539,https://cpt.tcgcsv.com/fcs2,2022-08-16T16:56:10.23,0,Promo,Supporter,"Shuffle your hand into your deck. Then, draw a number of cards equal to the number of cards in your opponent’s hand.
<br><br>
You may play only 1 Supporter card during your turn <em>(before your attack)</em>.",50.0,50.75,51.49,19.66,,Reverse Holofoil,127/168,,,,,,,,,
181193,Zebstrika - 82/214 (League Challenge) [1st Place],Zebstrika 82 214 League Challenge 1st Place,https://tcgplayer-cdn.tcgplayer.com/product/181193_200w.jpg,3,1539,https://cpt.tcgcsv.com/Tts2,2022-09-26T20:37:03.41,1,Promo,Lightning,"<strong>Ability — Sprint</strong>
<br>Once during your turn <em>(before your attack)</em>, you may discard your hand and draw 4 cards.",7.24,12.36,12.98,12.49,,Reverse Holofoil,082/214,110,Stage 1,[1L] Head Bolt (60),Fx2,M-20,1,,,
181194,Zebstrika - 82/214 (League Challenge) [2nd Place],Zebstrika 82 214 League Challenge 2nd Place,https://tcgplayer-cdn.tcgplayer.com/product/181194_200w.jpg,3,1539,https://cpt.tcgcsv.com/Vts2,2025-11-21T05:24:56.03,1,Promo,Lightning,"<strong>Ability — Sprint</strong>
<br>Once during your turn <em>(before your attack)</em>, you may discard your hand and draw 4 cards.",2.88,3.75,4.0,3.41,3.75,Reverse Holofoil,082/214,110,Stage 1,[1L] Head Bolt (60),Fx2,M-20,1,,,
181195,Zebstrika - 82/214 (League Challenge) [3rd Place],Zebstrika 82 214 League Challenge 3rd Place,https://tcgplayer-cdn.tcgplayer.com/product/181195_200w.jpg,3,1539,https://cpt.tcgcsv.com/Wts2,2022-09-26T20:37:13.5,1,Promo,Lightning,"<strong>Ability — Sprint</strong>
<br>Once during your turn <em>(before your attack)</em>, you may discard your hand and draw 4 cards.",2.07,2.77,3.0,2.71,,Reverse Holofoil,082/114,110,Stage 1,[1L] Head Bolt (60),Fx2,M-20,1,,,
181196,Zebstrika - 82/214 (League Challenge) [4th Place],Zebstrika 82 214 League Challenge 4th Place,https://tcgplayer-cdn.tcgplayer.com/product/181196_200w.jpg,3,1539,https://cpt.tcgcsv.com/Xts2,2022-09-26T20:37:20.117,1,Promo,Lightning,"<strong>Ability — Sprint</strong>
<br>Once during your turn <em>(before your attack)</em>, you may discard your hand and draw 4 cards.",2.0,3.0,4321.0,3.01,,Reverse Holofoil,082/214,110,Stage 1,[1L] Head Bolt (60),Fx2,M-20,1,,,
181262,Professor Elm's Lecture - 188/214 (Regional Championships),Professor Elms Lecture 188 214 Regional Championships,https://tcgplayer-cdn.tcgplayer.com/product/181262_200w.jpg,3,1539,https://cpt.tcgcsv.com/gws2,2023-07-01T17:25:27.593,1,Promo,Supporter,"Search your deck for up to 3 Pokémon with 60 HP or less, reveal them, and put them into your hand. Then, shuffle your deck.
<br><br>
You may play only 1 Supporter card during your turn <em>(before your attack)</em>.",4.0,5.8,7.56,7.58,,Reverse Holofoil,188/214,,,,,,,,,
181263,Professor Elm's Lecture - 188/214 (Regional Championships) [Staff],Professor Elms Lecture 188 214 Regional Championships Staff,https://tcgplayer-cdn.tcgplayer.com/product/181263_200w.jpg,3,1539,https://cpt.tcgcsv.com/hws2,2022-08-24T18:39:03.44,1,Promo,Supporter,"Search your deck for up to 3 Pokémon with 60 HP or less, reveal them, and put them into your hand. Then, shuffle your deck.
<br><br>
You may play only 1 Supporter card during your turn <em>(before your attack)</em>.",60.0,60.0,60.0,59.99,,Reverse Holofoil,188/214,,,,,,,,,
181786,Electropower - 172/214 (League Cup),Electropower 172 214 League Cup,https://tcgplayer-cdn.tcgplayer.com/product/181786_200w.jpg,3,1539,https://cpt.tcgcsv.com/LKs2,2024-08-12T19:47:22,1,Promo,Item,"During this turn, your Lightning Pokémon's attacks do 30 more damage to your opponent's Active Pokémon <em>(before applying Weakness and Resistance)</em>.
<br><br>
You may play as many Item cards as you like during your turn <em>(before your attack)</em>.",0.35,0.66,3.49,0.62,,Reverse Holofoil,172/214,,,,,,,,,
181787,Electropower - 172/214 (League Cup) [Staff],Electropower 172 214 League Cup Staff,https://tcgplayer-cdn.tcgplayer.com/product/181787_200w.jpg,3,1539,https://cpt.tcgcsv.com/MKs2,2022-08-16T19:46:24.727,1,Promo,Item,"During this turn, your Lightning Pokémon's attacks do 30 more damage to your opponent's Active Pokémon <em>(before applying Weakness and Resistance)</em>.
<br><br>
You may play as many Item cards as you like during your turn <em>(before your attack)</em>.",10.0,11.77,19.6,12.0,,Reverse Holofoil,172/214,,,,,,,,,
182818,Hala - 126/145 (Regional Championships),Hala 126 145 Regional Championships,https://tcgplayer-cdn.tcgplayer.com/product/182818_200w.jpg,3,1539,https://cpt.tcgcsv.com/n8t2,2022-08-18T19:48:22.517,1,Promo,Supporter,"Shuffle your hand into your deck. If you have used your GX attack, draw 7 cards. If not, draw 4 cards.
<br><br>
You may play only 1 Supporter card during your turn <em>(before your attack)</em>.",1.07,2.57,2.96,2.61,,Reverse Holofoil,126/145,,,,,,,,,
182819,Hala - 126/145 (Regional Championships) [Staff],Hala 126 145 Regional Championships Staff,https://tcgplayer-cdn.tcgplayer.com/product/182819_200w.jpg,3,1539,https://cpt.tcgcsv.com/p8t2,2022-08-18T19:48:53.82,1,Promo,Supporter,"Shuffle your hand into your deck. If you have used your GX attack, draw 7 cards. If not, draw 4 cards.
<br><br>
You may play only 1 Supporter card during your turn <em>(before your attack)</em>.",43.44,44.94,61.6,44.95,,Reverse Holofoil,126/145,,,,,,,,,
182886,Lost Blender - 181/214 (Pokemon League),Lost Blender 181 214 Pokemon League,https://tcgplayer-cdn.tcgplayer.com/product/182886_200w.jpg,3,1539,https://cpt.tcgcsv.com/L9t2,2025-11-25T15:09:55.843,1,Promo,Item,"Put 2 cards from your hand in the Lost Zone. If you do, draw a card.
<br><br>
You may play as many Item cards as you like during your turn <em>(before your attack)</em>.",0.1,0.42,1.49,0.34,0.25,Reverse Holofoil,181/214,,,,,,,,,
183194,Ace Trainer - 69/98 (Regional Championships) [Staff],Ace Trainer 69 98 Regional Championships Staff,https://tcgplayer-cdn.tcgplayer.com/product/183194_200w.jpg,3,1539,https://cpt.tcgcsv.com/Vht2,2022-09-26T18:45:50.9,1,Promo,Supporter,"You can play this card only if you have more Prize cards left than your opponent.
<br>
Each player shuffles his or her hand into his or her deck. Then, draw 6 cards. Your opponent draws 3 cards.
<br><br>
You may play only 1 Supporter card during your turn <em>(before your attack)</em>.",200.0,200.0,200.0,20.65,,Reverse Holofoil,069/098,,,,,,,,,
183195,Ace Trainer - 69/98 (International Challenge) [Staff],Ace Trainer 69 98 International Challenge Staff,https://tcgplayer-cdn.tcgplayer.com/product/183195_200w.jpg,3,1539,https://cpt.tcgcsv.com/Wht2,2022-09-26T18:45:32.32,1,Promo,Supporter,"You can play this card only if you have more Prize cards left than your opponent.
<br>
Each player shuffles his or her hand into his or her deck. Then, draw 6 cards. Your opponent draws 3 cards.
<br><br>
You may play only 1 Supporter card during your turn <em>(before your attack)</em>.",,,,,,,069/098,,,,,,,,,
183196,Ace Trainer - 69/98 (International Challenge),Ace Trainer 69 98 International Challenge,https://tcgplayer-cdn.tcgplayer.com/product/183196_200w.jpg,3,1539,https://cpt.tcgcsv.com/Xht2,2022-09-26T18:45:25.757,1,Promo,Supporter,"You can play this card only if you have more Prize cards left than your opponent.
<br>
Each player shuffles his or her hand into his or her deck. Then, draw 6 cards. Your opponent draws 3 cards.
<br><br>
You may play only 1 Supporter card during your turn <em>(before your attack)</em>.",500.0,5249.94,9999.87,,,Reverse Holofoil,069/098,,,,,,,,,
183199,Leafeon - 11/116 (Regional Championships) [Staff],Leafeon 11 116 Regional Championships Staff,https://tcgplayer-cdn.tcgplayer.com/product/183199_200w.jpg,3,1539,https://cpt.tcgcsv.com/_ht2,2022-09-26T20:01:32.123,1,Promo,Grass,,,,,,,,011/116,100,Stage 1,"[1] Energy Crush (20x) 
<br>Does 20 damage times the amount of Energy attached to all of your opponent's Pokémon.",Rx2,W-20,2,"[2G] Leaf Blade (60+) 
<br>Flip a coin. If heads, this attack does 20 more damage.",,
183454,Bodybuilding Dumbbells - 113/147 (League Cup) [Staff],Bodybuilding Dumbbells 113 147 League Cup Staff,https://tcgplayer-cdn.tcgplayer.com/product/183454_200w.jpg,3,1539,https://cpt.tcgcsv.com/6pt2,2022-08-16T15:55:37.89,1,Promo,Item,"<strong>Pokémon Tool</strong>
<br>
Attach a Pokémon Tool to 1 of your Pokémon that doesn't already have a Pokémon Tool attached to it.
<br>
The Stage 1 Pokemon this card is attached to gets +40 HP.
<br><br>
You may play as many Item cards as you like during your turn <em>(before your attack)</em>.",,,,,,,113/147,,,,,,,,,
184216,Naganadel - 108/214 (Pokemon League),Naganadel 108 214 Pokemon League,https://tcgplayer-cdn.tcgplayer.com/product/184216_200w.jpg,3,1539,https://cpt.tcgcsv.com/lJt2,2025-12-01T23:01:41.207,1,Promo,Psychic,"<strong>Ability — Charging Up</strong>
<br>Once during your turn <em>(before your attack)</em>, you may attach a basic Energy card from your discard pile to this Pokémon.",0.85,1.24,96.95,1.28,1.28,Reverse Holofoil,108/214,130,Stage 1,"[3] Turning Point (80+)
<br>If you have exactly 3 Prize cards remaining, this attack does 80 more damage.",Px2,,1,,,
185033,Dragonite - 2/146 (National Championships) [Staff],Dragonite 2 146 National Championships Staff,https://tcgplayer-cdn.tcgplayer.com/product/185033_200w.jpg,3,1539,https://cpt.tcgcsv.com/H0v2,2022-09-26T19:11:59.9,1,Promo,Colorless,,,,,,,,002/146,140,Stage 2,"[3] Hyper Beam (40)
<br>
Flip a coin. If heads, discard an Energy card attached to the Defending Pokémon.",C+30,F-20,3,"[4] Draco Meteor
<br>
Flip a coin for each of your opponent's Pokémon. If that coin flip is heads, this attack does 50 damage to that Pokémon. <em>(Don't apply Weakness and Resistance for Benched Pokémon.)</em>",,
185133,Acerola - 112a/147 (League Challenge) [1st Place],Acerola 112a 147 League Challenge 1st Place,https://tcgplayer-cdn.tcgplayer.com/product/185133_200w.jpg,3,1539,https://cpt.tcgcsv.com/H3v2,2022-08-15T21:08:03.92,1,Promo,Supporter,"Put 1 of your Pokémon that has any damage counters on it and all cards attached to it into your hand.
<br><br>
You may play only 1 Supporter card during your turn <em>(before your attack)</em>.",15.0,21.22,49.99,22.61,,Reverse Holofoil,112a/147,,,,,,,,,
185134,Acerola - 112a/147 (League Challenge) [2nd Place],Acerola 112a 147 League Challenge 2nd Place,https://tcgplayer-cdn.tcgplayer.com/product/185134_200w.jpg,3,1539,https://cpt.tcgcsv.com/J3v2,2022-08-15T21:08:43.673,1,Promo,Supporter,"Put 1 of your Pokémon that has any damage counters on it and all cards attached to it into your hand.
<br><br>
You may play only 1 Supporter card during your turn <em>(before your attack)</em>.",4.99,7.66,8.24,7.28,,Reverse Holofoil,112a/147,,,,,,,,,
185135,Acerola - 112a/147 (League Challenge) [3rd Place],Acerola 112a 147 League Challenge 3rd Place,https://tcgplayer-cdn.tcgplayer.com/product/185135_200w.jpg,3,1539,https://cpt.tcgcsv.com/K3v2,2022-08-15T21:09:22.543,1,Promo,Supporter,"Put 1 of your Pokémon that has any damage counters on it and all cards attached to it into your hand.
<br><br>
You may play only 1 Supporter card during your turn <em>(before your attack)</em>.",4.61,7.0,11.19,6.51,,Reverse Holofoil,112a/147,,,,,,,,,
185136,Acerola - 112a/147 (League Challenge) [4th Place],Acerola 112a 147 League Challenge 4th Place,https://tcgplayer-cdn.tcgplayer.com/product/185136_200w.jpg,3,1539,https://cpt.tcgcsv.com/L3v2,2022-08-15T21:09:48.237,1,Promo,Supporter,"Put 1 of your Pokémon that has any damage counters on it and all cards attached to it into your hand.
<br><br>
You may play only 1 Supporter card during your turn <em>(before your attack)</em>.",5.2,7.07,9.99,6.47,,Reverse Holofoil,112a/147,,,,,,,,,
185137,Field Blower - 125a/145 (Pokemon League),Field Blower 125a 145 Pokemon League,https://tcgplayer-cdn.tcgplayer.com/product/185137_200w.jpg,3,1539,https://cpt.tcgcsv.com/M3v2,2026-02-25T15:04:06.23,1,Promo,Item,"Choose up to 2 in any combination of Pokémon Tool cards and Stadium cards in play <em>(yours or your opponent's)</em> and discard them.
<br><br>
You may play as many Item cards as you like during your turn <em>(before your attack)</em>.",1.9,2.18,96.95,2.02,2.22,Reverse Holofoil,125a/145,,,,,,,,,
185721,Ultra Ball - 68a/73 (League Cup),Ultra Ball 68a 73 League Cup,https://tcgplayer-cdn.tcgplayer.com/product/185721_200w.jpg,3,1539,https://cpt.tcgcsv.com/rjv2,2026-02-25T15:17:12.827,1,Promo,Item,"Discard 2 cards from your hand. If you do, search your deck for a Pokémon, reveal it, and put it into your hand. Then, shuffle your deck.
<br><br>
You may play as many Item cards as you like during your turn <em>(before your attack)</em>.",15.97,21.65,319.2,20.8,17.5,Reverse Holofoil,068a/073,,,,,,,,,
185982,Enhanced Hammer - 124a/145 (Pokemon League),Enhanced Hammer 124a 145 Pokemon League,https://tcgplayer-cdn.tcgplayer.com/product/185982_200w.jpg,3,1539,https://cpt.tcgcsv.com/Gpv2,2022-08-16T19:53:52.573,0,Promo,Item,"Discard a Special Energy from 1 of your opponent's Pokémon.
<br><br>
You may play as many Item cards as you like during your turn <em>(before your attack)</em>.",0.19,0.55,4.25,0.43,,Reverse Holofoil,124a/145,,,,,,,,,
185983,Ultra Ball - 68a/73 (League Cup) [Staff],Ultra Ball 68a 73 League Cup Staff,https://tcgplayer-cdn.tcgplayer.com/product/185983_200w.jpg,3,1539,https://cpt.tcgcsv.com/Hpv2,2023-10-16T05:45:23.817,1,Promo,Item,"Discard 2 cards from your hand. If you do, search your deck for a Pokémon, reveal it, and put it into your hand. Then, shuffle your deck.
<br><br>
You may play as many Item cards as you like during your turn <em>(before your attack)</em>.",,,,,,,068a/073,,,,,,,,,
186524,Ninja Boy - 103/114 (League Cup) [Staff],Ninja Boy 103 114 League Cup Staff,https://tcgplayer-cdn.tcgplayer.com/product/186524_200w.jpg,3,1539,https://cpt.tcgcsv.com/vDv2,2022-08-24T16:19:29.55,1,Promo,Supporter,"Choose 1 of your Basic Pokémon in play. Search your deck for a Basic Pokémon and switch it with that Pokémon. (Any attached cards, damage counters, Special Conditions, turns in play, and any other effects remain on the new Pokémon.) Shuffle the first Pokémon into your deck.
<br><br>
You may play only 1 Supporter card during your turn <em>(before your attack)</em>.",12.59,25.37,29.99,39.99,20.75,Reverse Holofoil,103/114,,,,,,,,,
186825,Max Potion - 128a/145 (Pokemon League),Max Potion 128a 145 Pokemon League,https://tcgplayer-cdn.tcgplayer.com/product/186825_200w.jpg,3,1539,https://cpt.tcgcsv.com/wLv2,2024-03-17T13:41:09.99,1,Promo,Item,"Heal all damage from 1 of your Pokémon. If you do, discard all Energy from that Pokémon.
<br><br>
You may play as many Item cards as you like during your turn <em>(before your attack)</em>.",0.18,0.46,1.99,0.4,,Reverse Holofoil,128a/145,,,,,,,,,
186826,Donphan - 40/123 (League Promo),Donphan 40 123 League Promo,https://tcgplayer-cdn.tcgplayer.com/product/186826_200w.jpg,3,1539,https://cpt.tcgcsv.com/xLv2,2025-12-02T05:42:10.363,1,Promo,Fighting,,0.9,2.1,4.0,2.02,,Reverse Holofoil,040/123,100,Stage 1,"[2F] Rock Hurl (50)
<br>
This attack's damage isn't affected by Resistance.",Wx2,L-20,3,"[2FF] Double Spin (70x)
<br>
Flip 2 coins. This attack does 70 damage times the number of heads.",,
186827,Heatran - 30/146 (Regional Championships),Heatran 30 146 Regional Championships,https://tcgplayer-cdn.tcgplayer.com/product/186827_200w.jpg,3,1539,https://cpt.tcgcsv.com/zLv2,2022-09-26T19:52:38.64,1,Promo,Metal,"<strong>Poké-POWER — Smelt</strong>
<br>Once during your turn <em>(before your attack)</em>, you may move a Metal Energy attached to 1 of your Pokémon to Heatran. This power can't be used if Heatran is affected by a Special Condition.",6.95,13.0,19.99,7.87,,Normal,030/146,100,Basic,"[3] Heavy Metal (40+) 
<br>Flip a coin for each Metal Energy attached to Heatran. This attack does 40 damage plus 20 more damage for each heads.",Wx2,,3,,,
186833,Heatran - 30/146 (Regional Championships) [Staff],Heatran 30 146 Regional Championships Staff,https://tcgplayer-cdn.tcgplayer.com/product/186833_200w.jpg,3,1539,https://cpt.tcgcsv.com/HLv2,2022-09-26T19:52:43.697,1,Promo,Metal,"<strong>Poké-POWER — Smelt</strong>
<br>Once during your turn <em>(before your attack)</em>, you may move a Metal Energy attached to 1 of your Pokémon to Heatran. This power can't be used if Heatran is affected by a Special Condition.",60.0,67.93,75.85,,,Normal,030/146,100,Basic,"[3] Heavy Metal (40+) 
<br>Flip a coin for each Metal Energy attached to Heatran. This attack does 40 damage plus 20 more damage for each heads.",Wx2,,3,,,
188354,Blend Energy GRPD - 117/124 (League Promo),Blend Energy GRPD 117 124 League Promo,https://tcgplayer-cdn.tcgplayer.com/product/188354_200w.jpg,3,1539,https://cpt.tcgcsv.com/6mw2,2022-08-16T15:49:03.103,1,Promo,Energy,"This card provides 1 Energy. When this card is attached to a Pokémon, this card provides Grass, Fire, Psychic, or Darkness Energy but provides only 1 Energy at a time.",5.22,9.99,11.99,8.99,,Reverse Holofoil,117/124,,Special Energy,,,,,,,
188355,Guzma - 115a/147 (Regional Championships),Guzma 115a 147 Regional Championships,https://tcgplayer-cdn.tcgplayer.com/product/188355_200w.jpg,3,1539,https://cpt.tcgcsv.com/7mw2,2023-06-26T10:00:09.337,1,Promo,Supporter,"Switch 1 of your opponent's Benched Pokémon with their Active Pokémon. If you do, switch your Active Pokémon with 1 of your Benched Pokémon.
<br><br>
You may play only 1 Supporter card during your turn <em>(before your attack)</em>.",10.47,13.45,16.76,11.65,,Reverse Holofoil,115a/147,,,,,,,,,
188634,Guzma - 115a/147 (Regional Championships) [Staff],Guzma 115a 147 Regional Championships Staff,https://tcgplayer-cdn.tcgplayer.com/product/188634_200w.jpg,3,1539,https://cpt.tcgcsv.com/Jsw2,2022-08-18T19:44:22.883,1,Promo,Supporter,"Switch 1 of your opponent's Benched Pokémon with their Active Pokémon. If you do, switch your Active Pokémon with 1 of your Benched Pokémon.
<br><br>
You may play only 1 Supporter card during your turn <em>(before your attack)</em>.",33.9,41.14,41.8,41.8,,Reverse Holofoil,115a/147,,,,,,,,,
189779,Metal Frying Pan - 112a/131 (Pokemon League),Metal Frying Pan 112a 131 Pokemon League,https://tcgplayer-cdn.tcgplayer.com/product/189779_200w.jpg,3,1539,https://cpt.tcgcsv.com/CWw2,2025-12-01T23:01:07.153,1,Promo,Item,"<em>Pokémon Tool — Attach a Pokémon Tool to 1 of your Pokémon that doesn't already have a Pokémon Tool attached to it.</em>
<br><br>
The Metal Pokémon this card is attached to takes 30 less damage from your opponent's attacks <em>(after applying Weakness and Resistance)</em> and has no Weakness.",0.2,0.6,1.25,0.47,0.42,Reverse Holofoil,112a/131,,,,,,,,,
189780,Volkner - 135a/156 (League Challenge) [1st Place],Volkner 135a 156 League Challenge 1st Place,https://tcgplayer-cdn.tcgplayer.com/product/189780_200w.jpg,3,1539,https://cpt.tcgcsv.com/DWw2,2023-11-13T13:51:30.75,0,Promo,Supporter,"Search your deck for an Item card and a Lightning Energy card, reveal them, and put them into your hand. Then, shuffle your deck.",5.27,6.5,9.8,4.94,,Reverse Holofoil,135a/156,,,,,,,,,
189781,Volkner - 135a/156 (League Challenge) [2nd Place],Volkner 135a 156 League Challenge 2nd Place,https://tcgplayer-cdn.tcgplayer.com/product/189781_200w.jpg,3,1539,https://cpt.tcgcsv.com/FWw2,2023-11-13T13:52:06.07,0,Promo,Supporter,"Search your deck for an Item card and a Lightning Energy card, reveal them, and put them into your hand. Then, shuffle your deck.",0.75,1.5,3.99,1.48,1.63,Reverse Holofoil,135a/156,,,,,,,,,
189782,Volkner - 135a/156 (League Challenge) [3rd Place],Volkner 135a 156 League Challenge 3rd Place,https://tcgplayer-cdn.tcgplayer.com/product/189782_200w.jpg,3,1539,https://cpt.tcgcsv.com/GWw2,2025-12-01T23:06:40.86,0,Promo,Supporter,"Search your deck for an Item card and a Lightning Energy card, reveal them, and put them into your hand. Then, shuffle your deck.",0.5,1.99,4.0,2.0,1.07,Reverse Holofoil,135a/156,,,,,,,,,
189783,Volkner - 135a/156 (League Challenge) [4th Place],Volkner 135a 156 League Challenge 4th Place,https://tcgplayer-cdn.tcgplayer.com/product/189783_200w.jpg,3,1539,https://cpt.tcgcsv.com/HWw2,2023-11-13T14:03:31.503,0,Promo,Supporter,"Search your deck for an Item card and a Lightning Energy card, reveal them, and put them into your hand. Then, shuffle your deck.",0.49,1.62,6.48,1.58,,Reverse Holofoil,135a/156,,,,,,,,,
190380,Rescue Stretcher - 130a/145 (Pokemon League),Rescue Stretcher 130a 145 Pokemon League,https://tcgplayer-cdn.tcgplayer.com/product/190380_200w.jpg,3,1539,https://cpt.tcgcsv.com/D9x2,2024-08-12T19:47:22.523,1,Promo,Item,"Choose 1:
<br>• Put a Pokémon from your discard pile into your hand.
<br>• Shuffle 3 Pokémon from your discard pile into your deck.
<br><br>
You may play as many Item cards as you like during your turn <em>(before your attack)<em>.",1.7,2.77,7.0,2.62,2.88,Reverse Holofoil,130a/145,,,,,,,,,
191904,Beast Ring - 102a/131 (League Cup),Beast Ring 102a 131 League Cup,https://tcgplayer-cdn.tcgplayer.com/product/191904_200w.jpg,3,1539,https://cpt.tcgcsv.com/6Nx2,2025-11-20T19:28:04.57,1,Promo,Item,"You can play this card only if your opponent has exactly 3 or 4 Prize cards remaining.
<br>Search your deck for up to 2 basic Energy cards and attach them to 1 of your Ultra Beasts. Then, shuffle your deck.
<br><br>
You may play as many Item cards as you like during your turn <em>(before your attack)</em>.",0.38,0.99,1.98,0.7,0.66,Reverse Holofoil,102a/131,,,,,,,,,
191905,Beast Ring - 102a/131 (League Cup) [Staff],Beast Ring 102a 131 League Cup Staff,https://tcgplayer-cdn.tcgplayer.com/product/191905_200w.jpg,3,1539,https://cpt.tcgcsv.com/7Nx2,2024-11-28T06:30:29.12,1,Promo,Item,"You can play this card only if your opponent has exactly 3 or 4 Prize cards remaining.
<br>Search your deck for up to 2 basic Energy cards and attach them to 1 of your Ultra Beasts. Then, shuffle your deck.
<br><br>
You may play as many Item cards as you like during your turn <em>(before your attack)</em>.",7.0,7.25,8.89,7.47,,Reverse Holofoil,102a/131,,,,,,,,,
193264,Kiawe - 116a/147 (Pokemon League),Kiawe 116a 147 Pokemon League,https://tcgplayer-cdn.tcgplayer.com/product/193264_200w.jpg,3,1539,https://cpt.tcgcsv.com/jkz2,2022-08-23T19:52:56.353,1,Promo,Supporter,"Search your deck for up to 4 Fire Energy cards and attach them to 1 of your Pokémon. Then, shuffle your deck. Your turn ends.
<br><br>
You may play only 1 Supporter card during your turn <em>(before your attack)</em>.",0.15,0.5,1.99,0.42,0.4,Reverse Holofoil,116a/147,,,,,,,,,
193683,Rainbow Energy - 104/123 (League Promo),Rainbow Energy 104 123 League Promo,https://tcgplayer-cdn.tcgplayer.com/product/193683_200w.jpg,3,1539,https://cpt.tcgcsv.com/Htz2,2022-08-24T20:07:01.203,1,Promo,Special Rainbow Energy,"Attach Rainbow Energy to 1 of your Pokémon. While in play, Rainbow Energy provides every type of Energy but provides only 1 Energy at a time. <em>(Has no effect other than providing energy.)</em>  When you attach this card from your hand to 1 of your Pokémon, put 1 damage counter on that Pokémon. <em>(While not in play, Rainbow Energy counts as Colorless Energy.)</em>",27.94,27.94,27.94,25.48,,Reverse Holofoil,104/123,,,,,,,,,
195619,Colress - 118/135 (League Promo),Colress 118 135 League Promo,https://tcgplayer-cdn.tcgplayer.com/product/195619_200w.jpg,3,1539,https://cpt.tcgcsv.com/pgB2,2024-10-01T13:29:42.68,1,Promo,Supporter,"Shuffle your hand into your deck. Then, draw a number of cards equal to the number of Benched Pokémon <em>(both yours and your opponent's)</em>.
<br><br>
You may play only 1 Supporter card during your turn <em>(before your attack)</em>.",12.01,15.53,24.99,13.07,,Reverse Holofoil,118/135,,Trainer,,,,,,,
196724,Electropower - 172a/214 (Pokemon League),Electropower 172a 214 Pokemon League,https://tcgplayer-cdn.tcgplayer.com/product/196724_200w.jpg,3,1539,https://cpt.tcgcsv.com/vJB2,2025-11-20T22:19:47.657,1,Promo,Item,"During this turn, your Lightning Pokémon's attacks do 30 more damage to your opponent's Active Pokémon <em>(before applying Weakness and Resistance)</em>.
<br><br>
You may play as many Item cards as you like during your turn <em>(before your attack)</em>.",0.3,0.46,2.79,0.46,0.35,Reverse Holofoil,172a/214,,,,,,,,,
198217,Diantha - 105/131 (Regional Championships) [Staff],Diantha 105 131 Regional Championships Staff,https://tcgplayer-cdn.tcgplayer.com/product/198217_200w.jpg,3,1539,https://cpt.tcgcsv.com/mjC2,2023-06-08T06:46:19.287,1,Promo,Supporter,"You can play this card only if 1 of your Fairy Pokémon was Knocked Out during your opponent's last turn.
<br>Put 2 cards from your discard pile into your hand.
<br><br>
You may play only 1 Supporter card during your turn <em>(before your attack)</em>.",31.75,32.78,43.45,39.5,,Reverse Holofoil,105/131,,,,,,,,,
198218,Cynthia - 119a/156 (Regional Championships),Cynthia 119a 156 Regional Championships,https://tcgplayer-cdn.tcgplayer.com/product/198218_200w.jpg,3,1539,https://cpt.tcgcsv.com/njC2,2022-08-16T17:06:49.923,1,Promo,Supporter,"Shuffle your hand into your deck. Then, draw 6 cards.
<br><br>
You may play only 1 Supporter card during your turn <em>(before your attack)</em>.",69.99,79.34,89.99,55.72,,Reverse Holofoil,119a/156,,,,,,,,,
198219,Cynthia - 119a/156 (Regional Championships) [Staff],Cynthia 119a 156 Regional Championships Staff,https://tcgplayer-cdn.tcgplayer.com/product/198219_200w.jpg,3,1539,https://cpt.tcgcsv.com/pjC2,2022-08-16T17:07:30.293,1,Promo,Supporter,"Shuffle your hand into your deck. Then, draw 6 cards.
<br><br>
You may play only 1 Supporter card during your turn <em>(before your attack)</em>.",215.0,215.0,215.0,212.0,,Reverse Holofoil,119a/156,,,,,,,,,
198227,Mysterious Treasure - 113a/131 (Pokemon League),Mysterious Treasure 113a 131 Pokemon League,https://tcgplayer-cdn.tcgplayer.com/product/198227_200w.jpg,3,1539,https://cpt.tcgcsv.com/zjC2,2026-02-25T15:14:03.507,1,Promo,Item,"Discard a card from your hand. If you do, search your deck for a Psychic or Dragon Pokémon, reveal it, and put it into your hand. Then, shuffle your deck.
<br><br>
You may play as many Item cards as you like during your turn <em>(before your attack)</em>",0.75,2.41,96.95,2.04,2.4,Reverse Holofoil,113a/131,,,,,,,,,
198228,Lusamine - 153a/156 (League Challenge) [1st Place],Lusamine 153a 156 League Challenge 1st Place,https://tcgplayer-cdn.tcgplayer.com/product/198228_200w.jpg,3,1539,https://cpt.tcgcsv.com/BjC2,2022-08-23T20:26:31.443,1,Promo,Supporter,"Put 2 in any combination of Supporter and Stadium cards from your discard pile into your hand.
<br><br>
You may play only 1 Supporter card during your turn <em>(before your attack)</em>.",37.99,39.99,40.0,11.93,,Reverse Holofoil,153a/156,,,,,,,,,
198229,Lusamine - 153a/156 (League Challenge) [2nd Place],Lusamine 153a 156 League Challenge 2nd Place,https://tcgplayer-cdn.tcgplayer.com/product/198229_200w.jpg,3,1539,https://cpt.tcgcsv.com/CjC2,2022-10-28T10:59:56.917,1,Promo,Supporter,"Put 2 in any combination of Supporter and Stadium cards from your discard pile into your hand.
<br><br>
You may play only 1 Supporter card during your turn <em>(before your attack)</em>.",3.45,4.29,6.76,4.12,,Reverse Holofoil,153a/156,,,,,,,,,
198230,Lusamine - 153a/156 (League Challenge) [3rd Place],Lusamine 153a 156 League Challenge 3rd Place,https://tcgplayer-cdn.tcgplayer.com/product/198230_200w.jpg,3,1539,https://cpt.tcgcsv.com/DjC2,2023-05-14T10:26:30.463,1,Promo,Supporter,"Put 2 in any combination of Supporter and Stadium cards from your discard pile into your hand.
<br><br>
You may play only 1 Supporter card during your turn <em>(before your attack)</em>.",3.51,4.4,9.99,3.96,,Reverse Holofoil,153a/156,,,,,,,,,
198231,Lusamine - 153a/156 (League Challenge) [4th Place],Lusamine 153a 156 League Challenge 4th Place,https://tcgplayer-cdn.tcgplayer.com/product/198231_200w.jpg,3,1539,https://cpt.tcgcsv.com/FjC2,2022-08-23T20:27:27.46,1,Promo,Supporter,"Put 2 in any combination of Supporter and Stadium cards from your discard pile into your hand.
<br><br>
You may play only 1 Supporter card during your turn <em>(before your attack)</em>.",3.99,4.93,96.95,4.76,,Reverse Holofoil,153a/156,,,,,,,,,
199679,Net Ball (Pokemon League) - 187a/214,Net Ball Pokemon League 187a 214,https://tcgplayer-cdn.tcgplayer.com/product/199679_200w.jpg,3,1539,https://cpt.tcgcsv.com/CTC2,2025-12-01T23:02:14.297,1,Promo,Item,"Search your deck for a Basic Grass Pokémon or a Grass Energy card, reveal it, put it into your hand. Then, shuffle your deck.",0.73,0.99,4.99,0.87,0.94,Reverse Holofoil,187a/214,,,,,,,,,
199681,Lillie - 125a/156 (Regional Championships),Lillie 125a 156 Regional Championships,https://tcgplayer-cdn.tcgplayer.com/product/199681_200w.jpg,3,1539,https://cpt.tcgcsv.com/FTC2,2025-11-25T15:08:38.053,1,Promo,Supporter,"Draw cards until you have 6 cards in your hand. If it's your first turn, draw cards until you have 8 cards in your hand.
<br><br>
You may play only 1 Supporter card during your turn <em>(before your attack)</em>.",71.81,150.0,372.64,42.4,71.81,Reverse Holofoil,125a/156,,,,,,,,,
200192,Pokegear 3.0 - 182a/214 (League Cup),Pokegear 30 182a 214 League Cup,https://tcgplayer-cdn.tcgplayer.com/product/200192_200w.jpg,3,1539,https://cpt.tcgcsv.com/S5D2,2026-02-11T15:10:39.357,1,Promo,Item,"Look at the top 7 cards of your deck. You may reveal a Supporter card you find there and put it into your hand. Shuffle the other cards back into your deck.
<br><br>
You may play as many Item cards as you like during your turn <em(before your attack)</em>.",19.99,25.99,472.8,26.59,26.97,Reverse Holofoil,182a/214,,,,,,,,,
200193,Pokegear 3.0 - 182a/214 (League Cup) [Staff],Pokegear 30 182a 214 League Cup Staff,https://tcgplayer-cdn.tcgplayer.com/product/200193_200w.jpg,3,1539,https://cpt.tcgcsv.com/T5D2,2022-08-24T17:34:00.957,1,Promo,Item,"Look at the top 7 cards of your deck. You may reveal a Supporter card you find there and put it into your hand. Shuffle the other cards back into your deck.
<br><br>
You may play as many Item cards as you like during your turn <em(before your attack)</em>.",45.0,45.27,47.21,45.24,,Reverse Holofoil,182a/214,,,,,,,,,
200602,Dimension Valley - 93/119 (Pokemon League),Dimension Valley 93 119 Pokemon League,https://tcgplayer-cdn.tcgplayer.com/product/200602_200w.jpg,3,1539,https://cpt.tcgcsv.com/3gD2,2024-09-24T14:02:12.25,1,Promo,Stadium,"Each Psychic Pokémon's attacks <em>(both yours and your opponent's)</em> cost 1 less.
<br><br>
This card stays in play when you play it. Discard this card if another Stadium card comes into play. If another card with the same name is in play, you can't play this card.",1.12,4.09,9.99,4.09,,Reverse Holofoil,093/119,,,,,,,,,
202639,Acro Bike - 123a/168 (Pokemon League),Acro Bike 123a 168 Pokemon League,https://tcgplayer-cdn.tcgplayer.com/product/202639_200w.jpg,3,1539,https://cpt.tcgcsv.com/P3F2,2025-11-20T19:25:52.523,1,Promo,Item,"Look at the top 2 cards of your deck and put 1 of them into your hand. Discard the other card.
<br><br>
You may play as many Item cards as you like during your turn <em>(before your attack)</em>.",0.45,0.81,2.99,0.82,0.54,Reverse Holofoil,123a/168,,,,,,,,,
204242,Muscle Band - 121/146 - (Pokemon League),Muscle Band 121 146 Pokemon League,https://tcgplayer-cdn.tcgplayer.com/product/204242_200w.jpg,3,1539,https://cpt.tcgcsv.com/SJF2,2026-02-25T15:13:09.057,1,Promo,Item,"<em>Pokémon Tool — Attach a Pokémon Tool to 1 of your Pokémon that doesn't already have a Pokémon Tool attached to it.</em>
<br><br>
The attacks of the Pokémon this card is attached to do 20 more damage to your opponent's Active Pokémon <em>(before applying Weakness and Resistance)</em>.
<br><br>
You may play as many Item cards as you like during your turn <em>(before your attack)</em>.",3.99,8.0,9999.0,7.22,,Reverse Holofoil,121/146,,,,,,,,,
205307,Professor Elm's Lecture - 188a/214 (League Challenge) [1st Place],Professor Elms Lecture 188a 214 League Challenge 1st Place,https://tcgplayer-cdn.tcgplayer.com/product/205307_200w.jpg,3,1539,https://cpt.tcgcsv.com/98G2,2022-08-24T18:39:08.15,1,Promo,Supporter,"Search your deck for up to 3 Pokémon with 60 HP or less, reveal them, and put them into your hand. Then, shuffle your deck.
<br><br>
You may play only 1 Supporter card during your turn <em>(before your attack)</em>.",,,,,,,188a/214,,,,,,,,,
205308,Professor Elm's Lecture - 188a/214 (League Challenge) [2nd Place],Professor Elms Lecture 188a 214 League Challenge 2nd Place,https://tcgplayer-cdn.tcgplayer.com/product/205308_200w.jpg,3,1539,https://cpt.tcgcsv.com/b8G2,2022-08-24T18:39:11.787,1,Promo,Supporter,"Search your deck for up to 3 Pokémon with 60 HP or less, reveal them, and put them into your hand. Then, shuffle your deck.
<br><br>
You may play only 1 Supporter card during your turn <em>(before your attack)</em>.",9.99,10.49,16.35,4.37,,Reverse Holofoil,188a/214,,,,,,,,,
205309,Professor Elm's Lecture - 188a/214 (League Challenge) [3rd Place],Professor Elms Lecture 188a 214 League Challenge 3rd Place,https://tcgplayer-cdn.tcgplayer.com/product/205309_200w.jpg,3,1539,https://cpt.tcgcsv.com/c8G2,2022-08-24T18:39:23.75,1,Promo,Supporter,"Search your deck for up to 3 Pokémon with 60 HP or less, reveal them, and put them into your hand. Then, shuffle your deck.
<br><br>
You may play only 1 Supporter card during your turn <em>(before your attack)</em>.",7.99,8.95,9.99,5.09,8.39,Reverse Holofoil,188a/214,,,,,,,,,
205310,Professor Elm's Lecture - 188a/214 (League Challenge) [4th Place],Professor Elms Lecture 188a 214 League Challenge 4th Place,https://tcgplayer-cdn.tcgplayer.com/product/205310_200w.jpg,3,1539,https://cpt.tcgcsv.com/d8G2,2022-08-24T18:39:38.567,1,Promo,Supporter,"Search your deck for up to 3 Pokémon with 60 HP or less, reveal them, and put them into your hand. Then, shuffle your deck.
<br><br>
You may play only 1 Supporter card during your turn <em>(before your attack)</em>.",6.62,6.62,6.62,4.47,,Reverse Holofoil,188a/214,,,,,,,,,
205311,Cherish Ball - 191a/236 (League Cup),Cherish Ball 191a 236 League Cup,https://tcgplayer-cdn.tcgplayer.com/product/205311_200w.jpg,3,1539,https://cpt.tcgcsv.com/f8G2,2022-08-16T16:23:22.913,1,Promo,Item,"Search your deck for a Pokémon-GX, reveal it, and put it into your hand. Then, shuffle your deck.
<br><br>
You may play as many Item cards as you like during your turn <em>(before your attack)</em>",0.44,1.44,3.97,1.53,0.77,Reverse Holofoil,191a/236,,,,,,,,,
205312,Cherish Ball - 191a/236 (League Cup) [Staff],Cherish Ball 191a 236 League Cup Staff,https://tcgplayer-cdn.tcgplayer.com/product/205312_200w.jpg,3,1539,https://cpt.tcgcsv.com/g8G2,2022-11-17T14:13:55.9,1,Promo,Item,"Search your deck for a Pokémon-GX, reveal it, and put it into your hand. Then, shuffle your deck.",20.0,20.0,20.0,11.42,,Reverse Holofoil,191a/236,,,,,,,,,
205392,Welder - 189a/214 (Regional Championships),Welder 189a 214 Regional Championships,https://tcgplayer-cdn.tcgplayer.com/product/205392_200w.jpg,3,1539,https://cpt.tcgcsv.com/S9G2,2022-08-24T22:11:18.837,1,Promo,Supporter,"Attach up to 2 Fire Energy cards from your hand to 1 of your Pokémon. If you do, draw 3 cards.
<br><br>
You may play only 1 Supporter card during your turn <em>(before your attack)</em>.",8.0,10.82,29.99,10.24,,Reverse Holofoil,189a/214,,,,,,,,,
205393,Welder - 189a/214 (Regional Championships) [Staff],Welder 189a 214 Regional Championships Staff,https://tcgplayer-cdn.tcgplayer.com/product/205393_200w.jpg,3,1539,https://cpt.tcgcsv.com/T9G2,2022-08-24T22:11:34.51,1,Promo,Supporter,"Attach up to 2 Fire Energy cards from your hand to 1 of your Pokémon. If you do, draw 3 cards.",,,,,,,189a/214,,,,,,,,,
205949,Escape Board - 122a/156 (Pokemon League),Escape Board 122a 156 Pokemon League,https://tcgplayer-cdn.tcgplayer.com/product/205949_200w.jpg,3,1539,https://cpt.tcgcsv.com/_nG2,2025-11-20T19:32:08.853,0,Promo,Tool,"<strong>Pokémon Tool</strong>
<br>
<em>Attach a Pokémon Tool to 1 of your Pokémon that doesn't already have a Pokémon Tool attached to it.</em>
<br>
The Retreat Cost of the Pokémon this card is attached to is 1 less, and it can retreat even if it's Asleep or Paralyzed.
<br><br>
You may play as many Item cards as you like during your turn <em>(before your attack)</em>.",0.15,0.37,2.99,0.31,0.22,Reverse Holofoil,122a/156,,,,,,,,,
206297,Lillie - 215a/156 (Regional Championships) [Staff],Lillie 215a 156 Regional Championships Staff,https://tcgplayer-cdn.tcgplayer.com/product/206297_200w.jpg,3,1539,https://cpt.tcgcsv.com/ZwG2,2022-08-23T20:16:09.75,1,Promo,Supporter,"Draw cards until you have 6 cards in your hand. If it's your first turn, draw cards until you have 8 cards in your hand.
<br><br>
You may play only 1 Supporter card during your turn <em>(before your attack)</em>.",,,,,,,125a/156,,,,,,,,,
206298,Fiery Flint - 60a/70 (Pokemon League),Fiery Flint 60a 70 Pokemon League,https://tcgplayer-cdn.tcgplayer.com/product/206298_200w.jpg,3,1539,https://cpt.tcgcsv.com/-wG2,2025-11-20T19:33:36.3,1,Promo,Item,"<em>You can play this card only if you discard 2 other cards from your hand.</em>
<br>
Search your. dec for up to 4 Fire Energy cards, reveal them, and put them into your hand. Then, shuffle your deck.
<br><br>
You may play as many Item cards as you like during your turn <em>(before your attack)</em>.",0.1,0.49,2.99,0.4,0.36,Reverse Holofoil,060a/070,,,,,,,,,
208844,Rillaboom - 014/202 (Pokemon League),Rillaboom 014 202 Pokemon League,https://tcgplayer-cdn.tcgplayer.com/product/208844_200w.jpg,3,1539,https://cpt.tcgcsv.com/VxH2,2022-08-24T20:26:41.757,1,Promo,Grass,"<strong>Ability — Voltage Beat</strong>
<br>Once during your turn, you may search your deck for up to 2 Grass Energy cards and attach them to 1 of your Pokémon. Then, shuffle your deck.",0.18,0.46,3.99,0.38,,Reverse Holofoil,014/202,170,Stage 2,[1GGG] Hammer In (140),Rx2,,3,,,
209333,Frosmoth - 064/202 (League Challenge) [1st Place],Frosmoth 064 202 League Challenge 1st Place,https://tcgplayer-cdn.tcgplayer.com/product/209333_200w.jpg,3,1539,https://cpt.tcgcsv.com/HLH2,2022-08-16T21:08:46.663,1,Promo,Water,"<strong>Ability — Ice Dance</strong>
<br>As often as you like during your turn, you may attach a Water Energy card from your hand to 1 of your Benched Water Pokémon.",4.82,5.63,9.0,5.18,,Reverse Holofoil,064/202,90,Stage 1,[1W] Aurora Beam (30),Mx2,,2,,,
209334,Frosmoth - 064/202 (League Challenge) [2nd Place],Frosmoth 064 202 League Challenge 2nd Place,https://tcgplayer-cdn.tcgplayer.com/product/209334_200w.jpg,3,1539,https://cpt.tcgcsv.com/JLH2,2026-02-25T15:09:10.56,1,Promo,Water,"<strong>Ability — Ice Dance</strong>
<br>As often as you like during your turn, you may attach a Water Energy card from your hand to 1 of your Benched Water Pokémon.",1.99,2.54,5.46,2.3,2.9,Reverse Holofoil,064/202,90,Stage 1,[1W] Aurora Beam (30),Mx2,,2,,,
209335,Frosmoth - 064/202 (League Challenge) [3rd Place],Frosmoth 064 202 League Challenge 3rd Place,https://tcgplayer-cdn.tcgplayer.com/product/209335_200w.jpg,3,1539,https://cpt.tcgcsv.com/KLH2,2024-01-18T11:47:08.75,1,Promo,Water,"<strong>Ability — Ice Dance</strong>
<br>As often as you like during your turn, you may attach a Water Energy card from your hand to 1 of your Benched Water Pokémon.",0.99,1.96,3.99,1.52,2.42,Reverse Holofoil,064/202,90,Stage 1,[1W] Aurora Beam (30),Mx2,,2,,,
209336,Frosmoth - 064/202 (League Challenge) [4th Place],Frosmoth 064 202 League Challenge 4th Place,https://tcgplayer-cdn.tcgplayer.com/product/209336_200w.jpg,3,1539,https://cpt.tcgcsv.com/LLH2,2023-03-02T15:03:03.333,1,Promo,Water,"<strong>Ability — Ice Dance</strong>
<br>As often as you like during your turn, you may attach a Water Energy card from your hand to 1 of your Benched Water Pokémon.",0.99,1.64,3.99,1.4,2.43,Reverse Holofoil,064/202,90,Stage 1,[1W] Aurora Beam (30),Mx2,,2,,,
209528,Glaceon - 23/116 (City Championships),Glaceon 23 116 City Championships,https://tcgplayer-cdn.tcgplayer.com/product/209528_200w.jpg,3,1539,https://cpt.tcgcsv.com/BQH2,2022-09-26T19:21:45.6,1,Promo,Water,"<strong>Ability — Freeze Zone</strong>
<br>The Retreat Cost of each of your Team Plasma Pokémon in play is 2 less.",23.0,52.9,85.6,27.83,,Reverse Holofoil,023/116,90,Stage 1,"[2W] Icy Wind (60)
<br>The defending Pokémon is now Asleep.",Mx2,,2,,,
209529,Dratini - 91/146 (City Championships),Dratini 91 146 City Championships,https://tcgplayer-cdn.tcgplayer.com/product/209529_200w.jpg,3,1539,https://cpt.tcgcsv.com/CQH2,2022-09-26T19:12:10.967,1,Promo,Colorless,,16.49,27.49,29.99,28.73,,Normal,091/146,40,Basic,[1] Tail Slap (10),C+10,,1,"[2] Slam (20x)
<br>Flip 2 coins. This attack does 20 damage times the number of heads.",,
209530,Eevee - 84/108 (City Championships),Eevee 84 108 City Championships,https://tcgplayer-cdn.tcgplayer.com/product/209530_200w.jpg,3,1539,https://cpt.tcgcsv.com/DQH2,2026-02-27T22:25:17.8,1,Promo,Colorless,,25.37,33.94,42.5,30.69,,Reverse Holofoil,084/108,50,Basic,[1] Smash Kick (10),Fx2,,1,[2] Tail Whap (20),,
209542,Blaziken - 14/111 (National Championships),Blaziken 14 111 National Championships,https://tcgplayer-cdn.tcgplayer.com/product/209542_200w.jpg,3,1539,https://cpt.tcgcsv.com/SQH2,2022-09-26T18:57:53.167,1,Promo,Fire,,15.0,16.52,20.0,35.25,,Reverse Holofoil,014/111,140,Stage 2,"[2] Clutch (50)
<br>The Defending Pokémon can't retreat during your opponent's next turn.",Wx2,,2,"[2RR] Burning Shot
<br>Discard 2 Energy attached to this Pokémon. This attack does 150 damage to 1 of your opponent's Pokémon. <em>(Don't apply Weakness and Resistance for Benched Pokémon.)</em>",,
209543,Combusken - 13/111 (State Championships),Combusken 13 111 State Championships,https://tcgplayer-cdn.tcgplayer.com/product/209543_200w.jpg,3,1539,https://cpt.tcgcsv.com/TQH2,2023-03-07T15:52:08.603,1,Promo,Fire,,0.94,5.0,7.99,4.64,,Reverse Holofoil,013/111,80,Stage 1,[2] Slash (30),Wx2,,1,"[2R] Midair Strike (50+)
<br>Flip a coin. If heads, this attack does 20 more damage.",,
209551,Aegislash - 85/146 (Regional Championships),Aegislash 85 146 Regional Championships,https://tcgplayer-cdn.tcgplayer.com/product/209551_200w.jpg,3,1539,https://cpt.tcgcsv.com/2RH2,2026-02-21T05:11:17.693,1,Promo,Metal,"<strong>Ability — Stance Change</strong>
<br>
Once during your turn <em>(before your attack)</em>, you may switch this Pokémon with an Aegislash in your hand. <em>(Any cards attached to this Pokémon, damage counters, Special Conditions, turns in play, and any other effects remain on the new Pokemon.)</em>",5.0,6.5,7.99,6.47,,Reverse Holofoil,085/146,140,Stage 2,"[2MM] Buster Swing (120)
<br>This attack's damage isn't affected by Resistance.",Rx2,P-20,3,,,
209553,Doublade - 84/146 (Regional Championships) [Staff],Doublade 84 146 Regional Championships Staff,https://tcgplayer-cdn.tcgplayer.com/product/209553_200w.jpg,3,1539,https://cpt.tcgcsv.com/5RH2,2022-09-26T19:11:13.667,1,Promo,Metal,,35.0,35.0,35.0,39.99,,Reverse Holofoil,084/146,80,Stage 1,"[1M] Dual Blades (30x)
<br>Flip 2 coins. This attack does 30 damage times the number of heads.",Rx2,P-20,2,,,
209556,Doublade - 84/146 (Regional Championships),Doublade 84 146 Regional Championships,https://tcgplayer-cdn.tcgplayer.com/product/209556_200w.jpg,3,1539,https://cpt.tcgcsv.com/8RH2,2022-09-26T19:10:52.573,1,Promo,Metal,,8.0,8.83,9.99,8.74,,Reverse Holofoil,084/146,80,Stage 1,"[1M] Dual Blades (30x)
<br>Flip 2 coins. This attack does 30 damage times the number of heads.",Rx2,P-20,2,,,
209560,Honedge - 83/146 (Regional Championships),Honedge 83 146 Regional Championships,https://tcgplayer-cdn.tcgplayer.com/product/209560_200w.jpg,3,1539,https://cpt.tcgcsv.com/dRH2,2022-09-26T19:54:16.193,1,Promo,Metal,,4.69,8.0,10.84,9.31,,Reverse Holofoil,083/146,60,Basic,[M] Pierce (10),Rx2,P-20,2,,,
209563,Aegislash - 85/146 (Regional Championships) [Staff],Aegislash 85 146 Regional Championships Staff,https://tcgplayer-cdn.tcgplayer.com/product/209563_200w.jpg,3,1539,https://cpt.tcgcsv.com/hRH2,2022-09-26T18:51:35.677,1,Promo,Metal,"<strong>Ability — Stance Change</strong>
<br>
Once during your turn <em>(before your attack)</em>, you may switch this Pokémon with an Aegislash in your hand. <em>(Any cards attached to this Pokémon, damage counters, Special Conditions, turns in play, and any other effects remain on the new Pokemon.)</em>",,,,,,,085/146,140,Stage 2,"[2MM] Buster Swing (120)
<br>This attack's damage isn't affected by Resistance.",Rx2,P-20,3,,,
209564,Electivire - 3/130 (Regional Championships),Electivire 3 130 Regional Championships,https://tcgplayer-cdn.tcgplayer.com/product/209564_200w.jpg,3,1539,https://cpt.tcgcsv.com/jRH2,2022-09-26T19:12:38.027,1,Promo,Lightning,"<strong>Poké-POWER — Intense Voltage</strong>
<br>
As often as you like during your turn <em>(before your attack)</em>, if Elekid is anywhere under Electivire, you may move a Lightning Energy attached to 1 of your Pokémon to Electivire. This power can't be used if Electivire is affected by a Special Condition.",45.0,45.0,45.0,35.43,,Normal,003/130,100,Stage 1,"[1LLL] Giga Impact (60)
<br>You may discard all Lightning Energy attached to Electivire. If you do, this attack's base damage is 120 instead of 60.",F+20,M-20,3,,,
209566,Machop - 64/101 (City Championships),Machop 64 101 City Championships,https://tcgplayer-cdn.tcgplayer.com/product/209566_200w.jpg,3,1539,https://cpt.tcgcsv.com/lRH2,2026-02-13T21:25:00.253,1,Promo,Fighting,,5.17,6.59,8.01,7.0,,Normal,064/101,50,Basic,[1] Knuckle Punch (10),P,,1,"[1F] Karate Chop (30-) 
<br>Does 30 damage minus 10 damage for each damage counter on Machop.",,
209567,Squirtle - 63/100 (City Championships),Squirtle 63 100 City Championships,https://tcgplayer-cdn.tcgplayer.com/product/209567_200w.jpg,3,1539,https://cpt.tcgcsv.com/mRH2,2022-09-26T20:30:16.747,1,Promo,Water,,25.0,32.06,39.11,39.21,,Normal,063/100,50,Basic,[1] Bite (10),L,,1,[2W] Skull Bash (30),,
209568,Wartortle - 42/100 (State Championships),Wartortle 42 100 State Championships,https://tcgplayer-cdn.tcgplayer.com/product/209568_200w.jpg,3,1539,https://cpt.tcgcsv.com/nRH2,2022-09-26T20:35:51.943,1,Promo,Water,,23.25,26.45,40.84,40.84,,Normal,042/100,70,Stage 1,"[1W] Bubble (20)
<br>Flip a coin. If heads, the Defending Your opponent switches 1 of his or her Defending Pokémon with 1 of his or her Benched Pokémon, if any. You switch 1 of your Active Pokémon with 1 of your Benched Pokémon, if any. is now Paralyzed.",L,,1,[2W] Tackle (50),,
209911,Quick Ball - 179/202 (League Cup),Quick Ball 179 202 League Cup,https://tcgplayer-cdn.tcgplayer.com/product/209911_200w.jpg,3,1539,https://cpt.tcgcsv.com/f-H2,2022-08-24T20:00:29.88,0,Promo,Item,"You can play this card only if you discard another card from your hand.
<br>
Search your deck for a Basic Pokémon, reveal it, and put it into your hand. Then, shuffle your deck.
<br><br>
You may play any number of Item cards during your turn.",3.5,4.61,9.99,3.77,4.72,Reverse Holofoil,179/202,,,,,,,,,
209912,Quick Ball - 179/202 (League Cup) [Staff],Quick Ball 179 202 League Cup Staff,https://tcgplayer-cdn.tcgplayer.com/product/209912_200w.jpg,3,1539,https://cpt.tcgcsv.com/g-H2,2022-08-24T20:00:49.32,0,Promo,Item,"You can play this card only if you discard another card from your hand.
<br>
Search your deck for a Basic Pokémon, reveal it, and put it into your hand. Then, shuffle your deck.
<br><br>
You may play any number of Item cards during your turn.",40.0,48.29,99.99,32.64,,Reverse Holofoil,179/202,,,,,,,,,
210574,Cinderace - 034/202 (Pokemon League),Cinderace 034 202 Pokemon League,https://tcgplayer-cdn.tcgplayer.com/product/210574_200w.jpg,3,1539,https://cpt.tcgcsv.com/vfJ2,2025-11-22T04:10:06.863,1,Promo,Fire,"<strong>Ability — Libero</strong>
<br>Once during your turn, when this Pokémon moves from your Bench to the Active Spot, you may attach up to 2 Fire Energy cards from your discard pile to it.",0.25,0.7,3.99,0.51,0.34,Reverse Holofoil,034/202,170,Stage 2,"[1RR] Flare Striker (190)
<br>Discard 2 Energy from this Pokémon.",Wx2,None,1,,,
210575,Inteleon - 058/202 (Pokemon League),Inteleon 058 202 Pokemon League,https://tcgplayer-cdn.tcgplayer.com/product/210575_200w.jpg,3,1539,https://cpt.tcgcsv.com/wfJ2,2025-11-21T05:18:54.04,1,Promo,Water,"<strong>Ability — Shady Dealings</strong>
<br>When you play this Pokémon from your hand to evolve 1 of your Pokémon during your turn, you may search your deck for up to 2 Trainer cards, reveal them, and put them into your hand. Then, shuffle your deck.",0.2,0.66,2.5,0.38,,Reverse Holofoil,058/202,160,Stage 2,"[1W] Aqua Bullet (120)
<br>This attack also does 20 damage to 1 of your opponent's Benched Pokémon. <em>(Don't apply Weakness and Resistance for Benched Pokémon.)</em>",Lx2,,1,,,
211519,Professor's Research - 178/202 (Regional Championships),Professors Research 178 202 Regional Championships,https://tcgplayer-cdn.tcgplayer.com/product/211519_200w.jpg,3,1539,https://cpt.tcgcsv.com/pDJ2,2025-11-29T22:15:00.117,1,Promo,Supporter,"Discard your hand and draw 7 cards.
<br><br>
You may play only 1 Supporter card during your turn.",1.76,2.03,3.22,1.9,,Reverse Holofoil,178/202,,,,,,,,,
211520,Pokemon Communication - 152a/152 (Oceania Championships) [Staff],Pokemon Communication 152a 152 Oceania Championships Staff,https://tcgplayer-cdn.tcgplayer.com/product/211520_200w.jpg,3,1539,https://cpt.tcgcsv.com/qDJ2,2023-11-13T12:28:54.267,1,Promo,Item,"Reveal a Pokémon from your hand and put it into your deck. If you do, search your deck for a Pokémon, reveal it, and put it into your hand. Then, shuffle your deck.
<br><br>
You may play as many Item cards as you like during your turn <em>(before your attack)</em>.",,,,,,,152a/181,,,,,,,,,
211976,Vaporeon - 25/108 (State Championships) [Staff],Vaporeon 25 108 State Championships Staff,https://tcgplayer-cdn.tcgplayer.com/product/211976_200w.jpg,3,1539,https://cpt.tcgcsv.com/xPJ2,2022-09-26T20:34:15.953,1,Promo,Water,,400.0,400.0,400.0,115.0,,Reverse Holofoil,025/108,110,1,"[1] Muddy Water (20)
<br>
Does 20 damage to 1 of your opponent's Benched Pokémon. <em>(Don't apply Weakness and Resistance for Benched Pokémon.)</em>",L x2,,2,"[2W] Spiral Drain (60)
<br>
Heal 20 damage from this Pokémon.",,
211977,Vaporeon - 25/108 (State Championships),Vaporeon 25 108 State Championships,https://tcgplayer-cdn.tcgplayer.com/product/211977_200w.jpg,3,1539,https://cpt.tcgcsv.com/zPJ2,2023-06-20T19:17:12.947,1,Promo,Water,,35.0,45.0,51.99,40.38,,Reverse Holofoil,025/108,110,1,"[1] Muddy Water (20)
<br>
Does 20 damage to 1 of your opponent's Benched Pokémon. <em>(Don't apply Weakness and Resistance for Benched Pokémon.)</em>",L x2,,2,"[2W] Spiral Drain (60)
<br>
Heal 20 damage from this Pokémon.",,
211978,Jolteon - 37/108 (Regional Championships) [Staff],Jolteon 37 108 Regional Championships Staff,https://tcgplayer-cdn.tcgplayer.com/product/211978_200w.jpg,3,1539,https://cpt.tcgcsv.com/BPJ2,2022-09-26T19:55:39.973,0,Promo,Lightning,,700.0,700.0,700.0,,,Reverse Holofoil,037/108,90,Stage 1,"[1] Electrigun (20+)
<br>
You may discard a Lightning Energy attached to this Pokémon. If you do, this attack does 40 more damage.",Fx2,,,"[2L] Pin Missile (40x)
<br>
Flip 4 coins. This attack does 40 damage times the number of heads.",,
211979,Flareon - 12/108 (Regional Championships),Flareon 12 108 Regional Championships,https://tcgplayer-cdn.tcgplayer.com/product/211979_200w.jpg,3,1539,https://cpt.tcgcsv.com/CPJ2,2024-08-23T20:18:23.813,1,Promo,Fire,,69.95,98.44,129.99,72.5,,Reverse Holofoil,012/108,90,Stage 1,"[1] Sand-Attack (20)
<br>
If the Defending Pokémon tries to attack during your opponent's next turn, your opponent flips a coin. If tails, that attack does nothing.",Wx2,,1,"[2R] Fire Slash (60+)
<br>
You may discard a Fire Energy attached to this Pokémon. If you do, this attack does 30 more damage.",,
211980,Victory Medal - 2008-2009 (Battle Road Spring),Victory Medal 2008 2009 Battle Road Spring,https://tcgplayer-cdn.tcgplayer.com/product/211980_200w.jpg,3,1539,https://cpt.tcgcsv.com/DPJ2,2022-08-24T21:50:58.74,1,Promo,Trainer,"Flip 2 coins. If one of them is heads, draw a card. If both are heads, search your deck for any 1 card, put it into your hand, and shuffle your deck afterward.",,,,,,,,,,,,,,,,
211981,Victory Medal - 2008-2009 (Battle Road Autumn),Victory Medal 2008 2009 Battle Road Autumn,https://tcgplayer-cdn.tcgplayer.com/product/211981_200w.jpg,3,1539,https://cpt.tcgcsv.com/FPJ2,2022-08-24T21:49:07.757,1,Promo,Trainer,"Flip 2 coins. If one of them is heads, draw a card. If both are heads, search your deck for any 1 card, put it into your hand, and shuffle your deck afterward.",,,,,,,,,,,,,,,,
211992,Flareon - 12/108 (Regional Championships) [Staff],Flareon 12 108 Regional Championships Staff,https://tcgplayer-cdn.tcgplayer.com/product/211992_200w.jpg,3,1539,https://cpt.tcgcsv.com/SPJ2,2024-08-23T20:18:46.927,1,Promo,Fire,,,,,,,,012/108,90,Stage 1,"[1] Sand-Attack (20)
<br>
If the Defending Pokémon tries to attack during your opponent's next turn, your opponent flips a coin. If tails, that attack does nothing.",Wx2,,1,"[2R] Fire Slash (60+)
<br>
You may discard a Fire Energy attached to this Pokémon. If you do, this attack does 30 more damage.",,
212984,Deino - 97/113 (Pokemon League) [1st Place],Deino 97 113 Pokemon League 1st Place,https://tcgplayer-cdn.tcgplayer.com/product/212984_200w.jpg,3,1539,https://cpt.tcgcsv.com/JcK2,2022-09-26T19:05:55.037,1,Promo,Dragon,,50.0,55.0,149923.93,45.0,,Reverse Holofoil,097/113,60,Basic,"[D] Deep Growl
<br>
Flip a coin. If heads the Defending Pokémon is now Paralyzed.",Ox2,,2,"[1P] Power Breath (30)
<br>
Discard an Energy attached to this Pokémon.",,
212985,Deino - 97/113 (Pokemon League) [2nd Place],Deino 97 113 Pokemon League 2nd Place,https://tcgplayer-cdn.tcgplayer.com/product/212985_200w.jpg,3,1539,https://cpt.tcgcsv.com/KcK2,2022-09-26T19:06:00.767,1,Promo,Dragon,,,,,,,,097/113,60,Basic,"[D] Deep Growl
<br>
Flip a coin. If heads the Defending Pokémon is now Paralyzed.",Ox2,,2,"[1P] Power Breath (30)
<br>
Discard an Energy attached to this Pokémon.",,
212986,Deino - 97/113 (Pokemon League) [3rd Place],Deino 97 113 Pokemon League 3rd Place,https://tcgplayer-cdn.tcgplayer.com/product/212986_200w.jpg,3,1539,https://cpt.tcgcsv.com/LcK2,2022-09-26T19:06:06.01,1,Promo,Dragon,,,,,,,,097/113,60,Basic,"[D] Deep Growl
<br>
Flip a coin. If heads the Defending Pokémon is now Paralyzed.",Ox2,,2,"[1P] Power Breath (30)
<br>
Discard an Energy attached to this Pokémon.",,
212987,Deino - 97/113 (Pokemon League) [4th Place],Deino 97 113 Pokemon League 4th Place,https://tcgplayer-cdn.tcgplayer.com/product/212987_200w.jpg,3,1539,https://cpt.tcgcsv.com/McK2,2022-09-26T19:06:11.313,1,Promo,Dragon,,,,,,,,097/113,60,Basic,"[D] Deep Growl
<br>
Flip a coin. If heads the Defending Pokémon is now Paralyzed.",Ox2,,2,"[1P] Power Breath (30)
<br>
Discard an Energy attached to this Pokémon.",,
212988,Scyther - 4/108 (Pokemon League) [1st Place],Scyther 4 108 Pokemon League 1st Place,https://tcgplayer-cdn.tcgplayer.com/product/212988_200w.jpg,3,1539,https://cpt.tcgcsv.com/NcK2,2022-09-26T20:24:24.487,1,Promo,Grass,,,,,,,,004/108,80,Basic,"[3] Air Slash (60)
<br>Discard an Energy attached to this Pokémon.",R x2,,1,,,
212989,Scyther - 4/108 (Pokemon League) [2nd Place],Scyther 4 108 Pokemon League 2nd Place,https://tcgplayer-cdn.tcgplayer.com/product/212989_200w.jpg,3,1539,https://cpt.tcgcsv.com/PcK2,2022-09-26T20:24:50.987,1,Promo,Grass,,75.0,75.0,75.0,44.49,,Reverse Holofoil,004/108,80,Basic,"[3] Air Slash (60)
<br>Discard an Energy attached to this Pokémon.",R x2,,1,,,
212990,Scyther - 4/108 (Pokemon League) [3rd Place],Scyther 4 108 Pokemon League 3rd Place,https://tcgplayer-cdn.tcgplayer.com/product/212990_200w.jpg,3,1539,https://cpt.tcgcsv.com/QcK2,2022-09-26T20:24:56.083,1,Promo,Grass,,37.0,37.0,37.0,32.12,,Reverse Holofoil,004/108,80,Basic,"[3] Air Slash (60)
<br>Discard an Energy attached to this Pokémon.",R x2,,1,,,
212991,Scyther - 4/108 (Pokemon League) [4th Place],Scyther 4 108 Pokemon League 4th Place,https://tcgplayer-cdn.tcgplayer.com/product/212991_200w.jpg,3,1539,https://cpt.tcgcsv.com/RcK2,2022-09-26T20:25:02.213,1,Promo,Grass,,,,,,,,004/108,80,Basic,"[3] Air Slash (60)
<br>Discard an Energy attached to this Pokémon.",R x2,,1,,,
212992,Umbreon - 60/108 (Regional Championships),Umbreon 60 108 Regional Championships,https://tcgplayer-cdn.tcgplayer.com/product/212992_200w.jpg,3,1539,https://cpt.tcgcsv.com/ScK2,2022-09-26T20:33:41.237,1,Promo,Darkness,,183.4,193.0,194.97,169.65,,Holofoil,060/108,100,1,"[2] Shadow Drain (30)
<br>
Heal from this Pokémon the same amount of damage you did to the defending Pokémon.",F x2,P -20,2,"[2D] Slashing Strike (80)
<br>
This Pokémon can't use Slashing Strike during your next turn.",,
213012,Rayquaza - 22/107 (2004-2005 Gym Challenge),Rayquaza 22 107 2004 2005 Gym Challenge,https://tcgplayer-cdn.tcgplayer.com/product/213012_200w.jpg,3,1539,https://cpt.tcgcsv.com/gdK2,2022-09-26T20:22:21.65,1,Promo,Colorless,"<strong>Poké-BODY — Dragon Aura</strong>
<br>As long as Rayquaza has any basic Fire Energy cards and any basic Lightning Energy cards attached to it, prevent all effects, except damage, by any opponent's attack done to Rayquaza.",136.74,138.21,138.21,76.67,,Normal,022/107,80,Basic,"[2] Tumbling Attack (20+)
<br>
Flip a coin. If heads, this attack does 20 damage plus 20 more damage.",C,,1,,,
213017,Solrock - 64/146 (Pokemon League) [1st Place],Solrock 64 146 Pokemon League 1st Place,https://tcgplayer-cdn.tcgplayer.com/product/213017_200w.jpg,3,1539,https://cpt.tcgcsv.com/mdK2,2022-09-26T20:29:45,1,Promo,Fighting,,16.33,18.99,30.0,12.9,,Reverse Holofoil,064/146,90,Basic,"[1] Cosmic Spin (10+)
<br>
If Lunatone is on your Bench, this attack does 30 more damage.",G x2,,2,[1FF] Solar Beam (60),,
213018,Solrock - 64/146 (Pokemon League) [2nd Place],Solrock 64 146 Pokemon League 2nd Place,https://tcgplayer-cdn.tcgplayer.com/product/213018_200w.jpg,3,1539,https://cpt.tcgcsv.com/ndK2,2022-09-26T20:29:48.99,1,Promo,Fighting,,6.83,7.41,12.0,4.88,,Reverse Holofoil,064/146,90,Basic,"[1] Cosmic Spin (10+)
<br>
If Lunatone is on your Bench, this attack does 30 more damage.",G x2,,2,[1FF] Solar Beam (60),,
213019,Solrock - 64/146 (Pokemon League) [3rd Place],Solrock 64 146 Pokemon League 3rd Place,https://tcgplayer-cdn.tcgplayer.com/product/213019_200w.jpg,3,1539,https://cpt.tcgcsv.com/pdK2,2022-09-26T20:29:52.52,1,Promo,Fighting,,3.5,7.99,9.99,7.99,,Reverse Holofoil,064/146,90,Basic,"[1] Cosmic Spin (10+)
<br>
If Lunatone is on your Bench, this attack does 30 more damage.",G x2,,2,[1FF] Solar Beam (60),,
213020,Solrock - 64/146 (Pokemon League) [4th Place],Solrock 64 146 Pokemon League 4th Place,https://tcgplayer-cdn.tcgplayer.com/product/213020_200w.jpg,3,1539,https://cpt.tcgcsv.com/qdK2,2022-09-26T20:29:57.35,1,Promo,Fighting,,4.2,6.55,11.3,4.74,,Reverse Holofoil,064/146,90,Basic,"[1] Cosmic Spin (10+)
<br>
If Lunatone is on your Bench, this attack does 30 more damage.",G x2,,2,[1FF] Solar Beam (60),,
213025,Seeker - 88/102 (League Promo),Seeker 88 102 League Promo,https://tcgplayer-cdn.tcgplayer.com/product/213025_200w.jpg,3,1539,https://cpt.tcgcsv.com/wdK2,2025-12-11T03:41:53.883,1,Promo,Supporter,"<em>You can play only one supporter card each turn. When you play this card, put it next to your Active Pokémon. When your turn ends, discard this card.</em>
<br>Each player returns 1 of his or her Benched Pokémon and all cards attached to it to his or her hand. (You return your Pokémon first.)",,,,,,,088/102,,,,,,,,,
213060,Accelgor - 12/101 (Championship Series),Accelgor 12 101 Championship Series,https://tcgplayer-cdn.tcgplayer.com/product/213060_200w.jpg,3,1539,https://cpt.tcgcsv.com/dfK2,2022-09-26T18:44:55.343,1,Promo,Grass,,1.5,3.23,9.99,2.98,,Reverse Holofoil,012/101,90,Stage 1,"[1] Acid Spray (20)
<br>
Flip a coin. If heads, discard an Energy attached to the Defending Pokémon.",Rx2,,,"[G] Slashing Strike (60) 
<br>
This Pokémon can't use Slashing Strike during your next turn.",,
214326,Water Energy (2007 Unnumbered D/P Style Non-Holo),Water Energy 2007 Unnumbered D P Style Non Holo,https://tcgplayer-cdn.tcgplayer.com/product/214326_200w.jpg,3,1539,https://cpt.tcgcsv.com/xLK2,2022-08-24T22:08:08.36,1,Promo,Basic Water Energy,<em>Copyright Date - ©2007 Pokemon/Nintendo</em>,0.08,0.2,2.49,0.3,,Normal,,,,,,,,,,
215231,Charmander - 98/97 (City Championships),Charmander 98 97 City Championships,https://tcgplayer-cdn.tcgplayer.com/product/215231_200w.jpg,3,1539,https://cpt.tcgcsv.com/F6L2,2022-09-26T18:59:56.423,1,Promo,Fire,,,,,,,,098/097,50,Basic,[R] Flare (10),W,,1,"[2] Rage (10+) 
<br>Does 10 damage plus 10 more damage for each damage counter on Charmander.",,
215635,Call Energy - 92/100 (League Promo),Call Energy 92 100 League Promo,https://tcgplayer-cdn.tcgplayer.com/product/215635_200w.jpg,3,1539,https://cpt.tcgcsv.com/KgL2,2022-09-26T18:58:39.44,1,Promo,Energy,"Call Energy Provides 1 Energy. Once during your turn, if the Pokémon Call Energy is attached to is your Active Pokémon, you may search your deck for up to 2 Basic Pokémon and put them onto your Bench. If you do, shuffle your deck and your turn ends.",30.0,42.5,50.99,40.0,,Reverse Holofoil,092/100,,Special Energy,,,,,,,
220258,Psychic Energy (2005 Unnumbered),Psychic Energy 2005 Unnumbered,https://tcgplayer-cdn.tcgplayer.com/product/220258_200w.jpg,3,1539,https://cpt.tcgcsv.com/b7N2,2022-08-24T19:52:16.683,1,Promo,Basic Psychic Energy,<em>Copyright Date: 2005 Pokémon/Nintendo</em>,0.05,0.28,0.99,0.27,,Normal,,,,,,,,,,
220259,Fighting Energy (2006 Unnumbered),Fighting Energy 2006 Unnumbered,https://tcgplayer-cdn.tcgplayer.com/product/220259_200w.jpg,3,1539,https://cpt.tcgcsv.com/c7N2,2023-01-20T20:41:55.857,1,Common,Basic Fighting Energy,<em>Copyright Date: 2006 Pokémon/Nintendo</em>,0.2,0.3,2.0,0.28,,Normal,,,,,,,,,,
220260,Grass Energy (2006 Unnumbered),Grass Energy 2006 Unnumbered,https://tcgplayer-cdn.tcgplayer.com/product/220260_200w.jpg,3,1539,https://cpt.tcgcsv.com/d7N2,2022-08-18T19:05:47.403,1,Common,Basic Grass Energy,<em>Copyright Date: 2006 Pokémon/Nintendo</em>,0.1,0.45,1.41,0.47,,Normal,,,,,,,,,,
220369,Pokemon Collector - 97/123 (League Promo),Pokemon Collector 97 123 League Promo,https://tcgplayer-cdn.tcgplayer.com/product/220369_200w.jpg,3,1539,https://cpt.tcgcsv.com/p9N2,2022-09-26T20:13:14.837,1,Promo,Supporter,"<em>You can play only one Supporter card each turn. When you play this card, put it next to your Active Pokémon. When your turn ends, discard this card.</em>
<br>
Search your deck for up to 3 Basic Pokémon, show them to your opponent, and put them into your hand. Shuffle your deck afterward.",24.09,24.95,27.0,29.38,,Reverse Holofoil,097/123,,,,,,,,,
220667,Politoed - 7/95 (League Promo),Politoed 7 95 League Promo,https://tcgplayer-cdn.tcgplayer.com/product/220667_200w.jpg,3,1539,https://cpt.tcgcsv.com/mhN2,2022-09-26T20:13:39.113,1,Promo,Water,"<strong>Poké-POWER — Leap Frog</strong>
<br>
Once during your turn <em>(before your attack)</em>, you may choose a Water Pokémon on your Bench and switch it with your Active Pokémon. This power can't be used if Politoed is affected by a Special Condition.",29.99,33.33,61.56,30.8,,Reverse Holofoil,007/095,120,Stage 2,"[2W] Big Chorus (30x)
<br>
Flip a coin for each Water Pokémon you have in play. This attack does 30 damage times the number of heads.",Lx2,,2,,,
220668,Politoed - 7/95 (League Promo) [Staff],Politoed 7 95 League Promo Staff,https://tcgplayer-cdn.tcgplayer.com/product/220668_200w.jpg,3,1539,https://cpt.tcgcsv.com/nhN2,2022-09-26T20:13:57.163,1,Promo,Water,"<strong>Poké-POWER — Leap Frog</strong>
<br>
Once during your turn <em>(before your attack)</em>, you may choose a Water Pokémon on your Bench and switch it with your Active Pokémon. This power can't be used if Politoed is affected by a Special Condition.",244.0,244.5,245.0,,,Reverse Holofoil,007/095,120,Stage 2,"[2W] Big Chorus (30x)
<br>
Flip a coin for each Water Pokémon you have in play. This attack does 30 damage times the number of heads.",Lx2,,2,,,
221172,Dratini - 91/146 (City Championships) [Staff],Dratini 91 146 City Championships Staff,https://tcgplayer-cdn.tcgplayer.com/product/221172_200w.jpg,3,1539,https://cpt.tcgcsv.com/stN2,2022-09-26T19:12:15.847,1,Promo,Colorless,,100.0,108.29,149.99,149.66,,Normal,091/146,40,Basic,[1] Tail Slap (10),C+10,,1,"[2] Slam (20x)
<br>Flip 2 coins. This attack does 20 damage times the number of heads.",,
221173,Dragonite - 2/146 (National Championships),Dragonite 2 146 National Championships,https://tcgplayer-cdn.tcgplayer.com/product/221173_200w.jpg,3,1539,https://cpt.tcgcsv.com/ttN2,2022-09-26T19:11:54.037,1,Promo,Colorless,,190.0,251.25,278.99,117.37,,Normal,002/146,140,Stage 2,"[3] Hyper Beam (40)
<br>Flip a coin. If heads, discard an Energy card attached to the Defending Pokémon.",C+30,F-20,3,"[4] Draco Meteor
<br>
Flip a coin for each of your opponent's Pokémon. If that coin flip is heads, this attack does 50 damage to that Pokémon. <em>(Don't apply Weakness and Resistance for Benched Pokémon.)</em>",,
221174,Dragonair - 52/146 (State Championships),Dragonair 52 146 State Championships,https://tcgplayer-cdn.tcgplayer.com/product/221174_200w.jpg,3,1539,https://cpt.tcgcsv.com/vtN2,2022-09-26T19:11:44.637,1,Promo,Colorless,,49.99,49.99,49.99,27.53,,Normal,052/146,70,Stage 1,"[2] Wrap (20)
<br>
Flip a coin. If heads, the Defending Pokémon is now Paralyzed.",C+20,,1,"[3] Rising Lunge (30+)
<br>
Flip a coin. If heads, this attack does 30 damage plus 20 more damage.",,
221175,Dragonair - 52/146 (State Championships) [Staff],Dragonair 52 146 State Championships Staff,https://tcgplayer-cdn.tcgplayer.com/product/221175_200w.jpg,3,1539,https://cpt.tcgcsv.com/wtN2,2022-08-16T19:15:53.58,1,Promo,Colorless,,449.99,449.99,449.99,219.99,,Normal,52/146,70,Stage 1,"[2] Wrap (20)
<br>
Flip a coin. If heads, the Defending Pokémon is now Paralyzed.",C+20,,1,"[3] Rising Lunge (30+)
<br>
Flip a coin. If heads, this attack does 30 damage plus 20 more damage.",,
221297,Frozen City (Team Plasma) - 100/116 (League Promo),Frozen City Team Plasma 100 116 League Promo,https://tcgplayer-cdn.tcgplayer.com/product/221297_200w.jpg,3,1539,https://cpt.tcgcsv.com/ZwN2,2022-08-16T21:12:05.733,1,Promo,Stadium,"Whenever any player attaches an Energy from his or her hand to 1 of his or her Pokémon (excluding Team Plasma Pokémon), put 2 damage counters on that Pokémon.
<br><br>
This card stays in play when you play it. Discard this card if another Stadium card comes into play. If another card with the same name is in play, you can't play this card.",5.25,7.75,22.5,10.65,,Reverse Holofoil,100/116,,,,,,,,,
221298,Rare Candy - 82/95 (League Promo),Rare Candy 82 95 League Promo,https://tcgplayer-cdn.tcgplayer.com/product/221298_200w.jpg,3,1539,https://cpt.tcgcsv.com/-wN2,2022-09-26T20:22:16.343,1,Promo,Trainer,"Choose 1 of your basic Pokémon in play. If you have a Stage 1 or Stage 2 card that evolves from that Pokémon in your hand, put that card on the Basic Pokémon. (This counts as evolving that Pokémon.) If you choose a Stage 2 Pokémon in your hand, put that Pokémon on the Basic Pokémon instead of on a Stage 1 Pokémon.",,,,,,,082/095,,,,,,,,,
221760,Double Colorless Energy - 90/108 (Oceania Championships),Double Colorless Energy 90 108 Oceania Championships,https://tcgplayer-cdn.tcgplayer.com/product/221760_200w.jpg,3,1539,https://cpt.tcgcsv.com/dKN2,2022-09-26T19:11:33.95,1,Promo,Special Energy,Double Colorless Energy provides 2 Energy.,,,,,,,090/108,,,,,,,,,
224355,Darkness Energy (Special) - 93/109 (Cosmos Holo) [Winner],Darkness Energy Special 93 109 Cosmos Holo Winner,https://tcgplayer-cdn.tcgplayer.com/product/224355_200w.jpg,3,1539,https://cpt.tcgcsv.com/7MP2,2024-08-05T15:01:57.51,1,Promo,Special Energy,"If the Pokémon Darkness Energy is attached to attacks, the attack does 10 more damage to the Active Pokémon <em>(before applying Weakness and Resistance)</em>. Ignore this effect unless the Attacking Pokémon is Darkness or has Dark in its name. Darkness Energy provides Darkness Energy. <em>(Doesn't count as a basic Energy card.)</em>",27.87,84.97,86.95,29.99,,Holofoil,93/109,,,,,,,,,
224857,Umbreon - 60/108 (Regional Championships) [Staff],Umbreon 60 108 Regional Championships Staff,https://tcgplayer-cdn.tcgplayer.com/product/224857_200w.jpg,3,1539,https://cpt.tcgcsv.com/9ZP2,2022-09-26T20:33:46.557,1,Promo,Darkness,,,,,,,,060/108,100,1,"[2] Shadow Drain (30)
<br>
Heal from this Pokémon the same amount of damage you did to the defending Pokémon.",Fx2,P-20,2,"[2D] Slashing Strike (80)
<br>
This Pokémon can't use Slashing Strike during your next turn.",,
227091,Salamence - 8/20 (Regional Championships),Salamence 8 20 Regional Championships,https://tcgplayer-cdn.tcgplayer.com/product/227091_200w.jpg,3,1539,https://cpt.tcgcsv.com/RRQ2,2024-10-30T18:39:29.303,1,Promo,Dragon,"<strong>Ability — Scornful Storm</strong>
<br>Once during your turn <em>(before your attack)</em>, you may have your opponent discard cards from his or her hand until he or she has 4 cards left in his or her hand.",27.99,27.99,27.99,14.99,,Reverse Holofoil,008/020,140,Stage 2,"[2RW] Shred (90) 
<br>This attack's damage isn't affected by any effects on the Defending Pokémon.",Ox2,,2,,,
227092,Salamence - 8/20 (Regional Championships) [Staff],Salamence 8 20 Regional Championships Staff,https://tcgplayer-cdn.tcgplayer.com/product/227092_200w.jpg,3,1539,https://cpt.tcgcsv.com/SRQ2,2024-10-30T18:31:14.497,1,Promo,Dragon,"<strong>Ability — Scornful Storm</strong>
<br>Once during your turn <em>(before your attack)</em>, you may have your opponent discard cards from his or her hand until he or she has 4 cards left in his or her hand.",,,,,,,008/020,140,Stage 2,"[2RW] Shred (90) 
<br>This attack's damage isn't affected by any effects on the Defending Pokémon.",Ox2,,2,,,
227404,Tropius - 5/101 (National Championships),Tropius 5 101 National Championships,https://tcgplayer-cdn.tcgplayer.com/product/227404_200w.jpg,3,1539,https://cpt.tcgcsv.com/6-Q2,2022-09-26T20:32:39.097,1,Promo,Grass,,25.0,25.0,25.0,10.49,,Reverse Holofoil,005/101,100,Basic,"[G] Return (10) 
<br>Draw cards until you have 6 cards in your hand.",Lx2,F-20,1,"[1G] Energy Press (20+) 
<br>Does 20 more damage for each Energy attached to the Defending Pokémon.",,
227405,Tropius - 5/101 (National Championships) [Staff],Tropius 5 101 National Championships Staff,https://tcgplayer-cdn.tcgplayer.com/product/227405_200w.jpg,3,1539,https://cpt.tcgcsv.com/7-Q2,2022-09-26T20:32:44.49,1,Promo,Grass,,138.0,144.63,275.0,,,Reverse Holofoil,005/101,100,Basic,"[G] Return (10) 
<br>Draw cards until you have 6 cards in your hand.",Lx2,F-20,1,"[1G] Energy Press (20+) 
<br>Does 20 more damage for each Energy attached to the Defending Pokémon.",,
227707,Avalugg - 31/106 (Pokemon League) [3rd Place],Avalugg 31 106 Pokemon League 3rd Place,https://tcgplayer-cdn.tcgplayer.com/product/227707_200w.jpg,3,1539,https://cpt.tcgcsv.com/96R2,2022-09-26T18:53:56.383,1,Promo,Water,,5.24,6.59,10.49,6.91,,Reverse Holofoil,031/106,130,Stage 1,"[2W] Frost Barrier (40)
<br>
During your opponent's next turn, any damage done to this Pokémon by attacks is reduced by 20 <em>(after applying Weakness and Resistance)</em>.",Mx2,,4,"[2WW] Shatter (90)
<br>
Discard any Stadium card in play.",,
227709,Avalugg - 31/106 (Pokemon League) [1st Place],Avalugg 31 106 Pokemon League 1st Place,https://tcgplayer-cdn.tcgplayer.com/product/227709_200w.jpg,3,1539,https://cpt.tcgcsv.com/c6R2,2022-09-26T18:51:51.903,1,Promo,Water,,16.0,35.0,41.66,32.99,,Reverse Holofoil,031/106,130,Stage 1,"[2W] Frost Barrier (40)
<br>
During your opponent's next turn, any damage done to this Pokémon by attacks is reduced by 20 <em>(after applying Weakness and Resistance)</em>.",Mx2,,4,"[2WW] Shatter (90)
<br>
Discard any Stadium card in play.",,
227710,Avalugg - 31/106 (Pokemon League) [4th Place],Avalugg 31 106 Pokemon League 4th Place,https://tcgplayer-cdn.tcgplayer.com/product/227710_200w.jpg,3,1539,https://cpt.tcgcsv.com/d6R2,2023-02-20T21:56:16.617,1,Promo,Water,,4.83,5.75,7.99,4.84,,Reverse Holofoil,031/106,130,Stage 1,"[2W] Frost Barrier (40)
<br>
During your opponent's next turn, any damage done to this Pokémon by attacks is reduced by 20 <em>(after applying Weakness and Resistance)</em>.",Mx2,,4,"[2WW] Shatter (90)
<br>
Discard any Stadium card in play.",,
227712,Avalugg - 31/106 (Pokemon League) [2nd Place],Avalugg 31 106 Pokemon League 2nd Place,https://tcgplayer-cdn.tcgplayer.com/product/227712_200w.jpg,3,1539,https://cpt.tcgcsv.com/g6R2,2022-09-26T18:51:57.297,1,Promo,Water,,9.69,9.99,11.19,10.27,,Reverse Holofoil,031/106,130,Stage 1,"[2W] Frost Barrier (40)
<br>
During your opponent's next turn, any damage done to this Pokémon by attacks is reduced by 20 <em>(after applying Weakness and Resistance)</em>.",Mx2,,4,"[2WW] Shatter (90)
<br>
Discard any Stadium card in play.",,
228157,Multi Energy (Special) 93/100 (League Promo),Multi Energy Special 93 100 League Promo,https://tcgplayer-cdn.tcgplayer.com/product/228157_200w.jpg,3,1539,https://cpt.tcgcsv.com/9hR2,2026-02-11T18:43:20.353,1,Promo,Special Multi Energy,"Attach Multi Energy to 1 of your Pokemon.  While in play, Multi Energy provides every type of Energy but provides only 1 energy at a time.  <em>(Doesn't count as a basic Energy card when not in play.)</em> Multi Energy provides Colorless Energy when attached to a Pokemon that already has Special Energy cards attached to it.",13.47,13.8,19.99,13.49,19.99,Holofoil,093/100,,,,,,,,,
228815,Luxray - 7/130 (National Championships),Luxray 7 130 National Championships,https://tcgplayer-cdn.tcgplayer.com/product/228815_200w.jpg,3,1539,https://cpt.tcgcsv.com/kxR2,2022-09-26T20:03:50.49,1,Promo,Lightning,"<strong>Poké-POWER — Gleam Eyes</strong>
<br>
Once during your turn, when you play Luxray from your hand to evolve 1 of your Pokémon, you may look at your opponent's hand. If your opponent's Bench isn't full, choose 1 Basic Pokémon from your opponent's hand, and put it onto his or her Bench. The, switch it with the Defending Pokémon.",14.99,21.5,33.6,39.99,,Normal,007/130,120,Stage 2,"[LLLL] Lightning Star (80)
<br>Move all Lightning Energy attached to Luxray to 1 of your Benched Pokémon. (Ignore this effect if you don't have any Benched Pokémon.)",F+30,M-20,1,,,
230533,Blaziken - 14/111 (National Championships) [Staff],Blaziken 14 111 National Championships Staff,https://tcgplayer-cdn.tcgplayer.com/product/230533_200w.jpg,3,1539,https://cpt.tcgcsv.com/HdS2,2022-09-26T18:58:02.217,0,Promo,Fire,,,,,,,,014/111,140,Stage 2,"[2] Clutch (50)
<br>The Defending Pokémon can't retreat during your opponent's next turn.",Wx2,,2,"[2RR] Burning Shot
<br>Discard 2 Energy attached to this Pokémon. This attack does 150 damage to 1 of your opponent's Pokémon. <em>(Don't apply Weakness and Resistance for Benched Pokémon.)</em>",,
230926,Pumpkaboo - 56/146 (Pokemon League) [1st Place],Pumpkaboo 56 146 Pokemon League 1st Place,https://tcgplayer-cdn.tcgplayer.com/product/230926_200w.jpg,3,1539,https://cpt.tcgcsv.com/xnS2,2022-09-26T20:17:04.543,1,Promo,Psychic,,49.99,51.24,52.49,39.69,,Reverse Holofoil,056/146,60,Basic,"[P] Confuse Ray
<br>Your opponent's Active Pokémon is now Confused.",Dx2,F-20,2,,,
230927,Pumpkaboo - 56/146 (Pokemon League) [2nd Place],Pumpkaboo 56 146 Pokemon League 2nd Place,https://tcgplayer-cdn.tcgplayer.com/product/230927_200w.jpg,3,1539,https://cpt.tcgcsv.com/znS2,2022-09-26T20:17:10.887,1,Promo,Psychic,,7.49,10.49,13.99,8.25,,Reverse Holofoil,056/146,60,Basic,"[P] Confuse Ray
<br>Your opponent's Active Pokémon is now Confused.",Dx2,F-20,2,,,
230928,Pumpkaboo - 56/146 (Pokemon League) [3rd Place],Pumpkaboo 56 146 Pokemon League 3rd Place,https://tcgplayer-cdn.tcgplayer.com/product/230928_200w.jpg,3,1539,https://cpt.tcgcsv.com/BnS2,2022-09-26T20:17:17.91,1,Promo,Psychic,,8.69,11.98,15.98,3.85,,Reverse Holofoil,056/146,60,Basic,"[P] Confuse Ray
<br>Your opponent's Active Pokémon is now Confused.",Dx2,F-20,2,,,
230930,Pumpkaboo - 56/146 (Pokemon League) [4th Place],Pumpkaboo 56 146 Pokemon League 4th Place,https://tcgplayer-cdn.tcgplayer.com/product/230930_200w.jpg,3,1539,https://cpt.tcgcsv.com/DnS2,2022-09-26T20:17:22.483,1,Promo,Psychic,,4.99,7.59,9.46,7.97,,Reverse Holofoil,056/146,60,Basic,"[P] Confuse Ray
<br>Your opponent's Active Pokémon is now Confused.",Dx2,F-20,2,,,
231414,Espeon - 48/108 (National Championships),Espeon 48 108 National Championships,https://tcgplayer-cdn.tcgplayer.com/product/231414_200w.jpg,3,1539,https://cpt.tcgcsv.com/jBS2,2026-02-05T21:12:34.527,1,Promo,Psychic,"<strong>Ability — Solar Revelation</strong>
<br>
Prevent all effects of your opponent's attacks, except damage, done to each of your Pokémon that has any Energy attached to it.",99.99,103.9,127.9,69.98,,Reverse Holofoil,048/108,90,Stage 1,"[2P] Psy Report (60) 
<br>Your opponent reveals his or her hand.",Px2,,1,,,
231415,Espeon - 48/108 (National Championships) [Staff],Espeon 48 108 National Championships Staff,https://tcgplayer-cdn.tcgplayer.com/product/231415_200w.jpg,3,1539,https://cpt.tcgcsv.com/kBS2,2022-09-26T19:14:39.757,1,Promo,Psychic,"<strong>Ability — Solar Revelation</strong>
<br>
Prevent all effects of your opponent's attacks, except damage, done to each of your Pokémon that has any Energy attached to it.",,,,,,,048/108,90,Stage 1,"[2P] Psy Report (60) 
<br>Your opponent reveals his or her hand.",Px2,,1,,,
231416,Poliwhirl - 37/95 (League Promo),Poliwhirl 37 95 League Promo,https://tcgplayer-cdn.tcgplayer.com/product/231416_200w.jpg,3,1539,https://cpt.tcgcsv.com/lBS2,2022-09-26T20:14:17.617,1,Promo,Water,,13.63,19.8,29.99,14.15,,Reverse Holofoil,037/095,80,Stage 1,"[W] Hypnoblast (20) 
<br>The Defending Pokémon is now Asleep.",Lx2,,1,[2] Light Punch (30),,
231417,Poliwhirl - 37/95 (League Promo) [Staff],Poliwhirl 37 95 League Promo Staff,https://tcgplayer-cdn.tcgplayer.com/product/231417_200w.jpg,3,1539,https://cpt.tcgcsv.com/mBS2,2022-09-26T20:14:24.85,1,Promo,Water,,350.0,350.0,350.0,220.95,,Reverse Holofoil,037/095,80,Stage 1,"[W] Hypnoblast (20) 
<br>The Defending Pokémon is now Asleep.",Lx2,,1,[2] Light Punch (30),,
231418,Poliwrath - 21/95 (League Promo),Poliwrath 21 95 League Promo,https://tcgplayer-cdn.tcgplayer.com/product/231418_200w.jpg,3,1539,https://cpt.tcgcsv.com/nBS2,2022-09-26T20:14:30.673,1,Promo,Water,,22.69,26.32,29.99,24.39,,Reverse Holofoil,021/095,130,Stage 2,"[1W] Steamroll (40) 
<br>Does 20 damage to 1 of your opponent's Benched Pokémon. <em>(Don't apply Weakness and Resistance for Benched Pokémon.)</em>",Lx2,,3,"[2W] Dynamic Punch (60+) 
<br>Flip a coin. If heads, this attack does 60 damage plus 40 more damage and the Defending Pokémon is now Confused.",,
231419,Poliwrath - 21/95 (League Promo) [Staff],Poliwrath 21 95 League Promo Staff,https://tcgplayer-cdn.tcgplayer.com/product/231419_200w.jpg,3,1539,https://cpt.tcgcsv.com/pBS2,2022-09-26T20:14:38.193,1,Promo,Water,,350.0,350.0,350.0,180.0,,Reverse Holofoil,021/095,130,Stage 2,"[1W] Steamroll (40) 
<br>Does 20 damage to 1 of your opponent's Benched Pokémon. <em>(Don't apply Weakness and Resistance for Benched Pokémon.)</em>",Lx2,,3,"[2W] Dynamic Punch (60+) 
<br>Flip a coin. If heads, this attack does 60 damage plus 40 more damage and the Defending Pokémon is now Confused.",,
232873,Gengar - 5/92 (Gym Challenge),Gengar 5 92 Gym Challenge,https://tcgplayer-cdn.tcgplayer.com/product/232873_200w.jpg,3,1539,https://cpt.tcgcsv.com/t9T2,2024-01-10T20:22:06.897,1,Promo,Psychic,"<strong>Poké-POWER — Shadow Curse</strong>
<br>
If Gengar would be Knocked Out by damage from an opponent's attack, you may put 3 damage counters on 1 of your opponent's Pokémon.",,,,,,,005/092,100,Stage 2,"[P] Cursed Reaction 
<br>Put 2 damage counters on your opponent's Pokémon in any way you like. If Gengar has any React Energy attached to it, put 4 damage counters instead.",D,F,1,[1PP] Super Psy Bolt (60),,
232877,Whismur - 73/106 (City Championships),Whismur 73 106 City Championships,https://tcgplayer-cdn.tcgplayer.com/product/232877_200w.jpg,3,1539,https://cpt.tcgcsv.com/z9T2,2023-07-14T20:43:43.56,1,Promo,Colorless,,4.0,7.0,19.99,7.38,,Normal,073/106,50,Basic,[1] Tackle (10),F,,1,[2] Rollout (20),,
232883,Bagon - 6/20 (Regional Championships),Bagon 6 20 Regional Championships,https://tcgplayer-cdn.tcgplayer.com/product/232883_200w.jpg,3,1539,https://cpt.tcgcsv.com/H9T2,2022-09-26T18:54:42.723,1,Promo,Dragon,,6.84,13.3,21.98,12.63,,Holofoil,006/020,50,Basic,[1] Headbutt (10),Ox2,,1,[RW] Dragon Claw (20),,
232885,Jolteon - 37/108 (Regional Championships),Jolteon 37 108 Regional Championships,https://tcgplayer-cdn.tcgplayer.com/product/232885_200w.jpg,3,1539,https://cpt.tcgcsv.com/K9T2,2022-09-26T19:55:34.65,0,Promo,Lightning,,70.0,80.0,90.0,69.79,,Reverse Holofoil,037/108,90,Stage 1,"[1] Electrigun (20+)
<br>
You may discard a Lightning Energy attached to this Pokémon. If you do, this attack does 40 more damage.",Fx2,,,"[2L] Pin Missile (40x)
<br>
Flip 4 coins. This attack does 40 damage times the number of heads.",,
232886,Eevee - 84/108 (City Championships) [Staff],Eevee 84 108 City Championships Staff,https://tcgplayer-cdn.tcgplayer.com/product/232886_200w.jpg,3,1539,https://cpt.tcgcsv.com/L9T2,2022-09-26T19:12:32.533,0,Promo,Colorless,,350.0,5174.5,9999.0,150.0,,Reverse Holofoil,084/108,50,Basic,[1] Smash Kick (10),Fx2,,1,[2] Tail Whap (20),,
233306,Reverse Valley - 110/122 (State Championships) [Staff],Reverse Valley 110 122 State Championships Staff,https://tcgplayer-cdn.tcgplayer.com/product/233306_200w.jpg,3,1539,https://cpt.tcgcsv.com/8lT2,2023-03-22T13:18:20.913,0,Promo,Stadium,"<em>This card stays in play when you play it. Discard this card if another Stadium card comes into play. If another card with the same name is in play, you can’t play this card.</em>
<br><br>
<strong>Blue Side</strong>
<br>Choose which way this card faces before you play it. Any damage done to this player's Metal Pokémon by an opponent's attack is reduced by 10 <em>(after applying Weakness and Resistance)</em>.
<br>
<strong>Red Side</strong>
<br>Choose which way this card faces before you play it. The attacks of this player's Darkness Pokémon do 10 more damage to your opponent's Active Pokémon <em>(before applying Weakness and Resistance)</em>.",16.49,19.1,64.95,17.99,,Reverse Holofoil,110/122,,,,,,,,,
233829,Chaos Tower - 94/124 (National Championships),Chaos Tower 94 124 National Championships,https://tcgplayer-cdn.tcgplayer.com/product/233829_200w.jpg,3,1539,https://cpt.tcgcsv.com/CxT2,2022-09-26T18:58:54.477,0,Promo,Stadium,"<strong>Blue Side</strong>
<br>Choose which way this card faces before you play it. This player's Pokémon can't be Confused or Poisoned. <em>(If those Pokémon are already Confused or Poisoned, remove those Special Conditions.)</em>
<br>
<br><strong>Red Side</strong> 
<br>Choose which way this card faces before you play it. This player's Pokémon can't be Asleep or Paralyzed. <em>(If those Pokémon are already Asleep or Paralyzed, remove those Special Conditions.)</em>",2.93,4.49,8.99,4.22,,Holofoil,094/124,,,,,,,,,
233830,Chaos Tower - 92/124 (National Championship Promo) [Staff],Chaos Tower 92 124 National Championship Promo Staff,https://tcgplayer-cdn.tcgplayer.com/product/233830_200w.jpg,3,1539,https://cpt.tcgcsv.com/DxT2,2022-09-26T18:58:47.803,0,Promo,Stadium,"<strong>Blue Side</strong>
<br>Choose which way this card faces before you play it. This player's Pokémon can't be Confused or Poisoned. <em>(If those Pokémon are already Confused or Poisoned, remove those Special Conditions.)</em>
<br>
<br><strong>Red Side</strong> 
<br>Choose which way this card faces before you play it. This player's Pokémon can't be Asleep or Paralyzed. <em>(If those Pokémon are already Asleep or Paralyzed, remove those Special Conditions.)</em>",43.1,49.49,57.48,49.98,,Holofoil,094/124,,,,,,,,,
236462,Multi Energy (Special) - 93/100 [Winner],Multi Energy Special 93 100 Winner,https://tcgplayer-cdn.tcgplayer.com/product/236462_200w.jpg,3,1539,https://cpt.tcgcsv.com/gCV2,2022-09-26T20:10:36.14,1,Promo,Special Multi Energy,"Attach Multi Energy to 1 of your Pokemon.  While in play, Multi Energy provides every type of Energy but provides only 1 energy at a time.  <em>(Doesn't count as a basic Energy card when not in play.)</em> Multi Energy provides Colorless Energy when attached to a Pokemon that already has Special Energy cards attached to it.",19.75,34.99,105.0,20.12,,Holofoil,093/100,,,,,,,,,
236463,Metal Energy (Special) - 94/109 [Winner],Metal Energy Special 94 109 Winner,https://tcgplayer-cdn.tcgplayer.com/product/236463_200w.jpg,3,1539,https://cpt.tcgcsv.com/hCV2,2022-09-26T20:09:00.503,1,Promo,Special Metal Energy,Damage done by attacks to the Pokemon that Metal Energy is attached to is reduced by 10 <em>(after applying Weakness and Resistance.)</em> Ignore this effect if the Pokemon that Metal Energy is attached to isn't Metal.  Metal Energy provides Metal Energy.  <em>(Doesn't count as a basic Energy card.)</em>,29.95,58.99,9999.0,27.46,,Holofoil,094/109,,,,,,,,,
236464,Venusaur - 28/100 (Regional Championships),Venusaur 28 100 Regional Championships,https://tcgplayer-cdn.tcgplayer.com/product/236464_200w.jpg,3,1539,https://cpt.tcgcsv.com/jCV2,2022-09-26T20:34:21.583,1,Promo,Grass,"<strong>Poké-BODY — Chlorophyll</strong>
<br>
All Energy cards that provide only Colorless Energy attached to your Grass Pokémon provide Grass Energy instead.",46.95,50.33,76.99,69.99,,Normal,028/100,110,Stage 2,"[2] Green Blast (20+)
<br>
Does 20 damage plus 10 more damage for each Grass Energy attached to all of your Pokémon.",R,,3,"[1GG] Toxic Sleep
<br>
The Defending Pokémon is now Asleep and Poisoned. Put 2 damage counters instead of 1 on the Defending Pokémon between turns.",,
239498,Luxio - 52/130 (State Championship Promo),Luxio 52 130 State Championship Promo,https://tcgplayer-cdn.tcgplayer.com/product/239498_200w.jpg,3,1539,https://cpt.tcgcsv.com/-PW2,2022-09-26T20:03:35.353,1,Promo,Lightning,,10.0,15.85,29.99,16.15,,Normal,052/130,80,Stage 1,"[1] Fasten Claws (10+) Flip a coin.  If heads, this attack does 10 damage plus 30 more damage.",F+20,M-20,0,"[LL] Thunder Fang (30) Flip a coin.  If heads, the Defending Pokemon is now Paralyzed.",,
239504,Luxio - 52/130 (State Championships) [Staff],Luxio 52 130 State Championships Staff,https://tcgplayer-cdn.tcgplayer.com/product/239504_200w.jpg,3,1539,https://cpt.tcgcsv.com/6QW2,2022-09-26T20:03:44.867,1,Promo,Lightning,,125.85,174.0,175.0,,,Normal,052/130,80,Stage 1,"[1] Fasten Claws (10+)
<br>Flip a coin. If heads, this attack does 10 damage plus 30 more damage.",F+20,M-20,,"[LL] Thunder Fang (30) Flip a coin.  If heads, the Defending Pokemon is now Paralyzed.",,
240132,Flygon - 15/97 (Pokemon League),Flygon 15 97 Pokemon League,https://tcgplayer-cdn.tcgplayer.com/product/240132_200w.jpg,3,1539,https://cpt.tcgcsv.com/G3X2,2022-09-26T19:20:33.877,0,Promo,Colorless,"<strong>Poké-BODY — Sand Guard</strong>
<br>
Whenever Flygon would be damaged by your opponent's attack <em>(after applying Weakness and Resistance)</em>, flip a coin. If heads, reduce that damage by 20.",29.89,34.89,9999.0,41.0,,Holofoil,015/097,100,Stage 2,"[1GL] Air Slash (60)
<br>Flip a coin. If tails, discard an Energy card attached to Flygon.",,,2,,,
240133,Flygon - 15/97 (Pokemon League) [Winner],Flygon 15 97 Pokemon League Winner,https://tcgplayer-cdn.tcgplayer.com/product/240133_200w.jpg,3,1539,https://cpt.tcgcsv.com/H3X2,2022-09-26T19:19:12.313,1,Promo,Colorless,"<strong>Poké-BODY — Sand Guard</strong>
<br>
Whenever Flygon would be damaged by your opponent's attack <em>(after applying Weakness and Resistance)</em>, flip a coin. If heads, reduce that damage by 20.",55.0,55.0,55.0,157.96,,Holofoil,015/097,100,Stage 2,"[1GL] Air Slash (60)
<br>Flip a coin. If tails, discard an Energy card attached to Flygon.",,,2,,,
242767,Misty's Determination - 104/122 (Regional Championships) [Staff],Mistys Determination 104 122 Regional Championships Staff,https://tcgplayer-cdn.tcgplayer.com/product/242767_200w.jpg,3,1539,https://cpt.tcgcsv.com/m7Z2,2022-08-24T15:51:05.123,1,Promo,Supporter,"Discard a card from your hand. If you do, look at the top 8 cards of your deck and put 1 of them into your hand. Shuffle the other cards back into your deck.
<br><br>
You may play only 1 Supporter card during your turn <em>(before your attack)</em>.",85.0,127.48,148.9,89.99,,Reverse Holofoil,104/122,,,,,,,,,
245967,Darkness Energy (2007-2008 League Promo),Darkness Energy 2007 2008 League Promo,https://tcgplayer-cdn.tcgplayer.com/product/245967_200w.jpg,3,1539,https://cpt.tcgcsv.com/mp-2,2022-08-16T17:21:09.777,1,Promo,Basic Darkness Energy,<em>Copyright Date: 2007 Pokémon/Nintendo</em>,9.0,9.0,9.0,10.18,,Holofoil,,,,,,,,,,
246417,Volkner's Philosophy - 98/111 (Player Reward),Volkners Philosophy 98 111 Player Reward,https://tcgplayer-cdn.tcgplayer.com/product/246417_200w.jpg,3,1539,https://cpt.tcgcsv.com/mB-2,2022-09-26T20:35:42.627,1,Promo,Supporter,"<em>You can play only one Supporter each turn.  When you play this card, put it next to your Active Pokémon.  When your turn ends, discard this card.</em>
<br>
You may discard a card from your hand. Then, draw cards until you have 6 cards in your hand. (If you can't draw any cards, you can't play this card.)",2.9,5.53,10.0,3.37,5.31,Reverse Holofoil,098/111,,,,,,,,,
247287,Loudred 35/106 (State Championships),Loudred 35 106 State Championships,https://tcgplayer-cdn.tcgplayer.com/product/247287_200w.jpg,3,1539,https://cpt.tcgcsv.com/MW-2,2022-09-26T20:02:55.68,1,Promo,Colorless,,9.21,9.6,9.99,4.94,,Normal,035/106,80,Stage 1,"[1] Body Slam (10) 
<br>Flip a coin. If heads, the Defending Pokémon is now Paralyzed.",F,,2,"[3] Double-edge (50) 
<br>Loudred does 10 damage to itself.",,
247301,Choice Band - 121a/145 (North America Championships),Choice Band 121a 145 North America Championships,https://tcgplayer-cdn.tcgplayer.com/product/247301_200w.jpg,3,1539,https://cpt.tcgcsv.com/2X-2,2022-08-16T16:28:12.32,1,Promo,Item,"<strong>Pokémon Tool</strong>
<br>
Attach a Pokémon Tool to 1 of your Pokémon that doesn't already have a Pokémon Tool attached to it.
<br>
The attacks of the Pokémon this card is attached to do 30 more damage to your opponent's Active Pokémon-GX or Active Pokémon-EX <em>(before applying Weakness and Resistance)</em>.
<br><br>
You may play as many Item cards as you like during your turn <em>(before your attack)</em>.",12.99,17.79,29.99,21.54,14.79,Reverse Holofoil,121a/145,,,,,,,,,
247302,Choice Band - 121a/145 (Oceania Championships),Choice Band 121a 145 Oceania Championships,https://tcgplayer-cdn.tcgplayer.com/product/247302_200w.jpg,3,1539,https://cpt.tcgcsv.com/3X-2,2022-08-16T16:29:21.573,1,Promo,Item,"<strong>Pokémon Tool</strong>
<br>
Attach a Pokémon Tool to 1 of your Pokémon that doesn't already have a Pokémon Tool attached to it.
<br>
The attacks of the Pokémon this card is attached to do 30 more damage to your opponent's Active Pokémon-GX or Active Pokémon-EX <em>(before applying Weakness and Resistance)</em>.
<br><br>
You may play as many Item cards as you like during your turn <em>(before your attack)</em>.",49.0,55.8,74.99,,,Reverse Holofoil,121a/145,,,,,,,,,
247303,Choice Band - 121a/145 (North America Championships) [Staff],Choice Band 121a 145 North America Championships Staff,https://tcgplayer-cdn.tcgplayer.com/product/247303_200w.jpg,3,1539,https://cpt.tcgcsv.com/5X-2,2022-08-16T16:28:45.66,1,Promo,Item,"<strong>Pokémon Tool</strong>
<br>
Attach a Pokémon Tool to 1 of your Pokémon that doesn't already have a Pokémon Tool attached to it.
<br>
The attacks of the Pokémon this card is attached to do 30 more damage to your opponent's Active Pokémon-GX or Active Pokémon-EX <em>(before applying Weakness and Resistance)</em>.
<br><br>
You may play as many Item cards as you like during your turn <em>(before your attack)</em>.",,,,,,,121a/145,,,,,,,,,
251200,Shelgon - 7/20 (Regional Championships),Shelgon 7 20 Regional Championships,https://tcgplayer-cdn.tcgplayer.com/product/251200_200w.jpg,3,1539,https://cpt.tcgcsv.com/0v03,2022-09-26T20:25:25.367,1,Promo,Dragon,,38.0,38.0,38.0,4.43,,Reverse Holofoil,007/020,80,Stage 1,"[1] Knock Away (10+)
<br>
Flip a coin. If heads, this attack does 20 more damage.",Ox2,,3,[1RW] Rollout (50),,
251201,Shelgon - 7/20 (Regional Championships) [Staff],Shelgon 7 20 Regional Championships Staff,https://tcgplayer-cdn.tcgplayer.com/product/251201_200w.jpg,3,1539,https://cpt.tcgcsv.com/2v03,2022-09-26T20:25:32.02,0,Promo,Dragon,,57.79,61.37,64.99,43.66,,Reverse Holofoil,007/020,80,Stage 1,"[1] Knock Away (10+)
<br>
Flip a coin. If heads, this attack does 20 more damage.",Ox2,,3,[1RW] Rollout (50),,
251202,Escavalier - 80/101 (Championship Series),Escavalier 80 101 Championship Series,https://tcgplayer-cdn.tcgplayer.com/product/251202_200w.jpg,3,1539,https://cpt.tcgcsv.com/3v03,2024-10-18T12:17:57.617,1,Promo,Metal,,6.01,10.3,96.95,10.25,,Reverse Holofoil,080/101,90,Stage 1,"[1M] Guard Press (40)
<br>
During your opponent's next turn, any damage done to this Pokémon by attacks is reduced by 20 <em>(after applying Weakness and Resistance)</em>.",Rx2,P-20,3,"[2M] Twineedle (70x)
<br>
Flip 2 coins. This attack does 70 damage times the number of heads.",,
251240,Golem - 6/92 (Regional Championships),Golem 6 92 Regional Championships,https://tcgplayer-cdn.tcgplayer.com/product/251240_200w.jpg,3,1539,https://cpt.tcgcsv.com/Qv03,2024-06-20T17:02:40.06,1,Promo,Fighting,,17.49,19.75,49.99,19.75,,Normal,006/092,120,Stage 2,"[1] Mend
<br>Search your discard pile for a Fighting Energy card and attach it to Golem. If you do, remove 2 damage counters from Golem.",W,,3,"[1F] Enraged Linear Attack
<br>Choose 1 of your opponent's Pokémon. This attack does 10 damage for each damage counter on Golem to that Pokémon. <em>(Don't apply Weakness and Resistance for Benched Pokémon.)</em>","[2FF] Rock Tumble (70) 
<br>This attack's damage isn't affected by Resistance.",
251241,Machamp - 9/101 (National Championships),Machamp 9 101 National Championships,https://tcgplayer-cdn.tcgplayer.com/product/251241_200w.jpg,3,1539,https://cpt.tcgcsv.com/Rv03,2022-09-26T20:03:56.243,1,Promo,Fighting,"<strong>Poké-BODY — Overzealous</strong>
<br>
If your opponent has any Pokémon-ex in play, each of Machamp's attacks do 30 more damage to the Defending Pokémon.",,,,,,,009/101,120,Stage 2,"[1F] Brick Smash (40) 
<br>This attack's damage isn't affected by Weakness, Resistance, Poké-Powers, Poké-Bodies, or any other effects on the Defending Pokémon.",P,,2,"[3F] Cross Chop (60+) 
<br>Flip a coin. If heads, this attack does 60 damage plus 30 more damage.",,
251242,Machoke - 41/101 (State Championships),Machoke 41 101 State Championships,https://tcgplayer-cdn.tcgplayer.com/product/251242_200w.jpg,3,1539,https://cpt.tcgcsv.com/Sv03,2024-06-04T13:29:25.943,1,Promo,Fighting,"<strong>Poké-BODY — Strikes Back</strong>
<br>
If Machoke is your Active Pokémon and is damaged by an opponent's attack <em>(even if Machoke is Knocked Out)</em>, put 1 damage counter on the Attacking Pokémon.",,,,,,,041/101,80,Stage 1,[1F] Low Kick (30),P,,1,,,
251243,Exploud - 3/106 (National Championships),Exploud 3 106 National Championships,https://tcgplayer-cdn.tcgplayer.com/product/251243_200w.jpg,3,1539,https://cpt.tcgcsv.com/Tv03,2023-09-11T13:37:15.457,1,Promo,Colorless,,15.0,37.18,99.99,16.0,,Normal,003/109,120,Stage 2,"[1] Collect 
<br>Draw 3 cards.",F,,2,"[2] Body Slam (30) 
<br>Flip a coin. If heads, the Defending Pokémon is now Paralyzed.",[3] Hyper Voice (50),"[5] Mega Throw (60+) 
<br>If the Defending Pokémon is Pokémon-ex, this attack does 60 damage plus 40 more damage."
260886,Team Galactic's Invention G-109 SP Radar - 96/111 (League Promo),Team Galactics Invention G 109 SP Radar 96 111 League Promo,https://tcgplayer-cdn.tcgplayer.com/product/260886_200w.jpg,3,1539,https://cpt.tcgcsv.com/Lm63,2022-09-26T20:30:38.96,1,Promo,Trainer,"Choose a card from your hand and put it on top of your deck. Search your deck for a Pokémon SP, show it to your opponent, and put it into your hand. Shuffle your deck afterward. (If this is the only card in your hand, you can't play this card.)",5.0,7.34,96.95,8.18,96.95,Reverse Holofoil,096/111,,,,,,,,,
261732,Super Scoop Up - 83/95 (League Promo),Super Scoop Up 83 95 League Promo,https://tcgplayer-cdn.tcgplayer.com/product/261732_200w.jpg,3,1539,https://cpt.tcgcsv.com/GJ63,2022-09-26T20:30:33.593,1,Promo,Trainer,"Flip a coin. If heads, return 1 of your Pokémon and all cards attached to it to your hand.",5.99,6.38,7.5,5.42,,Reverse Holofoil,083/095,,,"Flip a coin. If heads, return 1 of your Pokemon and all cards attached to it to your hand.",,,,,,
262156,Garchomp C - 60/147 (League Promo),Garchomp C 60 147 League Promo,https://tcgplayer-cdn.tcgplayer.com/product/262156_200w.jpg,3,1539,https://cpt.tcgcsv.com/8T63,2022-09-26T19:19:53.53,1,Promo,Colorless,,90.1,147.25,149.0,89.85,85.0,Reverse Holofoil,060/147,80,Basic,[2] Claw Swipe (30),Cx2,,1,"[3] Earthquake (50) 
<br>Does 10 damage to each of your Benched Pokémon. <em>(Don't apply Weakness and Resistance for Benched Pokémon.)</em>",,
262158,Garchomp C - 60/147 (League Promo) [Staff],Garchomp C 60 147 League Promo Staff,https://tcgplayer-cdn.tcgplayer.com/product/262158_200w.jpg,3,1539,https://cpt.tcgcsv.com/bT63,2022-09-26T19:19:57.923,1,Promo,Colorless,,,,,,,,060/147,80,Basic,[2] Claw Swipe (30),Cx2,,1,"[3] Earthquake (50) 
<br>Does 10 damage to each of your Benched Pokémon. <em>(Don't apply Weakness and Resistance for Benched Pokémon.)</em>",,
265325,Machamp - 9/101 (National Championships) [Staff],Machamp 9 101 National Championships Staff,https://tcgplayer-cdn.tcgplayer.com/product/265325_200w.jpg,3,1539,https://cpt.tcgcsv.com/w883,2022-09-26T20:04:01.207,1,Promo,Fighting,"<strong>Poké-BODY — Overzealous</strong>
<br>
If your opponent has any Pokémon-ex in play, each of Machamp's attacks do 30 more damage to the Defending Pokémon.",,,,,,,009/101,120,Stage 2,"[1F] Brick Smash (40) 
<br>This attack's damage isn't affected by Weakness, Resistance, Poké-Powers, Poké-Bodies, or any other effects on the Defending Pokémon.",P,,2,"[3F] Cross Chop (60+) 
<br>Flip a coin. If heads, this attack does 60 damage plus 30 more damage.",,
267992,Honedge 83/146 (Regional Championships) [Staff],Honedge 83 146 Regional Championships Staff,https://tcgplayer-cdn.tcgplayer.com/product/267992_200w.jpg,3,1539,https://cpt.tcgcsv.com/Sc93,2022-09-26T19:54:31.58,1,Promo,Metal,,48.29,52.79,73.47,49.99,,Reverse Holofoil,083/146,60,Basic,[M] Pierce (10),Rx2,P-20,2,,,
270479,Boss's Orders - 154/192 (Regional Championships),Bosss Orders 154 192 Regional Championships,https://tcgplayer-cdn.tcgplayer.com/product/270479_200w.jpg,3,1539,https://cpt.tcgcsv.com/Ccb3,2022-08-16T15:57:43.22,1,Promo,Supporter,Switch 1 of your opponent's Benched Pokémon with their Active Pokémon.,9.99,12.01,28.21,10.37,,Reverse Holofoil,154/192,,,,,,,,,
273901,Guzma - 115/147 (Regional Championships) [Staff],Guzma 115 147 Regional Championships Staff,https://tcgplayer-cdn.tcgplayer.com/product/273901_200w.jpg,3,1539,https://cpt.tcgcsv.com/2Bc3,2022-08-18T19:40:32.783,1,Promo,Supporter,"Switch 1 of your opponent's Benched Pokémon with their Active Pokémon. If you do, switch your Active Pokémon with 1 of your Benched Pokémon.
<br><br>
You may play only 1 Supporter card during your turn <em>(before your attack)</em>.",26.0,32.83,38.0,37.0,,Reverse Holofoil,115/147,,,,,,,,,
274093,Turbo Patch - 172/189 (Pokemon League) [Thank You],Turbo Patch 172 189 Pokemon League Thank You,https://tcgplayer-cdn.tcgplayer.com/product/274093_200w.jpg,3,1539,https://cpt.tcgcsv.com/TFc3,2022-09-08T16:47:30.97,1,Promo,Item,"Flip a coin. If heads, attach a basic Energy card from your discard pile to 1 of your Basic Pokémon that isn't a Pokémon GX.",0.8,2.13,20.99,1.42,,Reverse Holofoil,172/189,,,,,,,,,
274095,Polteageist - 83/189 (Pokemon League) [Thank You],Polteageist 83 189 Pokemon League Thank You,https://tcgplayer-cdn.tcgplayer.com/product/274095_200w.jpg,3,1539,https://cpt.tcgcsv.com/WFc3,2022-08-27T13:11:55.583,1,Promo,Psychic,"<strong>Ability — Tea Break</strong>
<br>You must discard a Pokémon that has the Mad Party attack from your hand in order to use this Ability. Once during your turn, you may draw 2 cards.",1.15,2.35,18.91,2.3,,Reverse Holofoil,083/189,60,Stage 1,"[2] Mad Party (20x)
<br>This attack does 20 damage times the number of Pokémon in your discard pile that have the Mad Party attack.",Mx2,F-30,1,,,
274097,Dedenne - 78/189 (Pokemon League) [Thank You],Dedenne 78 189 Pokemon League Thank You,https://tcgplayer-cdn.tcgplayer.com/product/274097_200w.jpg,3,1539,https://cpt.tcgcsv.com/ZFc3,2022-09-26T19:05:49.237,1,Promo,Psychic,,9.75,15.0,25.0,9.93,,Reverse Holofoil,078/189,70,Basic,"[2P] Mad Party (20x)
<br>This attack does 20 damage times the number of Pokémon in your discard pile that have the Mad Party attack.",Mx2,,1,,,
278684,Quick Ball - 237/264 (North America Championships),Quick Ball 237 264 North America Championships,https://tcgplayer-cdn.tcgplayer.com/product/278684_200w.jpg,3,1539,https://cpt.tcgcsv.com/Jtf3,2025-11-25T15:54:57.813,1,Promo,Item,"You can play this card only if you discard another card from your hand.
<br>
Search your deck for a Basic Pokémon, reveal it, and put it into your hand. Then, shuffle your deck.
<br><br>
You may play any number of Item cards during your turn.",18.49,19.99,37.0,21.0,19.99,Reverse Holofoil,237/264,,,,,,,,,
279328,Boss's Orders - 132/172 (Regional Championships),Bosss Orders 132 172 Regional Championships,https://tcgplayer-cdn.tcgplayer.com/product/279328_200w.jpg,3,1539,https://cpt.tcgcsv.com/BLf3,2023-05-22T10:59:25.877,1,Promo,Supporter,"Switch 1 of your opponent's Benched Pokémon with their Active Pokémon.
<br><br>
You may play only 1 Supporter card during your turn.",5.0,6.99,7.01,7.73,,Reverse Holofoil,132/172,,,,,,,,,
279329,Boss's Orders - 132/172 (Regional Championships) [Staff],Bosss Orders 132 172 Regional Championships Staff,https://tcgplayer-cdn.tcgplayer.com/product/279329_200w.jpg,3,1539,https://cpt.tcgcsv.com/CLf3,2022-08-16T15:57:19.23,1,Promo,Supporter,Switch 1 of your opponent's Benched Pokémon with their Active Pokémon.,70.0,102.29,118.83,106.79,,Reverse Holofoil,132/172,,,,,,,,,
282263,Roxanne - 150/189 (Regional Championships),Roxanne 150 189 Regional Championships,https://tcgplayer-cdn.tcgplayer.com/product/282263_200w.jpg,3,1539,https://cpt.tcgcsv.com/hWg3,2022-08-24T20:29:29.89,0,Promo,Supporter,"You can use this card only if your opponent has 3 or less Prize cards left.
<br>Both players shuffle their hand into their deck. Then, you draw 6 cards and your opponent draws 2 cards.
<br><br>
You may play only 1 Supporter card during your turn.",1.98,3.61,17.99,3.22,,Reverse Holofoil,150/189,,,,,,,,,
282264,Oran Berry - 85/109 [Winner],Oran Berry 85 109 Winner,https://tcgplayer-cdn.tcgplayer.com/product/282264_200w.jpg,3,1539,https://cpt.tcgcsv.com/jWg3,2023-06-16T19:43:20.88,1,Promo,Tool,"<em>Attach Oran Berry to 1 of your Pokémon that doesn't already have a Pokémon Tool attached to it. If that Pokémon is Knocked Out, discard this card.</em>
<br>At any time between turns, if the Pokémon this card is attached to has at least 2 damage counters on it, remove 2 damage counters from it. Then discard Oran Berry.",26.65,29.69,199.95,37.44,,Normal,085/109,,,,,,,,,
282283,Roxanne - 150/189 (Regional Championships) [Staff],Roxanne 150 189 Regional Championships Staff,https://tcgplayer-cdn.tcgplayer.com/product/282283_200w.jpg,3,1539,https://cpt.tcgcsv.com/HWg3,2026-01-29T19:58:05.037,1,Promo,Supporter,"You can use this card only if your opponent has 3 or less Prize cards left.
<br>Both players shuffle their hand into their deck. Then, you draw 6 cards and your opponent draws 2 cards.
<br><br>
You may play only 1 Supporter card during your turn.",39.99,65.35,89.99,,,Reverse Holofoil,150/189,,,,,,,,,
282413,Accelgor - 12/101 (Championship Series) [Staff],Accelgor 12 101 Championship Series Staff,https://tcgplayer-cdn.tcgplayer.com/product/282413_200w.jpg,3,1539,https://cpt.tcgcsv.com/h-g3,2022-09-26T18:45:02.86,0,Promo,Grass,,13.95,16.95,22.24,16.95,,Reverse Holofoil,012/101,90,Stage 1,"[1] Acid Spray (20)
<br>Flip a coin. If heads, discard an Energy attached to the Defending Pokémon.",Rx2,,,"[G] Slashing Strike (60) 
<br>This Pokémon can't use Slashing Strike during your next turn.",,
282504,Victory Medal - 2006-2007 (Battle Road Spring),Victory Medal 2006 2007 Battle Road Spring,https://tcgplayer-cdn.tcgplayer.com/product/282504_200w.jpg,3,1539,https://cpt.tcgcsv.com/60h3,2022-08-24T21:50:28.857,1,Promo,Trainer,"Flip 2 coins. If one of them is heads, draw a card. If both are heads, search your deck for any 1 card, put it into your hand, and shuffle your deck afterward.",,,,,,,,,,,,,,,,
282505,Victory Medal - 2007-2008 (Battle Road Autumn),Victory Medal 2007 2008 Battle Road Autumn,https://tcgplayer-cdn.tcgplayer.com/product/282505_200w.jpg,3,1539,https://cpt.tcgcsv.com/70h3,2022-08-24T21:48:35.44,1,Promo,Trainer,"Flip 2 coins. If one of them is heads, draw a card. If both are heads, search your deck for any 1 card, put it into your hand, and shuffle your deck afterward.",229.99,229.99,229.99,,,Holofoil,,,,,,,,,,
282506,Victory Medal - 2007-2008 (Battle Road Spring),Victory Medal 2007 2008 Battle Road Spring,https://tcgplayer-cdn.tcgplayer.com/product/282506_200w.jpg,3,1539,https://cpt.tcgcsv.com/80h3,2022-08-24T21:50:42.633,1,Promo,Trainer,"Flip 2 coins. If one of them is heads, draw a card. If both are heads, search your deck for any 1 card, put it into your hand, and shuffle your deck afterward.",,,,,,,,,,,,,,,,
282507,Victory Medal - 2009-2010 (Battle Road Autumn),Victory Medal 2009 2010 Battle Road Autumn,https://tcgplayer-cdn.tcgplayer.com/product/282507_200w.jpg,3,1539,https://cpt.tcgcsv.com/90h3,2022-08-24T21:49:34.14,1,Promo,Trainer,"Flip 2 coins. If one of them is heads, draw a card. If both are heads, search your deck for any 1 card, put it into your hand, and shuffle your deck afterward.",249.5,249.75,249.99,,,Holofoil,,,,,,,,,,
282508,Victory Medal - 2009-2010 (Battle Road Spring),Victory Medal 2009 2010 Battle Road Spring,https://tcgplayer-cdn.tcgplayer.com/product/282508_200w.jpg,3,1539,https://cpt.tcgcsv.com/b0h3,2022-08-24T21:51:13.977,1,Promo,Trainer,"Flip 2 coins. If one of them is heads, draw a card. If both are heads, search your deck for any 1 card, put it into your hand, and shuffle your deck afterward.",,,,,,,,,,,,,,,,
282510,Victory Medal - 2010-2011 (Battle Road Autumn),Victory Medal 2010 2011 Battle Road Autumn,https://tcgplayer-cdn.tcgplayer.com/product/282510_200w.jpg,3,1539,https://cpt.tcgcsv.com/d0h3,2022-08-24T21:49:49.917,1,Promo,Trainer,"Flip 2 coins. If one of them is heads, draw a card. If both are heads, search your deck for any 1 card, put it into your hand, and shuffle your deck afterward.",,,,,,,,,,,,,,,,
282511,Victory Medal - 2010-2011 (Battle Road Spring),Victory Medal 2010 2011 Battle Road Spring,https://tcgplayer-cdn.tcgplayer.com/product/282511_200w.jpg,3,1539,https://cpt.tcgcsv.com/f0h3,2022-08-24T21:52:06.583,1,Promo,Trainer,"Flip 2 coins. If one of them is heads, draw a card. If both are heads, search your deck for any 1 card, put it into your hand, and shuffle your deck afterward.",140.24,157.62,175.0,,,Holofoil,,,,,,,,,,
285694,Charmeleon - 99/97 (State Championship),Charmeleon 99 97 State Championship,https://tcgplayer-cdn.tcgplayer.com/product/285694_200w.jpg,3,1539,https://cpt.tcgcsv.com/Vhj3,2022-09-26T19:02:41.35,1,Promo,Fire,,399.99,700.0,1000.0,98.68,,Holofoil,099/097,70,Stage 1,"[R] Smokescreen (10)
<br>If the Defending Pokémon tries to attack during your opponent's next turn, your opponent flips a coin. If tails, that attack does nothing.",W,,1,"[1R] Fireworks (40)
<br> Flip a coin. If tails, discard a Fire Energy card attached to Charmeleon.",,
454438,Luxray - 7/130 (National Championships) [Staff],Luxray 7 130 National Championships Staff,https://tcgplayer-cdn.tcgplayer.com/product/454438_200w.jpg,3,1539,https://cpt.tcgcsv.com/NNF5,2022-11-15T13:42:35.717,1,Promo,Lightning,"<strong>Poké-POWER — Gleam Eyes</strong>
<br>
Once during your turn, when you play Luxray from your hand to evolve 1 of your Pokémon, you may look at your opponent's hand. If your opponent's Bench isn't full, choose 1 Basic Pokémon from your opponent's hand, and put it onto his or her Bench. The, switch it with the Defending Pokémon.",226.45,233.96,265.0,299.99,,Normal,007/130,120,Stage 2,"[LLLL] Lightning Star (80)
<br>Move all Lightning Energy attached to Luxray to 1 of your Benched Pokémon. (Ignore this effect if you don't have any Benched Pokémon.)",F+30,M-20,1,,,
478896,Fire Energy (2006 Unnumbered),Fire Energy 2006 Unnumbered,https://tcgplayer-cdn.tcgplayer.com/product/478896_200w.jpg,3,1539,https://cpt.tcgcsv.com/XzR5,2023-01-20T21:35:41.877,1,Common,Basic Fire Energy,<em>Copyright Date: 2006 Pokémon/Nintendo</em>,0.25,0.39,0.58,0.38,,Normal,,,,,,,,,,
478939,Serena - 164/195 (Regional Championships),Serena 164 195 Regional Championships,https://tcgplayer-cdn.tcgplayer.com/product/478939_200w.jpg,3,1539,https://cpt.tcgcsv.com/PBR5,2023-01-23T14:46:34.7,0,Promo,Supporter,"Choose 1:
<br>
• Discard up to 3 cards from your hand. <em>(You must discard at least 1 card.)</em> If you do, draw cards until you have 5 cards in your hand.
<br>
• Switch 1 of your opponent's Benched Pokémon V with their Active Pokémon.
<br><br>
You may play only 1 Supporter card during your turn.",1.99,2.48,18.5,2.23,,Reverse Holofoil,164/195,,,,,,,,,
480652,Metal Energy (2007-2008 League Promo),Metal Energy 2007 2008 League Promo,https://tcgplayer-cdn.tcgplayer.com/product/480652_200w.jpg,3,1539,https://cpt.tcgcsv.com/3hS5,2023-01-31T14:05:39.59,1,Promo,Basic Energy,,7.5,9.73,14.99,7.95,7.98,Holofoil,,,,,,,,,,
487431,Colress's Experiment (Regional Championships),Colresss Experiment Regional Championships,https://tcgplayer-cdn.tcgplayer.com/product/487431_200w.jpg,3,1539,https://cpt.tcgcsv.com/F-V5,2023-03-08T13:27:54.86,1,Promo,Supporter,Look at the top 5 cards of your deck and put 3 of them into your hand. Put the other cards in the Lost Zone.,6.0,7.16,22.5,6.4,,Reverse Holofoil,155/196,,,,,,,,,
487432,Colress's Experiment (Regional Championships) [Staff],Colresss Experiment Regional Championships Staff,https://tcgplayer-cdn.tcgplayer.com/product/487432_200w.jpg,3,1539,https://cpt.tcgcsv.com/G-V5,2023-03-08T13:27:47.633,0,Promo,Supporter,Look at the top 5 cards of your deck and put 3 of them into your hand. Put the other cards in the Lost Zone.,60.0,75.19,89.99,39.6,,Reverse Holofoil,155/196,,,,,,,,,
489693,Upper Energy - 102/111 (League Promo),Upper Energy 102 111 League Promo,https://tcgplayer-cdn.tcgplayer.com/product/489693_200w.jpg,3,1539,https://cpt.tcgcsv.com/TTW5,2023-03-24T13:06:58.57,0,Uncommon,Energy,,1.5,2.0,18.99,1.75,,Holofoil,102,0,Special Energy,"Upper Energy provides C Energy.  If you have more Prize cards left than your opponent and this card is attached to a Pokemon (excluding Pokemon LV.X), Upper Energy provides CC Energy.",,,,,,
489694,Glaceon - 23/116 (City Championships) [Staff],Glaceon 23 116 City Championships Staff,https://tcgplayer-cdn.tcgplayer.com/product/489694_200w.jpg,3,1539,https://cpt.tcgcsv.com/VTW5,2023-08-13T01:32:22.473,1,Promo,Water,"<strong>Ability — Freeze Zone</strong>
<br>The Retreat Cost of each of your Team Plasma Pokémon in play is 2 less.",197.0,348.5,499.99,150.99,,Holofoil,023/116,90,Stage 1,"[2W] Icy Wind (60)
<br>The defending Pokémon is now Asleep.",Mx2,,2,,,
489929,Charizard - 100/97 (National Championships),Charizard 100 97 National Championships,https://tcgplayer-cdn.tcgplayer.com/product/489929_200w.jpg,3,1539,https://cpt.tcgcsv.com/C-W5,2023-03-27T13:49:43.447,1,Promo,Fire,,2000.0,2000.0,2000.0,,,Holofoil,100/097,120,Stage 2,"[1R] Collect Fire (30) 
<br>Flip a coin.  If heads, search your discard pile for 2 Fire Energy cards and attach them to Charizard (1 if there is only 1).",W,None,2,"[3R] Flame Pillar (60) 
<br>You may discard a Fire Energy card attached to Charizard.  If you do, choose 1 of your opponent's Benched Pokemon and do 30 damage to that Pokemon.  <i>(Don't apply Weakness and Resistance for Benched Pokemon.)</i>",,
499374,Serena - 164/195 (Regional Championships) [Staff],Serena 164 195 Regional Championships Staff,https://tcgplayer-cdn.tcgplayer.com/product/499374_200w.jpg,3,1539,https://cpt.tcgcsv.com/vM_5,2023-06-07T16:12:27.093,1,Promo,Supporter,"Choose 1:
<br>
• Discard up to 3 cards from your hand. <em>(You must discard at least 1 card.)</em> If you do, draw cards until you have 5 cards in your hand.
<br>
• Switch 1 of your opponent's Benched Pokémon V with their Active Pokémon.
<br><br>
You may play only 1 Supporter card during your turn.",64.49,65.47,74.99,74.99,,Reverse Holofoil,164/195,,,,,,,,,
499381,Arven - 166/198 (Regional Championships),Arven 166 198 Regional Championships,https://tcgplayer-cdn.tcgplayer.com/product/499381_200w.jpg,3,1539,https://cpt.tcgcsv.com/FM_5,2023-06-07T16:55:17.41,1,Promo,Supporter,"Search your deck for an Item card and a Pokémon Tool card, reveal them, and put them in your hand. Then, shuffle your deck.
<br><br>
You may play only 1 Supporter card during your turn.",13.98,17.12,39.99,19.63,,Reverse Holofoil,166/198,,,,,,,,,
499385,Arven - 166/198 (Regional Championships) [Staff],Arven 166 198 Regional Championships Staff,https://tcgplayer-cdn.tcgplayer.com/product/499385_200w.jpg,3,1539,https://cpt.tcgcsv.com/KM_5,2023-06-07T16:55:11.043,1,Promo,Supporter,"Search your deck for an Item card and a Pokémon Tool card, reveal them, and put them in your hand. Then, shuffle your deck.
<br><br>
You may play only 1 Supporter card during your turn.",60.0,110.0,149.97,60.39,,Reverse Holofoil,166/198,,,,,,,,,
499397,Boss's Orders - 154/192 (Regional Championships) [Staff],Bosss Orders 154 192 Regional Championships Staff,https://tcgplayer-cdn.tcgplayer.com/product/499397_200w.jpg,3,1539,https://cpt.tcgcsv.com/ZM_5,2023-06-07T16:46:04.38,1,Promo,Supporter,Switch 1 of your opponent's Benched Pokémon with their Active Pokémon.,50.5,50.56,53.39,50.59,,Reverse Holofoil,154/192,,,,,,,,,
499427,Cosmog - 99/236,Cosmog 99 236,https://tcgplayer-cdn.tcgplayer.com/product/499427_200w.jpg,3,1539,https://cpt.tcgcsv.com/zN_5,2023-10-06T19:02:16.057,1,Common,Psychic,,35.0,35.0,35.0,50.0,,Reverse Holofoil,99/236,50,Basic,"[P] Ascension
<br>Search your deck for a card that evolves from this Pokémon and put it onto this Pokémon to evolve it. Then, shuffle your deck.",Px2,None,1,,,
516561,Iono - 185/193 (Regional Championships),Iono 185 193 Regional Championships,https://tcgplayer-cdn.tcgplayer.com/product/516561_200w.jpg,3,1539,https://cpt.tcgcsv.com/fF86,2023-09-14T13:33:15.007,1,Uncommon,Supporter,"Each player shuffles their hand and puts it on the bottom of their deck. Then, each player draws a card for each of their remaining Prize cards.
<br><br>
You may play only 1 Supporter card during your turn.",20.3,22.37,28.22,21.38,,Reverse Holofoil,185/193,,,,,,,,,
516562,Iono - 185/193 (Regional Championships) [Staff],Iono 185 193 Regional Championships Staff,https://tcgplayer-cdn.tcgplayer.com/product/516562_200w.jpg,3,1539,https://cpt.tcgcsv.com/gF86,2023-09-14T13:33:37.387,1,Uncommon,Supporter,"Each player shuffles their hand and puts it on the bottom of their deck. Then, each player draws a card for each of their remaining Prize cards.
<br><br>
You may play only 1 Supporter card during your turn.",,,,,,,185/193,,,,,,,,,
519139,Lunala,Lunala,https://tcgplayer-cdn.tcgplayer.com/product/519139_200w.jpg,3,1539,https://cpt.tcgcsv.com/PG96,2023-10-06T19:01:21.307,1,Holo Rare,Psychic,"<strong>Ability — Blessing of the Moone</strong>
<br>Once during your turn <em>(before your attack)</em>, if you have Solgaleo in play, you may search your deck for up to 2 Energy cards and attach them to your Solgaleo and Lunala in any way you like. Then, shuffle your deck.",,,,,,,102/236,160,Stage 2,[1PP] Lunar Blast (130),Dx2,F-20,2,,,
520084,Cosmoem,Cosmoem,https://tcgplayer-cdn.tcgplayer.com/product/520084_200w.jpg,3,1539,https://cpt.tcgcsv.com/J2b6,2023-10-06T19:03:32.787,1,Uncommon,Psychic,,43.99,44.77,45.55,,,Reverse Holofoil,101/236,90,Stage 1,"[1] Stiffen
<br>During your opponent's next turn, this Pokémon takes 40 less damage from attacks <em>(after applying Weakness and Resistance)</em>.",Px2,None,3,,,
520091,Solgaleo,Solgaleo,https://tcgplayer-cdn.tcgplayer.com/product/520091_200w.jpg,3,1539,https://cpt.tcgcsv.com/R2b6,2023-10-06T18:59:37.003,1,Holo Rare,Metal,"<strong>Ability — Armor of the Sunne</strong>
<br>If you have Lunala in play, your Solgaleo and Lunala take 50 less damage from your opponent's attacks <em>(after applying Weakness and Resistance)</em>. You can't apply more than 1 Armor of the Sunne Ability at a time.",,,,,,,142/236,170,Basic,"[2MM] Sol Fang (180)
<br>Discard 2 Energy from this Pokemon.",Rx2,P-20,3,,,
528464,Geeta - 188/197 (Regional Championships),Geeta 188 197 Regional Championships,https://tcgplayer-cdn.tcgplayer.com/product/528464_200w.jpg,3,1539,https://cpt.tcgcsv.com/jpf6,2023-11-22T21:46:41.72,1,Promo,Supporter,"Search your deck for up to 2 Basic Energy cards and attach them to 1 of your Pokémon. Then, shuffle your deck. During this turn, your Pokémon can't attack. <em> (This includes Pokémon that come into play this turn) </em>
<br><br>
You may play only 1 Supporter card during your turn.",3.29,4.28,5.38,4.7,,Reverse Holofoil,188/197,,,,,,,,,
528683,Geeta - 188/197 (Regional Championships) [Staff],Geeta 188 197 Regional Championships Staff,https://tcgplayer-cdn.tcgplayer.com/product/528683_200w.jpg,3,1539,https://cpt.tcgcsv.com/Htf6,2023-11-27T22:31:06.123,1,Promo,Supporter,"Search your deck for up to 2 Basic Energy cards and attach them to 1 of your Pokémon. Then, shuffle your deck. During this turn, your Pokémon can't attack. <em> (This includes Pokémon that come into play this turn) </em>
<br><br>
You may play only 1 Supporter card during your turn.",100.0,100.0,100.0,107.5,,Reverse Holofoil,188/197,,,,,,,,,
531465,Ultra Ball - 150/172 (North America Championships),Ultra Ball 150 172 North America Championships,https://tcgplayer-cdn.tcgplayer.com/product/531465_200w.jpg,3,1539,https://cpt.tcgcsv.com/kCg6,2023-12-19T14:11:56.707,1,Promo,Item,"You can use this card only if you discard 2 other cards from your hand.
<br>Search your deck for a Pokémon, reveal it, and put it into your hand. Then, shuffle your deck.
<br><br>
You may play as many Item cards as you like during your turn <em>(before your attack)</em>.",14.0,20.77,24.95,17.35,,Holofoil,150/172,,,,,,,,,
532633,Electivire - 3/130 (Regional Championships) [Staff],Electivire 3 130 Regional Championships Staff,https://tcgplayer-cdn.tcgplayer.com/product/532633_200w.jpg,3,1539,https://cpt.tcgcsv.com/H3h6,2024-01-10T20:45:21.053,0,Promo,Lightning,"<strong>Poké-POWER — Intense Voltage</strong>
<br>
As often as you like during your turn <em>(before your attack)</em>, if Elekid is anywhere under Electivire, you may move a Lightning Energy attached to 1 of your Pokémon to Electivire. This power can't be used if Electivire is affected by a Special Condition.",350.0,350.0,350.0,74.99,,Normal,003/130,100,Stage 1,"[1LLL] Giga Impact (60)
<br>You may discard all Lightning Energy attached to Electivire. If you do, this attack's base damage is 120 instead of 60.",F+20,M-20,3,,,
536263,Pikachu - 065/202 (Cosmos Holo),Pikachu 065 202 Cosmos Holo,https://tcgplayer-cdn.tcgplayer.com/product/536263_200w.jpg,3,1539,https://cpt.tcgcsv.com/hwj6,2024-01-29T13:39:45.61,1,Promo,Lightning,,35.0,39.99,100.0,29.63,,Holofoil,065/202,60,Basic,"[1] Charge
<br>Search your deck for a Lightning Energy card and attach it to this Pokémon. Then, shuffle your deck.",Fx2,,1,[1L] Electro Ball (20),,
539119,Double Colorless Energy - 90/108 (Latin America Championships),Double Colorless Energy 90 108 Latin America Championships,https://tcgplayer-cdn.tcgplayer.com/product/539119_200w.jpg,3,1539,https://cpt.tcgcsv.com/pGk6,2024-02-16T13:58:30.68,0,Promo,Special Energy,Double Colorless Energy provides 2 Energy.,37.94,48.92,59.9,,,Reverse Holofoil,090/108,,,,,,,,,
539120,Double Colorless Energy - 90/108 (Latin America Championships) [Staff],Double Colorless Energy 90 108 Latin America Championships Staff,https://tcgplayer-cdn.tcgplayer.com/product/539120_200w.jpg,3,1539,https://cpt.tcgcsv.com/qGk6,2024-02-16T13:58:44.01,0,Promo,Special Energy,Double Colorless Energy provides 2 Energy.,70.0,70.0,200.0,,,Reverse Holofoil,090/108,,,,,,,,,
543904,Hypnotoxic Laser (Team Plasma),Hypnotoxic Laser Team Plasma,https://tcgplayer-cdn.tcgplayer.com/product/543904_200w.jpg,3,1539,https://cpt.tcgcsv.com/6Bm6,2024-03-22T12:50:20.173,1,Uncommon,Item,"Your opponent's Active Pokémon is now Poisoned.
<br>
Flip a coin. If heads, your opponent's Active Pokémon is also Asleep.
<br><br>
You may play as many Item cards as you like during your turn <em>(before your attack)</em>.",199.99,199.99,199.99,0.25,,Holofoil,123/135,,,,,,,,,
544181,Pikachu - 049/203 (Pokemon League),Pikachu 049 203 Pokemon League,https://tcgplayer-cdn.tcgplayer.com/product/544181_200w.jpg,3,1539,https://cpt.tcgcsv.com/FHm6,2025-10-17T19:53:46.207,1,Common,Lightning,,10.05,17.0,48.0,8.55,,Reverse Holofoil,049/203,60,Basic,"[L] Energize
<br>Attach a L Energy card from your discard pile to this Pokemon.",Fx2,None,1,[2L] Electro Ball (30),,
547730,Professor Turo's Scenario (Regional Championship),Professor Turos Scenario Regional Championship,https://tcgplayer-cdn.tcgplayer.com/product/547730_200w.jpg,3,1539,https://cpt.tcgcsv.com/D6p6,2024-05-30T15:36:34.677,1,Promo,Supporter,"Put 1 of your Pokémon in play into your hand. <em>(Discard all cards attached to that Pokémon.)</em>
<br>You may play only 1 Supporter card during your turn.",2.25,3.56,9.7,3.44,,Reverse Holofoil,171/182,,,,,,,,,
554531,Buddy-Buddy Poffin - 144/162,Buddy Buddy Poffin 144 162,https://tcgplayer-cdn.tcgplayer.com/product/554531_200w.jpg,3,1539,https://cpt.tcgcsv.com/FQr6,2024-06-14T12:41:19.08,1,Promo,Trainer - Item,"Search your deck for up to 2 Basic Pokémon with 70 HP or less and put them onto your Bench. Then, shuffle your deck.",0.75,1.33,9.99,1.16,,Reverse Holofoil,144/162,,,,,,,,,
554532,Super Rod - 188/193,Super Rod 188 193,https://tcgplayer-cdn.tcgplayer.com/product/554532_200w.jpg,3,1539,https://cpt.tcgcsv.com/GQr6,2024-06-14T12:41:45.707,1,Promo,Supporter - Item,"Shuffle up to 3 in any combination of Pokemon and basic Energy cards from your discard pile back into your deck.
<br><br>
You may play as many Item cards as you like during your turn.",0.68,1.0,96.95,0.96,0.8,Reverse Holofoil,188/193,,,,,,,,,
556447,Twin Energy - 174/192,Twin Energy 174 192,https://tcgplayer-cdn.tcgplayer.com/product/556447_200w.jpg,3,1539,https://cpt.tcgcsv.com/ZBs6,2024-06-25T15:41:02.04,1,Uncommon,Special Energy,"As long as this card is attached to a Pokémon that isn't a Pokémon V or a Pokémon-GX, it provides 2 Colorless Energy.
<br>
If this card is attached to a Pokémon V or a Pokémon-GX, it provides 1 Colorless Energy instead.",0.5,1.0,9.98,0.79,,Reverse Holofoil,174/192,,,,,,,,,
557097,Explorer's Guidance - 147/162 (Regional Championships),Explorers Guidance 147 162 Regional Championships,https://tcgplayer-cdn.tcgplayer.com/product/557097_200w.jpg,3,1539,https://cpt.tcgcsv.com/ZRs6,2024-06-26T15:54:33.177,1,Uncommon,Trainer - Supporter,Look at the top 6 cards of your deck and put 2 of them into your hand. Discard the other cards.,1.24,1.68,7.8,1.24,,Reverse Holofoil,147/162,,,,,,,,,
557098,Explorer's Guidance - 147/162 (Regional Championships) [Staff],Explorers Guidance 147 162 Regional Championships Staff,https://tcgplayer-cdn.tcgplayer.com/product/557098_200w.jpg,3,1539,https://cpt.tcgcsv.com/-Rs6,2024-06-26T15:55:08.18,1,Uncommon,Trainer - Supporter,Look at the top 6 cards of your deck and put 2 of them into your hand. Discard the other cards.,34.0,35.0,45.5,37.69,,Reverse Holofoil,147/162,,,,,,,,,
557100,Professor Turo's Scenario - 171/182 (Regional Championships) [Staff],Professor Turos Scenario 171 182 Regional Championships Staff,https://tcgplayer-cdn.tcgplayer.com/product/557100_200w.jpg,3,1539,https://cpt.tcgcsv.com/0Ss6,2024-06-26T16:00:22.543,1,Uncommon,Trainer - Supporter,Put 1 of your Pokemon in play into your hand. <em>(Discard all cards attached to that Pokemon)</em>,29.92,30.64,79.98,30.8,,Reverse Holofoil,177/182,,,,,,,,,
557101,Ultra Ball - 150/172 (North America Championships) [Staff],Ultra Ball 150 172 North America Championships Staff,https://tcgplayer-cdn.tcgplayer.com/product/557101_200w.jpg,3,1539,https://cpt.tcgcsv.com/2Ss6,2024-06-26T16:03:15.347,1,Promo,Item,"You can use this card only if you discard 2 other cards from your hand.
<br>Search your deck for a Pokémon, reveal it, and put it into your hand. Then, shuffle your deck.
<br><br>
You may play as many Item cards as you like during your turn <em>(before your attack)</em>.",86.0,93.0,99.99,,,Reverse Holofoil,150/172,,,,,,,,,
557104,Nest Ball - 181/198 (Europe Championships),Nest Ball 181 198 Europe Championships,https://tcgplayer-cdn.tcgplayer.com/product/557104_200w.jpg,3,1539,https://cpt.tcgcsv.com/6Ss6,2024-06-26T18:13:14.103,1,Uncommon,Item,"Search your deck for a Basic Pokémon and put it onto your Bench. Then, shuffle your deck.
<br>
You may play any number of Item cards during your turn.",45.0,51.5,55.55,49.91,,Reverse Holofoil,181/198,,,,,,,,,
557105,Nest Ball - 181/198 (Europe Championships) [Staff],Nest Ball 181 198 Europe Championships Staff,https://tcgplayer-cdn.tcgplayer.com/product/557105_200w.jpg,3,1539,https://cpt.tcgcsv.com/7Ss6,2024-06-26T18:13:21.867,1,Uncommon,Item,"Search your deck for a Basic Pokémon and put it onto your Bench. Then, shuffle your deck.
<br>
You may play any number of Item cards during your turn.",85.55,85.55,85.55,85.55,,Reverse Holofoil,181/198,,,,,,,,,
557106,Nest Ball - 181/198 (North America Championships),Nest Ball 181 198 North America Championships,https://tcgplayer-cdn.tcgplayer.com/product/557106_200w.jpg,3,1539,https://cpt.tcgcsv.com/8Ss6,2024-06-26T18:12:29.777,1,Uncommon,Item,"Search your deck for a Basic Pokémon and put it onto your Bench. Then, shuffle your deck.
<br>
You may play any number of Item cards during your turn.",15.0,16.84,22.0,16.62,,Reverse Holofoil,181/198,,,,,,,,,
557107,Nest Ball - 181/198 (North America Championships) [Staff],Nest Ball 181 198 North America Championships Staff,https://tcgplayer-cdn.tcgplayer.com/product/557107_200w.jpg,3,1539,https://cpt.tcgcsv.com/9Ss6,2024-06-26T18:12:50.093,1,Uncommon,Item,"Search your deck for a Basic Pokémon and put it onto your Bench. Then, shuffle your deck.
<br>
You may play any number of Item cards during your turn.",34.98,38.5,49.99,37.1,,Reverse Holofoil,181/198,,,,,,,,,
557369,Coalossal - 107/192 (League Promo),Coalossal 107 192 League Promo,https://tcgplayer-cdn.tcgplayer.com/product/557369_200w.jpg,3,1539,https://cpt.tcgcsv.com/pZs6,2024-07-02T12:50:23.49,1,Promo,Fighting,"<strong>Ability —Tar Generator</strong>
<br>Once during your turn, you may attach a Fire Energy card, a Fighting Energy card, or 1 of each from your discard pile to your Pokemon in any way you like.",0.31,0.75,7.51,0.64,,Reverse Holofoil,107/192,160,Stage 2,[3F] Flaming Avalanche (130),Gx2,None,4,,,
557712,Flapple - 022/192 (League Promo),Flapple 022 192 League Promo,https://tcgplayer-cdn.tcgplayer.com/product/557712_200w.jpg,3,1539,https://cpt.tcgcsv.com/g6t6,2024-07-03T11:20:33.577,1,Promo,Grass,"<strong>Ability — Apple Drop</strong>
<br>Once during your turn, you may put 2 damage counters on 1 of your opponent's Pokémon. If you placed any damage counters in this way, shuffle this Pokémon and all attached cards into your deck.",0.5,0.9,3.97,0.79,,Reverse Holofoil,022/192,80,Stage 1,"[2] Acid Spray (60)
<br>Flip a coin. If heads, discard an Energy from your opponent's Active Pokémon.",Rx2,,1,,,
560626,Technical Machine: Evolution - 178/182 (League Promo),Technical Machine Evolution 178 182 League Promo,https://tcgplayer-cdn.tcgplayer.com/product/560626_200w.jpg,3,1539,https://cpt.tcgcsv.com/xgv6,2025-03-21T16:11:12.403,1,Uncommon,Tool,"The Pokémon this card is attached to can use the attack on this card. <em>(You still need the necessary Energy to use this attack.)</em> If this card is attached to 1 of your Pokémon, discard it at the end of your turn.
<br>You may attach any number of Pokémon Tools to your Pokémon during your turn. You may attach only 1 Pokémon Tool to each Pokémon, and it stays attached.",0.75,1.03,34.99,0.97,34.99,Reverse Holofoil,178/182,,,"[1] Evolution
<br>Choose up to 2 of your Benched Pokémon. For each of those Pokémon, search your deck for a Pokémon that evolves from that Pokémon and put it on that Pokémon to evolve it. Then, shuffle your deck.",,,,,,
562023,Darkness Energy (Special) - 93/109 (Cosmos Holo),Darkness Energy Special 93 109 Cosmos Holo,https://tcgplayer-cdn.tcgplayer.com/product/562023_200w.jpg,3,1539,https://cpt.tcgcsv.com/tQv6,2024-08-05T14:53:29.85,1,Rare,Special Energy,"If the Pokemon Darkness Energy is attached to attacks, the attack does 10 more damage to the Active Pokemon <em>(before applying Weakness and Resistance). </em> Ignore this effect unless the Attacking Pokemon is Darkness or has Dark in its name.  Darkness Energy provides Darkness energy. <em> (Doesn't count as a basic Energy card.)</em>",23.99,49.94,49.95,23.2,,Holofoil,93/109,,,,,,,,,
588122,Ultra Ball - 135/149 (Europe Championships),Ultra Ball 135 149 Europe Championships,https://tcgplayer-cdn.tcgplayer.com/product/588122_200w.jpg,3,1539,https://cpt.tcgcsv.com/sgK6,2024-10-23T13:50:09,1,Promo,Item,"Discard 2 cards from your hand. If you do, search your deck for a Pokémon, reveal it, and put it into your hand. Then, shuffle your deck.
<br><br>
You may play as many Item cards as you like during your turn <em>(before your attack)</em>.",75.0,75.0,75.0,40.57,,Reverse Holofoil,135/149,,,,,,,,,
599734,Metal Energy (Special) - 94/109,Metal Energy Special 94 109,https://tcgplayer-cdn.tcgplayer.com/product/599734_200w.jpg,3,1539,https://cpt.tcgcsv.com/JVP6,2024-11-26T14:03:10.963,1,Promo,Special Metal Energy,Damage done by attacks to the Pokemon that Metal Energy is attached to is reduced by 10 <em>(after applying Weakness and Resistance.)</em> Ignore this effect if the Pokemon that Metal Energy is attached to isn't Metal.  Metal Energy provides Metal Energy.  <em>(Doesn't count as a basic Energy card.)</em>,,,,,,,094/109,,,,,,,,,
605074,Rescue Board - 159/162 (League Promo),Rescue Board 159 162 League Promo,https://tcgplayer-cdn.tcgplayer.com/product/605074_200w.jpg,3,1539,https://cpt.tcgcsv.com/v2S6,2024-12-16T18:58:40.08,1,Uncommon,Trainer - Pokemon Tool,"The Retreat Cost of the Pokémon this card is attached to is [C] less. If that Pokémon has 30 HP or less remaining, it has no Retreat Cost instead.",0.1,0.28,7.95,0.23,,Reverse Holofoil,159/162,,,,,,,,,
605075,Festival Grounds - 149/167 (League Promo),Festival Grounds 149 167 League Promo,https://tcgplayer-cdn.tcgplayer.com/product/605075_200w.jpg,3,1539,https://cpt.tcgcsv.com/w2S6,2024-12-16T19:08:36.973,1,Uncommon,Trainer - Stadium,Each Pokémon that has any Energy attached (both yours and your opponent's) recovers from all Special Conditions and can't be affected by any Special Conditions.,0.16,0.43,9.99,0.38,,Reverse Holofoil,149/167,,,,,,,,,
605076,Pidgey - 016/165 (League Promo),Pidgey 016 165 League Promo,https://tcgplayer-cdn.tcgplayer.com/product/605076_200w.jpg,3,1539,https://cpt.tcgcsv.com/x2S6,2024-12-16T19:15:38.547,1,Common,Colorless,,2.44,4.13,15.0,3.18,,Reverse Holofoil,016/165,50,Basic,"[1] Call for Family<br>Search your deck for up to 2 Basic Pokemon and put them onto your Bench. Then, shuffle your deck.",Lx2,F-30,1,[2] Tackle (20),,
615010,Carmine - 145/167 (Regional Stamp Promo),Carmine 145 167 Regional Stamp Promo,https://tcgplayer-cdn.tcgplayer.com/product/615010_200w.jpg,3,1539,https://cpt.tcgcsv.com/d0X6,2025-01-24T19:35:18.503,0,Promo,Trainer - Supporter,"If you go first, you may use this card during your first turn. <br>Discard your hand and draw 5 cards.",13.46,15.78,30.0,16.28,,Reverse Holofoil,145/167,,,,,,,,,
617800,Briar - 132/142 (Regional Championship),Briar 132 142 Regional Championship,https://tcgplayer-cdn.tcgplayer.com/product/617800_200w.jpg,3,1539,https://cpt.tcgcsv.com/08Z6,2025-11-11T15:20:50.393,1,Uncommon,Trainer - Supporter,"You can use this card only if your opponent has exactly 2 Prize cards remaining.<br>During this turn, if your opponent's Active Pokémon is Knocked Out by damage from an attack used by your Tera Pokémon, take 1 more Prize card.",2.6,5.0,20.0,3.0,,Reverse Holofoil,132/142,,,,,,,,,
617801,Briar - 132/142 (Regional Championship) [Staff],Briar 132 142 Regional Championship Staff,https://tcgplayer-cdn.tcgplayer.com/product/617801_200w.jpg,3,1539,https://cpt.tcgcsv.com/28Z6,2026-01-21T14:15:01.313,1,Uncommon,Trainer - Supporter,"You can use this card only if your opponent has exactly 2 Prize cards remaining.<br>During this turn, if your opponent's Active Pokémon is Knocked Out by damage from an attack used by your Tera Pokémon, take 1 more Prize card.",89.8,90.0,120.0,89.81,,Reverse Holofoil,132/142,,,,,,,,,
617802,Surfer - 187/191 (Regional Championship),Surfer 187 191 Regional Championship,https://tcgplayer-cdn.tcgplayer.com/product/617802_200w.jpg,3,1539,https://cpt.tcgcsv.com/38Z6,2025-02-07T14:41:09.463,0,Uncommon,Trainer - Supporter,"Switch your Active Pokémon with 1 of your Benched Pokémon. If you do, draw cards until you have 5 cards in your hand.",2.74,4.25,20.27,2.46,,Reverse Holofoil,187/191,,,,,,,,,
617803,Surfer - 187/191 (Regional Championship) [Staff],Surfer 187 191 Regional Championship Staff,https://tcgplayer-cdn.tcgplayer.com/product/617803_200w.jpg,3,1539,https://cpt.tcgcsv.com/58Z6,2025-02-07T14:41:36.37,0,Uncommon,Trainer - Supporter,"Switch your Active Pokémon with 1 of your Benched Pokémon. If you do, draw cards until you have 5 cards in your hand.",48.8,89.5,165.0,48.67,,Reverse Holofoil,187/191,,,,,,,,,
617930,Water Energy (2006 Unnumbered),Water Energy 2006 Unnumbered,https://tcgplayer-cdn.tcgplayer.com/product/617930_200w.jpg,3,1539,https://cpt.tcgcsv.com/DbZ6,2025-02-10T17:11:32.307,0,Promo,Basic Water Energy,<em>Copyright Date: 2006 Pokémon/Nintendo</em>,0.15,0.25,1.0,0.24,,Normal,,,,,,,,,,
617931,Psychic Energy (2006 Unnumbered),Psychic Energy 2006 Unnumbered,https://tcgplayer-cdn.tcgplayer.com/product/617931_200w.jpg,3,1539,https://cpt.tcgcsv.com/FbZ6,2025-02-10T17:11:57.963,0,Promo,Basic Psychic Energy,<em>Copyright Date: 2006 Pokémon/Nintendo</em>,0.3,0.4,1.15,0.33,,Normal,,,,,,,,,,
626638,Alcremie - 087/192 (League Promo),Alcremie 087 192 League Promo,https://tcgplayer-cdn.tcgplayer.com/product/626638_200w.jpg,3,1539,https://cpt.tcgcsv.com/NG07,2025-04-07T21:43:19.697,1,Promo,Psychic,,4.0,5.84,7.34,5.44,,Holofoil,087/192,110,Stage 1,"[1] Decorate
<br>Attach any number of basic Energy cards from your hand to your Pokemon in any way you like.",Mx2,None,1,"[1P] Draining Kiss (50)
<br>Heal 30 damage from this Pokemon.",,
626639,Drednaw - 061/202 (League Promo),Drednaw 061 202 League Promo,https://tcgplayer-cdn.tcgplayer.com/product/626639_200w.jpg,3,1539,https://cpt.tcgcsv.com/PG07,2025-04-07T21:42:59.603,1,Promo,Water,,1.95,2.54,10.5,2.54,,Holofoil,061/202,130,Stage 1,"[2W] Vice Bite (60+)
<br>This attack does 30 more damage for each   in your opponent's Active Pokemon's Retreat Cost.",Lx2,None,3,"[3W] Jaw Lock (130)
<br>The Defending Pokemon can't retreat during your opponent's next turn.",,
638081,Glass Trumpet,Glass Trumpet,https://tcgplayer-cdn.tcgplayer.com/product/638081_200w.jpg,3,1539,https://cpt.tcgcsv.com/Ff77,2025-06-17T16:10:16.09,1,Promo,Trainer - Item,You can use this card only if you have any Tera Pokémon in play.<br>Choose up to 2 of your Benched Colorless Pokémon and attach a Basic Energy card from your discard pile to each of them.,0.1,0.29,4.78,0.27,,Reverse Holofoil,135/142,,,,,,,,,
638082,Drakloak,Drakloak,https://tcgplayer-cdn.tcgplayer.com/product/638082_200w.jpg,3,1539,https://cpt.tcgcsv.com/Gf77,2025-10-31T19:02:10.467,1,Promo,Dragon,"<strong> Ability — Recon Directive </strong> <br> Once during your turn, you may look at the top 2 cards of your deck and put 1 of them into your hand. Put the other card on the bottom of your deck.",0.32,0.71,7.99,0.62,,Reverse Holofoil,129/167,90,Stage 1,[RP] Dragon Headbutt (70),None,None,1,,,
638083,Colress's Tenacity,Colresss Tenacity,https://tcgplayer-cdn.tcgplayer.com/product/638083_200w.jpg,3,1539,https://cpt.tcgcsv.com/Hf77,2025-06-17T16:19:44.1,1,Promo,Trainer - Supporter,"Search your deck for a Stadium card and an Energy card, reveal them, and put them into your hand. Then, shuffle your deck.",0.2,0.32,3.99,0.31,,Reverse Holofoil,057/064,,,,,,,,,
638138,Buddy-Buddy Poffin (NAIC Promo),Buddy Buddy Poffin NAIC Promo,https://tcgplayer-cdn.tcgplayer.com/product/638138_200w.jpg,3,1539,https://cpt.tcgcsv.com/Ng77,2025-06-18T14:27:30.903,0,Promo,Trainer - Item,"Search your deck for up to 2 Basic Pokémon with 70 HP or less and put them onto your Bench. Then, shuffle your deck.",17.8,22.26,50.9,19.16,,Reverse Holofoil,144/162,,,,,,,,,
638139,Buddy-Buddy Poffin (NAIC Promo) [Staff],Buddy Buddy Poffin NAIC Promo Staff,https://tcgplayer-cdn.tcgplayer.com/product/638139_200w.jpg,3,1539,https://cpt.tcgcsv.com/Pg77,2025-06-18T14:27:45.267,0,Promo,Trainer - Item,"Search your deck for up to 2 Basic Pokémon with 70 HP or less and put them onto your Bench. Then, shuffle your deck.",29.99,32.67,55.0,32.34,,Reverse Holofoil,144/162,,,,,,,,,
658742,Professor Turo's Scenario - 171/182 (Professor Program),Professor Turos Scenario 171 182 Professor Program,https://tcgplayer-cdn.tcgplayer.com/product/658742_200w.jpg,3,1539,https://cpt.tcgcsv.com/Svh7,2025-10-17T13:25:20.89,0,Uncommon,Trainer - Supporter,Put 1 of your Pokemon in play into your hand. <em>(Discard all cards attached to that Pokemon)</em>,175.0,175.0,175.0,,,Holofoil,177/182,,,,,,,,,
658743,Judge - 176/198 (Professor Program),Judge 176 198 Professor Program,https://tcgplayer-cdn.tcgplayer.com/product/658743_200w.jpg,3,1539,https://cpt.tcgcsv.com/Tvh7,2025-10-17T13:49:01.107,0,Promo,Supporter,"Each player shuffles their hand into their deck and draws 4 cards.
<br>
You may play only 1 Supporter card during your turn.",,,,,,,176/198,,,,,,,,,
658744,Buddy-Buddy Poffin (EUIC Promo),Buddy Buddy Poffin EUIC Promo,https://tcgplayer-cdn.tcgplayer.com/product/658744_200w.jpg,3,1539,https://cpt.tcgcsv.com/Vvh7,2025-10-17T13:54:49.767,0,Promo,Trainer - Item,"Search your deck for up to 2 Basic Pokémon with 70 HP or less and put them onto your Bench. Then, shuffle your deck.",,,,,,,144/162,,,,,,,,,
663284,Iris's Fighting Spirit (Regional Championships) [Staff],Iriss Fighting Spirit Regional Championships Staff,https://tcgplayer-cdn.tcgplayer.com/product/663284_200w.jpg,3,1539,https://cpt.tcgcsv.com/Jkk7,2025-11-11T20:35:55.78,1,Uncommon,Trainer - Supporter,"You can use this card only if you discard another card from your hand.
<br>

<br>
Draw cards until you have 6 cards in your hand.",,,,,,,149/159,,,,,,,,,
663287,Iris's Fighting Spirit (Regional Championships),Iriss Fighting Spirit Regional Championships,https://tcgplayer-cdn.tcgplayer.com/product/663287_200w.jpg,3,1539,https://cpt.tcgcsv.com/Mkk7,2025-11-11T20:38:21.93,1,Uncommon,Trainer - Supporter,"You can use this card only if you discard another card from your hand.
<br>

<br>
Draw cards until you have 6 cards in your hand.",59.95,59.95,59.95,62.22,,Reverse Holofoil,149/159,,,,,,,,,
664013,Spiritomb (Trick or Trade Stamped),Spiritomb Trick or Trade Stamped,https://tcgplayer-cdn.tcgplayer.com/product/664013_200w.jpg,3,1539,https://cpt.tcgcsv.com/hDk7,2025-11-17T14:12:50.99,1,Uncommon,Darkness,"<strong>Ability: Spiteful Swirl</strong> If your Active Darkness Pokmon is damaged by an attack from your opponent's Pokmon <em>(even if your Active Darkness Pokmon is Knocked Out)</em>, place 1 damage counter on the Attacking Pokmon.",4.0,6.0,13.0,6.95,,Holofoil,087/132,80,Basic,[D] Mountain Breaker (10)<br> Discard the top card of your opponent's deck.,Gx2,,1,,,
673433,Dawn (Regional Championship),Dawn Regional Championship,https://tcgplayer-cdn.tcgplayer.com/product/673433_200w.jpg,3,1539,https://cpt.tcgcsv.com/Hnp7,2026-01-21T20:41:54.533,1,Uncommon,Trainer - Supporter,"Search your deck for a Basic Pokemon, a Stage 1 Pokemon, and a Stage 2 Pokemon, reveal them, and put them into your hand. Then, shuffle your deck.",35.5,48.96,74.18,47.1,,Holofoil,087/094,,,,,,,,,
676185,Lillie's Determination (Regional Championships),Lillies Determination Regional Championships,https://tcgplayer-cdn.tcgplayer.com/product/676185_200w.jpg,3,1539,https://cpt.tcgcsv.com/Ktq7,2026-01-30T20:02:19.177,1,Uncommon,,,58.13,74.19,91.58,58.01,,Reverse Holofoil,119/132,,,,,,,,,
677796,Team Rocket's Giovanni,Team Rockets Giovanni,https://tcgplayer-cdn.tcgplayer.com/product/677796_200w.jpg,3,1539,https://cpt.tcgcsv.com/X7r7,2026-02-09T19:55:29.167,1,Uncommon,Trainer - Supporter,"Switch your Active Team Rocket's Pokémon with 1 of your Benched Team Rocket's Pokémon. If you do, switch in 1 of your opponent's Benched Pokémon to the Active Spot.",35.0,46.49,90.0,41.03,,Reverse Holofoil,174/182,,,,,,,,,
678611,Team Rocket's Mewtwo ex,Team Rockets Mewtwo ex,https://tcgplayer-cdn.tcgplayer.com/product/678611_200w.jpg,3,1539,https://cpt.tcgcsv.com/fsr7,2026-02-13T13:19:11.603,1,Double Rare,Psychic,<strong>Ability: Power Saver</strong> This Pokémon can't attack unless you have 4 or more Team Rocket's Pokémon in play.,,,,,,,081/182,280,Basic,[PPC] Erasure Ball (160+)<br> You may discard up to 2 Energy from your Benched Pokémon. This attack does 60 more damage for each card you discarded in this way.,Dx2,F-30,3,,,
680953,Reshiram ex (Great Ball League),Reshiram ex Great Ball League,https://tcgplayer-cdn.tcgplayer.com/product/680953_200w.jpg,3,1539,https://cpt.tcgcsv.com/5ps7,2026-02-26T18:20:41.583,1,Double Rare,Fire,,,,,,,,020/086,230,Basic,[2] Slash (50),Wx2,,2,[1RR] Blaze Burst (130+)<br> This attack does 50 more damage for each Prize card your opponent has taken. Discard an Energy from this Pokémon.,,
680955,Latias ex,Latias ex,https://tcgplayer-cdn.tcgplayer.com/product/680955_200w.jpg,3,1539,https://cpt.tcgcsv.com/7ps7,2026-02-26T18:28:24.527,1,Double Rare,Psychic,<strong>Ability: Skyliner</strong> Your Basic Pokémon in play have no Retreat Cost.,,,,,,,076/191,210,Basic,"[PPC] Eon Blade (200)<br> During your next turn, this Pokemon can't attack.",Dx2,F-30,2,,,
680956,Radiant Greninja,Radiant Greninja,https://tcgplayer-cdn.tcgplayer.com/product/680956_200w.jpg,3,1539,https://cpt.tcgcsv.com/8ps7,2026-02-26T18:30:08.253,1,Radiant Rare,Water,"<strong>Ability — Concealed Cards</strong>                                          
<br>You must discard an Energy card from your hand in order to use this Ability. Once during your turn, you may draw 2 cards.",,,,,,,046/189,130,Basic,"[1WW] Moonlight Shuriken
<br>Discard 2 Energy from this Pokémon. This attack does 90 damage to 2 of your opponent's Pokémon. <em>(Don't apply Weakness and Resistance for Benched Pokémon.)</em>",Lx2,None,1,,,
680957,Eevee (Southeast Asia Exclusive),Eevee Southeast Asia Exclusive,https://tcgplayer-cdn.tcgplayer.com/product/680957_200w.jpg,3,1539,https://cpt.tcgcsv.com/9ps7,2026-02-26T18:40:37.013,1,Common,Colorless,"<strong>Ability: Boosted Evolution</strong> As long as this Pokémon is in the Active Spot, it can evolve during your first turn or the turn you play it.",,,,,,,143/191,50,Basic,[CC] Reckless Charge (30)<br> This Pokemon also does 10 damage to itself.,Fx2,,1,,,
681248,Lillie's Determination (Ultra Ball League),Lillies Determination Ultra Ball League,https://tcgplayer-cdn.tcgplayer.com/product/681248_200w.jpg,3,1539,https://cpt.tcgcsv.com/-vs7,2026-02-27T16:48:02.293,1,Uncommon,,,,,,,,,119/132,,,,,,,,,
681249,Dawn (Regional Championship) [Staff],Dawn Regional Championship Staff,https://tcgplayer-cdn.tcgplayer.com/product/681249_200w.jpg,3,1539,https://cpt.tcgcsv.com/_vs7,2026-02-27T17:16:25.553,1,Uncommon,Trainer - Supporter,"Search your deck for a Basic Pokemon, a Stage 1 Pokemon, and a Stage 2 Pokemon, reveal them, and put them into your hand. Then, shuffle your deck.",,,,,,,087/094,,,,,,,,,
682462,Iris's Fighting Spirit (Ultra Ball League),Iriss Fighting Spirit Ultra Ball League,https://tcgplayer-cdn.tcgplayer.com/product/682462_200w.jpg,3,1539,https://cpt.tcgcsv.com/g_s7,2026-03-05T14:34:04.807,1,Uncommon,Trainer - Supporter,"You can use this card only if you discard another card from your hand.
<br>

<br>
Draw cards until you have 6 cards in your hand.",85.0,85.0,85.0,,,Holofoil,149/159,,,,,,,,,
683198,Dusclops (Southeast Asia Exclusive),Dusclops Southeast Asia Exclusive,https://tcgplayer-cdn.tcgplayer.com/product/683198_200w.jpg,3,1539,https://cpt.tcgcsv.com/-ht7,2026-03-11T19:56:12.127,1,Common,Psychic,"<strong>Ability: Cursed Blast</strong> Once during your turn, you may put 5 damage counters on 1 of your opponent's Pokemon. If you use this Ability, this Pokemon is Knocked Out.",23.0,23.0,23.0,,,Holofoil,019/064,90,Stage 1,[PP] Will-O-Wisp (50),Dx2,F-30,2,,,
