productId,name,cleanName,imageUrl,categoryId,groupId,url,modifiedOn,imageCount,extNumber,extRarity,extCardType,extHP,extStage,extCardText,extAttack1,extAttack2,extWeakness,extResistance,extRetreatCost,lowPrice,midPrice,highPrice,marketPrice,directLowPrice,subTypeName,extUPC
98641,Pikachu - 42/146 (2014 Movie Promo),Pikachu 42 146 2014 Movie Promo,https://tcgplayer-cdn.tcgplayer.com/product/98641_200w.jpg,3,2374,https://cpt.tcgcsv.com/RsP,2025-11-21T03:08:00.39,1,042/146,Promo,Lightning,60,Basic,<em>(This Holo Promo Pikachu reprint was given out in 2014 during The Lego Movie.)</em>,"[1] Nuzzle 
<br>Flip a coin. If heads, your opponent's Active Pokémon is now Paralyzed.","[2] Quick attack (20+) 
<br>Flip a coin. If heads, this attack does 10 more damage.",Fx2,M-20,1,7.0,10.25,24.99,10.59,,Holofoil,
108589,Ancient Mew,Ancient Mew,https://tcgplayer-cdn.tcgplayer.com/product/108589_200w.jpg,3,2374,https://cpt.tcgcsv.com/PrT,2026-02-16T19:06:52.46,1,1,Promo,Psychic,30,Basic,"Movie Promo, Not Tournament Legal",[PP] Psyche (40),,Px2,None,2,74.01,109.49,1749.98,95.38,99.86,Holofoil,
123195,Cynthia's Feelings - 131/146 (Cosmos Holofoil),Cynthias Feelings 131 146 Cosmos Holofoil,https://tcgplayer-cdn.tcgplayer.com/product/123195_200w.jpg,3,2374,https://cpt.tcgcsv.com/Wh_,2022-09-26T20:42:53.953,1,131/146,Promo,Supporter,,,"<em>You can play only one Supporter card each turn. When you play this card, put it next to your Active Pokémon. When your turn ends, discard this card.</em>
<br>
Shuffle your hand into your deck.  Then, draw 4 cards. If any of your Pokémon were Knocked Out during your opponent's last turn, draw 4 more cards.
<br>
<br><em>This cosmos holofoil version was found in the Diamond & Pearl Collection release.</em>",,,,,,15.6,18.72,37.3,28.47,,Holofoil,
123633,Pikachu - 58/102 (E3 Stamped),Pikachu 58 102 E3 Stamped,https://tcgplayer-cdn.tcgplayer.com/product/123633_200w.jpg,3,2374,https://cpt.tcgcsv.com/Hs_,2023-09-20T19:22:01.973,1,058/102,Promo,Lightning,40,Basic,,[1] Gnaw (10),"[1L] Thunder Jolt (30)
<br>Flip a coin. If tails, Pikachu does 10 damage to itself.",F,,1,38.0,54.54,200.0,39.81,96.95,Normal,
123634,Pikachu - 58/102 (E3 Stamped with Red Cheeks),Pikachu 58 102 E3 Stamped with Red Cheeks,https://tcgplayer-cdn.tcgplayer.com/product/123634_200w.jpg,3,2374,https://cpt.tcgcsv.com/Js_,2022-09-26T20:56:36.097,1,058/102,Promo,Lightning,40,Basic,,[1] Gnaw (10),"[1L] Thunder Jolt (30)
<br>Flip a coin. If tails, Pikachu does 10 damage to itself.",F,,1,4321.0,4321.0,4321.0,,,Normal,
125897,Pikachu - 58/102 (PokeTour 1999),Pikachu 58 102 PokeTour 1999,https://tcgplayer-cdn.tcgplayer.com/product/125897_200w.jpg,3,2374,https://cpt.tcgcsv.com/Zm02,2022-09-26T20:56:47.247,1,058/102,Promo,Lightning,40,Basic,,[1] Gnaw (10),"[1L] Thunder Jolt (30)
<br>Flip a coin. If tails, Pikachu does 10 damage to itself.",Fx2,,1,,,,,,,
126035,Litten - 24/149 (Water Web Holo),Litten 24 149 Water Web Holo,https://tcgplayer-cdn.tcgplayer.com/product/126035_200w.jpg,3,2374,https://cpt.tcgcsv.com/Kq02,2023-01-11T12:27:45.26,1,024/149,Promo,Fire,70,Basic,,[R] Bite (10),[1R] Flare (20),Wx2,,1,0.9,1.49,5.99,1.83,,Holofoil,
126036,Rowlet - 9/149 (Water Web Holo),Rowlet 9 149 Water Web Holo,https://tcgplayer-cdn.tcgplayer.com/product/126036_200w.jpg,3,2374,https://cpt.tcgcsv.com/Lq02,2022-09-26T20:59:08.753,1,009/149,Promo,Grass,60,Basic,,[1] Tackle (10),[1G] Leafage (20),Rx2,,1,0.95,1.2,19.99,1.95,,Holofoil,
126037,Popplio - 39/149 (Water Web Holo),Popplio 39 149 Water Web Holo,https://tcgplayer-cdn.tcgplayer.com/product/126037_200w.jpg,3,2374,https://cpt.tcgcsv.com/Mq02,2025-11-21T03:15:57.387,1,039/149,Promo,Water,70,Basic,,[W] Pound (10),[1W] Water Gun (20),Gx2,,1,0.75,1.67,96.94,1.37,3.23,Holofoil,
126211,Meowth - 56/64 (Gold Bordered Promo),Meowth 56 64 Gold Bordered Promo,https://tcgplayer-cdn.tcgplayer.com/product/126211_200w.jpg,3,2374,https://cpt.tcgcsv.com/fv02,2026-02-25T01:10:37.433,1,56/64,Promo,Colorless,50,Basic,,"[2] Pay Day (10)
<br>Flip a coin. If heads, draw a card.",,F,P-30,1,17.99,39.99,56.87,52.21,33.94,Normal,
131861,Alolan Vulpix - 21/145 (Toys R Us Promo),Alolan Vulpix 21 145 Toys R Us Promo,https://tcgplayer-cdn.tcgplayer.com/product/131861_200w.jpg,3,2374,https://cpt.tcgcsv.com/fM32,2026-03-16T12:51:08.403,1,021/145,Promo,Water,60,Basic,,"[0] Beacon 
<br>Search your deck for up to 2 Pokémon, reveal them, and put them into your hand. Then, shuffle your deck.",[2] Icy Snow (20),Mx2,,1,10.17,31.43,39.6,16.99,39.6,Holofoil,
133824,Rowlet - 9/149 (Cosmos Holo),Rowlet 9 149 Cosmos Holo,https://tcgplayer-cdn.tcgplayer.com/product/133824_200w.jpg,3,2374,https://cpt.tcgcsv.com/vx52,2022-12-07T20:13:41.31,1,009/149,Promo,Grass,60,Basic,,[1] Tackle (10),[1G] Leafage (20),Rx2,,1,0.75,1.0,2.0,1.96,,Holofoil,
133826,Litten - 24/149 (Cosmos Holo),Litten 24 149 Cosmos Holo,https://tcgplayer-cdn.tcgplayer.com/product/133826_200w.jpg,3,2374,https://cpt.tcgcsv.com/xx52,2024-05-06T18:20:55.72,1,024/149,Promo,Fire,70,Basic,,[R] Bite (10),[1R] Flare (20),Wx2,,1,1.5,2.58,5.0,2.6,,Holofoil,
133827,Popplio - 39/149 (Cosmos Holo),Popplio 39 149 Cosmos Holo,https://tcgplayer-cdn.tcgplayer.com/product/133827_200w.jpg,3,2374,https://cpt.tcgcsv.com/zx52,2025-11-21T03:13:56.37,1,039/149,Promo,Water,70,Basic,,[1] Pound (10),[1W] Water Gun (20),Gx2,,1,0.75,2.05,3.99,2.11,2.97,Holofoil,
133828,Brionne - 40/149 (Cosmos Holo),Brionne 40 149 Cosmos Holo,https://tcgplayer-cdn.tcgplayer.com/product/133828_200w.jpg,3,2374,https://cpt.tcgcsv.com/Bx52,2022-09-26T20:40:20.697,1,040/149,Promo,Water,90,Stage 1,,[1W] Wave Splash (30),"[1WW] Disarming Voice (50)
<br>Your opponent's Active Pokémon is now Confused.",Gx2,,2,3.18,9.99,18.0,4.43,,Holofoil,
136645,Clefairy - 50/83 (Toys R Us Promo),Clefairy 50 83 Toys R Us Promo,https://tcgplayer-cdn.tcgplayer.com/product/136645_200w.jpg,3,2374,https://cpt.tcgcsv.com/WG62,2022-09-26T20:41:53.36,1,050/083,Promo,Fairy,60,Basic,,"[1] Moonlight
<br>Heal 50 damage from this Pokémon.",[1Y] Pound (20),Mx2,D-20,1,27.98,35.98,9999.0,23.44,,Holofoil,
136646,Meowth - 53/83 (Toys R Us Promo),Meowth 53 83 Toys R Us Promo,https://tcgplayer-cdn.tcgplayer.com/product/136646_200w.jpg,3,2374,https://cpt.tcgcsv.com/XG62,2025-11-21T02:32:21.727,1,053/083,Promo,Colorless,60,Basic,,"[1] Exhausted Tackle
<br>Flip a coin. If heads, this attack does 30 damage to your opponent's Active Pokémon. If tails, this Pokémon does 30 damage to itself.",,Fx2,,1,75.41,96.95,9999.0,14.99,96.95,Holofoil,
137527,Eevee - 101/149 (Cosmos Holo),Eevee 101 149 Cosmos Holo,https://tcgplayer-cdn.tcgplayer.com/product/137527_200w.jpg,3,2374,https://cpt.tcgcsv.com/z072,2025-12-05T19:12:21.053,1,101/149,Promo,Colorless,60,Basic,"<strong>Ability — Energy Evolution</strong>
<br>
When you attach a basic Energy card from your hand to this Pokémon during your turn, you may search your deck for a card that evolves from this Pokémon that is the same type as that Energy card and put it onto this Pokémon to evolve it. Then, shuffle your deck.","[1] Quick Draw <br>Flip a coin. If heads, draw 1 card.",,Fx2,None,2,4.84,9.45,96.95,8.09,5.89,Holofoil,
138127,Fiery Torch - 89/106 (Sheen Holo),Fiery Torch 89 106 Sheen Holo,https://tcgplayer-cdn.tcgplayer.com/product/138127_200w.jpg,3,2374,https://cpt.tcgcsv.com/zg72,2022-09-26T20:47:43.39,1,089/106,Promo,Item,,,"Discard a Fire Energy card from your hand. (If you can't discard a Fire Energy card, you can't play this card.) Draw 2 cards.
<br><br>
You may play as many Item cards as you like during your turn <em>(before your attack)</em>.",,,,,,0.2,0.47,2.47,0.38,,Reverse Holofoil,
138484,Charmeleon - 19/147 (Premium Collection Promo),Charmeleon 19 147 Premium Collection Promo,https://tcgplayer-cdn.tcgplayer.com/product/138484_200w.jpg,3,2374,https://cpt.tcgcsv.com/Jp72,2023-08-28T15:36:06.143,1,019/147,Promo,Fire,90,Stage 1,,[2] Claw Slash (30),[1RR] Heat Blast (70),Wx2,,2,1.0,1.56,3.26,2.04,,Holofoil,
140164,Litten - SM02 (General Mills Promo),Litten SM02 General Mills Promo,https://tcgplayer-cdn.tcgplayer.com/product/140164_200w.jpg,3,2374,https://cpt.tcgcsv.com/j582,2025-11-21T02:27:07.133,1,SM02,Promo,Fire,60,Basic,,[1R] Combustion (30),,Wx2,None,1,1.09,1.75,100.0,1.58,,Holofoil,
140165,Pikachu - SM04 (General Mills),Pikachu SM04 General Mills,https://tcgplayer-cdn.tcgplayer.com/product/140165_200w.jpg,3,2374,https://cpt.tcgcsv.com/k582,2023-09-19T16:47:25.043,1,SM04,Promo,Lightning,70,Basic,,"[L] Thunder Wave
<br>Flip a coin. If heads, your opponent's Active Pokémon is now Paralyzed.",[2L] Electro Ball (50),Fx2,M-20,1,11.43,22.5,100.0,20.86,,Holofoil,
140166,Popplio - SM03 (General Mills Promo),Popplio SM03 General Mills Promo,https://tcgplayer-cdn.tcgplayer.com/product/140166_200w.jpg,3,2374,https://cpt.tcgcsv.com/l582,2025-11-30T03:12:43.37,1,SM03,Promo,Water,60,Basic,,"[W] Sing
<br>Your opponent's Active Pokémon is now Asleep.",,Gx2,,1,0.74,1.18,100.0,1.2,96.95,Holofoil,
140167,Rowlet - SM01 (General Mills Promo),Rowlet SM01 General Mills Promo,https://tcgplayer-cdn.tcgplayer.com/product/140167_200w.jpg,3,2374,https://cpt.tcgcsv.com/m582,2025-01-02T21:40:13.993,1,SM01,Promo,Grass,50,Basic,,"[G] Fury Attack (10x)
<br>Flip 3 coins. This attack does 10 damage for each heads.",,Rx2,,1,0.5,1.55,100.0,1.55,3.97,Holofoil,
141249,Gyarados - 20/98 (Cosmos Holo),Gyarados 20 98 Cosmos Holo,https://tcgplayer-cdn.tcgplayer.com/product/141249_200w.jpg,3,2374,https://cpt.tcgcsv.com/_v82,2026-02-02T23:22:36.613,1,020/098,Promo,Water,130,Stage 1,,"[2W] Berserker Splash (80)
<br>This attack does 10 damage to each Benched Pokémon <em>(both yours and your opponent's)</em>. <em>(Don't apply Weakness and Resistance for Benched Pokémon.)</em>","[3W] Aqua Tail (90+)
<br>Flip a coin for each Water Energy attached to this Pokémon. This attack does 30 more damage for each heads.",Lx2,,3,4.22,15.99,199.59,10.17,,Holofoil,
141250,Gyarados - 21/98 (Cosmos Holo),Gyarados 21 98 Cosmos Holo,https://tcgplayer-cdn.tcgplayer.com/product/141250_200w.jpg,3,2374,https://cpt.tcgcsv.com/0w82,2026-02-18T21:13:44.85,1,021/098,Holo Rare,Water,130,Stage 1,Theta Double — This Pokémon may have up to 2 Pokémon Tool cards attached to it.,"[2] Full Retaliation (30+)
<br>This attack does 30 more damage for each damage counter on each of your Benched Magikarp.","[2WW] Thrash (100+)
<br>Flip a coin. If heads, this attack does 30 more damage. If tails, this Pokémon does 30 damage to itself.",Lx2,,3,17.05,30.0,35.0,47.85,,Holofoil,
144669,Magikarp - 22/83 (Toys R Us Promo),Magikarp 22 83 Toys R Us Promo,https://tcgplayer-cdn.tcgplayer.com/product/144669_200w.jpg,3,2374,https://cpt.tcgcsv.com/pT92,2022-09-26T20:51:44.973,1,022/083,Promo,Water,30,Basic,,"[W] Epic Splash (30)
<br>Flip 2 coins. If either of them is tails, this attack does nothing.",,Lx2,,1,79.99,99.49,9999.0,25.33,,Holofoil,
144670,Pikachu - 26/83 (Toys R Us),Pikachu 26 83 Toys R Us,https://tcgplayer-cdn.tcgplayer.com/product/144670_200w.jpg,3,2374,https://cpt.tcgcsv.com/qT92,2022-09-26T20:53:39.577,1,026/083,Promo,Lightning,60,Basic,,"[1] Nuzzle
<br>Flip a coin. If heads, your opponent's Active Pokémon is now Paralyzed.","[2] Quick Attack (20+)
<br>Flip a coin. If heads, this attack does 10 more damage.",Fx2,M-20,1,85.0,99.99,9999.0,43.26,,Holofoil,
144671,Cosmog - 64/149 (Toys R Us Promo),Cosmog 64 149 Toys R Us Promo,https://tcgplayer-cdn.tcgplayer.com/product/144671_200w.jpg,3,2374,https://cpt.tcgcsv.com/rT92,2022-09-26T20:42:35.57,1,064/149,Promo,Psychic,60,Basic,,"[1] Dust Gathering
<br>Draw a card.",,Px2,,1,6.24,8.64,11.48,7.82,,Holofoil,
145612,Blastoise - 13/95 (Cracked Ice Holo),Blastoise 13 95 Cracked Ice Holo,https://tcgplayer-cdn.tcgplayer.com/product/145612_200w.jpg,3,2374,https://cpt.tcgcsv.com/ggb2,2026-02-17T15:33:08.48,1,013/095,Promo,Water,130,Stage 2,"<strong>Poké-POWER — Wash Out</strong>
<br>As often as you like during your turn <em>(before your attack)</em>, you may move a Water Energy attached to 1 of your Benched Pokémon to your Active Pokémon. This power can't be used if Blastoise is affected by a Special Condition.","[2WW] Hydro Launcher 
<br>Return 2 Water Energy attached to Blastoise to your hand. Choose 1 of your opponent's Pokémon. This attack does 100 damage to that Pokémon. <em>(Don't apply Weakness and Resistance for Benched Pokemon.)</em>",,Lx2,,3,22.0,25.0,40.0,24.95,,Holofoil,
148153,Charmander - 18/147 (Premium Collection Promo),Charmander 18 147 Premium Collection Promo,https://tcgplayer-cdn.tcgplayer.com/product/148153_200w.jpg,3,2374,https://cpt.tcgcsv.com/5hc2,2025-05-14T11:33:21.78,1,018/147,Promo,Fire,70,Basic,,[1] Scratch (10),[1R] Flame Tail (20),Wx2,,1,1.0,1.91,7.99,2.36,,Holofoil,
148383,Politoed - 18/111 (Cosmos Holo),Politoed 18 111 Cosmos Holo,https://tcgplayer-cdn.tcgplayer.com/product/148383_200w.jpg,3,2374,https://cpt.tcgcsv.com/Hmc2,2025-11-21T03:10:03.357,1,018/111,Promo,Water,130,Stage 2,"<strong>Ability — King's Song</strong>
<br>Ignore all Colorless Energy in the attack cost of each of your Poliwag, Poliwhirl, and Poliwrath's attacks.
<br>
<br><em>This cosmos holo version was released with the Legacy Evolution Pin Collection.</em>",[2W] Hyper Voice (70),,Gx2,,1,4.17,6.74,7.5,4.17,,Holofoil,
148385,Crobat - 33/119 (Cosmos Holo),Crobat 33 119 Cosmos Holo,https://tcgplayer-cdn.tcgplayer.com/product/148385_200w.jpg,3,2374,https://cpt.tcgcsv.com/Kmc2,2022-11-28T12:07:24.787,1,033/119,Promo,Psychic,130,Stage 2,"<strong>Ability — Surprise Bite</strong>
<br>
When you play this Pokémon from your hand to evolve 1 of your Pokémon, you may put 3 damage counters on 1 of your opponent's Pokémon.
<br>
<br><em>This cosmos holo version was released with the Legacy Evolution Pin Collection.</em>","[1] Skill Dive
This attack does 30 damage to 1 of your opponent's Pokémon. <em>(Don't apply Weakness and Resistance for Benched Pokémon.)</em>",,Lx2,F-20,,1.73,2.95,8.98,3.05,5.97,Holofoil,
148386,Blissey - 81/119 (Cosmos Holo),Blissey 81 119 Cosmos Holo,https://tcgplayer-cdn.tcgplayer.com/product/148386_200w.jpg,3,2374,https://cpt.tcgcsv.com/Lmc2,2022-09-26T20:40:11.257,1,081/119,Promo,Colorless,130,Stage 1,<em>This cosmos holo version was released with the Legacy Evolution Pin Collection.</em>,"[3] Tender Vengeance (10x)
<br>Flip a coin. If heads, this attack does 10 damage times the number of damage counters on each of your Benched Pokémon.","[4] Charge Dash
<br>You may do 20 more damage. If you do, this Pokémon does 20 damage to itself.",Fx2,,3,0.5,0.99,2.99,0.89,,Holofoil,
148387,Bellossom - 4/98 (Cosmos Holo),Bellossom 4 98 Cosmos Holo,https://tcgplayer-cdn.tcgplayer.com/product/148387_200w.jpg,3,2374,https://cpt.tcgcsv.com/Mmc2,2025-11-29T00:11:07.067,1,004/098,Promo,Grass,120,Stage 2,,"[G] Windmill (20)
<br>Switch this Pokémon with 1 of your Benched Pokémon.","[1G] Flower Tornado (60)
<br>Move as many Grass Energy attached to your Pokémon to your other Pokémon in any way you like.",Rx2,,1,0.75,1.56,2.99,1.65,,Holofoil,
153050,Meowth - 80/99 (Mirror Reverse Holo),Meowth 80 99 Mirror Reverse Holo,https://tcgplayer-cdn.tcgplayer.com/product/153050_200w.jpg,3,2374,https://cpt.tcgcsv.com/0ff2,2022-09-26T20:52:32.803,1,080/099,Promo,Colorless,70,Basic,,"[1] Double Scratch (10x)
<br>Flip 2 coins. This attack does 10 damage times the number of heads.",[2] Cat Kick (20),Fx2,,1,8.0,15.0,20.0,12.99,,Reverse Holofoil,
153054,Pansear - 21/114 (Energy Holo),Pansear 21 114 Energy Holo,https://tcgplayer-cdn.tcgplayer.com/product/153054_200w.jpg,3,2374,https://cpt.tcgcsv.com/6ff2,2022-09-26T20:53:07.89,1,021/114,Promo,Fire,60,Basic,<em>Note: This item was distributed as a Double Album Box exclusive.</em>,[1] Scratch,[2R] Live Coal (30),Wx2,,1,10.0,11.05,17.53,11.2,,Reverse Holofoil,
153067,Pignite - 17/114 (Cracked Ice Holo),Pignite 17 114 Cracked Ice Holo,https://tcgplayer-cdn.tcgplayer.com/product/153067_200w.jpg,3,2374,https://cpt.tcgcsv.com/mff2,2022-09-26T20:53:12.307,1,017/114,Promo,Fire,100,Stage 1,,"[1] Flame Charge 
<br>Search your deck for a Fire Energy card and attach it to this Pokémon. Shuffle your deck afterward.",[1RR] Heat Crash (50),Wx2,,3,11.0,12.0,16.17,8.5,,Holofoil,
153231,Chimchar - 76/130 (Cosmos Holo),Chimchar 76 130 Cosmos Holo,https://tcgplayer-cdn.tcgplayer.com/product/153231_200w.jpg,3,2374,https://cpt.tcgcsv.com/Fjf2,2025-11-20T22:44:15.93,1,076/130,Promo,Fire,50,Basic,<em>This cosmos holofoil version was found in the Diamond & Pearl Collection release.</em>,[0] Scratch (10),"[1R] Ember (30) 
<br>Flip a coin. If tails, discard a Fire Energy attached to Chimchar.",W+10,,1,2.32,11.44,28.49,14.62,,Holofoil,
153234,Charizard - 1/99 (Cracked Ice Holo),Charizard 1 99 Cracked Ice Holo,https://tcgplayer-cdn.tcgplayer.com/product/153234_200w.jpg,3,2374,https://cpt.tcgcsv.com/Jjf2,2024-12-09T19:58:13.9,1,001/099,Promo,Fire,140,Stage 2,"<strong>Poké-BODY — Fire Formation</strong>
<br>Each of Charizard's attacks does 10 more damage for each Fire Pokémon on your Bench to your opponent's Active Pokémon <em>(before applying Weakness and Resistance)</em>.",[R] Fire Wing (30),"[1RR] Burning Tail (80) 
<br>Discard a Fire Energy attached to Charizard.",W+30,F-20,3,35.0,73.85,95.0,58.07,,Holofoil,
153235,Suicune - 19/132 (Cracked Ice Holo),Suicune 19 132 Cracked Ice Holo,https://tcgplayer-cdn.tcgplayer.com/product/153235_200w.jpg,3,2374,https://cpt.tcgcsv.com/Kjf2,2026-01-09T16:25:34.097,1,019/132,Promo,Water,70,Basic,"<strong>Poké-POWER — Aqua Recover </strong
<br>Once during your turn, when you put Suicune from your hand onto your Bench, you may search your discard pile for up to 3 Water Pokémon, show them to your opponent, and put them into your hand.","[WWW] Cure Stream (60) 
<br>During your opponent's next turn, any damage done by attacks from the Defending Pokémon is reduced by 20<em> (before applying Weakness and Resistance)</em>.",,L+20,,1,13.99,29.99,96.95,27.56,35.66,Holofoil,
153236,Entei - 4/132 (Cracked Ice Holo),Entei 4 132 Cracked Ice Holo,https://tcgplayer-cdn.tcgplayer.com/product/153236_200w.jpg,3,2374,https://cpt.tcgcsv.com/Ljf2,2022-09-26T20:44:32.773,1,004/132,Promo,Fire,80,Basic,"<strong>Poké-BODY — Burning Coat</strong>
<br>Whenever 1 of your opponent's Pokémon is Knocked Out by damage from Entei's attacks, discard the top 3 cards from your opponent's deck.","[RRR] Blaze Roar (60) 
<br>Does 20 damage to 1 of your opponent's Benched Pokémon. <em>(Don't apply Weakness and Resistance.)</em> Flip a coin. If tails, discard 2 Fire Energy attached to Entei.",,W+20,,2,12.99,25.0,124.95,22.57,,Holofoil,
153238,Raikou - 16/132 (Cracked Ice Holo),Raikou 16 132 Cracked Ice Holo,https://tcgplayer-cdn.tcgplayer.com/product/153238_200w.jpg,3,2374,https://cpt.tcgcsv.com/Njf2,2022-09-26T20:58:31.087,1,016/132,Promo,Lightning,80,Basic,"<strong>Poké-POWER — Thunder Rumble</strong>
<br>Once during your turn <em>(before your attack)</em>, when you attach a Lightning Energy card from your hand to Raikou, you may put 1 damage counter on 1 of your opponent's Benched Pokémon.","[LLL] Thunder Climb (50+) 
<br>Discard 3 cards from the top of your deck. This attack does 50 damage plus 10 more damage for each Lightning Energy card you discarded. Then, attach those Lightning Energy cards to 1 of your Pokemon.",,F+20,M-20,2,7.59,24.73,94.95,20.08,,Holofoil,
153280,Tangela - 8/83 (Toys R Us Promo),Tangela 8 83 Toys R Us Promo,https://tcgplayer-cdn.tcgplayer.com/product/153280_200w.jpg,3,2374,https://cpt.tcgcsv.com/Dkf2,2022-09-28T18:14:48.027,1,008/083,Promo,Grass,80,Basic,,"[1G] Absorb (20)
<br>Heal 20 damage from this Pokémon.",[1GG] Vine Whip (30),Rx2,,2,,,,,,,
153282,Ponyta - 14/83 (Toys R Us Promo),Ponyta 14 83 Toys R Us Promo,https://tcgplayer-cdn.tcgplayer.com/product/153282_200w.jpg,3,2374,https://cpt.tcgcsv.com/Gkf2,2022-09-26T20:57:56.41,1,014/083,Promo,Fire,60,Basic,,"[R] Agility (10)
<br>Flip a coin. If heads, prevent all effects of attacks, including damage, done to this Pokémon during your opponent's next turn.",[2] Flame Tail (20),Wx2,,1,90.7,97.15,103.6,86.33,,Holofoil,
153283,Slowpoke - 32/83 (Toys R Us),Slowpoke 32 83 Toys R Us,https://tcgplayer-cdn.tcgplayer.com/product/153283_200w.jpg,3,2374,https://cpt.tcgcsv.com/Hkf2,2022-09-26T21:01:44.633,0,032/083,Promo,Psychic,50,Basic,,"[1] Spacing Out
<br>Flip a coin. If heads, heal 10 damage from this Pokémon.","[PP] Scavenge
<br>
Discard a Psychic Energy attached to this Pokémon. If you do, put an Item card from your discard pile into your hand.",Px2,,1,,,,,,,
153284,Geodude - 43/83 (Toys R Us Promo),Geodude 43 83 Toys R Us Promo,https://tcgplayer-cdn.tcgplayer.com/product/153284_200w.jpg,3,2374,https://cpt.tcgcsv.com/Jkf2,2024-12-02T20:50:23.013,1,043/083,Promo,Fighting,60,Basic,,[F] Rollout (10),"[2] Flail (10x)
<br>This attack does 10 damage times the number of damage counters on this Pokémon.",Gx2,,2,4087.26,4772.3,5457.33,44.92,,Holofoil,
153288,Electabuzz - 41/108 (Toys R Us Promo),Electabuzz 41 108 Toys R Us Promo,https://tcgplayer-cdn.tcgplayer.com/product/153288_200w.jpg,3,2374,https://cpt.tcgcsv.com/Nkf2,2022-09-26T20:44:19.73,1,041/108,Promo,Lightning,70,Basic,,"[L] Thunder Shock (10)
<br>Flip a coin. If heads, your opponent's Active Pokemon is now Paralyzed.","[1L] Thunder Punch (30+)
<br>Flip a coin. If heads, this attack does 10 more damage. If tails, this Pokemon does 10 damage to itself.",Fx2,M-20,2,9.67,21.69,53.98,19.11,,Holofoil,
153290,Charmander - 9/108 (Toys R Us Promo),Charmander 9 108 Toys R Us Promo,https://tcgplayer-cdn.tcgplayer.com/product/153290_200w.jpg,3,2374,https://cpt.tcgcsv.com/Qkf2,2022-09-26T20:41:35.667,1,009/108,Promo,Fire,60,Basic,,[1] Scratch (10),"[1R] Ember (30)
<br>Discard a Fire Energy attached to this Pokémon.",Wx2,,1,50.0,60.0,90.0,52.76,,Holofoil,
155082,Bulbasaur - 1/108 (Build-A-Bear Workshop Exclusive),Bulbasaur 1 108 Build A Bear Workshop Exclusive,https://tcgplayer-cdn.tcgplayer.com/product/155082_200w.jpg,3,2374,https://cpt.tcgcsv.com/G2g2,2022-09-26T20:40:26.853,1,001/108,Promo,Grass,60,Basic,,[G] Tackle (10),[2G] Razor Leaf (30),Rx2,W-20,2,35.0,45.69,60.0,38.43,,Normal,
155083,Charmander - 17/113 (Build-A-Bear Workshop Exclusive),Charmander 17 113 Build A Bear Workshop Exclusive,https://tcgplayer-cdn.tcgplayer.com/product/155083_200w.jpg,3,2374,https://cpt.tcgcsv.com/H2g2,2023-12-13T18:22:46.01,1,017/113,Promo,Fire,70,Basic,,"[R] Draw In
<br>Attach 2 Fire Energy cards from your discard pile to this Pokémon.",[1R] Flare (20),Wx2,,2,9.23,15.99,32.0,22.42,,Normal,
155084,Eevee - 63/98 (Build-A-Bear Workshop Exclusive),Eevee 63 98 Build A Bear Workshop Exclusive,https://tcgplayer-cdn.tcgplayer.com/product/155084_200w.jpg,3,2374,https://cpt.tcgcsv.com/J2g2,2022-09-26T20:44:09.353,1,063/098,Promo,Colorless,60,Basic,,[1] Tackle (10),"[2] Lunge (30)
<br>Flip a coin. If tails, this attack does nothing.",Fx2,,1,19.06,53.49,60.0,23.54,53.49,Normal,
155085,Meowth - 67/108 (Build-A-Bear Workshop Exclusive),Meowth 67 108 Build A Bear Workshop Exclusive,https://tcgplayer-cdn.tcgplayer.com/product/155085_200w.jpg,3,2374,https://cpt.tcgcsv.com/K2g2,2022-09-26T20:52:27.427,1,067/108,Promo,Colorless,60,Basic,,"[1] Feelin' Fine
<br>
Draw a card.","[3] Fury Swipes (20x)
<br>Flip 3 coins. This attack does 20 damage times the number of heads.",Fx2,,1,38.99,86.0,140.0,29.35,,Normal,
155086,Pikachu - 20/108 (Build-A-Bear Workshop Exclusive),Pikachu 20 108 Build A Bear Workshop Exclusive,https://tcgplayer-cdn.tcgplayer.com/product/155086_200w.jpg,3,2374,https://cpt.tcgcsv.com/L2g2,2022-09-26T20:53:22.31,1,020/108,Promo,Lightning,60,Basic,,"[1] Tail Whip
<br>Flip a coin. If heads, the Defending Pokémon can't attack during your opponent's next turn.",[1L] Electro Ball (30),Fx2,M-20,1,22.48,30.0,999.99,17.66,449.6,Normal,
155087,Squirtle - 14/101 (Build-A-Bear Workshop Exclusive),Squirtle 14 101 Build A Bear Workshop Exclusive,https://tcgplayer-cdn.tcgplayer.com/product/155087_200w.jpg,3,2374,https://cpt.tcgcsv.com/M2g2,2022-09-28T18:13:45.717,1,014/101,Promo,Colorless,50,Basic,,"[W] Bubble
<br>Flip a coin. If heads, the Defending Pokémon is now Paralyzed.",[1W] Water Gun (20),Gx2,,1,32.03,37.52,45.0,39.77,,Normal,
155088,Vulpix - 20/160 (Build-A-Bear Workshop Exclusive),Vulpix 20 160 Build A Bear Workshop Exclusive,https://tcgplayer-cdn.tcgplayer.com/product/155088_200w.jpg,3,2374,https://cpt.tcgcsv.com/N2g2,2022-09-28T18:16:30.407,1,020/160,Promo,Fire,60,Basic,,"[1] Roar
<br>Your opponent switches his or her Active Pokémon with 1 of his or her Benched Pokémon.",[R] Gnaw (10),Wx2,,1,29.99,44.99,49.94,33.38,,Normal,
161463,Cosmog - SM42 (General Mills Promo),Cosmog SM42 General Mills Promo,https://tcgplayer-cdn.tcgplayer.com/product/161463_200w.jpg,3,2374,https://cpt.tcgcsv.com/hCj2,2025-11-20T17:11:49.21,1,SM42,Promo,Psychic,60,Basic,,"[1] Dust Gathering
<br>
Draw a card.",,Px2,,1,0.75,1.05,2.0,1.32,0.79,Holofoil,
161464,Pikachu - SM86 (General Mills Promo),Pikachu SM86 General Mills Promo,https://tcgplayer-cdn.tcgplayer.com/product/161464_200w.jpg,3,2374,https://cpt.tcgcsv.com/jCj2,2022-11-10T15:41:40.347,1,SM86,Promo,Lightning,60,Basic,,[1] Tail Whap (10),"[1L] Spark (20)
<br>This attack does 10 damage to 1 of your opponent's Benched Pokémon. <em>(Don't apply Weakness and Resistance for Benched Pokémon.)</em>",Fx2,M-20,1,33.98,44.99,54.97,34.54,,Holofoil,
161465,Rockruff - SM06 (General Mills Promo),Rockruff SM06 General Mills Promo,https://tcgplayer-cdn.tcgplayer.com/product/161465_200w.jpg,3,2374,https://cpt.tcgcsv.com/kCj2,2022-08-27T13:42:53.373,1,SM06,Promo,Fighting,60,Basic,,[1] Tackle (10),[1F] Rock Throw (20),Gx2,,1,1.5,3.37,8.67,4.31,,Holofoil,
161466,Jangmo-o - SM40 (General Mills Promo),Jangmo o SM40 General Mills Promo,https://tcgplayer-cdn.tcgplayer.com/product/161466_200w.jpg,3,2374,https://cpt.tcgcsv.com/lCj2,2025-03-16T08:05:53.103,1,SM40,Promo,Dragon,60,Basic,,"[F] Iron Defense
<br>
Flip a coin. If heads, prevent all damage done to this Pokémon by attacks during your opponent's next turn.",[1L] Tackle (20),Yx2,,2,0.95,2.72,4.99,2.1,3.49,Holofoil,
162449,Stufful - 110/147 (Toys R Us),Stufful 110 147 Toys R Us,https://tcgplayer-cdn.tcgplayer.com/product/162449_200w.jpg,3,2374,https://cpt.tcgcsv.com/_-j2,2026-02-23T14:45:15.51,1,110/147,Promo,Colorless,70,Basic,,"[1] Baby-Doll Eyes
<br>The Defending Pokémon can't retreat during your opponent's next turn.",[2] Tackle (20),Fx2,,2,6.98,8.49,10.0,9.35,,Holofoil,
162457,Mew - 111/110 (Non-Holo DVD Promo),Mew 111 110 Non Holo DVD Promo,https://tcgplayer-cdn.tcgplayer.com/product/162457_200w.jpg,3,2374,https://cpt.tcgcsv.com/9_j2,2022-08-27T11:53:03.037,1,111/110,Promo,Psychic,50,Basic,,"[1P] Super Psywave 
<br>Choose 1 of your opponent's Pokémon. Count the amount of Energy attached to that Pokémon.  Put that many damage counters on the Pokémon.",,P,,1,49.99,50.0,50.0,35.5,,Normal,
162458,Piplup - 32/156 (Toys R Us),Piplup 32 156 Toys R Us,https://tcgplayer-cdn.tcgplayer.com/product/162458_200w.jpg,3,2374,https://cpt.tcgcsv.com/b_j2,2026-02-18T03:11:06.163,1,032/156,Promo,Water,90,Basic,,[1] Peck (10),[1W] Wave Splash (20),Lx2,,1,29.2,39.99,96.95,24.63,29.2,Holofoil,
162459,Jangmo-o - 75/111 (Toys R Us Promo),Jangmo o 75 111 Toys R Us Promo,https://tcgplayer-cdn.tcgplayer.com/product/162459_200w.jpg,3,2374,https://cpt.tcgcsv.com/c_j2,2022-09-26T20:50:40.257,1,075/111,Promo,Dragon,60,Basic,,[1] Headbutt (10),[LF] Gentle Slap (20),Yx2,,1,6.5,7.71,96.95,7.57,96.95,Holofoil,
164231,Rayquaza C - 8/147 (Cracked Ice),Rayquaza C 8 147 Cracked Ice,https://tcgplayer-cdn.tcgplayer.com/product/164231_200w.jpg,3,2374,https://cpt.tcgcsv.com/FJk2,2022-09-26T20:58:36.013,1,008/147,Promo,Colorless,100,Basic,,"[1] Trash Burst (10+) 
<br>You may discard up to 5 Energy cards from your hand. If you do, this attack does 10 damage plus 10 more damage for each Energy card you discarded.","[4] Twister (50) 
<br>Flip 2 coins. If both are tails, this attack does nothing. For each heads, discard an Energy attached to the Defending Pokémon.",Cx2,F-20,3,65.0,282.5,500.0,199.99,,Holofoil,
167222,Zygarde - 72/131 (Cosmos Holo),Zygarde 72 131 Cosmos Holo,https://tcgplayer-cdn.tcgplayer.com/product/167222_200w.jpg,3,2374,https://cpt.tcgcsv.com/sVl2,2025-11-21T05:25:59.767,1,072/131,Promo,Fighting,130,Basic,,"[2] Glare (20)
<br>Flip a coin. If heads, your opponent's Active Pokémon is now Paralyzed.","[1FF] Calm Strike (60+)
<br>If you have used your GX attack, this attack does 60 more damage.",Gx2,,2,3.74,7.98,96.95,3.57,8.39,Holofoil,
167223,Deoxys (Normal Forme) - 16/107 (Movie Promo),Deoxys Normal Forme 16 107 Movie Promo,https://tcgplayer-cdn.tcgplayer.com/product/167223_200w.jpg,3,2374,https://cpt.tcgcsv.com/tVl2,2026-02-18T18:21:08.637,1,016/107,Promo,Psychic,70,Basic,"<strong>Poké-POWER — Form Change</strong>
<br>
Once during your turn <em>(before your attack)</em>, you may search your deck for another Deoxys and switch it with Deoxys. (Any cards attached to Deoxys, damage counters, Special Conditions, and effects on it are now on the new Pokémon.) If you do, put Deoxys on top of your deck. Shuffle your deck afterward. You can't use more than 1 Form Change Poké-Power each turn.","[1P] Link Blast (40) 
<br>If Deoxys and the Defending Pokémon have a different amount of Energy attached to them, this attack's base damage is 20 instead of 40.",,P,None,1,33.3,79.09,9999.0,33.29,33.3,Normal,
173384,Groudon - 81/168 (Cosmos Holo) (Gamestop Promo),Groudon 81 168 Cosmos Holo Gamestop Promo,https://tcgplayer-cdn.tcgplayer.com/product/173384_200w.jpg,3,2374,https://cpt.tcgcsv.com/Jmp2,2022-09-26T20:49:01.66,1,081/168,Promo,Fighting,130,Basic,,"[2F] Wreck (50+)
<br>If there’s a Stadium card in play, this attack does 50 more damage. Discard the Stadium card.","[2FF] Ground Slash (130)
<br>Discard 1 Energy from this Pokémon.",Gx2,,4,8.0,18.97,99.0,14.76,,Holofoil,
174502,Treecko - 8/168 (Toys R Us),Treecko 8 168 Toys R Us,https://tcgplayer-cdn.tcgplayer.com/product/174502_200w.jpg,3,2374,https://cpt.tcgcsv.com/3Qp2,2022-09-28T18:15:44.11,1,008/168,Promo,Grass,50,Basic,,[G] Smack (10),[1G] Tail Whap (20),Rx2,,1,17.99,19.29,48.99,17.91,18.0,Reverse Holofoil,
177127,Professor Rowan - 112/130 (Cosmos Holo),Professor Rowan 112 130 Cosmos Holo,https://tcgplayer-cdn.tcgplayer.com/product/177127_200w.jpg,3,2374,https://cpt.tcgcsv.com/zSq2,2022-08-27T13:31:13.897,1,112/130,Promo,Supporter,,,"<em>You can play only one Supporter card each turn. When you play this card, put it next to your Active Pokémon. When your turn ends, discard this card.</em>
<br>
Choose 1 card in your hand and shuffle the rest of your cards into your deck. Then, draw 4 cards. (If this is the only card in your hand, you can't play this card.)",,,,,,1.3,4.5,9.19,5.57,2.16,Holofoil,
177128,Bebe's Search - 109/123 (Cosmos Holofoil),Bebes Search 109 123 Cosmos Holofoil,https://tcgplayer-cdn.tcgplayer.com/product/177128_200w.jpg,3,2374,https://cpt.tcgcsv.com/BSq2,2022-08-25T14:28:49.16,1,109/123,Promo,Supporter,,,"<em>You can play only one Supporter card each turn. When you play this card, put it next to your Active Pokémon. When your turn ends, discard this card.</em>
<br>
Choose a card from your hand and put it on top of your deck. Search your deck for a Pokémon, show it to your opponent, and put it into your hand. Shuffle your deck afterward. (If this is the only card in your hand, you can't play this card.)",,,,,,2.0,4.25,7.0,5.21,,Holofoil,
177129,Piplup - 93/130 (Cosmos Holo),Piplup 93 130 Cosmos Holo,https://tcgplayer-cdn.tcgplayer.com/product/177129_200w.jpg,3,2374,https://cpt.tcgcsv.com/CSq2,2022-09-26T20:57:47.463,1,093/130,Promo,Water,60,Basic,,[0] Peck (10),"[1W] Water Splash (20+) 
<br>Flip a coin. If heads, this attack does 20 damage plus 10 more damage.",L+10,,1,24.99,46.19,90.18,43.42,,Holofoil,
179376,Pikachu & Eevee Poke Ball Collection,Pikachu and Eevee Poke Ball Collection,https://tcgplayer-cdn.tcgplayer.com/product/179376_200w.jpg,3,2374,https://cpt.tcgcsv.com/xMr2,2018-11-29T19:16:10.683,1,,,,,,"Pikachu and Eevee join up in the Pokemon TCG: Pikachu & Eevee Poke Ball Collection! This collection features two all-time-favorite Pokemon in a joyous, beautifully sculpted figure and two new foil promo cards—a great addition to any collection. Plus, the Poke Ball has a secret compartment inside that holds up to 60 Pokemon TCG cards!
<br>Each Collection includes:
<br>• 1 figure of Eevee and Pikachu playing together
<br>• 2 never-before-seen foil promo cards featuring Pikachu and Eevee
<br>• 1 Poke Ball big enough to hold a stack of Pokemon TCG cards
<br>• 5 Pokemon TCG booster packs
<br>• A code card for the Pokemon Trading Card Game Online",,,,,,400.0,450.0,499.99,189.99,,Normal,
179683,Dragonite (Cosmo Holo),Dragonite Cosmo Holo,https://tcgplayer-cdn.tcgplayer.com/product/179683_200w.jpg,3,2374,https://cpt.tcgcsv.com/HTr2,2026-02-19T23:31:38.553,1,52/108,Holo Rare,Dragon,160,Stage 2,"<strong>Delta Plus</strong> <em>If your opponent's Pokemon is Knocked Out by damage from an attack by this Pokemon, take 1 more Prize card.</em>","[L] Wrapped in Wind
<br>Attach up to 2 basic Energy cards from your hand to this Pokemon.",[1GGGL] Heavy Impact (150),Yx2,None,4,94.48,99.2,200.0,24.44,,Holofoil,
180720,Pikachu - 28/73 (Water Web Holo),Pikachu 28 73 Water Web Holo,https://tcgplayer-cdn.tcgplayer.com/product/180720_200w.jpg,3,2374,https://cpt.tcgcsv.com/qjs2,2022-09-27T03:44:28.677,1,028/073,Promo,Lightning,60,Basic,,"[L] Iron Tail (20x)
<br>Flip a coin until you get tails. This attack does 20 damage for each heads.",,Fx2,M-20,1,3.19,4.52,20.75,4.94,,Holofoil,
180721,Bisharp - 64/114 (Cosmos Holo),Bisharp 64 114 Cosmos Holo,https://tcgplayer-cdn.tcgplayer.com/product/180721_200w.jpg,3,2374,https://cpt.tcgcsv.com/rjs2,2023-11-15T06:40:13.373,1,064/114,Promo,Darkness Metal,100,Stage 1,,"[1] Retaliate (30+)
<br>If any of your Pokémon were Knocked Out by damage from an opponent's attack during his or her last turn, this attack does 60 more damage.","[1D] Mach Claw (60]
<br>This attack's damage isn't affected by Resistance.",Fx2,P-20,2,0.3,0.91,5.98,0.93,,Holofoil,
181267,Pokemon - Poke Ball Tin - Poke Ball,Pokemon Poke Ball Tin Poke Ball,https://tcgplayer-cdn.tcgplayer.com/product/181267_200w.jpg,3,2374,https://cpt.tcgcsv.com/mws2,2021-12-21T20:52:14.933,1,,,,,,"Each aluminum Poke Ball Tin contains three random Pokemon TCG booster packs and a coin.
<br><br>
<em>(Pokemon TCG booster packs vary by product.)</em>",,,,,,24.99,32.31,34.99,24.61,,Normal,
181268,Pokemon - Poke Ball Tin - Quick Ball,Pokemon Poke Ball Tin Quick Ball,https://tcgplayer-cdn.tcgplayer.com/product/181268_200w.jpg,3,2374,https://cpt.tcgcsv.com/nws2,2021-12-21T20:52:35.45,1,,,,,,"Each aluminum Poke Ball Tin contains three random Pokemon TCG booster packs and a coin.
<br><br>
<em>(Pokemon TCG booster packs vary by product.)</em>",,,,,,40.0,40.0,40.0,31.35,,Normal,
181695,Pokemon TCG: Basic Energy Box,Pokemon TCG Basic Energy Box,https://tcgplayer-cdn.tcgplayer.com/product/181695_200w.jpg,3,2374,https://cpt.tcgcsv.com/WHs2,2018-12-06T18:45:15.82,1,,,,,,The Pokemon TCG: Basic Energy Box contains 450 assorted basic Energy cards to help you get started and a Pokemon Trading Card Game Online code card.,,,,,,,,,,,,
181696,Let's Play Theme Deck [Pikachu],Lets Play Theme Deck Pikachu,https://tcgplayer-cdn.tcgplayer.com/product/181696_200w.jpg,3,2374,https://cpt.tcgcsv.com/XHs2,2018-12-06T18:52:10.813,1,,,,,,"Each 60-card preconstructed deck also contains a deck box, damage counters, a metallic coin, a 2-player playmat, a rule sheet, and a Pokemon Trading Card Game Online code card.
<br>
<br>Each deck is built contains more Pokemon and fewer Trainers with simpler cards for an experience aimed at a younger audience.",,,,,,32.97,36.48,39.99,33.96,,Normal,
181697,Let's Play Theme Deck [Eevee],Lets Play Theme Deck Eevee,https://tcgplayer-cdn.tcgplayer.com/product/181697_200w.jpg,3,2374,https://cpt.tcgcsv.com/ZHs2,2018-12-06T18:52:36.52,1,,,,,,"Each 60-card preconstructed deck also contains a deck box, damage counters, a metallic coin, a 2-player playmat, a rule sheet, and a Pokemon Trading Card Game Online code card.
<br>
<br>Each deck is built contains more Pokemon and fewer Trainers with simpler cards for an experience aimed at a younger audience.",,,,,,40.0,40.0,40.0,54.99,,Normal,
185261,Kanto Friends Mini Tin [Bulbasaur],Kanto Friends Mini Tin Bulbasaur,https://tcgplayer-cdn.tcgplayer.com/product/185261_200w.jpg,3,2374,https://cpt.tcgcsv.com/f7v2,2019-02-26T19:04:14.07,1,,,,,,"Each mini tin comes with two booster packs, a metallic Pokemon coin, and “a Pokemon art card showing the art from this Mini Tin — you can collect and combine all five!”",,,,,,29.97,30.0,39.99,26.85,,Normal,
185262,Kanto Friends Mini Tin [Pikachu],Kanto Friends Mini Tin Pikachu,https://tcgplayer-cdn.tcgplayer.com/product/185262_200w.jpg,3,2374,https://cpt.tcgcsv.com/g7v2,2019-02-26T19:04:36.883,1,,,,,,"Each mini tin comes with two booster packs, a metallic Pokemon coin, and “a Pokemon art card showing the art from this Mini Tin — you can collect and combine all five!”",,,,,,24.95,25.47,30.0,22.3,,Normal,
185263,Kanto Friends Mini Tin [Eevee],Kanto Friends Mini Tin Eevee,https://tcgplayer-cdn.tcgplayer.com/product/185263_200w.jpg,3,2374,https://cpt.tcgcsv.com/h7v2,2019-02-26T19:04:27.32,1,,,,,,"Each mini tin comes with two booster packs, a metallic Pokemon coin, and “a Pokemon art card showing the art from this Mini Tin — you can collect and combine all five!”",,,,,,22.91,29.49,49.99,22.81,,Normal,
185264,Kanto Friends Mini Tin [Charmander],Kanto Friends Mini Tin Charmander,https://tcgplayer-cdn.tcgplayer.com/product/185264_200w.jpg,3,2374,https://cpt.tcgcsv.com/j7v2,2019-02-26T19:04:20.8,1,,,,,,"Each mini tin comes with two booster packs, a metallic Pokemon coin, and “a Pokemon art card showing the art from this Mini Tin — you can collect and combine all five!",,,,,,29.97,30.0,54.98,21.53,,Normal,
185265,Kanto Friends Mini Tin [Squirtle],Kanto Friends Mini Tin Squirtle,https://tcgplayer-cdn.tcgplayer.com/product/185265_200w.jpg,3,2374,https://cpt.tcgcsv.com/k7v2,2019-02-26T19:04:45.043,1,,,,,,"Each mini tin comes with two booster packs, a metallic Pokemon coin, and “a Pokemon art card showing the art from this Mini Tin — you can collect and combine all five!",,,,,,34.97,37.5,64.98,29.91,,Normal,
186318,Bulbasaur - 1/73 (General Mills Promo),Bulbasaur 1 73 General Mills Promo,https://tcgplayer-cdn.tcgplayer.com/product/186318_200w.jpg,3,2374,https://cpt.tcgcsv.com/nxv2,2023-10-14T07:17:13.05,1,001/073,Promo,Grass,70,Basic,,[1G] Razor Leaf (30),,Rx2,,2,7.99,8.98,9.96,13.67,,Holofoil,
186319,Charmander - 18a/147 (General Mills Promo),Charmander 18a 147 General Mills Promo,https://tcgplayer-cdn.tcgplayer.com/product/186319_200w.jpg,3,2374,https://cpt.tcgcsv.com/pxv2,2026-02-27T04:12:41.953,1,018a/147,Promo,Fire,70,Basic,,[1] Scratch (10),[1R] Flame Tail (20),Wx2,,1,2.83,4.3,9.0,7.78,5.59,Holofoil,
186320,Cubone - 57/131 (General Mills Promo),Cubone 57 131 General Mills Promo,https://tcgplayer-cdn.tcgplayer.com/product/186320_200w.jpg,3,2374,https://cpt.tcgcsv.com/qxv2,2022-09-26T20:42:47.223,1,057/131,Promo,Fighting,60,Basic,,"[2] Burdensome Bone (40)
<br>This Pokémon can't attack during your next turn.",,Gx2,,1,11.54,23.0,69.99,26.28,,Holofoil,
186321,Eevee - 101/149 (General Mills Promo),Eevee 101 149 General Mills Promo,https://tcgplayer-cdn.tcgplayer.com/product/186321_200w.jpg,3,2374,https://cpt.tcgcsv.com/rxv2,2026-02-27T22:22:14.837,1,101/149,Promo,Colorless,60,Basic,"<b>Ability — Energy Evolution</b>
<br>When you attach a basic Energy card from your hand to this Pokemon, you may search your deck for a card that evolves from this Pokemon that is the same type as that Energy card and put it onto this Pokemon. (This counts as evolving this Pokemon.) Shuffle your deck afterward.","[1] Quick Draw <br>Flip a coin. If heads, draw 1 card.",,Fx2,None,2,4.99,9.36,10.67,10.27,,Holofoil,
186322,Pikachu - 28/73 (General Mills),Pikachu 28 73 General Mills,https://tcgplayer-cdn.tcgplayer.com/product/186322_200w.jpg,3,2374,https://cpt.tcgcsv.com/sxv2,2026-02-18T03:09:49.137,1,028/073,Promo,Lightning,60,Basic,,"[L] Iron Tail (20x)
<br>Flip a coin until you get tails. This attack does 20 damage for each heads.",,Fx2,M-20,1,6.73,12.0,19.99,11.86,19.99,Holofoil,
186828,Zoroark - 91/162 (Cosmos Holo),Zoroark 91 162 Cosmos Holo,https://tcgplayer-cdn.tcgplayer.com/product/186828_200w.jpg,3,2374,https://cpt.tcgcsv.com/BLv2,2026-01-31T03:15:25.887,1,091/162,Promo,Darkness,100,Stage 1,"<strong>Ability — Stand In</strong>
<br>
Once during your turn <em>(before your attack)</em>, if this Pokémon is on your Bench, you may switch this Pokémon with your Active Pokémon.","[2] Mind Jack (10+)
<br>This attack does 30 more damage for each of your opponent's Benched Pokémon.",,Fx2,P-20,2,0.45,0.86,5.0,0.8,,Holofoil,
186829,Tyranitar - 56/124 (Cosmos Holo),Tyranitar 56 124 Cosmos Holo,https://tcgplayer-cdn.tcgplayer.com/product/186829_200w.jpg,3,2374,https://cpt.tcgcsv.com/CLv2,2023-10-20T17:23:24.2,1,056/124,Promo,Darkness,160,Stage 2,"<strong>Ability — Raging Road</strong>
<br>
When you play this Pokémon from your hand to evolve 1 of your Pokémon, you may attach 1 Darkness Energy from your discard pile to this Pokémon for each Prize card your opponent has taken.","[DDDDD] Dark Mountain (150+)
<br>Discard the top 2 cards of your deck. This card does 50 more damage for each Supporter card discard in this way.",,Fx2,P-20,4,0.59,1.32,5.0,1.32,,Holofoil,
186908,Jolteon - 26/98 (Cosmos Holo),Jolteon 26 98 Cosmos Holo,https://tcgplayer-cdn.tcgplayer.com/product/186908_200w.jpg,3,2374,https://cpt.tcgcsv.com/bNv2,2024-06-14T18:41:30.247,1,026/098,Promo,Lightning,90,Stage 1,"<strong>Ability — Electric Effect</strong>
<br>Each of your Stage 1 Pokémon in play is now a Lightning Pokémon in addition to its existing types.","[2L] Thunder Blast (80)
<br>Discard an Energy attached to this Pokémon.",,Fx2,M-20,,2.25,4.0,25.3,4.82,25.3,Holofoil,
186915,Shiftry - 11/114 (Cosmos Holo),Shiftry 11 114 Cosmos Holo,https://tcgplayer-cdn.tcgplayer.com/product/186915_200w.jpg,3,2374,https://cpt.tcgcsv.com/kNv2,2025-04-16T18:02:36.723,1,011/114,Promo,Grass Darkness,140,Stage 2,,"[G] Wicked Wind (40)
<br>
Until the end of your opponent's next turn, each Stadium or Pokémon Tool card in play has no effect. (This includes cards that come into play on that turn.)","[2] Extrasensory (60+)
<br>
If you have the same number of cards in your hand as your opponent, this attack does 60 more damage.",Rx2,,2,0.3,0.84,100000.0,0.85,,Holofoil,
186977,"Knock Out Collection [Druddigon, Noivern, Hydreigon]",Knock Out Collection Druddigon Noivern Hydreigon,https://tcgplayer-cdn.tcgplayer.com/product/186977_200w.jpg,3,2374,https://cpt.tcgcsv.com/zPv2,2019-03-28T18:18:30.137,1,,,,,,"Three favorite Dragon-type Pokémon cards are sharpening their claws for their next battle! Tough Druddigon, sneaky Noivern, and triple-headed Hydreigon all make this Knockout Collection a great time for all Pokémon fans and collectors! These three popular Dragon-type Pokémon are just the thing for Pokémon Trainers ready to expand their collection and improve their Pokémon-battling skills! Cards vary by pack. We cannot promise any specific packaging.
<br>
<br>• 2 Pokémon Trading Card Game booster packs
<br>• 1 gleaming Pokémon coin
<br>• 3 specially-chosen and popular Dragon-type Pokémon foil cards!",,,,,,,,,,,,
186979,"Knock Out Collection [Chesnaught, Delphox, Greninja]",Knock Out Collection Chesnaught Delphox Greninja,https://tcgplayer-cdn.tcgplayer.com/product/186979_200w.jpg,3,2374,https://cpt.tcgcsv.com/CPv2,2019-03-28T18:18:26.647,1,,,,,,"Three great Pokémon cards-tough Chesnaught, fiery Delphox, and stealthy Greninja-make this Knockout Collection a Pokémon-tastic time for all Pokémon fans and collectors! These three powerful Pokémon are just the thing for Pokémon Trainers ready to expand their collection and improve their Pokémon-battling skills! Cards vary by pack. We cannot promise any specific packaging.
<br>
<br>• 2 Pokémon Trading Card Game booster packs
<br>• 1 gleaming Pokémon coin
<br>• 3 specially chosen foil cards!",,,,,,,,,,,,
186984,"Knock Out Collection [Tyranitar, Shiftry, and Vivillon]",Knock Out Collection Tyranitar Shiftry and Vivillon,https://tcgplayer-cdn.tcgplayer.com/product/186984_200w.jpg,3,2374,https://cpt.tcgcsv.com/JPv2,2019-03-28T18:18:24.117,1,,,,,,"Three great Pokémon cards—stomp-tastic Tyranitar, devious Shiftry, and colorful Vivillon—make this Knock Out Collection a Pokémon party for all Pokémon fans and collectors! These three powerful Pokémon are just the thing for Pokémon Trainers ready to expand their collection and improve their battling skills! The Pokémon TCG: Knock Out Collection includes:
<br>
<br>• 2 Pokémon Trading Card Game booster packs
<br>• 1 gleaming Pokémon coin
<br>• 3 specially chosen foil cards!",,,,,,178.0,192.98,200.0,73.21,,Normal,
186994,"Knock Out Collection [Lucario, Bisharp, and Zoroark]",Knock Out Collection Lucario Bisharp and Zoroark,https://tcgplayer-cdn.tcgplayer.com/product/186994_200w.jpg,3,2374,https://cpt.tcgcsv.com/VPv2,2019-03-28T18:18:20.803,1,,,,,,"Three great Pokémon cards—steely Lucario, dangerous Bisharp, and mysterious Zoroark—make this Knock Out Collection perfect for all Pokémon fans and collectors! These three powerful Pokémon are just the thing for Pokémon Trainers ready to expand their collection and improve their battling skills! The Pokémon TCG: Knock Out Collection includes:
<br>
<br>• 2 Pokémon Trading Card Game booster packs
<br>• 1 gleaming Pokémon coin
<br>• 3 specially chosen foil cards!",,,,,,179.98,187.95,200.0,70.08,,Normal,
187217,Pikachu - 60/106 (SDCC 2005),Pikachu 60 106 SDCC 2005,https://tcgplayer-cdn.tcgplayer.com/product/187217_200w.jpg,3,2374,https://cpt.tcgcsv.com/mVv2,2025-07-09T15:11:45.32,1,060/106,Promo,Lightning,50,Basic,,[L] Pika Ball (10),"[2] Thundershock (20)
<br>Flip a coin. If heads, the Defending Pokémon is now Paralyzed.",F,,1,,,,,,,
187218,Gengar Spirit Link - 95/119 (Alternate Holo) (Gamestop Exclusive),Gengar Spirit Link 95 119 Alternate Holo Gamestop Exclusive,https://tcgplayer-cdn.tcgplayer.com/product/187218_200w.jpg,3,2374,https://cpt.tcgcsv.com/nVv2,2022-09-26T20:48:33.8,1,095/119,Promo,Item,,,"<em>Pokémon Tool — Attach a Pokémon Tool to 1 of your Pokémon that doesn't already have a Pokémon Tool attached to it.</em>
<br><br>
Your turn does not end if the Pokémon this card is attached to becomes M Gengar-EX.",,,,,,36.0,49.98,99.99,45.73,,Holofoil,
187219,Pikachu - 012 (10th Anniversary),Pikachu 012 10th Anniversary,https://tcgplayer-cdn.tcgplayer.com/product/187219_200w.jpg,3,2374,https://cpt.tcgcsv.com/pVv2,2022-09-08T15:36:02.547,1,012,Promo,Lightning,50,Basic,,"[1] Agility
<br>Flip a coin. If heads, prevent all effects of an attack, including damage, done to Pikachu during your opponent's next turn.","[1L] Thundershock (20)
<br>Flip a coin. If heads, the Defending Pokémon is now Paralyzed.",F,,1,129.0,164.5,199.99,87.87,,Normal,
189762,Piplup - 32/156 (Build-A-Bear Workshop Exclusive),Piplup 32 156 Build A Bear Workshop Exclusive,https://tcgplayer-cdn.tcgplayer.com/product/189762_200w.jpg,3,2374,https://cpt.tcgcsv.com/gWw2,2022-09-26T20:57:02.073,1,032/156,Promo,Water,90,Basic,,[1] Peck (10),[1W] Wave Splash (20),Lx2,,1,64.99,78.5,92.0,46.98,,Normal,
189838,Blacksmith - 88/106 (Sheen Holo),Blacksmith 88 106 Sheen Holo,https://tcgplayer-cdn.tcgplayer.com/product/189838_200w.jpg,3,2374,https://cpt.tcgcsv.com/NXw2,2026-01-05T20:15:56.62,1,088/106,Promo,Supporter,,,"Attach 2 Fire Energy cards from your discard pile to 1 of your Fire Pokémon.
<br><br>
You may play only 1 Supporter card during your turn <em>(before your attack)</em>.",,,,,,1.4,2.61,4.0,2.61,3.97,Reverse Holofoil,
190359,General Mills Promo Booster Pack [Kanto],General Mills Promo Booster Pack Kanto,https://tcgplayer-cdn.tcgplayer.com/product/190359_200w.jpg,3,2374,https://cpt.tcgcsv.com/c9x2,2019-05-14T17:42:29.197,1,,,,,,Contains 3 General Mills Promo singles.,,,,,,39.98,39.98,39.98,16.82,,Normal,
190360,General Mills Promo Booster Pack [Sun & Moon],General Mills Promo Booster Pack Sun and Moon,https://tcgplayer-cdn.tcgplayer.com/product/190360_200w.jpg,3,2374,https://cpt.tcgcsv.com/d9x2,2019-05-14T17:43:22.523,1,,,,,,Contains 3 General Mills Promo singles.,,,,,,39.99,42.99,100.0,,,Normal,
191901,Alolan Vulpix - 21/145 (Build-A-Bear Workshop Exclusive),Alolan Vulpix 21 145 Build A Bear Workshop Exclusive,https://tcgplayer-cdn.tcgplayer.com/product/191901_200w.jpg,3,2374,https://cpt.tcgcsv.com/2Nx2,2022-09-26T20:38:47.837,1,021/145,Promo,Water,60,Basic,,"[0] Beacon
<br>Search your deck for up to 2 Pokémon, reveal them, and put them into your hand. Then, shuffle your deck.",[2] Icy Snow (20),Mx2,,1,,,,,,,
191902,Jigglypuff - 71/111 (Build-A-Bear Workshop Exclusive),Jigglypuff 71 111 Build A Bear Workshop Exclusive,https://tcgplayer-cdn.tcgplayer.com/product/191902_200w.jpg,3,2374,https://cpt.tcgcsv.com/3Nx2,2022-09-26T20:50:46.767,1,071/111,Promo,Fairy,60,Basic,,[1] Rollout (10),"[1Y] Double Slap (20x)
<br>Flip 2 coins. This attack does 20 damage for each heads.",Mx2,D-20,1,,,,,,,
193276,Wartortle - 034/214 (Premium Collection Promo),Wartortle 034 214 Premium Collection Promo,https://tcgplayer-cdn.tcgplayer.com/product/193276_200w.jpg,3,2374,https://cpt.tcgcsv.com/xkz2,2025-11-13T13:10:33.053,1,034/214,Promo,Water,70,Stage 1,"<strong>Ability — Solid Shell</strong>
<br>This Pokémon takes 20 less damage from attacks <em>(after applying Weakness and Resistance)</em>.","[WW] Aqua Slash (60)
<br>This Pokémon can't attack during your next turn.",,Gx2,,2,1.32,2.69,5.99,3.0,2.69,Holofoil,
196723,Garchomp - 114/236 (Cosmos Holo),Garchomp 114 236 Cosmos Holo,https://tcgplayer-cdn.tcgplayer.com/product/196723_200w.jpg,3,2374,https://cpt.tcgcsv.com/tJB2,2022-08-26T14:03:33.377,1,114/236,Promo,Fighting,150,Stage 2,"<strong>Ability — Avenging Aura</strong>
<br>If you have more Prize cards remaining than your opponent, its attacks do 80 more damage to your opponent's Active Pokémon <em>(before applying Weakness and Resistance)</em>.
<br>
<br><em>Unified Minds stamped Garchomp is an SM - Unified Minds Dutch/Belgium in-store exclusive.</em>","[1F] Over Slice (80+)
<br>You may discard an Energy from this Pokémon. If you do, this attack does 40 more damage.",,Gx2,,,,,,,,,
198431,Kanto Power Mini Tin [Charizard],Kanto Power Mini Tin Charizard,https://tcgplayer-cdn.tcgplayer.com/product/198431_200w.jpg,3,2374,https://cpt.tcgcsv.com/FnC2,2019-09-04T17:40:01.563,1,,,,,,"Each mini tin comes with two booster packs, a metallic Pokemon coin, and “a Pokemon art card showing the art from this Mini Tin — you can collect and combine all five!”",,,,,,35.0,39.99,51.67,31.4,,Normal,
198434,Kanto Power Mini Tin [Dragonite],Kanto Power Mini Tin Dragonite,https://tcgplayer-cdn.tcgplayer.com/product/198434_200w.jpg,3,2374,https://cpt.tcgcsv.com/JnC2,2019-09-04T17:41:24.92,1,,,,,,"Each mini tin comes with two booster packs, a metallic Pokemon coin, and “a Pokemon art card showing the art from this Mini Tin — you can collect and combine all five!”",,,,,,28.0,36.5,50.0,31.44,,Normal,
198437,Kanto Power Mini Tin [Mew],Kanto Power Mini Tin Mew,https://tcgplayer-cdn.tcgplayer.com/product/198437_200w.jpg,3,2374,https://cpt.tcgcsv.com/MnC2,2019-09-04T17:44:07.55,1,,,,,,"Each mini tin comes with two booster packs, a metallic Pokemon coin, and “a Pokemon art card showing the art from this Mini Tin — you can collect and combine all five!”",,,,,,34.99,39.5,50.0,31.71,,Normal,
198438,Kanto Power Mini Tin [Mewtwo],Kanto Power Mini Tin Mewtwo,https://tcgplayer-cdn.tcgplayer.com/product/198438_200w.jpg,3,2374,https://cpt.tcgcsv.com/NnC2,2019-09-04T17:44:29.31,1,,,,,,"Each mini tin comes with two booster packs, a metallic Pokemon coin, and “a Pokemon art card showing the art from this Mini Tin — you can collect and combine all five!”",,,,,,28.95,34.97,50.0,27.49,,Normal,
198439,Kanto Power Mini Tin [Vulpix],Kanto Power Mini Tin Vulpix,https://tcgplayer-cdn.tcgplayer.com/product/198439_200w.jpg,3,2374,https://cpt.tcgcsv.com/PnC2,2019-09-04T17:45:40.36,1,,,,,,"Each mini tin comes with two booster packs, a metallic Pokemon coin, and “a Pokemon art card showing the art from this Mini Tin — you can collect and combine all five!”",,,,,,27.99,31.99,39.0,26.1,,Normal,
198519,Pokemon - Poke Ball Tin - Great Ball,Pokemon Poke Ball Tin Great Ball,https://tcgplayer-cdn.tcgplayer.com/product/198519_200w.jpg,3,2374,https://cpt.tcgcsv.com/pqC2,2021-12-21T20:51:01.563,1,,,,,,"Each aluminum Poke Ball Tin contains three random Pokemon TCG booster packs and a coin.
<br><br>
<em>(Pokemon TCG booster packs vary by product.)</em>",,,,,,23.43,25.0,40.99,23.43,,Normal,
198520,Pokemon - Poke Ball Tin - Luxury Ball,Pokemon Poke Ball Tin Luxury Ball,https://tcgplayer-cdn.tcgplayer.com/product/198520_200w.jpg,3,2374,https://cpt.tcgcsv.com/qqC2,2021-12-21T20:51:12.047,1,,,,,,"Each aluminum Poke Ball Tin contains three random Pokemon TCG booster packs and a coin.
<br><br>
<em>(Pokemon TCG booster packs vary by product.)</em>",,,,,,249.99,257.5,265.0,35.83,,Normal,
198522,Pokemon - Poke Ball Tin - Premier Ball,Pokemon Poke Ball Tin Premier Ball,https://tcgplayer-cdn.tcgplayer.com/product/198522_200w.jpg,3,2374,https://cpt.tcgcsv.com/sqC2,2021-12-21T20:52:23.413,1,,,,,,"Each aluminum Poke Ball Tin contains three random Pokemon TCG booster packs and a coin.
<br><br>
<em>(Pokemon TCG booster packs vary by product.)</em>",,,,,,24.0,30.0,39.95,25.78,,Normal,
198526,Battle Arena Deck: Rayquaza GX,Battle Arena Deck Rayquaza GX,https://tcgplayer-cdn.tcgplayer.com/product/198526_200w.jpg,3,2374,https://cpt.tcgcsv.com/xqC2,2019-09-16T17:50:59.057,1,,,,,,"Each 60-card deck includes:
<br>• 1 foil cards featuring Rayquaza GX
<br>• 1 foil Prism Star card
<br>• 6 foil basic Energy cards
<br>• Tournament-level Trainer cards, including Cynthia, Erika's Hospitality, and more
<br>• A special Supporter card with all-new art
<br>
<br>Additional contents:
<br>• 1 metallic coin
<br>• 2-player paper playmat and rulesheet
<br>• 1 deck box
<br>• Damage counters
<br>• 1 quick guide to unlock power strategies within
<br>• A code card of this deck for Pokemon Trading Card Game Online",,,,,,,,,,,,0820650804748
198527,Battle Arena Deck: Ultra Necrozma GX,Battle Arena Deck Ultra Necrozma GX,https://tcgplayer-cdn.tcgplayer.com/product/198527_200w.jpg,3,2374,https://cpt.tcgcsv.com/zqC2,2019-10-03T16:53:38.56,1,,,,,,"Each 60-card deck includes:
<br>• 1 foil cards featuring Necrozma GX
<br>• 1 foil Prism Star card
<br>• 6 foil basic Energy cards
<br>• Tournament-level Trainer cards, including Cynthia, Erika's Hospitality, and more
<br>• A special Supporter card with all-new art
<br>
<br>Additional contents:
<br>• 1 metallic coin
<br>• 2-player paper playmat and rulesheet
<br>• 1 deck box
<br>• Damage counters
<br>• 1 quick guide to unlock power strategies within
<br>• A code card of this deck for Pokemon Trading Card Game Online",,,,,,,,,,,,0820650804748
199778,Galar Collection [Grookey] - with Zamazenta V,Galar Collection Grookey with Zamazenta V,https://tcgplayer-cdn.tcgplayer.com/product/199778_200w.jpg,3,2374,https://cpt.tcgcsv.com/BWC2,2019-09-24T18:00:10.31,1,,,,,,"Grookey, Scorbunny, and Sobble are amazing new first partner Pokemon itching to explore the Galar region. Fans can now find these newly discovered Pokémon in the Pokémon Trading Card Game: Galar Collection!
<br><br>
<strong>Galar Collection [Grookey] Contents:</strong>
<br>• 1 foil promo cards featuring Grookey
<br>• 1 foil oversized cards featuring the Legendary Zamazenta  V
<br>• 1 glossy pins featuring Grookey
<br>• 4 Pokemon TCG booster packs
<br>• 1 code card for the Pokemon Trading Card Game Online",,,,,,,,,,,,
199780,Galar Collection [Grookey] - with Zacian V,Galar Collection Grookey with Zacian V,https://tcgplayer-cdn.tcgplayer.com/product/199780_200w.jpg,3,2374,https://cpt.tcgcsv.com/DWC2,2019-09-24T18:00:55.71,1,,,,,,"Grookey, Scorbunny, and Sobble are amazing new first partner Pokemon itching to explore the Galar region. Fans can now find these newly discovered Pokémon in the Pokémon Trading Card Game: Galar Collection!
<br><br>
<strong>Galar Collection [Grookey] Contents:</strong>
<br>• 1 foil promo cards featuring Grookey
<br>• 1 foil oversized cards featuring the Legendary Zacian  V
<br>• 1 glossy pins featuring Grookey
<br>• 4 Pokemon TCG booster packs
<br>• 1 code card for the Pokemon Trading Card Game Online",,,,,,,,,,,,
199782,Galar Collection [Scorbunny] - with Zacian V,Galar Collection Scorbunny with Zacian V,https://tcgplayer-cdn.tcgplayer.com/product/199782_200w.jpg,3,2374,https://cpt.tcgcsv.com/GWC2,2019-09-24T18:01:50.08,1,,,,,,"Grookey, Scorbunny, and Sobble are amazing new first partner Pokemon itching to explore the Galar region. Fans can now find these newly discovered Pokémon in the Pokémon Trading Card Game: Galar Collection!
<br><br>
<strong>Galar Collection [Scorbunny] Contents:</strong>
<br>• 1 foil promo cards featuring Scorbunny
<br>• 1 foil oversized cards featuring the Legendary Zacian V
<br>• 1 glossy pins featuring Scorbunny
<br>• 4 Pokemon TCG booster packs
<br>• 1 code card for the Pokemon Trading Card Game Online",,,,,,,,,,,,
199784,Galar Collection [Scorbunny] - with Zamazenta V,Galar Collection Scorbunny with Zamazenta V,https://tcgplayer-cdn.tcgplayer.com/product/199784_200w.jpg,3,2374,https://cpt.tcgcsv.com/JWC2,2019-09-24T18:02:32.34,1,,,,,,"Grookey, Scorbunny, and Sobble are amazing new first partner Pokemon itching to explore the Galar region. Fans can now find these newly discovered Pokémon in the Pokémon Trading Card Game: Galar Collection!
<br><br>
<strong>Galar Collection [Scorbunny] Contents:</strong>
<br>• 1 foil promo cards featuring Scorbunny
<br>• 1 foil oversized cards featuring the Legendary Zamazenta V
<br>• 1 glossy pins featuring Scorbunny
<br>• 4 Pokemon TCG booster packs
<br>• 1 code card for the Pokemon Trading Card Game Online",,,,,,,,,,,,
199785,Galar Collection [Sobble] - with Zamazenta V,Galar Collection Sobble with Zamazenta V,https://tcgplayer-cdn.tcgplayer.com/product/199785_200w.jpg,3,2374,https://cpt.tcgcsv.com/KWC2,2019-09-24T18:03:51.81,1,,,,,,"Grookey, Scorbunny, and Sobble are amazing new first partner Pokemon itching to explore the Galar region. Fans can now find these newly discovered Pokémon in the Pokémon Trading Card Game: Galar Collection!
<br><br>
<strong>Galar Collection [Sobble] Contents:</strong>
<br>• 1 foil promo cards featuring Sobble
<br>• 1 foil oversized cards featuring the Legendary Zamazenta V
<br>• 1 glossy pins featuring Sobble
<br>• 4 Pokemon TCG booster packs
<br>• 1 code card for the Pokemon Trading Card Game Online",,,,,,,,,,,,
199786,Galar Collection [Sobble] - with Zacian V,Galar Collection Sobble with Zacian V,https://tcgplayer-cdn.tcgplayer.com/product/199786_200w.jpg,3,2374,https://cpt.tcgcsv.com/LWC2,2019-09-24T18:04:16.82,1,,,,,,"Grookey, Scorbunny, and Sobble are amazing new first partner Pokemon itching to explore the Galar region. Fans can now find these newly discovered Pokémon in the Pokémon Trading Card Game: Galar Collection!
<br><br>
<strong>Galar Collection [Sobble] Contents:</strong>
<br>• 1 foil promo cards featuring Sobble
<br>• 1 foil oversized cards featuring the Legendary Zacian V
<br>• 1 glossy pins featuring Sobble
<br>• 4 Pokemon TCG booster packs
<br>• 1 code card for the Pokemon Trading Card Game Online",,,,,,,,,,,,
199787,Elemental Power Tin [Flareon GX],Elemental Power Tin Flareon GX,https://tcgplayer-cdn.tcgplayer.com/product/199787_200w.jpg,3,2374,https://cpt.tcgcsv.com/MWC2,2019-10-08T15:45:42.477,1,,,,,,"The Pokemon TCG: Elemental Power Tin includes:
<br>• 1 foil Flareon GX
<br>• 4 Pokémon TCG booster packs
<br>• A code card to unlock a playable deck in the Pokemon Trading Card Game Online",,,,,,144.99,152.49,154.98,97.66,,Normal,
199788,Elemental Power Tin [Vaporeon GX],Elemental Power Tin Vaporeon GX,https://tcgplayer-cdn.tcgplayer.com/product/199788_200w.jpg,3,2374,https://cpt.tcgcsv.com/NWC2,2019-10-08T15:45:48.767,1,,,,,,"The Pokemon TCG: Elemental Power Tin includes:
<br>• 1 foil Vaporeon GX
<br>• 4 Pokémon TCG booster packs
<br>• A code card to unlock a playable deck in the Pokemon Trading Card Game Online",,,,,,145.0,170.0,200.0,114.24,,Normal,
199789,Elemental Power Tin [Jolteon GX],Elemental Power Tin Jolteon GX,https://tcgplayer-cdn.tcgplayer.com/product/199789_200w.jpg,3,2374,https://cpt.tcgcsv.com/PWC2,2019-10-08T15:45:45.413,1,,,,,,"The Pokemon TCG: Elemental Power Tin includes:
<br>• 1 foil Jolteon GX
<br>• 4 Pokémon TCG booster packs
<br>• A code card to unlock a playable deck in the Pokemon Trading Card Game Online",,,,,,133.0,154.99,190.0,127.49,,Normal,
200142,Fall 2019 Collector's Chest Tin,Fall 2019 Collectors Chest Tin,https://tcgplayer-cdn.tcgplayer.com/product/200142_200w.jpg,3,2374,https://cpt.tcgcsv.com/S3D2,2021-10-26T20:01:17.12,1,,,,,,"This sturdy metal case contains more than a dozen special Pokemon goodies, including many not found anywhere else:
<br><br><strong>Contents:</strong>
<br>• 5 Pokemon TCG Booster Packs
<br>• 3 Foil Promo Cards featuring Armored Mewtwo, Pikachu, and Charizard!
<br>• A Pokemon Coin
<br>• 2 Sticker Sheets
<br>• 1 Mini Portfolio 
<br>• A Pokemon Notepad and 4 Pencils
<br>•A Code Card for the Pokemon Trading Card Game Online",,,,,,1299.0,1399.99,2200.0,1399.5,,Normal,0820650805462
200172,TAG TEAM Generations Premium Collection,TAG TEAM Generations Premium Collection,https://tcgplayer-cdn.tcgplayer.com/product/200172_200w.jpg,3,2374,https://cpt.tcgcsv.com/s5D2,2019-09-30T19:00:57.85,1,,,,,,"The Pokemon TCG: TAG TEAM Generations Premium Collection includes:
<br>• 2 foil promo cards featuring TAG TEAM Pokémon: Charizard & Braixen GX and Venusaur & Snivy GX
<br>• 1 oversize foil promo card featuring Charizard & Braixen GX
<br>• 1 full-size playmat featuring TAG TEAM illustrations
<br>• 7 Pokemon TCG booster packs
<br>• 1 metallic coin
<br>• 1 code card for the Pokemon TCG Online",,,,,,2069.69,3000.0,3300.0,1500.0,,Normal,0820650804205
200283,Battle Arena Deck: Ultra Necrozma GX & Rayquaza GX,Battle Arena Deck Ultra Necrozma GX and Rayquaza GX,https://tcgplayer-cdn.tcgplayer.com/product/200283_200w.jpg,3,2374,https://cpt.tcgcsv.com/H7D2,2019-10-03T16:54:58.72,1,,,,,,"Collect each of the Battle Arena Deck: Ultra Necrozma GX and Battle Arena Deck: Rayquaza GX.
<br>
Each 60-card deck includes:
<br>• 1 foil cards featuring Rayquaza GX
<br>• 1 foil Prism Star card
<br>• 6 foil basic Energy cards
<br>• Tournament-level Trainer cards, including Cynthia, Erika's Hospitality, and more
<br>• A special Supporter card with all-new art
<br>
<br>Additional contents:
<br>• 1 metallic coin
<br>• 2-player paper playmat and rulesheet
<br>• 1 deck box
<br>• Damage counters
<br>• 1 quick guide to unlock power strategies within
<br>• A code card of this deck for Pokemon Trading Card Game Online",,,,,,,,,,,,
200311,Sobble - 055/202 (Premium Collection),Sobble 055 202 Premium Collection,https://tcgplayer-cdn.tcgplayer.com/product/200311_200w.jpg,3,2374,https://cpt.tcgcsv.com/f8D2,2024-07-25T03:39:10.353,1,055/202,Promo,Water,70,Basic,,[1] Pound (10),[1W] Water Gun (20),Lx2,,1,0.5,0.8,2.5,0.8,0.74,Holofoil,
200312,Grookey - 11/202 (Premium Collection),Grookey 11 202 Premium Collection,https://tcgplayer-cdn.tcgplayer.com/product/200312_200w.jpg,3,2374,https://cpt.tcgcsv.com/g8D2,2022-08-26T14:20:24.46,1,011/202,Promo,Water,70,Basic,,[1] Scratch (10),[1G] Beat (20),Rx2,,1,0.38,0.61,6.01,0.52,,Holofoil,
200313,Scorbunny - 031/202 (Premium Collection),Scorbunny 031 202 Premium Collection,https://tcgplayer-cdn.tcgplayer.com/product/200313_200w.jpg,3,2374,https://cpt.tcgcsv.com/h8D2,2022-08-27T13:56:15.937,1,031/202,Promo,Water,70,Basic,,[1] Tackle (10),[1R] Flare (20),Wx2,,1,0.35,0.75,5.0,0.81,,Holofoil,
200567,Premium Checklane Blister [Gardevoir],Premium Checklane Blister Gardevoir,https://tcgplayer-cdn.tcgplayer.com/product/200567_200w.jpg,3,2374,https://cpt.tcgcsv.com/mfD2,2019-10-09T17:34:11.083,1,,,,,,"Each blister contains 3 promo cards of Ralts, Kirlia, and Gardevoir, as well as, a Pokemon Trading Card Game booster pack, and a coin.",,,,,,,,,,,,
200568,Premium Checklane Blister [Gallade],Premium Checklane Blister Gallade,https://tcgplayer-cdn.tcgplayer.com/product/200568_200w.jpg,3,2374,https://cpt.tcgcsv.com/nfD2,2019-10-09T17:35:18.367,1,,,,,,"Each blister contains 3 promo cards of Ralts, Kirlia, and Gallade, as well as, a Pokemon Trading Card Game booster pack, and a coin.",,,,,,,,,,,,
202117,Let's Play Pokemon TCG Box,Lets Play Pokemon TCG Box,https://tcgplayer-cdn.tcgplayer.com/product/202117_200w.jpg,3,2374,https://cpt.tcgcsv.com/mSD2,2019-11-01T15:20:26.42,1,,,,,,"Each box will include the contents of the two Eevee and Pikachu decks that were individually released in April. Together, both decks come with four unique cards. The package comes with:
<br>
<br>• 2 decks of 60 Pokemon cards, each including 4 foil cards
<br>• 2 rulebooks to teach you the basics of the game—one for each deck
<br>• 2 metallic coins
<br>• 2 deck boxes
<br>• 2 single-player playmats
<br>• 2 damage counter sheets",,,,,,24.99,54.37,59.99,33.64,,Normal,0820650807824
205384,Alolan Sandslash GX Box,Alolan Sandslash GX Box,https://tcgplayer-cdn.tcgplayer.com/product/205384_200w.jpg,3,2374,https://cpt.tcgcsv.com/J9G2,2019-11-29T15:13:59.93,1,,,,,,"From the warmth of Alola comes a frosty challenger with quick claws and spiky blue quills: Alolan Sandslash GX! The Pokemon Trading Card Game: Alolan Sandslash GX Box brings that dangerous Pokemon and its icy power directly to you, with foil versions in both playable and jumbo sizes.
<br><br>
<strong>Contents:</strong>
<br>• 1 foil promo card featuring Alolan Sandslash-GX
<br>• 1 oversize foil card featuring Alolan Sandslash-GX
<br>• 4 Pokémon TCG booster packs
<br>• A code card for the Pokémon TCG Online",,,,,,370.0,370.0,370.0,375.0,,Normal,0820650804786
205464,Meowth VMAX Special Collection,Meowth VMAX Special Collection,https://tcgplayer-cdn.tcgplayer.com/product/205464_200w.jpg,3,2374,https://cpt.tcgcsv.com/jcG2,2019-12-13T17:08:36.187,1,,,,,,"The Meowth VMAX Special Collection contains 5 boosters, a Meowth V promo card, Meowth VMAX promo card, and one oversize Meowth VMAX card.",,,,,,250.0,288.42,499.95,280.11,,Normal,0820650803949
206306,Black Kyurem Box,Black Kyurem Box,https://tcgplayer-cdn.tcgplayer.com/product/206306_200w.jpg,3,2374,https://cpt.tcgcsv.com/8xG2,2019-12-19T19:12:46.463,1,,,,,,"Are you ready to train one of the most fearsome and mysterious Pokemon of all time? Then, look no further than the mighty Black Kyurem! In each box, you'll find the Boundary Pokemon as a spectacular collectible figure and a cool promo card — Plus, you get four booster packs from the Pokemon TCG: Black & White series expansions!",,,,,,,,,,,,0820650108310
206307,White Kyurem Box,White Kyurem Box,https://tcgplayer-cdn.tcgplayer.com/product/206307_200w.jpg,3,2374,https://cpt.tcgcsv.com/9xG2,2019-12-19T19:13:18.97,1,,,,,,"Are you ready to train one of the most fearsome and mysterious Pokemon of all time? Then, look no further than the powerful White Kyurem! In each box, you'll find the Boundary Pokemon as a spectacular collectible figure and a cool promo card — Plus, you get four booster packs from the Pokemon TCG: Black & White series expansions!",,,,,,,,,,,,0820650108310
206308,Keldeo Box,Keldeo Box,https://tcgplayer-cdn.tcgplayer.com/product/206308_200w.jpg,3,2374,https://cpt.tcgcsv.com/bxG2,2019-12-19T19:28:07.783,1,,,,,,"One of the most recently discovered Pokemon is ready to take the battlefield with a talented Trainer — is it you? In the Keldeo Box, you'll find the Colt Pokemon Keldeo as an impressive collectible figure and as TWO new promo cards—a regular foil card AND an awesome Jumbo Card! Plus, you get three booster packs from the Black & White series expansions!",,,,,,,,,,,,08206050108075
206309,Clash of Legends Box - Darkrai & Cresselia Legend,Clash of Legends Box Darkrai and Cresselia Legend,https://tcgplayer-cdn.tcgplayer.com/product/206309_200w.jpg,3,2374,https://cpt.tcgcsv.com/cxG2,2019-12-19T19:55:25.113,1,,,,,,"When legendary rivals come together, no Pokemon Trainer should miss it! In the Clash of Legends  - Darkrai & Cresselia Legend Box, you'll find more than just powerful Pokemon LV.X cards and more than just fantastic booster packs — you'll also find an amazing Pokemon LEGEND, both parts brought together to create one oversized card! Make yourself part of the legend!",,,,,,,,,,,,0820650103698
206310,Clash of Legends Box - Dialga & Palkia Legend,Clash of Legends Box Dialga and Palkia Legend,https://tcgplayer-cdn.tcgplayer.com/product/206310_200w.jpg,3,2374,https://cpt.tcgcsv.com/dxG2,2019-12-19T19:57:13.523,1,,,,,,"When legendary rivals come together, no Pokemon Trainer should miss it! In the Clash of Legends  - Dialga & Palkia Legend Box, you'll find more than just powerful Pokemon LV.X cards and more than just fantastic booster packs — you'll also find an amazing Pokemon LEGEND, both parts brought together to create one oversized card! Make yourself part of the legend!",,,,,,,,,,,,0820650103698
206311,World of Illusions Box,World of Illusions Box,https://tcgplayer-cdn.tcgplayer.com/product/206311_200w.jpg,3,2374,https://cpt.tcgcsv.com/fxG2,2019-12-19T20:08:37.9,1,,,,,,"Outfox and capture one of the amazing Pokemon from the Black & White expansion when you uncover the World of Illusions Box! In addition to three booster packs, you'll reveal the amazing Zoroark, the Illusion Fox Pokemon, as a fantastic JUMBO foil card alongside Dialga, Rayquaza, and Groudon! Add a special Celebi Prime foil card, and blockbuster battles await you...in any world!
The World of Illusions Box includes 3 Pokemon TCG booster packs, An amazing Celebi Prime foil card, A brand-new foil oversized card of the Illusion Fox Pokemon Zoroark surrounded by Legendary Pokemon!",,,,,,,,,,,,0820650106125
206316,Legendary Dragons of Unova Collection,Legendary Dragons of Unova Collection,https://tcgplayer-cdn.tcgplayer.com/product/206316_200w.jpg,3,2374,https://cpt.tcgcsv.com/lxG2,2019-12-19T20:56:36.903,1,,,,,,"Their existence was told of in legend, their discovery sent shock waves through the Pokemon world, and their battles are awe-inspiring! now you too can celebrate the staggering powers of the champions with the Legendary Dragons of Unova Collection! Display your allegiance to these fearsome warriors with 3 magnificent figures, 3 special foil promo cards to add to your game, and 4 Black & White series booster packs to swell your forces!",,,,,,,,,,,,0820650108716
206350,Double Album Box,Double Album Box,https://tcgplayer-cdn.tcgplayer.com/product/206350_200w.jpg,3,2374,https://cpt.tcgcsv.com/0zG2,2019-12-20T14:29:37.2,1,,,,,,"Now you can have a brand new place to keep your favorite new Pokemon! In the Double Album Box, you get two mini-collector's albums to store up to 120 of your latest and greatest Pokemon cards total! Even better, you get five booster packs, plus three specially selected foil promo cards to start filling up your new albums right away!",,,,,,,,,,,,820650107771
206390,EX Series Collector's Tin,EX Series Collectors Tin,https://tcgplayer-cdn.tcgplayer.com/product/206390_200w.jpg,3,2374,https://cpt.tcgcsv.com/QzG2,2019-12-20T17:13:47.777,1,,,,,,"The EX Series Collector's Tin makes the perfect gift for any Pokemon player or collector. It's attractive. It's durable. And best of all, this special metal collector's box is filled with all kinds of Pokemon stuff to battle with friends!
<br>
<br>In this tin, you will find:
<br>• 3 Pokemon-e TCG: EX Ruby & Sapphire Boosters
<br>• 2 Pokemon-e TCG: EX Sandstorm Boosters
<br>• 1 double-sided poster, featuring Ruby & Sapphire characters and a card checklist
<br>• 2 holofoil cards (Pikachu & Meowth)",,,,,,,,,,,,045496840105
206403,BW Sneak-Peek Tin [Tepig],BW Sneak Peek Tin Tepig,https://tcgplayer-cdn.tcgplayer.com/product/206403_200w.jpg,3,2374,https://cpt.tcgcsv.com/5BG2,2021-10-27T20:23:21,1,,,,,,"Are you ready to catch the next generation of Pokemon? Each Sneak-Peek Tin contains 1 of 3 never-before-seen basic Pokemon preview cards from the Black & White series expansion — the Grass Pokemon Snivy, the Fire Pokemon Tepig, or the Water Pokemon Oshawott—but that's not all! You also get Snivy, Tepig or Oshawott as a collectible figure! Want more? Each tin also contains a special Black & White preview pack with 5 more NEW Pokemon! On top of all this, you get 4 MORE booster packs from Call of Legends, the HS series, or the Platinum Series!",,,,,,,,,,,,0820650106255
206404,BW Sneak-Peek Tin [Snivy],BW Sneak Peek Tin Snivy,https://tcgplayer-cdn.tcgplayer.com/product/206404_200w.jpg,3,2374,https://cpt.tcgcsv.com/6BG2,2019-12-22T15:59:50.8,1,,,,,,"Are you ready to catch the next generation of Pokemon? Each Sneak-Peek Tin contains 1 of 3 never-before-seen basic Pokemon preview cards from the Black & White series expansion — the Grass Pokemon Snivy, the Fire Pokemon Tepig, or the Water Pokemon Oshawott—but that's not all! You also get Snivy, Tepig or Oshawott as a collectible figure! WAnt more? Each tin also contains a special Black & White preview pack with 5 more NEW Pokemon! On top of all this, you get 4 MORE booster packs from Call of Legends, the HS series, or the Platinum Series!",,,,,,,,,,,,0820650106255
206405,BW Sneak-Peek Tin [Oshawott],BW Sneak Peek Tin Oshawott,https://tcgplayer-cdn.tcgplayer.com/product/206405_200w.jpg,3,2374,https://cpt.tcgcsv.com/7BG2,2019-12-22T16:00:07.46,1,,,,,,"Are you ready to catch the next generation of Pokemon? Each Sneak-Peek Tin contains 1 of 3 never-before-seen basic Pokemon preview cards from the Black & White series expansion — the Grass Pokemon Snivy, the Fire Pokemon Tepig, or the Water Pokemon Oshawott—but that's not all! You also get Snivy, Tepig or Oshawott as a collectible figure! WAnt more? Each tin also contains a special Black & White preview pack with 5 more NEW Pokemon! On top of all this, you get 4 MORE booster packs from Call of Legends, the HS series, or the Platinum Series!",,,,,,,,,,,,0820650106255
207986,Galar Pal Mini Tin [Galarian Ponyta],Galar Pal Mini Tin Galarian Ponyta,https://tcgplayer-cdn.tcgplayer.com/product/207986_200w.jpg,3,2374,https://cpt.tcgcsv.com/LcH2,2020-01-22T16:53:42.2,1,,,,,,"Each mini tin comes with two booster packs, a metallic Pokemon coin, and “a Pokemon art card showing the art from this Mini Tin — you can collect and combine all five!”",,,,,,35.94,37.96,99.99,25.87,,Normal,
207987,Galar Pal Mini Tin [Grookey & Wooloo],Galar Pal Mini Tin Grookey and Wooloo,https://tcgplayer-cdn.tcgplayer.com/product/207987_200w.jpg,3,2374,https://cpt.tcgcsv.com/McH2,2021-11-06T13:48:29.17,1,,,,,,"Contents:
<br>• 2 Pokémon TCG booster packs
<br>• 1 metallic Pokémon coin
<br>• A Pokémon art card showing the art from this Mini Tin

<br><br><em>(Each Sword & Shield Series booster pack contains 10 cards and 1 basic Energy. Each XY Series booster pack contains 10 cards. No specific combination of packs is guaranteed)</em>",,,,,,32.5,36.46,37.47,23.16,,Normal,
207988,Galar Pal Mini Tin [Scorbunny & Pikachu],Galar Pal Mini Tin Scorbunny and Pikachu,https://tcgplayer-cdn.tcgplayer.com/product/207988_200w.jpg,3,2374,https://cpt.tcgcsv.com/NcH2,2021-11-06T13:48:35.253,1,,,,,,"Contents:
<br>• 2 Pokémon TCG booster packs
<br>• 1 metallic Pokémon coin
<br>• A Pokémon art card showing the art from this Mini Tin

<br><br><em>(Each Sword & Shield Series booster pack contains 10 cards and 1 basic Energy. Each XY Series booster pack contains 10 cards. No specific combination of packs is guaranteed)</em>",,,,,,30.0,33.99,59.99,21.5,,Normal,
207989,Galar Pal Mini Tin [Sobble & Rookidee],Galar Pal Mini Tin Sobble and Rookidee,https://tcgplayer-cdn.tcgplayer.com/product/207989_200w.jpg,3,2374,https://cpt.tcgcsv.com/PcH2,2021-11-06T13:49:08.1,1,,,,,,"Contents:
<br>• 2 Pokémon TCG booster packs
<br>• 1 metallic Pokémon coin
<br>• A Pokémon art card showing the art from this Mini Tin

<br><br><em>(Each Sword & Shield Series booster pack contains 10 cards and 1 basic Energy. Each XY Series booster pack contains 10 cards. No specific combination of packs is guaranteed)</em>",,,,,,28.97,29.0,59.99,22.85,,Normal,
207990,Galar Pal Mini Tin [Yamper & Morpeko],Galar Pal Mini Tin Yamper and Morpeko,https://tcgplayer-cdn.tcgplayer.com/product/207990_200w.jpg,3,2374,https://cpt.tcgcsv.com/QcH2,2021-11-06T13:49:10.99,1,,,,,,"Contents:
<br>• 2 Pokémon TCG booster packs
<br>• 1 metallic Pokémon coin
<br>• A Pokémon art card showing the art from this Mini Tin

<br><br><em>(Each Sword & Shield Series booster pack contains 10 cards and 1 basic Energy. Each XY Series booster pack contains 10 cards. No specific combination of packs is guaranteed)</em>",,,,,,,,,,,,
207991,Galar Pal Mini Tin Display,Galar Pal Mini Tin Display,https://tcgplayer-cdn.tcgplayer.com/product/207991_200w.jpg,3,2374,https://cpt.tcgcsv.com/RcH2,2025-01-22T12:48:49.187,1,,,,,,"Featuring 2 of each of the Galar Pal Mini Tins (for a total of 8). Each tin contains with two booster packs, a metallic Pokemon coin, and featured Pokemon art card.",,,,,,,,,,,,
207992,Galar Pal Mini Tin [Set of 5],Galar Pal Mini Tin Set of 5,https://tcgplayer-cdn.tcgplayer.com/product/207992_200w.jpg,3,2374,https://cpt.tcgcsv.com/ScH2,2021-11-06T13:49:01.19,1,,,,,,"Collect each 5 of the Galar Pal Mini Tins. Each tin features the following contents:
Contents:
<br>• 2 Pokémon TCG booster packs
<br>• 1 metallic Pokémon coin
<br>• A Pokémon art card showing the art from the Mini Tin

<br><br><em>(Each Sword & Shield Series booster pack contains 10 cards and 1 basic Energy. Each XY Series booster pack contains 10 cards. No specific combination of packs is guaranteed)</em>",,,,,,140.0,174.98,400.0,104.59,,Normal,
209322,Pokemon TCG: SWSH Basic Energy Box,Pokemon TCG SWSH Basic Energy Box,https://tcgplayer-cdn.tcgplayer.com/product/209322_200w.jpg,3,2374,https://cpt.tcgcsv.com/sLH2,2020-02-10T20:26:47.083,1,,,,,,The Pokemon TCG: SWSH Basic Energy Box contains 450 assorted basic Energy cards to help you get started and a Pokemon Trading Card Game Online code card.,,,,,,7.99,15.0,22.95,10.14,,Normal,
209532,TAG TEAM Powers Collection [Espeon & Deoxys GX],TAG TEAM Powers Collection Espeon and Deoxys GX,https://tcgplayer-cdn.tcgplayer.com/product/209532_200w.jpg,3,2374,https://cpt.tcgcsv.com/GQH2,2020-02-19T16:53:15.273,1,,,,,,"Massive Cards with Major Powers!
<br><br>
Feeling strong? Then you’re ready for the Pokemon TCG: TAG TEAM Powers Collection, a huge lineup of TAG TEAM Pokemon, Pokemon-GX, and much more. This collection delivers two TAG TEAM Pokemon-GX as etched cards with special artwork, an awesome oversize version of one of these cards, and five additional Pokemon promos to get you fully ready for battle. Feel that power when you add all these Pokemon to your Pokemon TCG collection today!",,,,,,1899.99,1949.98,1999.99,1999.98,,Normal,0820650806803
209533,TAG TEAM Powers Collection [Umbreon & Darkrai GX],TAG TEAM Powers Collection Umbreon and Darkrai GX,https://tcgplayer-cdn.tcgplayer.com/product/209533_200w.jpg,3,2374,https://cpt.tcgcsv.com/HQH2,2020-02-19T16:53:56.97,1,,,,,,"Massive Cards with Major Powers!
<br><br>
Feeling strong? Then you’re ready for the Pokemon TCG: TAG TEAM Powers Collection, a huge lineup of TAG TEAM Pokemon, Pokemon-GX, and much more. This collection delivers two TAG TEAM Pokemon-GX as etched cards with special artwork, an awesome oversize version of one of these cards, and five additional Pokemon promos to get you fully ready for battle. Feel that power when you add all these Pokemon to your Pokemon TCG collection today!",,,,,,1999.98,1999.98,1999.98,1891.32,,Normal,0820650806803
210169,Pokemon - Poke Ball Tin - Ultra Ball,Pokemon Poke Ball Tin Ultra Ball,https://tcgplayer-cdn.tcgplayer.com/product/210169_200w.jpg,3,2374,https://cpt.tcgcsv.com/p5J2,2021-03-05T22:19:35.96,1,,,,,,"Each aluminum Poke Ball Tin contains three random Pokemon TCG booster packs and a coin.
<br><br>
<em>(Pokemon TCG booster packs vary by product.)</em>",,,,,,20.0,25.0,36.95,23.83,,Normal,
210170,Pokemon - Poke Ball Tin - Dive Ball,Pokemon Poke Ball Tin Dive Ball,https://tcgplayer-cdn.tcgplayer.com/product/210170_200w.jpg,3,2374,https://cpt.tcgcsv.com/q5J2,2021-03-05T22:17:46.72,1,,,,,,"Each aluminum Poke Ball Tin contains three random Pokemon TCG booster packs and a coin.
<br><br>
<em>(Pokemon TCG booster packs vary by product.)</em>",,,,,,200.0,300.0,400.0,97.75,,Normal,
210197,Pokemon TCG: Starter Gift Set,Pokemon TCG Starter Gift Set,https://tcgplayer-cdn.tcgplayer.com/product/210197_200w.jpg,3,2374,https://cpt.tcgcsv.com/Z5J2,2020-03-03T16:06:48.333,1,,,,,,"The Starter Gift Set is a separate release made available sometime in between the releases of Jungle and Fossil. This Gift set came packaged with a copy of Base Set's 2-Player Starter Set, as well as one of the two Jungle Theme Decks, Power Reserve or Water Blast, a Jungle booster pack, a play mat with deck building tips, and an exclusive Eevee coin.",,,,,,,,,,,,
210198,Pokemon TCG: EX Collector's Box [Deoxys],Pokemon TCG EX Collectors Box Deoxys,https://tcgplayer-cdn.tcgplayer.com/product/210198_200w.jpg,3,2374,https://cpt.tcgcsv.com/-5J2,2020-03-03T16:11:45.757,1,,,,,,Each EX Collector's Box contains three booster packs and two POP Series 1 packs.,,,,,,11500.0,11500.0,11500.0,,,Normal,
210199,Pokemon TCG: EX Collector's Box [Rayquaza],Pokemon TCG EX Collectors Box Rayquaza,https://tcgplayer-cdn.tcgplayer.com/product/210199_200w.jpg,3,2374,https://cpt.tcgcsv.com/_5J2,2020-03-03T16:11:27.31,1,,,,,,Each EX Collector's Box contains three booster packs and two POP Series 1 packs.,,,,,,,,,,,,
210200,Pokemon TCG: Thunderstorm Gift Box,Pokemon TCG Thunderstorm Gift Box,https://tcgplayer-cdn.tcgplayer.com/product/210200_200w.jpg,3,2374,https://cpt.tcgcsv.com/06J2,2020-03-03T16:14:42.883,1,,,,,,"The Thunderstorm was released in the time between Gym Heroes and Gym Challenge. It includes a unique Thunderstorm preconstructed Theme Deck featuring cards from Base Set, Jungle, Fossil, Team Rocket, and Gym Heroes expansions. It also includes three booster packs, one each from Fossil, Team Rocket, Gym Heroes, and the Pokémon Play It! Version 2 CD-ROM. 
<br>Also included were a play mat, deck building tip sheet, Pikachu coin, and a felt deck bag. The Zapdos included within the product is exclusive to the deck, as it utilizes the Cosmos Holofoil introduced for the Base Set 2, and not the Starlight Holofoil originally used for the Fossil release.",,,,,,1999.97,1999.97,1999.97,,,Normal,
210201,Amaura - 25/111 (Cosmos Holo),Amaura 25 111 Cosmos Holo,https://tcgplayer-cdn.tcgplayer.com/product/210201_200w.jpg,3,2374,https://cpt.tcgcsv.com/26J2,2022-09-26T20:38:55.607,1,025/111,Promo,Water,90,Restored,<em>Put this card onto your Bench only with the effect of Sail Fossil</em>,[W] Stampede (20),[2W] Aurora Beam (50),Mx2,,3,6.5,7.17,7.97,7.2,,Holofoil,
210202,Aurorus - 26/111 (Cosmos Holo),Aurorus 26 111 Cosmos Holo,https://tcgplayer-cdn.tcgplayer.com/product/210202_200w.jpg,3,2374,https://cpt.tcgcsv.com/36J2,2022-09-26T20:39:13.46,1,026/111,Promo,Water,130,Stage 1,"<strong>Ability — Ice Shield</strong>
<br>Any damage done by an opponent's attack to each of your Water Pokémon that has any Water Energy attached to it is reduced by 20 <em>(after applying Weakness and Resistance)</em>.","[3W] Icy Wind (70)
<br>Your opponent's Active Pokémon is now Asleep.",,Mx2,,4,8.0,10.53,14.9,10.29,,Holofoil,
210203,Tyrunt - 61/111 (Cosmos Holo),Tyrunt 61 111 Cosmos Holo,https://tcgplayer-cdn.tcgplayer.com/product/210203_200w.jpg,3,2374,https://cpt.tcgcsv.com/56J2,2022-09-28T18:16:04.087,1,061/111,Promo,Fighting,90,Restored,,[1F] Gnaw (30),"[2F] Crunch (50)
<br>Flip a coin. If heads, discard an Energy attached to your opponent's Active Pokémon.",Gx2,,2,6.27,8.47,11.0,8.93,,Holofoil,
210204,Tyrantrum - 62/111 (Cosmos Holo),Tyrantrum 62 111 Cosmos Holo,https://tcgplayer-cdn.tcgplayer.com/product/210204_200w.jpg,3,2374,https://cpt.tcgcsv.com/66J2,2022-09-28T18:15:56.917,1,062/111,Promo,Fighting,150,Stage 1,,"[2F] Chew Up (60+)
<br>If your opponent's Active Pokémon has any Special Energy attached to it, this attack does 90 more damage.","[2FF] Giga Impact (150)
<br>This Pokémon can't attack during your next turn.",Gx2,,3,8.6,12.05,17.9,11.86,,Holofoil,
210205,Fossil Researcher - 92/111 (Cosmos Holo),Fossil Researcher 92 111 Cosmos Holo,https://tcgplayer-cdn.tcgplayer.com/product/210205_200w.jpg,3,2374,https://cpt.tcgcsv.com/76J2,2022-09-26T20:48:13.27,1,092/111,Promo,Supporter,,,"Search your deck for up to 2 in any combination of Amaura or Tyrunt and put them onto your bench. Shuffle your deck afterward.
<br><br>
You may play only 1 Supporter card during your turn <em>(before your attack)</em>.",,,,,,0.47,1.13,3.02,1.18,,Holofoil,
212046,Mudkip - 33/160 (Sheen Holo),Mudkip 33 160 Sheen Holo,https://tcgplayer-cdn.tcgplayer.com/product/212046_200w.jpg,3,2374,https://cpt.tcgcsv.com/XQJ2,2022-09-26T20:52:58.063,1,033/160,Promo,Water,60,Basic,,[W] Tackle (10),[1W] Mud-Slap (20),Gx2,,1,6.91,14.78,86.18,4.3,,Holofoil,
212047,Torchic - 25/160 (Sheen Holo),Torchic 25 160 Sheen Holo,https://tcgplayer-cdn.tcgplayer.com/product/212047_200w.jpg,3,2374,https://cpt.tcgcsv.com/ZQJ2,2022-09-28T18:15:09.237,1,025/160,Promo,Fire,60,Basic,,"[R] Ember (20)
<br>Flip a coin. If tails, discard a Fire Energy attached to this Pokémon.",,Wx2,,1,0.75,1.59,4.82,1.61,,Holofoil,
212048,Treecko - 6/160 (Sheen Holo),Treecko 6 160 Sheen Holo,https://tcgplayer-cdn.tcgplayer.com/product/212048_200w.jpg,3,2374,https://cpt.tcgcsv.com/-QJ2,2022-09-28T18:15:24.03,1,006/160,Promo,Grass,60,Basic,,"[G] Quick Attack (10+)
<br>Flip a coin. If heads, this attack does 10 more damage.",,Rx2,,1,0.75,0.91,2.0,1.29,,Holofoil,
213010,Treecko - 70/106 (GEN CON),Treecko 70 106 GEN CON,https://tcgplayer-cdn.tcgplayer.com/product/213010_200w.jpg,3,2374,https://cpt.tcgcsv.com/ddK2,2022-09-28T18:15:37.38,1,070/106,Promo,Grass,50,Basic,,"[G] Tail Smash (10)
<br>Flip a coin. If tails, this attack does nothing.",,R,W,1,79.99,80.48,80.97,80.97,,Normal,
214268,Pokemon - Poke Ball Tin - Dusk Ball,Pokemon Poke Ball Tin Dusk Ball,https://tcgplayer-cdn.tcgplayer.com/product/214268_200w.jpg,3,2374,https://cpt.tcgcsv.com/nKK2,2021-03-05T22:17:49.93,1,,,,,,"Each aluminum Poke Ball Tin contains three random Pokemon TCG booster packs and a coin.
<br><br>
<em>(Pokemon TCG booster packs vary by product.)</em>",,,,,,,,,,,,
214269,League Battle Decks [Pikachu & Zekrom GX],League Battle Decks Pikachu and Zekrom GX,https://tcgplayer-cdn.tcgplayer.com/product/214269_200w.jpg,3,2374,https://cpt.tcgcsv.com/pKK2,2020-05-13T13:17:16.41,1,,,,,,"Each Pokémon TCG: League Battle Deck includes:
<br>• 1 ready-to-play 60-card deck, including 3 Pokémon-GX
<br>• 1 deck box
<br>• 2 acrylic condition markers and 1 acrylic TAG TEAM GX marker
<br>• 6 damage-counter dice
<br>• 1 competition-legal coin-flip die
<br>• A Pokémon TCG rulebook
<br>• A code card for the Pokémon Trading Card Game Online",,,,,,185.0,192.0,299.99,187.57,,Normal,0820650807855
214270,League Battle Decks [Reshiram & Charizard GX],League Battle Decks Reshiram and Charizard GX,https://tcgplayer-cdn.tcgplayer.com/product/214270_200w.jpg,3,2374,https://cpt.tcgcsv.com/qKK2,2020-05-13T13:17:46.907,1,,,,,,"Each Pokémon TCG: League Battle Deck includes:
<br>• 1 ready-to-play 60-card deck, including 3 Pokémon-GX
<br>• 1 deck box
<br>• 2 acrylic condition markers and 1 acrylic TAG TEAM GX marker
<br>• 6 damage-counter dice
<br>• 1 competition-legal coin-flip die
<br>• A Pokémon TCG rulebook
<br>• A code card for the Pokémon Trading Card Game Online",,,,,,148.0,177.99,375.0,156.99,,Normal,0820650807855
214271,League Battle Decks [Set of 2],League Battle Decks Set of 2,https://tcgplayer-cdn.tcgplayer.com/product/214271_200w.jpg,3,2374,https://cpt.tcgcsv.com/rKK2,2020-05-13T13:21:45.84,1,,,,,,"Collect each of the League Battle Decks featuring Reshiram & Charizard GX and Pikachu & Zekrom GX. Each Pokémon TCG: League Battle Deck includes:
<br>• 1 ready-to-play 60-card deck, including 3 Pokémon-GX
<br>• 1 deck box
<br>• 2 acrylic condition markers and 1 acrylic TAG TEAM GX marker
<br>• 6 damage-counter dice
<br>• 1 competition-legal coin-flip die
<br>• A Pokémon TCG rulebook
<br>• A code card for the Pokémon Trading Card Game Online",,,,,,,,,,,,0820650807855
214360,Pokemon TCG: Trainer's Toolkit (2020),Pokemon TCG Trainers Toolkit 2020,https://tcgplayer-cdn.tcgplayer.com/product/214360_200w.jpg,3,2374,https://cpt.tcgcsv.com/dMK2,2021-06-28T17:41:29.497,1,,,,,,"More than 50 useful cards to power up your decks, the Pokémon TCG: Trainer's Toolkit includes:

<br>• 2 Dedenne-GX
<br>• Special versions of Pokégear 3.0, Pokémon Communication, and Reset Stamp with all-new art
<br>• More than 100 Energy cards, including Special Energy
<br>• 4 Pokémon TCG booster packs
<br>• 65 card sleeves to protect your deck
<br>• A Deck Builder's Guide
<br>• A complete Pokémon TCG rulebook
<br>• A set of 7 tournament-legal dice
<br>• 2 condition markers
<br>• A code card for the Pokémon TCG Online",,,,,,90.0,109.99,119.99,88.16,,Normal,
216514,Alolan Ninetales - 28/147 (Water Web Holo),Alolan Ninetales 28 147 Water Web Holo,https://tcgplayer-cdn.tcgplayer.com/product/216514_200w.jpg,3,2374,https://cpt.tcgcsv.com/jDL2,2022-09-26T20:38:42.533,1,028/147,Holo Rare,Water,110,Stage 1,"<strong>Ability — Luminous Barrier</strong>
<br>Prevent all effects of attacks, including damage, done to this Pokémon by your opponent's Pokémon-GX or Pokémon-EX.",[2W] Aurora Beam (80),,Mx2,,1,2.78,5.08,96.95,5.07,27.45,Holofoil,
218437,Dragonite Dragons Tin,Dragonite Dragons Tin,https://tcgplayer-cdn.tcgplayer.com/product/218437_200w.jpg,3,2374,https://cpt.tcgcsv.com/MnM2,2024-11-21T13:22:20.377,1,,,,,,"<strong>Contents:</strong>
<br>• 1x cosmos holofoil promo of Dragonite
<br>• 3x Pokémon TCG booster packs
<br>• 1 Code Card",,,,,,,,,,,,
218438,Salamence Dragons Tin,Salamence Dragons Tin,https://tcgplayer-cdn.tcgplayer.com/product/218438_200w.jpg,3,2374,https://cpt.tcgcsv.com/NnM2,2024-03-11T12:38:59.963,1,,,,,,"<strong>Contents:</strong>
<br>• 1 foil card featuring Salamence
<br>• 3 Pokémon TCG booster packs
<br>• A code card for the Pokémon Trading Card Game Online",,,,,,49.95,50.48,99.99,44.6,,Normal,
218439,Dragonite - 119/181 (Cosmos Holo),Dragonite 119 181 Cosmos Holo,https://tcgplayer-cdn.tcgplayer.com/product/218439_200w.jpg,3,2374,https://cpt.tcgcsv.com/PnM2,2026-02-17T01:33:07.52,1,119/181,Promo,Dragon,160,Stage 2,"<strong>Ability — Fast Call</strong>
<br>Once during your turn <em>(before your attack)</em>, you may search your deck for a Supporter card, reveal it, and put it into your hand. Then, shuffle your deck.",[1WL] Dragon Claw (120),,Yx2,,3,1.35,2.3,999.0,2.4,10.0,Holofoil,
218440,Salamence - 106/168 (Cosmos Holo),Salamence 106 168 Cosmos Holo,https://tcgplayer-cdn.tcgplayer.com/product/218440_200w.jpg,3,2374,https://cpt.tcgcsv.com/QnM2,2025-10-31T19:05:12.88,1,106/168,Promo,Dragon,150,Stage 2,"<strong>Ability — Dragon Wind</strong>
<br>Once during your turn <em>(before your attack)</em>, if this Pokémon is your Active Pokémon, you may switch 1 of your opponent’s Benched Pokémon with their Active Pokémon.",[2RW] Dragon Claw (100),,Yx2,,3,0.25,0.68,4321.0,0.75,0.5,Holofoil,
218853,Galar Power Mini Tin Display,Galar Power Mini Tin Display,https://tcgplayer-cdn.tcgplayer.com/product/218853_200w.jpg,3,2374,https://cpt.tcgcsv.com/5zM2,2025-01-22T12:49:28.717,1,,,,,,"Featuring 2 of each Galar Power Mini Tins (for a total of 10). Each tin contains with two booster packs, a metallic Pokemon coin, and featured Pokemon art card.",,,,,,238.88,246.48,399.99,245.74,,Normal,
218854,Galar Power Mini Tin [Dragapult],Galar Power Mini Tin Dragapult,https://tcgplayer-cdn.tcgplayer.com/product/218854_200w.jpg,3,2374,https://cpt.tcgcsv.com/6zM2,2022-10-07T13:08:45.527,1,,,,,,"Each tin contains with two booster packs, a metallic Pokemon coin, and featured Pokemon art card.",,,,,,36.01,53.69,59.99,27.98,,Normal,
218855,Galar Power Mini Tin [Galarian Sirfetch'd],Galar Power Mini Tin Galarian Sirfetchd,https://tcgplayer-cdn.tcgplayer.com/product/218855_200w.jpg,3,2374,https://cpt.tcgcsv.com/7zM2,2020-10-02T04:03:21.117,1,,,,,,"Each tin contains with two booster packs, a metallic Pokemon coin, and featured Pokemon art card.",,,,,,42.0,51.27,59.99,24.55,,Normal,
218856,Galar Power Mini Tin [Galarian Rapidash],Galar Power Mini Tin Galarian Rapidash,https://tcgplayer-cdn.tcgplayer.com/product/218856_200w.jpg,3,2374,https://cpt.tcgcsv.com/8zM2,2020-10-02T04:03:21.117,1,,,,,,"Each tin contains with two booster packs, a metallic Pokemon coin, and featured Pokemon art card.",,,,,,54.93,57.48,99.99,35.92,,Normal,
218857,Galar Power Mini Tin [Galarian Obstagoon],Galar Power Mini Tin Galarian Obstagoon,https://tcgplayer-cdn.tcgplayer.com/product/218857_200w.jpg,3,2374,https://cpt.tcgcsv.com/9zM2,2020-10-02T04:03:21.117,1,,,,,,"Each tin contains with two booster packs, a metallic Pokemon coin, and featured Pokemon art card.",,,,,,32.99,37.96,59.99,21.66,,Normal,
218858,Galar Power Mini Tin [Toxtricity],Galar Power Mini Tin Toxtricity,https://tcgplayer-cdn.tcgplayer.com/product/218858_200w.jpg,3,2374,https://cpt.tcgcsv.com/bzM2,2020-10-02T04:03:21.117,1,,,,,,"Each tin contains with two booster packs, a metallic Pokemon coin, and featured Pokemon art card.",,,,,,23.49,29.72,30.0,26.66,,Normal,
220115,Blissey - 153/214 (Cosmos Holo),Blissey 153 214 Cosmos Holo,https://tcgplayer-cdn.tcgplayer.com/product/220115_200w.jpg,3,2374,https://cpt.tcgcsv.com/k3N2,2025-11-21T14:16:43.303,1,153/214,Promo,Colorless,160,Stage 1,"<strong>Ability — Happiness Supplement</strong>
<br>Once during your turn <em>(before your attack)</em>, you may remove a Special Condition from your Active Pokémon.","[3] Powerful Slap (80x)
<br>Flip a coin for each Energy attached to this Pokémon. This attack does 80 damage for each heads.",,Fx2,,3,0.25,0.75,29.99,0.74,0.3,Holofoil,
220116,Gardevoir - 141/214 (Cosmos Holo),Gardevoir 141 214 Cosmos Holo,https://tcgplayer-cdn.tcgplayer.com/product/220116_200w.jpg,3,2374,https://cpt.tcgcsv.com/l3N2,2025-11-21T14:06:30.367,1,141/214,Promo,Fairy,130,Stage 2,,"[Y] Brilliant Search
<br>Search your deck for up to 3 cards and put them in your hand. Then, shuffle your deck.","[2Y] Sensitive Ray (70+)
<br>If you played a Supporter card from your hand during this turn, this attack does 90 more damage.",Mx2,D-20,2,0.69,1.69,42.0,1.78,1.55,Holofoil,
220117,Flareon - 13/98 (Cosmos Holo),Flareon 13 98 Cosmos Holo,https://tcgplayer-cdn.tcgplayer.com/product/220117_200w.jpg,3,2374,https://cpt.tcgcsv.com/m3N2,2022-11-19T12:21:23.013,1,013/098,Promo,Fire,90,Stage 1,"<strong>Ability — Flare Effect</strong>
<br>
Each of your Stage 1 Pokémon in play is now a Fire Pokémon in addition to its existing types.","[2R] Heat Breath (60+)
<br>Flip a coin. If heads, this attack does 20 more damage.",,Wx2,,1,6.0,9.6,27.98,7.08,,Holofoil,
220164,Sandile - 63/114 (Cracked Ice Holo),Sandile 63 114 Cracked Ice Holo,https://tcgplayer-cdn.tcgplayer.com/product/220164_200w.jpg,3,2374,https://cpt.tcgcsv.com/j5N2,2022-09-26T20:59:23.563,1,063/114,Promo,Fighting,70,Basic,,"[F] Sand Tomb (10) 
<br>The Defending Pokémon can't retreat during your opponent's next turn.",[2F] Bite (30),Wx2,L-20,2,4.75,9.23,1000.0,4.97,,Holofoil,
220289,Galar Challengers Tin [Polteageist V],Galar Challengers Tin Polteageist V,https://tcgplayer-cdn.tcgplayer.com/product/220289_200w.jpg,3,2374,https://cpt.tcgcsv.com/P7N2,2020-08-06T20:19:12.083,1,,,,,,"If you want to add a little more Pokémon V power to your collection, look no further than the Galar Challengers Tin! There are three different tins to choose from, each with a different Pokémon V. Will you select the spectral chill of Polteageist V? 
<br>
<br>The Pokémon TCG: Galar Challengers Tin includes:
<br>• 1 foil Polteageist V
<br>• 4 Pokémon TCG booster packs
<br>• A code card to unlock a promo card in the Pokémon Trading Card Game Online
<br>
<br><em>Cards vary by pack. Packs may vary by product.</em>",,,,,,,,,,,,
220290,Galar Challengers Tin [Copperajah V],Galar Challengers Tin Copperajah V,https://tcgplayer-cdn.tcgplayer.com/product/220290_200w.jpg,3,2374,https://cpt.tcgcsv.com/Q7N2,2020-08-06T20:19:06.003,1,,,,,,"If you want to add a little more Pokémon V power to your collection, look no further than the Galar Challengers Tin! There are three different tins to choose from, each with a different Pokémon V. Will you select the metallic might of Copperajah V? 
<br>
<br>The Pokémon TCG: Galar Challengers Tin includes:
<br>• 1 foil Copperajah V
<br>• 4 Pokémon TCG booster packs
<br>• A code card to unlock a promo card in the Pokémon Trading Card Game Online
<br>
<br><em>Cards vary by pack. Packs may vary by product.</em>",,,,,,,,,,,,
220291,Galar Challengers Tin [Toxtricity V],Galar Challengers Tin Toxtricity V,https://tcgplayer-cdn.tcgplayer.com/product/220291_200w.jpg,3,2374,https://cpt.tcgcsv.com/R7N2,2020-08-06T20:19:18.413,1,,,,,,"If you want to add a little more Pokémon V power to your collection, look no further than the Galar Challengers Tin! There are three different tins to choose from, each with a different Pokémon V. Will you select the rebellious sneer of Toxtricity V? 
<br>
<br>The Pokémon TCG: Galar Challengers Tin includes:
<br>• 1 foil Toxtricity V
<br>• 4 Pokémon TCG booster packs
<br>• A code card to unlock a promo card in the Pokémon Trading Card Game Online
<br>
<br><em>Cards vary by pack. Packs may vary by product.</em>",,,,,,160.0,160.0,160.0,69.95,,Normal,
220292,Galar Challengers Tin [Set of 3],Galar Challengers Tin Set of 3,https://tcgplayer-cdn.tcgplayer.com/product/220292_200w.jpg,3,2374,https://cpt.tcgcsv.com/S7N2,2020-08-06T20:18:58.307,1,,,,,,"If you want to add a little more Pokémon V power to your collection, look no further than the Galar Challengers Tin! There are three different tins to choose from, each with a different Pokémon V. Will you select the spectral chill of Polteageist V, the metallic might of Copperajah V, or the rebellious sneer of Toxtricity V? Or maybe all three to really boost your ranks! Each Galar Challengers Tin also includes four Pokémon TCG booster packs. No matter which you choose, you'll have some mighty Pokémon on your side in your next battle.
<br>
<br>Each Pokémon TCG: Galar Challengers Tin includes:
<br>• 1 foil Polteageist V, Copperajah V, or Toxtricity V
<br>• 4 Pokémon TCG booster packs
<br>• A code card to unlock a promo card in the Pokémon Trading Card Game Online
<br>
<br><em>Cards vary by pack. Packs may vary by product.</em>",,,,,,,,,,,,
220308,V Powers Tin [Pikachu V],V Powers Tin Pikachu V,https://tcgplayer-cdn.tcgplayer.com/product/220308_200w.jpg,3,2374,https://cpt.tcgcsv.com/b8N2,2020-09-04T04:03:07.263,1,,,,,,"Product contents:
<br>• 1 foil Pikachu V
<br>• 5 Pokémon TCG Booster packs
<br>• A code card to unlock a promo card in the Pokémon Trading Card Game Online
<br>
<br><em>Cards vary by pack. Packs may vary by product.</em>",,,,,,64.98,80.0,199.99,51.46,,Normal,
220310,V Powers Tin [Eevee V],V Powers Tin Eevee V,https://tcgplayer-cdn.tcgplayer.com/product/220310_200w.jpg,3,2374,https://cpt.tcgcsv.com/d8N2,2020-09-04T04:03:07.263,1,,,,,,"Product contents:
<br>• 1 foil Eevee V
<br>• 5 Pokémon TCG Booster packs
<br>• A code card to unlock a promo card in the Pokémon Trading Card Game Online
<br>
<br><em>Cards vary by pack. Packs may vary by product.</em>",,,,,,100.0,100.0,199.99,70.23,,Normal,
220311,V Powers Tin [Eternatus V],V Powers Tin Eternatus V,https://tcgplayer-cdn.tcgplayer.com/product/220311_200w.jpg,3,2374,https://cpt.tcgcsv.com/f8N2,2020-09-04T04:03:07.263,1,,,,,,"Product contents:
<br>• 1 foil Eternatus V
<br>• 5 Pokémon TCG Booster packs
<br>• A code card to unlock a promo card in the Pokémon Trading Card Game Online
<br>
<br><em>Cards vary by pack. Packs may vary by product.</em>",,,,,,68.0,90.0,200.0,70.98,,Normal,
221176,Buck's Training - 130/146 (Prerelease),Bucks Training 130 146 Prerelease,https://tcgplayer-cdn.tcgplayer.com/product/221176_200w.jpg,3,2374,https://cpt.tcgcsv.com/xtN2,2024-07-18T12:46:35.56,1,130,Promo,Supporter,0,Supporter,"You can play only one Supporter card each turn. When you play this card, put it next to your Active Pokemon. When your turn ends, discard this card.","Draw 2 cards.  As long as Buck's Training is next to your Active Pokemon, each of your Active Pokemon's attacks does 10 more damage to the Active Pokemon (before applying Weakness and Resistance).",,,,,3.75,6.35,49.99,8.1,,Normal,
221299,Lugia - 29/115 (Pokemon Rocks America),Lugia 29 115 Pokemon Rocks America,https://tcgplayer-cdn.tcgplayer.com/product/221299_200w.jpg,3,2374,https://cpt.tcgcsv.com/_wN2,2022-09-26T20:51:27.93,1,029/115,Promo,Psychic,80,Basic,,"[3] Aeroblast (20+) 
<br>Flip 2 coins. This attack does 20 damage plus 20 more damage for each heads.",,P,,2,40.0,101.97,149.99,54.09,,Normal,
221761,V Powers Tin [Set of 3],V Powers Tin Set of 3,https://tcgplayer-cdn.tcgplayer.com/product/221761_200w.jpg,3,2374,https://cpt.tcgcsv.com/fKN2,2020-09-04T04:03:07.263,1,,,,,,"Contains one of each V Powers Tin. 
<br>Each V Powers Tin contains:
<br>• 1 foil Eternatus V, Pikachu V, or Eevee V (based on tin)
<br>• 5 Pokémon TCG Booster packs (per tin)
<br>• A code card to unlock a promo card in the Pokémon Trading Card Game Online (per tin)
<br>
<br><em>Cards vary by pack. Packs may vary by product.</em>",,,,,,189.99,208.99,300.0,,,Normal,
223760,Eevee on the Ball - 002/005 (Pokemon Futsal),Eevee on the Ball 002 005 Pokemon Futsal,https://tcgplayer-cdn.tcgplayer.com/product/223760_200w.jpg,3,2374,https://cpt.tcgcsv.com/dwP2,2022-08-25T18:56:57.643,1,002/005,Promo,Colorless,60,Basic,,"[1] Make the Assist
<br>Attach a basic Energy card from your hand to 1 of your Benched Pokémon.",[2] Tackle (20),Fx2,,1,89.99,94.99,99.99,61.36,,Normal,
223761,Pikachu on the Ball - 001/005 (Pokemon Futsal),Pikachu on the Ball 001 005 Pokemon Futsal,https://tcgplayer-cdn.tcgplayer.com/product/223761_200w.jpg,3,2374,https://cpt.tcgcsv.com/fwP2,2022-08-27T12:58:23.143,1,001/005,Promo,Lightning,60,Basic,,[1] Tail Whap (10),"[1LL] Lightning Shot (120)
<br>Flip a coin. If tails, this attack does nothing.",Fx2,,1,129.99,129.99,129.99,112.81,,Normal,
224673,Jangmo-o - 75/111 (Cosmos Holo) (EB Games Promo),Jangmo o 75 111 Cosmos Holo EB Games Promo,https://tcgplayer-cdn.tcgplayer.com/product/224673_200w.jpg,3,2374,https://cpt.tcgcsv.com/tTP2,2022-09-26T20:50:35.867,1,075/111,Promo,Dragon,60,Basic,,[1] Headbutt (10),[LF] Gentle Slap (20),Yx2,,1,59.0,89.0,89.5,,,Holofoil,
224741,Kanto Power Mini Tin Display,Kanto Power Mini Tin Display,https://tcgplayer-cdn.tcgplayer.com/product/224741_200w.jpg,3,2374,https://cpt.tcgcsv.com/RVP2,2025-01-22T12:50:58.1,1,,,,,,"Featuring 2 of each of the Kanto Power Mini Tins designs <em>(for a total of 10 tins)</em>. Each individual tin contains with two booster packs, a metallic Pokemon coin, and featured Pokemon art card.",,,,,,319.99,340.99,502.0,349.99,,Normal,820650814136
224742,Kanto Friends Mini Tin Display,Kanto Friends Mini Tin Display,https://tcgplayer-cdn.tcgplayer.com/product/224742_200w.jpg,3,2374,https://cpt.tcgcsv.com/SVP2,2025-01-22T12:50:18.017,1,,,,,,"Featuring 2 of each of the Kanto Friends Mini Tins (for a total of 10). Each individual tin contains with two booster packs, a metallic Pokemon coin, and featured Pokemon art card.",,,,,,240.0,240.0,240.0,243.0,,Normal,820650823855
226128,Small But Mighty Premium Collection,Small But Mighty Premium Collection,https://tcgplayer-cdn.tcgplayer.com/product/226128_200w.jpg,3,2374,https://cpt.tcgcsv.com/BsQ2,2020-11-01T04:03:03.67,1,,,,,,"The Pokemon TCG Small but Mighty Premium Collection includes:
<br>• 10 Booster Packs
<br>• 1 Togepi, Cleffa & Igglybuff Tag Team Promo Card
<br>• 1 Togepi, Cleffa & Igglybuff Promo Coin
<br>• 1 Togepi, Cleffa & Igglybuff Keyring
<br>• 1 Togepi, Cleffa & Igglybuff Enamel Pin",,,,,,700.0,700.0,994.99,584.69,,Normal,
226133,Jirachi GX Collection,Jirachi GX Collection,https://tcgplayer-cdn.tcgplayer.com/product/226133_200w.jpg,3,2374,https://cpt.tcgcsv.com/HsQ2,2020-11-04T05:03:11.86,1,,,,,,"Now Jirachi Is at Your Command! Rare and mysterious, Mythical Pokemon arrive when they choose-and disappear just as quickly! Step forward into a new level of play with the Pokemon Jirachi GX Collection Box. Each box includes:
<br><br>
<br>• 1 full-art Jirachi-GX card
<br>• 2 foil cards featuring Lucario and Decidueye
<br>• 2 coins
<br>• 10 booster packs
<br>• A code card for the Pokémon Trading Card Game Online",,,,,,360.0,407.49,450.0,364.33,,Normal,
226136,Sword & Shield Ultra-Premium Collection - Zacian & Zamazenta,Sword and Shield Ultra Premium Collection Zacian and Zamazenta,https://tcgplayer-cdn.tcgplayer.com/product/226136_200w.jpg,3,2374,https://cpt.tcgcsv.com/LsQ2,2020-11-20T05:03:27.913,1,,,,,,"Let Zacian Zamazenta Guide You Through Galar!
<br><br>
Add a tremendous, powerful set of Galar region Pokemon and metal coins, dice, and condition markers to your Pokemon TCG experience! With two Legendary Pokemon of Galar in golden card form, accompanied by shining metal accessories, your collection will stand out as a beacon. With the power of Zacian V and Zamazenta V, your decks will seize the day, channeling the strength of Metal-type Pokemon into your roster. In addition to a player's guide covering the entire first year of the Sword & Shield Series, including details about top cards and combos, you'll find more surprises in Pokemon TCG booster packs. Do more than just explore Galar: stand shoulder to shoulder with its greatest legends!
<br><br>
The Pokemon TCG: Sword & Shield Ultra-Premium Collection—Zacian & Zamazenta includes:
<br>• 1 special gold version of Zacian V
<br>• 1 special gold version of Zamazenta V
<br>• 2 sets of metal damage-counter dice (12 dice in all)
<br>• 2 metal coins featuring Zacian and Zamazenta
<br>• 2 sets of card sleeves featuring Zacian and Zamazenta (130 sleeves in all)
<br>• A set of richly designed metal condition markers
<br>• 16 Pokemon TCG booster packs from the Sword & Shield Series
<br>• A player's guide to the first year of Pokemon TCG: Sword & Shield Series expansions and promo cards
<br>• A Pokemon TCG rules booklet 
<br>• A code card for the Pokemon Trading Card Game Online",,,,,,299.95,385.0,800.0,283.96,,Normal,
226138,League Battle Deck [Zacian V],League Battle Deck Zacian V,https://tcgplayer-cdn.tcgplayer.com/product/226138_200w.jpg,3,2374,https://cpt.tcgcsv.com/NsQ2,2021-10-12T19:11:16.933,1,,,,,,"Hold that intrepid sword high, Zacian, and stand bravely against all corners! This Legendary Pokemon V is yours in this powerful, League-ready deck for skilled Trainers and Pokemon TCG players. With a slew of cards including premium foil cards, sought-after power cards like Arceus & Dialga & Palkia-GX, and a well-tuned set of Pokemon and Trainer cards, the Zacian V League Battle Deck does more than feature one of the legends of the Galar region: it puts together all the elements to support you in your next match against friends and neighbors, in person or online! Ready to play and loaded with the power of Zacian V, your deck cuts deep and strikes true!
<br><br>
The Pokemon TCG: Zacian V League Battle Deck includes:
<br>• 1 ready-to-play 60-card deck, including 2 Pokemon V and 1 TAG TEAM Pokemon-GX
<br>• 1 deck box
<br>• 2 acrylic condition markers and 1 acrylic TAG TEAM GX marker
<br>• 6 damage-counter dice
<br>• 1 competition-legal coin-flip die
<br>• A Quick Guide to unlock the strategies within
<br>• A Pokemon TCG rulebook
<br>• A code card for the Pokemon Trading Card Game Online",,,,,,60.0,72.99,120.0,64.08,,Normal,
226672,Charizard - 19/113 (Cosmos Holo),Charizard 19 113 Cosmos Holo,https://tcgplayer-cdn.tcgplayer.com/product/226672_200w.jpg,3,2374,https://cpt.tcgcsv.com/sHQ2,2025-11-29T01:18:26.393,1,019/113,Promo,Fire,160,Stage 2,,"[2R] Split Bomb
<br>This attack does 40 damage to 2 of your opponent's Pokémon. <em>(Don't apply Weakness and Resistance for Benched Pokémon.)</em>","[4R] Scorching Fire (150)
<br>Discard a Fire Energy attached to this Pokémon.",Wx2,,3,40.0,104.01,141.46,86.59,,Holofoil,
226911,Magmortar - 2/95 (Cracked Ice Holo),Magmortar 2 95 Cracked Ice Holo,https://tcgplayer-cdn.tcgplayer.com/product/226911_200w.jpg,3,2374,https://cpt.tcgcsv.com/fNQ2,2022-09-26T20:51:50.117,1,002/095,Promo,Fire,110,Stage 1,<em>(This card was printed for the 2010 Player's Collection.)</em>,"[2R] Hard Crush (50x)
<br>
Discard the top 3 cards from your deck.  This attack does 50 damage times the number of Energy cards you discarded.","[2RR] Mantle Bazooka (100)
<br>
Discard 2 Fire Energy attached to Magmortar.",Wx2,,2,3.83,5.09,6.81,4.79,,Holofoil,
226912,Gyarados - 4/123 (Cracked Ice Holo),Gyarados 4 123 Cracked Ice Holo,https://tcgplayer-cdn.tcgplayer.com/product/226912_200w.jpg,3,2374,https://cpt.tcgcsv.com/gNQ2,2026-02-16T19:04:32.047,1,004/123,Promo,Water,130,Stage 1,<em>(This card was printed for the 2010 Player's Collection.)</em>,[2W] Hydro Splash (50),"[2WW] Hyper Beam (80)
<br>
Discard an Energy card attached to the Defending Pokémon.",Lx2,F-20,3,29.99,42.02,199.0,16.11,,Holofoil,
227413,Grookey on the Ball - 003/005 (Pokemon Futsal),Grookey on the Ball 003 005 Pokemon Futsal,https://tcgplayer-cdn.tcgplayer.com/product/227413_200w.jpg,3,2374,https://cpt.tcgcsv.com/h-Q2,2024-08-28T19:07:57.023,1,003/005,Promo,Grass,60,Basic,,"[G] Tenacious Defense
<br>During your opponent's next turn, the Defending Pokémon can't retreat.",[1GG] Razor Leaf (50),Rx2,None,1,34.99,41.97,56.56,29.4,,Normal,
227477,Reshiram - 17/116 (Cosmos Holo),Reshiram 17 116 Cosmos Holo,https://tcgplayer-cdn.tcgplayer.com/product/227477_200w.jpg,3,2374,https://cpt.tcgcsv.com/z_Q2,2022-09-26T20:58:40.81,1,017/116,Promo,Fire,130,Basic,,"[2R] Purifying Flame (50) 
<br>Remove all Special Conditions from this Pokémon.","[3R] Fusion Flare (80+) 
<br>If Zekrom is on your Bench, this attack does 40 more damage.",Wx2,None,2,0.74,3.51,5.99,5.13,,Holofoil,
227480,Zekrom - 39/116 (Cosmos Holo),Zekrom 39 116 Cosmos Holo,https://tcgplayer-cdn.tcgplayer.com/product/227480_200w.jpg,3,2374,https://cpt.tcgcsv.com/D_Q2,2022-09-28T18:19:19.397,1,039/116,Promo,Lightning,130,Basic,,"[2L] Mach Claw (50) 
<br>This attack's damage isn't affected by Resistance.","[3L] Fusion Bolt (80+) 
<br>If Reshiram is on your Bench, this attack does 40 more damage.",Fx2,,2,4.85,8.85,16.46,11.16,,Holofoil,
228310,Hydreigon - 110/189 [Thank You],Hydreigon 110 189 Thank You,https://tcgplayer-cdn.tcgplayer.com/product/228310_200w.jpg,3,2374,https://cpt.tcgcsv.com/dlR2,2025-10-31T21:44:09.557,1,110/189,Promo,Darkness,160,Stage 2,"<strong>Ability — Dark Squall</strong>
<br>As often as you like during your turn, you may attach a Darkness Energy card from your hand to 1 of your Pokémon.",[1DD] Pitch-Black Fangs (130),,Gx2,None,3,0.49,1.28,96.95,1.28,1.19,Reverse Holofoil,
228812,Pikachu - SM86 (Build-A-Bear Workshop Exclusive),Pikachu SM86 Build A Bear Workshop Exclusive,https://tcgplayer-cdn.tcgplayer.com/product/228812_200w.jpg,3,2374,https://cpt.tcgcsv.com/gxR2,2022-08-27T12:38:40.767,1,SM86,Promo,Lightning,60,Basic,,[1] Tail Whap (10),"[1L] Spark (20)
<br>This attack does 10 damage to 1 of your opponent's Benched Pokémon. <em>(Don't apply Weakness and Resistance for Benched Pokémon.)</em>",Fx2,M-20,1,199.99,199.99,199.99,41.42,,Normal,
228813,Legends of Johto Pin Collection,Legends of Johto Pin Collection,https://tcgplayer-cdn.tcgplayer.com/product/228813_200w.jpg,3,2374,https://cpt.tcgcsv.com/hxR2,2020-12-03T16:42:21.96,1,,,,,,"This re-packaged product released exclusively at GameStop stores on November 27, 2020. Contains 3 Legendary Beasts Collector's Pin 3-Pack Blisters, each with 3 Pokemon TCG Booster Packs and 1 pin featuring Raikou, Suicune and Entei, respectively.
<br>Contents:
<br>• 9 Pokemon TCG Booster Packs
<br>• 3 collectible pins featuring each of the Legendary Dog Pokemon",,,,,,275.0,301.25,429.95,224.27,,Normal,
228853,Mareep - 75/214 (Toys R Us Promo),Mareep 75 214 Toys R Us Promo,https://tcgplayer-cdn.tcgplayer.com/product/228853_200w.jpg,3,2374,https://cpt.tcgcsv.com/5zR2,2022-09-26T20:52:01.433,1,075/214,Promo,Lightning,50,Basic,"<strong>Ability — Fluffy Pillow</strong>
<br>Once during your turn <em>(before your attack)</em>, if this Pokémon is your Active Pokémon, you may leave your opponent's Active Pokémon Asleep.",[2] Tackle (20),,Fx2,M-20,1,100.0,119.94,139.88,93.0,,Reverse Holofoil,
229419,Lucario - 80/113 (Cosmos Holo),Lucario 80 113 Cosmos Holo,https://tcgplayer-cdn.tcgplayer.com/product/229419_200w.jpg,3,2374,https://cpt.tcgcsv.com/pNR2,2022-09-26T20:51:23.75,1,080/113,Promo,Fighting,100,Stage 1,"<strong>Ability — Reflexive Retaliation</strong>
<br>If this Pokémon is your Active Pokémon and is damaged by an opponent's attack <em>(even if this Pokémon is Knocked Out)</em>, put 2 damage counters on the Attacking Pokémon.","[FF] Aura Sphere (50) 
<br>Does 20 damage to 1 of your opponent's Benched Pokémon. (Don't apply Weakness and Resistance for Benched Pokémon.)",,Px2,,1,6.62,14.28,28.0,23.3,,Holofoil,
229420,Inteleon - 058/202 (Cosmos Holo),Inteleon 058 202 Cosmos Holo,https://tcgplayer-cdn.tcgplayer.com/product/229420_200w.jpg,3,2374,https://cpt.tcgcsv.com/qNR2,2026-01-23T15:13:40.577,1,058/202,Promo,Water,160,Stage 2,"<strong>Ability — Shady Dealings</strong>
<br>When you play this Pokémon from your hand to evolve 1 of your Pokémon during your turn, you may search your deck for up to 2 Trainer cards, reveal them, and put them into your hand. Then, shuffle your deck.","[1W] Aqua Bullet (120)
<br>This attack also does 20 damage to 1 of your opponent's Benched Pokémon. <em>(Don't apply Weakness and Resistance for Benched Pokémon.)</em>",,Lx2,,1,0.25,0.55,3.0,0.59,0.4,Holofoil,
229421,Rillaboom - 014/202 (Cosmos Holo),Rillaboom 014 202 Cosmos Holo,https://tcgplayer-cdn.tcgplayer.com/product/229421_200w.jpg,3,2374,https://cpt.tcgcsv.com/rNR2,2025-11-29T23:00:17.147,1,014/202,Promo,Grass,170,Stage 2,"<strong>Ability — Voltage Beat</strong>
<br>Once during your turn, you may search your deck for up to 2 Grass Energy cards and attach them to 1 of your Pokémon. Then, shuffle your deck.",[1GGG] Hammer In (140),,Rx2,None,3,0.07,0.27,6.75,0.27,0.2,Holofoil,
229422,Cinderace - 034/202 (Cosmos Holo),Cinderace 034 202 Cosmos Holo,https://tcgplayer-cdn.tcgplayer.com/product/229422_200w.jpg,3,2374,https://cpt.tcgcsv.com/sNR2,2024-06-05T16:01:28.95,1,034/202,Promo,Fire,170,Stage 2,"<strong>Ability — Libero</strong>
<br>Once during your turn, when this Pokémon moves from your Bench to the Active Spot, you may attach up to 2 Fire Energy cards from your discard pile to it.","[1RR] Flare Striker (190)
<br>Discard 2 Energy from this Pokémon.",,Wx2,,1,0.01,0.35,8.81,0.31,0.22,Holofoil,
229747,Strong Bonds Tin [Gardevoir],Strong Bonds Tin Gardevoir,https://tcgplayer-cdn.tcgplayer.com/product/229747_200w.jpg,3,2374,https://cpt.tcgcsv.com/ZVR2,2021-01-06T14:20:31.267,1,,,,,,"Each Pokemon TCG: Strong Bonds Tin includes:
<br>• 1 of 2 foil cards featuring Gardevoir or Blissey
<br>• 3 Pokemon TCG booster packs
<br>• A code card for the Pokemon Trading Card Game Online",,,,,,52.66,54.99,100.0,53.44,,Normal,
229748,Strong Bonds Tin [Blissey],Strong Bonds Tin Blissey,https://tcgplayer-cdn.tcgplayer.com/product/229748_200w.jpg,3,2374,https://cpt.tcgcsv.com/-VR2,2021-01-06T14:22:56.897,1,,,,,,"Each Pokemon TCG: Strong Bonds Tin includes:
<br>• 1 of 2 foil cards featuring Gardevoir or Blissey
<br>• 3 Pokemon TCG booster packs
<br>• A code card for the Pokemon Trading Card Game Online",,,,,,35.15,38.33,49.13,35.26,,Normal,
230085,Collector's Pin Two Pack Blisters [Espeon],Collectors Pin Two Pack Blisters Espeon,https://tcgplayer-cdn.tcgplayer.com/product/230085_200w.jpg,3,2374,https://cpt.tcgcsv.com/K2S2,2021-03-31T18:17:50.3,1,,,,,,Each Blister contains two Pokemon TCG booster packs and 1 collectible pin. Each Pokémon TCG: Sword & Shield Series and Sun & Moon Series booster pack contains 10 cards and 1 basic Energy. Each Pokémon TCG: XY Series booster pack contains 10 cards. Booster packs may vary by product.,,,,,,,,,,,,
230086,Collector's Pin Two Pack Blisters [Umbreon],Collectors Pin Two Pack Blisters Umbreon,https://tcgplayer-cdn.tcgplayer.com/product/230086_200w.jpg,3,2374,https://cpt.tcgcsv.com/L2S2,2021-03-31T18:17:57.493,1,,,,,,Each Blister contains two Pokemon TCG booster packs and 1 collectible pin. Each Pokémon TCG: Sword & Shield Series and Sun & Moon Series booster pack contains 10 cards and 1 basic Energy. Each Pokémon TCG: XY Series booster pack contains 10 cards. Booster packs may vary by product.,,,,,,,,,,,,
230393,V Battle Deck Display [Venusaur V/Blastoise V],V Battle Deck Display Venusaur V Blastoise V,https://tcgplayer-cdn.tcgplayer.com/product/230393_200w.jpg,3,2374,https://cpt.tcgcsv.com/T9S2,2021-07-23T21:18:41.447,1,,,,,,"Powerful Pokémon V are ready to charge onto the battlefield in the new Pokémon TCG: V Battle Decks! Each 60-card deck is led by a valiant Pokémon V and includes everything you need to play right away. Let the battle begin!
<br><br>In each box, you’ll find:
<br>• 1 ready-to-play 60-card deck
<br>• 3 reference cards
<br>• 1 rules booklet
<br>• Single-player playmat
<br>• Damage counters
<br>• 1 large metallic coin
<br>• 1 deck box
<br>• 1 Quick Guide to unlock the strategies within
<br>• 1 code card to play this deck online",,,,,,158.94,158.95,158.95,,,Normal,0820650828393
230394,V Battle Deck Bundle [Venusaur V/Blastoise V],V Battle Deck Bundle Venusaur V Blastoise V,https://tcgplayer-cdn.tcgplayer.com/product/230394_200w.jpg,3,2374,https://cpt.tcgcsv.com/V9S2,2022-03-15T19:01:56.51,1,,,,,,"Get ready for a major Pokémon battle with a ready-to-play double deck bundle — with extra Trainer cards! The Pokémon TCG: V Battle Deck — Venusaur vs. Blastoise includes a deck for you and one for a friend, so you can face off. You can choose either Venusaur V or Blastoise V to lead your team in a heads-up battle against another Trainer. Then, switch up the decks and see what things look like from the other side — can you win with both powerful Pokémon V?
<br><br>The Pokémon TCG: V Battle Deck — Venusaur vs. Blastoise includes:
<br>• 2 ready-to-play V Battle Decks (60 cards each)
<br>• Each deck includes a powerful special Pokémon: Venusaur V or Blastoise V!
<br>• 8 additional Trainer cards, including 2 foil cards
<br>• 2 large metallic coins
<br>• 2 deck boxes
<br>• 2 Quick Guides to unlock the strategies within
<br>• 2 single-player playmats
<br>• 6 reference cards
<br>• Damage counters
<br>• 1 guide to upgrading your decks
<br>• A code card for the Pokémon Trading Card Game Online",,,,,,50.0,59.49,78.47,51.68,,Normal,0820650828416
230396,V Battle Deck [Blastoise V],V Battle Deck Blastoise V,https://tcgplayer-cdn.tcgplayer.com/product/230396_200w.jpg,3,2374,https://cpt.tcgcsv.com/X9S2,2021-07-23T21:19:00.543,1,,,,,,"Powerful Pokémon V are ready to charge onto the battlefield in the new Pokémon TCG: V Battle Decks! Each 60-card deck is led by a valiant Pokémon V and includes everything you need to play right away. Let the battle begin!
<br><br>In each box, you’ll find:
<br>• 1 ready-to-play 60-card deck
<br>• 3 reference cards
<br>• 1 rules booklet
<br>• Single-player playmat
<br>• Damage counters
<br>• 1 large metallic coin
<br>• 1 deck box
<br>• 1 Quick Guide to unlock the strategies within
<br>• 1 code card to play this deck online",,,,,,23.0,27.99,40.0,26.89,,Normal,
230397,V Battle Deck [Venusaur V],V Battle Deck Venusaur V,https://tcgplayer-cdn.tcgplayer.com/product/230397_200w.jpg,3,2374,https://cpt.tcgcsv.com/Z9S2,2021-07-23T21:19:20.377,1,,,,,,"Powerful Pokémon V are ready to charge onto the battlefield in the new Pokémon TCG: V Battle Decks! Each 60-card deck is led by a valiant Pokémon V and includes everything you need to play right away. Let the battle begin!
<br><br>In each box, you’ll find:
<br>• 1 ready-to-play 60-card deck
<br>• 3 reference cards
<br>• 1 rules booklet
<br>• Single-player playmat
<br>• Damage counters
<br>• 1 large metallic coin
<br>• 1 deck box
<br>• 1 Quick Guide to unlock the strategies within
<br>• 1 code card to play this deck online",,,,,,17.98,23.99,30.0,18.48,,Normal,0820650818394
230399,V Forces Tin Display,V Forces Tin Display,https://tcgplayer-cdn.tcgplayer.com/product/230399_200w.jpg,3,2374,https://cpt.tcgcsv.com/_9S2,2021-02-19T05:03:14.257,1,,,,,,Each display contains 9 V Forces Tin (3 of each Pokemon).,,,,,,,,,,,,
230400,V Forces Tin [Galarian Slowbro V],V Forces Tin Galarian Slowbro V,https://tcgplayer-cdn.tcgplayer.com/product/230400_200w.jpg,3,2374,https://cpt.tcgcsv.com/0bS2,2021-02-19T05:03:14.257,1,,,,,,Each tin contains 4 Pokemon TCG booster packs and a Pokémon Trading Card Game Online code card.,,,,,,85.0,99.69,100.0,46.19,,Normal,
230401,V Forces Tin [Lucario V],V Forces Tin Lucario V,https://tcgplayer-cdn.tcgplayer.com/product/230401_200w.jpg,3,2374,https://cpt.tcgcsv.com/2bS2,2021-02-19T05:03:14.257,1,,,,,,Each tin contains 4 Pokemon TCG booster packs and a Pokémon Trading Card Game Online code card.,,,,,,65.99,68.0,100.0,45.92,,Normal,
230402,V Forces Tin [Mew V],V Forces Tin Mew V,https://tcgplayer-cdn.tcgplayer.com/product/230402_200w.jpg,3,2374,https://cpt.tcgcsv.com/3bS2,2021-02-19T05:03:14.257,1,,,,,,Each tin contains 4 Pokemon TCG booster packs and a Pokémon Trading Card Game Online code card.,,,,,,60.0,100.0,149.99,59.65,,Normal,
230403,V Forces Tin [Set of 3],V Forces Tin Set of 3,https://tcgplayer-cdn.tcgplayer.com/product/230403_200w.jpg,3,2374,https://cpt.tcgcsv.com/5bS2,2021-02-19T05:03:14.257,0,,,,,,Each tin contains 4 Pokemon TCG booster packs and a Pokémon Trading Card Game Online code card.,,,,,,,,,,,,
230426,Tapu Koko Box (International Version),Tapu Koko Box International Version,https://tcgplayer-cdn.tcgplayer.com/product/230426_200w.jpg,3,2374,https://cpt.tcgcsv.com/xbS2,2021-08-09T12:55:54.087,1,,,,,,"Tapu Koko Box (International Version) contains:
<br>• 3 Assorted Pokemon TCG booster packs
<br>• 1 promotional card featuring Tapu Koko",,,,,,68.99,73.0,90.0,73.0,,Normal,
230427,Meowth VMAX Box (International Version),Meowth VMAX Box International Version,https://tcgplayer-cdn.tcgplayer.com/product/230427_200w.jpg,3,2374,https://cpt.tcgcsv.com/zbS2,2021-01-13T14:48:03.12,0,,,,,,"Meowth VMAX Box (International Version):
<br>• 4 Assorted Pokemon TCG booster packs
<br>• 1 promotional card featuring Meowth V
<br>• 1 promotional card featuring Meowth VMAX",,,,,,450.0,459.98,469.95,,,Normal,
230941,Psyduck - 28/149 (Build-A-Bear Workshop Exclusive),Psyduck 28 149 Build A Bear Workshop Exclusive,https://tcgplayer-cdn.tcgplayer.com/product/230941_200w.jpg,3,2374,https://cpt.tcgcsv.com/RnS2,2022-09-26T20:58:27.047,1,028/149,Promo,Water,70,Basic,,"[1] Confusion Wave
<br>
Both Active Pokémon are now Confused.",,Gx2,,2,,,,,,,
230942,Snubbull - 90/149 (Build-A-Bear Workshop Exclusive),Snubbull 90 149 Build A Bear Workshop Exclusive,https://tcgplayer-cdn.tcgplayer.com/product/230942_200w.jpg,3,2374,https://cpt.tcgcsv.com/SnS2,2022-09-28T18:12:17.267,1,090/149,Promo,Fairy,70,Basic,,"[Y] Reckless Charge (20)
<br>
Flip a coin. If tails, this Pokémon does 10 damage to itself.",,Mx2,D-20,1,50.0,54.87,64.99,50.4,,Normal,
231292,Pokemon - Poke Ball Tin - Level Ball,Pokemon Poke Ball Tin Level Ball,https://tcgplayer-cdn.tcgplayer.com/product/231292_200w.jpg,3,2374,https://cpt.tcgcsv.com/SwS2,2021-03-05T22:17:56.433,1,,,,,,"Each aluminum Poke Ball Tin contains three random Pokemon TCG booster packs and a coin.
<br><br>
<em>(Pokemon TCG booster packs vary by product.)</em>",,,,,,74.98,75.0,85.0,75.98,,Normal,0820650828423
231294,Venusaur VMAX Battle Box,Venusaur VMAX Battle Box,https://tcgplayer-cdn.tcgplayer.com/product/231294_200w.jpg,3,2374,https://cpt.tcgcsv.com/VwS2,2021-03-22T16:23:05.403,1,,,,,,"Each Pokémon TCG: Venusaur VMAX Battle Box includes:
<br>• 1 foil promo card featuring Venusaur VMAX
<br>• 1 foil oversize card featuring Venusaur VMAX
<br>• 65 card sleeves featuring Gigantamax Venusaur
<br>• 4 Pokémon TCG booster packs
<br>• A code card for the Pokémon Trading Card Game Online",,,,,,87.0,94.99,134.0,93.42,,Normal,0820650808456
231295,Blastoise VMAX Battle Box,Blastoise VMAX Battle Box,https://tcgplayer-cdn.tcgplayer.com/product/231295_200w.jpg,3,2374,https://cpt.tcgcsv.com/WwS2,2021-06-24T13:24:56.65,1,,,,,,"Each Pokémon TCG: Blastoise VMAX Battle Box includes:
<br>• 1 foil promo card featuring Blastoise VMAX
<br>• 1 foil oversize card featuring Blastoise VMAX
<br>• 65 card sleeves featuring Gigantamax Blastoise
<br>• 4 Pokémon TCG booster packs
<br>• A code card for the Pokémon Trading Card Game Online",,,,,,89.9,110.75,205.0,95.12,,Normal,0820650808456
232309,Snorlax - 80/106 (Build-a-Bear Workshop Exclusive),Snorlax 80 106 Build a Bear Workshop Exclusive,https://tcgplayer-cdn.tcgplayer.com/product/232309_200w.jpg,3,2374,https://cpt.tcgcsv.com/cXS2,2022-09-28T18:12:09.9,1,080/106,Promo,Colorless,130,Basic,"<strong>Ability — Stir and Snooze</strong>
<br>If this Pokémon is Asleep, flip 2 coins instead of 1 between turns. If either of them is tails, this Pokémon is still Asleep.","[4] Sleepy Press (120)
<br>Heal 20 damage from this Pokémon. This Pokémon is now Asleep.",,Fx2,,4,119.0,143.01,177.9,169.41,143.01,Normal,
232764,Pikachu - SWSH039 (General Mills),Pikachu SWSH039 General Mills,https://tcgplayer-cdn.tcgplayer.com/product/232764_200w.jpg,3,2374,https://cpt.tcgcsv.com/j7T2,2026-02-18T20:16:25.39,1,SWSH039,Promo,Lightning,60,Basic,,"[1] Tail Whip 
<br>Flip a coin. If heads, during your opponent's next turn, the Defending Pokémon can't attack.",[2L] Pika Bolt (50),Fx2,None,1,0.5,6.0,4321.0,6.01,9.3,Holofoil,
232765,Gossifleur - SWSH010 (General Mills Promo),Gossifleur SWSH010 General Mills Promo,https://tcgplayer-cdn.tcgplayer.com/product/232765_200w.jpg,3,2374,https://cpt.tcgcsv.com/k7T2,2024-08-12T20:10:08.523,1,SWSH010,Promo,Grass,50,Basic,,"[1] Sing
<br>Your opponent's Active Pokémon is now Asleep.",,Rx2,,1,0.2,0.78,9.61,0.74,,Holofoil,
232766,Morpeko - SWSH012 (General Mills Promo),Morpeko SWSH012 General Mills Promo,https://tcgplayer-cdn.tcgplayer.com/product/232766_200w.jpg,3,2374,https://cpt.tcgcsv.com/l7T2,2025-11-21T03:01:30.287,1,SWSH012,Promo,Lightning,80,Basic,,"[2L] Thunder Shock (60)
<br>Flip a coin. If heads, your opponent's Active Pokémon is now Paralyzed.",,Fx2,,1,1.12,2.21,4.87,2.28,,Holofoil,
232767,Galarian Ponyta - SWSH013 (General Mills Promo),Galarian Ponyta SWSH013 General Mills Promo,https://tcgplayer-cdn.tcgplayer.com/product/232767_200w.jpg,3,2374,https://cpt.tcgcsv.com/m7T2,2024-12-07T09:48:22.397,1,SWSH013,Promo,Psychic,70,Basic,,"[1] Heal Pulse
<br>Heal 30 damage from 1 of your Pokémon.",[1P] Flop (20),Dx2,F-30,1,4.28,7.29,10.99,6.88,,Holofoil,
232768,Hatenna - SWSH040 (General Mills Promo),Hatenna SWSH040 General Mills Promo,https://tcgplayer-cdn.tcgplayer.com/product/232768_200w.jpg,3,2374,https://cpt.tcgcsv.com/n7T2,2022-08-26T14:39:28.18,1,SWSH040,Promo,Psychic,60,Basic,,"[1] Find a Friend
<br>Search your deck for a Pokémon, reveal it, and put it into your hand. Then, shuffle your deck.",[2] Psyshot (20),Dx2,F-30,1,0.6,1.2,5.0,1.19,,Holofoil,
232769,Wooloo - SWSH011 (General Mills),Wooloo SWSH011 General Mills,https://tcgplayer-cdn.tcgplayer.com/product/232769_200w.jpg,3,2374,https://cpt.tcgcsv.com/p7T2,2025-04-09T21:03:49.407,1,SWSH011,Promo,Colorless,60,Basic,,"[1] Defense Curl
<br>Flip a coin. If heads, prevent all damage done to this Pokémon by attacks during your opponent's next turn.",[2] Headbutt (20),Fx2,,1,0.9,1.34,10.25,1.34,1.25,Holofoil,
232770,General Mills 25th Anniversary Booster Pack,General Mills 25th Anniversary Booster Pack,https://tcgplayer-cdn.tcgplayer.com/product/232770_200w.jpg,3,2374,https://cpt.tcgcsv.com/q7T2,2021-07-28T18:30:56.147,1,,,,,,Each pack contains 2 random cards and a Foil Pikachu.,,,,,,7.5,10.25,26.99,9.54,,Normal,
232887,Ditto (Squirtle) - 64/113 (Games Expo 2007),Ditto Squirtle 64 113 Games Expo 2007,https://tcgplayer-cdn.tcgplayer.com/product/232887_200w.jpg,3,2374,https://cpt.tcgcsv.com/M9T2,2022-09-26T20:43:26.113,1,064/113,Promo,Water,60,Basic,"<strong>Poké-POWER — Duplicate</strong>
<br>
Once during your turn <em>(before your attack)</em>, you may search your deck for another Ditto and switch it with Ditto. (Any cards attached to Ditto, damage counters, Special Conditions, and effects on it are now on the new Pokémon.) If you do, put Ditto on top of your deck. Shuffle your deck afterward. You can't use more than 1 Duplicate Poké-Power each turn.","[1W] Spiral Drain (20) 
<br>Remove 3 damage counters from Ditto (all if there are less than 3).",,L,,1,400.0,465.9,674.98,456.36,,Normal,
233354,V Battle Deck Bundle [Victini V/Gardevoir V],V Battle Deck Bundle Victini V Gardevoir V,https://tcgplayer-cdn.tcgplayer.com/product/233354_200w.jpg,3,2374,https://cpt.tcgcsv.com/6mT2,2021-07-22T20:46:40.803,1,,,,,,"Get ready for a major Pokemon battle with a ready-to-play double deck bundle—with extra Trainer cards! The Pokemon TCG: V Battle Deck—Victini vs. Gardevoir includes a deck for you and one for a friend, so you can face off. You can choose either Victini V or Gardevoir V to lead your team in a heads-up battle against another Trainer. Then, switch up the decks and see what things look like from the other side—can you win with both powerful Pokémon V?
<br>
<br>The Pokemon TCG: V Battle Deck—Victini vs. Gardevoir includes:
<br>• 2 ready-to-play V Battle Decks (60 cards each)
<br>• Each deck includes a powerful special Pokemon: Victini V or Gardevoir V!
<br>• 8 additional Trainer cards, including 2 foil cards
<br>• 2 large metallic coins
<br>• 2 deck boxes
<br>• 2 Quick Guides to unlock the strategies within
<br>• 2 single-player playmats
<br>• 6 reference cards
<br>• Damage counters
<br>• 1 guide to upgrading your decks
<br>• 1 code card for the Pokemon Trading Card Game Online",,,,,,40.0,45.99,61.99,41.09,,Normal,
233355,V Battle Deck Display [Victini V/Gardevoir V],V Battle Deck Display Victini V Gardevoir V,https://tcgplayer-cdn.tcgplayer.com/product/233355_200w.jpg,3,2374,https://cpt.tcgcsv.com/7mT2,2021-07-22T20:43:39.277,1,,,,,,"Command a New Battle Deck—with Victini V or Gardevoir V!
<br>Get ready to ignite a massive blaze with Victini V, or unleash the powers of the mind with Gardevoir V—they're ready to charge onto the battlefield in two new Pokemon TCG: V Battle Decks! Each 60-card deck is led by a valiant Pokémon V and includes everything you need to play right away. Let the battle begin!
<br><br>Each Pokemon V Battle Deck includes:
<br>• 1 ready-to-play 60-card deck
<br>• 3 reference cards
<br>• 1 rules booklet
<br>• Single-player playmat
<br>• Damage counters
<br>• 1 large metallic coin
<br>• 1 deck box
<br>• 1 Quick Guide to unlock the strategies within
<br>• 1 code card to play this deck online",,,,,,69.99,94.99,119.98,69.99,,Normal,
233356,V Battle Deck [Victini V],V Battle Deck Victini V,https://tcgplayer-cdn.tcgplayer.com/product/233356_200w.jpg,3,2374,https://cpt.tcgcsv.com/8mT2,2021-07-22T20:43:45.187,1,,,,,,"Get ready to ignite a massive blaze with Victini V, or unleash the powers of the mind with Gardevoir V—they're ready to charge onto the battlefield in two new Pokemon TCG: V Battle Decks! Each 60-card deck is led by a valiant Pokémon V and includes everything you need to play right away. Let the battle begin!
<br><br>In each box, you’ll find:
<br>• 1 ready-to-play 60-card deck
<br>• 3 reference cards
<br>• 1 rules booklet
<br>• Single-player playmat
<br>• Damage counters
<br>• 1 large metallic coin
<br>• 1 deck box
<br>• 1 Quick Guide to unlock the strategies within
<br>• 1 code card to play this deck online",,,,,,8.9,13.38,16.94,9.38,,Normal,0820650818721
233357,V Battle Deck [Gardevoir V],V Battle Deck Gardevoir V,https://tcgplayer-cdn.tcgplayer.com/product/233357_200w.jpg,3,2374,https://cpt.tcgcsv.com/9mT2,2021-07-23T21:19:07.313,1,,,,,,"Get ready to ignite a massive blaze with Victini V, or unleash the powers of the mind with Gardevoir V—they're ready to charge onto the battlefield in two new Pokemon TCG: V Battle Decks! Each 60-card deck is led by a valiant Pokémon V and includes everything you need to play right away. Let the battle begin!
<br><br>In each box, you’ll find:
<br>• 1 ready-to-play 60-card deck
<br>• 3 reference cards
<br>• 1 rules booklet
<br>• Single-player playmat
<br>• Damage counters
<br>• 1 large metallic coin
<br>• 1 deck box
<br>• 1 Quick Guide to unlock the strategies within
<br>• 1 code card to play this deck online",,,,,,15.95,16.49,18.9,16.07,,Normal,0820650818721
234578,Lucario - 63/124 (Cosmos Holo),Lucario 63 124 Cosmos Holo,https://tcgplayer-cdn.tcgplayer.com/product/234578_200w.jpg,3,2374,https://cpt.tcgcsv.com/BRT2,2026-02-25T19:04:56.78,1,063/124,Promo,Metal,110,Stage 1,,"[M] Vacuum Wave (50)
<br>This attack's damage isn't affected by Weakness or Resistance.","[1M] Fight Alone (30+)
<br>If you have fewer Pokemon than your opponent, this attack does 60 more damage for each Pokémon fewer you have in play.",Rx2,P-20,2,1.39,3.7,6.0,3.24,4.44,Holofoil,
234699,Flapple - 022/192 (Gamestop Exclusive),Flapple 022 192 Gamestop Exclusive,https://tcgplayer-cdn.tcgplayer.com/product/234699_200w.jpg,3,2374,https://cpt.tcgcsv.com/_TT2,2022-12-31T07:53:59.993,1,022/192,Promo,Grass,80,Stage 1,"<strong>Ability — Apple Drop</strong>
<br>Once during your turn, you may put 2 damage counters on 1 of your opponent's Pokémon. If you placed any damage counters in this way, shuffle this Pokémon and all attached cards into your deck.","[2] Acid Spray (60)
<br>Flip a coin. If heads, discard an Energy from your opponent's Active Pokémon.",,Rx2,,1,1.0,1.75,26.38,1.4,,Holofoil,
234727,Shinx - 046/163 (Cosmos Holo),Shinx 046 163 Cosmos Holo,https://tcgplayer-cdn.tcgplayer.com/product/234727_200w.jpg,3,2374,https://cpt.tcgcsv.com/zVT2,2022-12-28T12:49:47.463,1,046/163,Promo,Lightning,60,Basic,,[L] Rear Kick (20),,Fx2,,1,0.14,0.45,3.0,0.45,,Holofoil,
234728,Tepig - 023/163 (Cosmos Holo),Tepig 023 163 Cosmos Holo,https://tcgplayer-cdn.tcgplayer.com/product/234728_200w.jpg,3,2374,https://cpt.tcgcsv.com/BVT2,2025-11-28T17:11:36.587,1,023/163,Promo,Fire,80,Basic,,[2] Ram (20),[1RR] Combustion (50),Wx2,,2,0.12,0.45,2.0,0.44,0.3,Holofoil,
235709,Collector's Pin Two Pack Blisters [Charizard],Collectors Pin Two Pack Blisters Charizard,https://tcgplayer-cdn.tcgplayer.com/product/235709_200w.jpg,3,2374,https://cpt.tcgcsv.com/cjV2,2021-03-31T18:13:57.333,1,,,,,,Each Blister contains two Pokemon TCG booster packs and 1 collectible pin. Each Pokémon TCG: Sword & Shield Series and Sun & Moon Series booster pack contains 10 cards and 1 basic Energy. Each Pokémon TCG: XY Series booster pack contains 10 cards. Booster packs may vary by product.,,,,,,,,,,,,
235710,Collector's Pin Two Pack Blisters [Mimikyu],Collectors Pin Two Pack Blisters Mimikyu,https://tcgplayer-cdn.tcgplayer.com/product/235710_200w.jpg,3,2374,https://cpt.tcgcsv.com/djV2,2021-03-31T18:14:48.92,1,,,,,,Each Blister contains two Pokemon TCG booster packs and 1 collectible pin. Each Pokémon TCG: Sword & Shield Series and Sun & Moon Series booster pack contains 10 cards and 1 basic Energy. Each Pokémon TCG: XY Series booster pack contains 10 cards. Booster packs may vary by product.,,,,,,,,,,,,
235713,Collector's Pin Two Pack Blisters [Dusk Mane Necrozma],Collectors Pin Two Pack Blisters Dusk Mane Necrozma,https://tcgplayer-cdn.tcgplayer.com/product/235713_200w.jpg,3,2374,https://cpt.tcgcsv.com/hjV2,2021-03-31T18:19:25.903,0,,,,,,Each Blister contains two Pokemon TCG booster packs and 1 collectible pin. Each Pokémon TCG: Sword & Shield Series and Sun & Moon Series booster pack contains 10 cards and 1 basic Energy. Each Pokémon TCG: XY Series booster pack contains 10 cards. Booster packs may vary by product.,,,,,,,,,,,,
235714,Collector's Pin Two Pack Blisters [Dawn Wings Necrozma],Collectors Pin Two Pack Blisters Dawn Wings Necrozma,https://tcgplayer-cdn.tcgplayer.com/product/235714_200w.jpg,3,2374,https://cpt.tcgcsv.com/jjV2,2021-03-31T18:19:38.113,0,,,,,,Each Blister contains two Pokemon TCG booster packs and 1 collectible pin. Each Pokémon TCG: Sword & Shield Series and Sun & Moon Series booster pack contains 10 cards and 1 basic Energy. Each Pokémon TCG: XY Series booster pack contains 10 cards. Booster packs may vary by product.,,,,,,,,,,,,
235896,Dragonite - 96/149 (Cosmos Holo),Dragonite 96 149 Cosmos Holo,https://tcgplayer-cdn.tcgplayer.com/product/235896_200w.jpg,3,2374,https://cpt.tcgcsv.com/XmV2,2024-08-12T20:10:08.637,1,096/149,Promo,Dragon,160,Stage 2,,[GL] Dragon Wave (130) <br>Discard a [G] Energy card and a [L] Energy card attached to this Pokemon.,"[5] Giant Tail (200) <br>Flip a coin. If tails, this attack does nothing.",Yx2,None,4,2.21,5.88,34.99,5.84,3.89,Holofoil,
236379,League Battle Deck [Inteleon VMAX],League Battle Deck Inteleon VMAX,https://tcgplayer-cdn.tcgplayer.com/product/236379_200w.jpg,3,2374,https://cpt.tcgcsv.com/CzV2,2021-05-21T04:03:11.35,1,,,,,,"Each Pokémon TCG: League Battle Deck includes:
<br>• 1 ready-to-play 60-card deck, including 2 Pokémon V and 2 Pokémon VMAX
<br>• 1 deck box
<br>• 2 coin condition markers
<br>• 6 damage-counter dice
<br>• 1 competition-legal coin-flip die
<br>• A Quick Guide to unlock the strategies within
<br>• A Pokémon TCG rulebook
<br>• A code card for the Pokémon Trading Card Game Online",,,,,,14.99,20.0,40.0,17.46,,Normal,820650828744
236549,Marshadow Box (International Version),Marshadow Box International Version,https://tcgplayer-cdn.tcgplayer.com/product/236549_200w.jpg,3,2374,https://cpt.tcgcsv.com/_DV2,2021-04-12T14:47:17.173,0,,,,,,"Marshadow Box (International Version) contains:
<br>• 3 Assorted Pokemon TCG booster packs
<br>• 1 promotional card featuring Marshadow",,,,,,79.99,79.99,79.99,,,Normal,
237105,Checklane 2 Mini-Pack Blister [Dragonite],Checklane 2 Mini Pack Blister Dragonite,https://tcgplayer-cdn.tcgplayer.com/product/237105_200w.jpg,3,2374,https://cpt.tcgcsv.com/7SV2,2021-04-16T13:17:27.477,1,,,,,,"Each blister contains: 
<br>• 1 Promo card featuring Dragonite
<br>• 2 Pokemon Trading Card Game mini-packs. Each mini-pack contains 3 random cards.
<br>• 1 Metallic coin",,,,,,24.95,24.95,24.95,,,Normal,0820650103674
237106,Checklane 2 Mini-Pack Blister [Machamp],Checklane 2 Mini Pack Blister Machamp,https://tcgplayer-cdn.tcgplayer.com/product/237106_200w.jpg,3,2374,https://cpt.tcgcsv.com/8SV2,2021-04-16T13:17:59.937,1,,,,,,"Each blister contains: 
<br>• 1 Promo card featuring Machamp
<br>• 2 Pokemon Trading Card Game mini-packs. Each mini-pack contains 3 random cards.
<br>• 1 Metallic coin",,,,,,,,,,,,0820650103674
238865,Riolu - 91/127 (SDCC 2009),Riolu 91 127 SDCC 2009,https://tcgplayer-cdn.tcgplayer.com/product/238865_200w.jpg,3,2374,https://cpt.tcgcsv.com/kzW2,2022-09-26T20:58:49.823,1,091/127,Promo,Fighting,60,Basic,,[0] Light Punch (10),"[2] Steady Punch (20+) 
<br>Flip a coin. If heads, this attack does 20 damage plus 10 more damage.",P+10,,1,,,,,,,
238866,Riolu - 91/127 (SDCC 2009) [Staff],Riolu 91 127 SDCC 2009 Staff,https://tcgplayer-cdn.tcgplayer.com/product/238866_200w.jpg,3,2374,https://cpt.tcgcsv.com/lzW2,2022-09-26T20:58:53.763,1,091/127,Promo,Fighting,60,Basic,,[0] Light Punch (10),"[2] Steady Punch (20+) 
<br>Flip a coin. If heads, this attack does 20 damage plus 10 more damage.",P+10,,1,,,,,,,
239236,Gardevoir V/Victini V Battle Decks [Set of 2],Gardevoir V Victini V Battle Decks Set of 2,https://tcgplayer-cdn.tcgplayer.com/product/239236_200w.jpg,3,2374,https://cpt.tcgcsv.com/LJW2,2021-07-22T20:38:48.36,1,,,,,,"Get ready to ignite a massive blaze with Victini V, or unleash the powers of the mind with Gardevoir V—they're ready to charge onto the battlefield in two new Pokemon TCG: V Battle Decks! Each 60-card deck is led by a valiant Pokémon V and includes everything you need to play right away. Let the battle begin!
<br><br>In each box, you’ll find:
<br>• 1 ready-to-play 60-card deck
<br>• 3 reference cards
<br>• 1 rules booklet
<br>• Single-player playmat
<br>• Damage counters
<br>• 1 large metallic coin
<br>• 1 deck box
<br>• 1 Quick Guide to unlock the strategies within
<br>• 1 code card to play this deck online
<br><br>Each set includes one of each, V Battle Deck [Gardevoir] and V Battle Deck [Victini]",,,,,,33.0,40.5,47.99,29.36,,Normal,
239237,Blastoise V/Venusaur V Battle Decks [Set of 2],Blastoise V Venusaur V Battle Decks Set of 2,https://tcgplayer-cdn.tcgplayer.com/product/239237_200w.jpg,3,2374,https://cpt.tcgcsv.com/MJW2,2022-03-15T19:01:34.133,1,,,,,,"Powerful Pokémon V are ready to charge onto the battlefield in the new Pokémon TCG: V Battle Decks! Each 60-card deck is led by a valiant Pokémon V and includes everything you need to play right away. Let the battle begin!
<br><br>In each box, you’ll find:
<br>• 1 ready-to-play 60-card deck
<br>• 3 reference cards
<br>• 1 rules booklet
<br>• Single-player playmat
<br>• Damage counters
<br>• 1 large metallic coin
<br>• 1 deck box
<br>• 1 Quick Guide to unlock the strategies within
<br>• 1 code card to play this deck online
<br><br>Each set includes one of each, V Battle Deck [Blastoise] and V Battle Deck [Venusaur]",,,,,,48.76,62.45,62.95,50.08,,Normal,
241093,Marnie Premium Tournament Collection Box,Marnie Premium Tournament Collection Box,https://tcgplayer-cdn.tcgplayer.com/product/241093_200w.jpg,3,2374,https://cpt.tcgcsv.com/TrX2,2021-08-06T04:03:12.75,1,,,,,,"Get Ready to Battle—with Marnie!
<br>In the Galar region, every Pokémon fan knows Marnie, the hometown girl from Spikemuth who really wants to win the Champion Cup! Gear up for your next big tournament and expand your options with the Pokémon TCG: Marnie Premium Tournament Collection. This premium collection contains everything you need to protect your cards and keep them organized before any Pokémon TCG tournament, plus all the dice, coins, and extras you need when you’re ready to play. Rev it up and get your Pokémon prepared for that moment they go into battle—Marnie keeps your team looking sharp!
<br>The Pokémon TCG: Marnie Premium Tournament Collection includes:
<br>• 1 full-art foil Supporter card featuring Marnie
<br>• 3 additional foil Supporter cards featuring Marnie
<br>• 65 card sleeves featuring Marnie
<br>• A sturdy deck box featuring Marnie
<br>• A large metallic coin featuring Marnie
<br>• 2 coin condition markers
<br>• 6 tournament-ready damage dice
<br>• 7 Pokémon TCG booster packs
<br>• A code card for the Pokémon Trading Card Game Online",,,,,,99.99,125.0,249.99,89.37,,Normal,0820650818769
241109,Pokemon TCG: Trainer's Toolkit (2021),Pokemon TCG Trainers Toolkit 2021,https://tcgplayer-cdn.tcgplayer.com/product/241109_200w.jpg,3,2374,https://cpt.tcgcsv.com/csX2,2021-08-06T04:03:12.803,1,,,,,,"Everything You Need to Build a Powerful Deck! Turn your card collection into playable, fun, and winning Pokémon Trading Card Game decks! Inside this box, you’ll find a plethora of Trainer cards and Energy cards, plus a Deck Builder’s Guide to putting them all together to create a deck that showcases your best Pokémon! You’ll find everything you need to help you make the choices every deck builder faces: More big Pokémon? More strategic Trainer cards? How much Energy is too much? Steer a course for completely new decks, original combos, and all the fun of head-to-head competition with the Pokémon TCG: Trainer’s Toolkit!
<br>The Pokémon TCG: Trainer’s Toolkit includes:
<br>• More than 50 useful cards to power up your decks, including dozens of Trainer cards and 2 copies of Crobat V
<br>• More than 100 Energy cards, including Special Energy
<br>• 4 Pokémon TCG booster packs to expand your collection
<br>• 65 card sleeves to protect your deck
<br>• A Deck Builder’s Guide
<br>• A complete Pokémon TCG rulebook
<br>• A set of 7 tournament-legal dice
<br>• 2 condition markers
<br>• A code card for the Pokémon TCG Online",,,,,,21.42,39.38,99.99,37.53,,Normal,0820650808753
242553,Sandaconda - 082/163 (Gamestop Exclusive),Sandaconda 082 163 Gamestop Exclusive,https://tcgplayer-cdn.tcgplayer.com/product/242553_200w.jpg,3,2374,https://cpt.tcgcsv.com/52Z2,2023-02-27T14:12:08.897,1,082/163,Promo,Fighting,130,Stage 1,,"[F] Big Sand Cannon (60x)
<br>Discard the top 6 cards of your deck. This attack does 60 damage for each Fighting Energy card you discarded in this way.",[1FF] Skull Bash (120),Gx2,,3,0.75,1.04,19.99,1.05,2.99,Holofoil,
243559,Eevee Evolutions Tin [Vaporeon V],Eevee Evolutions Tin Vaporeon V,https://tcgplayer-cdn.tcgplayer.com/product/243559_200w.jpg,3,2374,https://cpt.tcgcsv.com/crZ2,2025-01-09T20:24:40.257,1,,,,,,"The Pokemon TCG: Eevee Evolutions Tin includes:
<br>• 1 foil Vaporeon V
<br>• 4 Pokémon TCG booster packs",,,,,,74.99,96.99,199.99,45.77,,Normal,
243561,Eevee Evolutions Tin [Jolteon V],Eevee Evolutions Tin Jolteon V,https://tcgplayer-cdn.tcgplayer.com/product/243561_200w.jpg,3,2374,https://cpt.tcgcsv.com/frZ2,2025-01-09T20:22:42.69,1,,,,,,"The Pokemon TCG: Eevee Evolutions Tin includes:
<br>• 1 foil Jolteon V
<br>• 4 Pokémon TCG booster packs",,,,,,64.99,80.0,199.99,51.31,,Normal,
243562,Eevee Evolutions Tin [Flareon V],Eevee Evolutions Tin Flareon V,https://tcgplayer-cdn.tcgplayer.com/product/243562_200w.jpg,3,2374,https://cpt.tcgcsv.com/grZ2,2025-01-09T20:22:25.647,1,,,,,,"The Pokemon TCG: Eevee Evolutions Tin includes:
<br>• 1 foil Flareon V
<br>• 4 Pokémon TCG booster packs",,,,,,66.0,83.98,199.99,50.54,,Normal,
243571,Eevee Evolutions Tin [Set of 3],Eevee Evolutions Tin Set of 3,https://tcgplayer-cdn.tcgplayer.com/product/243571_200w.jpg,3,2374,https://cpt.tcgcsv.com/rrZ2,2024-02-02T14:29:26.687,1,,,,,,"This Set of 3 includes one of each tin. 
<br>Each: Eevee Evolutions Tin includes:
<br>• 1 foil promo card
<br>• 4 Pokémon TCG booster packs
<br><em>Packs may very in this product.</em>",,,,,,300.0,315.0,499.98,137.65,,Normal,
243573,Eevee Evolutions Tin Case,Eevee Evolutions Tin Case,https://tcgplayer-cdn.tcgplayer.com/product/243573_200w.jpg,3,2374,https://cpt.tcgcsv.com/trZ2,2025-01-09T20:22:18.433,1,,,,,,"This Case includes 6 tins, 2 of each type. 
<br>Each: Eevee Evolutions Tin includes:
<br>• 1 foil promo card
<br>• 4 Pokémon TCG booster packs",,,,,,,,,,,,
244307,Primarina - 41/149 (Water Web Holo),Primarina 41 149 Water Web Holo,https://tcgplayer-cdn.tcgplayer.com/product/244307_200w.jpg,3,2374,https://cpt.tcgcsv.com/9LZ2,2026-01-02T18:48:52.34,1,041/149,Holo Rare,Water,150,Stage 2,,"[1W] Disarming Voice (30)
<br>Your opponent's Active Pokémon is now Confused.","[1WW] Sparkling Aria (100)
<br>Heal 30 damage from this Pokémon.",Gx2,,2,9.5,10.99,12.21,13.0,,Holofoil,
244308,Decidueye - 11/149 (Water Web Holo),Decidueye 11 149 Water Web Holo,https://tcgplayer-cdn.tcgplayer.com/product/244308_200w.jpg,3,2374,https://cpt.tcgcsv.com/bLZ2,2023-07-21T16:33:59.557,1,011/149,Holo Rare,Grass,140,Stage 2,,"[G] Leaf Blade (30+)
<br>Flip a coin. If heads, this attack does 30 more damage.","[2G] Brave Bird (120)
<br>This Pokémon does 20 damage to itself.",Rx2,,1,10.11,10.75,11.38,10.82,,Holofoil,
244309,Incineroar - 26/149 (Water Web Holo),Incineroar 26 149 Water Web Holo,https://tcgplayer-cdn.tcgplayer.com/product/244309_200w.jpg,3,2374,https://cpt.tcgcsv.com/cLZ2,2022-09-26T20:50:28.613,1,026/149,Holo Rare,Fire,160,Stage 2,,"[1R] Fire Fang (30)
<br>Your opponent's Active Pokémon is now Burned.","[1RR] Darkest Lariat (100x)
<br>Flip 2 coins. This attack does 100 damage for each heads.",Wx2,,3,8.45,9.86,10.35,9.9,,Holofoil,
245517,Pokemon - Poke Ball Tin + 2 Kanto Power Mini Tins - Poke Ball,Pokemon Poke Ball Tin plus 2 Kanto Power Mini Tins Poke Ball,https://tcgplayer-cdn.tcgplayer.com/product/245517_200w.jpg,3,2374,https://cpt.tcgcsv.com/md-2,2021-09-17T20:49:18.9,1,,,,,,"Each product contains 1 Poke Ball tin and 2 random Kanto Power Mini Tins designs.
<br>
<br><strong>Poke Ball Tin contents:</strong>
<br>• 3 Pokemon TCG booster packs 
<br>• 1 Pokemon coin
<br>
<br><strong>Kanto Power Mini Tin contents:</strong>
<br>• 2 Pokemon TCG booster packs
<br>• 1 Pokemon coin
<br>• 1 Pokemon art card 
<br>
<br><em>(Pokemon TCG booster packs, coins, and contents varies by product.)</em>",,,,,,,,,,,,
245518,Pokemon - Poke Ball Tin + 2 Kanto Power Mini Tins - Great Ball,Pokemon Poke Ball Tin plus 2 Kanto Power Mini Tins Great Ball,https://tcgplayer-cdn.tcgplayer.com/product/245518_200w.jpg,3,2374,https://cpt.tcgcsv.com/nd-2,2021-09-17T20:50:11.993,1,,,,,,"Each product contains 1 Great Ball tin and 2 random Kanto Power Mini Tins designs.
<br>
<br><strong>Great Ball Tin contents:</strong>
<br>• 3 Pokemon TCG booster packs 
<br>• 1 Pokemon coin
<br>
<br><strong>Kanto Power Mini Tin contents:</strong>
<br>• 2 Pokemon TCG booster packs
<br>• 1 Pokemon coin
<br>• 1 Pokemon art card 
<br>
<br><em>(Pokemon TCG booster packs, coins, and contents varies by product.)</em>",,,,,,,,,,,,
245519,Pokemon - Poke Ball Tin + 2 Kanto Power Mini Tins - Dusk Ball,Pokemon Poke Ball Tin plus 2 Kanto Power Mini Tins Dusk Ball,https://tcgplayer-cdn.tcgplayer.com/product/245519_200w.jpg,3,2374,https://cpt.tcgcsv.com/pd-2,2021-09-17T20:50:03.977,1,,,,,,"Each product contains 1 Dusk Ball tin and 2 random Kanto Power Mini Tins designs.
<br>
<br><strong>Dusk Ball Tin contents:</strong>
<br>• 3 Pokemon TCG booster packs 
<br>• 1 Pokemon coin
<br>
<br><strong>Kanto Power Mini Tin contents:</strong>
<br>• 2 Pokemon TCG booster packs
<br>• 1 Pokemon coin
<br>• 1 Pokemon art card 
<br>
<br><em>(Pokemon TCG booster packs, coins, and contents varies by product.)</em>",,,,,,,,,,,,
245520,Pokemon - Poke Ball Tin + 2 Kanto Power Mini Tins - Premier Ball,Pokemon Poke Ball Tin plus 2 Kanto Power Mini Tins Premier Ball,https://tcgplayer-cdn.tcgplayer.com/product/245520_200w.jpg,3,2374,https://cpt.tcgcsv.com/qd-2,2021-09-17T20:48:51.967,1,,,,,,"Each product contains 1 Premier Ball tin and 2 random Kanto Power Mini Tins designs.
<br>
<br><strong>Premier Ball Tin contents:</strong>
<br>• 3 Pokemon TCG booster packs 
<br>• 1 Pokemon coin
<br>
<br><strong>Kanto Power Mini Tin contents:</strong>
<br>• 2 Pokemon TCG booster packs
<br>• 1 Pokemon coin
<br>• 1 Pokemon art card 
<br>
<br><em>(Pokemon TCG booster packs, coins, and contents varies by product.)</em>",,,,,,,,,,,,
245521,Pokemon - Poke Ball Tin + 2 Kanto Power Mini Tins - Ultra Ball,Pokemon Poke Ball Tin plus 2 Kanto Power Mini Tins Ultra Ball,https://tcgplayer-cdn.tcgplayer.com/product/245521_200w.jpg,3,2374,https://cpt.tcgcsv.com/rd-2,2021-09-17T20:49:07.523,1,,,,,,"Each product contains 1 Ultra Ball tin and 2 random Kanto Power Mini Tins designs.
<br>
<br><strong>Ultra Ball Tin contents:</strong>
<br>• 3 Pokemon TCG booster packs 
<br>• 1 Pokemon coin
<br>
<br><strong>Kanto Power Mini Tin contents:</strong>
<br>• 2 Pokemon TCG booster packs
<br>• 1 Pokemon coin
<br>• 1 Pokemon art card 
<br>
<br><em>(Pokemon TCG booster packs, coins, and contents varies by product.)</em>",,,,,,289.99,289.99,289.99,,,Normal,
245522,Kanto Power Mini Tins 5-Pack,Kanto Power Mini Tins 5 Pack,https://tcgplayer-cdn.tcgplayer.com/product/245522_200w.jpg,3,2374,https://cpt.tcgcsv.com/sd-2,2021-09-17T20:56:25.787,1,,,,,,"Each product contains 5 Kanto Power Mini Tins designs and 4 cosmos holo promo cards.
<br>
<br><strong>Kanto Power Mini Tin contents:</strong>
<br>• 2 Pokemon TCG booster packs
<br>• 1 Pokemon coin
<br>• 1 Pokemon art card 
<br>
<br><em>(Pokemon TCG booster packs, coins, and contents varies by product.)</em>",,,,,,,,,,,,
245728,V Battle Deck Bundle [Rayquaza V/Noivern V],V Battle Deck Bundle Rayquaza V Noivern V,https://tcgplayer-cdn.tcgplayer.com/product/245728_200w.jpg,3,2374,https://cpt.tcgcsv.com/Bj-2,2021-10-08T04:03:13.39,1,,,,,,"Get ready for a major Pokémon battle with a ready-to-play double deck bundle—with extra Trainer cards! The Pokémon TCG: V Battle Deck—Rayquaza vs. Noivern includes a deck for you and one for a friend, so you can face off. You can choose either Rayquaza V or Noivern V to lead your team in a heads up battle against another Trainer. Then, switch up the decks and see what things look like from the other side—can you win with both powerful Pokémon V?
<br>
<br>The Pokemon TCG: V Battle Deck—Rayquaza vs. Noivern includes:
<br>• 2 ready-to-play V Battle Decks (60 cards each)
<br>• Each deck includes a powerful special Pokemon: Rayquaza V or Noivern V!
<br>• 8 additional Trainer cards, including 2 foil cards
<br>• 2 large metallic coins
<br>• 2 deck boxes
<br>• 2 Quick Guides to unlock the strategies within
<br>• 2 single-player playmats
<br>• 6 reference cards
<br>• Damage counters
<br>• 1 guide to upgrading your decks
<br>• 1 code card for the Pokemon Trading Card Game Online",,,,,,31.89,40.0,52.38,32.18,,Normal,0820650829499
245731,Rayquaza V / Noivern V Battle Decks [Set of 2],Rayquaza V Noivern V Battle Decks Set of 2,https://tcgplayer-cdn.tcgplayer.com/product/245731_200w.jpg,3,2374,https://cpt.tcgcsv.com/Fj-2,2021-10-08T04:03:13.39,0,,,,,,"Swoop from the Sky and Bring the Boom — with Rayquaza V and Noivern V!
Welcome the return of Dragon types to the Pokémon TCG with a deck led by Rayquaza V or Noivern V! While Rayquaza V combines the powers of Fire and Lightning, and Noivern V channels Psychic and Darkness Energy, you can turn your discards into damage, sync up your hand size to deliver crushing blows, and master all the tricks of these two V Battle Decks!
<br><br>In each box, you’ll find:
<br>• 1 ready-to-play 60-card deck
<br>• 3 reference cards
<br>• 1 rules booklet
<br>• Single-player playmat
<br>• Damage counters
<br>• 1 large metallic coin
<br>• 1 deck box
<br>• 1 Quick Guide to unlock the strategies within
<br>• 1 code card to play this deck online
<br><br>Each set includes one of each, V Battle Deck [Rayquaza] and V Battle Deck [Noivern]",,,,,,19.67,29.67,35.99,,,Normal,0820650819094
245732,V Battle Deck [Rayquaza V],V Battle Deck Rayquaza V,https://tcgplayer-cdn.tcgplayer.com/product/245732_200w.jpg,3,2374,https://cpt.tcgcsv.com/Gj-2,2021-10-08T04:03:13.39,1,,,,,,"Swoop from the Sky and Bring the Boom — with Rayquaza V!
Welcome the return of Dragon types to the Pokémon TCG with a deck led by Rayquaza V! While Rayquaza V combines the powers of Fire and Lightning!
<br><br>In each box, you’ll find:
<br>• 1 ready-to-play 60-card deck
<br>• 3 reference cards
<br>• 1 rules booklet
<br>• Single-player playmat
<br>• Damage counters
<br>• 1 large metallic coin
<br>• 1 deck box
<br>• 1 Quick Guide to unlock the strategies within
<br>• 1 code card to play this deck online",,,,,,20.76,23.99,35.0,20.84,,Normal,0820650819094
245733,V Battle Deck [Noivern V],V Battle Deck Noivern V,https://tcgplayer-cdn.tcgplayer.com/product/245733_200w.jpg,3,2374,https://cpt.tcgcsv.com/Hj-2,2021-10-08T04:03:13.39,1,,,,,,"Swoop from the Sky and Bring the Boom — with Noivern V!
Welcome the return of Dragon types to the Pokémon TCG with a deck led by Noivern V channels Psychic and Darkness Energy, you can turn your discards into damage, sync up your hand size to deliver crushing blows, and master all the tricks of these V Battle Decks!
<br><br>In each box, you’ll find:
<br>• 1 ready-to-play 60-card deck
<br>• 3 reference cards
<br>• 1 rules booklet
<br>• Single-player playmat
<br>• Damage counters
<br>• 1 large metallic coin
<br>• 1 deck box
<br>• 1 Quick Guide to unlock the strategies within
<br>• 1 code card to play this deck online",,,,,,9.73,10.0,14.99,9.66,,Normal,0820650829093
246484,Vaporeon - 22/98 (Cosmos Holo),Vaporeon 22 98 Cosmos Holo,https://tcgplayer-cdn.tcgplayer.com/product/246484_200w.jpg,3,2374,https://cpt.tcgcsv.com/JC-2,2023-10-03T16:13:04.613,1,022/098,Promo,Water,90,Stage 1,"<strong>Ability — Aqua Effect </strong>
<br>Each of your Stage 1 Pokémon in play is now a Water Pokémon in addition to its existing types.",[2W] Hydro Splash (70),,Gx2,,2,13.6,14.79,29.73,15.48,13.26,Holofoil,
247362,Duraludon - SWSH028 (Gamestop Exclusive),Duraludon SWSH028 Gamestop Exclusive,https://tcgplayer-cdn.tcgplayer.com/product/247362_200w.jpg,3,2374,https://cpt.tcgcsv.com/gZ-2,2025-11-21T20:11:44.317,1,SWSH028,Promo,Metal,130,Basic,,[2M] Metal Claw (70),"[3M] Steel Beam (150)
<br>This Pokémon also does 40 damage to itself.",Rx2,G-30,2,0.99,1.55,19.99,1.2,1.57,Holofoil,
247390,Pikachu - 28/73 (Cosmos Holo),Pikachu 28 73 Cosmos Holo,https://tcgplayer-cdn.tcgplayer.com/product/247390_200w.jpg,3,2374,https://cpt.tcgcsv.com/QZ-2,2025-12-10T03:49:33.827,1,028/073,Promo,Lightning,60,Basic,,"[L] Iron Tail (20x)
<br>Flip a coin until you get tails. This attack does 20 damage for each heads.",,Fx2,M-20,1,14.56,22.0,28.11,17.17,,Holofoil,
247410,Dragonite - 151/236 (Costco Exclusive),Dragonite 151 236 Costco Exclusive,https://tcgplayer-cdn.tcgplayer.com/product/247410_200w.jpg,3,2374,https://cpt.tcgcsv.com/d--2,2022-08-25T18:25:39.277,0,151/236,Promo,Dragon,160,Stage 2,"<strong>Ability — Hurricane Charge</strong>
<br>Once during your turn <em>(before your attack)</em>, you may attach a  Water Energy card, a Lightning Energy card, or 1 of each from your hand to your Pokémon in any way you like.","[2WL] Dragon Impact (170)
<br>Discard 3 Energy from this Pokémon.",,Yx2,,2,13.07,18.0,21.39,10.23,,Holofoil,
247411,Mewtwo - 75/214 (Cosmos Holo) (Costco Exclusive),Mewtwo 75 214 Cosmos Holo Costco Exclusive,https://tcgplayer-cdn.tcgplayer.com/product/247411_200w.jpg,3,2374,https://cpt.tcgcsv.com/f--2,2022-09-26T20:52:41.407,1,075/214,Promo,Psychic,120,Basic,"<strong>Ability — Mind Report</strong>
<br>When you play this Pokémon from your hand onto your Bench during your turn, you may put a Supporter card from your discard pile on top of your deck.","[2P] Psyshock (70)
<br>This attack's damage isn't affected by any effects on your opponent's Active Pokémon.",,Px2,,2,21.59,30.0,37.53,22.01,,Holofoil,
247414,Charizard - 14/181 (Costco Exclusive),Charizard 14 181 Costco Exclusive,https://tcgplayer-cdn.tcgplayer.com/product/247414_200w.jpg,3,2374,https://cpt.tcgcsv.com/j--2,2024-09-21T12:52:20.853,0,014/181,Promo,Fire,150,Stage 2,"<strong>Ability — Roaring Resolve</strong>
<br>Once during your turn <em>(before your attack)</em>, you may put 2 damage counters on this Pokémon. If you do, search your deck for up to 2 Fire Energy cards and attach them to this Pokémon. Then, shuffle your deck.","[RR] Continuous Blaze Ball (30+)
<br>Discard all Fire Energy from this Pokémon. This attack does 50 more damage for each card you discarded in this way.",,Wx2,,2,23.93,31.11,42.67,26.1,,Holofoil,
247469,Mimikyu - 081/189 (Cosmos Holo),Mimikyu 081 189 Cosmos Holo,https://tcgplayer-cdn.tcgplayer.com/product/247469_200w.jpg,3,2374,https://cpt.tcgcsv.com/p_-2,2025-11-24T21:34:27.31,1,081/189,Promo,Psychic,70,Basic,"<strong>Ability — Heal Jamming</strong>
<br>Your opponent's Benched Pokémon can't be healed.",[1P] Claw Slash (30),,Mx2,F-30,1,0.15,0.56,14.95,0.53,0.34,Holofoil,
247818,Mighty Mysterious Tin [Mimikyu],Mighty Mysterious Tin Mimikyu,https://tcgplayer-cdn.tcgplayer.com/product/247818_200w.jpg,3,2374,https://cpt.tcgcsv.com/n8_2,2022-07-13T18:58:57.527,1,,,,,,Each tin contains 3 Pokemon TCG booster packs and a Pokémon Trading Card Game Online code card.,,,,,,68.0,95.99,150.0,68.51,,Normal,
247819,Mighty Mysterious Tin [Darkrai],Mighty Mysterious Tin Darkrai,https://tcgplayer-cdn.tcgplayer.com/product/247819_200w.jpg,3,2374,https://cpt.tcgcsv.com/p8_2,2022-07-13T18:58:48.553,1,,,,,,"Each tin contains 3 Pokemon TCG booster packs and a Pokémon Trading Card Game Online code card.
<br><em>(Booster packs may vary.)</em>",,,,,,55.48,99.85,130.0,55.48,,Normal,
247820,Mighty Mysterious Tin [Snorlax],Mighty Mysterious Tin Snorlax,https://tcgplayer-cdn.tcgplayer.com/product/247820_200w.jpg,3,2374,https://cpt.tcgcsv.com/q8_2,2022-07-13T18:59:02.427,1,,,,,,"Each tin contains 3 Pokemon TCG booster packs and a Pokémon Trading Card Game Online code card.
<br>
<br><em>(Booster pack contents vary.)</em>",,,,,,100.0,115.0,199.99,59.63,,Normal,
248015,Sobble on the Ball - 005/005 (Pokemon Futsal),Sobble on the Ball 005 005 Pokemon Futsal,https://tcgplayer-cdn.tcgplayer.com/product/248015_200w.jpg,3,2374,https://cpt.tcgcsv.com/kd_2,2022-09-08T16:24:43.663,1,005/005,Promo,Water,60,Basic,,"[W] Spectacular Save
<br>Flip a coin. If heads, during your opponent's next turn, prevent all effects of attacks, including damage, done to this Pokémon.",[1W] Rain Splash (20),Lx2,,1,34.99,38.97,55.12,31.61,,Normal,
248016,Scorbunny on the Ball - 004/005 (Pokemon Futsal),Scorbunny on the Ball 004 005 Pokemon Futsal,https://tcgplayer-cdn.tcgplayer.com/product/248016_200w.jpg,3,2374,https://cpt.tcgcsv.com/ld_2,2022-08-27T13:57:49.533,1,004/005,Promo,Fire,60,Basic,,"[R] Fiery Dribbling (20x)
<br>Flip a coin until you get tails. This attack does 20 damage for each heads.","[1R] Reckless Charge (30)
<br>This Pokémon also does 10 damage to itself.",Wx2,,1,39.99,44.08,63.0,38.33,,Normal,
248043,Code Card - Eevee Evolutions Tin [Vaporeon V],Code Card Eevee Evolutions Tin Vaporeon V,https://tcgplayer-cdn.tcgplayer.com/product/248043_200w.jpg,3,2374,https://cpt.tcgcsv.com/Td_2,2025-01-10T13:11:56.263,1,,Code Card,,,,"This listing is <strong>not</strong> a physical item. Please keep in mind that this <strong>Code Card</strong> listing represents a digital copy of the stated item for the Pokémon TCG Online <strong>and/or</strong> the Pokémon TCG Live games. You may receive the physical <strong>Code Card</strong>. Upon purchase, please work with your specific Seller by sending them a message using the <strong>Contact Seller</strong> button on the order details in your <a href=https://store.tcgplayer.com/myaccount/orderhistory>Order History</a> to opt in to having your <strong>Code Card</strong> code delivered digitally due to the nature of the product.",,,,,,0.03,0.09,5.0,0.09,,Normal,
248044,Code Card - Eevee Evolutions Tin [Flareon V],Code Card Eevee Evolutions Tin Flareon V,https://tcgplayer-cdn.tcgplayer.com/product/248044_200w.jpg,3,2374,https://cpt.tcgcsv.com/Vd_2,2025-01-10T13:11:34.243,1,,Code Card,,,,"This listing is <strong>not</strong> a physical item. Please keep in mind that this <strong>Code Card</strong> listing represents a digital copy of the stated item for the Pokémon TCG Online <strong>and/or</strong> the Pokémon TCG Live games. You may receive the physical <strong>Code Card</strong>. Upon purchase, please work with your specific Seller by sending them a message using the <strong>Contact Seller</strong> button on the order details in your <a href=https://store.tcgplayer.com/myaccount/orderhistory>Order History</a> to opt in to having your <strong>Code Card</strong> code delivered digitally due to the nature of the product.",,,,,,0.02,0.1,5.0,0.05,,Normal,
248045,Code Card - Eevee Evolutions Tin [Jolteon V],Code Card Eevee Evolutions Tin Jolteon V,https://tcgplayer-cdn.tcgplayer.com/product/248045_200w.jpg,3,2374,https://cpt.tcgcsv.com/Wd_2,2025-01-10T13:11:44.243,1,,Code Card,,,,"This listing is <strong>not</strong> a physical item. Please keep in mind that this <strong>Code Card</strong> listing represents a digital copy of the stated item for the Pokémon TCG Online <strong>and/or</strong> the Pokémon TCG Live games. You may receive the physical <strong>Code Card</strong>. Upon purchase, please work with your specific Seller by sending them a message using the <strong>Contact Seller</strong> button on the order details in your <a href=https://store.tcgplayer.com/myaccount/orderhistory>Order History</a> to opt in to having your <strong>Code Card</strong> code delivered digitally due to the nature of the product.",,,,,,0.05,0.07,5.0,0.07,,Normal,
248071,League Battle Deck [Single Strike Urshifu VMAX],League Battle Deck Single Strike Urshifu VMAX,https://tcgplayer-cdn.tcgplayer.com/product/248071_200w.jpg,3,2374,https://cpt.tcgcsv.com/rf_2,2021-12-03T14:37:47.553,1,,,,,,"Choose your moment, and strike with raw power! Or strike a thousand times—each time one step closer to victory! Single Strike Urshifu VMAX or Rapid Strike Urshifu VMAX is yours in a powerful, League-ready deck for skilled Trainers and Pokémon TCG players. With a slew of cards including premium foil cards, sought-after power cards, and a well-tuned set of Pokémon and Trainer cards, these League Battle Decks do more than feature one of the most popular Pokémon of the Galar region: they put together all the elements to support you in your next match against friends and neighbors, in person or online! Ready to play and loaded with the potent combos of either Single Strike Urshifu VMAX or Rapid Strike Urshifu VMAX!
<br>Each Pokémon TCG: League Battle Deck includes:
<br>• A full, playable 60-card deck loaded with power cards
<br>• 2 foil cards featuring either Single Strike Urshifu V or Rapid Strike Urshifu V
<br>• 2 foil cards featuring either Single Strike Urshifu VMAX or Rapid Strike Urshifu VMAX
<br>• 2 coin condition markers
<br>• 6 damage-counter dice and 1 competition-legal coin-flip die
<br>• 1 Pokémon TCG rulebook
<br>• 1 Quick Guide to unlock the strategies within
<br>• A code card for the Pokémon Trading Card Game Online",,,,,,18.0,22.35,50.0,18.89,,Normal,0820650829123
248072,League Battle Deck [Rapid Strike Urshifu VMAX],League Battle Deck Rapid Strike Urshifu VMAX,https://tcgplayer-cdn.tcgplayer.com/product/248072_200w.jpg,3,2374,https://cpt.tcgcsv.com/sf_2,2021-12-03T14:39:00.187,1,,,,,,"Choose your moment, and strike with raw power! Or strike a thousand times—each time one step closer to victory! Single Strike Urshifu VMAX or Rapid Strike Urshifu VMAX is yours in a powerful, League-ready deck for skilled Trainers and Pokémon TCG players. With a slew of cards including premium foil cards, sought-after power cards, and a well-tuned set of Pokémon and Trainer cards, these League Battle Decks do more than feature one of the most popular Pokémon of the Galar region: they put together all the elements to support you in your next match against friends and neighbors, in person or online! Ready to play and loaded with the potent combos of either Single Strike Urshifu VMAX or Rapid Strike Urshifu VMAX!
<br>Each Pokémon TCG: League Battle Deck includes:
<br>• A full, playable 60-card deck loaded with power cards
<br>• 2 foil cards featuring either Single Strike Urshifu V or Rapid Strike Urshifu V
<br>• 2 foil cards featuring either Single Strike Urshifu VMAX or Rapid Strike Urshifu VMAX
<br>• 2 coin condition markers
<br>• 6 damage-counter dice and 1 competition-legal coin-flip die
<br>• 1 Pokémon TCG rulebook
<br>• 1 Quick Guide to unlock the strategies within
<br>• A code card for the Pokémon Trading Card Game Online",,,,,,20.0,22.95,50.0,20.95,,Normal,0820650829123
248073,League Battle Deck [Rapid/Single Strike Urshifu VMAX] [Set of 2],League Battle Deck Rapid Single Strike Urshifu VMAX Set of 2,https://tcgplayer-cdn.tcgplayer.com/product/248073_200w.jpg,3,2374,https://cpt.tcgcsv.com/tf_2,2022-01-10T19:52:46.89,1,,,,,,"Choose your moment, and strike with raw power! Or strike a thousand times—each time one step closer to victory! Single Strike Urshifu VMAX or Rapid Strike Urshifu VMAX is yours in a powerful, League-ready deck for skilled Trainers and Pokémon TCG players. With a slew of cards including premium foil cards, sought-after power cards, and a well-tuned set of Pokémon and Trainer cards, these League Battle Decks do more than feature one of the most popular Pokémon of the Galar region: they put together all the elements to support you in your next match against friends and neighbors, in person or online! Ready to play and loaded with the potent combos of either Single Strike Urshifu VMAX or Rapid Strike Urshifu VMAX!
<br><strong>Contains one of each League Battle Deck.</strong>
<br>• 1 League Battle Deck [Rapid Strike Urshifu VMAX]
<br>• 1 League Battle Deck [Single Strike Urshifu VMAX]
<br>Each Pokémon TCG: League Battle Deck includes:
<br>• A full, playable 60-card deck loaded with power cards
<br>• 2 foil cards featuring either Single Strike Urshifu V or Rapid Strike Urshifu V
<br>• 2 foil cards featuring either Single Strike Urshifu VMAX or Rapid Strike Urshifu VMAX
<br>• 2 coin condition markers
<br>• 6 damage-counter dice and 1 competition-legal coin-flip die
<br>• 1 Pokémon TCG rulebook
<br>• 1 Quick Guide to unlock the strategies within
<br>• A code card for the Pokémon Trading Card Game Online",,,,,,45.0,57.5,100.0,42.42,,Normal,0820650829123
248205,Mythical Squishy Premium Collection,Mythical Squishy Premium Collection,https://tcgplayer-cdn.tcgplayer.com/product/248205_200w.jpg,3,2374,https://cpt.tcgcsv.com/7j_2,2021-10-27T04:03:08.387,1,,,,,,"The Mythical Squishy Premium Collection includes:
<br>• 8 Pokémon TCG booster packs
<br>• 1 Mew V promo card
<br>• 1 Victini V promo card
<br>• 1 Celebi V promo card
<br>• 1 Mew squishy toy
<br>• 1 Victini squishy toy
<br>• 1 Celebi squishy toy",,,,,,199.99,199.99,250.0,190.63,,Normal,
248208,Reshiram & Charizard GX Premium Collection,Reshiram and Charizard GX Premium Collection,https://tcgplayer-cdn.tcgplayer.com/product/248208_200w.jpg,3,2374,https://cpt.tcgcsv.com/bj_2,2021-11-17T20:50:47.49,1,,,,,,"This Premium Collection features Reshiram & Charizard GX and contains the following items:
<br>• 10 Pokémon TCG booster packs
<br>• 1 Gold holofoil Reshiram & Charizard-GX promo
<br>• 1 Jumbo Gold holofoil Reshiram & Charizard-GX promo",,,,,,243.09,293.99,1000.0,243.09,,Normal,820650809927
248647,Gengar - 60/162 (Cosmos Holo),Gengar 60 162 Cosmos Holo,https://tcgplayer-cdn.tcgplayer.com/product/248647_200w.jpg,3,2374,https://cpt.tcgcsv.com/Zs_2,2026-02-18T21:07:38.22,1,060/162,Rare,Psychic,130,Stage 2,,"[P] Sinister Fog
<br>Your opponent's Active Pokémon is now Poisoned. Place 1 damage counter on each of your opponent's Benched Pokémon.","[1P] Creep Show
<br>If the opponent's Active Pokémon has 3 or more damage counters on it, that Pokémon is Knocked Out.",Dx2,F-20,,20.0,32.9,60.57,38.26,54.99,Holofoil,
248714,"2 Pack Blister [Snorlax, Morpeko & Applin Cards]",2 Pack Blister Snorlax Morpeko and Applin Cards,https://tcgplayer-cdn.tcgplayer.com/product/248714_200w.jpg,3,2374,https://cpt.tcgcsv.com/jv_2,2024-05-29T19:51:36.413,1,,,,,,"Each two pack blister contains 2 booster packs, a coin, and three promotional cards: Snorlax, Morpeko & Applin.
<br><em>(Booster packs may vary)</em>",,,,,,22.78,25.74,39.99,23.4,,Normal,
248804,Kyurem - 34/101 (Cosmos Holo),Kyurem 34 101 Cosmos Holo,https://tcgplayer-cdn.tcgplayer.com/product/248804_200w.jpg,3,2374,https://cpt.tcgcsv.com/6x_2,2022-09-26T20:50:58.983,1,034/101,Promo,Water,130,Basic,,"[2] Outrage (20+) 
<br>Does 10 more damage for each damage counter on this Pokémon.","[1WW] Glaciate 
<br>This attack does 30 damage to each of your opponent's Pokémon. <em>(Don't apply Weakness and Resistance for Benched Pokémon.)</em>",Mx2,,2,3.46,4.6,40.0,4.49,,Holofoil,
249635,Darkrai - 105/189 (Cosmos Holo),Darkrai 105 189 Cosmos Holo,https://tcgplayer-cdn.tcgplayer.com/product/249635_200w.jpg,3,2374,https://cpt.tcgcsv.com/KS_2,2025-11-04T23:46:18.643,1,105/189,Promo,Darkness,120,Basic,"<strong>Ability — Darkness Guard</strong>
<br>If this Pokémon has a Darkness Energy attached to it, it takes 20 less damage from attacks <em>(after applying Weakness and Resistance)</em>.","[3] Darkness Spiral (60+)
<br>This attack does 20 more damage times the amount of Darkness Energy attached to this Pokémon.",,Gx2,None,2,0.2,0.52,8.81,0.56,0.56,Holofoil,
249689,Vaporeon VMAX Premium Collection,Vaporeon VMAX Premium Collection,https://tcgplayer-cdn.tcgplayer.com/product/249689_200w.jpg,3,2374,https://cpt.tcgcsv.com/PT_2,2021-12-03T05:03:08.31,1,,,,,,"Each Pokémon TCG: Eevee Evolution VMAX Premium Collection includes:
<br>• 1 etched card featuring Vaporeon VMAX, Jolteon VMAX, or Flareon VMAX
<br>• 1 full-art card featuring Vaporeon V, Jolteon V, or Flareon V
<br>• 1 etched oversize card featuring Vaporeon VMAX, Jolteon VMAX, or Flareon VMAX, suitable for display
<br>• 1 colorful pin featuring Vaporeon, Jolteon, or Flareon
<br>• 6 Pokémon TCG booster packs
<br>• 1 large metallic coin
<br>• A code card for the Pokémon Trading Card Game Online",,,,,,305.0,350.0,2999.99,326.98,,Normal,0820650871306
249693,Jolteon VMAX Premium Collection,Jolteon VMAX Premium Collection,https://tcgplayer-cdn.tcgplayer.com/product/249693_200w.jpg,3,2374,https://cpt.tcgcsv.com/TT_2,2021-12-03T05:03:08.31,1,,,,,,"Each Pokémon TCG: Eevee Evolution VMAX Premium Collection includes:
<br>• 1 etched card featuring Vaporeon VMAX, Jolteon VMAX, or Flareon VMAX
<br>• 1 full-art card featuring Vaporeon V, Jolteon V, or Flareon V
<br>• 1 etched oversize card featuring Vaporeon VMAX, Jolteon VMAX, or Flareon VMAX, suitable for display
<br>• 1 colorful pin featuring Vaporeon, Jolteon, or Flareon
<br>• 6 Pokémon TCG booster packs
<br>• 1 large metallic coin
<br>• A code card for the Pokémon Trading Card Game Online",,,,,,255.0,305.0,700.0,275.27,,Normal,0820650871306
249705,Flareon VMAX Premium Collection,Flareon VMAX Premium Collection,https://tcgplayer-cdn.tcgplayer.com/product/249705_200w.jpg,3,2374,https://cpt.tcgcsv.com/7V_2,2021-12-03T05:03:08.31,1,,,,,,"Each Pokémon TCG: Eevee Evolution VMAX Premium Collection includes:
<br>• 1 etched card featuring Vaporeon VMAX, Jolteon VMAX, or Flareon VMAX
<br>• 1 full-art card featuring Vaporeon V, Jolteon V, or Flareon V
<br>• 1 etched oversize card featuring Vaporeon VMAX, Jolteon VMAX, or Flareon VMAX, suitable for display
<br>• 1 colorful pin featuring Vaporeon, Jolteon, or Flareon
<br>• 6 Pokémon TCG booster packs
<br>• 1 large metallic coin
<br>• A code card for the Pokémon Trading Card Game Online",,,,,,280.0,315.0,2999.99,277.56,,Normal,0820650871306
249713,Eevee Evolution VMAX Premium Collection [Set of 3],Eevee Evolution VMAX Premium Collection Set of 3,https://tcgplayer-cdn.tcgplayer.com/product/249713_200w.jpg,3,2374,https://cpt.tcgcsv.com/hV_2,2021-12-03T05:03:08.31,1,,,,,,"Each Pokémon TCG: Eevee Evolution VMAX Premium Collection [Set of 3] includes:
<br>• One of each Premium Collection (Jolteon, Flareon and, Vaporeon)",,,,,,888.88,1000.0,4999.0,919.29,,Normal,0820650871306
249767,Snorlax - 141/192 (Cosmos Holo),Snorlax 141 192 Cosmos Holo,https://tcgplayer-cdn.tcgplayer.com/product/249767_200w.jpg,3,2374,https://cpt.tcgcsv.com/mW_2,2026-01-14T15:57:26.767,1,141/192,Promo,Colorless,150,Basic,,"[1] Collect
<br>Draw 2 cards.","[3] Collapse (120)
<br>This Pokémon is now Asleep.",Fx2,,4,1.33,1.99,5.0,1.63,1.75,Holofoil,
249812,Servine - 3/114 (Cracked Ice Holo),Servine 3 114 Cracked Ice Holo,https://tcgplayer-cdn.tcgplayer.com/product/249812_200w.jpg,3,2374,https://cpt.tcgcsv.com/gX_2,2025-06-03T19:32:38.66,1,003/114,Promo,Grass,80,Stage 1,,"[1] Wrap (20)
<br>
Flip a coin. If heads, the Defending Pokémon is now Paralyzed.",[1G] Tackle (30),Rx2,W-20,1,5.57,7.79,10.0,8.55,,Holofoil,
249813,Dewott - 29/114 (Cracked Ice Holo),Dewott 29 114 Cracked Ice Holo,https://tcgplayer-cdn.tcgplayer.com/product/249813_200w.jpg,3,2374,https://cpt.tcgcsv.com/hX_2,2022-09-26T20:43:15.927,0,029/114,Uncommon,Water,90,Stage 1,,[2] Water Gun (30),"[1WW] Razor Shell (40+)
<br>
Flip a coin. If heads, this attack does 20 more damage.",Lx2,,1,15.99,24.97,50.0,6.94,,Holofoil,
250034,Code Card - Marnie Premium Tournament Collection Box,Code Card Marnie Premium Tournament Collection Box,https://tcgplayer-cdn.tcgplayer.com/product/250034_200w.jpg,3,2374,https://cpt.tcgcsv.com/J003,2022-07-20T19:41:04.617,1,,Code Card,,,,"This listing is <strong>not</strong> a physical item. Please keep in mind that this <strong>Code Card</strong> listing represents a digital copy of the stated item for the Pokémon TCG Online <strong>and/or</strong> the Pokémon TCG Live games. You may receive the physical <strong>Code Card</strong>. Upon purchase, please work with your specific Seller by sending them a message using the <strong>Contact Seller</strong> button on the order details in your <a href=https://store.tcgplayer.com/myaccount/orderhistory>Order History</a> to opt in to having your <strong>Code Card</strong> code delivered digitally due to the nature of the product.",,,,,,7.32,8.5,11.0,7.58,,Normal,
250289,Flareon - 026/185 (Cosmos Holo),Flareon 026 185 Cosmos Holo,https://tcgplayer-cdn.tcgplayer.com/product/250289_200w.jpg,3,2374,https://cpt.tcgcsv.com/P703,2022-09-13T07:14:17.317,1,026/185,Promo,Fire,110,Stage 1,"<strong>Ability — Incandescent Awakening</strong>
<br>If this Pokémon has a Memory Capsule attached, Grass Pokémon in play <em>(both yours and your opponent's)</em> have no Abilities.",[1RR] Fire Mane (100),,Wx2,,2,1.92,4.0,12.0,2.43,,Holofoil,
250290,Vaporeon - 030/185 (Cosmos Holo),Vaporeon 030 185 Cosmos Holo,https://tcgplayer-cdn.tcgplayer.com/product/250290_200w.jpg,3,2374,https://cpt.tcgcsv.com/Q703,2026-01-23T16:23:21.66,1,030/185,Promo,Water,110,Stage 1,"<strong>Ability — Torrential Awakening</strong>
<br>If this Pokémon has a Memory Capsule card attached to it, each player's Fire Pokémon has no Abilities.",[1W] Aurora Beam (70),,Lx2,,2,1.66,2.83,45.0,2.53,,Holofoil,
250291,Jolteon - 047/185 (Cosmos Holo),Jolteon 047 185 Cosmos Holo,https://tcgplayer-cdn.tcgplayer.com/product/250291_200w.jpg,3,2374,https://cpt.tcgcsv.com/R703,2026-02-28T03:38:09.1,1,047/185,Promo,Lightning,100,Stage 1,"<strong>Ability — Thunderous Awakening</strong>
<br>If this Pokémon has a Memory Capsule attached, Water Pokémon in play <em>(both yours and your opponent's)</em> have no Abilities.",[2L] Electric Ball (90),,Fx2,,1,0.5,3.21,45.0,3.17,3.21,Holofoil,
250510,Pikachu - 208/S-P (Yu Nagaba),Pikachu 208 S P Yu Nagaba,https://tcgplayer-cdn.tcgplayer.com/product/250510_200w.jpg,3,2374,https://cpt.tcgcsv.com/dd03,2021-10-04T19:48:09.117,1,208/S-P,Promo,Lightning,60,Basic,"<span style=""color:red""><em>This promotional card was printed in Japanese only.</em></span>","[2L] One-Shot Game (70)
<br>Flip a coin. If tails, this attack does nothing.",,Fx2,None,1,110.0,118.0,1000.0,121.09,,Reverse Holofoil,
251014,Eevee Pokemon Treasure Chest Tin,Eevee Pokemon Treasure Chest Tin,https://tcgplayer-cdn.tcgplayer.com/product/251014_200w.jpg,3,2374,https://cpt.tcgcsv.com/jq03,2021-10-06T22:12:06.327,1,,,,,,"Packed with Pokémon Treasures!
<br>
<br>• 3 cosmos holo promos featuring Vaporeon, Jolteon, & Flareon
<br>• 5 Pokémon TCG booster packs <em>(Packs and contents may vary.)</em>
<br>• Eevee style note pad
<br>• Eevee themed mini-portfolio
<br>• An assortment of Eevee stickers; including Vaporeon, Jolteon & Flareon",,,,,,86.99,105.0,127.0,63.79,,Normal,
251427,Code Card - V Battle Deck Bundle [Rayquaza V/Noivern V],Code Card V Battle Deck Bundle Rayquaza V Noivern V,https://tcgplayer-cdn.tcgplayer.com/product/251427_200w.jpg,3,2374,https://cpt.tcgcsv.com/zB03,2022-07-20T19:18:10.463,1,,Code Card,,,,"This listing is <strong>not</strong> a physical item. Please keep in mind that this <strong>Code Card</strong> listing represents a digital copy of the stated item for the Pokémon TCG Online game. You may receive the physical <strong>Code Card</strong>. Upon purchase, please work with your specific Seller by sending them a message using the <strong>Contact Seller</strong> button on the order details in your <a href=https://store.tcgplayer.com/myaccount/orderhistory>Order History</a> to opt in to having your <strong>Code Card</strong> code delivered digitally due to the nature of the product.",,,,,,,,,,,,
251428,Code Card - V Battle Deck [Noivern V],Code Card V Battle Deck Noivern V,https://tcgplayer-cdn.tcgplayer.com/product/251428_200w.jpg,3,2374,https://cpt.tcgcsv.com/BB03,2022-07-20T19:16:09.567,1,,Code Card,,,,"This listing is <strong>not</strong> a physical item. Please keep in mind that this <strong>Code Card</strong> listing represents a digital copy of the stated item for the Pokémon TCG Online game. You may receive the physical <strong>Code Card</strong>. Upon purchase, please work with your specific Seller by sending them a message using the <strong>Contact Seller</strong> button on the order details in your <a href=https://store.tcgplayer.com/myaccount/orderhistory>Order History</a> to opt in to having your <strong>Code Card</strong> code delivered digitally due to the nature of the product.",,,,,,1.94,2.23,2.5,,,Normal,
251429,Code Card - V Battle Deck [Rayquaza V],Code Card V Battle Deck Rayquaza V,https://tcgplayer-cdn.tcgplayer.com/product/251429_200w.jpg,3,2374,https://cpt.tcgcsv.com/CB03,2022-07-20T19:16:19.383,1,,Code Card,,,,"This listing is <strong>not</strong> a physical item. Please keep in mind that this <strong>Code Card</strong> listing represents a digital copy of the stated item for the Pokémon TCG Online game. You may receive the physical <strong>Code Card</strong>. Upon purchase, please work with your specific Seller by sending them a message using the <strong>Contact Seller</strong> button on the order details in your <a href=https://store.tcgplayer.com/myaccount/orderhistory>Order History</a> to opt in to having your <strong>Code Card</strong> code delivered digitally due to the nature of the product.",,,,,,1.95,1.99,2.43,1.98,,Normal,
251431,Code Card - Galar Collection [Sobble] - with Zamazenta V,Code Card Galar Collection Sobble with Zamazenta V,https://tcgplayer-cdn.tcgplayer.com/product/251431_200w.jpg,3,2374,https://cpt.tcgcsv.com/FB03,2022-07-20T19:34:02.9,1,,Code Card,,,,"This listing is <strong>not</strong> a physical item. Please keep in mind that this <strong>Code Card</strong> listing represents a digital copy of the stated item for the Pokémon TCG Online <strong>and/or</strong> the Pokémon TCG Live games. You may receive the physical <strong>Code Card</strong>. Upon purchase, please work with your specific Seller by sending them a message using the <strong>Contact Seller</strong> button on the order details in your <a href=https://store.tcgplayer.com/myaccount/orderhistory>Order History</a> to opt in to having your <strong>Code Card</strong> code delivered digitally due to the nature of the product.",,,,,,,,,,,,
251432,Code Card - Trainer's Tool Kit (2021),Code Card Trainers Tool Kit 2021,https://tcgplayer-cdn.tcgplayer.com/product/251432_200w.jpg,3,2374,https://cpt.tcgcsv.com/GB03,2022-07-20T19:51:12.19,1,,Code Card,,,,"This listing is <strong>not</strong> a physical item. Please keep in mind that this <strong>Code Card</strong> listing represents a digital copy of the stated item for the Pokémon TCG Online <strong>and/or</strong> the Pokémon TCG Live games. You may receive the physical <strong>Code Card</strong>. Upon purchase, please work with your specific Seller by sending them a message using the <strong>Contact Seller</strong> button on the order details in your <a href=https://store.tcgplayer.com/myaccount/orderhistory>Order History</a> to opt in to having your <strong>Code Card</strong> code delivered digitally due to the nature of the product.",,,,,,0.05,1.0,4.95,,,Normal,
251433,Code Card - Galar Collection [Sobble] - with Zacian V,Code Card Galar Collection Sobble with Zacian V,https://tcgplayer-cdn.tcgplayer.com/product/251433_200w.jpg,3,2374,https://cpt.tcgcsv.com/HB03,2022-07-20T19:31:41.93,1,,Code Card,,,,"This listing is <strong>not</strong> a physical item. Please keep in mind that this <strong>Code Card</strong> listing represents a digital copy of the stated item for the Pokémon TCG Online <strong>and/or</strong> the Pokémon TCG Live games. You may receive the physical <strong>Code Card</strong>. Upon purchase, please work with your specific Seller by sending them a message using the <strong>Contact Seller</strong> button on the order details in your <a href=https://store.tcgplayer.com/myaccount/orderhistory>Order History</a> to opt in to having your <strong>Code Card</strong> code delivered digitally due to the nature of the product.",,,,,,0.02,0.04,0.05,,,Normal,
251434,Code Card - Galar Collection [Scorbunny] - with Zamazenta V,Code Card Galar Collection Scorbunny with Zamazenta V,https://tcgplayer-cdn.tcgplayer.com/product/251434_200w.jpg,3,2374,https://cpt.tcgcsv.com/JB03,2022-07-20T19:31:40.66,1,,Code Card,,,,"This listing is <strong>not</strong> a physical item. Please keep in mind that this <strong>Code Card</strong> listing represents a digital copy of the stated item for the Pokémon TCG Online <strong>and/or</strong> the Pokémon TCG Live games. You may receive the physical <strong>Code Card</strong>. Upon purchase, please work with your specific Seller by sending them a message using the <strong>Contact Seller</strong> button on the order details in your <a href=https://store.tcgplayer.com/myaccount/orderhistory>Order History</a> to opt in to having your <strong>Code Card</strong> code delivered digitally due to the nature of the product.",,,,,,0.01,0.01,0.01,,,Normal,
251435,Code Card - Galar Collection [Scorbunny] - with Zacian V,Code Card Galar Collection Scorbunny with Zacian V,https://tcgplayer-cdn.tcgplayer.com/product/251435_200w.jpg,3,2374,https://cpt.tcgcsv.com/KB03,2022-07-20T19:31:37.15,1,,Code Card,,,,"This listing is <strong>not</strong> a physical item. Please keep in mind that this <strong>Code Card</strong> listing represents a digital copy of the stated item for the Pokémon TCG Online <strong>and/or</strong> the Pokémon TCG Live games. You may receive the physical <strong>Code Card</strong>. Upon purchase, please work with your specific Seller by sending them a message using the <strong>Contact Seller</strong> button on the order details in your <a href=https://store.tcgplayer.com/myaccount/orderhistory>Order History</a> to opt in to having your <strong>Code Card</strong> code delivered digitally due to the nature of the product.",,,,,,,,,,,,
251437,Code Card - Galar Collection [Grookey] - with Zamazenta V,Code Card Galar Collection Grookey with Zamazenta V,https://tcgplayer-cdn.tcgplayer.com/product/251437_200w.jpg,3,2374,https://cpt.tcgcsv.com/MB03,2022-07-20T19:31:23.027,1,,Code Card,,,,"This listing is <strong>not</strong> a physical item. Please keep in mind that this <strong>Code Card</strong> listing represents a digital copy of the stated item for the Pokémon TCG Online <strong>and/or</strong> the Pokémon TCG Live games. You may receive the physical <strong>Code Card</strong>. Upon purchase, please work with your specific Seller by sending them a message using the <strong>Contact Seller</strong> button on the order details in your <a href=https://store.tcgplayer.com/myaccount/orderhistory>Order History</a> to opt in to having your <strong>Code Card</strong> code delivered digitally due to the nature of the product.",,,,,,,,,,,,
251438,Code Card - Galar Collection [Grookey] - with Zacian V,Code Card Galar Collection Grookey with Zacian V,https://tcgplayer-cdn.tcgplayer.com/product/251438_200w.jpg,3,2374,https://cpt.tcgcsv.com/NB03,2022-07-20T19:31:32.26,1,,Code Card,,,,"This listing is <strong>not</strong> a physical item. Please keep in mind that this <strong>Code Card</strong> listing represents a digital copy of the stated item for the Pokémon TCG Online <strong>and/or</strong> the Pokémon TCG Live games. You may receive the physical <strong>Code Card</strong>. Upon purchase, please work with your specific Seller by sending them a message using the <strong>Contact Seller</strong> button on the order details in your <a href=https://store.tcgplayer.com/myaccount/orderhistory>Order History</a> to opt in to having your <strong>Code Card</strong> code delivered digitally due to the nature of the product.",,,,,,0.02,0.02,0.02,,,Normal,
251440,Code Card - Meowth VMAX Special Collection,Code Card Meowth VMAX Special Collection,https://tcgplayer-cdn.tcgplayer.com/product/251440_200w.jpg,3,2374,https://cpt.tcgcsv.com/QB03,2022-07-20T19:41:15.06,1,,Code Card,,,,"This listing is <strong>not</strong> a physical item. Please keep in mind that this <strong>Code Card</strong> listing represents a digital copy of the stated item for the Pokémon TCG Online <strong>and/or</strong> the Pokémon TCG Live games. You may receive the physical <strong>Code Card</strong>. Upon purchase, please work with your specific Seller by sending them a message using the <strong>Contact Seller</strong> button on the order details in your <a href=https://store.tcgplayer.com/myaccount/orderhistory>Order History</a> to opt in to having your <strong>Code Card</strong> code delivered digitally due to the nature of the product.",,,,,,0.57,0.7,1.6,0.66,,Normal,
251442,Code Card - Alolan Sandslash GX Box,Code Card Alolan Sandslash GX Box,https://tcgplayer-cdn.tcgplayer.com/product/251442_200w.jpg,3,2374,https://cpt.tcgcsv.com/SB03,2022-07-20T19:14:28.743,1,,Code Card,,,,"This listing is <strong>not</strong> a physical item. Please keep in mind that this <strong>Code Card</strong> listing represents a digital copy of the stated item for the Pokémon TCG Online <strong>and/or</strong> the Pokémon TCG Live games. You may receive the physical <strong>Code Card</strong>. Upon purchase, please work with your specific Seller by sending them a message using the <strong>Contact Seller</strong> button on the order details in your <a href=https://store.tcgplayer.com/myaccount/orderhistory>Order History</a> to opt in to having your <strong>Code Card</strong> code delivered digitally due to the nature of the product.",,,,,,1.5,1.5,1.5,,,Normal,
251461,Code Card - TAG TEAM Powers Collection [Espeon & Deoxys GX],Code Card TAG TEAM Powers Collection Espeon and Deoxys GX,https://tcgplayer-cdn.tcgplayer.com/product/251461_200w.jpg,3,2374,https://cpt.tcgcsv.com/fC03,2022-07-20T19:42:23.323,1,,Code Card,,,,"This listing is <strong>not</strong> a physical item. Please keep in mind that this <strong>Code Card</strong> listing represents a digital copy of the stated item for the Pokémon TCG Online <strong>and/or</strong> the Pokémon TCG Live games. You may receive the physical <strong>Code Card</strong>. Upon purchase, please work with your specific Seller by sending them a message using the <strong>Contact Seller</strong> button on the order details in your <a href=https://store.tcgplayer.com/myaccount/orderhistory>Order History</a> to opt in to having your <strong>Code Card</strong> code delivered digitally due to the nature of the product.",,,,,,1.5,1.5,1.5,1.0,,Normal,
251462,Code Card - TAG TEAM Powers Collection [Umbreon & Darkrai GX],Code Card TAG TEAM Powers Collection Umbreon and Darkrai GX,https://tcgplayer-cdn.tcgplayer.com/product/251462_200w.jpg,3,2374,https://cpt.tcgcsv.com/gC03,2022-07-20T19:46:19.063,1,,Code Card,,,,"This listing is <strong>not</strong> a physical item. Please keep in mind that this <strong>Code Card</strong> listing represents a digital copy of the stated item for the Pokémon TCG Online <strong>and/or</strong> the Pokémon TCG Live games. You may receive the physical <strong>Code Card</strong>. Upon purchase, please work with your specific Seller by sending them a message using the <strong>Contact Seller</strong> button on the order details in your <a href=https://store.tcgplayer.com/myaccount/orderhistory>Order History</a> to opt in to having your <strong>Code Card</strong> code delivered digitally due to the nature of the product.",,,,,,4.0,4.5,4.99,4.99,,Normal,
251463,Code Card - League Battle Deck [Inteleon VMAX],Code Card League Battle Deck Inteleon VMAX,https://tcgplayer-cdn.tcgplayer.com/product/251463_200w.jpg,3,2374,https://cpt.tcgcsv.com/hC03,2022-07-20T19:32:54.87,1,,Code Card,,,,"This listing is <strong>not</strong> a physical item. Please keep in mind that this <strong>Code Card</strong> listing represents a digital copy of the stated item for the Pokémon TCG Online <strong>and/or</strong> the Pokémon TCG Live games. You may receive the physical <strong>Code Card</strong>. Upon purchase, please work with your specific Seller by sending them a message using the <strong>Contact Seller</strong> button on the order details in your <a href=https://store.tcgplayer.com/myaccount/orderhistory>Order History</a> to opt in to having your <strong>Code Card</strong> code delivered digitally due to the nature of the product.",,,,,,0.1,2.55,5.0,,,Normal,
251502,Code Card - League Battle Decks [Pikachu & Zekrom GX],Code Card League Battle Decks Pikachu and Zekrom GX,https://tcgplayer-cdn.tcgplayer.com/product/251502_200w.jpg,3,2374,https://cpt.tcgcsv.com/3D03,2022-07-20T19:33:00.013,1,,Code Card,,,,"This listing is <strong>not</strong> a physical item. Please keep in mind that this <strong>Code Card</strong> listing represents a digital copy of the stated item for the Pokémon TCG Online <strong>and/or</strong> the Pokémon TCG Live games. You may receive the physical <strong>Code Card</strong>. Upon purchase, please work with your specific Seller by sending them a message using the <strong>Contact Seller</strong> button on the order details in your <a href=https://store.tcgplayer.com/myaccount/orderhistory>Order History</a> to opt in to having your <strong>Code Card</strong> code delivered digitally due to the nature of the product.",,,,,,11.99,12.5,12.73,,,Normal,
251503,Code Card - League Battle Decks [Reshiram & Charizard GX],Code Card League Battle Decks Reshiram and Charizard GX,https://tcgplayer-cdn.tcgplayer.com/product/251503_200w.jpg,3,2374,https://cpt.tcgcsv.com/5D03,2022-07-20T19:33:01.413,1,,Code Card,,,,"This listing is <strong>not</strong> a physical item. Please keep in mind that this <strong>Code Card</strong> listing represents a digital copy of the stated item for the Pokémon TCG Online <strong>and/or</strong> the Pokémon TCG Live games. You may receive the physical <strong>Code Card</strong>. Upon purchase, please work with your specific Seller by sending them a message using the <strong>Contact Seller</strong> button on the order details in your <a href=https://store.tcgplayer.com/myaccount/orderhistory>Order History</a> to opt in to having your <strong>Code Card</strong> code delivered digitally due to the nature of the product.",,,,,,4.2,7.44,15.95,4.0,,Normal,
251504,Code Card - Trainer's Tool Kit (2020),Code Card Trainers Tool Kit 2020,https://tcgplayer-cdn.tcgplayer.com/product/251504_200w.jpg,3,2374,https://cpt.tcgcsv.com/6D03,2022-07-20T19:51:05.053,1,,Code Card,,,,"This listing is <strong>not</strong> a physical item. Please keep in mind that this <strong>Code Card</strong> listing represents a digital copy of the stated item for the Pokémon TCG Online <strong>and/or</strong> the Pokémon TCG Live games. You may receive the physical <strong>Code Card</strong>. Upon purchase, please work with your specific Seller by sending them a message using the <strong>Contact Seller</strong> button on the order details in your <a href=https://store.tcgplayer.com/myaccount/orderhistory>Order History</a> to opt in to having your <strong>Code Card</strong> code delivered digitally due to the nature of the product.",,,,,,1.9,3.59,4.95,,,Normal,
251517,Code Card - V Battle Deck Bundle [Victini V/Gardevoir V],Code Card V Battle Deck Bundle Victini V Gardevoir V,https://tcgplayer-cdn.tcgplayer.com/product/251517_200w.jpg,3,2374,https://cpt.tcgcsv.com/mD03,2022-07-20T19:18:36.82,1,,Code Card,,,,"This listing is <strong>not</strong> a physical item. Please keep in mind that this <strong>Code Card</strong> listing represents a digital copy of the stated item for the Pokémon TCG Online <strong>and/or</strong> the Pokémon TCG Live games. You may receive the physical <strong>Code Card</strong>. Upon purchase, please work with your specific Seller by sending them a message using the <strong>Contact Seller</strong> button on the order details in your <a href=https://store.tcgplayer.com/myaccount/orderhistory>Order History</a> to opt in to having your <strong>Code Card</strong> code delivered digitally due to the nature of the product.",,,,,,1.5,1.5,1.5,,,Normal,
251519,Code Card - V Battle Deck [Gardevoir V],Code Card V Battle Deck Gardevoir V,https://tcgplayer-cdn.tcgplayer.com/product/251519_200w.jpg,3,2374,https://cpt.tcgcsv.com/pD03,2022-07-20T19:15:57.95,1,,Code Card,,,,"This listing is <strong>not</strong> a physical item. Please keep in mind that this <strong>Code Card</strong> listing represents a digital copy of the stated item for the Pokémon TCG Online <strong>and/or</strong> the Pokémon TCG Live games. You may receive the physical <strong>Code Card</strong>. Upon purchase, please work with your specific Seller by sending them a message using the <strong>Contact Seller</strong> button on the order details in your <a href=https://store.tcgplayer.com/myaccount/orderhistory>Order History</a> to opt in to having your <strong>Code Card</strong> code delivered digitally due to the nature of the product.",,,,,,1.0,1.35,1.53,1.1,,Normal,
251522,Code Card - V Battle Deck [Victini V],Code Card V Battle Deck Victini V,https://tcgplayer-cdn.tcgplayer.com/product/251522_200w.jpg,3,2374,https://cpt.tcgcsv.com/sD03,2022-07-20T19:17:51.663,1,,Code Card,,,,"This listing is <strong>not</strong> a physical item. Please keep in mind that this <strong>Code Card</strong> listing represents a digital copy of the stated item for the Pokémon TCG Online <strong>and/or</strong> the Pokémon TCG Live games. You may receive the physical <strong>Code Card</strong>. Upon purchase, please work with your specific Seller by sending them a message using the <strong>Contact Seller</strong> button on the order details in your <a href=https://store.tcgplayer.com/myaccount/orderhistory>Order History</a> to opt in to having your <strong>Code Card</strong> code delivered digitally due to the nature of the product.",,,,,,0.29,1.22,1.4,0.25,,Normal,
251525,Code Card - Blastoise VMAX Battle Box,Code Card Blastoise VMAX Battle Box,https://tcgplayer-cdn.tcgplayer.com/product/251525_200w.jpg,3,2374,https://cpt.tcgcsv.com/wD03,2022-07-20T19:15:19.847,1,,Code Card,,,,"This listing is <strong>not</strong> a physical item. Please keep in mind that this <strong>Code Card</strong> listing represents a digital copy of the stated item for the Pokémon TCG Online <strong>and/or</strong> the Pokémon TCG Live games. You may receive the physical <strong>Code Card</strong>. Upon purchase, please work with your specific Seller by sending them a message using the <strong>Contact Seller</strong> button on the order details in your <a href=https://store.tcgplayer.com/myaccount/orderhistory>Order History</a> to opt in to having your <strong>Code Card</strong> code delivered digitally due to the nature of the product.",,,,,,3.49,3.72,6.0,,,Normal,
251526,Code Card - Venusaur VMAX Battle Box,Code Card Venusaur VMAX Battle Box,https://tcgplayer-cdn.tcgplayer.com/product/251526_200w.jpg,3,2374,https://cpt.tcgcsv.com/xD03,2022-07-20T19:22:29.547,1,,Code Card,,,,"This listing is <strong>not</strong> a physical item. Please keep in mind that this <strong>Code Card</strong> listing represents a digital copy of the stated item for the Pokémon TCG Online <strong>and/or</strong> the Pokémon TCG Live games. You may receive the physical <strong>Code Card</strong>. Upon purchase, please work with your specific Seller by sending them a message using the <strong>Contact Seller</strong> button on the order details in your <a href=https://store.tcgplayer.com/myaccount/orderhistory>Order History</a> to opt in to having your <strong>Code Card</strong> code delivered digitally due to the nature of the product.",,,,,,2.35,2.5,3.0,2.5,,Normal,
251528,Code Card - V Powers Tin [Eevee V],Code Card V Powers Tin Eevee V,https://tcgplayer-cdn.tcgplayer.com/product/251528_200w.jpg,3,2374,https://cpt.tcgcsv.com/BD03,2022-07-20T19:20:20.18,1,,Code Card,,,,"This listing is <strong>not</strong> a physical item. Please keep in mind that this <strong>Code Card</strong> listing represents a digital copy of the stated item for the Pokémon TCG Online <strong>and/or</strong> the Pokémon TCG Live games. You may receive the physical <strong>Code Card</strong>. Upon purchase, please work with your specific Seller by sending them a message using the <strong>Contact Seller</strong> button on the order details in your <a href=https://store.tcgplayer.com/myaccount/orderhistory>Order History</a> to opt in to having your <strong>Code Card</strong> code delivered digitally due to the nature of the product.",,,,,,0.05,0.12,0.5,0.12,,Normal,
251529,Code Card - V Powers Tin [Eternatus V],Code Card V Powers Tin Eternatus V,https://tcgplayer-cdn.tcgplayer.com/product/251529_200w.jpg,3,2374,https://cpt.tcgcsv.com/CD03,2022-07-20T19:20:42.347,1,,Code Card,,,,"This listing is <strong>not</strong> a physical item. Please keep in mind that this <strong>Code Card</strong> listing represents a digital copy of the stated item for the Pokémon TCG Online <strong>and/or</strong> the Pokémon TCG Live games. You may receive the physical <strong>Code Card</strong>. Upon purchase, please work with your specific Seller by sending them a message using the <strong>Contact Seller</strong> button on the order details in your <a href=https://store.tcgplayer.com/myaccount/orderhistory>Order History</a> to opt in to having your <strong>Code Card</strong> code delivered digitally due to the nature of the product.",,,,,,0.05,0.09,0.5,0.05,,Normal,
251530,Code Card - V Powers Tin [Pikachu V],Code Card V Powers Tin Pikachu V,https://tcgplayer-cdn.tcgplayer.com/product/251530_200w.jpg,3,2374,https://cpt.tcgcsv.com/DD03,2022-07-20T19:20:56.18,1,,Code Card,,,,"This listing is <strong>not</strong> a physical item. Please keep in mind that this <strong>Code Card</strong> listing represents a digital copy of the stated item for the Pokémon TCG Online <strong>and/or</strong> the Pokémon TCG Live games. You may receive the physical <strong>Code Card</strong>. Upon purchase, please work with your specific Seller by sending them a message using the <strong>Contact Seller</strong> button on the order details in your <a href=https://store.tcgplayer.com/myaccount/orderhistory>Order History</a> to opt in to having your <strong>Code Card</strong> code delivered digitally due to the nature of the product.",,,,,,0.03,0.1,0.73,,,Normal,
251539,Code Card - Jirachi GX Collection,Code Card Jirachi GX Collection,https://tcgplayer-cdn.tcgplayer.com/product/251539_200w.jpg,3,2374,https://cpt.tcgcsv.com/PD03,2022-07-20T19:32:38.707,1,,Code Card,,,,"This listing is <strong>not</strong> a physical item. Please keep in mind that this <strong>Code Card</strong> listing represents a digital copy of the stated item for the Pokémon TCG Online <strong>and/or</strong> the Pokémon TCG Live games. You may receive the physical <strong>Code Card</strong>. Upon purchase, please work with your specific Seller by sending them a message using the <strong>Contact Seller</strong> button on the order details in your <a href=https://store.tcgplayer.com/myaccount/orderhistory>Order History</a> to opt in to having your <strong>Code Card</strong> code delivered digitally due to the nature of the product.",,,,,,0.6,0.6,1.25,,,Normal,
251541,Code Card - Small but Mighty Premium Collection,Code Card Small but Mighty Premium Collection,https://tcgplayer-cdn.tcgplayer.com/product/251541_200w.jpg,3,2374,https://cpt.tcgcsv.com/RD03,2022-07-20T19:47:47.273,1,,Code Card,,,,"This listing is <strong>not</strong> a physical item. Please keep in mind that this <strong>Code Card</strong> listing represents a digital copy of the stated item for the Pokémon TCG Online <strong>and/or</strong> the Pokémon TCG Live games. You may receive the physical <strong>Code Card</strong>. Upon purchase, please work with your specific Seller by sending them a message using the <strong>Contact Seller</strong> button on the order details in your <a href=https://store.tcgplayer.com/myaccount/orderhistory>Order History</a> to opt in to having your <strong>Code Card</strong> code delivered digitally due to the nature of the product.",,,,,,0.5,1.99,4.95,,,Normal,
251552,Code Card - V Battle Deck Bundle [Venusaur V/Blastoise V],Code Card V Battle Deck Bundle Venusaur V Blastoise V,https://tcgplayer-cdn.tcgplayer.com/product/251552_200w.jpg,3,2374,https://cpt.tcgcsv.com/3F03,2022-07-20T19:18:21.537,1,,Code Card,,,,"This listing is <strong>not</strong> a physical item. Please keep in mind that this <strong>Code Card</strong> listing represents a digital copy of the stated item for the Pokémon TCG Online <strong>and/or</strong> the Pokémon TCG Live games. You may receive the physical <strong>Code Card</strong>. Upon purchase, please work with your specific Seller by sending them a message using the <strong>Contact Seller</strong> button on the order details in your <a href=https://store.tcgplayer.com/myaccount/orderhistory>Order History</a> to opt in to having your <strong>Code Card</strong> code delivered digitally due to the nature of the product.",,,,,,,,,,,,
251554,Code Card - V Battle Deck [Venusaur V],Code Card V Battle Deck Venusaur V,https://tcgplayer-cdn.tcgplayer.com/product/251554_200w.jpg,3,2374,https://cpt.tcgcsv.com/6F03,2022-07-20T19:17:39.053,1,,Code Card,,,,"This listing is <strong>not</strong> a physical item. Please keep in mind that this <strong>Code Card</strong> listing represents a digital copy of the stated item for the Pokémon TCG Online <strong>and/or</strong> the Pokémon TCG Live games. You may receive the physical <strong>Code Card</strong>. Upon purchase, please work with your specific Seller by sending them a message using the <strong>Contact Seller</strong> button on the order details in your <a href=https://store.tcgplayer.com/myaccount/orderhistory>Order History</a> to opt in to having your <strong>Code Card</strong> code delivered digitally due to the nature of the product.",,,,,,2.4,2.45,2.49,2.75,,Normal,
251556,Code Card - V Battle Deck [Blastoise V],Code Card V Battle Deck Blastoise V,https://tcgplayer-cdn.tcgplayer.com/product/251556_200w.jpg,3,2374,https://cpt.tcgcsv.com/8F03,2022-07-20T19:39:52.863,1,,Code Card,,,,"This listing is <strong>not</strong> a physical item. Please keep in mind that this <strong>Code Card</strong> listing represents a digital copy of the stated item for the Pokémon TCG Online <strong>and/or</strong> the Pokémon TCG Live games. You may receive the physical <strong>Code Card</strong>. Upon purchase, please work with your specific Seller by sending them a message using the <strong>Contact Seller</strong> button on the order details in your <a href=https://store.tcgplayer.com/myaccount/orderhistory>Order History</a> to opt in to having your <strong>Code Card</strong> code delivered digitally due to the nature of the product.",,,,,,,,,,,,
251566,Code Card - Galar Challengers Tin [Copperajah V],Code Card Galar Challengers Tin Copperajah V,https://tcgplayer-cdn.tcgplayer.com/product/251566_200w.jpg,3,2374,https://cpt.tcgcsv.com/lF03,2022-07-20T19:31:17.767,1,,Code Card,,,,"This listing is <strong>not</strong> a physical item. Please keep in mind that this <strong>Code Card</strong> listing represents a digital copy of the stated item for the Pokémon TCG Online <strong>and/or</strong> the Pokémon TCG Live games. You may receive the physical <strong>Code Card</strong>. Upon purchase, please work with your specific Seller by sending them a message using the <strong>Contact Seller</strong> button on the order details in your <a href=https://store.tcgplayer.com/myaccount/orderhistory>Order History</a> to opt in to having your <strong>Code Card</strong> code delivered digitally due to the nature of the product.",,,,,,0.5,0.5,0.5,,,Normal,
251568,Code Card - Galar Challengers Tin [Polteageist V],Code Card Galar Challengers Tin Polteageist V,https://tcgplayer-cdn.tcgplayer.com/product/251568_200w.jpg,3,2374,https://cpt.tcgcsv.com/nF03,2022-07-20T19:31:18.383,1,,Code Card,,,,"This listing is <strong>not</strong> a physical item. Please keep in mind that this <strong>Code Card</strong> listing represents a digital copy of the stated item for the Pokémon TCG Online <strong>and/or</strong> the Pokémon TCG Live games. You may receive the physical <strong>Code Card</strong>. Upon purchase, please work with your specific Seller by sending them a message using the <strong>Contact Seller</strong> button on the order details in your <a href=https://store.tcgplayer.com/myaccount/orderhistory>Order History</a> to opt in to having your <strong>Code Card</strong> code delivered digitally due to the nature of the product.",,,,,,,,,,,,
251570,Code Card - Galar Challengers Tin [Toxtricity V],Code Card Galar Challengers Tin Toxtricity V,https://tcgplayer-cdn.tcgplayer.com/product/251570_200w.jpg,3,2374,https://cpt.tcgcsv.com/qF03,2022-07-20T19:31:30.267,1,,Code Card,,,,"This listing is <strong>not</strong> a physical item. Please keep in mind that this <strong>Code Card</strong> listing represents a digital copy of the stated item for the Pokémon TCG Online <strong>and/or</strong> the Pokémon TCG Live games. You may receive the physical <strong>Code Card</strong>. Upon purchase, please work with your specific Seller by sending them a message using the <strong>Contact Seller</strong> button on the order details in your <a href=https://store.tcgplayer.com/myaccount/orderhistory>Order History</a> to opt in to having your <strong>Code Card</strong> code delivered digitally due to the nature of the product.",,,,,,1.0,1.0,1.0,,,Normal,
251572,Code Card - Sword & Shield Ultra-Premium Collection - Zacian & Zamazenta,Code Card Sword and Shield Ultra Premium Collection Zacian and Zamazenta,https://tcgplayer-cdn.tcgplayer.com/product/251572_200w.jpg,3,2374,https://cpt.tcgcsv.com/sF03,2022-07-20T19:48:26.37,1,,Code Card,,,,"This listing is <strong>not</strong> a physical item. Please keep in mind that this <strong>Code Card</strong> listing represents a digital copy of the stated item for the Pokémon TCG Online <strong>and/or</strong> the Pokémon TCG Live games. You may receive the physical <strong>Code Card</strong>. Upon purchase, please work with your specific Seller by sending them a message using the <strong>Contact Seller</strong> button on the order details in your <a href=https://store.tcgplayer.com/myaccount/orderhistory>Order History</a> to opt in to having your <strong>Code Card</strong> code delivered digitally due to the nature of the product.",,,,,,1.3,1.3,1.3,,,Normal,
251575,Code Card - League Battle Deck [Zacian V],Code Card League Battle Deck Zacian V,https://tcgplayer-cdn.tcgplayer.com/product/251575_200w.jpg,3,2374,https://cpt.tcgcsv.com/wF03,2022-07-20T19:32:58.84,1,,Code Card,,,,"This listing is <strong>not</strong> a physical item. Please keep in mind that this <strong>Code Card</strong> listing represents a digital copy of the stated item for the Pokémon TCG Online <strong>and/or</strong> the Pokémon TCG Live games. You may receive the physical <strong>Code Card</strong>. Upon purchase, please work with your specific Seller by sending them a message using the <strong>Contact Seller</strong> button on the order details in your <a href=https://store.tcgplayer.com/myaccount/orderhistory>Order History</a> to opt in to having your <strong>Code Card</strong> code delivered digitally due to the nature of the product.",,,,,,2.5,2.97,5.0,,,Normal,
252516,Pikachu - 58/102 (Celebrations Metal Card),Pikachu 58 102 Celebrations Metal Card,https://tcgplayer-cdn.tcgplayer.com/product/252516_200w.jpg,3,2374,https://cpt.tcgcsv.com/l023,2022-09-26T20:56:32.17,1,058/102,Promo,Lightning,40,Basic,,[1] Gnaw (10),"[1L] Thunder Jolt (30)
<br>Flip a coin. If tails, Pikachu does 10 damage to itself.",F,,1,84.73,134.99,500.0,99.03,,Holofoil,
252517,Charizard (Celebrations Metal Card),Charizard Celebrations Metal Card,https://tcgplayer-cdn.tcgplayer.com/product/252517_200w.jpg,3,2374,https://cpt.tcgcsv.com/m023,2022-09-26T20:40:46.887,1,004/102,Promo,Fire,120,Stage 2,"<strong>Pokémon Power: Energy Burn</strong> As often as you like during you turn <em>(before your attack)</em>, you may turn all Energy attached to Charizard into Fire Energy for the rest of the turn. This power can't be used if Charizard is Asleep, Confused, or Paralyzed.","[RRRR] Fire Spin (100)
<br>Discard 2 Energy cards attached to Charizard in order to use this attack.",,W,F-30,3,155.0,200.0,1000.0,189.38,,Holofoil,
253396,Pikachu & Zekrom GX Premium Collection,Pikachu and Zekrom GX Premium Collection,https://tcgplayer-cdn.tcgplayer.com/product/253396_200w.jpg,3,2374,https://cpt.tcgcsv.com/Xm23,2021-11-01T23:45:50.6,2,,,,,,"A Team of Pokemon-GX Working Together!
<br>A TAG TEAM can be stronger than a Pokemon battling solo. Two Pokémon can be stronger when they join forces, as you're bound to learn after checking out this Tag Team Pikachu & Zekrom GX Premium Collection!
<br>
<br>Includes:
<br>This Tag Team Pikachu & Zekrom GX Premium Collection contains:
<br>• 10x Boosters <em>(contents and packs vary)</em>
<br>• 1x Gold Foil [Pikachu and Zekrom GX] (Unreleased gold version)
<br>• 1x Oversized foil card [Gold Pikachu & Zekrom GX]
<br>• 1x Code Card",,,,,,245.0,340.0,999.99,221.71,,Normal,
253839,Kanto Friends Mini Tins 5-Pack,Kanto Friends Mini Tins 5 Pack,https://tcgplayer-cdn.tcgplayer.com/product/253839_200w.jpg,3,2374,https://cpt.tcgcsv.com/Px23,2021-11-06T12:53:18.107,1,,,,,,"Each product contains 5 Kanto Friends Mini Tins designs and 4 reverse cosmos holo promo cards.
<br>
<br><strong>Kanto Friends Mini Tin contents:</strong>
<br>• 2 Pokemon TCG booster packs
<br>• 1 Pokemon coin
<br>• 1 Pokemon art card 
<br>
<br><em>(Pokemon TCG booster packs, coins, and contents vary by product.)</em>",,,,,,500.0,500.0,500.0,172.03,,Normal,0820650100642
253840,Eevee - 130/185 (Reverse Cosmos Holo),Eevee 130 185 Reverse Cosmos Holo,https://tcgplayer-cdn.tcgplayer.com/product/253840_200w.jpg,3,2374,https://cpt.tcgcsv.com/Qx23,2023-02-23T13:35:34.81,1,130/185,Common,Colorless,70,Basic,,[1] Gnaw (10),[2] Tail Whip (20),Fx2,,1,18.2,19.6,21.99,18.78,,Reverse Holofoil,
253841,Pikachu - 065/202 (Reverse Cosmos Holo),Pikachu 065 202 Reverse Cosmos Holo,https://tcgplayer-cdn.tcgplayer.com/product/253841_200w.jpg,3,2374,https://cpt.tcgcsv.com/Rx23,2022-08-27T12:26:19.173,1,065/202,Promo,Lightning,60,Basic,,"[1] Charge
<br>Search your deck for a Lightning Energy card and attach it to this Pokémon. Then, shuffle your deck.",[1L] Electro Ball (20),Fx2,,1,28.67,28.67,28.67,13.35,,Reverse Holofoil,
253842,Charmander - 023/185 (Reverse Cosmos Holo),Charmander 023 185 Reverse Cosmos Holo,https://tcgplayer-cdn.tcgplayer.com/product/253842_200w.jpg,3,2374,https://cpt.tcgcsv.com/Sx23,2022-08-25T15:51:00.023,1,023/185,Promo,Fire,70,Basic,,"[R] Collect
<br>Draw a card.",[RR] Flare (30),Wx2,,1,12.0,17.5,29.99,11.0,16.98,Reverse Holofoil,
253843,Magikarp - 039/192 (Reverse Cosmos Holo),Magikarp 039 192 Reverse Cosmos Holo,https://tcgplayer-cdn.tcgplayer.com/product/253843_200w.jpg,3,2374,https://cpt.tcgcsv.com/Tx23,2025-10-14T01:52:52.577,1,039/192,Promo,Water,30,Basic,,"[1] Leap Out
<br>Switch this Pokémon with 1 of your Benched Pokémon.",,Lx2,,1,175.0,175.0,175.0,42.68,,Reverse Holofoil,
254761,Zapdos - 15/62 (Cosmos Holo),Zapdos 15 62 Cosmos Holo,https://tcgplayer-cdn.tcgplayer.com/product/254761_200w.jpg,3,2374,https://cpt.tcgcsv.com/fW23,2025-07-10T13:21:11.613,1,015/062,Promo,Lightning,80,Basic,,"[LLLL] Thunderstorm (40)
<br>For each of your opponent's Benched Pokémon, flip a coin. If heads, this attack does 20 damage to that Pokémon. <em>(Don't apply Weakness and Resistance for Benched Pokémon.)</em> Then, Zapdos does 10 damage times the number of tails to itself.",,,F-30,2,12.34,13.46,31.19,23.02,,Holofoil,
256123,Code Card - Reshiram & Charizard GX Premium Collection,Code Card Reshiram and Charizard GX Premium Collection,https://tcgplayer-cdn.tcgplayer.com/product/256123_200w.jpg,3,2374,https://cpt.tcgcsv.com/ts33,2022-07-20T19:43:32.617,1,,Code Card,,,,"This listing is <strong>not</strong> a physical item. Please keep in mind that this <strong>Code Card</strong> listing represents a digital copy of the stated item for the Pokémon TCG Online <strong>and/or</strong> the Pokémon TCG Live games. You may receive the physical <strong>Code Card</strong>. Upon purchase, please work with your specific Seller by sending them a message using the <strong>Contact Seller</strong> button on the order details in your <a href=https://store.tcgplayer.com/myaccount/orderhistory>Order History</a> to opt in to having your <strong>Code Card</strong> code delivered digitally due to the nature of the product.",,,,,,0.14,0.25,1.99,,,Normal,
256408,Costco Pokemon Collector 3-Pack: Eevee Treasure Chest + 2 Poke Ball Tins,Costco Pokemon Collector 3 Pack Eevee Treasure Chest plus 2 Poke Ball Tins,https://tcgplayer-cdn.tcgplayer.com/product/256408_200w.jpg,3,2374,https://cpt.tcgcsv.com/bB33,2022-11-29T15:38:29.23,1,,,,,,"This unique Costco exclusive comes with an Eeveelution themed Treasure Chest, 2 random Poke Ball tins, and 3 cosmos holofoil Eevee promo cards.
<br><br>Eevee Treasure Chest
<br><strong>Contents:</strong>
<br>• 3 cosmos holofoil promos featuring Flareon, Jolteon, & Vaporeon
<br>• 5 Pokémon TCG booster packs <em>(Packs and contents may vary.)</em>
<br>• 1 Eevee collectible coin
<br>• Eeveelution themed stickers
<br>• Eeveelution themed notepad
<br>• 1 Eeveelution themed mini portfolio
<br><br>Poke Ball Tin
<br><strong>Contents:</strong>
<br>* 3 Pokémon TCG booster packs <em>(Packs and contents may vary.)</em>
<br>* 1 coin
<br>
<br><em><strong>Disclaimer:</strong> Pokémon TCG booster packs included in product can be from any series release— XY series, Sun & Moon series, Sword & Shield series, etc. Packs received vary and no guarantees on contents.</em> Sealed product may also vary in color and SKU.",,,,,,199.98,199.98,199.98,132.2,,Normal,
256830,V Powers Tin [Pikachu V] (International Version),V Powers Tin Pikachu V International Version,https://tcgplayer-cdn.tcgplayer.com/product/256830_200w.jpg,3,2374,https://cpt.tcgcsv.com/DL33,2021-11-26T18:37:18.21,1,,,,,,"Product contents:
<br>• 1 foil Pikachu V
<br>• 4 Pokémon TCG Booster packs
<br>• A code card to unlock a promo card in the Pokémon Trading Card Game Online
<br>
<br><em>Cards vary by pack. Packs may vary by product.</em>",,,,,,67.98,71.49,75.0,36.59,,Normal,
256831,V Powers Tin [Eevee V] (International Version),V Powers Tin Eevee V International Version,https://tcgplayer-cdn.tcgplayer.com/product/256831_200w.jpg,3,2374,https://cpt.tcgcsv.com/FL33,2021-11-26T18:37:59.797,1,,,,,,"Product contents:
<br>• 1 foil Eevee V
<br>• 4 Pokémon TCG Booster packs
<br>• A code card to unlock a promo card in the Pokémon Trading Card Game Online
<br>
<br><em>Cards vary by pack. Packs may vary by product.</em>",,,,,,40.98,74.97,85.0,40.43,,Normal,
256832,V Powers Tin [Eternatus V] (International Version),V Powers Tin Eternatus V International Version,https://tcgplayer-cdn.tcgplayer.com/product/256832_200w.jpg,3,2374,https://cpt.tcgcsv.com/GL33,2021-11-26T18:38:32.147,1,,,,,,"Product contents:
<br>• 1 foil Eternatus V
<br>• 4 Pokémon TCG Booster packs
<br>• A code card to unlock a promo card in the Pokémon Trading Card Game Online
<br>
<br><em>Cards vary by pack. Packs may vary by product.</em>",,,,,,39.49,80.0,93.98,36.14,,Normal,
256833,V Powers Tin [Set of 3] (International Version),V Powers Tin Set of 3 International Version,https://tcgplayer-cdn.tcgplayer.com/product/256833_200w.jpg,3,2374,https://cpt.tcgcsv.com/HL33,2021-11-26T18:46:45.38,1,,,,,,"Contains one of each V Powers Tin. 
<br>Each V Powers Tin contains:
<br>• 1 foil Eternatus V, Pikachu V, or Eevee V (based on tin)
<br>• 4 Pokémon TCG Booster packs (per tin)
<br>• A code card to unlock a promo card in the Pokémon Trading Card Game Online (per tin)
<br>
<br><em>Cards vary by pack. Packs may vary by product.</em>",,,,,,144.99,149.98,199.99,,,Normal,
257422,Code Card - League Battle Deck [Rapid Strike Urshifu VMAX],Code Card League Battle Deck Rapid Strike Urshifu VMAX,https://tcgplayer-cdn.tcgplayer.com/product/257422_200w.jpg,3,2374,https://cpt.tcgcsv.com/s-33,2022-07-20T19:32:56.33,1,,Code Card,,,,"This listing is <strong>not</strong> a physical item. Please keep in mind that this <strong>Code Card</strong> listing represents a digital copy of the stated item for the Pokémon TCG Online <strong>and/or</strong> the Pokémon TCG Live games. You may receive the physical <strong>Code Card</strong>. Upon purchase, please work with your specific Seller by sending them a message using the <strong>Contact Seller</strong> button on the order details in your <a href=https://store.tcgplayer.com/myaccount/orderhistory>Order History</a> to opt in to having your <strong>Code Card</strong> code delivered digitally due to the nature of the product.",,,,,,5.0,5.0,5.0,5.0,,Normal,
257423,Code Card - League Battle Deck [Single Strike Urshifu VMAX],Code Card League Battle Deck Single Strike Urshifu VMAX,https://tcgplayer-cdn.tcgplayer.com/product/257423_200w.jpg,3,2374,https://cpt.tcgcsv.com/t-33,2022-07-20T19:32:57.733,1,,Code Card,,,,"This listing is <strong>not</strong> a physical item. Please keep in mind that this <strong>Code Card</strong> listing represents a digital copy of the stated item for the Pokémon TCG Online <strong>and/or</strong> the Pokémon TCG Live games. You may receive the physical <strong>Code Card</strong>. Upon purchase, please work with your specific Seller by sending them a message using the <strong>Contact Seller</strong> button on the order details in your <a href=https://store.tcgplayer.com/myaccount/orderhistory>Order History</a> to opt in to having your <strong>Code Card</strong> code delivered digitally due to the nature of the product.",,,,,,,,,,,,
257496,Vivillon - 15/162 (Cosmos Holo),Vivillon 15 162 Cosmos Holo,https://tcgplayer-cdn.tcgplayer.com/product/257496_200w.jpg,3,2374,https://cpt.tcgcsv.com/X_33,2023-03-09T16:26:39.247,1,015/162,Promo,Grass,120,Stage 2,"<b>Ability — Energy Color</b>
<br>Once during your turn <em>(before your attack)</em>, flip a coin. If heads, search your deck for a basic Energy card and attach it to 1 of your Pokémon. Shuffle your deck afterward.","[2G] Sleep Powder (60)
<br>your opponent's Active Pokémon is now Asleep.",,Rx2,,1,0.29,0.6,4.0,0.61,,Holofoil,
257540,Code Card - Pikachu & Zekrom GX Premium Collection,Code Card Pikachu and Zekrom GX Premium Collection,https://tcgplayer-cdn.tcgplayer.com/product/257540_200w.jpg,3,2374,https://cpt.tcgcsv.com/Q053,2022-07-20T19:42:01.403,1,,Code Card,,,,"This listing is <strong>not</strong> a physical item. Please keep in mind that this <strong>Code Card</strong> listing represents a digital copy of the stated item for the Pokémon TCG Online <strong>and/or</strong> the Pokémon TCG Live games. You may receive the physical <strong>Code Card</strong>. Upon purchase, please work with your specific Seller by sending them a message using the <strong>Contact Seller</strong> button on the order details in your <a href=https://store.tcgplayer.com/myaccount/orderhistory>Order History</a> to opt in to having your <strong>Code Card</strong> code delivered digitally due to the nature of the product.",,,,,,0.03,0.15,1.99,0.08,,Normal,
257542,Code Card - Salamence Dragons Tin,Code Card Salamence Dragons Tin,https://tcgplayer-cdn.tcgplayer.com/product/257542_200w.jpg,3,2374,https://cpt.tcgcsv.com/S053,2022-07-20T19:43:35.22,1,,Code Card,,,,"This listing is <strong>not</strong> a physical item. Please keep in mind that this <strong>Code Card</strong> listing represents a digital copy of the stated item for the Pokémon TCG Online <strong>and/or</strong> the Pokémon TCG Live games. You may receive the physical <strong>Code Card</strong>. Upon purchase, please work with your specific Seller by sending them a message using the <strong>Contact Seller</strong> button on the order details in your <a href=https://store.tcgplayer.com/myaccount/orderhistory>Order History</a> to opt in to having your <strong>Code Card</strong> code delivered digitally due to the nature of the product.",,,,,,0.04,0.07,0.15,0.04,,Normal,
257543,Code Card - Dragonite Dragons Tin,Code Card Dragonite Dragons Tin,https://tcgplayer-cdn.tcgplayer.com/product/257543_200w.jpg,3,2374,https://cpt.tcgcsv.com/T053,2022-07-20T19:25:20.677,1,,Code Card,,,,"This listing is <strong>not</strong> a physical item. Please keep in mind that this <strong>Code Card</strong> listing represents a digital copy of the stated item for the Pokémon TCG Online <strong>and/or</strong> the Pokémon TCG Live games. You may receive the physical <strong>Code Card</strong>. Upon purchase, please work with your specific Seller by sending them a message using the <strong>Contact Seller</strong> button on the order details in your <a href=https://store.tcgplayer.com/myaccount/orderhistory>Order History</a> to opt in to having your <strong>Code Card</strong> code delivered digitally due to the nature of the product.",,,,,,0.01,0.05,0.29,0.05,,Normal,
257546,"Code Card - 2 Pack Blister [Snorlax, Morpeko & Applin Cards]",Code Card 2 Pack Blister Snorlax Morpeko and Applin Cards,https://tcgplayer-cdn.tcgplayer.com/product/257546_200w.jpg,3,2374,https://cpt.tcgcsv.com/X053,2022-07-20T19:14:19.35,1,,Code Card,,,,"This listing is <strong>not</strong> a physical item. Please keep in mind that this <strong>Code Card</strong> listing represents a digital copy of the stated item for the Pokémon TCG Online <strong>and/or</strong> the Pokémon TCG Live games. You may receive the physical <strong>Code Card</strong>. Upon purchase, please work with your specific Seller by sending them a message using the <strong>Contact Seller</strong> button on the order details in your <a href=https://store.tcgplayer.com/myaccount/orderhistory>Order History</a> to opt in to having your <strong>Code Card</strong> code delivered digitally due to the nature of the product.",,,,,,0.04,0.14,0.49,0.14,,Normal,
257547,Code Card - Strong Bonds Tin [Gardevoir],Code Card Strong Bonds Tin Gardevoir,https://tcgplayer-cdn.tcgplayer.com/product/257547_200w.jpg,3,2374,https://cpt.tcgcsv.com/Z053,2022-07-20T19:47:59.29,1,,Code Card,,,,"This listing is <strong>not</strong> a physical item. Please keep in mind that this <strong>Code Card</strong> listing represents a digital copy of the stated item for the Pokémon TCG Online <strong>and/or</strong> the Pokémon TCG Live games. You may receive the physical <strong>Code Card</strong>. Upon purchase, please work with your specific Seller by sending them a message using the <strong>Contact Seller</strong> button on the order details in your <a href=https://store.tcgplayer.com/myaccount/orderhistory>Order History</a> to opt in to having your <strong>Code Card</strong> code delivered digitally due to the nature of the product.",,,,,,0.02,0.1,0.5,,,Normal,
257550,Code Card - Mythical Squishy Premium Collection,Code Card Mythical Squishy Premium Collection,https://tcgplayer-cdn.tcgplayer.com/product/257550_200w.jpg,3,2374,https://cpt.tcgcsv.com/0253,2022-07-20T19:41:50.557,1,,Code Card,,,,"This listing is <strong>not</strong> a physical item. Please keep in mind that this <strong>Code Card</strong> listing represents a digital copy of the stated item for the Pokémon TCG Online <strong>and/or</strong> the Pokémon TCG Live games. You may receive the physical <strong>Code Card</strong>. Upon purchase, please work with your specific Seller by sending them a message using the <strong>Contact Seller</strong> button on the order details in your <a href=https://store.tcgplayer.com/myaccount/orderhistory>Order History</a> to opt in to having your <strong>Code Card</strong> code delivered digitally due to the nature of the product.",,,,,,0.22,0.3,1.0,,,Normal,
257712,Poke Ball Tin Display (Q4 2018),Poke Ball Tin Display Q4 2018,https://tcgplayer-cdn.tcgplayer.com/product/257712_200w.jpg,3,2374,https://cpt.tcgcsv.com/g653,2022-06-15T20:48:24.49,1,,,,,,"Each Poké Ball Tin Display for the Winter 2018 contains 6 Poké Ball Tins:
<br>• 5 Poké Ball & 1 Quick Ball
<br>• Each individual tin contains 3 Pokémon TCG Booster Packs and 1 Pokémon coin.
<br><em>(Poké Ball Tins and Pokémon TCG booster packs may vary by product.)</em>
<br><strong>SKU:</strong> PKU80367",,,,,,,,,,,,820650823671
257713,Poke Ball Tin Display (Q1 2019),Poke Ball Tin Display Q1 2019,https://tcgplayer-cdn.tcgplayer.com/product/257713_200w.jpg,3,2374,https://cpt.tcgcsv.com/h653,2022-06-15T20:47:45.837,1,,,,,,"Each Poké Ball Tin Display for the early Spring 2019 contains 6 Poké Ball Tins:
<br>• 3 Poké Ball, 2 Great Ball, & 1 Luxury Ball
<br>• Each individual tin contains 3 Pokémon TCG Booster Packs and 1 Pokémon coin.
<br><em>(Poké Ball Tins and Pokémon TCG booster packs may vary by product.)</em>
<br><strong>SKU:</strong> PKU80539",,,,,,624.99,624.99,624.99,,,Normal,820650803673
257714,Poke Ball Tin Display (Q3 2019),Poke Ball Tin Display Q3 2019,https://tcgplayer-cdn.tcgplayer.com/product/257714_200w.jpg,3,2374,https://cpt.tcgcsv.com/j653,2022-06-15T20:48:18.593,1,,,,,,"Each Poké Ball Tin Display for the Fall 2019 contains 6 Poké Ball Tins:
<br>• 2 Poké Ball, 1 Great Ball, 1 Quick Ball, & 2 Premier Ball
<br>• Each individual tin contains 3 Pokémon TCG Booster Packs and 1 Pokémon coin.
<br><em>(Poké Ball Tins and Pokémon TCG booster packs may vary by product.)</em>
<br><strong>SKU:</strong> PKU80396",,,,,,,,,,,,820650803673
257715,Poke Ball Tin Display (Q1 2020),Poke Ball Tin Display Q1 2020,https://tcgplayer-cdn.tcgplayer.com/product/257715_200w.jpg,3,2374,https://cpt.tcgcsv.com/k653,2022-06-15T20:47:55.3,1,,,,,,"Each Poké Ball Tin Display for the early Spring 2020 contains 6 Poké Ball Tins:
<br>• 2 Poké Ball, 2 Dive Ball, & 2 Ultra Ball
<br>• Each individual tin contains 3 Pokémon TCG Booster Packs and 1 Pokémon coin.
<br><em>(Poké Ball Tins and Pokémon TCG booster packs may vary by product.)</em>
<br><strong>SKU:</strong> PKU80676",,,,,,,,,,,,820650826764
257716,Poke Ball Tin Display (Q2 2020),Poke Ball Tin Display Q2 2020,https://tcgplayer-cdn.tcgplayer.com/product/257716_200w.jpg,3,2374,https://cpt.tcgcsv.com/l653,2022-06-15T20:48:08.757,1,,,,,,"Each Poké Ball Tin Display for the Spring 2020 contains 6 Poké Ball Tins:
<br>• 1 Poké Ball, 1 Ultra Ball, 1 Premier Ball, 2 Dusk Ball, & 1 Great Ball
<br>• Each individual tin contains 3 Pokémon TCG Booster Packs and 1 Pokémon coin.
<br><em>(Poké Ball Tins and Pokémon TCG booster packs may vary by product.)</em>
<br><strong>SKU:</strong> PKU80736",,,,,,,,,,,,820650827365
257717,Poke Ball Tin Display (Q1 2021),Poke Ball Tin Display Q1 2021,https://tcgplayer-cdn.tcgplayer.com/product/257717_200w.jpg,3,2374,https://cpt.tcgcsv.com/m653,2022-06-15T20:48:02.383,1,,,,,,"Each Poké Ball Tin Display for the early Spring 2021 contains 6 Poké Ball Tins:
<br>• 1 Poké Ball, 2 Level Ball, 1 Great Ball, 1 Premier Ball & 1 Ultra Ball
<br>• Each individual tin contains 3 Pokémon TCG Booster Packs and 1 Pokémon coin.
<br><em>(Poké Ball Tins and Pokémon TCG booster packs may vary by product.)</em>
<br><strong>SKU:</strong> PKU80842",,,,,,389.99,389.99,389.99,,,Normal,820650828423
257718,Poke Ball Tin Display (Q4 2021),Poke Ball Tin Display Q4 2021,https://tcgplayer-cdn.tcgplayer.com/product/257718_200w.jpg,3,2374,https://cpt.tcgcsv.com/n653,2022-06-15T20:48:31.25,1,,,,,,"Each Poké Ball Tin Display for the Winter 2021 contains 6 Poké Ball Tins:
<br>• 1 Poké Ball, 1 Great Ball, 1 Premier Ball, 1 Ultra Ball, 1 Quick Ball & 1 Luxury Ball
<br>• Each individual tin contains 3 Pokémon TCG Booster Packs and 1 Pokémon coin.
<br><em>(Poké Ball Tins and Pokémon TCG booster packs may vary by product.)</em>
<br><strong>SKU:</strong> PKU80976",,,,,,295.0,314.85,500.0,299.0,,Normal,820650829765
257770,Pikachu - 26/83 (20th Anniversary),Pikachu 26 83 20th Anniversary,https://tcgplayer-cdn.tcgplayer.com/product/257770_200w.jpg,3,2374,https://cpt.tcgcsv.com/q753,2022-09-26T20:53:32.78,1,026/083,Promo,Lightning,60,Basic,,"[1] Nuzzle 
<br>Flip a coin. If heads, your opponent's Active Pokémon is now Paralyzed.","[2] Quick Attack (20+)
<br>Flip a coin. If heads, this attack does 10 more damage.",Fx2,M-20,1,,,,,,,
260709,Pikachu V Box,Pikachu V Box,https://tcgplayer-cdn.tcgplayer.com/product/260709_200w.jpg,3,2374,https://cpt.tcgcsv.com/cj63,2022-03-28T18:03:21.163,1,,,,,,"Have a Lightning Blast—with Pikachu V! 
<br><br>Full of electrifying spirit, Pikachu V enters the battlefield with the tenacity to take on even the mightiest of Pokémon! This determined Pokémon V is ready to join your deck as a playable foil promo card, and you’ll find more fun cards in a trio of Pokémon TCG booster packs!
<br>The Pokémon TCG: Pikachu V Box includes:
<br>• 1 foil promo card featuring Pikachu V
<br>• 1 foil card featuring Mimikyu
<br>• 1 foil oversize card featuring Pikachu V
<br>• 4 Pokémon TCG booster packs
<br>• A code card for Pokémon TCG Live",,,,,,40.0,50.0,149.99,46.15,,Normal,
260710,Mimikyu - 081/189,Mimikyu 081 189,https://tcgplayer-cdn.tcgplayer.com/product/260710_200w.jpg,3,2374,https://cpt.tcgcsv.com/dj63,2022-08-27T11:58:01.07,1,081/189,Promo,Psychic,70,Basic,"<strong>Ability — Heal Jamming</strong>
<br>Your opponent's Benched Pokémon can't be healed.",[1P] Claw Slash (30),,Mx2,F-30,1,0.2,0.49,5.0,0.54,,Holofoil,
260865,Pokemon Stacking Tin: Water,Pokemon Stacking Tin Water,https://tcgplayer-cdn.tcgplayer.com/product/260865_200w.jpg,3,2374,https://cpt.tcgcsv.com/km63,2022-02-25T15:30:47.163,1,,,,,,"This handy Pokémon TCG: Stacking Tin stacks
neatly with others and contains:
<br>• 3 Pokemon TCG booster packs
<br>• 1 Pokemon coin",,,,,,53.9,53.9,53.9,35.95,,Normal,820650829055
260866,Pokemon Stacking Tin: Grass,Pokemon Stacking Tin Grass,https://tcgplayer-cdn.tcgplayer.com/product/260866_200w.jpg,3,2374,https://cpt.tcgcsv.com/lm63,2022-02-25T15:30:28.837,1,,,,,,"This handy Pokémon TCG: Stacking Tin stacks
neatly with others and contains:
<br>• 3 Pokemon TCG booster packs
<br>• 1 Pokemon coin",,,,,,53.9,54.45,54.99,39.11,,Normal,820650829055
260867,Pokemon Stacking Tin: Electric,Pokemon Stacking Tin Electric,https://tcgplayer-cdn.tcgplayer.com/product/260867_200w.jpg,3,2374,https://cpt.tcgcsv.com/mm63,2022-02-25T15:30:13.693,1,,,,,,"This handy Pokémon TCG: Stacking Tin stacks
neatly with others and contains:
<br>• 3 Pokemon TCG booster packs
<br>• 1 Pokemon coin",,,,,,48.97,51.44,53.9,34.63,,Normal,820650829055
260868,Pokemon Stacking Tins [Set of 6],Pokemon Stacking Tins Set of 6,https://tcgplayer-cdn.tcgplayer.com/product/260868_200w.jpg,3,2374,https://cpt.tcgcsv.com/nm63,2022-02-25T15:31:25.76,1,,,,,,"Each Pokemon Stacking Tins [Set of 6] contains the following:
<br>• 2 Pokemon Stacking Tin: Water
<br>• 2 Pokemon Stacking Tin: Grass
<br>• 2 Pokemon Stacking Tin: Electric
<br>
<br>These handy Pokémon TCG: Stacking Tins stack
neatly with others and contain:
<br>• 3 Pokemon TCG booster packs
<br>• 1 Pokemon coin",,,,,,311.98,311.98,499.99,,,Normal,820650829086
260869,Pokemon Stacking Tins [Set of 3],Pokemon Stacking Tins Set of 3,https://tcgplayer-cdn.tcgplayer.com/product/260869_200w.jpg,3,2374,https://cpt.tcgcsv.com/pm63,2022-02-25T15:31:12.45,1,,,,,,"Each Pokemon Stacking Tins [Set of 3] contains the following:
<br>• 1 Pokemon Stacking Tin: Water
<br>• 1 Pokemon Stacking Tin: Grass
<br>• 1 Pokemon Stacking Tin: Electric
<br>
<br>These handy Pokémon TCG: Stacking Tins stack
neatly with others and contain:
<br>• 3 Pokemon TCG booster packs
<br>• 1 Pokemon coin",,,,,,136.9,148.4,159.9,111.68,,Normal,
261779,Spring 2022 Collector Bundle,Spring 2022 Collector Bundle,https://tcgplayer-cdn.tcgplayer.com/product/261779_200w.jpg,3,2374,https://cpt.tcgcsv.com/CK63,2022-04-08T04:03:07.76,1,,,,,,"The Pokémon Trading Card Game: Collector Bundle includes:
<br>7 Pokémon TCG booster packs
<br>3 foil promo cards featuring Rowlet, Cyndaquil, and Oshawott!
<br>A cool Pokémon coin
<br>4 colorful sticker sheets
<br>A Pokémon notebook",,,,,,88.94,109.85,499.99,78.86,,Normal,
262212,Code Card - V Forces Tin [Lucario V],Code Card V Forces Tin Lucario V,https://tcgplayer-cdn.tcgplayer.com/product/262212_200w.jpg,3,2374,https://cpt.tcgcsv.com/gV63,2022-07-20T19:19:04.27,1,,Code Card,,,,"This listing is <strong>not</strong> a physical item. Please keep in mind that this <strong>Code Card</strong> listing represents a digital copy of the stated item for the Pokémon TCG Online <strong>and/or</strong> the Pokémon TCG Live games. You may receive the physical <strong>Code Card</strong>. Upon purchase, please work with your specific Seller by sending them a message using the <strong>Contact Seller</strong> button on the order details in your <a href=https://store.tcgplayer.com/myaccount/orderhistory>Order History</a> to opt in to having your <strong>Code Card</strong> code delivered digitally due to the nature of the product.",,,,,,0.09,0.11,0.49,0.09,,Normal,
262213,Code Card - Mighty Mysterious Tin [Darkrai],Code Card Mighty Mysterious Tin Darkrai,https://tcgplayer-cdn.tcgplayer.com/product/262213_200w.jpg,3,2374,https://cpt.tcgcsv.com/hV63,2022-07-20T19:41:17.76,1,,Code Card,,,,"This listing is <strong>not</strong> a physical item. Please keep in mind that this <strong>Code Card</strong> listing represents a digital copy of the stated item for the Pokémon TCG Online <strong>and/or</strong> the Pokémon TCG Live games. You may receive the physical <strong>Code Card</strong>. Upon purchase, please work with your specific Seller by sending them a message using the <strong>Contact Seller</strong> button on the order details in your <a href=https://store.tcgplayer.com/myaccount/orderhistory>Order History</a> to opt in to having your <strong>Code Card</strong> code delivered digitally due to the nature of the product.",,,,,,0.01,0.05,0.25,0.01,,Normal,
262214,Code Card - Mighty Mysterious Tin [Mimikyu],Code Card Mighty Mysterious Tin Mimikyu,https://tcgplayer-cdn.tcgplayer.com/product/262214_200w.jpg,3,2374,https://cpt.tcgcsv.com/jV63,2022-07-20T19:41:19.313,1,,Code Card,,,,"This listing is <strong>not</strong> a physical item. Please keep in mind that this <strong>Code Card</strong> listing represents a digital copy of the stated item for the Pokémon TCG Online <strong>and/or</strong> the Pokémon TCG Live games. You may receive the physical <strong>Code Card</strong>. Upon purchase, please work with your specific Seller by sending them a message using the <strong>Contact Seller</strong> button on the order details in your <a href=https://store.tcgplayer.com/myaccount/orderhistory>Order History</a> to opt in to having your <strong>Code Card</strong> code delivered digitally due to the nature of the product.",,,,,,0.02,0.09,0.67,0.05,,Normal,
262506,Pansage - 7/114 (Energy Holo),Pansage 7 114 Energy Holo,https://tcgplayer-cdn.tcgplayer.com/product/262506_200w.jpg,3,2374,https://cpt.tcgcsv.com/8073,2022-09-26T20:53:03.383,0,007/114,Promo,Grass,60,Basic,<em>Note: This item was distributed as a Double Album Box exclusive.</em>,[1] Scratch (10),[2G] Vine Whip (30),Rx2,W-20,1,2.56,14.99,24.98,2.63,,Reverse Holofoil,
262510,Panpour - 33/114 (Energy Holo),Panpour 33 114 Energy Holo,https://tcgplayer-cdn.tcgplayer.com/product/262510_200w.jpg,3,2374,https://cpt.tcgcsv.com/d073,2022-10-11T13:30:31.603,0,033/114,Promo,Water,60,Basic,<em>Note: This item was distributed as a Double Album Box exclusive.</em>,[1] Scratch (10),[2W] Water Gun (30),Lx2,,1,1.99,5.5,9.0,8.85,,Reverse Holofoil,
262637,Lucario VSTAR Premium Collection,Lucario VSTAR Premium Collection,https://tcgplayer-cdn.tcgplayer.com/product/262637_200w.jpg,3,2374,https://cpt.tcgcsv.com/M373,2022-04-08T14:32:25.103,1,,,,,,"Become an Aura Star — with Lucario VSTAR!
<br>Channeling all of its determination and might, Lucario VSTAR unleashes an Aura Star for the ages! In this collection, you get playable foil cards featuring Lucario V and Lucario VSTAR, plus an oversize version of Lucario VSTAR for display. You’ll also find a Lucario pin featuring a unique design, a glimmering Lucario coin, and Pokémon TCG booster packs with even more cool and powerful Pokémon.

<br>Each Pokémon TCG: Lucario VSTAR Premium Collection includes:

<br>• 1 etched promo card featuring Lucario V
<br>• 1 etched promo card featuring Lucario VSTAR
<br>• 1 etched oversize card featuring Lucario VSTAR
<br>• 1 colorful collector’s pin featuring Lucario
<br>• 1 metallic coin featuring Lucario
<br>• 1 acrylic VSTAR marker
<br>• 6 Pokémon TCG booster packs
<br>• A code card for Pokémon Trading Card Game Live",,,,,,76.15,84.98,209.95,67.69,,Normal,
262638,Sinnoh Star Mini Tin [Piplup],Sinnoh Star Mini Tin Piplup,https://tcgplayer-cdn.tcgplayer.com/product/262638_200w.jpg,3,2374,https://cpt.tcgcsv.com/N373,2024-10-22T21:31:07.16,1,,,,,,"Pokémon Favorites in the Palm of Your Hand!
<br>In this Sinnoh Stars Mini Tin, you’ll find:
<br>• 2 Pokémon TCG booster packs
<br>• 1 metallic Pokémon coin
<br>• A Pokémon art card showing the art from this Mini Tin—you can collect and combine all 5!",,,,,,99.0,99.0,99.0,23.52,,Normal,
262639,Sinnoh Star Mini Tin [Riolu],Sinnoh Star Mini Tin Riolu,https://tcgplayer-cdn.tcgplayer.com/product/262639_200w.jpg,3,2374,https://cpt.tcgcsv.com/P373,2022-04-08T04:03:08.013,1,,,,,,"Pokémon Favorites in the Palm of Your Hand!
<br>In this Sinnoh Stars Mini Tin, you’ll find:
<br>• 2 Pokémon TCG booster packs
<br>• 1 metallic Pokémon coin
<br>• A Pokémon art card showing the art from this Mini Tin—you can collect and combine all 5!",,,,,,29.99,39.95,49.99,22.49,,Normal,
262640,Sinnoh Star Mini Tin [Turtwig],Sinnoh Star Mini Tin Turtwig,https://tcgplayer-cdn.tcgplayer.com/product/262640_200w.jpg,3,2374,https://cpt.tcgcsv.com/Q373,2022-04-08T04:03:08.013,1,,,,,,"Pokémon Favorites in the Palm of Your Hand!
<br>In this Sinnoh Stars Mini Tin, you’ll find:
<br>• 2 Pokémon TCG booster packs
<br>• 1 metallic Pokémon coin
<br>• A Pokémon art card showing the art from this Mini Tin—you can collect and combine all 5!",,,,,,24.0,29.36,49.99,23.23,,Normal,
262641,Sinnoh Star Mini Tin [Chimchar],Sinnoh Star Mini Tin Chimchar,https://tcgplayer-cdn.tcgplayer.com/product/262641_200w.jpg,3,2374,https://cpt.tcgcsv.com/R373,2022-04-08T04:03:08.013,1,,,,,,"Pokémon Favorites in the Palm of Your Hand!
<br>In this Sinnoh Stars Mini Tin, you’ll find:
<br>• 2 Pokémon TCG booster packs
<br>• 1 metallic Pokémon coin
<br>• A Pokémon art card showing the art from this Mini Tin—you can collect and combine all 5!",,,,,,22.0,26.0,49.99,21.9,,Normal,
262642,Sinnoh Star Mini Tin [Munchlax],Sinnoh Star Mini Tin Munchlax,https://tcgplayer-cdn.tcgplayer.com/product/262642_200w.jpg,3,2374,https://cpt.tcgcsv.com/S373,2022-04-08T04:03:08.013,1,,,,,,"Pokémon Favorites in the Palm of Your Hand!
<br>In this Sinnoh Stars Mini Tin, you’ll find:
<br>• 2 Pokémon TCG booster packs
<br>• 1 metallic Pokémon coin
<br>• A Pokémon art card showing the art from this Mini Tin—you can collect and combine all 5!",,,,,,99.0,99.0,99.0,24.74,,Normal,
262646,Morpeko V-UNION Special Collection,Morpeko V UNION Special Collection,https://tcgplayer-cdn.tcgplayer.com/product/262646_200w.jpg,3,2374,https://cpt.tcgcsv.com/X373,2022-04-08T04:03:08.097,1,,,,,,"Serve Up a Big Buffet of Attacks— with Morpeko V-UNION!
<br>Feisty little Morpeko makes a big impression as a Pokémon V-UNION! With help from Professor
Burnet, you can assemble Morpeko V-UNION and its smorgasbord of attacks that let you gobble up
Energy and other useful cards, and then aim for victory with massive amounts of damage! You also get
an oversize card for display, plus a handful of Pokémon TCG booster packs containing more surprises.
<br>The Pokémon TCG: Morpeko V-UNION Special Collection includes:
<br>• 4 promo cards that make up a single Morpeko V-UNION
<br>• 1 oversize card featuring Morpeko V-UNION
<br>• 1 helpful Supporter card featuring Professor Burnet
<br>• 4 Pokémon TCG booster packs
<br>• A code card for Pokémon Trading Card Game Live",,,,,,67.49,81.0,240.0,51.64,,Normal,
262968,Boltund V Box,Boltund V Box,https://tcgplayer-cdn.tcgplayer.com/product/262968_200w.jpg,3,2374,https://cpt.tcgcsv.com/nc73,2022-04-22T04:03:07.35,1,,,,,,"Charge Toward Victory—with Boltund V!
<br>By channeling electricity into its legs, Boltund V can run nonstop for three full days! Using versatile moves, this quick Pokémon
has the speed you need to unleash electrifying combos in your next Pokémon TCG match. In addition to a foil promo card featuring Boltund V, you’ll find extra treasures in Pokémon TCG booster packs
<br>The Pokémon TCG: Boltund V Box includes:
<br>• 1 foil promo card featuring Boltund V
<br>• 1 foil oversize card featuring Boltund V
<br>• 1 foil promo card featuring Wooloo
<br>• 4 Pokémon TCG booster packs
<br>• A code card for Pokémon Trading Card Game Live",,,,,,55.99,76.99,100.0,59.36,,Normal,
262969,V Heroes Tin [Espeon V],V Heroes Tin Espeon V,https://tcgplayer-cdn.tcgplayer.com/product/262969_200w.jpg,3,2374,https://cpt.tcgcsv.com/pc73,2022-04-29T12:58:53.793,1,,,,,,"Level up your game with the Pokémon TCG: V Heroes Tin, featuring powerful Evolutions of Eevee as
Pokémon V! Will you choose the relaxing radiance of Espeon V, the staggering stare of Umbreon V, or
the gracious gifts of Sylveon V? Not only do these tins come with a battle-ready Pokémon V, but they
also include a trove of treasures in Pokémon TCG booster packs.
<br>In this tin, you’ll find:
<br>• 1 foil card featuring Espeon V!
<br>• 5 Pokémon TCG booster packs
<br>• A code card for Pokémon Trading Card Game Live
<br><br><em>(Pokemon TCG booster packs vary by product.)</em>",,,,,,82.0,131.0,199.99,66.83,,Normal,
262970,V Heroes Tin [Sylveon V],V Heroes Tin Sylveon V,https://tcgplayer-cdn.tcgplayer.com/product/262970_200w.jpg,3,2374,https://cpt.tcgcsv.com/qc73,2022-04-29T12:59:23.627,1,,,,,,"Level up your game with the Pokémon TCG: V Heroes Tin, featuring powerful Evolutions of Eevee as
Pokémon V! Will you choose the relaxing radiance of Espeon V, the staggering stare of Umbreon V, or
the gracious gifts of Sylveon V? Not only do these tins come with a battle-ready Pokémon V, but they
also include a trove of treasures in Pokémon TCG booster packs.
<br>In this tin, you’ll find:
<br>• 1 foil card featuring Sylveon V!
<br>• 5 Pokémon TCG booster packs
<br>• A code card for Pokémon Trading Card Game Live",,,,,,125.0,136.99,299.99,82.52,,Normal,
262971,V Heroes Tin [Umbreon V],V Heroes Tin Umbreon V,https://tcgplayer-cdn.tcgplayer.com/product/262971_200w.jpg,3,2374,https://cpt.tcgcsv.com/rc73,2022-04-29T12:59:40.85,1,,,,,,"Level up your game with the Pokémon TCG: V Heroes Tin, featuring powerful Evolutions of Eevee as
Pokémon V! Will you choose the relaxing radiance of Espeon V, the staggering stare of Umbreon V, or
the gracious gifts of Sylveon V? Not only do these tins come with a battle-ready Pokémon V, but they
also include a trove of treasures in Pokémon TCG booster packs.
<br>In this tin, you’ll find:
<br>• 1 foil card featuring Umbreon V!
<br>• 5 Pokémon TCG booster packs
<br>• A code card for Pokémon Trading Card Game Live
<br><br><em>(Pokemon TCG booster packs vary by product.)</em>",,,,,,100.0,125.0,299.99,77.98,,Normal,
262972,V Heroes Tin [Set of 3],V Heroes Tin Set of 3,https://tcgplayer-cdn.tcgplayer.com/product/262972_200w.jpg,3,2374,https://cpt.tcgcsv.com/sc73,2022-04-29T12:59:09.88,1,,,,,,"Collect 1 each of the 3 V Heroes Tin in this bundled product. 
<br>Each Tin contains: 
<br>• 1 foil card featuring Sylveon V, Umbreon V, and Espeon V <em>(respectively)</em>
<br>• 5 Pokémon TCG booster packs
<br>• A code card for Pokémon Trading Card Game Live
<br><br><em>(Pokemon TCG booster packs vary by product.)</em>",,,,,,450.0,450.0,450.0,208.77,,Normal,
263029,Fall 2020 Collector's Chest Tin + Premier Ball 2-Pack (Retail Exclusive),Fall 2020 Collectors Chest Tin plus Premier Ball 2 Pack Retail Exclusive,https://tcgplayer-cdn.tcgplayer.com/product/263029_200w.jpg,3,2374,https://cpt.tcgcsv.com/Cd73,2022-02-10T17:24:51.48,1,,,,,,"A Treasure Chest Packed with Pokémon!
 <br>This study metal case contains more than a dozen special Pokémon goodies, including many not found anywhere else. 

<br><br>The Pokémon Trading Card Game: Collector Chest includes:
<br>• 5 Pokémon TCG booster packs
<br>• 3 foil promo cards featuring Rillaboom, Cinderace, and Inteleon!
<br>• A cool Pokémon coin
<br>• 4 colorful sticker sheets
<br>• A mini portfolio to store your favourite cards
<br>• A Pokémon notepad
<br>• A code card for the Pokémon TCG Online
<br><br>
<strong>Poke Ball Tin Contents:</strong>
<br>• 3 Pokemon TCG booster packs
<br>• 1 Pokemon coin
<br>
<em>(Pokemon TCG booster packs, coins, and contents varies by product.)</em>",,,,,,115.0,137.48,149.99,,,Normal,
263030,Fall 2020 Collector's Chest Tin + Poke Ball 2-Pack (Retail Exclusive),Fall 2020 Collectors Chest Tin plus Poke Ball 2 Pack Retail Exclusive,https://tcgplayer-cdn.tcgplayer.com/product/263030_200w.jpg,3,2374,https://cpt.tcgcsv.com/Dd73,2022-02-10T17:24:44.71,1,,,,,,"A Treasure Chest Packed with Pokémon!
 <br>This study metal case contains more than a dozen special Pokémon goodies, including many not found anywhere else. 

<br><br>The Pokémon Trading Card Game: Collector Chest includes:
<br>• 5 Pokémon TCG booster packs
<br>• 3 foil promo cards featuring Rillaboom, Cinderace, and Inteleon!
<br>• A cool Pokémon coin
<br>• 4 colorful sticker sheets
<br>• A mini portfolio to store your favourite cards
<br>• A Pokémon notepad
<br>• A code card for the Pokémon TCG Online
<br><br>
<strong>Poke Ball Tin Contents:</strong>
<br>• 3 Pokemon TCG booster packs
<br>• 1 Pokemon coin
<br>
<em>(Pokemon TCG booster packs, coins, and contents varies by product.)</em>",,,,,,125.0,133.0,139.95,,,Normal,
263031,Fall 2020 Collector's Chest Tin + Great Ball 2-Pack (Retail Exclusive),Fall 2020 Collectors Chest Tin plus Great Ball 2 Pack Retail Exclusive,https://tcgplayer-cdn.tcgplayer.com/product/263031_200w.jpg,3,2374,https://cpt.tcgcsv.com/Fd73,2022-02-10T17:24:27.04,1,,,,,,"A Treasure Chest Packed with Pokémon!
 <br>This study metal case contains more than a dozen special Pokémon goodies, including many not found anywhere else. 

<br><br>The Pokémon Trading Card Game: Collector Chest includes:
<br>• 5 Pokémon TCG booster packs
<br>• 3 foil promo cards featuring Rillaboom, Cinderace, and Inteleon!
<br>• A cool Pokémon coin
<br>• 4 colorful sticker sheets
<br>• A mini portfolio to store your favourite cards
<br>• A Pokémon notepad
<br>• A code card for the Pokémon TCG Online
<br><br>
<strong>Poke Ball Tin Contents:</strong>
<br>• 3 Pokemon TCG booster packs
<br>• 1 Pokemon coin
<br>
<em>(Pokemon TCG booster packs, coins, and contents varies by product.)</em>",,,,,,115.0,132.5,149.99,,,Normal,
263033,Fall 2020 Collector's Chest Tin + Level Ball 2-Pack (Retail Exclusive),Fall 2020 Collectors Chest Tin plus Level Ball 2 Pack Retail Exclusive,https://tcgplayer-cdn.tcgplayer.com/product/263033_200w.jpg,3,2374,https://cpt.tcgcsv.com/Hd73,2022-02-10T17:24:33.133,1,,,,,,"A Treasure Chest Packed with Pokémon!
 <br>This study metal case contains more than a dozen special Pokémon goodies, including many not found anywhere else. 

<br><br>The Pokémon Trading Card Game: Collector Chest includes:
<br>• 5 Pokémon TCG booster packs
<br>• 3 foil promo cards featuring Rillaboom, Cinderace, and Inteleon!
<br>• A cool Pokémon coin
<br>• 4 colorful sticker sheets
<br>• A mini portfolio to store your favourite cards
<br>• A Pokémon notepad
<br>• A code card for the Pokémon TCG Online
<br><br>
<strong>Poke Ball Tin Contents:</strong>
<br>• 3 Pokemon TCG booster packs
<br>• 1 Pokemon coin
<br>
<em>(Pokemon TCG booster packs, coins, and contents varies by product.)</em>",,,,,,145.0,145.0,145.0,95.0,,Normal,
263034,Fall 2020 Collector's Chest Tin + Ultra Ball 2-Pack (Retail Exclusive),Fall 2020 Collectors Chest Tin plus Ultra Ball 2 Pack Retail Exclusive,https://tcgplayer-cdn.tcgplayer.com/product/263034_200w.jpg,3,2374,https://cpt.tcgcsv.com/Jd73,2022-02-10T17:24:57.4,1,,,,,,"A Treasure Chest Packed with Pokémon!
 <br>This study metal case contains more than a dozen special Pokémon goodies, including many not found anywhere else. 

<br><br>The Pokémon Trading Card Game: Collector Chest includes:
<br>• 5 Pokémon TCG booster packs
<br>• 3 foil promo cards featuring Rillaboom, Cinderace, and Inteleon!
<br>• A cool Pokémon coin
<br>• 4 colorful sticker sheets
<br>• A mini portfolio to store your favourite cards
<br>• A Pokémon notepad
<br>• A code card for the Pokémon TCG Online
<br><br>
<strong>Poke Ball Tin Contents:</strong>
<br>• 3 Pokemon TCG booster packs
<br>• 1 Pokemon coin
<br>
<em>(Pokemon TCG booster packs, coins, and contents varies by product.)</em>",,,,,,139.95,144.97,149.99,,,Normal,
263258,Sinnoh Star Mini Tin [Set of 5],Sinnoh Star Mini Tin Set of 5,https://tcgplayer-cdn.tcgplayer.com/product/263258_200w.jpg,3,2374,https://cpt.tcgcsv.com/bk73,2025-01-08T17:48:14.503,1,,,,,,"Collect each 5 of the Sinnoh Star Mini Tins. Each tin features the following contents:
Contents:
<br>• 2 Pokémon TCG booster packs
<br>• 1 metallic Pokémon coin
<br>• A Pokémon art card showing the art from the Mini Tin

<br><br><em>(No specific combination of packs is guaranteed)</em>",,,,,,249.99,249.99,249.99,,,Normal,
263259,Sinnoh Star Mini Tin Display,Sinnoh Star Mini Tin Display,https://tcgplayer-cdn.tcgplayer.com/product/263259_200w.jpg,3,2374,https://cpt.tcgcsv.com/ck73,2025-01-22T12:53:58.157,1,,,,,,"Featuring 2 of each of the Sinnoh Star Mini Tins (for a total of 10). Each tin contains two booster packs, a metallic Pokemon coin, and featured Pokemon art card.",,,,,,216.0,269.99,399.0,224.99,,Normal,
263542,V Battle Deck Bundle [Lycanroc V / Corviknight V],V Battle Deck Bundle Lycanroc V Corviknight V,https://tcgplayer-cdn.tcgplayer.com/product/263542_200w.jpg,3,2374,https://cpt.tcgcsv.com/Sq73,2022-03-01T05:03:07.623,1,,,,,,"The Pokemon TCG: V Battle Deck—Lycanroc V vs. Corviknight V includes:
<br>• 2 ready-to-play V Battle Decks (60 cards each)
<br>• Each deck includes a powerful special Pokemon: Lycanroc V or Corviknight V!
<br>• 8 additional Trainer cards, including 2 foil cards
<br>• 2 large metallic coins
<br>• 2 deck boxes
<br>• 2 Quick Guides to unlock the strategies within
<br>• 2 single-player playmats
<br>• 6 reference cards
<br>• Damage counters
<br>• 1 guide to upgrading your decks
<br>• 1 code card for the Pokemon Trading Card Game Online",,,,,,13.99,20.36,41.09,16.87,,Normal,
264259,Alolan Raichu Box,Alolan Raichu Box,https://tcgplayer-cdn.tcgplayer.com/product/264259_200w.jpg,3,2374,https://cpt.tcgcsv.com/cK73,2022-02-18T21:10:57.997,1,,,,,,"Surf's up, and Alolan Raichu's Ready to Battle!
<br>Get ready to ride the lightning with the Pokemon TCG: Alolan Raichu Box! Alolan Raichu is a laid-back surfing Pokemon with some quick attacks, and in this collection, you get Alolan Raichu as a stunning oversize card and as a playable promo card—both ready to hit the beach and catch some waves!
<br>The Pokemon TCG Alolan Raichu Box Includes:
<br>• 1 never-before-seen foil promo card featuring Alolan Raichu (SM Promo 65)
<br>• 1 oversize foil card featuring Alolan Raichu (SM Promo 65; Jumbo)
<br>•3 Pokemon TCG Booster Packs*
<br>• A code card for the Pokemon Trading Card Game Online
<br><br>
<em>(Packs may vary by product.)</em>",,,,,,149.0,159.48,169.95,143.81,,Normal,0820650803345
264281,Galarian Obstagoon - 119/202 (Cosmos Holo),Galarian Obstagoon 119 202 Cosmos Holo,https://tcgplayer-cdn.tcgplayer.com/product/264281_200w.jpg,3,2374,https://cpt.tcgcsv.com/FK73,2022-08-26T13:55:54.617,1,119/202,Promo,Darkness,100,Stage 1,"<strong>Ability — Untamed Shout</strong>
<br>When you play this Pokémon from your hand to evolve 1 of your Pokémon during your turn, you may put 3 damage counters on 1 of your opponent's Pokémon.","[1D] Obstruct (90)
<br>During your opponent's next turn, prevent all damage done to this Pokémon by attacks from Basic Pokémon.",,Gx2,,2,125.93,125.93,147.42,18.28,,Holofoil,
264416,"Knock Out Collection [Toxtricity, Duraludon, Sandaconda]",Knock Out Collection Toxtricity Duraludon Sandaconda,https://tcgplayer-cdn.tcgplayer.com/product/264416_200w.jpg,3,2374,https://cpt.tcgcsv.com/lN73,2023-07-28T15:08:10.18,2,,,,,,"<strong>Contents for each Collection:</strong>
<br>• 1 foil card featuring Toxtricity 
<br>• 1 foil card featuring Duraludon
<br>• 1 foil card featuring Sandaconda
<br>• 2 Pokemon TCG Booster Packs 
<br>• 1 metallic Pokemon coin",,,,,,25.0,29.99,34.99,28.43,,Normal,
264422,"Knock Out Collection [Boltund, Eiscue, Galarian Sirfetch'd]",Knock Out Collection Boltund Eiscue Galarian Sirfetchd,https://tcgplayer-cdn.tcgplayer.com/product/264422_200w.jpg,3,2374,https://cpt.tcgcsv.com/sN73,2022-06-20T18:39:39.713,1,,,,,,"<strong>Contents for each Collection:</strong>
<br>• 1 foil card featuring Boltund
<br>• 1 foil card featuring Eiscue
<br>• 1 foil card featuring Galarian Sirfetch'd
<br>• 2 Pokemon TCG Booster Packs 
<br>• 1 metallic Pokemon coin",,,,,,29.0,29.0,29.0,29.07,,Normal,
264757,V Battle Deck [Lycanroc V],V Battle Deck Lycanroc V,https://tcgplayer-cdn.tcgplayer.com/product/264757_200w.jpg,3,2374,https://cpt.tcgcsv.com/9W73,2022-03-01T05:03:07.623,1,,,,,,"Each 60-card deck is led by a valiant Pokémon V and includes everything you need to play right away. Let the battle begin!
<br><br>In each box, you’ll find:
<br>• 1 ready-to-play 60-card deck
<br>• 3 reference cards
<br>• 1 rules booklet
<br>• Single-player playmat
<br>• Damage counters
<br>• 1 large metallic coin
<br>• 1 deck box
<br>• 1 Quick Guide to unlock the strategies within
<br>• 1 code card to play this deck online",,,,,,8.91,14.87,17.99,9.09,,Normal,
264758,V Battle Deck [Corviknight V],V Battle Deck Corviknight V,https://tcgplayer-cdn.tcgplayer.com/product/264758_200w.jpg,3,2374,https://cpt.tcgcsv.com/bW73,2022-03-01T05:03:07.623,1,,,,,,"Each 60-card deck is led by a valiant Pokémon V and includes everything you need to play right away. Let the battle begin!
<br><br>In each box, you’ll find:
<br>• 1 ready-to-play 60-card deck
<br>• 3 reference cards
<br>• 1 rules booklet
<br>• Single-player playmat
<br>• Damage counters
<br>• 1 large metallic coin
<br>• 1 deck box
<br>• 1 Quick Guide to unlock the strategies within
<br>• 1 code card to play this deck online",,,,,,8.45,12.99,19.99,8.5,,Normal,
264764,Lycanroc V / Corviknight V Battle Decks [Set of 2],Lycanroc V Corviknight V Battle Decks Set of 2,https://tcgplayer-cdn.tcgplayer.com/product/264764_200w.jpg,3,2374,https://cpt.tcgcsv.com/jW73,2022-08-26T11:01:54.867,1,,,,,,"Each 60-card deck is led by a valiant Pokémon V and includes everything you need to play right away. Let the battle begin!
<br><br>In each box, you’ll find:
<br>• 1 ready-to-play 60-card deck
<br>• 3 reference cards
<br>• 1 rules booklet
<br>• Single-player playmat
<br>• Damage counters
<br>• 1 large metallic coin
<br>• 1 deck box
<br>• 1 Quick Guide to unlock the strategies within
<br>• 1 code card to play this deck online",,,,,,14.06,19.71,24.95,19.62,,Normal,
265250,Poke Ball Tin Display (Q2 2022),Poke Ball Tin Display Q2 2022,https://tcgplayer-cdn.tcgplayer.com/product/265250_200w.jpg,3,2374,https://cpt.tcgcsv.com/0783,2022-05-10T19:49:03.233,1,,,,,,"Each Poké Ball Tin Display for the Spring 2022 contains 6 Poké Ball Tins:
<br>• 2 Quick Ball, 2 Love Ball, 2 Level Ball
<br>• Each individual tin contains 3 Pokémon TCG Booster Packs and 1 Pokémon coin.
<br><em>(Poké Ball Tins and Pokémon TCG booster packs may vary by product.)</em>
<br><strong>SKU:</strong> PKU85021",,,,,,600.0,600.0,600.0,304.99,,Normal,
265252,Spring 2022 Collector Chest,Spring 2022 Collector Chest,https://tcgplayer-cdn.tcgplayer.com/product/265252_200w.jpg,3,2374,https://cpt.tcgcsv.com/3783,2022-05-11T13:51:55.843,1,,,,,,"The Pokémon Trading Card Game: Collector Bundle includes:
<br>5 Pokémon TCG booster packs
<br>3 foil promo cards featuring Rowlet, Cyndaquil, and Oshawott!
<br>A cool Pokémon coin
<br>4 colorful sticker sheets
<br>A Pokémon notebook",,,,,,63.99,93.93,125.0,71.25,,Normal,820650850202
265706,Pikachu V Showcase,Pikachu V Showcase,https://tcgplayer-cdn.tcgplayer.com/product/265706_200w.jpg,3,2374,https://cpt.tcgcsv.com/8j83,2022-03-25T04:03:06.927,1,,,,,,"This product includes:
<br>• 3 Pokémon TCG booster packs
<br>• 1 Pikachu V Promo card
<br>• A code card for Pokémon TCG Live",,,,,,44.99,80.0,99.99,,,Normal,
265707,Code Card - Pikachu V Box,Code Card Pikachu V Box,https://tcgplayer-cdn.tcgplayer.com/product/265707_200w.jpg,3,2374,https://cpt.tcgcsv.com/9j83,2022-07-20T19:42:05.937,1,,Code Card,,,,"This listing is <strong>not</strong> a physical item. Please keep in mind that this <strong>Code Card</strong> listing represents a digital copy of the stated item for the Pokémon TCG Online <strong>and/or</strong> the Pokémon TCG Live games. You may receive the physical <strong>Code Card</strong>. Upon purchase, please work with your specific Seller by sending them a message using the <strong>Contact Seller</strong> button on the order details in your <a href=https://store.tcgplayer.com/myaccount/orderhistory>Order History</a> to opt in to having your <strong>Code Card</strong> code delivered digitally due to the nature of the product.",,,,,,0.03,0.08,1.95,0.07,,Normal,
265708,Code Card - Pikachu V Showcase,Code Card Pikachu V Showcase,https://tcgplayer-cdn.tcgplayer.com/product/265708_200w.jpg,3,2374,https://cpt.tcgcsv.com/bj83,2022-07-20T19:42:09.19,1,,Code Card,,,,"This listing is <strong>not</strong> a physical item. Please keep in mind that this <strong>Code Card</strong> listing represents a digital copy of the stated item for the Pokémon TCG Online <strong>and/or</strong> the Pokémon TCG Live games. You may receive the physical <strong>Code Card</strong>. Upon purchase, please work with your specific Seller by sending them a message using the <strong>Contact Seller</strong> button on the order details in your <a href=https://store.tcgplayer.com/myaccount/orderhistory>Order History</a> to opt in to having your <strong>Code Card</strong> code delivered digitally due to the nature of the product.",,,,,,0.08,0.16,1.0,,,Normal,
265943,Legendary Beasts Collector Pin 3 Pack Blister [Raikou],Legendary Beasts Collector Pin 3 Pack Blister Raikou,https://tcgplayer-cdn.tcgplayer.com/product/265943_200w.jpg,3,2374,https://cpt.tcgcsv.com/Tn83,2022-03-15T17:46:45.007,1,,,,,,"Each blister comes with 3 booster packs, a coin, and a collectible pin of Raikou!",,,,,,149.95,149.95,149.95,134.95,,Normal,
265945,Legendary Beasts Collector Pin 3 Pack Blister [Entei],Legendary Beasts Collector Pin 3 Pack Blister Entei,https://tcgplayer-cdn.tcgplayer.com/product/265945_200w.jpg,3,2374,https://cpt.tcgcsv.com/Wn83,2022-03-15T17:47:33.043,1,,,,,,"Each blister comes with 3 booster packs, a coin, and a collectible pin of Entei!",,,,,,116.95,128.45,139.95,118.45,,Normal,
265946,Legendary Beasts Collector Pin 3 Pack Blister [Suicune],Legendary Beasts Collector Pin 3 Pack Blister Suicune,https://tcgplayer-cdn.tcgplayer.com/product/265946_200w.jpg,3,2374,https://cpt.tcgcsv.com/Xn83,2022-03-15T17:48:20.11,1,,,,,,"Each blister comes with 3 booster packs, a coin, and a collectible pin of Suicune!",,,,,,126.94,128.9,139.95,128.42,,Normal,
266001,11th Movie Commemoration Set,11th Movie Commemoration Set,https://tcgplayer-cdn.tcgplayer.com/product/266001_200w.jpg,3,2374,https://cpt.tcgcsv.com/2q83,2022-03-15T20:48:37.06,1,,,,,,"<strong>Please Note: The product you receive will be in Japanese. Japanese cards from this product are <em>Not Tournament Legal</em> in English Pokemon TCG Tournaments.</strong>
<br><br>This is the second movie commemoration set released by The Pokémon Company in Japan. The nine cards in the set are all based on Pokémon featured in the movie, including Shaymin Sky Forme and Giratina Origin Forme, as well as the two other Legendary Pokémon Regigigas and Dialga.
<br><br><em>Any singles pulled from this item must be listed as Listings with Photos on their English counterparts, where possible.</em>",,,,,,850.0,850.0,850.0,,,Normal,
266002,10th Movie Commemoration Set,,https://tcgplayer-cdn.tcgplayer.com/product/266002_200w.jpg,3,2374,https://cpt.tcgcsv.com/3q83,2022-03-15T20:45:13.1,1,,,,,,"<strong>Please Note: The product you receive will be in Japanese. Japanese cards from this product are <em>Not Tournament Legal</em> in English Pokemon TCG Tournaments.</strong>
<br><br>To commemorate the 10th Pokémon movie release in Japan, a special card album was released containing 11 cards with central Pokémon from the previous nine movies.
<br><br><em>Any singles pulled from this item must be listed as Listings with Photos on their English counterparts, where possible.</em>",,,,,,,,,,,,
266637,Legendary Birds Pin 3 Pack Blister [Articuno Pin],Legendary Birds Pin 3 Pack Blister Articuno Pin,https://tcgplayer-cdn.tcgplayer.com/product/266637_200w.jpg,3,2374,https://cpt.tcgcsv.com/MG83,2022-03-18T14:48:23.503,1,,,,,,"Each blister comes with 3 booster packs, a coin, and a collectible pin of Articuno!",,,,,,,,,,,,
266641,Legendary Birds Pin 3 Pack Blister [Zapdos Pin],Legendary Birds Pin 3 Pack Blister Zapdos Pin,https://tcgplayer-cdn.tcgplayer.com/product/266641_200w.jpg,3,2374,https://cpt.tcgcsv.com/RG83,2022-03-18T14:49:51.603,1,,,,,,"Each blister comes with 3 booster packs, a coin, and a collectible pin of Zapdos!",,,,,,,,,,,,
266642,Legendary Birds Pin 3 Pack Blister [Moltres Pin],Legendary Birds Pin 3 Pack Blister Moltres Pin,https://tcgplayer-cdn.tcgplayer.com/product/266642_200w.jpg,3,2374,https://cpt.tcgcsv.com/SG83,2022-03-18T14:50:23.09,1,,,,,,"Each blister comes with 3 booster packs, a coin, and a collectible pin of Moltres!",,,,,,,,,,,,
267742,Code Card - Dragon Tin [Salamence],Code Card Dragon Tin Salamence,https://tcgplayer-cdn.tcgplayer.com/product/267742_200w.jpg,3,2374,https://cpt.tcgcsv.com/S693,2023-03-31T16:09:19.043,1,,Code Card,,,,"This listing is <strong>not</strong> a physical item. Please keep in mind that this <strong>Code Card</strong> listing represents a digital copy of the stated item for the Pokémon TCG Online <strong>and/or</strong> the Pokémon TCG Live games. You may receive the physical <strong>Code Card</strong>. Upon purchase, please work with your specific Seller by sending them a message using the <strong>Contact Seller</strong> button on the order details in your <a href=https://store.tcgplayer.com/myaccount/orderhistory>Order History</a> to opt in to having your <strong>Code Card</strong> code delivered digitally due to the nature of the product.",,,,,,0.03,0.09,0.2,0.05,,Normal,
267746,Code Card - Energy Cards Prerelease Box (Sun & Moon Energies),Code Card Energy Cards Prerelease Box Sun and Moon Energies,https://tcgplayer-cdn.tcgplayer.com/product/267746_200w.jpg,3,2374,https://cpt.tcgcsv.com/X693,2023-03-31T16:10:42.507,1,,Code Card,,,,"This listing is <strong>not</strong> a physical item. Please keep in mind that this <strong>Code Card</strong> listing represents a digital copy of the stated item for the Pokémon TCG Online <strong>and/or</strong> the Pokémon TCG Live games. You may receive the physical <strong>Code Card</strong>. Upon purchase, please work with your specific Seller by sending them a message using the <strong>Contact Seller</strong> button on the order details in your <a href=https://store.tcgplayer.com/myaccount/orderhistory>Order History</a> to opt in to having your <strong>Code Card</strong> code delivered digitally due to the nature of the product.",,,,,,0.99,0.99,0.99,0.98,,Normal,
267747,Code Card - Elemental Power Tin [Jolteon GX],Code Card Elemental Power Tin Jolteon GX,https://tcgplayer-cdn.tcgplayer.com/product/267747_200w.jpg,3,2374,https://cpt.tcgcsv.com/Z693,2023-03-31T16:10:10.997,1,,Code Card,,,,"This listing is <strong>not</strong> a physical item. Please keep in mind that this <strong>Code Card</strong> listing represents a digital copy of the stated item for the Pokémon TCG Online <strong>and/or</strong> the Pokémon TCG Live games. You may receive the physical <strong>Code Card</strong>. Upon purchase, please work with your specific Seller by sending them a message using the <strong>Contact Seller</strong> button on the order details in your <a href=https://store.tcgplayer.com/myaccount/orderhistory>Order History</a> to opt in to having your <strong>Code Card</strong> code delivered digitally due to the nature of the product.",,,,,,0.17,0.35,1.0,,,Normal,
267748,Code Card - Elemental Power Tin [Flareon GX],Code Card Elemental Power Tin Flareon GX,https://tcgplayer-cdn.tcgplayer.com/product/267748_200w.jpg,3,2374,https://cpt.tcgcsv.com/-693,2023-03-31T16:09:58.723,1,,Code Card,,,,"This listing is <strong>not</strong> a physical item. Please keep in mind that this <strong>Code Card</strong> listing represents a digital copy of the stated item for the Pokémon TCG Online <strong>and/or</strong> the Pokémon TCG Live games. You may receive the physical <strong>Code Card</strong>. Upon purchase, please work with your specific Seller by sending them a message using the <strong>Contact Seller</strong> button on the order details in your <a href=https://store.tcgplayer.com/myaccount/orderhistory>Order History</a> to opt in to having your <strong>Code Card</strong> code delivered digitally due to the nature of the product.",,,,,,0.05,0.3,1.0,,,Normal,
267749,Code Card - Elemental Power Tin [Vaporeon GX],Code Card Elemental Power Tin Vaporeon GX,https://tcgplayer-cdn.tcgplayer.com/product/267749_200w.jpg,3,2374,https://cpt.tcgcsv.com/_693,2023-03-31T16:10:30.797,1,,Code Card,,,,"This listing is <strong>not</strong> a physical item. Please keep in mind that this <strong>Code Card</strong> listing represents a digital copy of the stated item for the Pokémon TCG Online <strong>and/or</strong> the Pokémon TCG Live games. You may receive the physical <strong>Code Card</strong>. Upon purchase, please work with your specific Seller by sending them a message using the <strong>Contact Seller</strong> button on the order details in your <a href=https://store.tcgplayer.com/myaccount/orderhistory>Order History</a> to opt in to having your <strong>Code Card</strong> code delivered digitally due to the nature of the product.",,,,,,0.03,0.33,0.85,,,Normal,
267754,Code Card - Giratina 3-Pack Blister Pack,Code Card Giratina 3 Pack Blister Pack,https://tcgplayer-cdn.tcgplayer.com/product/267754_200w.jpg,3,2374,https://cpt.tcgcsv.com/6793,2023-03-31T16:12:52.967,1,,Code Card,,,,"This listing is <strong>not</strong> a physical item. Please keep in mind that this <strong>Code Card</strong> listing represents a digital copy of the stated item for the Pokémon TCG Online <strong>and/or</strong> the Pokémon TCG Live games. You may receive the physical <strong>Code Card</strong>. Upon purchase, please work with your specific Seller by sending them a message using the <strong>Contact Seller</strong> button on the order details in your <a href=https://store.tcgplayer.com/myaccount/orderhistory>Order History</a> to opt in to having your <strong>Code Card</strong> code delivered digitally due to the nature of the product.",,,,,,,,,,,,
267755,Code Card - Hoenn Power Tin [Sceptile],Code Card Hoenn Power Tin Sceptile,https://tcgplayer-cdn.tcgplayer.com/product/267755_200w.jpg,3,2374,https://cpt.tcgcsv.com/7793,2023-03-31T16:13:38.353,1,,Code Card,,,,"This listing is <strong>not</strong> a physical item. Please keep in mind that this <strong>Code Card</strong> listing represents a digital copy of the stated item for the Pokémon TCG Online <strong>and/or</strong> the Pokémon TCG Live games. You may receive the physical <strong>Code Card</strong>. Upon purchase, please work with your specific Seller by sending them a message using the <strong>Contact Seller</strong> button on the order details in your <a href=https://store.tcgplayer.com/myaccount/orderhistory>Order History</a> to opt in to having your <strong>Code Card</strong> code delivered digitally due to the nature of the product.",,,,,,0.6,1.28,1.95,,,Normal,
267756,Code Card - Hoenn Power Tin [Blaziken],Code Card Hoenn Power Tin Blaziken,https://tcgplayer-cdn.tcgplayer.com/product/267756_200w.jpg,3,2374,https://cpt.tcgcsv.com/8793,2023-03-31T16:13:22.87,1,,Code Card,,,,"This listing is <strong>not</strong> a physical item. Please keep in mind that this <strong>Code Card</strong> listing represents a digital copy of the stated item for the Pokémon TCG Online <strong>and/or</strong> the Pokémon TCG Live games. You may receive the physical <strong>Code Card</strong>. Upon purchase, please work with your specific Seller by sending them a message using the <strong>Contact Seller</strong> button on the order details in your <a href=https://store.tcgplayer.com/myaccount/orderhistory>Order History</a> to opt in to having your <strong>Code Card</strong> code delivered digitally due to the nature of the product.",,,,,,,,,,,,
267757,Code Card - Hidden Fates Elite Trainer Box,Code Card Hidden Fates Elite Trainer Box,https://tcgplayer-cdn.tcgplayer.com/product/267757_200w.jpg,3,2374,https://cpt.tcgcsv.com/9793,2023-01-30T19:00:10.967,1,,Code Card,,,,"This listing is <strong>not</strong> a physical item. Please keep in mind that this <strong>Code Card</strong> listing represents a digital copy of the stated item for the Pokémon TCG Online <strong>and/or</strong> the Pokémon TCG Live games. You may receive the physical <strong>Code Card</strong>. Upon purchase, please work with your specific Seller by sending them a message using the <strong>Contact Seller</strong> button on the order details in your <a href=https://store.tcgplayer.com/myaccount/orderhistory>Order History</a> to opt in to having your <strong>Code Card</strong> code delivered digitally due to the nature of the product.",,,,,,0.09,0.25,9.95,0.56,,Normal,
267758,Code Card - Alola Collection [Lunala],Code Card Alola Collection Lunala,https://tcgplayer-cdn.tcgplayer.com/product/267758_200w.jpg,3,2374,https://cpt.tcgcsv.com/b793,2023-03-31T15:53:51.073,1,,Code Card,,,,"This listing is <strong>not</strong> a physical item. Please keep in mind that this <strong>Code Card</strong> listing represents a digital copy of the stated item for the Pokémon TCG Online <strong>and/or</strong> the Pokémon TCG Live games. You may receive the physical <strong>Code Card</strong>. Upon purchase, please work with your specific Seller by sending them a message using the <strong>Contact Seller</strong> button on the order details in your <a href=https://store.tcgplayer.com/myaccount/orderhistory>Order History</a> to opt in to having your <strong>Code Card</strong> code delivered digitally due to the nature of the product.",,,,,,14.0,15.0,19.95,,,Normal,
267759,Code Card - Aurorus EX Box,Code Card Aurorus EX Box,https://tcgplayer-cdn.tcgplayer.com/product/267759_200w.jpg,3,2374,https://cpt.tcgcsv.com/c793,2023-03-31T15:54:27.02,1,,Code Card,,,,"This listing is <strong>not</strong> a physical item. Please keep in mind that this <strong>Code Card</strong> listing represents a digital copy of the stated item for the Pokémon TCG Online <strong>and/or</strong> the Pokémon TCG Live games. You may receive the physical <strong>Code Card</strong>. Upon purchase, please work with your specific Seller by sending them a message using the <strong>Contact Seller</strong> button on the order details in your <a href=https://store.tcgplayer.com/myaccount/orderhistory>Order History</a> to opt in to having your <strong>Code Card</strong> code delivered digitally due to the nature of the product.",,,,,,,,,,,,
267761,Code Card - Battle Heart Tin [Volcanion],Code Card Battle Heart Tin Volcanion,https://tcgplayer-cdn.tcgplayer.com/product/267761_200w.jpg,3,2374,https://cpt.tcgcsv.com/f793,2023-03-31T15:55:43.247,1,,Code Card,,,,"This listing is <strong>not</strong> a physical item. Please keep in mind that this <strong>Code Card</strong> listing represents a digital copy of the stated item for the Pokémon TCG Online <strong>and/or</strong> the Pokémon TCG Live games. You may receive the physical <strong>Code Card</strong>. Upon purchase, please work with your specific Seller by sending them a message using the <strong>Contact Seller</strong> button on the order details in your <a href=https://store.tcgplayer.com/myaccount/orderhistory>Order History</a> to opt in to having your <strong>Code Card</strong> code delivered digitally due to the nature of the product.",,,,,,2.0,2.07,2.13,,,Normal,
267762,Code Card - Battle Origins Tin [Darkrai],Code Card Battle Origins Tin Darkrai,https://tcgplayer-cdn.tcgplayer.com/product/267762_200w.jpg,3,2374,https://cpt.tcgcsv.com/g793,2023-03-31T15:55:56.763,1,,Code Card,,,,"This listing is <strong>not</strong> a physical item. Please keep in mind that this <strong>Code Card</strong> listing represents a digital copy of the stated item for the Pokémon TCG Online <strong>and/or</strong> the Pokémon TCG Live games. You may receive the physical <strong>Code Card</strong>. Upon purchase, please work with your specific Seller by sending them a message using the <strong>Contact Seller</strong> button on the order details in your <a href=https://store.tcgplayer.com/myaccount/orderhistory>Order History</a> to opt in to having your <strong>Code Card</strong> code delivered digitally due to the nature of the product.",,,,,,5.0,5.0,5.0,,,Normal,
267763,Code Card - Crimson Invasion Build & Battle Box,Code Card Crimson Invasion Build and Battle Box,https://tcgplayer-cdn.tcgplayer.com/product/267763_200w.jpg,3,2374,https://cpt.tcgcsv.com/h793,2023-03-31T16:01:31.843,1,,Code Card,,,,"This listing is <strong>not</strong> a physical item. Please keep in mind that this <strong>Code Card</strong> listing represents a digital copy of the stated item for the Pokémon TCG Online <strong>and/or</strong> the Pokémon TCG Live games. You may receive the physical <strong>Code Card</strong>. Upon purchase, please work with your specific Seller by sending them a message using the <strong>Contact Seller</strong> button on the order details in your <a href=https://store.tcgplayer.com/myaccount/orderhistory>Order History</a> to opt in to having your <strong>Code Card</strong> code delivered digitally due to the nature of the product.",,,,,,1.99,1.99,1.99,,,Normal,
267764,"Code Card - Knock Out Collection [Lucario, Bisharp, and Zoroark]",Code Card Knock Out Collection Lucario Bisharp and Zoroark,https://tcgplayer-cdn.tcgplayer.com/product/267764_200w.jpg,3,2374,https://cpt.tcgcsv.com/j793,2022-07-20T19:32:50.423,1,,Code Card,,,,"This listing is <strong>not</strong> a physical item. Please keep in mind that this <strong>Code Card</strong> listing represents a digital copy of the stated item for the Pokémon TCG Online <strong>and/or</strong> the Pokémon TCG Live games. You may receive the physical <strong>Code Card</strong>. Upon purchase, please work with your specific Seller by sending them a message using the <strong>Contact Seller</strong> button on the order details in your <a href=https://store.tcgplayer.com/myaccount/orderhistory>Order History</a> to opt in to having your <strong>Code Card</strong> code delivered digitally due to the nature of the product.",,,,,,0.2,0.2,0.69,,,Normal,
268044,Toxtricity - 063/189 (Cosmos Holo),Toxtricity 063 189 Cosmos Holo,https://tcgplayer-cdn.tcgplayer.com/product/268044_200w.jpg,3,2374,https://cpt.tcgcsv.com/Vd93,2024-09-20T16:54:56.237,0,063/189,Promo,Lightning,120,Stage 1,,"[2] Risk Taker
<br>Flip a coin. If heads, discard the top 5 cards of your opponent's deck. If tails, discard the top 5 cards of your deck.","[1LL] Thunder Jolt (160)
<br>This Pokémon also does 30 damage to itself.",Fx2,,2,0.05,0.26,1.49,0.25,,Holofoil,
268048,Duraludon - 129/185 (Cosmos Holo),Duraludon 129 185 Cosmos Holo,https://tcgplayer-cdn.tcgplayer.com/product/268048_200w.jpg,3,2374,https://cpt.tcgcsv.com/-d93,2025-02-24T17:52:58.293,0,129/185,Holo Rare,Metal,130,Basic,,"[2] Raging Claws (20+)
<br>This attack does 10 more damage for each damage counter on this Pokémon.","[1MM] Power Blast (120)
<br>Discard an Energy from this Pokémon.",Rx2,G-30,2,0.05,0.26,4.0,0.23,,Holofoil,
268049,Sandaconda - 082/163 (Cosmos Holo),Sandaconda 082 163 Cosmos Holo,https://tcgplayer-cdn.tcgplayer.com/product/268049_200w.jpg,3,2374,https://cpt.tcgcsv.com/_d93,2025-11-21T01:01:57.903,0,082/163,Promo,Fighting,130,Stage 1,,"[F] Big Sand Cannon (60x)
<br>Discard the top 6 cards of your deck. This attack does 60 damage for each Fighting Energy card you discarded in this way.",[1FF] Skull Bash (120),Gx2,,3,0.08,0.25,40.0,0.18,0.14,Holofoil,
268050,Boltund - 076/202 (Cosmos Holo),Boltund 076 202 Cosmos Holo,https://tcgplayer-cdn.tcgplayer.com/product/268050_200w.jpg,3,2374,https://cpt.tcgcsv.com/0f93,2025-11-01T02:12:20.853,0,076/202,Holo Rare,Lightning,120,Stage 1,,[2] Bite (50),"[1LL] Electric Dash (160)
<br>During your next turn, this Pokémon can't attack.",Fx2,,0,0.02,0.26,2.5,0.2,0.18,Holofoil,
268051,Eiscue - 054/192 (Cosmos Holo),Eiscue 054 192 Cosmos Holo,https://tcgplayer-cdn.tcgplayer.com/product/268051_200w.jpg,3,2374,https://cpt.tcgcsv.com/2f93,2025-11-21T01:10:30.173,0,054/192,Holo Rare,Water,120,Basic,"<strong>Ability — Ice Face</strong>
<br>If this Pokemon has full HP, it takes 60 less damage from your opponent's attacks <em>(after applying Weakness and Resistance)</em>.","[2W] Blizzard (70)
<br>This attack also does 10 damage to each of your opponent's Benched Pokemon. <em>(Don't apply Weakness and Resistance for Benched Pokemon.)</em>",,Mx2,None,2,0.05,0.25,3.25,0.2,0.17,Holofoil,
268052,Galarian Sirfetch'd - 095/192 (Cosmos Holo),Galarian Sirfetchd 095 192 Cosmos Holo,https://tcgplayer-cdn.tcgplayer.com/product/268052_200w.jpg,3,2374,https://cpt.tcgcsv.com/3f93,2025-02-24T17:56:34.997,0,095/192,Holo Rare,Fighting,130,Stage 1,,[F] Pierce (40),"[2F] Meteor Assault (180)
<br>This Pokémon can't use Meteor Assault again until it leaves the Active Spot.",Px2,,2,0.05,0.27,1.51,0.27,,Holofoil,
268069,Boltund V Showcase,Boltund V Showcase,https://tcgplayer-cdn.tcgplayer.com/product/268069_200w.jpg,3,2374,https://cpt.tcgcsv.com/pf93,2022-04-22T04:03:07.35,1,,,,,,"This product includes:
<br>• 3 Pokémon TCG booster packs
<br>• 1 Boltund V Promo card
<br>• A code card for Pokémon TCG Live",,,,,,,,,,,,
268071,Code Card - Boltund V Showcase,Code Card Boltund V Showcase,https://tcgplayer-cdn.tcgplayer.com/product/268071_200w.jpg,3,2374,https://cpt.tcgcsv.com/rf93,2022-07-20T19:15:22.6,1,,Code Card,,,,"This listing is <strong>not</strong> a physical item. Please keep in mind that this <strong>Code Card</strong> listing represents a digital copy of the stated item for the Pokémon TCG Online <strong>and/or</strong> the Pokémon TCG Live games. You may receive the physical <strong>Code Card</strong>. Upon purchase, please work with your specific Seller by sending them a message using the <strong>Contact Seller</strong> button on the order details in your <a href=https://store.tcgplayer.com/myaccount/orderhistory>Order History</a> to opt in to having your <strong>Code Card</strong> code delivered digitally due to the nature of the product.",,,,,,0.49,0.49,0.5,,,Normal,
268713,Professor Juniper Premium Tournament Collection Box,Professor Juniper Premium Tournament Collection Box,https://tcgplayer-cdn.tcgplayer.com/product/268713_200w.jpg,3,2374,https://cpt.tcgcsv.com/hv93,2022-06-20T12:57:58.19,1,,,,,,"Research Your Next Strategy—with Professor Juniper!
<br>Professor Juniper guides new Pokémon Trainers as they begin their journey, and in the Pokémon TCG, her in-depth research can help you find the cards you need to succeed! In this premium collection, you get a full playset of the Professor’s Research Supporter card featuring Professor Juniper, plus a protective deck box, card sleeves, coin, and more tournament-ready accessories. You’ll also find a stack of Pokémon TCG booster packs and a code that unlocks another full playset of Professor’s Research in Pokémon TCG Live!
<br>THE POKÉMON TCG: PROFESSOR JUNIPER PREMIUM TOURNAMENT COLLECTION INCLUDES:
<br>• 1 full-art foil Professor’s Research Supporter card featuring Professor Juniper
<br>• 3 additional foil Professor’s Research Supporter cards featuring Professor Juniper
<br>• 65 card sleeves featuring Professor Juniper
<br>• A sturdy deck box featuring Professor Juniper
<br>• A large metallic coin featuring Professor Juniper
<br>• 2 coin condition markers
<br>• 6 tournament-ready damage dice
<br>• 7 Pokémon TCG booster packs
<br>• A code card for Pokémon TCG Live",,,,,,79.99,99.99,150.0,84.01,,Normal,
268992,Code Card - Lucario VSTAR Premium Collection,Code Card Lucario VSTAR Premium Collection,https://tcgplayer-cdn.tcgplayer.com/product/268992_200w.jpg,3,2374,https://cpt.tcgcsv.com/SC93,2022-07-20T19:33:53.847,1,,Code Card,,,,"This listing is <strong>not</strong> a physical item. Please keep in mind that this <strong>Code Card</strong> listing represents a digital copy of the stated item for the Pokémon TCG Online <strong>and/or</strong> the Pokémon TCG Live games. You may receive the physical <strong>Code Card</strong>. Upon purchase, please work with your specific Seller by sending them a message using the <strong>Contact Seller</strong> button on the order details in your <a href=https://store.tcgplayer.com/myaccount/orderhistory>Order History</a> to opt in to having your <strong>Code Card</strong> code delivered digitally due to the nature of the product.",,,,,,0.06,0.09,0.99,0.07,,Normal,
270151,V Heroes Tin [Sylveon V] (International Version),V Heroes Tin Sylveon V International Version,https://tcgplayer-cdn.tcgplayer.com/product/270151_200w.jpg,3,2374,https://cpt.tcgcsv.com/25b3,2022-04-29T12:59:34.113,1,,,,,,"Level up your game with the Pokémon TCG: V Heroes Tin, featuring powerful Evolutions of Eevee as
Pokémon V! Will you choose the relaxing radiance of Espeon V, the staggering stare of Umbreon V, or
the gracious gifts of Sylveon V? Not only do these tins come with a battle-ready Pokémon V, but they
also include a trove of treasures in Pokémon TCG booster packs.
<br>In this tin, you’ll find:
<br>• 1 foil card featuring Sylveon V!
<br>• 4 Pokémon TCG booster packs
<br>• A code card for Pokémon Trading Card Game Live
<br><br><em>(Pokemon TCG booster packs vary by product.)</em>",,,,,,94.95,102.47,199.99,53.0,,Normal,
270152,V Heroes Tin [Umbreon V] (International Version),V Heroes Tin Umbreon V International Version,https://tcgplayer-cdn.tcgplayer.com/product/270152_200w.jpg,3,2374,https://cpt.tcgcsv.com/35b3,2022-04-29T12:59:50.773,1,,,,,,"Level up your game with the Pokémon TCG: V Heroes Tin, featuring powerful Evolutions of Eevee as
Pokémon V! Will you choose the relaxing radiance of Espeon V, the staggering stare of Umbreon V, or
the gracious gifts of Sylveon V? Not only do these tins come with a battle-ready Pokémon V, but they
also include a trove of treasures in Pokémon TCG booster packs.
<br>In this tin, you’ll find:
<br>• 1 foil card featuring Umbreon V!
<br>• 4 Pokémon TCG booster packs
<br>• A code card for Pokémon Trading Card Game Live
<br><br><em>(Pokemon TCG booster packs vary by product.)</em>",,,,,,97.99,99.99,199.99,53.52,,Normal,
270153,V Heroes Tin [Espeon V] (International Version),V Heroes Tin Espeon V International Version,https://tcgplayer-cdn.tcgplayer.com/product/270153_200w.jpg,3,2374,https://cpt.tcgcsv.com/55b3,2022-04-29T12:59:00.863,1,,,,,,"Level up your game with the Pokémon TCG: V Heroes Tin, featuring powerful Evolutions of Eevee as
Pokémon V! Will you choose the relaxing radiance of Espeon V, the staggering stare of Umbreon V, or
the gracious gifts of Sylveon V? Not only do these tins come with a battle-ready Pokémon V, but they
also include a trove of treasures in Pokémon TCG booster packs.
<br>In this tin, you’ll find:
<br>• 1 foil card featuring Espeon V!
<br>• 4 Pokémon TCG booster packs
<br>• A code card for Pokémon Trading Card Game Live
<br><br><em>(Pokemon TCG booster packs vary by product.)</em>",,,,,,48.0,60.0,99.99,49.54,,Normal,
270154,V Heroes Tin [Set of 3] (International Version),V Heroes Tin Set of 3 International Version,https://tcgplayer-cdn.tcgplayer.com/product/270154_200w.jpg,3,2374,https://cpt.tcgcsv.com/65b3,2022-04-29T12:59:16.78,1,,,,,,"Collect 1 each of the 3 V Heroes Tin in this bundled product. 
<br>Each Tin contains: 
<br>• 1 foil card featuring Sylveon V, Umbreon V, and Espeon V <em>(respectively)</em>
<br>• 4 Pokémon TCG booster packs
<br>• A code card for Pokémon Trading Card Game Live
<br><br><em>(Pokemon TCG booster packs vary by product.)</em>",,,,,,,,,,,,
270463,Wooloo - 222/264 (Cosmos Holo),Wooloo 222 264 Cosmos Holo,https://tcgplayer-cdn.tcgplayer.com/product/270463_200w.jpg,3,2374,https://cpt.tcgcsv.com/hcb3,2025-11-13T13:03:50.913,1,222/264,Promo,Colorless,70,Basic,,"[2] Knock Away (20+)
<br>Flip a coin. If heads, this attack does 40 more damage.",,Fx2,,1,0.1,0.38,5.0,0.36,0.3,Holofoil,
270473,Code Card - Boltund Box V,Code Card Boltund Box V,https://tcgplayer-cdn.tcgplayer.com/product/270473_200w.jpg,3,2374,https://cpt.tcgcsv.com/tcb3,2023-03-31T15:56:11.13,1,,Code Card,,,,"This listing is <strong>not</strong> a physical item. Please keep in mind that this <strong>Code Card</strong> listing represents a digital copy of the stated item for the Pokémon TCG Online <strong>and/or</strong> the Pokémon TCG Live games. You may receive the physical <strong>Code Card</strong>. Upon purchase, please work with your specific Seller by sending them a message using the <strong>Contact Seller</strong> button on the order details in your <a href=https://store.tcgplayer.com/myaccount/orderhistory>Order History</a> to opt in to having your <strong>Code Card</strong> code delivered digitally due to the nature of the product.",,,,,,0.02,0.09,0.5,0.05,,Normal,
270475,Cacturne - 27/108 (Prerelease),Cacturne 27 108 Prerelease,https://tcgplayer-cdn.tcgplayer.com/product/270475_200w.jpg,3,2374,https://cpt.tcgcsv.com/wcb3,2024-04-08T16:18:21.113,1,027/108,Promo,Darkness,70,Stage 1,"<strong>Poké-POWER — Poison Structure</strong>
<br>
Once during your turn <em>(before your attack)</em>, if Sidney's Stadium is in play, you may choose 1 of the Defending Pokémon. That Pokémon is now Poisoned. This power can't be used if Cacturne is affected by a Special Condition.","[3] Pin Missile (20x) 
<br>Flip 4 coins. This attack does 20 damage times the number of heads.",,F,P,1,19.1,24.99,39.99,18.76,,Normal,
270478,Kleavor VSTAR Premium Collection,Kleavor VSTAR Premium Collection,https://tcgplayer-cdn.tcgplayer.com/product/270478_200w.jpg,3,2374,https://cpt.tcgcsv.com/Bcb3,2022-05-27T04:03:20.78,1,,,,,,"Each Pokemon TCG: Kleavor VSTAR Premium Collection includes:
<br>• 1 etched foil promo card featuring Kleavor V
<br>• 1 etched foil promo card featuring Kleavor VSTAR
<br>• 1 oversize foil card featuring Kleavor VSTAR
<br>• 6 Pokémon TCG booster packs
<br>• 1 collector's pin featuring Kleavor
<br>• 1 metallic coin featuring Kleavor
<br>• 1 acrylic VSTAR marker
<br>• A code card usable in either the Pokémon TCG Online or Pokémon TCG Live",,,,,,52.0,65.0,150.0,55.03,,Normal,820650871252
270666,Code Card - V Heroes Tin [Espeon V],Code Card V Heroes Tin Espeon V,https://tcgplayer-cdn.tcgplayer.com/product/270666_200w.jpg,3,2374,https://cpt.tcgcsv.com/lhb3,2022-07-20T19:19:19.873,1,,Code Card,,,,"<strong>Disclaimer</strong>: Please note this code card provides 4 Pokémon Booster Packs. Some versions of this code card may provide 5 Pokémon TCG booster packs, however only 4 are guaranteed. <em>(Booster packs vary.)</em>

<br<br>This listing is <strong>not</strong> a physical item. Please keep in mind that this <strong>Code Card</strong> listing represents a digital copy of the stated item for the Pokémon TCG Online <strong>and/or</strong> the Pokémon TCG Live games. You may receive the physical <strong>Code Card</strong>. Upon purchase, please work with your specific Seller by sending them a message using the <strong>Contact Seller</strong> button on the order details in your <a href=https://store.tcgplayer.com/myaccount/orderhistory>Order History</a> to opt in to having your <strong>Code Card</strong> code delivered digitally due to the nature of the product.",,,,,,0.02,0.11,2.95,0.04,,Normal,
270667,Code Card - V Heroes Tin [Sylveon V],Code Card V Heroes Tin Sylveon V,https://tcgplayer-cdn.tcgplayer.com/product/270667_200w.jpg,3,2374,https://cpt.tcgcsv.com/mhb3,2022-07-20T19:19:43.993,1,,Code Card,,,,"<strong>Disclaimer</strong>: Please note this code card provides 4 Pokémon Booster Packs. Some versions of this code card may provide 5 Pokémon TCG booster packs, however only 4 are guaranteed. <em>(Booster packs vary.)</em>

<br<br>This listing is <strong>not</strong> a physical item. Please keep in mind that this <strong>Code Card</strong> listing represents a digital copy of the stated item for the Pokémon TCG Online <strong>and/or</strong> the Pokémon TCG Live games. You may receive the physical <strong>Code Card</strong>. Upon purchase, please work with your specific Seller by sending them a message using the <strong>Contact Seller</strong> button on the order details in your <a href=https://store.tcgplayer.com/myaccount/orderhistory>Order History</a> to opt in to having your <strong>Code Card</strong> code delivered digitally due to the nature of the product.",,,,,,0.02,0.08,2.95,0.04,,Normal,
270668,Code Card - V Heroes Tin [Umbreon V],Code Card V Heroes Tin Umbreon V,https://tcgplayer-cdn.tcgplayer.com/product/270668_200w.jpg,3,2374,https://cpt.tcgcsv.com/nhb3,2022-07-20T19:19:58.307,1,,Code Card,,,,"<strong>Disclaimer</strong>: Please note this code card provides 4 Pokémon Booster Packs. Some versions of this code card may provide 5 Pokémon TCG booster packs, however only 4 are guaranteed. <em>(Booster packs vary.)</em>

<br<br>This listing is <strong>not</strong> a physical item. Please keep in mind that this <strong>Code Card</strong> listing represents a digital copy of the stated item for the Pokémon TCG Online <strong>and/or</strong> the Pokémon TCG Live games. You may receive the physical <strong>Code Card</strong>. Upon purchase, please work with your specific Seller by sending them a message using the <strong>Contact Seller</strong> button on the order details in your <a href=https://store.tcgplayer.com/myaccount/orderhistory>Order History</a> to opt in to having your <strong>Code Card</strong> code delivered digitally due to the nature of the product.",,,,,,0.02,0.07,2.95,0.04,,Normal,
270672,Code Card - Morpeko V-UNION Special Collection,Code Card Morpeko V UNION Special Collection,https://tcgplayer-cdn.tcgplayer.com/product/270672_200w.jpg,3,2374,https://cpt.tcgcsv.com/shb3,2022-07-20T19:41:28.233,1,,Code Card,,,,"This listing is <strong>not</strong> a physical item. Please keep in mind that this <strong>Code Card</strong> listing represents a digital copy of the stated item for the Pokémon TCG Online <strong>and/or</strong> the Pokémon TCG Live games. You may receive the physical <strong>Code Card</strong>. Upon purchase, please work with your specific Seller by sending them a message using the <strong>Contact Seller</strong> button on the order details in your <a href=https://store.tcgplayer.com/myaccount/orderhistory>Order History</a> to opt in to having your <strong>Code Card</strong> code delivered digitally due to the nature of the product.",,,,,,0.02,0.2,6.95,0.02,,Normal,
270852,Code Card - Jolteon VMAX Premium Collection,Code Card Jolteon VMAX Premium Collection,https://tcgplayer-cdn.tcgplayer.com/product/270852_200w.jpg,3,2374,https://cpt.tcgcsv.com/3mb3,2023-03-31T16:17:26.983,1,,Code Card,,,,"This listing is <strong>not</strong> a physical item. Please keep in mind that this <strong>Code Card</strong> listing represents a digital copy of the stated item for the Pokémon TCG Online <strong>and/or</strong> the Pokémon TCG Live games. You may receive the physical <strong>Code Card</strong>. Upon purchase, please work with your specific Seller by sending them a message using the <strong>Contact Seller</strong> button on the order details in your <a href=https://store.tcgplayer.com/myaccount/orderhistory>Order History</a> to opt in to having your <strong>Code Card</strong> code delivered digitally due to the nature of the product.",,,,,,0.49,0.65,1.99,0.49,,Normal,
270859,Code Card - Mini Portfolio [Giratina] (2-Pack),Code Card Mini Portfolio Giratina 2 Pack,https://tcgplayer-cdn.tcgplayer.com/product/270859_200w.jpg,3,2374,https://cpt.tcgcsv.com/cmb3,2023-03-31T16:20:47.62,1,,Code Card,,,,"This listing is <strong>not</strong> a physical item. Please keep in mind that this <strong>Code Card</strong> listing represents a digital copy of the stated item for the Pokémon TCG Online <strong>and/or</strong> the Pokémon TCG Live games. You may receive the physical <strong>Code Card</strong>. Upon purchase, please work with your specific Seller by sending them a message using the <strong>Contact Seller</strong> button on the order details in your <a href=https://store.tcgplayer.com/myaccount/orderhistory>Order History</a> to opt in to having your <strong>Code Card</strong> code delivered digitally due to the nature of the product.",,,,,,,,,,,,
270863,Code Card - Power Beyond Tin [Latios],Code Card Power Beyond Tin Latios,https://tcgplayer-cdn.tcgplayer.com/product/270863_200w.jpg,3,2374,https://cpt.tcgcsv.com/hmb3,2023-03-31T16:22:43.703,1,,Code Card,,,,"This listing is <strong>not</strong> a physical item. Please keep in mind that this <strong>Code Card</strong> listing represents a digital copy of the stated item for the Pokémon TCG Online <strong>and/or</strong> the Pokémon TCG Live games. You may receive the physical <strong>Code Card</strong>. Upon purchase, please work with your specific Seller by sending them a message using the <strong>Contact Seller</strong> button on the order details in your <a href=https://store.tcgplayer.com/myaccount/orderhistory>Order History</a> to opt in to having your <strong>Code Card</strong> code delivered digitally due to the nature of the product.",,,,,,2.99,3.0,4.0,,,Normal,
270864,Code Card - Power Beyond Tin [Rayquaza],Code Card Power Beyond Tin Rayquaza,https://tcgplayer-cdn.tcgplayer.com/product/270864_200w.jpg,3,2374,https://cpt.tcgcsv.com/jmb3,2023-03-31T16:23:01.153,1,,Code Card,,,,"This listing is <strong>not</strong> a physical item. Please keep in mind that this <strong>Code Card</strong> listing represents a digital copy of the stated item for the Pokémon TCG Online <strong>and/or</strong> the Pokémon TCG Live games. You may receive the physical <strong>Code Card</strong>. Upon purchase, please work with your specific Seller by sending them a message using the <strong>Contact Seller</strong> button on the order details in your <a href=https://store.tcgplayer.com/myaccount/orderhistory>Order History</a> to opt in to having your <strong>Code Card</strong> code delivered digitally due to the nature of the product.",,,,,,3.0,3.0,3.0,,,Normal,
270865,Code Card - Power Beyond Tin [Hoopa],Code Card Power Beyond Tin Hoopa,https://tcgplayer-cdn.tcgplayer.com/product/270865_200w.jpg,3,2374,https://cpt.tcgcsv.com/kmb3,2023-03-31T16:22:21.667,1,,Code Card,,,,"This listing is <strong>not</strong> a physical item. Please keep in mind that this <strong>Code Card</strong> listing represents a digital copy of the stated item for the Pokémon TCG Online <strong>and/or</strong> the Pokémon TCG Live games. You may receive the physical <strong>Code Card</strong>. Upon purchase, please work with your specific Seller by sending them a message using the <strong>Contact Seller</strong> button on the order details in your <a href=https://store.tcgplayer.com/myaccount/orderhistory>Order History</a> to opt in to having your <strong>Code Card</strong> code delivered digitally due to the nature of the product.",,,,,,1.25,2.13,3.0,,,Normal,
270866,Code Card - Pikachu & Eevee Poke Ball Collection,Code Card Pikachu and Eevee Poke Ball Collection,https://tcgplayer-cdn.tcgplayer.com/product/270866_200w.jpg,3,2374,https://cpt.tcgcsv.com/lmb3,2023-03-31T16:21:34.16,1,,Code Card,,,,"This listing is <strong>not</strong> a physical item. Please keep in mind that this <strong>Code Card</strong> listing represents a digital copy of the stated item for the Pokémon TCG Online <strong>and/or</strong> the Pokémon TCG Live games. You may receive the physical <strong>Code Card</strong>. Upon purchase, please work with your specific Seller by sending them a message using the <strong>Contact Seller</strong> button on the order details in your <a href=https://store.tcgplayer.com/myaccount/orderhistory>Order History</a> to opt in to having your <strong>Code Card</strong> code delivered digitally due to the nature of the product.",,,,,,0.2,0.2,0.2,,,Normal,
271585,Pokemon - Poke Ball Tin - Love Ball,Pokemon Poke Ball Tin Love Ball,https://tcgplayer-cdn.tcgplayer.com/product/271585_200w.jpg,3,2374,https://cpt.tcgcsv.com/KFb3,2022-05-06T04:03:32.8,1,,,,,,"Each aluminum Poke Ball Tin contains three random Pokemon TCG booster packs and a coin.
<br><br>
<em>(Pokemon TCG booster packs vary by product.)</em>",,,,,,245.0,258.5,260.0,140.18,,Normal,
271939,Divergent Powers Tin [Hisuian Samurott V],Divergent Powers Tin Hisuian Samurott V,https://tcgplayer-cdn.tcgplayer.com/product/271939_200w.jpg,3,2374,https://cpt.tcgcsv.com/PNb3,2022-06-17T04:03:09.42,1,,,,,,"Battle-Ready Partners from a Bygone Land!
<br>Hailing from the ancient region of Hisui, a trio of partner Pokémon with unique strengths are eager to join your deck! With this Divergent Powers Tin, you can choose the keen eye of Hisuian Decidueye V, the fearsome flames of Hisuian Typhlosion V, or the shadowy blades of Hisuian Samurott V, and then find even more useful Pokémon and Trainer cards in a handful of Pokémon TCG booster packs.
<br>The Pokémon TCG: Divergent Powers Tin includes:
<br>• 1 foil promo card featuring Hisuian Decidueye V, Hisuian Typhlosion V, or Hisuian Samurott V
<br>• 5 Pokémon TCG booster packs
<br>• A code card for Pokémon TCG Live",,,,,,87.68,87.68,87.68,87.68,,Normal,820650871405
271940,Divergent Powers Tin [Hisuian Typhlosion V],Divergent Powers Tin Hisuian Typhlosion V,https://tcgplayer-cdn.tcgplayer.com/product/271940_200w.jpg,3,2374,https://cpt.tcgcsv.com/QNb3,2022-06-17T04:03:09.42,1,,,,,,"Battle-Ready Partners from a Bygone Land!
<br>Hailing from the ancient region of Hisui, a trio of partner Pokémon with unique strengths are eager to join your deck! With this Divergent Powers Tin, you can choose the keen eye of Hisuian Decidueye V, the fearsome flames of Hisuian Typhlosion V, or the shadowy blades of Hisuian Samurott V, and then find even more useful Pokémon and Trainer cards in a handful of Pokémon TCG booster packs.
<br>The Pokémon TCG: Divergent Powers Tin includes:
<br>• 1 foil promo card featuring Hisuian Decidueye V, Hisuian Typhlosion V, or Hisuian Samurott V
<br>• 5 Pokémon TCG booster packs
<br>• A code card for Pokémon TCG Live",,,,,,89.99,126.9,149.99,78.88,,Normal,820650871405
271941,Divergent Powers Tin [Hisuian Decidueye V],Divergent Powers Tin Hisuian Decidueye V,https://tcgplayer-cdn.tcgplayer.com/product/271941_200w.jpg,3,2374,https://cpt.tcgcsv.com/RNb3,2022-06-17T04:03:09.42,1,,,,,,"Battle-Ready Partners from a Bygone Land!
<br>Hailing from the ancient region of Hisui, a trio of partner Pokémon with unique strengths are eager to join your deck! With this Divergent Powers Tin, you can choose the keen eye of Hisuian Decidueye V, the fearsome flames of Hisuian Typhlosion V, or the shadowy blades of Hisuian Samurott V, and then find even more useful Pokémon and Trainer cards in a handful of Pokémon TCG booster packs.
<br>The Pokémon TCG: Divergent Powers Tin includes:
<br>• 1 foil promo card featuring Hisuian Decidueye V, Hisuian Typhlosion V, or Hisuian Samurott V
<br>• 5 Pokémon TCG booster packs
<br>• A code card for Pokémon TCG Live",,,,,,94.99,97.45,99.9,80.16,,Normal,820650871405
271942,Divergent Powers Tin [Hisuian Decidueye V] (International Version),Divergent Powers Tin Hisuian Decidueye V International Version,https://tcgplayer-cdn.tcgplayer.com/product/271942_200w.jpg,3,2374,https://cpt.tcgcsv.com/SNb3,2022-06-17T04:03:09.42,1,,,,,,"Battle-Ready Partners from a Bygone Land!
<br>Hailing from the ancient region of Hisui, a trio of partner Pokémon with unique strengths are eager to join your deck! With this Divergent Powers Tin, you can choose the keen eye of Hisuian Decidueye V, the fearsome flames of Hisuian Typhlosion V, or the shadowy blades of Hisuian Samurott V, and then find even more useful Pokémon and Trainer cards in a handful of Pokémon TCG booster packs.
<br>The Pokémon TCG: Divergent Powers Tin includes:
<br>• 1 foil promo card featuring Hisuian Decidueye V, Hisuian Typhlosion V, or Hisuian Samurott V
<br>• 5 Pokémon TCG booster packs
<br>• A code card for Pokémon TCG Live",,,,,,39.63,40.99,49.49,39.63,,Normal,820650871405
271943,Divergent Powers Tin [Hisuian Samurott V] (International Version),Divergent Powers Tin Hisuian Samurott V International Version,https://tcgplayer-cdn.tcgplayer.com/product/271943_200w.jpg,3,2374,https://cpt.tcgcsv.com/TNb3,2022-06-17T04:03:09.42,1,,,,,,"Battle-Ready Partners from a Bygone Land!
<br>Hailing from the ancient region of Hisui, a trio of partner Pokémon with unique strengths are eager to join your deck! With this Divergent Powers Tin, you can choose the keen eye of Hisuian Decidueye V, the fearsome flames of Hisuian Typhlosion V, or the shadowy blades of Hisuian Samurott V, and then find even more useful Pokémon and Trainer cards in a handful of Pokémon TCG booster packs.
<br>The Pokémon TCG: Divergent Powers Tin includes:
<br>• 1 foil promo card featuring Hisuian Decidueye V, Hisuian Typhlosion V, or Hisuian Samurott V
<br>• 5 Pokémon TCG booster packs
<br>• A code card for Pokémon TCG Live",,,,,,41.0,41.0,41.0,41.0,,Normal,820650871405
271944,Divergent Powers Tin [Hisuian Typhlosion V] (International Version),Divergent Powers Tin Hisuian Typhlosion V International Version,https://tcgplayer-cdn.tcgplayer.com/product/271944_200w.jpg,3,2374,https://cpt.tcgcsv.com/VNb3,2022-06-17T04:03:09.42,1,,,,,,"Battle-Ready Partners from a Bygone Land!
<br>Hailing from the ancient region of Hisui, a trio of partner Pokémon with unique strengths are eager to join your deck! With this Divergent Powers Tin, you can choose the keen eye of Hisuian Decidueye V, the fearsome flames of Hisuian Typhlosion V, or the shadowy blades of Hisuian Samurott V, and then find even more useful Pokémon and Trainer cards in a handful of Pokémon TCG booster packs.
<br>The Pokémon TCG: Divergent Powers Tin includes:
<br>• 1 foil promo card featuring Hisuian Decidueye V, Hisuian Typhlosion V, or Hisuian Samurott V
<br>• 5 Pokémon TCG booster packs
<br>• A code card for Pokémon TCG Live",,,,,,80.58,80.58,80.58,51.71,,Normal,820650871405
271946,League Battle Deck [Shadow Rider Calyrex VMAX],League Battle Deck Shadow Rider Calyrex VMAX,https://tcgplayer-cdn.tcgplayer.com/product/271946_200w.jpg,3,2374,https://cpt.tcgcsv.com/XNb3,2022-07-22T04:03:07.863,1,,,,,,"Each Pokémon TCG: Calyrex VMAX League Battle Deck includes:
<br>• A full, playable 60-card deck loaded with power cards
<br>• 3 foil cards featuring Ice Rider Calyrex V or Shadow Rider Calyrex V
<br>• 3 foil cards featuring Ice Rider Calyrex VMAX or Shadow Rider Calyrex VMAX
<br>• 1 deck box
<br>• 2 coin condition markers
<br>• 6 damage-counter dice and 1 competition-legal coin-flip die
<br>• 1 Pokémon TCG rulebook
<br>• 1 Quick Guide to unlock the strategies within
<br>• A code card to unlock this deck in The Pokémon TCG Online or Pokémon Trading Card Game Live",,,,,,18.0,27.49,37.8,18.84,,Normal,
271947,League Battle Deck [Ice Rider Calyrex VMAX],League Battle Deck Ice Rider Calyrex VMAX,https://tcgplayer-cdn.tcgplayer.com/product/271947_200w.jpg,3,2374,https://cpt.tcgcsv.com/ZNb3,2022-07-22T04:03:07.863,1,,,,,,"Each Pokémon TCG: Calyrex VMAX League Battle Deck includes:
<br>• A full, playable 60-card deck loaded with power cards
<br>• 3 foil cards featuring Ice Rider Calyrex V or Shadow Rider Calyrex V
<br>• 3 foil cards featuring Ice Rider Calyrex VMAX or Shadow Rider Calyrex VMAX
<br>• 1 deck box
<br>• 2 coin condition markers
<br>• 6 damage-counter dice and 1 competition-legal coin-flip die
<br>• 1 Pokémon TCG rulebook
<br>• 1 Quick Guide to unlock the strategies within
<br>• A code card to unlock this deck in The Pokémon TCG Online or Pokémon Trading Card Game Live",,,,,,18.88,24.99,41.09,22.53,,Normal,
271997,League Battle Deck [Shadow Rider/Ice Rider Calyrex VMAX] [Set of 2],League Battle Deck Shadow Rider Ice Rider Calyrex VMAX Set of 2,https://tcgplayer-cdn.tcgplayer.com/product/271997_200w.jpg,3,2374,https://cpt.tcgcsv.com/ZPb3,2022-07-22T04:03:07.863,1,,,,,,"Each Pokémon TCG: Calyrex VMAX League Battle Deck includes:
<br>• A full, playable 60-card deck loaded with power cards
<br>• 3 foil cards featuring Ice Rider Calyrex V or Shadow Rider Calyrex V
<br>• 3 foil cards featuring Ice Rider Calyrex VMAX or Shadow Rider Calyrex VMAX
<br>• 1 deck box
<br>• 2 coin condition markers
<br>• 6 damage-counter dice and 1 competition-legal coin-flip die
<br>• 1 Pokémon TCG rulebook
<br>• 1 Quick Guide to unlock the strategies within
<br>• A code card to unlock this deck in The Pokémon TCG Online or Pokémon Trading Card Game Live",,,,,,34.0,40.0,54.42,36.48,,Normal,
271998,League Battle Deck Display [Shadow Rider/Ice Rider Calyrex VMAX],League Battle Deck Display Shadow Rider Ice Rider Calyrex VMAX,https://tcgplayer-cdn.tcgplayer.com/product/271998_200w.jpg,3,2374,https://cpt.tcgcsv.com/-Pb3,2022-07-22T04:03:07.863,1,,,,,,"Each League Battle Deck Display contains 3 Shadow Rider Calyrex VMAX League Battle Decks and 3 Ice Rider Calyrex VMAX League Battle Decks, for a total of 6. Each Pokémon TCG: Calyrex VMAX League Battle Deck includes:
<br>• A full, playable 60-card deck loaded with power cards
<br>• 3 foil cards featuring Ice Rider Calyrex V or Shadow Rider Calyrex V
<br>• 3 foil cards featuring Ice Rider Calyrex VMAX or Shadow Rider Calyrex VMAX
<br>• 1 deck box
<br>• 2 coin condition markers
<br>• 6 damage-counter dice and 1 competition-legal coin-flip die
<br>• 1 Pokémon TCG rulebook
<br>• 1 Quick Guide to unlock the strategies within
<br>• A code card to unlock this deck in The Pokémon TCG Online or Pokémon Trading Card Game Live",,,,,,92.5,92.5,92.5,70.0,,Normal,0820650870422
271999,Trainer Battle Deck - Brock of Pewter City Gym (JP Pokemon Center Exclusive),Trainer Battle Deck Brock of Pewter City Gym JP Pokemon Center Exclusive,https://tcgplayer-cdn.tcgplayer.com/product/271999_200w.jpg,3,2374,https://cpt.tcgcsv.com/_Pb3,2022-05-09T21:07:10.213,1,,,,,,"<strong>Please Note: The product you receive will be in Japanese. Japanese cards from this product are <em>Not Tournament Legal</em> in English Pokemon TCG Tournaments.</strong>
<br><br>Each <strong>Japanese-only</strong> Trainer Battle Deck includes a deck box, a playmat, and a set of card sleeves with artwork mirroring the box design, plus 44 damage counters, 2 status markers, 1 GX marker, and a coin.
<br><br><em>Any singles pulled from this item must be listed as Listings with Photos on their English counterparts, where possible.</em>",,,,,,175.0,180.01,198.98,192.5,,Normal,
272000,Trainer Battle Deck - Misty of Cerulean City Gym (JP Pokemon Center Exclusive),Trainer Battle Deck Misty of Cerulean City Gym JP Pokemon Center Exclusive,https://tcgplayer-cdn.tcgplayer.com/product/272000_200w.jpg,3,2374,https://cpt.tcgcsv.com/0Qb3,2022-05-09T21:06:50.697,1,,,,,,"<strong>Please Note: The product you receive will be in Japanese. Japanese cards from this product are <em>Not Tournament Legal</em> in English Pokemon TCG Tournaments.</strong>
<br><br>Each <strong>Japanese-only</strong> Trainer Battle Deck includes a deck box, a playmat, and a set of card sleeves with artwork mirroring the box design, plus 44 damage counters, 2 status markers, 1 GX marker, and a coin.
<br><br><em>Any singles pulled from this item must be listed as Listings with Photos on their English counterparts, where possible.</em>",,,,,,200.0,233.06,250.0,216.12,,Normal,
272094,Code Card - Spring 2022 Collector Chest,Code Card Spring 2022 Collector Chest,https://tcgplayer-cdn.tcgplayer.com/product/272094_200w.jpg,3,2374,https://cpt.tcgcsv.com/VRb3,2022-07-20T19:47:56.65,1,,Code Card,,,,"This listing is <strong>not</strong> a physical item. Please keep in mind that this <strong>Code Card</strong> listing represents a digital copy of the stated item for the Pokémon TCG Online <strong>and/or</strong> the Pokémon TCG Live games. You may receive the physical <strong>Code Card</strong>. Upon purchase, please work with your specific Seller by sending them a message using the <strong>Contact Seller</strong> button on the order details in your <a href=https://store.tcgplayer.com/myaccount/orderhistory>Order History</a> to opt in to having your <strong>Code Card</strong> code delivered digitally due to the nature of the product.",,,,,,0.02,0.09,1.12,0.02,,Normal,
272510,Gliscor E4 - 62/111 (Cracked Ice),Gliscor E4 62 111 Cracked Ice,https://tcgplayer-cdn.tcgplayer.com/product/272510_200w.jpg,3,2374,https://cpt.tcgcsv.com/d0c3,2022-09-26T20:48:44.807,1,062/111,Promo,Fighting,80,Basic,<em>(This item is a Reverse Holo Cracked Ice 2009 Value Box Exclusive Promo.)</em>,[1] Irongrip (10),"[1F] Loaded Needle (10+) 
<br>Flip a coin. If heads, this attack does 10 damage plus 30 more damage. If tails, the Defending Pokémon is now Poisoned.",Wx2,F-20,1,19.99,28.64,39.99,45.0,,Reverse Holofoil,
272511,Flareon E4 - 60/111 (Cracked Ice),Flareon E4 60 111 Cracked Ice,https://tcgplayer-cdn.tcgplayer.com/product/272511_200w.jpg,3,2374,https://cpt.tcgcsv.com/f0c3,2022-09-26T20:48:09.193,1,060/111,Promo,Fire,70,Basic,<em>(This item is a Reverse Holo Cracked Ice 2009 Value Box Exclusive Promo.)</em>,[1] Tackle (10),"[1R] Fire Tail Slap (40) 
<br>Flip a coin. If tails, discard a Fire Energy attached to Flareon E4.",Wx2,,1,114.75,114.88,115.0,115.0,,Reverse Holofoil,
272521,Divergent Powers Tin [Set of 3],Divergent Powers Tin Set of 3,https://tcgplayer-cdn.tcgplayer.com/product/272521_200w.jpg,3,2374,https://cpt.tcgcsv.com/r0c3,2022-06-17T04:03:09.42,1,,,,,,"This Set of 3 includes one of each tin. 
<br>Each: Divergent Powers Tin includes:
<br>• 1 foil promo card
<br>• 5 Pokémon TCG booster packs",,,,,,300.0,325.0,329.95,227.25,,Normal,
272522,Divergent Powers Tin [Set of 3] (International Edition),Divergent Powers Tin Set of 3 International Edition,https://tcgplayer-cdn.tcgplayer.com/product/272522_200w.jpg,3,2374,https://cpt.tcgcsv.com/s0c3,2022-06-20T20:41:32.64,1,,,,,,"This Set of 3 includes one of each tin. 
<br>Each: Divergent Powers Tin includes:
<br>• 1 foil promo card
<br>• 5 Pokémon TCG booster packs",,,,,,,,,,,,
272816,Lycanroc - 76/147 (Water Web Holo),Lycanroc 76 147 Water Web Holo,https://tcgplayer-cdn.tcgplayer.com/product/272816_200w.jpg,3,2374,https://cpt.tcgcsv.com/l8c3,2023-04-04T19:41:12.52,1,076/147,Promo,Fighting,110,Stage 1,,[1F] Rock Throw (30),[1FF] Accelerock (100),Gx2,,2,2.6,3.74,19.99,2.92,3.51,Holofoil,
273608,Pokemon TCG: Back to School Eraser Blister [Pikachu],Pokemon TCG Back to School Eraser Blister Pikachu,https://tcgplayer-cdn.tcgplayer.com/product/273608_200w.jpg,3,2374,https://cpt.tcgcsv.com/bsc3,2022-07-22T04:03:10.933,1,,,,,,"Looking for the perfect eraser for a new project or a new class? You can choose a favorite Pokémon eraser—and add to your Pokémon TCG collection at the same time!
<br>
<br>Inside, you’ll find:
<br>
<br>• 1 favorite Pokémon erasers featuring Pikachu!
<br>• 2 Pokémon TCG booster packs to expand your collection <em>(Packs and contents may vary by product)</em>",,,,,,,,,,,,0820650829529
273609,Pokemon TCG: Back to School Eraser Blister [Eevee],Pokemon TCG Back to School Eraser Blister Eevee,https://tcgplayer-cdn.tcgplayer.com/product/273609_200w.jpg,3,2374,https://cpt.tcgcsv.com/csc3,2022-07-22T04:03:10.933,1,,,,,,"Looking for the perfect eraser for a new project or a new class? You can choose a favorite Pokémon eraser—and add to your Pokémon TCG collection at the same time!
<br>
<br>Inside, you’ll find:
<br>
<br>• 1 favorite Pokémon erasers featuring Eevee!
<br>• 2 Pokémon TCG booster packs to expand your collection <em>(Packs and contents may vary by product)</em>",,,,,,,,,,,,0820650829529
273610,Pokemon TCG: Back to School Eraser Blister [Set of 2],Pokemon TCG Back to School Eraser Blister Set of 2,https://tcgplayer-cdn.tcgplayer.com/product/273610_200w.jpg,3,2374,https://cpt.tcgcsv.com/dsc3,2022-07-22T04:03:10.933,1,,,,,,"Looking for the perfect eraser for a new project or a new class? You can choose a favorite Pokémon eraser—and add to your Pokémon TCG collection at the same time!
<br>
<br>Inside, you’ll find:
<br>
<br>• 1 of 2 favorite Pokémon erasers featuring Pikachu or Eevee!
<br>• 2 Pokémon TCG booster packs to expand your collection <em>(Packs and contents may vary by product)</em>",,,,,,,,,,,,0820650829529
273611,Pokemon TCG: Back to School Bundle,Pokemon TCG Back to School Bundle,https://tcgplayer-cdn.tcgplayer.com/product/273611_200w.jpg,3,2374,https://cpt.tcgcsv.com/fsc3,2022-07-22T04:03:10.933,1,,,,,,"This bundled listing features the following:
<br>• 2 Back to School Eraser Blisters—featuring Pikachu and Eevee
<br>* 1 Back to School Pencil Case
<br>
<br><em>(Booster packs and contents may vary.)</em>",,,,,,,,,,,,
273613,Pokemon TCG: Back to School Pencil Case,Pokemon TCG Back to School Pencil Case,https://tcgplayer-cdn.tcgplayer.com/product/273613_200w.jpg,3,2374,https://cpt.tcgcsv.com/hsc3,2022-07-22T04:03:10.933,1,,,,,,"Get Ready for Class—with Pokémon!
<br>When you’re getting ready for a day in class, organize your pens and pencils, and have a little fun at the same time by adding to your TCG collection!
<br>The Pokémon TCG: Back to School Pencil Case includes:
<br>• A sturdy tin to keep your pens and pencils organized
<br>• 2 Pokémon TCG booster packs to expand your collection <em>(Packs and contents may vary.)</em>",,,,,,,,,,,,0820650829529
274096,Galarian Mr. Rime - 036/189 (Pokemon League) [Thank You],Galarian Mr Rime 036 189 Pokemon League Thank You,https://tcgplayer-cdn.tcgplayer.com/product/274096_200w.jpg,3,2374,https://cpt.tcgcsv.com/XFc3,2022-08-26T13:51:58.53,1,036/189,Promo,Water,120,Stage 1,"<strong>Ability — Shuffle Dance</strong>
<br>Once during your turn, you may switch 1 of your opponent's face-down Prize cards with the top card of their deck.","[2W] Mad Party (20x)
<br>This attack does 20 damage times the number of Pokémon in your discard pile that have the Mad Party attack.",,Mx2,,2,4.0,40.0,80.0,4.78,,Reverse Holofoil,
274098,Bunnelby - 150/189 (Thank You Promo),Bunnelby 150 189 Thank You Promo,https://tcgplayer-cdn.tcgplayer.com/product/274098_200w.jpg,3,2374,https://cpt.tcgcsv.com/-Fc3,2022-08-25T15:33:15.583,1,150/189,Promo,Colorless,40,Basic,,"[2] Mad Party (20x)
<br>This attack does 20 damage times the number of Pokémon in your discard pile that have the Mad Party attack.",,Fx2,None,1,9.0,14.1,19.99,9.7,,Reverse Holofoil,
274102,Corviknight - 156/189 (Darkness Ablaze Stamped),Corviknight 156 189 Darkness Ablaze Stamped,https://tcgplayer-cdn.tcgplayer.com/product/274102_200w.jpg,3,2374,https://cpt.tcgcsv.com/3Gc3,2022-08-25T16:07:23.953,1,156/189,Promo,Colorless,160,Stage 2,"<strong>Ability — Flying Taxi</strong>
<br>When you play this Pokémon from your hand to evolve 1 of your Pokémon during your turn, you may put a Pokémon (excluding this Pokémon) and all cards attached to it into your hand.",[3] Blasting Wind (120),,Lx2,F-30,2,20.0,24.99,152.48,21.62,,Holofoil,
274412,Hisuian Typhlosion - 052/189 (GameStop Exclusive),Hisuian Typhlosion 052 189 GameStop Exclusive,https://tcgplayer-cdn.tcgplayer.com/product/274412_200w.jpg,3,2374,https://cpt.tcgcsv.com/gNc3,2025-11-21T05:06:28.557,1,052/189,Promo,Psychic,150,Stage 2,"<strong>Ability — Supernatural Orb</strong>                                          
<br>You must discard a Psychic Energy card from your hand in order to use this Ability. Once during your turn, you may make your opponent's Active Pokémon Burned and Confused.","[1P] Shadow Bind (90)
<br>During your opponent's next turn, the Defending Pokémon can't retreat.",,Dx2,F-30,1,1.58,3.67,29.99,3.18,3.0,Holofoil,
275118,Code Card - Kleavor VSTAR Premium Collection,Code Card Kleavor VSTAR Premium Collection,https://tcgplayer-cdn.tcgplayer.com/product/275118_200w.jpg,3,2374,https://cpt.tcgcsv.com/n3d3,2022-07-20T19:32:49.027,1,,Code Card,,,,"This listing is <strong>not</strong> a physical item. Please keep in mind that this <strong>Code Card</strong> listing represents a digital copy of the stated item for the Pokémon TCG Online <strong>and/or</strong> the Pokémon TCG Live games. You may receive the physical <strong>Code Card</strong>. Upon purchase, please work with your specific Seller by sending them a message using the <strong>Contact Seller</strong> button on the order details in your <a href=https://store.tcgplayer.com/myaccount/orderhistory>Order History</a> to opt in to having your <strong>Code Card</strong> code delivered digitally due to the nature of the product.",,,,,,0.05,0.12,0.99,0.05,,Normal,
275938,Pokemon TCG: Trainer's Toolkit (2022),Pokemon TCG Trainers Toolkit 2022,https://tcgplayer-cdn.tcgplayer.com/product/275938_200w.jpg,3,2374,https://cpt.tcgcsv.com/Nnd3,2022-07-12T12:56:45.223,1,,,,,,"Everything You Need to Build a Powerful Deck!
<br>
<br>Turn your card collection into playable, fun, and winning Pokémon Trading Card Game decks! Inside this box, you'll find a plethora of Trainer cards and Energy cards, plus a Deck Builder's Guide to putting them all together to create a deck that showcases your best Pokémon! You'll find everything you need to help you make the choices every deck builder faces: More big Pokémon? More strategic Trainer cards? How much Energy is too much? Steer a course for completely new decks, original combos, and all the fun of head-to-head competition with the Pokémon TCG: Trainer's Toolkit!
<br>
<br>The Pokémon TCG: Trainer's Toolkit includes:
<br>
<br>• More than 50 useful cards to power up your decks, including dozens of Trainer cards, 6 Special Energy cards, and 2 copies of Lumineon V
<br>• More than 100 basic Energy cards
<br>• 4 Pokémon TCG booster packs
<br>• 65 card sleeves
<br>• A Deck Builder's Guide
<br>• 6 damage-counter dice
<br>• 1 competition-legal coin-flip die
<br>• 2 condition markers
<br>• 1 VSTAR marker
<br>• A code card for Pokémon TCG Live",,,,,,59.0,69.0,99.99,60.57,,Normal,
276390,Melmetal - 129/214 (Unbroken Bonds Stamped),Melmetal 129 214 Unbroken Bonds Stamped,https://tcgplayer-cdn.tcgplayer.com/product/276390_200w.jpg,3,2374,https://cpt.tcgcsv.com/Qzd3,2022-08-27T11:43:55.87,0,129/214,Promo,Metal,150,Stage 1,"<strong>Ability — Metal Eater</strong>
<br>Once during your turn <em>(before your attack)</em>, you may discard a Metal Pokémon from your hand. If you do, heal 100 damage from this Pokémon.",[3M] Heavy Impact (130),,Rx2,P-20,4,19.95,47.43,53.91,,,Holofoil,
276391,Suicune - 59/214 (Legendary Pokemon Stamped),Suicune 59 214 Legendary Pokemon Stamped,https://tcgplayer-cdn.tcgplayer.com/product/276391_200w.jpg,3,2374,https://cpt.tcgcsv.com/Rzd3,2022-09-28T18:14:36.247,0,059/214,Promo,Water,110,Basic,"<strong>Ability — Frozen Flow</strong>
<br>Once during your turn <em>(before your attack)</em>, if this Pokémon is your Active Pokémon, you may have your opponent switch their Active Pokémon with 1 of their Benched Pokémon.","[2W] Aurora Gain (70)
<br>Heal 30 damage from this Pokémon.",,Gx2,,1,,,,,,,
276393,Moltres - 19/181 (Team Up Stamped),Moltres 19 181 Team Up Stamped,https://tcgplayer-cdn.tcgplayer.com/product/276393_200w.jpg,3,2374,https://cpt.tcgcsv.com/Tzd3,2023-05-17T12:43:33.567,1,019/181,Promo,Fire,120,Basic,,"[R] Top Burner
<br>Discard all Fire Energy from this Pokémon. Then, discard a card from the top of your opponent's deck for each Energy you discarded in this way.","[1RRR] Fire Spin (180)
<br>Discard 3 Energy from this Pokémon.",Lx2,F-20,2,,,,,,,
276609,XY 3 Pack Blister [Giratina],XY 3 Pack Blister Giratina,https://tcgplayer-cdn.tcgplayer.com/product/276609_200w.jpg,3,2374,https://cpt.tcgcsv.com/cGd3,2022-06-20T20:17:48.2,1,,,,,,"This 3 Pack Blister features 3 booster packs, one holofoil promo Giratina, and a collector's coin.",,,,,,,,,,,,
276701,Code Card - Professor Juniper Premium Tournament Collection,Code Card Professor Juniper Premium Tournament Collection,https://tcgplayer-cdn.tcgplayer.com/product/276701_200w.jpg,3,2374,https://cpt.tcgcsv.com/2Jd3,2023-03-31T16:23:16.097,1,,Code Card,,,,"This listing is <strong>not</strong> a physical item. Please keep in mind that this <strong>Code Card</strong> listing represents a digital copy of the stated item for the Pokémon TCG Online <strong>and/or</strong> the Pokémon TCG Live games. You may receive the physical <strong>Code Card</strong>. Upon purchase, please work with your specific Seller by sending them a message using the <strong>Contact Seller</strong> button on the order details in your <a href=https://store.tcgplayer.com/myaccount/orderhistory>Order History</a> to opt in to having your <strong>Code Card</strong> code delivered digitally due to the nature of the product.",,,,,,0.1,0.22,2.95,0.17,,Normal,
277564,Pokemon TCG: Trainer's Toolkit (2021) Case,Pokemon TCG Trainers Toolkit 2021 Case,https://tcgplayer-cdn.tcgplayer.com/product/277564_200w.jpg,3,2374,https://cpt.tcgcsv.com/j2f3,2022-06-29T18:57:41.027,1,,,,,,"Each case contains 6 Trainer's Tool Kit (2021) product.
<br><br>Everything You Need to Build a Powerful Deck! Turn your card collection into playable, fun, and winning Pokémon Trading Card Game decks! Inside this box, you’ll find a plethora of Trainer cards and Energy cards, plus a Deck Builder’s Guide to putting them all together to create a deck that showcases your best Pokémon! You’ll find everything you need to help you make the choices every deck builder faces: More big Pokémon? More strategic Trainer cards? How much Energy is too much? Steer a course for completely new decks, original combos, and all the fun of head-to-head competition with the Pokémon TCG: Trainer’s Toolkit!
<br>The Pokémon TCG: Trainer’s Toolkit includes:
<br>• More than 50 useful cards to power up your decks, including dozens of Trainer cards and 2 copies of Crobat V
<br>• More than 100 Energy cards, including Special Energy
<br>• 4 Pokémon TCG booster packs to expand your collection
<br>• 65 card sleeves to protect your deck
<br>• A Deck Builder’s Guide
<br>• A complete Pokémon TCG rulebook
<br>• A set of 7 tournament-legal dice
<br>• 2 condition markers
<br>• A code card for the Pokémon TCG Online",,,,,,239.95,239.95,239.95,189.8,,Normal,0820650808753
277568,Infernape V Box,Infernape V Box,https://tcgplayer-cdn.tcgplayer.com/product/277568_200w.jpg,3,2374,https://cpt.tcgcsv.com/n2f3,2022-09-09T04:03:39.77,1,,,,,,"Infernape V Sets the Battlefield Ablaze!
Blaze a new trail in battle with the agility and power of Infernape V! Keep the coins flipping with its Meteor Punch attack, then burn down the battlefield with a massive Bright Flame! In this box, you’ll find playable and oversize versions of Infernape V, plus a bonus playable card featuring Empoleon. You’ll also get a handful of Pokémon TCG booster packs to enhance your decks and fill out your collection.
<br><br>The Pokémon TCG: Infernape V Box includes:
<br>• 1 foil promo card featuring Infernape V
<br>• 1 foil card featuring Empoleon
<br>• 1 oversize foil card featuring Infernape V
<br>• 4 Pokémon TCG booster packs
<br>• A code card for Pokémon TCG Live",,,,,,47.85,59.48,70.0,52.73,,Normal,0820650871191
277667,Code Card - Divergent Powers Tin [Hisuian Samurott V],Code Card Divergent Powers Tin Hisuian Samurott V,https://tcgplayer-cdn.tcgplayer.com/product/277667_200w.jpg,3,2374,https://cpt.tcgcsv.com/m5f3,2023-03-31T16:07:08.203,1,,Code Card,,,,"This listing is <strong>not</strong> a physical item. Please keep in mind that this <strong>Code Card</strong> listing represents a digital copy of the stated item for the Pokémon TCG Online <strong>and/or</strong> the Pokémon TCG Live games. You may receive the physical <strong>Code Card</strong>. Upon purchase, please work with your specific Seller by sending them a message using the <strong>Contact Seller</strong> button on the order details in your <a href=https://store.tcgplayer.com/myaccount/orderhistory>Order History</a> to opt in to having your <strong>Code Card</strong> code delivered digitally due to the nature of the product.",,,,,,0.03,0.08,1.0,,,Normal,
277668,Code Card - Divergent Powers Tin [Hisuian Decidueye V],Code Card Divergent Powers Tin Hisuian Decidueye V,https://tcgplayer-cdn.tcgplayer.com/product/277668_200w.jpg,3,2374,https://cpt.tcgcsv.com/n5f3,2023-03-31T16:06:47.577,1,,Code Card,,,,"This listing is <strong>not</strong> a physical item. Please keep in mind that this <strong>Code Card</strong> listing represents a digital copy of the stated item for the Pokémon TCG Online <strong>and/or</strong> the Pokémon TCG Live games. You may receive the physical <strong>Code Card</strong>. Upon purchase, please work with your specific Seller by sending them a message using the <strong>Contact Seller</strong> button on the order details in your <a href=https://store.tcgplayer.com/myaccount/orderhistory>Order History</a> to opt in to having your <strong>Code Card</strong> code delivered digitally due to the nature of the product.",,,,,,0.01,0.05,2.95,0.03,,Normal,
277669,Code Card - Divergent Powers Tin [Hisuian Typhlosion V],Code Card Divergent Powers Tin Hisuian Typhlosion V,https://tcgplayer-cdn.tcgplayer.com/product/277669_200w.jpg,3,2374,https://cpt.tcgcsv.com/p5f3,2023-03-31T16:07:22.753,1,,Code Card,,,,"This listing is <strong>not</strong> a physical item. Please keep in mind that this <strong>Code Card</strong> listing represents a digital copy of the stated item for the Pokémon TCG Online <strong>and/or</strong> the Pokémon TCG Live games. You may receive the physical <strong>Code Card</strong>. Upon purchase, please work with your specific Seller by sending them a message using the <strong>Contact Seller</strong> button on the order details in your <a href=https://store.tcgplayer.com/myaccount/orderhistory>Order History</a> to opt in to having your <strong>Code Card</strong> code delivered digitally due to the nature of the product.",,,,,,0.04,0.07,1.0,0.07,,Normal,
277670,Code Card - Infernape V Box,Code Card Infernape V Box,https://tcgplayer-cdn.tcgplayer.com/product/277670_200w.jpg,3,2374,https://cpt.tcgcsv.com/q5f3,2022-09-09T04:03:39.77,1,,Code Card,,,,"This listing is <strong>not</strong> a physical item. Please keep in mind that this <strong>Code Card</strong> listing represents a digital copy of the stated item for the Pokémon TCG Online <strong>and/or</strong> the Pokémon TCG Live games. You may receive the physical <strong>Code Card</strong>. Upon purchase, please work with your specific Seller by sending them a message using the <strong>Contact Seller</strong> button on the order details in your <a href=https://store.tcgplayer.com/myaccount/orderhistory>Order History</a> to opt in to having your <strong>Code Card</strong> code delivered digitally due to the nature of the product.",,,,,,0.03,0.07,1.29,0.07,,Normal,
277675,Dragapult - 091/192 [Rebel Clash],Dragapult 091 192 Rebel Clash,https://tcgplayer-cdn.tcgplayer.com/product/277675_200w.jpg,3,2374,https://cpt.tcgcsv.com/w5f3,2023-01-03T19:56:22.853,1,091/192,Promo,Psychic,150,Stage 2,"<strong>Ability — Infiltrator</strong>
<br>If any damage is done to this Pokémon by attacks, flip a coin. If heads, prevent that damage.","[PP] Phantom Force (120)
<br>Put 3 damage counters on your opponent's Benched Pokémon in any way you like.",,Dx2,F-30,0,34.94,34.94,34.94,31.57,,Holofoil,
277676,Solgaleo - 142/236 (Cosmic Eclipse Stamped),Solgaleo 142 236 Cosmic Eclipse Stamped,https://tcgplayer-cdn.tcgplayer.com/product/277676_200w.jpg,3,2374,https://cpt.tcgcsv.com/x5f3,2023-05-17T12:41:25.537,1,142/236,Promo,Metal,150,Stage 2,"<strong>Ability — Armor of the Sunne</strong>
<br>If you have Lunala in play, your Solgaleo and Lunala take 50 less damage from your opponent's attacks <em>(after applying Weakness and Resistance)</em>. You can't apply more than 1 Armor of the Sunne Ability at a time.","[2MM] Sol Fangs (180)
<br>Discard 2 Energy from this Pokémon.",,Rx2,P-20,3,,,,,,,
277677,Snorlax - 131/185 (Vivid Voltage Stamped),Snorlax 131 185 Vivid Voltage Stamped,https://tcgplayer-cdn.tcgplayer.com/product/277677_200w.jpg,3,2374,https://cpt.tcgcsv.com/z5f3,2022-09-08T16:15:38.583,0,131/185,Promo,Colorless,130,Basic,"<strong>Ability — Gormandize</strong>
<br>Once during your turn, if this Pokémon is in the Active Spot, you may draw cards until you have 7 cards in your hand. If you use this Ability, your turn ends.","[4] Body Slam (100)
<br>Flip a coin. If heads, your opponent's Active Pokémon is now Paralyzed.",,Fx2,,3,46.99,48.17,49.34,43.51,,Holofoil,
277678,Mewtwo - 056/172 (Brilliant Stars Stamped),Mewtwo 056 172 Brilliant Stars Stamped,https://tcgplayer-cdn.tcgplayer.com/product/277678_200w.jpg,3,2374,https://cpt.tcgcsv.com/B5f3,2023-05-17T12:47:36.613,1,056/172,Promo,Psychic,130,Basic,,"[P] Life Sucker (20)
<br>Heal 20 damage from this Pokémon.",[1PP] Psyburn (110),Dx2,F-30,2,69.99,69.99,69.99,52.13,,Holofoil,
278670,Code Card - V Forces Tin [Galarian Slowbrow V],Code Card V Forces Tin Galarian Slowbrow V,https://tcgplayer-cdn.tcgplayer.com/product/278670_200w.jpg,3,2374,https://cpt.tcgcsv.com/qtf3,2023-03-31T16:30:33.077,1,,Code Card,,,,"This listing is <strong>not</strong> a physical item. Please keep in mind that this <strong>Code Card</strong> listing represents a digital copy of the stated item for the Pokémon TCG Online <strong>and/or</strong> the Pokémon TCG Live games. You may receive the physical <strong>Code Card</strong>. Upon purchase, please work with your specific Seller by sending them a message using the <strong>Contact Seller</strong> button on the order details in your <a href=https://store.tcgplayer.com/myaccount/orderhistory>Order History</a> to opt in to having your <strong>Code Card</strong> code delivered digitally due to the nature of the product.",,,,,,0.05,0.13,0.15,,,Normal,
278671,Code Card - Lycanroc V Battle Deck,Code Card Lycanroc V Battle Deck,https://tcgplayer-cdn.tcgplayer.com/product/278671_200w.jpg,3,2374,https://cpt.tcgcsv.com/rtf3,2023-03-31T16:19:55.597,1,,Code Card,,,,"This listing is <strong>not</strong> a physical item. Please keep in mind that this <strong>Code Card</strong> listing represents a digital copy of the stated item for the Pokémon TCG Online <strong>and/or</strong> the Pokémon TCG Live games. You may receive the physical <strong>Code Card</strong>. Upon purchase, please work with your specific Seller by sending them a message using the <strong>Contact Seller</strong> button on the order details in your <a href=https://store.tcgplayer.com/myaccount/orderhistory>Order History</a> to opt in to having your <strong>Code Card</strong> code delivered digitally due to the nature of the product.",,,,,,1.49,1.49,1.5,,,Normal,
278672,Code Card - Corviknight V Battle Deck,Code Card Corviknight V Battle Deck,https://tcgplayer-cdn.tcgplayer.com/product/278672_200w.jpg,3,2374,https://cpt.tcgcsv.com/stf3,2023-03-31T16:01:19.323,1,,Code Card,,,,"This listing is <strong>not</strong> a physical item. Please keep in mind that this <strong>Code Card</strong> listing represents a digital copy of the stated item for the Pokémon TCG Online <strong>and/or</strong> the Pokémon TCG Live games. You may receive the physical <strong>Code Card</strong>. Upon purchase, please work with your specific Seller by sending them a message using the <strong>Contact Seller</strong> button on the order details in your <a href=https://store.tcgplayer.com/myaccount/orderhistory>Order History</a> to opt in to having your <strong>Code Card</strong> code delivered digitally due to the nature of the product.",,,,,,1.25,1.88,3.0,0.2,,Normal,
278675,Code Card - Flareon VMAX Premium Collection,Code Card Flareon VMAX Premium Collection,https://tcgplayer-cdn.tcgplayer.com/product/278675_200w.jpg,3,2374,https://cpt.tcgcsv.com/wtf3,2023-03-31T16:11:31.86,1,,Code Card,,,,"This listing is <strong>not</strong> a physical item. Please keep in mind that this <strong>Code Card</strong> listing represents a digital copy of the stated item for the Pokémon TCG Online <strong>and/or</strong> the Pokémon TCG Live games. You may receive the physical <strong>Code Card</strong>. Upon purchase, please work with your specific Seller by sending them a message using the <strong>Contact Seller</strong> button on the order details in your <a href=https://store.tcgplayer.com/myaccount/orderhistory>Order History</a> to opt in to having your <strong>Code Card</strong> code delivered digitally due to the nature of the product.",,,,,,0.39,0.5,1.99,,,Normal,
278676,Code Card - Mighty Mysterious Tin [Snorlax],Code Card Mighty Mysterious Tin Snorlax,https://tcgplayer-cdn.tcgplayer.com/product/278676_200w.jpg,3,2374,https://cpt.tcgcsv.com/xtf3,2023-03-31T16:20:30.583,1,,Code Card,,,,"This listing is <strong>not</strong> a physical item. Please keep in mind that this <strong>Code Card</strong> listing represents a digital copy of the stated item for the Pokémon TCG Online <strong>and/or</strong> the Pokémon TCG Live games. You may receive the physical <strong>Code Card</strong>. Upon purchase, please work with your specific Seller by sending them a message using the <strong>Contact Seller</strong> button on the order details in your <a href=https://store.tcgplayer.com/myaccount/orderhistory>Order History</a> to opt in to having your <strong>Code Card</strong> code delivered digitally due to the nature of the product.",,,,,,0.03,0.05,0.15,0.03,,Normal,
278924,Professor Juniper Premium Tournament Collection Box Case,Professor Juniper Premium Tournament Collection Box Case,https://tcgplayer-cdn.tcgplayer.com/product/278924_200w.jpg,3,2374,https://cpt.tcgcsv.com/vBf3,2022-07-07T15:54:14.167,1,,,,,,"Each case contains 4 Professor Juniper Premium Tournament Collection Boxes.
<br><br>Research Your Next Strategy—with Professor Juniper!
<br>Professor Juniper guides new Pokémon Trainers as they begin their journey, and in the Pokémon TCG, her in-depth research can help you find the cards you need to succeed! In this premium collection, you get a full playset of the Professor’s Research Supporter card featuring Professor Juniper, plus a protective deck box, card sleeves, coin, and more tournament-ready accessories. You’ll also find a stack of Pokémon TCG booster packs and a code that unlocks another full playset of Professor’s Research in Pokémon TCG Live!
<br>THE POKÉMON TCG: PROFESSOR JUNIPER PREMIUM TOURNAMENT COLLECTION INCLUDES:
<br>• 1 full-art foil Professor’s Research Supporter card featuring Professor Juniper
<br>• 3 additional foil Professor’s Research Supporter cards featuring Professor Juniper
<br>• 65 card sleeves featuring Professor Juniper
<br>• A sturdy deck box featuring Professor Juniper
<br>• A large metallic coin featuring Professor Juniper
<br>• 2 coin condition markers
<br>• 6 tournament-ready damage dice
<br>• 7 Pokémon TCG booster packs
<br>• A code card for Pokémon TCG Live",,,,,,439.86,439.87,439.89,354.51,,Normal,
279606,"Enhanced 2-Pack Blister Pack [Galarian Articuno, Galarian Zapdos, & Galarian Moltres]",Enhanced 2 Pack Blister Pack Galarian Articuno Galarian Zapdos and Galarian Moltres,https://tcgplayer-cdn.tcgplayer.com/product/279606_200w.jpg,3,2374,https://cpt.tcgcsv.com/8Sf3,2022-08-16T04:03:14.843,1,,,,,,"Expand your collection with three foil Pokémon TCG cards featuring Galarian Articuno, Galarian Zapdos, and Galarian Moltres—plus a metallic coin, two Pokémon TCG booster packs, and a code card for Pokémon TCG Live!
<br>
• Includes three foil cards, two booster packs, a coin, and a code card
<br>
• Each booster pack contains 10 cards and either 1 basic Energy or 1 VSTAR marker. Cards vary by pack.",,,,,,22.33,40.0,65.0,30.41,,Normal,
279927,Pikachu - 027/078 (Cosmos Holo),Pikachu 027 078 Cosmos Holo,https://tcgplayer-cdn.tcgplayer.com/product/279927_200w.jpg,3,2374,https://cpt.tcgcsv.com/z-f3,2022-08-27T12:31:58.04,0,027/078,Promo,Lighnting,60,Basic,,"[2L] Buddy Bolt (30+)
<br>If you played a Supporter card from your hand during this turn, this attack does 30 more damage.",,Fx2,,1,0.5,1.99,4.97,2.29,0.75,Holofoil,
279928,Blissey - 052/078 (Cosmos Holo),Blissey 052 078 Cosmos Holo,https://tcgplayer-cdn.tcgplayer.com/product/279928_200w.jpg,3,2374,https://cpt.tcgcsv.com/B-f3,2022-09-29T16:13:39.703,0,052/078,Promo,Colorless,200,Stage 1,,"[1] Enriching Egg
<br>Heal all damage from 1 of your Benched Pokémon.",[3] Zen Headbutt (100),Fx2,None,4,0.13,0.35,25.0,0.35,,Holofoil,
279929,Snorlax - 55/078 (Cosmos Holo),Snorlax 55 078 Cosmos Holo,https://tcgplayer-cdn.tcgplayer.com/product/279929_200w.jpg,3,2374,https://cpt.tcgcsv.com/C-f3,2025-01-24T10:36:08.26,1,055/078,Promo,Colorless,150,Basic,"<strong>Ability — Block</strong>
<br>As long as this Pokémon is in the Active Spot, your opponent's Active Pokémon can't retreat.",[4] Collapse (15),,Fx2,None,4,1.5,3.57,8.0,3.57,,Holofoil,
280262,Code Card - League Battle Deck [Ice Rider Calyrex VMAX],Code Card League Battle Deck Ice Rider Calyrex VMAX,https://tcgplayer-cdn.tcgplayer.com/product/280262_200w.jpg,3,2374,https://cpt.tcgcsv.com/g7g3,2022-08-02T19:04:07.947,1,,Code Card,,,,"This listing is <strong>not</strong> a physical item. Please keep in mind that this <strong>Code Card</strong> listing represents a digital copy of the stated item for the Pokémon TCG Online <strong>and/or</strong> the Pokémon TCG Live games. You may receive the physical <strong>Code Card</strong>. Upon purchase, please work with your specific Seller by sending them a message using the <strong>Contact Seller</strong> button on the order details in your <a href=https://store.tcgplayer.com/myaccount/orderhistory>Order History</a> to opt in to having your <strong>Code Card</strong> code delivered digitally due to the nature of the product.",,,,,,5.0,5.0,5.0,0.85,,Normal,
280263,Code Card - League Battle Deck [Shadow Rider Calyrex VMAX],Code Card League Battle Deck Shadow Rider Calyrex VMAX,https://tcgplayer-cdn.tcgplayer.com/product/280263_200w.jpg,3,2374,https://cpt.tcgcsv.com/h7g3,2022-08-02T19:04:20.957,1,,Code Card,,,,"This listing is <strong>not</strong> a physical item. Please keep in mind that this <strong>Code Card</strong> listing represents a digital copy of the stated item for the Pokémon TCG Online <strong>and/or</strong> the Pokémon TCG Live games. You may receive the physical <strong>Code Card</strong>. Upon purchase, please work with your specific Seller by sending them a message using the <strong>Contact Seller</strong> button on the order details in your <a href=https://store.tcgplayer.com/myaccount/orderhistory>Order History</a> to opt in to having your <strong>Code Card</strong> code delivered digitally due to the nature of the product.",,,,,,5.0,5.0,5.0,0.65,,Normal,
280847,Virizion V Box,Virizion V Box,https://tcgplayer-cdn.tcgplayer.com/product/280847_200w.jpg,3,2374,https://cpt.tcgcsv.com/Zlg3,2022-10-14T04:03:18.153,1,,,,,,"Go green and bestow justice with the legendary power of Virizion V! Tend to your allies with the Verdant Wind Ability, then go on the offensive to deliver powerful strikes with the Emerald Blade attack! In this box, you’ll find playable and oversize versions of Virizion V, plus a bonus playable card featuring Keldeo. You’ll also get a handful of Pokémon TCG booster packs to give your deck a boost before your next match.
<br>
The Pokémon TCG: Virizion V Box includes:
<br>
• 1 foil promo card featuring Virizion V
<br>
• 1 foil card featuring Keldeo
<br>
• 1 oversize foil card featuring Virizion V
<br>
• 4 Pokémon TCG booster packs
<br>
• A code card for Pokémon TCG Live",,,,,,54.99,79.99,90.0,41.83,,Normal,0820650871207
280848,Code Card - Virizion V Box,Code Card Virizion V Box,https://tcgplayer-cdn.tcgplayer.com/product/280848_200w.jpg,3,2374,https://cpt.tcgcsv.com/-lg3,2022-10-14T04:03:18.153,1,,Code Card,,,,"This listing is <strong>not</strong> a physical item. Please keep in mind that this <strong>Code Card</strong> listing represents a digital copy of the stated item for the Pokémon TCG Online <strong>and/or</strong> the Pokémon TCG Live games. You may receive the physical <strong>Code Card</strong>. Upon purchase, please work with your specific Seller by sending them a message using the <strong>Contact Seller</strong> button on the order details in your <a href=https://store.tcgplayer.com/myaccount/orderhistory>Order History</a> to opt in to having your <strong>Code Card</strong> code delivered digitally due to the nature of the product.",,,,,,0.05,0.07,1.38,,,Normal,
280857,V Battle Deck [Deoxys V],V Battle Deck Deoxys V,https://tcgplayer-cdn.tcgplayer.com/product/280857_200w.jpg,3,2374,https://cpt.tcgcsv.com/9mg3,2025-07-12T13:25:16.877,1,,,,,,"Each 60-card deck is led by a valiant Pokémon V and includes everything you need to play right away. Let the battle begin!
<br><br>In each box, you’ll find:
<br>• 1 ready-to-play 60-card deck
<br>• 3 reference cards
<br>• 1 rules booklet
<br>• Single-player playmat
<br>• Damage counters
<br>• 1 large metallic coin
<br>• 1 deck box
<br>• 1 Quick Guide to unlock the strategies within
<br>• 1 code card to play this deck online",,,,,,15.0,19.99,39.99,16.41,,Normal,0820650860850
280858,V Battle Deck [Zeraora V],V Battle Deck Zeraora V,https://tcgplayer-cdn.tcgplayer.com/product/280858_200w.jpg,3,2374,https://cpt.tcgcsv.com/bmg3,2026-01-05T20:23:39.513,1,,,,,,"Each 60-card deck is led by a valiant Pokémon V and includes everything you need to play right away. Let the battle begin!
<br><br>In each box, you’ll find:
<br>• 1 ready-to-play 60-card deck
<br>• 3 reference cards
<br>• 1 rules booklet
<br>• Single-player playmat
<br>• Damage counters
<br>• 1 large metallic coin
<br>• 1 deck box
<br>• 1 Quick Guide to unlock the strategies within
<br>• 1 code card to play this deck online",,,,,,12.6,16.49,23.05,10.02,,Normal,0820650860850
280859,Deoxys V / Zeraora V Battle Decks [Set of 2],Deoxys V Zeraora V Battle Decks Set of 2,https://tcgplayer-cdn.tcgplayer.com/product/280859_200w.jpg,3,2374,https://cpt.tcgcsv.com/cmg3,2022-11-03T12:36:12.743,1,,,,,,"Each Pokémon TCG: Deoxys/Zeraora V Battle Decks includes:
<br>• 1 ready-to-play 60-card deck featuring either Deoxys V or Zeraora V
<br>• 3 reference cards
<br>• 1 rules booklet
<br>• Single-player playmat
<br>• Damage counters
<br>• 1 large metallic coin
<br>• 1 deck box
<br>• 1 Quick Guide to unlock the strategies within
<br>• A code card usable in either the Pokémon TCG Online or Pokémon TCG Live",,,,,,21.15,28.4,39.95,25.04,,Normal,0820650860850
280864,V Battle Deck Bundle [Deoxys V / Zeraora V],V Battle Deck Bundle Deoxys V Zeraora V,https://tcgplayer-cdn.tcgplayer.com/product/280864_200w.jpg,3,2374,https://cpt.tcgcsv.com/jmg3,2022-11-14T14:09:21.287,1,,,,,,"The Pokémon TCG: V Battle Deck Bundle includes:
<br>
• 2 ready-to-play V Battle Decks (60 cards each)
<br>
• Each deck includes a powerful special Pokémon: Zeraora V or Deoxys V!
<br>
• 8 additional Trainer cards, including 2 foil cards
<br>
• 2 large metallic coins
<br>
• 2 deck boxes
<br>
• 2 Quick Guides to unlock the strategies within
<br>
• 2 single-player playmats
<br>
• 6 reference cards
<br>
• Damage counters
<br>
• 1 guide to upgrading your decks
<br>
• A code card for Pokémon Trading Card Game Live",,,,,,23.99,30.99,39.99,22.01,,Normal,0820650860850
280871,Code Card - Deoxys V Battle Deck,Code Card Deoxys V Battle Deck,https://tcgplayer-cdn.tcgplayer.com/product/280871_200w.jpg,3,2374,https://cpt.tcgcsv.com/rmg3,2022-10-14T04:03:18.557,1,,Code Card,,,,"This listing is <strong>not</strong> a physical item. Please keep in mind that this <strong>Code Card</strong> listing represents a digital copy of the stated item for the Pokémon TCG Online <strong>and/or</strong> the Pokémon TCG Live games. You may receive the physical <strong>Code Card</strong>. Upon purchase, please work with your specific Seller by sending them a message using the <strong>Contact Seller</strong> button on the order details in your <a href=https://store.tcgplayer.com/myaccount/orderhistory>Order History</a> to opt in to having your <strong>Code Card</strong> code delivered digitally due to the nature of the product.",,,,,,0.75,1.15,1.55,,,Normal,
280872,Code Card - Zeraora V Battle Deck,Code Card Zeraora V Battle Deck,https://tcgplayer-cdn.tcgplayer.com/product/280872_200w.jpg,3,2374,https://cpt.tcgcsv.com/smg3,2022-10-14T04:03:18.557,1,,Code Card,,,,"This listing is <strong>not</strong> a physical item. Please keep in mind that this <strong>Code Card</strong> listing represents a digital copy of the stated item for the Pokémon TCG Online <strong>and/or</strong> the Pokémon TCG Live games. You may receive the physical <strong>Code Card</strong>. Upon purchase, please work with your specific Seller by sending them a message using the <strong>Contact Seller</strong> button on the order details in your <a href=https://store.tcgplayer.com/myaccount/orderhistory>Order History</a> to opt in to having your <strong>Code Card</strong> code delivered digitally due to the nature of the product.",,,,,,0.15,1.5,2.5,,,Normal,
281967,Snivy - 1/114 (Cosmos Holo),Snivy 1 114 Cosmos Holo,https://tcgplayer-cdn.tcgplayer.com/product/281967_200w.jpg,3,2374,https://cpt.tcgcsv.com/mPg3,2022-09-28T18:11:42.76,1,001/114,Promo,Grass,60,Basic,,[G] Tackle (10),[1G] Vine Whip (20),Rx2,W-20,1,,,,,,,
281981,Hidden Potential Tin [Rotom V],Hidden Potential Tin Rotom V,https://tcgplayer-cdn.tcgplayer.com/product/281981_200w.jpg,3,2374,https://cpt.tcgcsv.com/FPg3,2022-10-14T04:03:18.807,1,,,,,,"Once-lost secrets become newfound strengths with the powerful Pokémon V in the Hidden Potential Tin! Choose the ghostly trickster Rotom V, the unflinchingly loyal Gallade V, or the fear-inspiring Giratina V as a playable foil promo card, and find even more Pokémon and Trainer cards in a handful of booster packs filled with surprises.
<br>
This Pokémon TCG: Hidden Potential Tin includes:
<br>
• 1 foil promo card featuring Rotom V, Gallade V, or Giratina V
<br>
• 5 Pokémon TCG booster packs
<br>
• A code card for Pokémon TCG Live",,,,,,70.0,90.0,100.0,62.53,,Normal,
281982,Hidden Potential Tin [Gallade V],Hidden Potential Tin Gallade V,https://tcgplayer-cdn.tcgplayer.com/product/281982_200w.jpg,3,2374,https://cpt.tcgcsv.com/GPg3,2022-10-14T04:03:18.807,1,,,,,,"Once-lost secrets become newfound strengths with the powerful Pokémon V in the Hidden Potential Tin! Choose the ghostly trickster Rotom V, the unflinchingly loyal Gallade V, or the fear-inspiring Giratina V as a playable foil promo card, and find even more Pokémon and Trainer cards in a handful of booster packs filled with surprises.
<br>
This Pokémon TCG: Hidden Potential Tin includes:
<br>
• 1 foil promo card featuring Rotom V, Gallade V, or Giratina V
<br>
• 5 Pokémon TCG booster packs
<br>
• A code card for Pokémon TCG Live",,,,,,64.99,70.0,100.0,60.49,,Normal,0820650871481
281984,Hidden Potential Tin [Giratina V],Hidden Potential Tin Giratina V,https://tcgplayer-cdn.tcgplayer.com/product/281984_200w.jpg,3,2374,https://cpt.tcgcsv.com/JPg3,2022-10-14T04:03:18.807,1,,,,,,"Once-lost secrets become newfound strengths with the powerful Pokémon V in the Hidden Potential Tin! Choose the ghostly trickster Rotom V, the unflinchingly loyal Gallade V, or the fear-inspiring Giratina V as a playable foil promo card, and find even more Pokémon and Trainer cards in a handful of booster packs filled with surprises.
<br>
This Pokémon TCG: Hidden Potential Tin includes:
<br>
• 1 foil promo card featuring Rotom V, Gallade V, or Giratina V
<br>
• 5 Pokémon TCG booster packs
<br>
• A code card for Pokémon TCG Live",,,,,,126.98,137.0,250.0,91.69,,Normal,0820650871481
281988,Hidden Potential Tin [Rotom V] (International Version),Hidden Potential Tin Rotom V International Version,https://tcgplayer-cdn.tcgplayer.com/product/281988_200w.jpg,3,2374,https://cpt.tcgcsv.com/NPg3,2022-10-14T04:03:18.807,1,,,,,,"Once-lost secrets become newfound strengths with the powerful Pokémon V in the Hidden Potential Tin! Choose the ghostly trickster Rotom V, the unflinchingly loyal Gallade V, or the fear-inspiring Giratina V as a playable foil promo card, and find even more Pokémon and Trainer cards in a handful of booster packs filled with surprises.
<br>
This Pokémon TCG: Hidden Potential Tin includes:
<br>
• 1 foil promo card featuring Rotom V, Gallade V, or Giratina V
<br>
• 5 Pokémon TCG booster packs
<br>
• A code card for Pokémon TCG Live",,,,,,65.0,65.0,65.0,,,Normal,
281989,Hidden Potential Tin [Gallade V] (International Version),Hidden Potential Tin Gallade V International Version,https://tcgplayer-cdn.tcgplayer.com/product/281989_200w.jpg,3,2374,https://cpt.tcgcsv.com/PPg3,2022-10-14T04:03:18.807,1,,,,,,"Once-lost secrets become newfound strengths with the powerful Pokémon V in the Hidden Potential Tin! Choose the ghostly trickster Rotom V, the unflinchingly loyal Gallade V, or the fear-inspiring Giratina V as a playable foil promo card, and find even more Pokémon and Trainer cards in a handful of booster packs filled with surprises.
<br>
This Pokémon TCG: Hidden Potential Tin includes:
<br>
• 1 foil promo card featuring Rotom V, Gallade V, or Giratina V
<br>
• 5 Pokémon TCG booster packs
<br>
• A code card for Pokémon TCG Live",,,,,,60.0,60.0,60.0,,,Normal,
281990,Hidden Potential Tin [Giratina V] (International Version),Hidden Potential Tin Giratina V International Version,https://tcgplayer-cdn.tcgplayer.com/product/281990_200w.jpg,3,2374,https://cpt.tcgcsv.com/QPg3,2022-10-14T04:03:18.807,1,,,,,,"Once-lost secrets become newfound strengths with the powerful Pokémon V in the Hidden Potential Tin! Choose the ghostly trickster Rotom V, the unflinchingly loyal Gallade V, or the fear-inspiring Giratina V as a playable foil promo card, and find even more Pokémon and Trainer cards in a handful of booster packs filled with surprises.
<br>
This Pokémon TCG: Hidden Potential Tin includes:
<br>
• 1 foil promo card featuring Rotom V, Gallade V, or Giratina V
<br>
• 5 Pokémon TCG booster packs
<br>
• A code card for Pokémon TCG Live",,,,,,100.0,100.0,100.0,,,Normal,
281993,Hidden Potential Tin [Set of 3],Hidden Potential Tin Set of 3,https://tcgplayer-cdn.tcgplayer.com/product/281993_200w.jpg,3,2374,https://cpt.tcgcsv.com/TPg3,2022-10-14T04:03:18.807,1,,,,,,"This Set of 3 includes one of each tin. 
<br>
Each Hidden Potential Tin includes:
<br>
• 1 foil promo card featuring Rotom V, Gallade V, or Giratina V
<br>
• 5 Pokémon TCG booster packs
<br>
• A code card for Pokémon TCG Live",,,,,,272.0,300.0,359.95,193.99,,Normal,
281994,Hidden Potential Tin [Set of 3] (International Version),Hidden Potential Tin Set of 3 International Version,https://tcgplayer-cdn.tcgplayer.com/product/281994_200w.jpg,3,2374,https://cpt.tcgcsv.com/VPg3,2022-10-14T04:03:18.807,1,,,,,,"This Set of 3 includes one of each tin. 
<br>
Each Hidden Potential Tin includes:
<br>
• 1 foil promo card featuring Rotom V, Gallade V, or Giratina V
<br>
• 5 Pokémon TCG booster packs
<br>
• A code card for Pokémon TCG Live",,,,,,,,,,,,
282002,Deoxys VMAX & VSTAR Battle Box,Deoxys VMAX and VSTAR Battle Box,https://tcgplayer-cdn.tcgplayer.com/product/282002_200w.jpg,3,2374,https://cpt.tcgcsv.com/3Qg3,2022-10-14T04:03:19.34,1,,,,,,"Pick a Mythical Pokémon to stand by your side—each one arrives as a trio of powerful Pokémon V that can take your deck to the next level! You can evolve Deoxys V to harness the high HP of Deoxys VMAX in Defense Forme or the devastating VSTAR Power of Deoxys VSTAR in Attack Forme—or evolve Zeraora V to counter your opponent’s strategy with the hard-hitting attacks of Zeraora VMAX or the lightning-striking VSTAR Power of Zeraora VSTAR. You’ll also find an awesome oversize card showing off the featured Pokémon VSTAR, booster packs, a strategy guide, and a VSTAR marker for battle.
<br>
Each Pokémon TCG: Deoxys/Zeraora VMAX & VSTAR Battle Box includes:
<br>
• 1 foil promo card featuring Deoxys V or Zeraora V
<br>
• 1 etched foil promo card featuring Deoxys VMAX or Zeraora VMAX
<br>
• 1 etched foil promo card featuring Deoxys VSTAR or Zeraora VSTAR
<br>
• 1 oversize etched foil card featuring Deoxys VSTAR or Zeraora VSTAR
<br>
• 4 Pokémon TCG booster packs
<br>
• A strategy guide to using these cards to upgrade your deck
<br>
• 1 acrylic VSTAR marker
<br>
• A code card for Pokémon TCG Live",,,,,,84.99,95.0,165.0,77.54,,Normal,0820650860880
282003,Zeraora VMAX & VSTAR Battle Box,Zeraora VMAX and VSTAR Battle Box,https://tcgplayer-cdn.tcgplayer.com/product/282003_200w.jpg,3,2374,https://cpt.tcgcsv.com/5Qg3,2022-10-14T04:03:19.34,1,,,,,,"Pick a Mythical Pokémon to stand by your side—each one arrives as a trio of powerful Pokémon V that can take your deck to the next level! You can evolve Deoxys V to harness the high HP of Deoxys VMAX in Defense Forme or the devastating VSTAR Power of Deoxys VSTAR in Attack Forme—or evolve Zeraora V to counter your opponent’s strategy with the hard-hitting attacks of Zeraora VMAX or the lightning-striking VSTAR Power of Zeraora VSTAR. You’ll also find an awesome oversize card showing off the featured Pokémon VSTAR, booster packs, a strategy guide, and a VSTAR marker for battle.
<br>
Each Pokémon TCG: Deoxys/Zeraora VMAX & VSTAR Battle Box includes:
<br>
• 1 foil promo card featuring Deoxys V or Zeraora V
<br>
• 1 etched foil promo card featuring Deoxys VMAX or Zeraora VMAX
<br>
• 1 etched foil promo card featuring Deoxys VSTAR or Zeraora VSTAR
<br>
• 1 oversize etched foil card featuring Deoxys VSTAR or Zeraora VSTAR
<br>
• 4 Pokémon TCG booster packs
<br>
• A strategy guide to using these cards to upgrade your deck
<br>
• 1 acrylic VSTAR marker
<br>
• A code card for Pokémon TCG Live",,,,,,75.0,94.9,299.99,72.11,,Normal,0820650870880
282004,Deoxys/Zeraora VMAX & VSTAR Battle Box [Set of 2],Deoxys Zeraora VMAX and VSTAR Battle Box Set of 2,https://tcgplayer-cdn.tcgplayer.com/product/282004_200w.jpg,3,2374,https://cpt.tcgcsv.com/6Qg3,2022-10-14T04:03:19.34,1,,,,,,"Pick a Mythical Pokémon to stand by your side—each one arrives as a trio of powerful Pokémon V that can take your deck to the next level! You can evolve Deoxys V to harness the high HP of Deoxys VMAX in Defense Forme or the devastating VSTAR Power of Deoxys VSTAR in Attack Forme—or evolve Zeraora V to counter your opponent’s strategy with the hard-hitting attacks of Zeraora VMAX or the lightning-striking VSTAR Power of Zeraora VSTAR. You’ll also find an awesome oversize card showing off the featured Pokémon VSTAR, booster packs, a strategy guide, and a VSTAR marker for battle.
<br>
Each Pokémon TCG: Deoxys/Zeraora VMAX & VSTAR Battle Box includes:
<br>
• 1 foil promo card featuring Deoxys V or Zeraora V
<br>
• 1 etched foil promo card featuring Deoxys VMAX or Zeraora VMAX
<br>
• 1 etched foil promo card featuring Deoxys VSTAR or Zeraora VSTAR
<br>
• 1 oversize etched foil card featuring Deoxys VSTAR or Zeraora VSTAR
<br>
• 4 Pokémon TCG booster packs
<br>
• A strategy guide to using these cards to upgrade your deck
<br>
• 1 acrylic VSTAR marker
<br>
• A code card for Pokémon TCG Live",,,,,,138.9,179.89,250.0,141.16,,Normal,0820650870880
282250,Holiday Calendar,Holiday Calendar,https://tcgplayer-cdn.tcgplayer.com/product/282250_200w.jpg,3,2374,https://cpt.tcgcsv.com/0Wg3,2022-09-01T04:03:08.257,1,,,,,,"The Pokémon TCG: Holiday Calendar includes:
<br>
• 8 foil promo cards with a festive stamp, including 2 Pokémon V and 1 Pokémon VMAX
<br>
• 2 Pokémon coins
<br>
• 2 colorful sticker sheets
<br>
• 1 sidekick dangler
<br>
• 6 Pokémon TCG: Sword & Shield Series booster packs
<br>
• 6 Pokémon TCG 3-card fun packs
<br>
• A code card for Pokémon TCG Live",,,,,,185.0,198.0,199.95,131.75,,Normal,
282521,Charizard - 143/S-P (Grand Prix),Charizard 143 S P Grand Prix,https://tcgplayer-cdn.tcgplayer.com/product/282521_200w.jpg,3,2374,https://cpt.tcgcsv.com/r0h3,2022-08-17T12:37:06.607,1,143/S-P,Promo,Fire,170,Stage 2,"<span style=""color:red""><em>This promotional card was printed in Japanese only.</em></span>","[1RRR] Brave Flame (180)
<br>Discard an Energy from this Pokémon.",,Wx2,,3,13.67,14.97,16.86,15.89,,Normal,
282645,Infernape V Showcase,Infernape V Showcase,https://tcgplayer-cdn.tcgplayer.com/product/282645_200w.jpg,3,2374,https://cpt.tcgcsv.com/W3h3,2022-09-09T04:03:40.297,1,,,,,,"This product includes:
<br>• 3 Pokémon TCG booster packs
<br>• 1 Infernape V Promo card
<br>• A code card for Pokémon TCG Live",,,,,,,,,,,,
282797,Armaldo - 1/100 (Prerelease),Armaldo 1 100 Prerelease,https://tcgplayer-cdn.tcgplayer.com/product/282797_200w.jpg,3,2374,https://cpt.tcgcsv.com/Z7h3,2022-09-26T20:39:06.73,1,001/100,Promo,Fighting,120,Stage 2,"<strong>Poké-BODY — Primal Veil</strong>
<br>
As long as Armaldo is your Active Pokémon, each player can't play any Supporter cards.",[1FF] Blade Arms (60),,G,,3,118.47,119.97,170.0,75.0,,Holofoil,
282798,Team Aqua's Cacnea - 24/95 (Prerelease),Team Aquas Cacnea 24 95 Prerelease,https://tcgplayer-cdn.tcgplayer.com/product/282798_200w.jpg,3,2374,https://cpt.tcgcsv.com/-7h3,2022-09-28T18:15:00.48,1,024/095,Promo,Grass,50,Basic,<em>This Pokémon is both Grass/Darkness type.</em>,"[1] Paralyzing Gaze
<br>
Flip a coin. If heads, the Defending Pokémon is now Paralyzed.","[2] Pin Missile (10x)
<br>
Flip 4 coins. This attack does 10 damage times the number of heads.",R,,1,99.99,99.99,99.99,27.83,,Holofoil,
283135,"Enhanced 2-Pack Blister Pack [Alolan Dugtrio, Alolan Muk, & Alolan Golem]",Enhanced 2 Pack Blister Pack Alolan Dugtrio Alolan Muk and Alolan Golem,https://tcgplayer-cdn.tcgplayer.com/product/283135_200w.jpg,3,2374,https://cpt.tcgcsv.com/Kgh3,2022-08-30T20:51:05.61,1,,,,,,"Alolan Pokémon Shine Like the Sun!
<br>Get in on the latest action with 1 cool Pokémon coin to add to your collection, 2 awesome Pokémon TCG booster packs, and 3 foil promo cards featuring Alolan Muk, Alolan Dugtrio, and Alolan Golem!
<br><br>
Each Sun & Moon Series booster pack contains 10 cards and 1 basic Energy. Each XY Series booster pack contains 10 cards.",,,,,,,,,,,,
283136,"Code Card - Enhanced 2-Pack Blister Pack [Alolan Dugtrio, Alolan Muk, & Alolan Golem]",Code Card Enhanced 2 Pack Blister Pack Alolan Dugtrio Alolan Muk and Alolan Golem,https://tcgplayer-cdn.tcgplayer.com/product/283136_200w.jpg,3,2374,https://cpt.tcgcsv.com/Lgh3,2022-08-30T20:54:56.83,1,,Code Card,,,,"This listing is <strong>not</strong> a physical item. Please keep in mind that this <strong>Code Card</strong> listing represents a digital copy of the stated item for the Pokémon TCG Online <strong>and/or</strong> the Pokémon TCG Live games. You may receive the physical <strong>Code Card</strong>. Upon purchase, please work with your specific Seller by sending them a message using the <strong>Contact Seller</strong> button on the order details in your <a href=https://store.tcgplayer.com/myaccount/orderhistory>Order History</a> to opt in to having your <strong>Code Card</strong> code delivered digitally due to the nature of the product.",,,,,,,,,,,,
283137,"Code Card - Enhanced 2-Pack Blister Pack [Galarian Articuno, Galarian Zapdos, & Galarian Moltres]",Code Card Enhanced 2 Pack Blister Pack Galarian Articuno Galarian Zapdos and Galarian Moltres,https://tcgplayer-cdn.tcgplayer.com/product/283137_200w.jpg,3,2374,https://cpt.tcgcsv.com/Mgh3,2022-08-23T21:41:35.583,1,,Code Card,,,,"This listing is <strong>not</strong> a physical item. Please keep in mind that this <strong>Code Card</strong> listing represents a digital copy of the stated item for the Pokémon TCG Online <strong>and/or</strong> the Pokémon TCG Live games. You may receive the physical <strong>Code Card</strong>. Upon purchase, please work with your specific Seller by sending them a message using the <strong>Contact Seller</strong> button on the order details in your <a href=https://store.tcgplayer.com/myaccount/orderhistory>Order History</a> to opt in to having your <strong>Code Card</strong> code delivered digitally due to the nature of the product.",,,,,,0.02,0.23,1.0,0.23,,Normal,
283257,Code Card - Vaporeon VMAX Premium Collection,Code Card Vaporeon VMAX Premium Collection,https://tcgplayer-cdn.tcgplayer.com/product/283257_200w.jpg,3,2374,https://cpt.tcgcsv.com/9kh3,2023-03-31T16:30:47.107,1,,Code Card,,,,"This listing is <strong>not</strong> a physical item. Please keep in mind that this <strong>Code Card</strong> listing represents a digital copy of the stated item for the Pokémon TCG Online <strong>and/or</strong> the Pokémon TCG Live games. You may receive the physical <strong>Code Card</strong>. Upon purchase, please work with your specific Seller by sending them a message using the <strong>Contact Seller</strong> button on the order details in your <a href=https://store.tcgplayer.com/myaccount/orderhistory>Order History</a> to opt in to having your <strong>Code Card</strong> code delivered digitally due to the nature of the product.",,,,,,0.33,0.38,1.5,0.35,,Normal,
283285,Abomasnow - 010/198 (Holiday Calendar),Abomasnow 010 198 Holiday Calendar,https://tcgplayer-cdn.tcgplayer.com/product/283285_200w.jpg,3,2374,https://cpt.tcgcsv.com/Kkh3,2025-10-13T22:22:51.923,1,010/198,Promo,Grass,140,Stage 1,"<strong>Ability — Toughness Boost</strong>
<br>Your Single Strike Pokémon in play, except any Abomasnow, get +50 HP. You can't apply more than 1 Toughness Boost Ability at a time.",[2G] Mega Punch (90),,Rx2,,3,0.25,0.62,9.99,0.56,,Holofoil,
283287,Delibird - 032/198 (Holiday Calendar),Delibird 032 198 Holiday Calendar,https://tcgplayer-cdn.tcgplayer.com/product/283287_200w.jpg,3,2374,https://cpt.tcgcsv.com/Mkh3,2022-09-01T04:03:08.257,1,032/198,Promo,Water,90,Basic,,[W] Icy Snow (10),"[2] Package Delivery
<br>
Put this Pokémon and all attached cards into your deck. If you do, search your deck for a card and put it into your hand. Then, shuffle your deck.",Mx2,,1,0.75,1.34,9.99,1.34,,Holofoil,
283289,Ice Rider Calyrex V - 045/198 (Holiday Calendar),Ice Rider Calyrex V 045 198 Holiday Calendar,https://tcgplayer-cdn.tcgplayer.com/product/283289_200w.jpg,3,2374,https://cpt.tcgcsv.com/Pkh3,2022-12-19T10:19:42.663,1,045/198,Promo,Water,210,Basic,"<em>V rule — When your Pokémon V is Knocked Out, your opponent takes 2 Prize Cards.</em>",[W] Pierce (40),"[1WW] Glacial Lance (200)
<br>
Discard 2 Energy from this Pokémon.",Mx2,,2,0.68,1.0,10.0,0.95,,Holofoil,
283290,Ice Rider Calyrex VMAX - 046/198 (Holiday Calendar),Ice Rider Calyrex VMAX 046 198 Holiday Calendar,https://tcgplayer-cdn.tcgplayer.com/product/283290_200w.jpg,3,2374,https://cpt.tcgcsv.com/Qkh3,2025-11-13T20:17:53.53,1,046/198,Promo,Water,320,VMAX,"<em>VMAX rule — When your Pokémon VMAX is Knocked Out, your opponent takes 3 Prize Cards.</em>","[2] Ride of the High King (10+)
<br>
This attack does 30 more damage for each of your opponent's Benched Pokémon.","[WW] Max Lance (10+)
<br>
You may discard up to 2 Energy from this Pokémon. If you do, this attack does 120 more damage for each card you discarded in this way.",Mx2,,2,1.28,2.29,9.89,2.13,3.49,Holofoil,
283291,Lapras - 048/202 (Holiday Calendar),Lapras 048 202 Holiday Calendar,https://tcgplayer-cdn.tcgplayer.com/product/283291_200w.jpg,3,2374,https://cpt.tcgcsv.com/Rkh3,2025-11-13T22:57:18.39,1,048/202,Promo,Water,130,Basic,,"[WWWW] Aqua Wash (70)
<br>
You may put 2 Energy attached to your opponent's Active Pokémon into their hand.",,Lx2,,3,1.45,2.98,96.95,1.81,96.95,Holofoil,
283292,Beartic - 049/189 (Holiday Calendar),Beartic 049 189 Holiday Calendar,https://tcgplayer-cdn.tcgplayer.com/product/283292_200w.jpg,3,2374,https://cpt.tcgcsv.com/Skh3,2025-10-17T20:15:02.963,1,049/189,Promo,Water,140,Stage 1,,[2] Slash (40),"[2W] Frozen Slice (150)
<br>
This Pokémon also does 50 damage to itself.",Mx2,,3,0.4,0.82,2.99,0.6,0.6,Holofoil,
283298,Eiscue V - 055/192 (Holiday Calendar),Eiscue V 055 192 Holiday Calendar,https://tcgplayer-cdn.tcgplayer.com/product/283298_200w.jpg,3,2374,https://cpt.tcgcsv.com/-kh3,2025-03-28T11:27:35.597,1,055/192,Promo,Water,210,Basic,"<strong>Ability — Cold Absorption</strong>
<br>Whenever you attach a Water Energy card from your hand to this Pokémon during your turn, heal 30 damage from it.
<br><br>
<em>V rule — When your Pokémon V is Knocked Out, your opponent takes 2 Prize cards.</em>","[1WW] Blizzard (120)
<br>
This attack also does 10 damage to each of your opponent's Benched Pokémon. <em>(Don't apply Weakness and Resistance for Benched Pokémon.)</em>",,Mx2,,2,0.99,1.26,4321.0,1.1,96.95,Holofoil,
283305,Code Card - Holiday Calendar,Code Card Holiday Calendar,https://tcgplayer-cdn.tcgplayer.com/product/283305_200w.jpg,3,2374,https://cpt.tcgcsv.com/7lh3,2022-09-01T04:03:08.257,1,,Code Card,,,,"This listing is <strong>not</strong> a physical item. Please keep in mind that this <strong>Code Card</strong> listing represents a digital copy of the stated item for the Pokémon TCG Online <strong>and/or</strong> the Pokémon TCG Live games. You may receive the physical <strong>Code Card</strong>. Upon purchase, please work with your specific Seller by sending them a message using the <strong>Contact Seller</strong> button on the order details in your <a href=https://store.tcgplayer.com/myaccount/orderhistory>Order History</a> to opt in to having your <strong>Code Card</strong> code delivered digitally due to the nature of the product.",,,,,,0.09,0.25,1.49,0.26,,Normal,
283370,Code Card - Infernape V Showcase,Code Card Infernape V Showcase,https://tcgplayer-cdn.tcgplayer.com/product/283370_200w.jpg,3,2374,https://cpt.tcgcsv.com/qmh3,2022-09-09T04:03:40.297,1,,Code Card,,,,"This listing is <strong>not</strong> a physical item. Please keep in mind that this <strong>Code Card</strong> listing represents a digital copy of the stated item for the Pokémon TCG Online <strong>and/or</strong> the Pokémon TCG Live games. You may receive the physical <strong>Code Card</strong>. Upon purchase, please work with your specific Seller by sending them a message using the <strong>Contact Seller</strong> button on the order details in your <a href=https://store.tcgplayer.com/myaccount/orderhistory>Order History</a> to opt in to having your <strong>Code Card</strong> code delivered digitally due to the nature of the product.",,,,,,0.08,1.0,1.02,0.08,,Normal,
283600,Code Card - League Battle Deck [Mew VMAX],Code Card League Battle Deck Mew VMAX,https://tcgplayer-cdn.tcgplayer.com/product/283600_200w.jpg,3,2374,https://cpt.tcgcsv.com/0sh3,2022-11-14T14:43:16.2,1,,Code Card,,,,"This listing is <strong>not</strong> a physical item. Please keep in mind that this <strong>Code Card</strong> listing represents a digital copy of the stated item for the Pokémon TCG Online <strong>and/or</strong> the Pokémon TCG Live games. You may receive the physical <strong>Code Card</strong>. Upon purchase, please work with your specific Seller by sending them a message using the <strong>Contact Seller</strong> button on the order details in your <a href=https://store.tcgplayer.com/myaccount/orderhistory>Order History</a> to opt in to having your <strong>Code Card</strong> code delivered digitally due to the nature of the product.",,,,,,5.75,6.37,8.04,6.99,,Normal,
285424,Code Card - Sword & Shield Ultra-Premium Collection: Charizard,Code Card Sword and Shield Ultra Premium Collection Charizard,https://tcgplayer-cdn.tcgplayer.com/product/285424_200w.jpg,3,2374,https://cpt.tcgcsv.com/vbj3,2022-10-28T04:03:09.683,1,,Code Card,,,,"This listing is <strong>not</strong> a physical item. Please keep in mind that this <strong>Code Card</strong> listing represents a digital copy of the stated item for the Pokémon TCG Online <strong>and/or</strong> the Pokémon TCG Live games. You may receive the physical <strong>Code Card</strong>. Upon purchase, please work with your specific Seller by sending them a message using the <strong>Contact Seller</strong> button on the order details in your <a href=https://store.tcgplayer.com/myaccount/orderhistory>Order History</a> to opt in to having your <strong>Code Card</strong> code delivered digitally due to the nature of the product.",,,,,,0.07,0.19,19.95,0.17,,Normal,
285445,Code Card - Hidden Potential Tin [Rotom V],Code Card Hidden Potential Tin Rotom V,https://tcgplayer-cdn.tcgplayer.com/product/285445_200w.jpg,3,2374,https://cpt.tcgcsv.com/Wbj3,2022-10-14T04:03:18.807,1,,Code Card,,,,"This listing is <strong>not</strong> a physical item. Please keep in mind that this <strong>Code Card</strong> listing represents a digital copy of the stated item for the Pokémon TCG Online <strong>and/or</strong> the Pokémon TCG Live games. You may receive the physical <strong>Code Card</strong>. Upon purchase, please work with your specific Seller by sending them a message using the <strong>Contact Seller</strong> button on the order details in your <a href=https://store.tcgplayer.com/myaccount/orderhistory>Order History</a> to opt in to having your <strong>Code Card</strong> code delivered digitally due to the nature of the product.",,,,,,0.05,0.15,1.0,0.15,,Normal,
285446,Code Card - Hidden Potential Tin [Gallade V],Code Card Hidden Potential Tin Gallade V,https://tcgplayer-cdn.tcgplayer.com/product/285446_200w.jpg,3,2374,https://cpt.tcgcsv.com/Xbj3,2022-10-14T04:03:18.807,1,,Code Card,,,,"This listing is <strong>not</strong> a physical item. Please keep in mind that this <strong>Code Card</strong> listing represents a digital copy of the stated item for the Pokémon TCG Online <strong>and/or</strong> the Pokémon TCG Live games. You may receive the physical <strong>Code Card</strong>. Upon purchase, please work with your specific Seller by sending them a message using the <strong>Contact Seller</strong> button on the order details in your <a href=https://store.tcgplayer.com/myaccount/orderhistory>Order History</a> to opt in to having your <strong>Code Card</strong> code delivered digitally due to the nature of the product.",,,,,,0.02,0.32,0.99,0.41,,Normal,
285447,Code Card - Hidden Potential Tin [Giratina V],Code Card Hidden Potential Tin Giratina V,https://tcgplayer-cdn.tcgplayer.com/product/285447_200w.jpg,3,2374,https://cpt.tcgcsv.com/Zbj3,2022-10-14T04:03:18.807,1,,Code Card,,,,"This listing is <strong>not</strong> a physical item. Please keep in mind that this <strong>Code Card</strong> listing represents a digital copy of the stated item for the Pokémon TCG Online <strong>and/or</strong> the Pokémon TCG Live games. You may receive the physical <strong>Code Card</strong>. Upon purchase, please work with your specific Seller by sending them a message using the <strong>Contact Seller</strong> button on the order details in your <a href=https://store.tcgplayer.com/myaccount/orderhistory>Order History</a> to opt in to having your <strong>Code Card</strong> code delivered digitally due to the nature of the product.",,,,,,0.05,0.1,2.95,0.08,,Normal,
285448,Code Card - Hidden Potential Tin [Rotom V] (International Version),Code Card Hidden Potential Tin Rotom V International Version,https://tcgplayer-cdn.tcgplayer.com/product/285448_200w.jpg,3,2374,https://cpt.tcgcsv.com/-bj3,2022-10-14T04:03:18.807,1,,Code Card,,,,"This listing is <strong>not</strong> a physical item. Please keep in mind that this <strong>Code Card</strong> listing represents a digital copy of the stated item for the Pokémon TCG Online <strong>and/or</strong> the Pokémon TCG Live games. You may receive the physical <strong>Code Card</strong>. Upon purchase, please work with your specific Seller by sending them a message using the <strong>Contact Seller</strong> button on the order details in your <a href=https://store.tcgplayer.com/myaccount/orderhistory>Order History</a> to opt in to having your <strong>Code Card</strong> code delivered digitally due to the nature of the product.",,,,,,,,,,,,
285449,Code Card - Hidden Potential Tin [Gallade V] (International Version),Code Card Hidden Potential Tin Gallade V International Version,https://tcgplayer-cdn.tcgplayer.com/product/285449_200w.jpg,3,2374,https://cpt.tcgcsv.com/_bj3,2022-10-14T04:03:18.807,1,,Code Card,,,,"This listing is <strong>not</strong> a physical item. Please keep in mind that this <strong>Code Card</strong> listing represents a digital copy of the stated item for the Pokémon TCG Online <strong>and/or</strong> the Pokémon TCG Live games. You may receive the physical <strong>Code Card</strong>. Upon purchase, please work with your specific Seller by sending them a message using the <strong>Contact Seller</strong> button on the order details in your <a href=https://store.tcgplayer.com/myaccount/orderhistory>Order History</a> to opt in to having your <strong>Code Card</strong> code delivered digitally due to the nature of the product.",,,,,,0.15,0.15,0.15,,,Normal,
285450,Code Card - Hidden Potential Tin [Giratina V] (International Version),Code Card Hidden Potential Tin Giratina V International Version,https://tcgplayer-cdn.tcgplayer.com/product/285450_200w.jpg,3,2374,https://cpt.tcgcsv.com/0cj3,2022-10-14T04:03:18.807,1,,Code Card,,,,"This listing is <strong>not</strong> a physical item. Please keep in mind that this <strong>Code Card</strong> listing represents a digital copy of the stated item for the Pokémon TCG Online <strong>and/or</strong> the Pokémon TCG Live games. You may receive the physical <strong>Code Card</strong>. Upon purchase, please work with your specific Seller by sending them a message using the <strong>Contact Seller</strong> button on the order details in your <a href=https://store.tcgplayer.com/myaccount/orderhistory>Order History</a> to opt in to having your <strong>Code Card</strong> code delivered digitally due to the nature of the product.",,,,,,,,,,,,
285681,Code Card - Arceus VSTAR Ultra-Premium Collection,Code Card Arceus VSTAR Ultra Premium Collection,https://tcgplayer-cdn.tcgplayer.com/product/285681_200w.jpg,3,2374,https://cpt.tcgcsv.com/Fhj3,2022-11-12T05:03:09.467,1,,Code Card,,,,"This listing is <strong>not</strong> a physical item. Please keep in mind that this <strong>Code Card</strong> listing represents a digital copy of the stated item for the Pokémon TCG Online <strong>and/or</strong> the Pokémon TCG Live games. You may receive the physical <strong>Code Card</strong>. Upon purchase, please work with your specific Seller by sending them a message using the <strong>Contact Seller</strong> button on the order details in your <a href=https://store.tcgplayer.com/myaccount/orderhistory>Order History</a> to opt in to having your <strong>Code Card</strong> code delivered digitally due to the nature of the product.",,,,,,,,,,,,
285695,Wartortle - 50/112 (Prerelease),Wartortle 50 112 Prerelease,https://tcgplayer-cdn.tcgplayer.com/product/285695_200w.jpg,3,2374,https://cpt.tcgcsv.com/Whj3,2022-09-28T18:18:45.06,0,050/112,Promo,Water,80,Stage 1,,"[W] Water Gun (20+)
<br>This attack does 20 damage plus 10 more damage for each Water Energy attached to Wartortle but not used to pay for this attack's Energy cost. You can't add more than 20 damage in this way.","[2W] Smash Turn (40)
<br>After your attack, you may switch Wartortle with 1 of your Benched Pokémon.",L,,2,40.72,44.36,47.99,46.84,,Normal,
286470,Eevee Evolutions Premium Collection,Eevee Evolutions Premium Collection,https://tcgplayer-cdn.tcgplayer.com/product/286470_200w.jpg,3,2374,https://cpt.tcgcsv.com/qCj3,2022-11-04T04:03:11.433,1,,,,,,"Get ready to have your hands full with a ton of Pokémon TCG cards-with Eevee V at the forefront! For the first time ever, Eevee and all of its Evolutions appear together in a Pokémon TCG collection as Pokémon V! That's right-in this collection, you get 9 foil promo cards featuring Eevee V and each of its Evolutions. If that's not enough, you also get 9 Pokémon TCG booster packs to really get your collection going strong.
<br>
The Pokémon Eevee Evolutions Premium Collection includes:
<br>
• 1 Promo card featuring Eevee V
<br>
• 1 Promo card featuring Vaporeon V
<br>
• 1 Promo card featuring Jolteon V
<br>
• 1 Promo card featuring Leafeon V
<br>
• 1 Promo card featuring Glaceon V
<br>
• 1 Promo card featuring Flareon V
<br>
• 1 Promo card featuring Espeon V
<br>
• 1 Promo card featuring Umbreon V
<br>
• 1 Promo card featuring Sylveon V
<br>
• 9 Pokémon TCG Booster Packs
<br>
• A Code Card for Pokémon TCG Live",,,,,,219.95,257.5,485.0,208.82,,Normal,
286472,Code Card - Eevee Evolutions Premium Collection,Code Card Eevee Evolutions Premium Collection,https://tcgplayer-cdn.tcgplayer.com/product/286472_200w.jpg,3,2374,https://cpt.tcgcsv.com/sCj3,2022-11-04T04:03:11.433,1,,Code Card,,,,"This listing is <strong>not</strong> a physical item. Please keep in mind that this <strong>Code Card</strong> listing represents a digital copy of the stated item for the Pokémon TCG Online <strong>and/or</strong> the Pokémon TCG Live games. You may receive the physical <strong>Code Card</strong>. Upon purchase, please work with your specific Seller by sending them a message using the <strong>Contact Seller</strong> button on the order details in your <a href=https://store.tcgplayer.com/myaccount/orderhistory>Order History</a> to opt in to having your <strong>Code Card</strong> code delivered digitally due to the nature of the product.",,,,,,0.1,0.5,9.95,0.18,,Normal,
286476,Mew V Box,Mew V Box,https://tcgplayer-cdn.tcgplayer.com/product/286476_200w.jpg,3,2374,https://cpt.tcgcsv.com/xCj3,2022-11-04T04:03:11.637,1,,,,,,"Mysterious Pokémon & Psychic Power! The Mythical Pokémon Mew boasts huge strength for such a cute little Pokémon, and now you can add it to your collection as a Pokémon V in both playable and oversize versions! Not to be outdone, the Legendary Pokémon Mewtwo also appears as an awesome foil card, and you can discover even more surprises in a handful of Pokémon TCG booster packs. Get ready for the battle of a lifetime when these Psychic-type powerhouses are by your side!
<br>
The Pokémon TCG: Mew V Box includes:
<br>
• 1 foil card featuring Mew V
<br>
• 1 foil card featuring Mewtwo
<br>
• 1 oversize foil card featuring Mew V
<br>
• 4 Pokémon TCG booster packs
<br>
• A code card for Pokémon TCG Live",,,,,,,,,,,,
286477,Kyurem V Box,Kyurem V Box,https://tcgplayer-cdn.tcgplayer.com/product/286477_200w.jpg,3,2374,https://cpt.tcgcsv.com/zCj3,2022-11-04T04:03:11.637,1,,,,,,"A Legendary Chill in the Air! With an attack that serves up Water-type Energy to your team, Kyurem V brings the undeniable power of a Legendary Pokémon to your deck! It appears here as a foil card in ready-to-play and oversize versions, along with another playable foil card featuring the Legendary Pokémon Zekrom. Even more surprises await in a handful of Pokémon TCG booster packs. Your opponent won't know what hit them when these two draconic Pokemon let loose!
<br>
The Pokémon TCG: Kyurem V Box Includes:
<br>
• 1 foil card featuring Kyurem V
<br>
• 1 foil card featuring Zekrom
<br>
• 1 oversize foil card featuring Kyurem V
<br>
• 4 Pokémon TCG booster packs
<br>
• A code card for Pokémon TCG Live",,,,,,185.0,185.0,185.0,,,Normal,
286613,Space Center - 91/107 (10th Anniversary),Space Center 91 107 10th Anniversary,https://tcgplayer-cdn.tcgplayer.com/product/286613_200w.jpg,3,2374,https://cpt.tcgcsv.com/hGj3,2022-09-19T13:31:15.85,1,091/107,Promo,Stadium,,,"<em>This card stays in play when you play it. Discard this card if another Stadium card comes into play.</em>
<br>
<br>Ignore Poké-Bodies for all Basic Pokémon in play <em>(both yours and your opponent's)</em>(excluding Pokémon-ex and Pokémon that has an owner in its name).",,,,,,49.97,54.98,99.99,44.56,,Normal,
286618,Darkrai VSTAR Premium Collection,Darkrai VSTAR Premium Collection,https://tcgplayer-cdn.tcgplayer.com/product/286618_200w.jpg,3,2374,https://cpt.tcgcsv.com/nGj3,2022-11-01T04:03:08.063,1,,,,,,"Plunge your opponents into total darkness with Darkrai! This Mythical Pokémon is a shadow master who's known for causing nightmares, and it appears in this Premium Collection as both a Pokémon V and a Pokémon VSTAR. Darkrai V's Dark Void attack hits for a powerful 130 damage and makes your opponent's Active Pokémon even more vulnerable by sending it to sleep.
<br>
Evolve Darkrai V to use Darkrai VSTAR's Dark Pulse attack, which grows in strength for each Darkness Energy attached to all of your Pokémon. You can also take advantage of its Star Abyss VSTAR Power, which returns two Item cards from your discard pile to your hand.
<br>
If that wasn't enough Darkrai for you, the set also includes an oversize foil version of the Darkrai VSTAR card that you can display. You'll even get a VSTAR marker and eight Pokémon TCG booster packs to bring in even more support for your team!
<br>
The Pokémon TCG: Darkrai VSTAR Premium Collection includes:
<br>
• 1 etched foil card featuring Darkrai VSTAR
<br>
• 1 foil card featuring Darkrai V
<br>
• 1 oversize foil card featuring Darkrai VSTAR
<br>
• 8 Pokémon TCG booster packs
<br>
• 1 VSTAR marker
<br>
• A code card usable in either the Pokémon TCG Online or Pokémon TCG Live",,,,,,139.99,195.0,350.0,101.1,,Normal,
286619,Shaymin VSTAR Premium Collection,Shaymin VSTAR Premium Collection,https://tcgplayer-cdn.tcgplayer.com/product/286619_200w.jpg,3,2374,https://cpt.tcgcsv.com/pGj3,2022-11-01T04:03:08.063,1,,,,,,"Take time to stop and smell the roses with Shaymin VSTAR—then take flight into battle! In this Premium Collection, you will find this glorious Grass-type Pokémon VSTAR in both playable and oversize versions, as well as a copy of Shaymin V so you can really show off this Mythical Pokémon.
<br>
Start a comeback with Shaymin V's Revenge Blast attack, which does 60 damage and an additional 40 damage for each Prize card your opponent has taken. Finish off the match and complete your comeback with Shaymin VSTAR and its improved Revenge Blast attack, which does 120 damage and an additional 40 damage for each Prize card your opponent has taken. If any of your Pokémon are in danger of being Knocked Out, take advantage of Shaymin VSTAR's VSTAR Power, Star Bloom, an Ability that heals 120 damage from each of your Benched Grass-type Pokémon. You can never count yourself out of a battle when Shaymin V and Shaymin VSTAR are on your side.
<br>
You'll also find eight Pokémon Booster Packs to help grow your collection! 
<br>
The Pokémon TCG: Shaymin VSTAR Premium Collection includes:
<br>
• 1 etched foil card featuring Shaymin VSTAR
<br>
• 1 foil card featuring Shaymin V
<br>
• 1 oversize foil card featuring Shaymin VSTAR
<br>
• 8 Pokémon TCG booster packs
<br>
• 1 VSTAR marker
<br>
• A code card usable in either the Pokémon TCG Online or Pokémon TCG Live",,,,,,90.0,105.0,134.95,91.42,,Normal,
287017,Hisuian Zoroark - 076/196 (Gamestop Exclusive),Hisuian Zoroark 076 196 Gamestop Exclusive,https://tcgplayer-cdn.tcgplayer.com/product/287017_200w.jpg,3,2374,https://cpt.tcgcsv.com/mQj3,2023-12-22T15:16:12.493,1,076/196,Promo,Psychic,120,Stage 1,,"[0] Doom Curse
<br>
At the end of your opponent's next turn, the Defending Pokémon will be Knocked Out.","[P] Call Back
<br>
Put a card from your discard pile into your hand.",Dx2,F-30,2,1.75,2.99,34.99,2.07,34.99,Holofoil,
287228,VMAX Dragons Premium Collection,VMAX Dragons Premium Collection,https://tcgplayer-cdn.tcgplayer.com/product/287228_200w.jpg,3,2374,https://cpt.tcgcsv.com/BVj3,2023-07-24T20:12:01.267,2,,,,,,"A pair of thundering roars pierce the air as Rayquaza VMAX and Duraludon VMAX show off the might and power of Dragon-type Pokémon! With this power-packed set, you can add both of these ferocious Pokémon VMAX to your collection, along with Rayquaza V and Duraludon V for a total of four ready-to-play foil cards.
<br>
Discard Energy from Rayquaza VMAX to increase the strength of its Max Burst attack, or overwhelm your opponent with Duraludon VMAX's G-Max Pulverization attack, which does an incredible 220 damage and isn't affected by any effects on your opponent's Active Pokémon.
<br> 
You also get oversize versions of Rayquaza VMAX and Duraludon VMAX for display, plus a huge stack of Pokémon TCG booster packs with even more treasures inside. Tear down your opponents with these VMAX Dragons!
<br>
The Pokémon TCG: VMAX Dragons Premium Collection includes:
<br>
• 2 etched foil cards featuring Rayquaza VMAX and Duraludon VMAX
<br>
• 2 foil cards featuring Rayquaza V and Duraludon V
<br>
• 2 foil oversize cards featuring Rayquaza VMAX and Duraludon VMAX
<br>
• 11 Pokémon TCG booster packs
<br>
• A code card usable in either the Pokémon TCG Online or Pokémon TCG Live",,,,,,214.99,250.0,349.98,200.72,,Normal,
287245,Code Card - VMAX Dragons Premium Collection,Code Card VMAX Dragons Premium Collection,https://tcgplayer-cdn.tcgplayer.com/product/287245_200w.jpg,3,2374,https://cpt.tcgcsv.com/WVj3,2022-11-04T04:03:11.777,1,,Code Card,,,,"This listing is <strong>not</strong> a physical item. Please keep in mind that this <strong>Code Card</strong> listing represents a digital copy of the stated item for the Pokémon TCG Online <strong>and/or</strong> the Pokémon TCG Live games. You may receive the physical <strong>Code Card</strong>. Upon purchase, please work with your specific Seller by sending them a message using the <strong>Contact Seller</strong> button on the order details in your <a href=https://store.tcgplayer.com/myaccount/orderhistory>Order History</a> to opt in to having your <strong>Code Card</strong> code delivered digitally due to the nature of the product.",,,,,,0.1,0.11,1.25,0.1,,Normal,
448614,Empoleon - 037/172 (Cosmos Holo),Empoleon 037 172 Cosmos Holo,https://tcgplayer-cdn.tcgplayer.com/product/448614_200w.jpg,3,2374,https://cpt.tcgcsv.com/jsC5,2025-03-29T05:50:56.277,1,037/172,Holo Rare,Water,160,Stage 2,"<strong>Ability — Emergency Surfacing</strong>
<br>Once during your turn, if this card is in your discard pile and you have no cards in your hand, you can play this card onto your Bench then draw 3 cards.","[W] Water Arrow
<br>This attack does 60 damage to 1 of your opponent’s Pokemon (don’t apply Weakness and Resistance).",,Lx2,None,2,0.4,1.66,14.41,1.53,0.75,Holofoil,
449727,Galar Power Mini Tin [Set of 5],Galar Power Mini Tin Set of 5,https://tcgplayer-cdn.tcgplayer.com/product/449727_200w.jpg,3,2374,https://cpt.tcgcsv.com/zVC5,2022-10-08T15:34:59.057,1,,,,,,"Collect each 5 of the Galar Power Mini Tins. Each tin contains two booster packs, a metallic Pokémon coin, and featured Pokémon art card.",,,,,,,,,,,,
450095,Code Card - Kyurem V Box,Code Card Kyurem V Box,https://tcgplayer-cdn.tcgplayer.com/product/450095_200w.jpg,3,2374,https://cpt.tcgcsv.com/W2D5,2023-06-20T19:02:23.533,1,,Code Card,,,,"This listing is <strong>not</strong> a physical item. Please keep in mind that this <strong>Code Card</strong> listing represents a digital copy of the stated item for the Pokémon TCG Online <strong>and/or</strong> the Pokémon TCG Live games. You may receive the physical <strong>Code Card</strong>. Upon purchase, please work with your specific Seller by sending them a message using the <strong>Contact Seller</strong> button on the order details in your <a href=https://store.tcgplayer.com/myaccount/orderhistory>Order History</a> to opt in to having your <strong>Code Card</strong> code delivered digitally due to the nature of the product.",,,,,,0.03,0.03,0.03,,,Normal,
450096,Code Card - Mew V Box,Code Card Mew V Box,https://tcgplayer-cdn.tcgplayer.com/product/450096_200w.jpg,3,2374,https://cpt.tcgcsv.com/X2D5,2023-06-16T19:47:51.85,1,,Code Card,,,,"This listing is <strong>not</strong> a physical item. Please keep in mind that this <strong>Code Card</strong> listing represents a digital copy of the stated item for the Pokémon TCG Online <strong>and/or</strong> the Pokémon TCG Live games. You may receive the physical <strong>Code Card</strong>. Upon purchase, please work with your specific Seller by sending them a message using the <strong>Contact Seller</strong> button on the order details in your <a href=https://store.tcgplayer.com/myaccount/orderhistory>Order History</a> to opt in to having your <strong>Code Card</strong> code delivered digitally due to the nature of the product.",,,,,,1.0,1.0,1.0,,,Normal,
450103,Darkrai VSTAR/Shaymin VSTAR Premium Collection [Set of 2],Darkrai VSTAR Shaymin VSTAR Premium Collection Set of 2,https://tcgplayer-cdn.tcgplayer.com/product/450103_200w.jpg,3,2374,https://cpt.tcgcsv.com/53D5,2022-11-01T04:03:08.063,1,,,,,,"Origin Forme Dialga VSTAR wields colossal strength to bend time to its will, while Origin Forme Palkia VSTAR soars across the sky and twists the fabric of space! Appearing here in both playable and oversize versions, each ancient Legendary Pokémon boasts a potentially game-changing VSTAR Power. To round out this deluxe collection, the star Pokémon also appears as a Pokémon V, metal pin, and shimmering coin!
<br>
 Each Pokémon TCG: Origin Forme Pokémon VSTAR Premium Collection includes:
<br>
• 1 etched foil card featuring Origin Forme Dialga VSTAR or Origin Forme Palkia VSTAR
<br>
• 1 etched foil card featuring Origin Forme Dialga V or Origin Forme Palkia V
<br>
• 1 oversize foil card featuring Origin Forme Dialga VSTAR or Origin Forme Palkia VSTAR
<br>
• 1 pin featuring Origin Forme Dialga or Origin Forme Palkia
<br>
• 1 metallic coin featuring Origin Forme Dialga or Origin Forme Palkia
<br>
• 6 Pokémon TCG booster packs
<br>
• 1 acrylic VSTAR marker
<br>
• A code card for Pokémon TCG Live",,,,,,,,,,,,
450105,Code Card - Darkrai VSTAR Premium Collection,Code Card Darkrai VSTAR Premium Collection,https://tcgplayer-cdn.tcgplayer.com/product/450105_200w.jpg,3,2374,https://cpt.tcgcsv.com/73D5,2023-06-20T16:20:25.233,1,,Code Card,,,,"This listing is <strong>not</strong> a physical item. Please keep in mind that this <strong>Code Card</strong> listing represents a digital copy of the stated item for the Pokémon TCG Online <strong>and/or</strong> the Pokémon TCG Live games. You may receive the physical <strong>Code Card</strong>. Upon purchase, please work with your specific Seller by sending them a message using the <strong>Contact Seller</strong> button on the order details in your <a href=https://store.tcgplayer.com/myaccount/orderhistory>Order History</a> to opt in to having your <strong>Code Card</strong> code delivered digitally due to the nature of the product.",,,,,,0.4,0.64,1.99,0.64,,Normal,
450106,Code Card - Shaymin VSTAR Premium Collection,Code Card Shaymin VSTAR Premium Collection,https://tcgplayer-cdn.tcgplayer.com/product/450106_200w.jpg,3,2374,https://cpt.tcgcsv.com/83D5,2023-06-20T15:38:45.253,1,,Code Card,,,,"This listing is <strong>not</strong> a physical item. Please keep in mind that this <strong>Code Card</strong> listing represents a digital copy of the stated item for the Pokémon TCG Online <strong>and/or</strong> the Pokémon TCG Live games. You may receive the physical <strong>Code Card</strong>. Upon purchase, please work with your specific Seller by sending them a message using the <strong>Contact Seller</strong> button on the order details in your <a href=https://store.tcgplayer.com/myaccount/orderhistory>Order History</a> to opt in to having your <strong>Code Card</strong> code delivered digitally due to the nature of the product.",,,,,,0.05,0.37,2.49,0.39,,Normal,
450977,Code Card - V Forces Tin [Mew V],Code Card V Forces Tin Mew V,https://tcgplayer-cdn.tcgplayer.com/product/450977_200w.jpg,3,2374,https://cpt.tcgcsv.com/zpD5,2022-10-31T15:32:27.003,1,,Code Card,,,,"This listing is <strong>not</strong> a physical item. Please keep in mind that this <strong>Code Card</strong> listing represents a digital copy of the stated item for the Pokémon TCG Online <strong>and/or</strong> the Pokémon TCG Live games. You may receive the physical <strong>Code Card</strong>. Upon purchase, please work with your specific Seller by sending them a message using the <strong>Contact Seller</strong> button on the order details in your <a href=https://store.tcgplayer.com/myaccount/orderhistory>Order History</a> to opt in to having your <strong>Code Card</strong> code delivered digitally due to the nature of the product.",,,,,,0.2,0.45,9.99,,,Normal,
451099,Pokemon TCG: Tempest Gift Box,Pokemon TCG Tempest Gift Box,https://tcgplayer-cdn.tcgplayer.com/product/451099_200w.jpg,3,2374,https://cpt.tcgcsv.com/_rD5,2022-10-21T18:08:49.303,1,,,,,,,,,,,,,,,,,,
451101,Code Card - Zeraora VMAX & VSTAR Battle Box,Code Card Zeraora VMAX and VSTAR Battle Box,https://tcgplayer-cdn.tcgplayer.com/product/451101_200w.jpg,3,2374,https://cpt.tcgcsv.com/2sD5,2023-03-31T16:32:19.92,1,,Code Card,,,,"This listing is <strong>not</strong> a physical item. Please keep in mind that this <strong>Code Card</strong> listing represents a digital copy of the stated item for the Pokémon TCG Online <strong>and/or</strong> the Pokémon TCG Live games. You may receive the physical <strong>Code Card</strong>. Upon purchase, please work with your specific Seller by sending them a message using the <strong>Contact Seller</strong> button on the order details in your <a href=https://store.tcgplayer.com/myaccount/orderhistory>Order History</a> to opt in to having your <strong>Code Card</strong> code delivered digitally due to the nature of the product.",,,,,,0.15,1.0,9.99,,,Normal,
451102,Code Card - Deoxys VMAX & VSTAR Battle Box,Code Card Deoxys VMAX and VSTAR Battle Box,https://tcgplayer-cdn.tcgplayer.com/product/451102_200w.jpg,3,2374,https://cpt.tcgcsv.com/3sD5,2023-03-31T16:04:50.937,1,,Code Card,,,,"This listing is <strong>not</strong> a physical item. Please keep in mind that this <strong>Code Card</strong> listing represents a digital copy of the stated item for the Pokémon TCG Online <strong>and/or</strong> the Pokémon TCG Live games. You may receive the physical <strong>Code Card</strong>. Upon purchase, please work with your specific Seller by sending them a message using the <strong>Contact Seller</strong> button on the order details in your <a href=https://store.tcgplayer.com/myaccount/orderhistory>Order History</a> to opt in to having your <strong>Code Card</strong> code delivered digitally due to the nature of the product.",,,,,,0.97,0.99,4.0,0.99,,Normal,
451117,Code Card - Hisuian Electrode V Box,Code Card Hisuian Electrode V Box,https://tcgplayer-cdn.tcgplayer.com/product/451117_200w.jpg,3,2374,https://cpt.tcgcsv.com/msD5,2023-06-16T19:48:20.67,1,,Code Card,,,,"This listing is <strong>not</strong> a physical item. Please keep in mind that this <strong>Code Card</strong> listing represents a digital copy of the stated item for the Pokémon TCG Online <strong>and/or</strong> the Pokémon TCG Live games. You may receive the physical <strong>Code Card</strong>. Upon purchase, please work with your specific Seller by sending them a message using the <strong>Contact Seller</strong> button on the order details in your <a href=https://store.tcgplayer.com/myaccount/orderhistory>Order History</a> to opt in to having your <strong>Code Card</strong> code delivered digitally due to the nature of the product.",,,,,,0.04,0.11,0.49,0.11,,Normal,
451118,Paldea Collection [Sprigatito/Miraidon ex],Paldea Collection Sprigatito Miraidon ex,https://tcgplayer-cdn.tcgplayer.com/product/451118_200w.jpg,3,2374,https://cpt.tcgcsv.com/nsD5,2023-01-06T05:03:11.367,1,,,,,,"Get ready for a brand-new adventure in the Paldea region with the Pokémon Trading Card Game!
<br>
First partner Pokémon Sprigatito, Fuecoco, and Quaxly join your collection as foil promo cards, and an enamel pin lets you show off your chosen Pokémon everywhere you go. Discover even more with booster packs and an oversize card featuring the Legendary Pokémon Koraidon or Miraidon as a powerful Pokémon ex!
<br>
This Pokémon TCG: Paldea Collection includes:
<br>
• 3 foil promo cards featuring Sprigatito, Fuecoco, and Quaxly
<br>
• 1 foil oversize card featuring Koraidon ex or Miraidon ex
<br>
• 1 collector’s pin featuring Sprigatito, Fuecoco, or Quaxly
<br>
• 4 Pokémon TCG booster packs
<br>
• 1 code card for Pokémon TCG Live",,,,,,70.0,79.97,150.0,59.38,,Normal,820650872112
451119,Paldea Collection [Fuecoco/Koraidon ex],Paldea Collection Fuecoco Koraidon ex,https://tcgplayer-cdn.tcgplayer.com/product/451119_200w.jpg,3,2374,https://cpt.tcgcsv.com/psD5,2023-01-06T05:03:11.367,1,,,,,,"Get ready for a brand-new adventure in the Paldea region with the Pokémon Trading Card Game!
<br>
First partner Pokémon Sprigatito, Fuecoco, and Quaxly join your collection as foil promo cards, and an enamel pin lets you show off your chosen Pokémon everywhere you go. Discover even more with booster packs and an oversize card featuring the Legendary Pokémon Koraidon or Miraidon as a powerful Pokémon ex!
<br>
This Pokémon TCG: Paldea Collection includes:
<br>
• 3 foil promo cards featuring Sprigatito, Fuecoco, and Quaxly
<br>
• 1 foil oversize card featuring Koraidon ex or Miraidon ex
<br>
• 1 collector’s pin featuring Sprigatito, Fuecoco, or Quaxly
<br>
• 4 Pokémon TCG booster packs
<br>
• 1 code card for Pokémon TCG Live",,,,,,50.0,57.25,60.0,53.05,,Normal,820650872112
451120,Paldea Collection [Quaxly/Miraidon ex],Paldea Collection Quaxly Miraidon ex,https://tcgplayer-cdn.tcgplayer.com/product/451120_200w.jpg,3,2374,https://cpt.tcgcsv.com/qsD5,2023-01-06T05:03:11.367,1,,,,,,"Get ready for a brand-new adventure in the Paldea region with the Pokémon Trading Card Game!
<br>
First partner Pokémon Sprigatito, Fuecoco, and Quaxly join your collection as foil promo cards, and an enamel pin lets you show off your chosen Pokémon everywhere you go. Discover even more with booster packs and an oversize card featuring the Legendary Pokémon Koraidon or Miraidon as a powerful Pokémon ex!
<br>
This Pokémon TCG: Paldea Collection includes:
<br>
• 3 foil promo cards featuring Sprigatito, Fuecoco, and Quaxly
<br>
• 1 foil oversize card featuring Koraidon ex or Miraidon ex
<br>
• 1 collector’s pin featuring Sprigatito, Fuecoco, or Quaxly
<br>
• 4 Pokémon TCG booster packs
<br>
• 1 code card for Pokémon TCG Live",,,,,,38.69,65.0,150.0,50.13,,Normal,820650872112
451121,Paldea Collection [Set of 3] (Miraidon ex),Paldea Collection Set of 3 Miraidon ex,https://tcgplayer-cdn.tcgplayer.com/product/451121_200w.jpg,3,2374,https://cpt.tcgcsv.com/rsD5,2023-01-06T05:03:11.367,1,,,,,,"Get ready for a brand-new adventure in the Paldea region with the Pokémon Trading Card Game!
<br>
First partner Pokémon Sprigatito, Fuecoco, and Quaxly join your collection as foil promo cards, and an enamel pin lets you show off your chosen Pokémon everywhere you go. Discover even more with booster packs and an oversize card featuring the Legendary Pokémon Koraidon or Miraidon as a powerful Pokémon ex!
<br>
This Pokémon TCG: Paldea Collection includes:
<br>
• 3 foil promo cards featuring Sprigatito, Fuecoco, and Quaxly
<br>
• 1 foil oversize card featuring Koraidon ex or Miraidon ex
<br>
• 1 collector’s pin featuring Sprigatito, Fuecoco, or Quaxly
<br>
• 4 Pokémon TCG booster packs
<br>
• 1 code card for Pokémon TCG Live",,,,,,294.99,295.0,295.0,,,Normal,820650872112
453433,Code Card - Unova Two Pack Blister [Forces of Nature Trio],Code Card Unova Two Pack Blister Forces of Nature Trio,https://tcgplayer-cdn.tcgplayer.com/product/453433_200w.jpg,3,2374,https://cpt.tcgcsv.com/HnF5,2023-03-31T16:29:58.39,1,,Code Card,,,,"This listing is <strong>not</strong> a physical item. Please keep in mind that this <strong>Code Card</strong> listing represents a digital copy of the stated item for the Pokémon TCG Online <strong>and/or</strong> the Pokémon TCG Live games. You may receive the physical <strong>Code Card</strong>. Upon purchase, please work with your specific Seller by sending them a message using the <strong>Contact Seller</strong> button on the order details in your <a href=https://store.tcgplayer.com/myaccount/orderhistory>Order History</a> to opt in to having your <strong>Code Card</strong> code delivered digitally due to the nature of the product.",,,,,,,,,,,,
454372,Arceus V - 122/172 (Metal Card),Arceus V 122 172 Metal Card,https://tcgplayer-cdn.tcgplayer.com/product/454372_200w.jpg,3,2374,https://cpt.tcgcsv.com/sMF5,2023-05-16T11:29:42.687,1,122/172,Promo,Colorless,220,Basic,"<em>V rule — When your Pokémon V is Knocked Out, your opponent takes 2 Prize cards.</em>","[2] Trinity Charge
<br>
Search your deck for up to 3 basic Energy cards and attach them to your Pokémon V in any way you like. Then, shuffle your deck.",[3] Power Edge (130),Fx2,,2,4.49,9.58,99.95,8.41,,Holofoil,
454373,Arceus VSTAR - 123/172 (Metal Card),Arceus VSTAR 123 172 Metal Card,https://tcgplayer-cdn.tcgplayer.com/product/454373_200w.jpg,3,2374,https://cpt.tcgcsv.com/tMF5,2025-12-11T01:34:08.807,1,123/172,Promo,Colorless,280,VSTAR,"<span style=""color:gold""><strong>VSTAR Power</strong></span>
<br>
<strong>Ability — Starbirth</strong>
<br>
During your turn, you may search your deck for up to 2 cards and put them into your hand. Then, shuffle your deck. <em>(You can't use more than 1 VSTAR power in a game.)
<br><br>
VSTAR rule — When your Pokémon VSTAR is Knocked Out, your opponent takes 2 Prize cards.</em>","[3] Trinity Nova (200)
<br>
Search your deck for up to 3 basic Energy cards and attach them to your Pokémon V in any way you like. Then, shuffle your deck.",,Fx2,,2,8.0,15.18,49.95,15.44,,Holofoil,
455274,Keldeo - 045/189 (Cosmos Holo),Keldeo 045 189 Cosmos Holo,https://tcgplayer-cdn.tcgplayer.com/product/455274_200w.jpg,3,2374,https://cpt.tcgcsv.com/v7G5,2026-02-03T18:15:27.537,1,045/189,Holo Rare,Water,110,Basic,,[1] Smash Kick (20),"[1W] Line Force (10+)
<br>This attack does 20 more damage for each of your Benched Pokémon.",Lx2,,1,0.2,0.55,6.75,0.55,0.74,Holofoil,
456093,Dragonite - 131/195 (Gamestop Exclusive),Dragonite 131 195 Gamestop Exclusive,https://tcgplayer-cdn.tcgplayer.com/product/456093_200w.jpg,3,2374,https://cpt.tcgcsv.com/TrG5,2022-12-02T20:18:56.95,1,131/195,Promo,Dragon,160,Stage 2,,[3] Dragon Claw (80),"[2WL] Energy Hurricane (180)
<br>
Search your deck for up to 3 basic Energy cards and attach them to your Pokémon in any way you like. Then, shuffle your deck.",,,2,8.56,13.87,100.0,11.37,,Holofoil,
456111,Checklane 2-Pack Pin Blister [Latias],Checklane 2 Pack Pin Blister Latias,https://tcgplayer-cdn.tcgplayer.com/product/456111_200w.jpg,3,2374,https://cpt.tcgcsv.com/fsG5,2025-11-18T17:59:56.64,1,,,,,,"Each blister contains: 
<br>• 2 Pokémon Booster Packs (Booster packs will vary)
<br>• 1 Latias Pin",,,,,,91.0,99.18,107.36,62.92,,Normal,
456118,Checklane 2-Pack Pin Blister [Latios],Checklane 2 Pack Pin Blister Latios,https://tcgplayer-cdn.tcgplayer.com/product/456118_200w.jpg,3,2374,https://cpt.tcgcsv.com/nsG5,2025-11-18T18:00:03.913,1,,,,,,"Each blister contains: 
<br>• 2 Pokémon Booster Packs (Booster packs will vary)
<br>• 1 Latios Pin",,,,,,66.95,74.97,100.0,79.97,,Normal,
475802,Mimikyu ex Box,Mimikyu ex Box,https://tcgplayer-cdn.tcgplayer.com/product/475802_200w.jpg,3,2374,https://cpt.tcgcsv.com/3lQ5,2023-03-03T05:03:14.423,1,,,,,,"Mysterious powers and supernatural strategies swirl as the adorably spooky Mimikyu makes its debut as a Pokémon ex! Use Energy Burst to hit for huge damage, and then join the Ghost Dog Pokémon Greavard on an Underworld Stroll to mess with your opponent’s hand. You’ll find Mimikyu ex as a foil promo card in playable and oversize versions, along with a foil Greavard to add to your deck!
<br>
The Pokémon TCG: Mimikyu ex Box includes:
<br>
• 1 foil promo card featuring Mimikyu ex
<br>
• 1 foil card featuring Greavard
<br>
• 1 oversize foil card featuring Mimikyu ex
<br>
• 4 Pokémon TCG booster packs
<br>
• A code card for Pokémon TCG Live",,,,,,60.0,74.37,100.0,69.58,,Normal,820650852183
475931,Code Card - Trainer's Tool Kit (2022),Code Card Trainers Tool Kit 2022,https://tcgplayer-cdn.tcgplayer.com/product/475931_200w.jpg,3,2374,https://cpt.tcgcsv.com/FnQ5,2023-03-31T16:28:20.68,1,,Code Card,,,,"This listing is <strong>not</strong> a physical item. Please keep in mind that this <strong>Code Card</strong> listing represents a digital copy of the stated item for the Pokémon TCG Online <strong>and/or</strong> the Pokémon TCG Live games. You may receive the physical <strong>Code Card</strong>. Upon purchase, please work with your specific Seller by sending them a message using the <strong>Contact Seller</strong> button on the order details in your <a href=https://store.tcgplayer.com/myaccount/orderhistory>Order History</a> to opt in to having your <strong>Code Card</strong> code delivered digitally due to the nature of the product.",,,,,,0.15,0.65,2.99,1.2,,Normal,
476523,Code Card - Alolan Raichu Figure Collection,Code Card Alolan Raichu Figure Collection,https://tcgplayer-cdn.tcgplayer.com/product/476523_200w.jpg,3,2374,https://cpt.tcgcsv.com/tDQ5,2023-03-31T15:54:07.953,1,,Code Card,,,,"This listing is <strong>not</strong> a physical item. Please keep in mind that this <strong>Code Card</strong> listing represents a digital copy of the stated item for the Pokémon TCG Online <strong>and/or</strong> the Pokémon TCG Live games. You may receive the physical <strong>Code Card</strong>. Upon purchase, please work with your specific Seller by sending them a message using the <strong>Contact Seller</strong> button on the order details in your <a href=https://store.tcgplayer.com/myaccount/orderhistory>Order History</a> to opt in to having your <strong>Code Card</strong> code delivered digitally due to the nature of the product.",,,,,,,,,,,,
477134,Dialga - 112/203 (Cosmos Holo),Dialga 112 203 Cosmos Holo,https://tcgplayer-cdn.tcgplayer.com/product/477134_200w.jpg,3,2374,https://cpt.tcgcsv.com/JSQ5,2025-11-25T02:26:06.453,0,112/203,Promo,Dragon,130,Basic,,"[3] Chrono Wind (80)
<br>If the Defending Pokemon is a Pokemon V, it can't attack during your opponent's next turn.",[PMM1] Heavy Impact (210),,,2,0.18,0.35,1.51,0.35,0.47,Holofoil,
477135,Inteleon - 043/198 (Cosmos Holo),Inteleon 043 198 Cosmos Holo,https://tcgplayer-cdn.tcgplayer.com/product/477135_200w.jpg,3,2374,https://cpt.tcgcsv.com/KSQ5,2023-01-20T13:44:30.83,0,043/198,Holo Rare,Water,150,Stage 2,"<strong>Ability — Quick Shooting</strong>
<br>Once during your turn, you may put 2 damage counters on 1 of your opponent's Pokemon.",[2] Waterfall (70),,Lx2,None,1,0.09,0.25,1.99,0.26,0.23,Holofoil,
477170,Paldea Collection [Fuecoco/Miraidon ex],Paldea Collection Fuecoco Miraidon ex,https://tcgplayer-cdn.tcgplayer.com/product/477170_200w.jpg,3,2374,https://cpt.tcgcsv.com/qTQ5,2023-01-06T05:03:11.367,1,,,,,,"Get ready for a brand-new adventure in the Paldea region with the Pokémon Trading Card Game!
<br>
First partner Pokémon Sprigatito, Fuecoco, and Quaxly join your collection as foil promo cards, and an enamel pin lets you show off your chosen Pokémon everywhere you go. Discover even more with booster packs and an oversize card featuring the Legendary Pokémon Koraidon or Miraidon as a powerful Pokémon ex!
<br>
This Pokémon TCG: Paldea Collection includes:
<br>
• 3 foil promo cards featuring Sprigatito, Fuecoco, and Quaxly
<br>
• 1 foil oversize card featuring Koraidon ex or Miraidon ex
<br>
• 1 collector’s pin featuring Sprigatito, Fuecoco, or Quaxly
<br>
• 4 Pokémon TCG booster packs
<br>
• 1 code card for Pokémon TCG Live",,,,,,54.99,65.0,150.0,56.04,,Normal,820650872112
477171,Paldea Collection [Quaxly/Koraidon ex],Paldea Collection Quaxly Koraidon ex,https://tcgplayer-cdn.tcgplayer.com/product/477171_200w.jpg,3,2374,https://cpt.tcgcsv.com/rTQ5,2023-01-06T05:03:11.367,1,,,,,,"Get ready for a brand-new adventure in the Paldea region with the Pokémon Trading Card Game!
<br>
First partner Pokémon Sprigatito, Fuecoco, and Quaxly join your collection as foil promo cards, and an enamel pin lets you show off your chosen Pokémon everywhere you go. Discover even more with booster packs and an oversize card featuring the Legendary Pokémon Koraidon or Miraidon as a powerful Pokémon ex!
<br>
This Pokémon TCG: Paldea Collection includes:
<br>
• 3 foil promo cards featuring Sprigatito, Fuecoco, and Quaxly
<br>
• 1 foil oversize card featuring Koraidon ex or Miraidon ex
<br>
• 1 collector’s pin featuring Sprigatito, Fuecoco, or Quaxly
<br>
• 4 Pokémon TCG booster packs
<br>
• 1 code card for Pokémon TCG Live",,,,,,45.0,55.0,150.0,39.33,,Normal,820650872112
477172,Paldea Collection [Sprigatito/Koraidon ex],Paldea Collection Sprigatito Koraidon ex,https://tcgplayer-cdn.tcgplayer.com/product/477172_200w.jpg,3,2374,https://cpt.tcgcsv.com/sTQ5,2023-01-06T05:03:11.367,1,,,,,,"Get ready for a brand-new adventure in the Paldea region with the Pokémon Trading Card Game!
<br>
First partner Pokémon Sprigatito, Fuecoco, and Quaxly join your collection as foil promo cards, and an enamel pin lets you show off your chosen Pokémon everywhere you go. Discover even more with booster packs and an oversize card featuring the Legendary Pokémon Koraidon or Miraidon as a powerful Pokémon ex!
<br>
This Pokémon TCG: Paldea Collection includes:
<br>
• 3 foil promo cards featuring Sprigatito, Fuecoco, and Quaxly
<br>
• 1 foil oversize card featuring Koraidon ex or Miraidon ex
<br>
• 1 collector’s pin featuring Sprigatito, Fuecoco, or Quaxly
<br>
• 4 Pokémon TCG booster packs
<br>
• 1 code card for Pokémon TCG Live",,,,,,64.0,74.97,150.0,60.31,,Normal,820650872112
477173,Paldea Collection [Set of 3] (Koraidon ex),Paldea Collection Set of 3 Koraidon ex,https://tcgplayer-cdn.tcgplayer.com/product/477173_200w.jpg,3,2374,https://cpt.tcgcsv.com/tTQ5,2023-01-06T05:03:11.367,1,,,,,,"Get ready for a brand-new adventure in the Paldea region with the Pokémon Trading Card Game!
<br>
First partner Pokémon Sprigatito, Fuecoco, and Quaxly join your collection as foil promo cards, and an enamel pin lets you show off your chosen Pokémon everywhere you go. Discover even more with booster packs and an oversize card featuring the Legendary Pokémon Koraidon or Miraidon as a powerful Pokémon ex!
<br>
This Pokémon TCG: Paldea Collection includes:
<br>
• 3 foil promo cards featuring Sprigatito, Fuecoco, and Quaxly
<br>
• 1 foil oversize card featuring Koraidon ex or Miraidon ex
<br>
• 1 collector’s pin featuring Sprigatito, Fuecoco, or Quaxly
<br>
• 4 Pokémon TCG booster packs
<br>
• 1 code card for Pokémon TCG Live",,,,,,299.0,299.0,299.0,,,Normal,820650872112
477174,Paldea Collection [Set of 6],Paldea Collection Set of 6,https://tcgplayer-cdn.tcgplayer.com/product/477174_200w.jpg,3,2374,https://cpt.tcgcsv.com/vTQ5,2023-01-06T05:03:11.367,1,,,,,,"Get ready for a brand-new adventure in the Paldea region with the Pokémon Trading Card Game!
<br>
First partner Pokémon Sprigatito, Fuecoco, and Quaxly join your collection as foil promo cards, and an enamel pin lets you show off your chosen Pokémon everywhere you go. Discover even more with booster packs and an oversize card featuring the Legendary Pokémon Koraidon or Miraidon as a powerful Pokémon ex!
<br>
This Pokémon TCG: Paldea Collection includes:
<br>
• 3 foil promo cards featuring Sprigatito, Fuecoco, and Quaxly
<br>
• 1 foil oversize card featuring Koraidon ex or Miraidon ex
<br>
• 1 collector’s pin featuring Sprigatito, Fuecoco, or Quaxly
<br>
• 4 Pokémon TCG booster packs
<br>
• 1 code card for Pokémon TCG Live",,,,,,399.99,399.99,399.99,,,Normal,820650872112
477178,"2-Pack Blister Pack [Raikou, Entei, & Suicune]",2 Pack Blister Pack Raikou Entei and Suicune,https://tcgplayer-cdn.tcgplayer.com/product/477178_200w.jpg,3,2374,https://cpt.tcgcsv.com/BTQ5,2023-03-14T12:09:02.57,1,,,,,,"A Boost for Your Collection!
<br>
Get in on the latest action with 1 cool Pokémon coin to add to your collection, 2 awesome Pokémon TCG booster packs, and 3 foil promo cards featuring Raikou, Entei, & Suicune!
<br>
• Each Sun & Moon Series booster pack contains 10 cards and 1 basic Energy. Each XY Series booster pack contains 10 cards.
<br>
<strong>Cards vary by pack. Packs and coin may vary by product.</strong>",,,,,,,,,,,,
477254,Trainer's Legendary Box [Lugia],Trainers Legendary Box Lugia,https://tcgplayer-cdn.tcgplayer.com/product/477254_200w.jpg,3,2374,https://cpt.tcgcsv.com/6WQ5,2023-01-05T14:12:06.79,1,,,,,,"Each Trainer's Legendary Box [Lugia] contains the following:
<br>• A ready-to-play 60-card deck box including two Pokémon-EX and eight foil basic Energy cards
<br>• Six additional Booster Packs from past iconic Pokemon releases (Boosters may vary by bundle box)
<br>• Metallic coin and Quick Guide to unlock the powerful strategies within
<br>• Lugia deck
<br>• Includes Ready to play 60-card deck, two Pokemon EX and eight foil basic Energy cards, one metallic coin, two-player playmat and rulesheet, one code card to play this deck online, one deck box, Damage counters, one Quick Guide to unlock powerful strategies, and six additional Boosters",,,,,,238.98,269.48,350.0,222.98,,Normal,
477255,Trainer's Legendary Box [Ho-Oh],Trainers Legendary Box Ho Oh,https://tcgplayer-cdn.tcgplayer.com/product/477255_200w.jpg,3,2374,https://cpt.tcgcsv.com/7WQ5,2023-01-05T14:12:43.97,1,,,,,,"Each Trainer's Legendary Box [Ho-Oh] contains the following:
<br>• A ready-to-play 60-card deck box including two Pokémon-EX and eight foil basic Energy cards
<br>• Six additional Booster Packs from past iconic Pokemon releases (Boosters may vary by bundle box)
<br>• Metallic coin and Quick Guide to unlock the powerful strategies within
<br>• Ho-Oh deck
<br>• Includes Ready to play 60-card deck, two Pokemon EX and eight foil basic Energy cards, one metallic coin, two-player playmat and rulesheet, one code card to play this deck online, one deck box, Damage counters, one Quick Guide to unlock powerful strategies, and six additional Boosters",,,,,,227.95,249.99,350.0,222.35,,Normal,
477284,Klara Premium Tournament Collection Box,Klara Premium Tournament Collection Box,https://tcgplayer-cdn.tcgplayer.com/product/477284_200w.jpg,3,2374,https://cpt.tcgcsv.com/JWQ5,2023-03-24T04:03:17.923,1,,,,,,"Enforce the Boss’s Orders or Play Like a Pop Star—with Cyrus or Klara! Team Galactic’s brooding leader Cyrus is a master manipulator, disrupting your opponent’s finely tuned plans with his ruthless Boss’s Orders! Klara will stop at nothing to promote her pop music career, even becoming a Gym Leader to gain popularity! Choose your approach and outfit your deck with protective sleeves and deck box inspired by the star character, plus a full play set of that character’s Supporter card and a stack of Pokémon TCG booster packs!
<br> 
Each Pokémon TCG: Cyrus or Klara Premium Tournament Collection Includes:
<br>
• 1 full-art foil Supporter card featuring Cyrus OR Klara
<br>
• 3 additional foil Supporter cards featuring Cyrus OR Klara
<br>
• 65 card sleeves featuring Cyrus OR Klara
<br>
• A sturdy deck box featuring Cyrus OR Klara
<br>
• A large metallic coin featuring Cyrus OR Klara
<br>
• 2 coin condition markers
<br>
• 6 tournament-ready damage dice
<br>
• 7 Pokémon TCG booster packs
<br>
• A code card for Pokémon TCG Live",,,,,,55.0,68.99,149.95,66.39,,Normal,
477286,Cyrus Premium Tournament Collection Box,Cyrus Premium Tournament Collection Box,https://tcgplayer-cdn.tcgplayer.com/product/477286_200w.jpg,3,2374,https://cpt.tcgcsv.com/LWQ5,2023-03-24T04:03:17.923,1,,,,,,"Enforce the Boss’s Orders or Play Like a Pop Star—with Cyrus or Klara! Team Galactic’s brooding leader Cyrus is a master manipulator, disrupting your opponent’s finely tuned plans with his ruthless Boss’s Orders! Klara will stop at nothing to promote her pop music career, even becoming a Gym Leader to gain popularity! Choose your approach and outfit your deck with protective sleeves and deck box inspired by the star character, plus a full play set of that character’s Supporter card and a stack of Pokémon TCG booster packs!
<br> 
Each Pokémon TCG: Cyrus or Klara Premium Tournament Collection Includes:
<br>
• 1 full-art foil Supporter card featuring Cyrus OR Klara
<br>
• 3 additional foil Supporter cards featuring Cyrus OR Klara
<br>
• 65 card sleeves featuring Cyrus OR Klara
<br>
• A sturdy deck box featuring Cyrus OR Klara
<br>
• A large metallic coin featuring Cyrus OR Klara
<br>
• 2 coin condition markers
<br>
• 6 tournament-ready damage dice
<br>
• 7 Pokémon TCG booster packs
<br>
• A code card for Pokémon TCG Live",,,,,,70.0,74.99,100.0,63.19,,Normal,
477288,Cyrus/Klara Premium Tournament Collection Box [Set of 2],Cyrus Klara Premium Tournament Collection Box Set of 2,https://tcgplayer-cdn.tcgplayer.com/product/477288_200w.jpg,3,2374,https://cpt.tcgcsv.com/NWQ5,2023-03-24T04:03:17.923,1,,,,,,"Enforce the Boss’s Orders or Play Like a Pop Star—with Cyrus or Klara! Team Galactic’s brooding leader Cyrus is a master manipulator, disrupting your opponent’s finely tuned plans with his ruthless Boss’s Orders! Klara will stop at nothing to promote her pop music career, even becoming a Gym Leader to gain popularity! Choose your approach and outfit your deck with protective sleeves and deck box inspired by the star character, plus a full play set of that character’s Supporter card and a stack of Pokémon TCG booster packs!
<br> 
Each Pokémon TCG: Cyrus or Klara Premium Tournament Collection Includes:
<br>
• 1 full-art foil Supporter card featuring Cyrus OR Klara
<br>
• 3 additional foil Supporter cards featuring Cyrus OR Klara
<br>
• 65 card sleeves featuring Cyrus OR Klara
<br>
• A sturdy deck box featuring Cyrus OR Klara
<br>
• A large metallic coin featuring Cyrus OR Klara
<br>
• 2 coin condition markers
<br>
• 6 tournament-ready damage dice
<br>
• 7 Pokémon TCG booster packs
<br>
• A code card for Pokémon TCG Live",,,,,,129.59,219.98,300.0,112.39,,Normal,
477289,Cyrus/Klara Premium Tournament Collection Display,Cyrus Klara Premium Tournament Collection Display,https://tcgplayer-cdn.tcgplayer.com/product/477289_200w.jpg,3,2374,https://cpt.tcgcsv.com/PWQ5,2023-04-11T17:20:18.78,1,,,,,,"Enforce the Boss’s Orders or Play Like a Pop Star—with Cyrus or Klara! Team Galactic’s brooding leader Cyrus is a master manipulator, disrupting your opponent’s finely tuned plans with his ruthless Boss’s Orders! Klara will stop at nothing to promote her pop music career, even becoming a Gym Leader to gain popularity! Choose your approach and outfit your deck with protective sleeves and deck box inspired by the star character, plus a full play set of that character’s Supporter card and a stack of Pokémon TCG booster packs!
<br> 
Each Pokémon TCG: Cyrus or Klara Premium Tournament Collection Includes:
<br>
• 1 full-art foil Supporter card featuring Cyrus OR Klara
<br>
• 3 additional foil Supporter cards featuring Cyrus OR Klara
<br>
• 65 card sleeves featuring Cyrus OR Klara
<br>
• A sturdy deck box featuring Cyrus OR Klara
<br>
• A large metallic coin featuring Cyrus OR Klara
<br>
• 2 coin condition markers
<br>
• 6 tournament-ready damage dice
<br>
• 7 Pokémon TCG booster packs
<br>
• A code card for Pokémon TCG Live",,,,,,349.99,449.99,700.0,236.0,,Normal,820650860768
477344,Electrode - 088/264 (Cosmos Holo),Electrode 088 264 Cosmos Holo,https://tcgplayer-cdn.tcgplayer.com/product/477344_200w.jpg,3,2374,https://cpt.tcgcsv.com/VXQ5,2023-01-09T14:42:55.247,1,088/264,Rare,Lightning,90,Stage 1,,"[1] Sonic Boom (40)
<br>This attack's damage isn't affected by Weakness or Resistance.","[1] Explosion (120)
<br>This Pokemon also does 90 damage to itself.",Fx2,None,1,0.15,0.39,96.95,0.37,0.37,Holofoil,
477475,"Knock Out Collection [Galarian Slowking, Galarian Obstagoon, and Dragapult]",Knock Out Collection Galarian Slowking Galarian Obstagoon and Dragapult,https://tcgplayer-cdn.tcgplayer.com/product/477475_200w.jpg,3,2374,https://cpt.tcgcsv.com/w_Q5,2023-01-10T14:42:11.39,1,,,,,,"<strong>Contents for each Collection:</strong>
<br>• 1 foil card featuring Galarian Slowking
<br>• 1 foil card featuring Galarian Obstagoon
<br>• 1 foil card featuring Dragapult
<br>• 2 Pokemon TCG Booster Packs 
<br>• 2 sticker sheets
<br>• 1 Pokémon TCG Live code card",,,,,,,,,,,,
477848,Sprigatito - 013/198 (Mirage Holo),Sprigatito 013 198 Mirage Holo,https://tcgplayer-cdn.tcgplayer.com/product/477848_200w.jpg,3,2374,https://cpt.tcgcsv.com/-8R5,2026-01-28T01:10:14.397,1,013/198,Promo,Grass,70,Basic,,[1] Scratch (10),[1G] Leafage (20),Rx2,,1,0.33,0.58,3.95,0.57,0.99,Holofoil,
477852,Fuecoco - 036/198 (Mirage Holo),Fuecoco 036 198 Mirage Holo,https://tcgplayer-cdn.tcgplayer.com/product/477852_200w.jpg,3,2374,https://cpt.tcgcsv.com/39R5,2025-12-02T00:59:04.413,1,036/198,Promo,Fire,80,Basic,,[1] Gnaw (10),[1RR] Combustion (50),Wx2,,2,0.21,0.37,2.55,0.37,0.29,Holofoil,
477855,Quaxly - 052/198 (Mirage Holo),Quaxly 052 198 Mirage Holo,https://tcgplayer-cdn.tcgplayer.com/product/477855_200w.jpg,3,2374,https://cpt.tcgcsv.com/79R5,2025-12-11T03:10:41.543,1,052/198,Promo,Water,70,Basic,,[1] Pound (10),[1W] Kick (20),Lx2,,1,0.15,0.3,2.03,0.27,,Holofoil,
478250,Charizard (Japanese Meiji Chocolate Exclusive Promo),Charizard Japanese Meiji Chocolate Exclusive Promo,https://tcgplayer-cdn.tcgplayer.com/product/478250_200w.jpg,3,2374,https://cpt.tcgcsv.com/0kR5,2023-01-17T17:09:32.2,1,054/ADV-P,Promo,Fire,120,Stage 2,,[R] Combustion (30),[2RR] Bursting Inferno (50) Each Defending Pokemon is now Burned.,W,,2,,,,,,,
478251,Zekrom - 060/185 (Cosmos Holo),Zekrom 060 185 Cosmos Holo,https://tcgplayer-cdn.tcgplayer.com/product/478251_200w.jpg,3,2374,https://cpt.tcgcsv.com/2kR5,2023-12-28T19:28:00.413,1,060/185,Promo,Lightning,130,Basic,,[2] Slash (30),"[1LL] Wild Shock (130)
<br>This Pokémon does 60 damage to itself. Your opponent's Active Pokémon is now Paralyzed.",Fx2,None,3,2.0,2.89,3.99,2.89,,Holofoil,
478252,Mewtwo - 056/172 (Cosmos Holo),Mewtwo 056 172 Cosmos Holo,https://tcgplayer-cdn.tcgplayer.com/product/478252_200w.jpg,3,2374,https://cpt.tcgcsv.com/3kR5,2025-11-21T02:59:32.03,1,056/172,Promo,Psychic,130,Basic,,"[P] Life Sucker (20)
<br>Heal 20 damage from this Pokémon.",[1PP] Psyburn (110),Dx2,F-30,2,60.0,164.0,172.07,65.2,,Holofoil,
478679,Regieleki - 060/203 (Cosmos Holo),Regieleki 060 203 Cosmos Holo,https://tcgplayer-cdn.tcgplayer.com/product/478679_200w.jpg,3,2374,https://cpt.tcgcsv.com/CtR5,2025-11-21T03:19:46.54,1,060/203,Holo Rare,Lightning,120,Basic,,[1] Static Shock (20),"[1LL] Teraspark (120)
<br>Discard all Lightning Energy from this Pokémon. This attack also does 40 damage to 2 of your opponent's Benched Pokémon. <em>(Don't apply Weakness and Resistance for Benched Pokémon.)</em>",Fx2,,2,0.05,0.26,1.5,0.22,0.18,Holofoil,
478681,Regidrago - 124/203 (Cosmos Holo),Regidrago 124 203 Cosmos Holo,https://tcgplayer-cdn.tcgplayer.com/product/478681_200w.jpg,3,2374,https://cpt.tcgcsv.com/FtR5,2026-01-23T16:44:21.333,1,124/203,Holo Rare,Dragon,130,Basic,,[2] Hammer In (30),"[GGR] Dragon Energy (240-)
<br>This attack does 20 less damage for each damage counter on this Pokemon.",,,3,0.1,0.25,1.55,0.21,0.27,Holofoil,
479886,"Code Card - Knock Out Collection [Toxtricity, Duraludon, Sandaconda]",Code Card Knock Out Collection Toxtricity Duraludon Sandaconda,https://tcgplayer-cdn.tcgplayer.com/product/479886_200w.jpg,3,2374,https://cpt.tcgcsv.com/LZR5,2023-03-31T16:18:09.487,1,,Code Card,,,,"This listing is <strong>not</strong> a physical item. Please keep in mind that this <strong>Code Card</strong> listing represents a digital copy of the stated item for the Pokémon TCG Online <strong>and/or</strong> the Pokémon TCG Live games. You may receive the physical <strong>Code Card</strong>. Upon purchase, please work with your specific Seller by sending them a message using the <strong>Contact Seller</strong> button on the order details in your <a href=https://store.tcgplayer.com/myaccount/orderhistory>Order History</a> to opt in to having your <strong>Code Card</strong> code delivered digitally due to the nature of the product.",,,,,,0.02,0.06,0.25,0.05,,Normal,
479887,"Code Card - Knock Out Collection [Boltund, Eiscue, Galarian Sirfetch'd]",Code Card Knock Out Collection Boltund Eiscue Galarian Sirfetchd,https://tcgplayer-cdn.tcgplayer.com/product/479887_200w.jpg,3,2374,https://cpt.tcgcsv.com/MZR5,2023-03-31T16:17:53.92,1,,Code Card,,,,"This listing is <strong>not</strong> a physical item. Please keep in mind that this <strong>Code Card</strong> listing represents a digital copy of the stated item for the Pokémon TCG Online <strong>and/or</strong> the Pokémon TCG Live games. You may receive the physical <strong>Code Card</strong>. Upon purchase, please work with your specific Seller by sending them a message using the <strong>Contact Seller</strong> button on the order details in your <a href=https://store.tcgplayer.com/myaccount/orderhistory>Order History</a> to opt in to having your <strong>Code Card</strong> code delivered digitally due to the nature of the product.",,,,,,0.02,0.05,0.2,0.02,,Normal,
479888,"Code Card - Knock Out Collection [Tyranitar, Shiftry, and Vivillon]",Code Card Knock Out Collection Tyranitar Shiftry and Vivillon,https://tcgplayer-cdn.tcgplayer.com/product/479888_200w.jpg,3,2374,https://cpt.tcgcsv.com/NZR5,2023-03-31T16:18:22.917,1,,Code Card,,,,"This listing is <strong>not</strong> a physical item. Please keep in mind that this <strong>Code Card</strong> listing represents a digital copy of the stated item for the Pokémon TCG Online <strong>and/or</strong> the Pokémon TCG Live games. You may receive the physical <strong>Code Card</strong>. Upon purchase, please work with your specific Seller by sending them a message using the <strong>Contact Seller</strong> button on the order details in your <a href=https://store.tcgplayer.com/myaccount/orderhistory>Order History</a> to opt in to having your <strong>Code Card</strong> code delivered digitally due to the nature of the product.",,,,,,0.15,0.15,0.15,,,Normal,
479889,Code Card - Virizion V Showcase,Code Card Virizion V Showcase,https://tcgplayer-cdn.tcgplayer.com/product/479889_200w.jpg,3,2374,https://cpt.tcgcsv.com/PZR5,2023-03-31T16:30:58.903,1,,Code Card,,,,"This listing is <strong>not</strong> a physical item. Please keep in mind that this <strong>Code Card</strong> listing represents a digital copy of the stated item for the Pokémon TCG Online <strong>and/or</strong> the Pokémon TCG Live games. You may receive the physical <strong>Code Card</strong>. Upon purchase, please work with your specific Seller by sending them a message using the <strong>Contact Seller</strong> button on the order details in your <a href=https://store.tcgplayer.com/myaccount/orderhistory>Order History</a> to opt in to having your <strong>Code Card</strong> code delivered digitally due to the nature of the product.",,,,,,0.05,0.09,0.15,0.07,,Normal,
480208,Pokemon TCG: Tempest Theme Deck,Pokemon TCG Tempest Theme Deck,https://tcgplayer-cdn.tcgplayer.com/product/480208_200w.jpg,3,2374,https://cpt.tcgcsv.com/b6S5,2023-01-30T14:40:15.447,1,,,,,,,,,,,,549.99,549.99,549.99,,,Normal,
482138,Play! Pokemon Prize Pack Series One,Play Pokemon Prize Pack Series One,https://tcgplayer-cdn.tcgplayer.com/product/482138_200w.jpg,3,2374,https://cpt.tcgcsv.com/NSS5,2023-02-06T14:03:08.02,1,,,,,,"Each Prize Pack contains six cards taken from a pool of about 200—all of which are legal in the Standard format, including everything from popular Pokémon to exclusive foil upgrades of tournament mainstays, all featuring the special Play! Pokémon logo. Here’s just some of what you can expect to find in Series One:

• Fan-favorite Pokémon like Charizard VMAX, Rayquaza VMAX, and Pikachu VMAX

• Exclusive foil versions of tournament-defining cards like Scoop Up Net and Path to the Peak

• Exclusive non-foil versions of powerhouse Pokémon like Oranguru and Snorlax

• Both foil and non-foil basic Energy cards",,,,,,35.0,39.01,199.99,39.6,,Normal,
482320,"2-Pack Blister Pack [Meganium, Typhlosion & Feraligatr]",2 Pack Blister Pack Meganium Typhlosion and Feraligatr,https://tcgplayer-cdn.tcgplayer.com/product/482320_200w.jpg,3,2374,https://cpt.tcgcsv.com/qXS5,2023-02-07T14:19:46.007,1,,,,,,"A Boost for Your Collection!
<br>
Get in on the latest action with 1 cool Pokémon coin to add to your collection, 2 awesome Pokémon TCG booster packs, and 3 foil promo cards featuring Meganium, Typhlosion, and Feraligatr!
<br>
• Each Sun & Moon Series booster pack contains 10 cards and 1 basic Energy. Each XY Series booster pack contains 10 cards.
<br>
<strong>Cards vary by pack. Packs and coin may vary by product.</strong>",,,,,,92.29,96.14,99.99,87.0,,Normal,
482427,Ancient Mew (Japanese Exclusive Print),Ancient Mew Japanese Exclusive Print,https://tcgplayer-cdn.tcgplayer.com/product/482427_200w.jpg,3,2374,https://cpt.tcgcsv.com/z-S5,2023-02-08T13:58:12.547,1,1,Promo,Psychic,30,Basic,"Movie Promo, Not Tournament Legal",[PP] Psyche (40),,Px2,None,2,225.0,275.0,499.99,173.61,,Holofoil,
484213,League Battle Deck [Origin Forme Palkia VSTAR],League Battle Deck Origin Forme Palkia VSTAR,https://tcgplayer-cdn.tcgplayer.com/product/484213_200w.jpg,3,2374,https://cpt.tcgcsv.com/hJT5,2023-05-05T04:03:24.963,1,,,,,,,,,,,,16.0,24.99,59.98,16.92,,Normal,820650872365
484304,Code Card - Mimikyu ex Box,Code Card Mimikyu ex Box,https://tcgplayer-cdn.tcgplayer.com/product/484304_200w.jpg,3,2374,https://cpt.tcgcsv.com/6LT5,2023-06-16T19:21:59.413,1,,Code Card,,,,"This listing is <strong>not</strong> a physical item. Please keep in mind that this <strong>Code Card</strong> listing represents a digital copy of the stated item for the Pokémon TCG Online <strong>and/or</strong> the Pokémon TCG Live games. You may receive the physical <strong>Code Card</strong>. Upon purchase, please work with your specific Seller by sending them a message using the <strong>Contact Seller</strong> button on the order details in your <a href=https://store.tcgplayer.com/myaccount/orderhistory>Order History</a> to opt in to having your <strong>Code Card</strong> code delivered digitally due to the nature of the product.",,,,,,0.05,0.08,1.0,0.07,,Normal,
484338,Code Card - League Battle Deck [Origin Forme Palkia VSTAR],Code Card League Battle Deck Origin Forme Palkia VSTAR,https://tcgplayer-cdn.tcgplayer.com/product/484338_200w.jpg,3,2374,https://cpt.tcgcsv.com/NLT5,2023-06-20T18:45:26.313,1,,Code Card,,,,"This listing is <strong>not</strong> a physical item. Please keep in mind that this <strong>Code Card</strong> listing represents a digital copy of the stated item for the Pokémon TCG Online <strong>and/or</strong> the Pokémon TCG Live games. You may receive the physical <strong>Code Card</strong>. Upon purchase, please work with your specific Seller by sending them a message using the <strong>Contact Seller</strong> button on the order details in your <a href=https://store.tcgplayer.com/myaccount/orderhistory>Order History</a> to opt in to having your <strong>Code Card</strong> code delivered digitally due to the nature of the product.",,,,,,1.75,1.85,1.99,,,Normal,
484357,Paldea Friends Mini Tin [Fuecoco & Smoliv],Paldea Friends Mini Tin Fuecoco and Smoliv,https://tcgplayer-cdn.tcgplayer.com/product/484357_200w.jpg,3,2374,https://cpt.tcgcsv.com/9MT5,2023-05-05T04:03:25.66,1,,,,,,"In this Paldea Friends Mini Tin, you’ll find:
<br>
• 2 Pokémon TCG booster packs
<br>
• 1 Sticker sheet
<br>
• A Pokémon art card showing the art from this Mini Tin—you can collect and combine all 5!",,,,,,21.49,28.5,99.0,21.75,,Normal,820650862793
484358,Paldea Friends Mini Tin [Pikachu & Capsakid],Paldea Friends Mini Tin Pikachu and Capsakid,https://tcgplayer-cdn.tcgplayer.com/product/484358_200w.jpg,3,2374,https://cpt.tcgcsv.com/bMT5,2023-05-05T04:03:25.66,1,,,,,,"In this Paldea Friends Mini Tin, you’ll find:
<br>
• 2 Pokémon TCG booster packs
<br>
• 1 Sticker sheet
<br>
• A Pokémon art card showing the art from this Mini Tin—you can collect and combine all 5!",,,,,,28.49,28.5,28.5,21.47,,Normal,820650862793
484359,Paldea Friends Mini Tin [Quaxly & Smoliv],Paldea Friends Mini Tin Quaxly and Smoliv,https://tcgplayer-cdn.tcgplayer.com/product/484359_200w.jpg,3,2374,https://cpt.tcgcsv.com/cMT5,2023-05-05T04:03:25.66,1,,,,,,"In this Paldea Friends Mini Tin, you’ll find:
<br>
• 2 Pokémon TCG booster packs
<br>
• 1 Sticker sheet
<br>
• A Pokémon art card showing the art from this Mini Tin—you can collect and combine all 5!",,,,,,21.95,28.5,29.99,21.48,,Normal,820650862793
484360,Paldea Friends Mini Tin [Sprigatito & Fidough],Paldea Friends Mini Tin Sprigatito and Fidough,https://tcgplayer-cdn.tcgplayer.com/product/484360_200w.jpg,3,2374,https://cpt.tcgcsv.com/dMT5,2023-05-05T04:03:25.66,1,,,,,,"In this Paldea Friends Mini Tin, you’ll find:
<br>
• 2 Pokémon TCG booster packs
<br>
• 1 Sticker sheet
<br>
• A Pokémon art card showing the art from this Mini Tin—you can collect and combine all 5!",,,,,,99.0,99.0,99.0,24.59,,Normal,820650862793
484362,Paldea Friends Mini Tin [Pawmi & Lechonk],Paldea Friends Mini Tin Pawmi and Lechonk,https://tcgplayer-cdn.tcgplayer.com/product/484362_200w.jpg,3,2374,https://cpt.tcgcsv.com/gMT5,2023-05-05T04:03:25.66,1,,,,,,"In this Paldea Friends Mini Tin, you’ll find:
<br>
• 2 Pokémon TCG booster packs
<br>
• 1 Sticker sheet
<br>
• A Pokémon art card showing the art from this Mini Tin—you can collect and combine all 5!",,,,,,21.49,28.49,28.5,21.95,,Normal,820650862793
484363,Paldea Friends Mini Tin [Set of 5],Paldea Friends Mini Tin Set of 5,https://tcgplayer-cdn.tcgplayer.com/product/484363_200w.jpg,3,2374,https://cpt.tcgcsv.com/hMT5,2023-05-05T04:03:25.66,1,,,,,,"In this Paldea Friends Mini Tin, you’ll find:
<br>
• 2 Pokémon TCG booster packs
<br>
• 1 Sticker sheet
<br>
• A Pokémon art card showing the art from this Mini Tin—you can collect and combine all 5!",,,,,,119.97,129.94,129.99,79.99,,Normal,820650862793
484372,Cyclizar ex Box,Cyclizar ex Box,https://tcgplayer-cdn.tcgplayer.com/product/484372_200w.jpg,3,2374,https://cpt.tcgcsv.com/sMT5,2023-05-05T04:03:26.33,1,,,,,,,,,,,,30.0,35.08,65.0,33.16,,Normal,820650872334
484374,Code Card - Cyclizar ex Box,Code Card Cyclizar ex Box,https://tcgplayer-cdn.tcgplayer.com/product/484374_200w.jpg,3,2374,https://cpt.tcgcsv.com/vMT5,2023-05-05T04:03:26.33,1,,Code Card,,,,"This listing is <strong>not</strong> a physical item. Please keep in mind that this <strong>Code Card</strong> listing represents a digital copy of the stated item for the Pokémon TCG Online <strong>and/or</strong> the Pokémon TCG Live games. You may receive the physical <strong>Code Card</strong>. Upon purchase, please work with your specific Seller by sending them a message using the <strong>Contact Seller</strong> button on the order details in your <a href=https://store.tcgplayer.com/myaccount/orderhistory>Order History</a> to opt in to having your <strong>Code Card</strong> code delivered digitally due to the nature of the product.",,,,,,0.01,0.09,1.95,0.07,,Normal,
484380,ex Battle Deck [Ampharos ex],ex Battle Deck Ampharos ex,https://tcgplayer-cdn.tcgplayer.com/product/484380_200w.jpg,3,2374,https://cpt.tcgcsv.com/DMT5,2023-05-05T04:03:27.193,1,,,,,,"Mighty Pokémon ex Battle for Victory!
<br>
Powerful Pokémon ex are ready to charge onto the battlefield in the new Pokémon TCG: ex Battle Decks! Each 60-card deck is led by an exceptional Pokémon ex and includes everything you need to play right away. Let the battle begin!
<br>
In each ex Battle Deck, you’ll find:
<br>
• 1 ready-to-play 60-card deck
<br>
• 3 reference cards
<br>
• 1 rules booklet
<br>
• Single-player playmat
<br>
• Damage counters
<br>
• 1 large metallic coin
<br>
• 1 deck box
<br>
• 1 strategy sheet
<br>
• 1 code card to play this deck online",,,,,,12.0,17.99,29.99,15.59,,Normal,
484382,ex Battle Deck [Lucario ex],ex Battle Deck Lucario ex,https://tcgplayer-cdn.tcgplayer.com/product/484382_200w.jpg,3,2374,https://cpt.tcgcsv.com/GMT5,2023-05-05T04:03:27.193,1,,,,,,"Mighty Pokémon ex Battle for Victory!
<br>
Powerful Pokémon ex are ready to charge onto the battlefield in the new Pokémon TCG: ex Battle Decks! Each 60-card deck is led by an exceptional Pokémon ex and includes everything you need to play right away. Let the battle begin!
<br>
In each ex Battle Deck, you’ll find:
<br>
• 1 ready-to-play 60-card deck
<br>
• 3 reference cards
<br>
• 1 rules booklet
<br>
• Single-player playmat
<br>
• Damage counters
<br>
• 1 large metallic coin
<br>
• 1 deck box
<br>
• 1 strategy sheet
<br>
• 1 code card to play this deck online",,,,,,16.99,19.9,31.99,17.52,,Normal,
484384,ex Battle Deck [Set of 2],ex Battle Deck Set of 2,https://tcgplayer-cdn.tcgplayer.com/product/484384_200w.jpg,3,2374,https://cpt.tcgcsv.com/JMT5,2023-05-05T04:03:27.193,1,,,,,,"Mighty Pokémon ex Battle for Victory!
<br>
Powerful Pokémon ex are ready to charge onto the battlefield in the new Pokémon TCG: ex Battle Decks! Each 60-card deck is led by an exceptional Pokémon ex and includes everything you need to play right away. Let the battle begin!
<br>
In each ex Battle Deck, you’ll find:
<br>
• 1 ready-to-play 60-card deck
<br>
• 3 reference cards
<br>
• 1 rules booklet
<br>
• Single-player playmat
<br>
• Damage counters
<br>
• 1 large metallic coin
<br>
• 1 deck box
<br>
• 1 strategy sheet
<br>
• 1 code card to play this deck online",,,,,,44.0,45.98,47.96,31.26,,Normal,
484387,Code Card - ex Battle Deck [Ampharos ex],Code Card ex Battle Deck Ampharos ex,https://tcgplayer-cdn.tcgplayer.com/product/484387_200w.jpg,3,2374,https://cpt.tcgcsv.com/MMT5,2023-07-31T19:46:50.123,1,,Code Card,,,,"This listing is <strong>not</strong> a physical item. Please keep in mind that this <strong>Code Card</strong> listing represents a digital copy of the stated item for the Pokémon TCG Online <strong>and/or</strong> the Pokémon TCG Live games. You may receive the physical <strong>Code Card</strong>. Upon purchase, please work with your specific Seller by sending them a message using the <strong>Contact Seller</strong> button on the order details in your <a href=https://store.tcgplayer.com/myaccount/orderhistory>Order History</a> to opt in to having your <strong>Code Card</strong> code delivered digitally due to the nature of the product.",,,,,,0.1,0.12,1.0,,,Normal,
484388,Code Card - ex Battle Deck [Lucario ex],Code Card ex Battle Deck Lucario ex,https://tcgplayer-cdn.tcgplayer.com/product/484388_200w.jpg,3,2374,https://cpt.tcgcsv.com/NMT5,2023-06-20T15:39:06.777,1,,Code Card,,,,"This listing is <strong>not</strong> a physical item. Please keep in mind that this <strong>Code Card</strong> listing represents a digital copy of the stated item for the Pokémon TCG Online <strong>and/or</strong> the Pokémon TCG Live games. You may receive the physical <strong>Code Card</strong>. Upon purchase, please work with your specific Seller by sending them a message using the <strong>Contact Seller</strong> button on the order details in your <a href=https://store.tcgplayer.com/myaccount/orderhistory>Order History</a> to opt in to having your <strong>Code Card</strong> code delivered digitally due to the nature of the product.",,,,,,0.55,0.66,5.0,0.55,,Normal,
484490,Code Card - Ultra Prism Prerelease Kit,Code Card Ultra Prism Prerelease Kit,https://tcgplayer-cdn.tcgplayer.com/product/484490_200w.jpg,3,2374,https://cpt.tcgcsv.com/QPT5,2023-03-31T16:29:17.93,1,,Code Card,,,,"This listing is <strong>not</strong> a physical item. Please keep in mind that this <strong>Code Card</strong> listing represents a digital copy of the stated item for the Pokémon TCG Online <strong>and/or</strong> the Pokémon TCG Live games. You may receive the physical <strong>Code Card</strong>. Upon purchase, please work with your specific Seller by sending them a message using the <strong>Contact Seller</strong> button on the order details in your <a href=https://store.tcgplayer.com/myaccount/orderhistory>Order History</a> to opt in to having your <strong>Code Card</strong> code delivered digitally due to the nature of the product.",,,,,,0.29,0.99,1.0,,,Normal,
484495,Alolan Ninetales (SM-P Japanese Exclusive),Alolan Ninetales SM P Japanese Exclusive,https://tcgplayer-cdn.tcgplayer.com/product/484495_200w.jpg,3,2374,https://cpt.tcgcsv.com/WPT5,2023-02-20T14:37:54.117,1,145/236,Holo Rare,Fairy,110,Stage 1,"<span style=""color:red"">This promotional card was printed exclusively in Japanese as part of the Alter Genesis Booster Box Purchase Campaign.</span>","[0] Rubbish Blizzard (10x)
<br>This attack does 10 damage for each Pokemon Tool card in your discard pile.",,Mx2,D-20,1,,,,,,,
484828,Icy Sky's Shaymin (Japanese 11th Movie Commemoration Set),Icy Skys Shaymin Japanese 11th Movie Commemoration Set,https://tcgplayer-cdn.tcgplayer.com/product/484828_200w.jpg,3,2374,https://cpt.tcgcsv.com/BXT5,2023-02-21T17:12:46.507,1,001/009,Promo,Grass,90,Basic,"<span style=""color:red""><em>This promotional card was printed in Japanese only.</em></span>","[G] Natural Gift
<br>
Attach a Grass Energy card from your hand to 1 of your Pokémon.","[3] Energy Ball (50+)
<br>
Does 50 damage plus 10 more damage for each Energy attached to Icy Sky's Shaymin but not used to pay for this attack's Energy cost. You can't add more than 20 damage in this way.",R+20,F-20,1,13.99,19.99,25.99,15.99,,Holofoil,
484829,Piplup (Japanese 11th Movie Commemoration Set),Piplup Japanese 11th Movie Commemoration Set,https://tcgplayer-cdn.tcgplayer.com/product/484829_200w.jpg,3,2374,https://cpt.tcgcsv.com/CXT5,2023-02-21T17:14:40.65,1,002/009,Promo,Water,50,Basic,"<span style=""color:red""><em>This promotional card was printed in Japanese only.</em></span>","[W] Bubble Beam (10)
<br>
Flip a coin. If heads, the Defending Pokémon is now Paralyzed.",[3] Drill Peck (30),L+10,,1,,,,,,,
484830,Pikachu (Japanese 11th Movie Commemoration Set),Pikachu Japanese 11th Movie Commemoration Set,https://tcgplayer-cdn.tcgplayer.com/product/484830_200w.jpg,3,2374,https://cpt.tcgcsv.com/DXT5,2023-02-21T17:17:19.14,1,003/009,Promo,Lightning,50,Basic,"<span style=""color:red""><em>This promotional card was printed in Japanese only.</em></span>","[1] Call for Family
<br>
Search your deck for a Basic Pokémon and put it onto your Bench. Shuffle your deck afterward.","[2] Agility (20)
<br>
Flip a coin. If heads, prevent all effects of an attack, including damage, done to Pikachu during your opponent's next turn.",F+10,M-20,1,,,,,,,
484944,Magnezone (Japanese 11th Movie Commemoration Set),Magnezone Japanese 11th Movie Commemoration Set,https://tcgplayer-cdn.tcgplayer.com/product/484944_200w.jpg,3,2374,https://cpt.tcgcsv.com/V-T5,2023-02-22T14:32:21.443,1,004/009,Promo,Lightning,130,Stage 1,"<span style=""color:red""><em>This promotional card was printed in Japanese only.</em></span>","[L] Charge Beam (30)
<br>
Search your discard pile for an Energy card and attach it to Magnezone.","[2LM] Metallic Bolt (60)
<br>
You may discard a Lightning Energy and a Metal Energy attached to Magnezone. If you do, this attack's base damage is 120 instead of 60.",F+30,M-20,2,7.52,10.18,11.79,11.73,,Holofoil,
484945,Reverse World's Giratina (Japanese 11th Movie Commemoration Set),Reverse Worlds Giratina Japanese 11th Movie Commemoration Set,https://tcgplayer-cdn.tcgplayer.com/product/484945_200w.jpg,3,2374,https://cpt.tcgcsv.com/W-T5,2023-02-22T14:35:06.44,1,005/009,Promo,Psychic,100,Basic,"<span style=""color:red""><em>This promotional card was printed in Japanese only.</em></span>","[P] Shadow Force
<br>
Choose 1 of your opponent's Benched Pokémon. This attack does 10 damage to that Pokémon. <em>(Don't apply Weakness and Resistance for Benched Pokémon.)</em>. Flip a coin. If heads, prevent all effects of an attack, including damage, done to Reverse World's Giratina during your opponent's next turn.",[2P] Will-O-Wisp (60),Dx2,C-20,2,75.0,75.0,75.0,99.0,,Holofoil,
484950,Mamoswine (Japanese 11th Movie Commemoration Set),Mamoswine Japanese 11th Movie Commemoration Set,https://tcgplayer-cdn.tcgplayer.com/product/484950_200w.jpg,3,2374,https://cpt.tcgcsv.com/0_T5,2023-02-22T14:37:54.887,1,006/009,Promo,Fighting,150,Stage 2,"<span style=""color:red""><em>This promotional card was printed in Japanese only.</em></span>","[2W] Blizzard (60)
<br>
Flip a coin. If heads, this attack does 10 damage to each of your opponent's Benched Pokémon. If tails, this attack does 10 damage to each of your Benched Pokémon. <em>(Don't apply Weakness and Resistance for Benched Pokémon.)</em>","[3F] Take Down (120)
<br>
Mamoswine does 40 damage to itself.",G+30,L-20,4,9.99,11.47,12.94,12.8,,Holofoil,
484953,Shieldon (Japanese 11th Movie Commemoration Set),Shieldon Japanese 11th Movie Commemoration Set,https://tcgplayer-cdn.tcgplayer.com/product/484953_200w.jpg,3,2374,https://cpt.tcgcsv.com/5_T5,2023-02-22T14:39:06.713,1,007/009,Promo,Metal,80,Stage 1,"<span style=""color:red""><em>This promotional card was printed in Japanese only.</em></span>","[1M] Iron Head (20x)
<br>
Flip a coin until you get tails. This attack does 20 damage times the number of heads.",[3] Tackle (40),R+20,P-20,2,37.78,37.78,37.78,26.0,,Holofoil,
484954,Dialga (Japanese 11th Movie Commemoration Set),Dialga Japanese 11th Movie Commemoration Set,https://tcgplayer-cdn.tcgplayer.com/product/484954_200w.jpg,3,2374,https://cpt.tcgcsv.com/6_T5,2023-02-22T14:40:27.977,1,008/009,Promo,Metal,100,Basic,"<span style=""color:red""><em>This promotional card was printed in Japanese only.</em></span>","[M] Time Call
<br>
Search your deck for a card that evolves from 1 of your Pokémon and put it on that Pokémon. (This counts as evolving that Pokémon.) Shuffle your deck afterward.","[2M] Time Wager (100)
<br>
Flip 2 coins. If either of them is tails, this attack's base damage is 50 instead of 100.",Rx2,P-20,2,14.99,16.99,18.99,29.0,,Holofoil,
485260,Lechonk (Pokemon Center Exclusive),Lechonk Pokemon Center Exclusive,https://tcgplayer-cdn.tcgplayer.com/product/485260_200w.jpg,3,2374,https://cpt.tcgcsv.com/d7V5,2025-11-21T02:17:37.313,1,155/198,Common,Colorless,60,Basic,,"[1] Collect
<br>
Draw a card.",[3] Tackle (30),Fx2,,1,9.8,15.0,50.0,9.97,9.8,Holofoil,
487024,Gardevoir ex (Japanese Exclusive),Gardevoir ex Japanese Exclusive,https://tcgplayer-cdn.tcgplayer.com/product/487024_200w.jpg,3,2374,https://cpt.tcgcsv.com/vQV5,2023-03-06T15:30:22.223,1,101/078 SAR,Promo,Psychic,310,Stage 2,"<strong>Ability — Psychic Embrace</strong>
<br>
As often as you like during your turn, you may attach a Basic Psychic Energy card from your discard pile to 1 of your Psychic Pokémon. If you attached Energy to a Pokémon in this way, put 2 damage counters on that Pokémon. You can't use this Ability on a Pokémon that would be Knocked Out.
<br><br>
<strong>Pokémon ex rule</strong> — When your Pokémon ex is Knocked Out, your opponent takes 2 Prize cards.","[1PP] Miracle Force (190)
<br>
This Pokémon recovers from all Special Conditions.",,Dx2,F-30,2,,,,,,,
487507,Greavard - 105/198 (Mirage Holo),Greavard 105 198 Mirage Holo,https://tcgplayer-cdn.tcgplayer.com/product/487507_200w.jpg,3,2374,https://cpt.tcgcsv.com/90W5,2026-02-28T01:07:50.51,1,105/198,Common,Psychic,80,Basic,,"[2] Underworld Stroll
<br>Your opponent reveals their hand. Choose a Supporter card you find there and put it on the bottom of their deck.",[2P] Sharp Fang (30),Dx2,F-30,3,0.07,0.25,2.0,0.25,0.22,Holofoil,
487688,Galarian Slowking (Cosmos Holo),Galarian Slowking Cosmos Holo,https://tcgplayer-cdn.tcgplayer.com/product/487688_200w.jpg,3,2374,https://cpt.tcgcsv.com/N5W5,2023-03-20T17:17:08.843,1,098/198,Holo Rare,Darkness,120,Stage 1,"<strong>Ability — Mysterious Potion</strong>
<br>Once during your turn, you may choose 1 of your Pokémon and flip a coin. If heads, heal 90 damage from that Pokemon. If tails, put 3 damage counters on that Pokemon.",[2D] Spray Fluid (90),,Fx2,None,3,0.43,0.67,1.49,0.65,,Holofoil,
487689,Dragapult (Cosmos Holo),Dragapult Cosmos Holo,https://tcgplayer-cdn.tcgplayer.com/product/487689_200w.jpg,3,2374,https://cpt.tcgcsv.com/P5W5,2023-03-20T17:16:46.67,1,130/264,Holo Rare,Psychic,150,Stage 2,,"[P] Dusion Strike Assault (30x)
<br>This attack does 30 damage for each of your Fusion Strike Pokémon in play.",[1P] Speed Attack (120),Dx2,F-30,0,0.35,0.6,2.0,0.6,,Holofoil,
487690,Galarian Obstagoon (Cosmos Holo),Galarian Obstagoon Cosmos Holo,https://tcgplayer-cdn.tcgplayer.com/product/487690_200w.jpg,3,2374,https://cpt.tcgcsv.com/Q5W5,2023-03-20T17:17:36.067,1,161/264,Holo Rare,Darkness,170,Stage 2,,"[D] Silence (30)
<br>Choose 1 of your opponent's Active Pokémon's attacks. During your opponent's next turn, that Pokémon can't use that attack.","[D] Merciless Strike (60+)
<br>If your opponent's Active Pokémon already has any damage counters on it, this attack does 90 more damage.",Gx2,None,2,0.15,0.47,1.91,0.46,,Holofoil,
487791,Mischievous Pichu - 214/S-P,Mischievous Pichu 214 S P,https://tcgplayer-cdn.tcgplayer.com/product/487791_200w.jpg,3,2374,https://cpt.tcgcsv.com/R7W5,2024-08-28T19:13:55.52,1,214/S-P,Promo,Lightning,30,Basic,,,,Fx2,None,1,40.0,45.0,50.0,30.62,,Normal,
488324,Play! Pokemon Prize Pack Series Two,Play Pokemon Prize Pack Series Two,https://tcgplayer-cdn.tcgplayer.com/product/488324_200w.jpg,3,2374,https://cpt.tcgcsv.com/vlW5,2023-03-15T19:16:16.61,1,,,,,,Each Prize Pack contains six cards.,,,,,,49.99,50.49,58.88,26.39,,Normal,
488813,Beldum - 029/101 (Gym Challenge),Beldum 029 101 Gym Challenge,https://tcgplayer-cdn.tcgplayer.com/product/488813_200w.jpg,3,2374,https://cpt.tcgcsv.com/hxW5,2023-08-24T20:46:34.71,1,029/101,Uncommon,Metal,50,Basic,"<b>Poke-POWER</b> Magnetic Call 
<br>Once during your turn <em>(before you attack),</em>, you may flip a coin.  If heads, search your deck for a Metal Basic Pokemon and put it onto your Bench.  Shuffle your deck afterward.  This power can't be used if Beldum is affected by a Special Condition.","[1M] Metal Charge (30)
<br>Put 1 damage counter on Beldum.",,R,G,2,,,,,,,
489343,"Enhanced 2-Pack Blister Pack [Articuno, Zapdos, & Moltres]",Enhanced 2 Pack Blister Pack Articuno Zapdos and Moltres,https://tcgplayer-cdn.tcgplayer.com/product/489343_200w.jpg,3,2374,https://cpt.tcgcsv.com/TLW5,2025-02-11T20:41:05.93,1,,,,,,"Expand your collection with three foil Pokémon TCG cards featuring Articuno, Zapdos, and Moltres—plus a metallic coin, two Pokémon TCG booster packs, and a code card for Pokémon TCG Live!
<br>
• Includes three foil cards, two booster packs, a coin, and a code card
<br>
• Each booster pack contains 10 cards and either 1 basic Energy or 1 VSTAR marker. Cards vary by pack. Packs may vary.",,,,,,26.0,45.0,99.99,22.67,,Normal,
489358,Moltres (Cosmos Holo),Moltres Cosmos Holo,https://tcgplayer-cdn.tcgplayer.com/product/489358_200w.jpg,3,2374,https://cpt.tcgcsv.com/bMW5,2025-10-31T19:05:13.11,1,021/172,Promo,Fire,120,Basic,,"[R] Inferno Wings (20+)
<br>If this Pokemon has any damage counters on it, this attack does 70 more damage. This attack's damage isn't affected by Weakness.",,Wx2,None,1,0.45,0.76,40.0,0.7,0.98,Holofoil,
489359,Articuno (Cosmos Holo),Articuno Cosmos Holo,https://tcgplayer-cdn.tcgplayer.com/product/489359_200w.jpg,3,2374,https://cpt.tcgcsv.com/cMW5,2026-01-15T05:08:25.787,1,036/195,Promo,Water,110,Basic,,[W] Ice Wing (20),"[WW] Wild Freeze (70)
<br>
This Pokémon also does 50 damage to itself. Your opponent's Active Pokémon is now Paralyzed.",Mx2,,1,0.54,1.05,45.0,1.07,2.99,Holofoil,
489360,Zapdos (Cosmos Holo),Zapdos Cosmos Holo,https://tcgplayer-cdn.tcgplayer.com/product/489360_200w.jpg,3,2374,https://cpt.tcgcsv.com/dMW5,2025-11-20T23:17:49.843,1,048/185,Promo,Lightning,110,Basic,,[1] Drill Peck (20),"[1LL] Thunder Snipe
<br>Discard all Energy from this Pokémon. This attack does 160 damage to 1 of your opponent's Pokémon V or Pokémon-GX. <em>(Don't apply Weakness and Resistance for Benched Pokémon.)</em>",Lx2,F-30,1,0.35,0.79,35.0,0.75,0.75,Holofoil,
489632,Checklane 2-Pack Pin Blister [Celebi],Checklane 2 Pack Pin Blister Celebi,https://tcgplayer-cdn.tcgplayer.com/product/489632_200w.jpg,3,2374,https://cpt.tcgcsv.com/GSW5,2025-11-18T18:00:10.493,1,,,,,,"Each blister contains: 
<br>• 2 Pokémon Booster Packs (Booster packs will vary)
<br>• 1 Celebi Pin",,,,,,66.0,68.94,71.87,58.31,,Normal,
489945,Marnie - 340/S-P,Marnie 340 S P,https://tcgplayer-cdn.tcgplayer.com/product/489945_200w.jpg,3,2374,https://cpt.tcgcsv.com/W-W5,2023-03-27T13:45:30.843,1,340/S-P,Promo,Supporter,,,"<span style=""color:red""><em>This promotional card was printed in Japanese only.</em></span>",,,,,,18.79,19.39,19.99,19.47,,Normal,
489946,Mallow & Lana - 256/S-P,Mallow and Lana 256 S P,https://tcgplayer-cdn.tcgplayer.com/product/489946_200w.jpg,3,2374,https://cpt.tcgcsv.com/X-W5,2023-03-27T13:47:09.18,1,256/S-P,Promo,Supporter,,,"<span style=""color:red""><em>This promotional card was printed in Japanese only.</em></span>",,,,,,12.98,15.67,16.98,14.59,,Normal,
489947,Cynthia - 155/S-P,Cynthia 155 S P,https://tcgplayer-cdn.tcgplayer.com/product/489947_200w.jpg,3,2374,https://cpt.tcgcsv.com/Z-W5,2023-03-27T13:47:46.283,1,155/S-P,Promo,Supporter,,,"<span style=""color:red""><em>This promotional card was printed in Japanese only.</em></span>",,,,,,36.77,41.37,45.97,45.77,,Normal,
490039,Code Card - Klara Premium Tournament Collection Box,Code Card Klara Premium Tournament Collection Box,https://tcgplayer-cdn.tcgplayer.com/product/490039_200w.jpg,3,2374,https://cpt.tcgcsv.com/P0X5,2023-06-16T17:50:22.67,1,,Code Card,,,,"This listing is <strong>not</strong> a physical item. Please keep in mind that this <strong>Code Card</strong> listing represents a digital copy of the stated item for the Pokémon TCG Online <strong>and/or</strong> the Pokémon TCG Live games. You may receive the physical <strong>Code Card</strong>. Upon purchase, please work with your specific Seller by sending them a message using the <strong>Contact Seller</strong> button on the order details in your <a href=https://store.tcgplayer.com/myaccount/orderhistory>Order History</a> to opt in to having your <strong>Code Card</strong> code delivered digitally due to the nature of the product.",,,,,,0.25,0.44,1.99,0.28,,Normal,
490040,Code Card - Cyrus Premium Tournament Collection Box,Code Card Cyrus Premium Tournament Collection Box,https://tcgplayer-cdn.tcgplayer.com/product/490040_200w.jpg,3,2374,https://cpt.tcgcsv.com/Q0X5,2023-06-16T19:23:45.953,1,,Code Card,,,,"This listing is <strong>not</strong> a physical item. Please keep in mind that this <strong>Code Card</strong> listing represents a digital copy of the stated item for the Pokémon TCG Online <strong>and/or</strong> the Pokémon TCG Live games. You may receive the physical <strong>Code Card</strong>. Upon purchase, please work with your specific Seller by sending them a message using the <strong>Contact Seller</strong> button on the order details in your <a href=https://store.tcgplayer.com/myaccount/orderhistory>Order History</a> to opt in to having your <strong>Code Card</strong> code delivered digitally due to the nature of the product.",,,,,,0.14,0.24,2.95,0.19,,Normal,
490300,Rowlet - SWSH220 (Cosmos Holo),Rowlet SWSH220 Cosmos Holo,https://tcgplayer-cdn.tcgplayer.com/product/490300_200w.jpg,3,2374,https://cpt.tcgcsv.com/08X5,2025-10-31T19:05:13.053,1,SWSH220,Promo,Grass,60,Basic,,"[1] Jump On (10+)
<br>Flip a coin. If heads, This attack does 10 more damage.",,Rx2,None,1,0.2,0.39,4.99,0.35,,Holofoil,
490301,Lechonk - 154/198 (Store Promo),Lechonk 154 198 Store Promo,https://tcgplayer-cdn.tcgplayer.com/product/490301_200w.jpg,3,2374,https://cpt.tcgcsv.com/28X5,2023-04-12T12:22:15.907,1,154/198,Promo,Colorless,60,Basic,,"[1] Repelling Odor
<br>
Switch out your opponent's Active Pokémon to the Bench. <em>(Your opponent chooses the new Active Pokémon.)</em>",[2] Stampede (20),Fx2,,1,3.45,5.05,40.0,3.87,,Reverse Holofoil,
491201,Boss's Orders (Cyrus) - 132/172 (Cosmos Holo),Bosss Orders Cyrus 132 172 Cosmos Holo,https://tcgplayer-cdn.tcgplayer.com/product/491201_200w.jpg,3,2374,https://cpt.tcgcsv.com/2vX5,2026-02-02T21:00:07.807,1,132/172,Promo,Supporter,,,"Switch 1 of your opponent's Benched Pokémon with their Active Pokémon.
<br><br>
You may play only 1 Supporter card during your turn.",,,,,,0.15,0.5,8.81,0.48,0.35,Holofoil,
491203,Klara - 145/198 (Cosmos Holo),Klara 145 198 Cosmos Holo,https://tcgplayer-cdn.tcgplayer.com/product/491203_200w.jpg,3,2374,https://cpt.tcgcsv.com/5vX5,2025-10-13T22:35:31.617,1,145/198,Promo,Supporter,,,"Choose 1 or both:
<br>• Put up to 2 Pokemon from your discard pile into your hand.
<br>•  Put up to 2 basic Energy cards from your discard pile into your hand.",,,,,,0.1,0.3,8.81,0.3,0.25,Holofoil,
491618,Hisuian Zoroark - 076/196 (Lost Origin Stamped),Hisuian Zoroark 076 196 Lost Origin Stamped,https://tcgplayer-cdn.tcgplayer.com/product/491618_200w.jpg,3,2374,https://cpt.tcgcsv.com/nGX5,2023-05-17T12:50:25.237,1,076/196,Promo,Psychic,120,Stage 1,,"[0] Doom Curse
<br>
At the end of your opponent's next turn, the Defending Pokémon will be Knocked Out.","[P] Call Back
<br>
Put a card from your discard pile into your hand.",Dx2,F-30,2,4.0,5.75,11.55,5.48,,Holofoil,
492049,Lechonk - 154/198 (GameStop Promo),Lechonk 154 198 GameStop Promo,https://tcgplayer-cdn.tcgplayer.com/product/492049_200w.jpg,3,2374,https://cpt.tcgcsv.com/_QX5,2024-09-12T21:04:22.067,1,154/198,Promo,Colorless,60,Basic,,"[1] Repelling Odor
<br>
Switch out your opponent's Active Pokémon to the Bench. <em>(Your opponent chooses the new Active Pokémon.)</em>",[2] Stampede (20),Fx2,,1,2.37,4.0,10.74,2.73,,Normal,
492049,Lechonk - 154/198 (GameStop Promo),Lechonk 154 198 GameStop Promo,https://tcgplayer-cdn.tcgplayer.com/product/492049_200w.jpg,3,2374,https://cpt.tcgcsv.com/_QX5,2024-09-12T21:04:22.067,1,154/198,Promo,Colorless,60,Basic,,"[1] Repelling Odor
<br>
Switch out your opponent's Active Pokémon to the Bench. <em>(Your opponent chooses the new Active Pokémon.)</em>",[2] Stampede (20),Fx2,,1,2.83,3.48,9.95,3.48,,Reverse Holofoil,
494023,Code Card - Mimikyu ex Showcase Box,Code Card Mimikyu ex Showcase Box,https://tcgplayer-cdn.tcgplayer.com/product/494023_200w.jpg,3,2374,https://cpt.tcgcsv.com/tDZ5,2025-02-10T18:02:02.267,1,,Code Card,,,,"This listing is <strong>not</strong> a physical item. Please keep in mind that this <strong>Code Card</strong> listing represents a digital copy of the stated item for the Pokémon TCG Online <strong>and/or</strong> the Pokémon TCG Live games. You may receive the physical <strong>Code Card</strong>. Upon purchase, please work with your specific Seller by sending them a message using the <strong>Contact Seller</strong> button on the order details in your <a href=https://store.tcgplayer.com/myaccount/orderhistory>Order History</a> to opt in to having your <strong>Code Card</strong> code delivered digitally due to the nature of the product.",,,,,,0.02,0.06,0.5,0.03,,Normal,
496018,Paldea Friends Mini Tin Display,Paldea Friends Mini Tin Display,https://tcgplayer-cdn.tcgplayer.com/product/496018_200w.jpg,3,2374,https://cpt.tcgcsv.com/nq-5,2025-01-22T13:15:53.703,1,,,,,,"Each Paldea Friends Mini Tin Display contains 2 of each Paldea Friends Mini Tin designs (for a total of 10). Each Paldea Friends Mini Tin contains 2 booster packs, 1 sticker sheet and 1 Pokémon art card.",,,,,,249.99,249.99,375.0,178.32,,Normal,820650862793
496020,Paldea Friends Mini Tin Display Case,Paldea Friends Mini Tin Display Case,https://tcgplayer-cdn.tcgplayer.com/product/496020_200w.jpg,3,2374,https://cpt.tcgcsv.com/qq-5,2025-01-22T13:01:37.973,1,,,,,,Each case contains 4 Paldea Friends Mini Tin Displays.,,,,,,,,,,,,820650872792
497048,Flapple - 022/192 (EB Games Exclusive),Flapple 022 192 EB Games Exclusive,https://tcgplayer-cdn.tcgplayer.com/product/497048_200w.jpg,3,2374,https://cpt.tcgcsv.com/-Q-5,2023-05-16T12:56:15.117,1,022/192,Promo,Grass,80,Stage 1,"<strong>Ability — Apple Drop</strong>
<br>Once during your turn, you may put 2 damage counters on 1 of your opponent's Pokémon. If you placed any damage counters in this way, shuffle this Pokémon and all attached cards into your deck.","[2] Acid Spray (60)
<br>Flip a coin. If heads, discard an Energy from your opponent's Active Pokémon.",,Rx2,,1,23.0,23.61,36.59,23.13,,Holofoil,
497061,Rotom - 070/198 (Cosmos Holo),Rotom 070 198 Cosmos Holo,https://tcgplayer-cdn.tcgplayer.com/product/497061_200w.jpg,3,2374,https://cpt.tcgcsv.com/fR-5,2025-11-12T17:10:25.487,1,070/198,Promo,Lightning,80,Basic,,"[1] Junk Hunt
<br>Search your discard pile for an item, reveal it, and put it in your hand.","[L] Thundershock (20)
<br>Flip a coin. If heads, your opponent’s Active Pokemon is now Paralyzed.",Fx2,None,1,0.09,0.25,8.81,0.24,,Holofoil,
497177,Annihilape ex Box,Annihilape ex Box,https://tcgplayer-cdn.tcgplayer.com/product/497177_200w.jpg,3,2374,https://cpt.tcgcsv.com/zT-5,2023-07-14T04:03:09.13,1,,,,,,"Your opponent will come to fear the Angry Grudge of Annihilape ex! Damage only makes this powerful Pokémon ex stronger, and it’s joined by Mankey and Primeape to help you get it into play right away.
<br><br>The Pokémon TCG: Annihilape ex Box includes:
<br>• 1 foil promo card featuring Annihilape ex
<br>• 1 foil card featuring Primeape
<br>• 1 foil card featuring Mankey
<br>• 4 Pokémon TCG booster packs
<br>• A code card for Pokémon TCG Live",,,,,,34.99,50.0,100.0,34.76,,Normal,0820650852459
497380,Pokemon TCG: Trainer's Toolkit (2023),Pokemon TCG Trainers Toolkit 2023,https://tcgplayer-cdn.tcgplayer.com/product/497380_200w.jpg,3,2374,https://cpt.tcgcsv.com/DZ-5,2023-06-09T04:03:22.043,1,,,,,,"Everything You Need to Build a Powerful Deck!
<br>
<br>Turn your card collection into playable, fun, and winning Pokémon Trading Card Game decks! Inside this box, you'll find a plethora of Trainer cards and Energy cards, plus a Deck Builder's Guide to putting them all together to create a deck that showcases your best Pokémon! You'll find everything you need to help you make the choices every deck builder faces: More big Pokémon? More strategic Trainer cards? How much Energy is too much? Steer a course for completely new decks, original combos, and all the fun of head-to-head competition with the Pokémon TCG: Trainer's Toolkit!
<br>
<br>The Pokémon TCG: Trainer's Toolkit includes:
<br>
<br>•More than 50 useful cards to power up your decks, including dozens of Trainer cards, Arceus V, and Arceus VSTAR
<br>• More than 100 basic Energy cards
<br>• 4 Pokémon TCG booster packs
<br>• 65 card sleeves
<br>• A Deck Builder's Guide
<br>• 6 damage-counter dice
<br>• 1 competition-legal coin-flip die
<br>• 2 condition markers
<br>• 1 VSTAR marker
<br>• A code card for Pokémon TCG Live",,,,,,25.19,46.63,79.99,36.37,,Normal,
497387,Paldea Legends Tin [Koraidon ex] (International Version),Paldea Legends Tin Koraidon ex International Version,https://tcgplayer-cdn.tcgplayer.com/product/497387_200w.jpg,3,2374,https://cpt.tcgcsv.com/MZ-5,2023-06-09T04:03:22.14,1,,,,,,"Traverse the hills, waters, and sky of the Paldea region with a Legendary Pokémon by your side! Choose the primal intensity of Koraidon ex or the polished fortitude of Miraidon ex, each boasting a useful Ability and strong attack, and then build up your collection with even more Pokémon and Trainer cards inside a handful of booster packs.
<br>The Pokémon TCG: Paldea Legends Tin includes:
<br>• 1 foil promo card featuring Koraidon ex or Miraidon ex
<br>• 5 Pokémon TCG booster packs
<br>• A code card for Pokémon TCG Live",,,,,,39.99,45.0,85.0,36.6,,Normal,
497388,Paldea Legends Tin [Miraidon ex] (International Version),Paldea Legends Tin Miraidon ex International Version,https://tcgplayer-cdn.tcgplayer.com/product/497388_200w.jpg,3,2374,https://cpt.tcgcsv.com/NZ-5,2023-06-09T04:03:22.14,1,,,,,,"Traverse the hills, waters, and sky of the Paldea region with a Legendary Pokémon by your side! Choose the primal intensity of Koraidon ex or the polished fortitude of Miraidon ex, each boasting a useful Ability and strong attack, and then build up your collection with even more Pokémon and Trainer cards inside a handful of booster packs.
<br>The Pokémon TCG: Paldea Legends Tin includes:
<br>• 1 foil promo card featuring Koraidon ex or Miraidon ex
<br>• 5 Pokémon TCG booster packs
<br>• A code card for Pokémon TCG Live",,,,,,35.99,39.99,85.0,36.64,,Normal,
497389,Paldea Legends Tin [Miraidon ex],Paldea Legends Tin Miraidon ex,https://tcgplayer-cdn.tcgplayer.com/product/497389_200w.jpg,3,2374,https://cpt.tcgcsv.com/PZ-5,2023-12-27T13:38:31.707,1,,,,,,"Traverse the hills, waters, and sky of the Paldea region with a Legendary Pokémon by your side! Choose the primal intensity of Koraidon ex or the polished fortitude of Miraidon ex, each boasting a useful Ability and strong attack, and then build up your collection with even more Pokémon and Trainer cards inside a handful of booster packs.
<br>The Pokémon TCG: Paldea Legends Tin includes:
<br>• 1 foil promo card featuring Koraidon ex or Miraidon ex
<br>• 4 Pokémon TCG booster packs
<br>• A code card for Pokémon TCG Live",,,,,,34.9,34.9,34.9,33.17,,Normal,
497390,Paldea Legends Tin [Koraidon ex],Paldea Legends Tin Koraidon ex,https://tcgplayer-cdn.tcgplayer.com/product/497390_200w.jpg,3,2374,https://cpt.tcgcsv.com/QZ-5,2023-12-27T13:37:09.037,1,,,,,,"Traverse the hills, waters, and sky of the Paldea region with a Legendary Pokémon by your side! Choose the primal intensity of Koraidon ex or the polished fortitude of Miraidon ex, each boasting a useful Ability and strong attack, and then build up your collection with even more Pokémon and Trainer cards inside a handful of booster packs.
<br>The Pokémon TCG: Paldea Legends Tin includes:
<br>• 1 foil promo card featuring Koraidon ex or Miraidon ex
<br>• 4 Pokémon TCG booster packs
<br>• A code card for Pokémon TCG Live",,,,,,34.99,37.9,42.91,31.83,,Normal,
497411,Lechonk - 156/198 (Best Buy Exclusive),Lechonk 156 198 Best Buy Exclusive,https://tcgplayer-cdn.tcgplayer.com/product/497411_200w.jpg,3,2374,https://cpt.tcgcsv.com/f--5,2025-09-26T13:29:36.337,1,156/198,Common,Colorless,70,Basic,,"[3] Whimsy Tackle (70)
<br>Flip a coin. If tails, this attack does nothing.",,Fx2,None,1,1.62,3.0,20.0,2.24,3.99,Reverse Holofoil,
497728,Lucario VSTAR Special Collection,Lucario VSTAR Special Collection,https://tcgplayer-cdn.tcgplayer.com/product/497728_200w.jpg,3,2374,https://cpt.tcgcsv.com/B6_5,2023-10-23T15:52:41.493,1,,,,,,"Become an Aura Star — with Lucario VSTAR!
<br>Channeling all of its determination and might, Lucario VSTAR unleashes an Aura Star for the ages! In this collection, you get playable foil cards featuring Lucario V and Lucario VSTAR, plus an oversize version of Lucario VSTAR for display. You’ll also find a Lucario pin featuring a unique design, a glimmering Lucario coin, and Pokémon TCG booster packs with even more cool and powerful Pokémon.

<br>Each Pokémon TCG: Lucario VSTAR Special Collection includes:

<br>• 1 etched promo card featuring Lucario V
<br>• 1 etched promo card featuring Lucario VSTAR
<br>• 1 etched oversize card featuring Lucario VSTAR
<br>• 1 acrylic VSTAR marker
<br>• 4 Pokémon TCG booster packs
<br>• A code card for Pokémon Trading Card Game Live",,,,,,64.0,74.49,88.88,68.51,,Normal,
497841,ex Battle Deck [Tinkaton ex],ex Battle Deck Tinkaton ex,https://tcgplayer-cdn.tcgplayer.com/product/497841_200w.jpg,3,2374,https://cpt.tcgcsv.com/R8_5,2023-07-14T04:03:09.48,1,,,,,,"Powerful Pokémon ex are ready to charge onto the battlefield in two new Pokémon TCG: ex Battle
Decks featuring Chien-Pao ex and Tinkaton ex! Each 60-card deck is led by an exceptional Pokémon ex and includes everything you need to play right away. Let the battle begin!
<br><br>Each Pokémon TCG: Chien-Pao ex or Tinkaton ex Battle Deck includes:
<br>• 1 ready-to-play 60-card deck
<br>• 3 reference cards
<br>• 1 rules booklet
<br>• 1 single-player playmat
<br>• 1 set of damage counters
<br>• 1 large metallic coin
<br>• 1 deck box
<br>• 1 strategy sheet
<br>• 1 code card to play this deck online",,,,,,17.33,21.99,27.16,17.16,,Normal,
497842,ex Battle Deck [Chien-Pao ex],ex Battle Deck Chien Pao ex,https://tcgplayer-cdn.tcgplayer.com/product/497842_200w.jpg,3,2374,https://cpt.tcgcsv.com/S8_5,2023-07-14T04:03:09.48,1,,,,,,"Powerful Pokémon ex are ready to charge onto the battlefield in two new Pokémon TCG: ex Battle
Decks featuring Chien-Pao ex and Tinkaton ex! Each 60-card deck is led by an exceptional Pokémon ex and includes everything you need to play right away. Let the battle begin!
<br><br>Each Pokémon TCG: Chien-Pao ex or Tinkaton ex Battle Deck includes:
<br>• 1 ready-to-play 60-card deck
<br>• 3 reference cards
<br>• 1 rules booklet
<br>• 1 single-player playmat
<br>• 1 set of damage counters
<br>• 1 large metallic coin
<br>• 1 deck box
<br>• 1 strategy sheet
<br>• 1 code card to play this deck online",,,,,,14.0,17.15,21.59,17.15,,Normal,
497851,Pokemon TCG: Back to School Pencil Case 2023,Pokemon TCG Back to School Pencil Case 2023,https://tcgplayer-cdn.tcgplayer.com/product/497851_200w.jpg,3,2374,https://cpt.tcgcsv.com/29_5,2023-08-04T04:03:47.89,1,,,,,,"Get Ready for Class—with Pokémon!
<br>When you’re getting ready for a day in class, organize your pens and pencils, and have a little fun at the same time by adding to your TCG collection!
<br>The Pokémon TCG: Back to School Pencil Case includes:
<br>• A sturdy tin to keep your pens and pencils organized
<br>• 2 Pokémon TCG booster packs to expand your collection <em>(Packs and contents may vary.)</em>",,,,,,17.99,29.99,34.99,18.41,,Normal,
497853,Pokemon TCG: Back to School Eraser Blister [Lechonk],Pokemon TCG Back to School Eraser Blister Lechonk,https://tcgplayer-cdn.tcgplayer.com/product/497853_200w.jpg,3,2374,https://cpt.tcgcsv.com/59_5,2023-08-04T04:03:47.89,1,,,,,,"Looking for the perfect eraser for a new project or a new class? You can choose a favorite Pokémon eraser—and add to your Pokémon TCG collection at the same time!
<br>
<br>Inside, you’ll find:
<br>
<br>• 1 favorite Pokémon erasers featuring Eevee!
<br>• 2 Pokémon TCG booster packs to expand your collection <em>(Packs and contents may vary by product)</em>",,,,,,34.99,35.0,41.99,32.5,,Normal,0820650829529
497856,Pokemon TCG: Back to School Eraser Blister [Smoliv],Pokemon TCG Back to School Eraser Blister Smoliv,https://tcgplayer-cdn.tcgplayer.com/product/497856_200w.jpg,3,2374,https://cpt.tcgcsv.com/89_5,2023-08-04T04:03:47.89,1,,,,,,"Looking for the perfect eraser for a new project or a new class? You can choose a favorite Pokémon eraser—and add to your Pokémon TCG collection at the same time!
<br>
<br>Inside, you’ll find:
<br>
<br>• 1 favorite Pokémon erasers featuring Eevee!
<br>• 2 Pokémon TCG booster packs to expand your collection <em>(Packs and contents may vary by product)</em>",,,,,,30.0,30.0,30.0,26.99,,Normal,0820650829529
497870,Summer 2023 Collector's Chest Tin,Summer 2023 Collectors Chest Tin,https://tcgplayer-cdn.tcgplayer.com/product/497870_200w.jpg,3,2374,https://cpt.tcgcsv.com/q9_5,2023-08-04T04:03:48.013,1,,,,,,"The Pokémon Trading Card Game: Collector Chest includes:
<br>• 6 Pokémon TCG booster packs
<br>• 3 foil cards featuring Sprigatito, Fuecoco, and Quaxly
<br>• A cool Pokémon coins
<br>• 4 colorful sticker sheets
<br>• A mini portfolio to store your favorite cards
<br>• A Pokémon notepad
<br>• A code card for the Pokémon TCG Online",,,,,,79.99,113.33,250.0,64.15,,Normal,0820650808449
497966,Pokemon TCG: Back to School Eraser Blister 2023 [Set of 2],Pokemon TCG Back to School Eraser Blister 2023 Set of 2,https://tcgplayer-cdn.tcgplayer.com/product/497966_200w.jpg,3,2374,https://cpt.tcgcsv.com/lc_5,2023-08-04T04:03:47.89,0,,,,,,"Looking for the perfect eraser for a new project or a new class? You can choose a favorite Pokémon eraser—and add to your Pokémon TCG collection at the same time!
<br>
<br>Inside, you’ll find:
<br>
<br>• 1 of 2 favorite Pokémon erasers featuring Lechonk or Somliv!
<br>• 2 Pokémon TCG booster packs to expand your collection <em>(Packs and contents may vary by product)</em>",,,,,,,,,,,,0820650829529
497967,ex Battle Deck (Chien-Pao/Tinkaton] [Set of 2],ex Battle Deck Chien Pao Tinkaton Set of 2,https://tcgplayer-cdn.tcgplayer.com/product/497967_200w.jpg,3,2374,https://cpt.tcgcsv.com/mc_5,2023-07-14T04:03:09.48,0,,,,,,"Mighty Pokémon ex Battle for Victory!
<br>
Powerful Pokémon ex are ready to charge onto the battlefield in the new Pokémon TCG: ex Battle Decks! Each 60-card deck is led by an exceptional Pokémon ex and includes everything you need to play right away. Let the battle begin!
<br>
In each ex Battle Deck, you’ll find:
<br>
• 1 ready-to-play 60-card deck
<br>
• 3 reference cards
<br>
• 1 rules booklet
<br>
• Single-player playmat
<br>
• Damage counters
<br>
• 1 large metallic coin
<br>
• 1 deck box
<br>
• 1 strategy sheet
<br>
• 1 code card to play this deck online",,,,,,,,,,,,
498043,Mimikyu ex Showcase,Mimikyu ex Showcase,https://tcgplayer-cdn.tcgplayer.com/product/498043_200w.jpg,3,2374,https://cpt.tcgcsv.com/Td_5,2023-05-25T12:42:15.54,1,,,,,,"This product includes:
<br>• 3 Pokémon TCG booster packs
<br>• 1 Mimikyu ex Promo card
<br>• A code card for Pokémon TCG Live",,,,,,50.75,67.87,499.99,50.75,,Normal,
499365,Lechonk - 154/198 (EB Games Promo),Lechonk 154 198 EB Games Promo,https://tcgplayer-cdn.tcgplayer.com/product/499365_200w.jpg,3,2374,https://cpt.tcgcsv.com/kM_5,2023-06-07T15:16:58.23,1,154/198,Promo,Colorless,60,Basic,,"[1] Repelling Odor
<br>
Switch out your opponent's Active Pokémon to the Bench. <em>(Your opponent chooses the new Active Pokémon.)</em>",[2] Stampede (20),Fx2,,1,79.99,89.99,126.0,77.99,,Reverse Holofoil,
501215,Code Card - Trainer's Tool Kit (2023),Code Card Trainers Tool Kit 2023,https://tcgplayer-cdn.tcgplayer.com/product/501215_200w.jpg,3,2374,https://cpt.tcgcsv.com/kv06,2023-06-15T18:26:42.013,1,,Code Card,,,,"This listing is <strong>not</strong> a physical item. Please keep in mind that this <strong>Code Card</strong> listing represents a digital copy of the stated item for the Pokémon TCG Online <strong>and/or</strong> the Pokémon TCG Live games. You may receive the physical <strong>Code Card</strong>. Upon purchase, please work with your specific Seller by sending them a message using the <strong>Contact Seller</strong> button on the order details in your <a href=https://store.tcgplayer.com/myaccount/orderhistory>Order History</a> to opt in to having your <strong>Code Card</strong> code delivered digitally due to the nature of the product.",,,,,,0.02,0.54,2.89,0.41,,Normal,
502625,Tinkaton - 105/193 (GameStop Exclusive),Tinkaton 105 193 GameStop Exclusive,https://tcgplayer-cdn.tcgplayer.com/product/502625_200w.jpg,3,2374,https://cpt.tcgcsv.com/w326,2023-08-31T20:40:57.027,1,105/193,Promo,Psychic,140,Stage 2,"<strong>Ability — Gather Materials</strong>
<br>
You must discard a card from your hand in order to use this Ability. Once during your turn, you may draw 3 cards.","[1P] Special Hammer (90+)
<br>
If this Pokémon has any Special Energy attached, this attack does 90 more damage.",,Mx2,,2,3.91,5.61,26.11,5.05,,Holofoil,
503300,Collector's Pin Two Pack Blisters [Jirachi],Collectors Pin Two Pack Blisters Jirachi,https://tcgplayer-cdn.tcgplayer.com/product/503300_200w.jpg,3,2374,https://cpt.tcgcsv.com/0l26,2023-07-12T13:02:15.52,1,,,,,,Each Blister contains two Pokemon TCG booster packs and 1 collectible pin. Each Pokémon TCG: Sword & Shield Series and Sun & Moon Series booster pack contains 10 cards and 1 basic Energy. Each Pokémon TCG: XY Series booster pack contains 10 cards. Booster packs may vary by product.,,,,,,144.22,144.22,144.22,79.16,,Normal,
504250,Deluxe Battle Deck [Meowscarada ex],Deluxe Battle Deck Meowscarada ex,https://tcgplayer-cdn.tcgplayer.com/product/504250_200w.jpg,3,2374,https://cpt.tcgcsv.com/0K26,2023-09-01T04:03:10.27,1,,,,,,"A Deluxe Challenge for Your Opponent!
<br>The new Pokémon TCG: Deluxe Battle Decks offer a step up for players who are ready for a challenge, with more advanced strategies and additional power cards. Each 60-card deck includes 3 foil cards and everything you need to play right away. Let the deluxe battle begin 
<br>Pokémon TCG: Deluxe Battle Deck Includes:
<br>• 1 ready-to-play 60-card deck
<br>• 1 single-player playmat
<br>• 1 set of damage counters
<br>• 1 large metallic coin
<br>• 2 condition markers
<br>• 1 deck box
<br>• 1 strategy sheet
<br>• 1 code card to play this deck online",,,,,,39.0,39.0,39.0,24.9,,Normal,
504252,Deluxe Battle Deck [Quaquaval ex],Deluxe Battle Deck Quaquaval ex,https://tcgplayer-cdn.tcgplayer.com/product/504252_200w.jpg,3,2374,https://cpt.tcgcsv.com/3K26,2024-05-20T13:07:05.01,1,,,,,,"A Deluxe Challenge for Your Opponent!
<br>The new Pokémon TCG: Deluxe Battle Decks offer a step up for players who are ready for a challenge, with more advanced strategies and additional power cards. Each 60-card deck includes 3 foil cards and everything you need to play right away. Let the deluxe battle begin 
<br>Pokémon TCG: Deluxe Battle Deck Includes:
<br>• 1 ready-to-play 60-card deck
<br>• 1 single-player playmat
<br>• 1 set of damage counters
<br>• 1 large metallic coin
<br>• 2 condition markers
<br>• 1 deck box
<br>• 1 strategy sheet
<br>• 1 code card to play this deck online",,,,,,19.62,23.99,29.99,19.83,,Normal,
504257,Deluxe Battle Deck: Quaquaval ex/Meowscarada ex [Set of 2],Deluxe Battle Deck Quaquaval ex Meowscarada ex Set of 2,https://tcgplayer-cdn.tcgplayer.com/product/504257_200w.jpg,3,2374,https://cpt.tcgcsv.com/9K26,2024-05-20T13:07:13.907,1,,,,,,"This listing of for a set of the Quaquavel ex and Meowscarada ex battle decks.
<br><br>A Deluxe Challenge for Your Opponent!
<br>The new Pokémon TCG: Deluxe Battle Decks offer a step up for players who are ready for a challenge, with more advanced strategies and additional power cards. Each 60-card deck includes 3 foil cards and everything you need to play right away. Let the deluxe battle begin 
<br>Pokémon TCG: Deluxe Battle Deck Includes:
<br>• 1 ready-to-play 60-card deck
<br>• 1 single-player playmat
<br>• 1 set of damage counters
<br>• 1 large metallic coin
<br>• 2 condition markers
<br>• 1 deck box
<br>• 1 strategy sheet
<br>• 1 code card to play this deck online",,,,,,,,,,,,
504330,Paldea Partners Tin [Meowscarada ex],Paldea Partners Tin Meowscarada ex,https://tcgplayer-cdn.tcgplayer.com/product/504330_200w.jpg,3,2374,https://cpt.tcgcsv.com/DL26,2023-09-08T12:39:20.977,1,,,,,,"Each Pokemon TCG: Paldea Partners Tin includes:
<br>• 1 foil Meowscarada ex promo
<br>• 5 Pokemon TCG booster packs
<br>• A code card to unlock a promo card in the Pokemon Trading Card Game Online",,,,,,34.99,50.0,59.99,34.47,,Normal,820650806773
504332,Paldea Partners Tin [Meowscarada ex] [International Edition],Paldea Partners Tin Meowscarada ex International Edition,https://tcgplayer-cdn.tcgplayer.com/product/504332_200w.jpg,3,2374,https://cpt.tcgcsv.com/GL26,2023-09-08T12:39:27.887,1,,,,,,"Each Pokemon TCG: Paldea Partners Tin includes:
<br>• 1 foil Meowscarada ex promo
<br>• 4 Pokemon TCG booster packs
<br>• A code card to unlock a promo card in the Pokemon Trading Card Game Online",,,,,,49.87,67.44,85.0,44.9,,Normal,820650806773
504431,Paldea Partners Tin [Skeledirge ex],Paldea Partners Tin Skeledirge ex,https://tcgplayer-cdn.tcgplayer.com/product/504431_200w.jpg,3,2374,https://cpt.tcgcsv.com/FN26,2023-09-08T12:40:11.023,1,,,,,,"Each Pokemon TCG: Paldea Partners Tin includes:
<br>• 1 foil Skeledirge ex promo
<br>• 5 Pokemon TCG booster packs
<br>• A code card to unlock a promo card in the Pokemon Trading Card Game Online",,,,,,45.0,49.99,59.98,33.46,,Normal,820650806773
504435,Paldea Partners Tin [Skeledirge ex] [International Edition],Paldea Partners Tin Skeledirge ex International Edition,https://tcgplayer-cdn.tcgplayer.com/product/504435_200w.jpg,3,2374,https://cpt.tcgcsv.com/KN26,2023-09-08T12:40:19.32,1,,,,,,"Each Pokemon TCG: Paldea Partners Tin includes:
<br>• 1 foil Skeledirge ex promo
<br>• 4 Pokemon TCG booster packs
<br>• A code card to unlock a promo card in the Pokemon Trading Card Game Online",,,,,,90.0,95.0,100.0,,,Normal,820650806773
504438,Paldea Partners Tin [Quaquaval ex],Paldea Partners Tin Quaquaval ex,https://tcgplayer-cdn.tcgplayer.com/product/504438_200w.jpg,3,2374,https://cpt.tcgcsv.com/NN26,2023-09-08T12:39:36.897,1,,,,,,"Each Pokemon TCG: Paldea Partners Tin includes:
<br>• 1 foil Quaquaval ex promo
<br>• 5 Pokemon TCG booster packs
<br>• A code card to unlock a promo card in the Pokemon Trading Card Game Online",,,,,,34.0,38.99,399.99,34.06,,Normal,820650806773
504442,Paldea Partners Tin [Quaquaval ex] [International],Paldea Partners Tin Quaquaval ex International,https://tcgplayer-cdn.tcgplayer.com/product/504442_200w.jpg,3,2374,https://cpt.tcgcsv.com/SN26,2023-09-08T12:39:50.13,1,,,,,,"Each Pokemon TCG: Paldea Partners Tin includes:
<br>• 1 foil Quaquaval ex promo
<br>• 4 Pokemon TCG booster packs
<br>• A code card to unlock a promo card in the Pokemon Trading Card Game Online",,,,,,44.97,49.97,85.0,44.97,,Normal,820650806773
504789,Primeape - 107/193 (Cosmos Holo),Primeape 107 193 Cosmos Holo,https://tcgplayer-cdn.tcgplayer.com/product/504789_200w.jpg,3,2374,https://cpt.tcgcsv.com/PW26,2023-07-17T18:36:05.023,1,107/193,Uncommon,Fighting,110,Stage 1,,[F] Low Kick (30),"[1F] Pummel (60+)
<br>Flip a coin. If heads, this attack does 60 more damage.",Px2,None,1,0.03,0.25,2.99,0.16,,Holofoil,
504791,Mankey - 106/193 (Cosmos Holo),Mankey 106 193 Cosmos Holo,https://tcgplayer-cdn.tcgplayer.com/product/504791_200w.jpg,3,2374,https://cpt.tcgcsv.com/RW26,2023-07-17T18:36:27.567,1,106/193,Common,Fighting,60,Basic,,[F] Low Kick (10),[1F] Hang Down (30),Px2,None,1,0.01,0.25,2.99,0.21,,Holofoil,
505040,Arboliva - 023/198 (Line Holo),Arboliva 023 198 Line Holo,https://tcgplayer-cdn.tcgplayer.com/product/505040_200w.jpg,3,2374,https://cpt.tcgcsv.com/Q036,2026-01-27T23:08:47.417,1,023/198,Rare,Grass,150,Stage 2,"<strong>Ability — Fill Oil</strong>
<br>When you play this Pokémon from your hand to evolve one of your Pokémon during your turn, you may heal all damage from 1 of your Pokémon.",[1GG] Solar Beam (150),,Rx2,None,2,1.14,2.75,20.0,1.39,,Holofoil,
505042,Armarouge - 041/198 (Line Holo),Armarouge 041 198 Line Holo,https://tcgplayer-cdn.tcgplayer.com/product/505042_200w.jpg,3,2374,https://cpt.tcgcsv.com/S036,2024-04-02T14:22:41.527,1,041/198,Rare,Fire,130,Stage 1,"<strong>Ability — Fire Off</strong>
As often as you like during your turn, you may move a [R] Energy attached to 1 of your Benched Pokémon to your Active Pokémon.","[1RR] Flame Cannon (90)
<br>Your opponent's Active Pokemon is now Burned.",,Wx2,None,2,0.99,1.81,50.0,1.81,,Holofoil,
505047,Dondozo - 061/198 (Line Holo),Dondozo 061 198 Line Holo,https://tcgplayer-cdn.tcgplayer.com/product/505047_200w.jpg,3,2374,https://cpt.tcgcsv.com/Z036,2023-08-31T20:39:59.197,1,061/198,Rare,Water,160,Basic,,"[2] Vent Wrath (50x)
<br>This attack does 50 damage for each Tatsugiri in your discard pile.",[2WW] Heavy Splash (120),Lx2,None,4,1.35,1.71,10.0,1.72,,Holofoil,
505050,Pawmot - 076/198 (Line Holo),Pawmot 076 198 Line Holo,https://tcgplayer-cdn.tcgplayer.com/product/505050_200w.jpg,3,2374,https://cpt.tcgcsv.com/0236,2024-04-02T14:23:59.463,1,076/198,Rare,Lightning,130,Stage 2,"<strong>Ability — Charge Up</strong>
<br>Once during your turn, you may search your deck for a basic [L] Energy and attach it to this Pokemon. Then, shuffle your deck.","[1LL] Electro Paw (230)
<br>Discard all Energy from this Pokemon.",,Fx2,None,0,6.0,8.54,22.0,7.76,,Holofoil,
505063,Sprigatito - 013/193 (Summer 2023 Collector Chest),Sprigatito 013 193 Summer 2023 Collector Chest,https://tcgplayer-cdn.tcgplayer.com/product/505063_200w.jpg,3,2374,https://cpt.tcgcsv.com/h236,2026-01-23T02:01:33.67,1,013/193,Common,Grass,70,Basic,,[2] Dig Claws (30),,Fx2,None,1,0.08,0.26,2.07,0.23,0.21,Holofoil,
505067,Fuecoco - 034/193 (Summer 2023 Collector Chest),Fuecoco 034 193 Summer 2023 Collector Chest,https://tcgplayer-cdn.tcgplayer.com/product/505067_200w.jpg,3,2374,https://cpt.tcgcsv.com/m236,2023-11-06T14:40:00.367,1,034/193,Common,Fire,80,Basic,,,,Wx2,None,2,0.09,0.25,2.56,0.23,,Holofoil,
505069,Quaxly - 050/193 (Summer 2023 Collector Chest),Quaxly 050 193 Summer 2023 Collector Chest,https://tcgplayer-cdn.tcgplayer.com/product/505069_200w.jpg,3,2374,https://cpt.tcgcsv.com/p236,2023-11-06T14:39:48.697,1,050/193,Common,Water,70,Basic,,"[W] Reckless Charge (30)
<br>This Pokemon does 10 damage to itself.",,Lx2,None,1,0.08,0.25,2.8,0.18,,Holofoil,
505072,Tinkaton - 105/193 (Best Buy Exclusive),Tinkaton 105 193 Best Buy Exclusive,https://tcgplayer-cdn.tcgplayer.com/product/505072_200w.jpg,3,2374,https://cpt.tcgcsv.com/s236,2023-11-13T16:15:02.743,1,105/193,Promo,Psychic,140,Stage 2,"<strong>Ability — Gather Materials</strong>
<br>
You must discard a card from your hand in order to use this Ability. Once during your turn, you may draw 3 cards.","[1P] Special Hammer (90+)
<br>
If this Pokémon has any Special Energy attached, this attack does 90 more damage.",,Mx2,,2,20.05,30.9,39.99,29.89,,Holofoil,
505939,Holiday Calendar 2023,Holiday Calendar 2023,https://tcgplayer-cdn.tcgplayer.com/product/505939_200w.jpg,3,2374,https://cpt.tcgcsv.com/Pn36,2023-09-01T04:03:11.18,1,,,,,,"25 Days of Pokémon TCG Surprises!

<br>Celebrate the season with 25 days of surprises in the Pokémon TCG: Holiday Calendar! From special foil cards to booster packs and more, there’s a different Pokémon goodie to open every day.
<br><br>
The Pokémon TCG: Holiday Calendar includes 25 surprises to discover:

<br>8 foil Pokémon TCG cards with a festive stamp
<br>5 Pokémon TCG booster packs
<br>7 Pokémon TCG 3-card fun packs
<br>2 Pokémon coins
<br>2 Pokémon sticker sheets
<br>1 sidekick dangler featuring Pikachu and Glaceon
<br>Plus, find a code card for Pokémon TCG Live!",,,,,,79.76,95.0,200.0,79.0,,Normal,820650872563
509570,Paldea Legends Tins [Bundle of 2],Paldea Legends Tins Bundle of 2,https://tcgplayer-cdn.tcgplayer.com/product/509570_200w.jpg,3,2374,https://cpt.tcgcsv.com/qR56,2023-07-28T19:56:25.257,1,,,,,,"Each Paldea Legends Tins [Bundle of 2] contains the following: 
<br>•1 Pokemon Paldea Legends Tin [Koraidon ex]
<br>•1 Paldea Legends Tin [Miraidon ex]",,,,,,77.9,77.9,77.9,63.9,,Normal,
509721,Code Card - ex Battle Deck [Chien-Pao],Code Card ex Battle Deck Chien Pao,https://tcgplayer-cdn.tcgplayer.com/product/509721_200w.jpg,3,2374,https://cpt.tcgcsv.com/rV56,2023-08-03T16:49:10.733,1,,Code Card,,,,"This listing is <strong>not</strong> a physical item. Please keep in mind that this <strong>Code Card</strong> listing represents a digital copy of the stated item for the Pokémon TCG Online <strong>and/or</strong> the Pokémon TCG Live games. You may receive the physical <strong>Code Card</strong>. Upon purchase, please work with your specific Seller by sending them a message using the <strong>Contact Seller</strong> button on the order details in your <a href=https://store.tcgplayer.com/myaccount/orderhistory>Order History</a> to opt in to having your <strong>Code Card</strong> code delivered digitally due to the nature of the product.",,,,,,0.1,0.5,0.89,0.1,,Normal,
509722,Code Card - ex Battle Deck [Tinkaton],Code Card ex Battle Deck Tinkaton,https://tcgplayer-cdn.tcgplayer.com/product/509722_200w.jpg,3,2374,https://cpt.tcgcsv.com/sV56,2023-08-03T16:49:22.38,1,,Code Card,,,,"This listing is <strong>not</strong> a physical item. Please keep in mind that this <strong>Code Card</strong> listing represents a digital copy of the stated item for the Pokémon TCG Online <strong>and/or</strong> the Pokémon TCG Live games. You may receive the physical <strong>Code Card</strong>. Upon purchase, please work with your specific Seller by sending them a message using the <strong>Contact Seller</strong> button on the order details in your <a href=https://store.tcgplayer.com/myaccount/orderhistory>Order History</a> to opt in to having your <strong>Code Card</strong> code delivered digitally due to the nature of the product.",,,,,,0.4,0.4,0.43,0.43,,Normal,
512583,Umbreon - 130/197 (GameStop Exclusive),Umbreon 130 197 GameStop Exclusive,https://tcgplayer-cdn.tcgplayer.com/product/512583_200w.jpg,3,2374,https://cpt.tcgcsv.com/H276,2026-02-05T20:54:41.86,1,130/197,Promo,Darkness,110,Stage 1,,"[D] Feint Attack
<br>This attack does 50 damage to 1 of your opponent's Pokemon. This attack's damage isn't affected by Weakness or Resistance, or by effects of your opponent's Active Pokemon.","[2D] Pitch-Black Blade (140)
<br>During your next turn, this Pokémon can’t attack.",Gx2,None,1,15.2,25.0,149.99,18.81,29.98,Reverse Holofoil,
512584,Espeon (Best Buy Exclusive),Espeon Best Buy Exclusive,https://tcgplayer-cdn.tcgplayer.com/product/512584_200w.jpg,3,2374,https://cpt.tcgcsv.com/J276,2023-12-06T22:45:54.84,1,086/197,Promo,Psychic,110,Stage 1,,"[P] Psychic Assault [30+] <br>
This arrack does 10 more damage for each damage counter on your opponent's Active Pokémon.","[P][1] Psy Bolt (60)
<br>Flip a coin. If heads, your opponent’s Active Pokémon is now Paralyzed.",Dx2,F-30,1,9.0,11.99,36.94,10.53,11.99,Holofoil,
514256,Pokémon Collector's Chest Plus Pencil Case,Pokemon Collectors Chest Plus Pencil Case,https://tcgplayer-cdn.tcgplayer.com/product/514256_200w.jpg,3,2374,https://cpt.tcgcsv.com/8K76,2024-03-26T16:18:54.817,1,,,,,,"Get Ready for Class – with Pokémon! When you’re getting ready for a day in class, organize your pens and pencils – and have a little fun at the same time by adding to your Pokémon TCG collection!
<br>A Treasure Chest Packed with Pokémon! This sturdy metal case contains more than a dozen special Pokémon goodies, including many not found anywhere else.
<br><br>The Pokémon TCG: Back to School Pencil Case includes:
<br>• 2 Pokémon TCG booster packs
<br>• 1 Sturdy tin for storing pens and pencils
<br><br>The Pokémon TCG: Collector Chest includes:
<br>• 5 Pokémon TCG booster packs
<br>• 4 Colorful sticker sheets
<br>• 3 Foil cards
<br>• 1 Cool Pokémon coin
<br>• 1 Mini portfolio to store your favorite cards
<br>• 1 Pokémon notebook 
<br>• 1 Code card for Pokémon TCG Live",,,,,,85.9,100.0,120.0,,,Normal,
514441,Glaceon V - 040/203 (Holiday Calendar),Glaceon V 040 203 Holiday Calendar,https://tcgplayer-cdn.tcgplayer.com/product/514441_200w.jpg,3,2374,https://cpt.tcgcsv.com/RN76,2025-12-11T19:57:22.333,1,040/203,Ultra Rare,Water,210,Basic,,"[W] Frozen Awakening
<br>Search your deck for a card that evolves from this Pokemon and put it onto this Pokemon to evolve it. Then, shuffle your deck.","[2W] Heavy Snow (120)
<br>Discard a Stadium in play.",Mx2,,2,0.9,1.79,9.99,1.51,,Holofoil,
514442,Glaceon VMAX - 041/203 (Holiday Calendar),Glaceon VMAX 041 203 Holiday Calendar,https://tcgplayer-cdn.tcgplayer.com/product/514442_200w.jpg,3,2374,https://cpt.tcgcsv.com/SN76,2026-01-06T19:55:56.297,1,041/203,Ultra Rare,Water,310,VMAX,"<strong>Ability —Crystal Veil</strong>
<br>Prevent all damage done to this Pokemon by attacks from your opponent's Pokemon VMAX, except any Glaceon VMAX","[2W] Max Icicle (150)
<br>This attack also does 30 damage to 1 of your opponent's Benched Pokemon. <em>(Don't apply Weakness and Resistance for Benched Pokemon.)</em>",,Mx2,,2,3.5,4.99,7.35,4.3,5.15,Holofoil,
514443,Cryogonal - 043/203 (Holiday Calendar),Cryogonal 043 203 Holiday Calendar,https://tcgplayer-cdn.tcgplayer.com/product/514443_200w.jpg,3,2374,https://cpt.tcgcsv.com/TN76,2023-09-29T17:51:24.877,1,043/203,Common,Water,90,Basic,,"[W] Element Chain
<br>Look at the top 6 cards of your deck and attach any number of basic Energy cards you find there to your Pokemon in any way you like. Shuffle the other cards back into your deck.",[1W] Icy Snow (30),Mx2,None,1,0.05,0.28,2.99,0.24,,Holofoil,
514444,Snom - 084/264 (Holiday Calendar),Snom 084 264 Holiday Calendar,https://tcgplayer-cdn.tcgplayer.com/product/514444_200w.jpg,3,2374,https://cpt.tcgcsv.com/VN76,2023-09-29T17:52:55.793,1,084/264,Common,Water,40,Basic,,"[W] Find Ice
<br>Search your deck for up to 2 W Energy cards, reveal them, and put them into your hand. Then, shuffle your deck.",,Mx2,None,1,0.31,1.08,2.5,1.1,,Holofoil,
514445,Stantler - 125/189 (Holiday Calendar),Stantler 125 189 Holiday Calendar,https://tcgplayer-cdn.tcgplayer.com/product/514445_200w.jpg,3,2374,https://cpt.tcgcsv.com/WN76,2023-09-29T17:53:11.21,1,125/189,Common,Colorless,100,Basic,,"[2] Guard Press (30)
<br>During your opponent's next turn, this Pokémon takes 30 less damage from attacks (after applying Weakness and Resistance).",,Fx2,None,2,0.05,0.32,2.25,0.3,,Holofoil,
514446,Pikachu - 049/195 (Holiday Calendar),Pikachu 049 195 Holiday Calendar,https://tcgplayer-cdn.tcgplayer.com/product/514446_200w.jpg,3,2374,https://cpt.tcgcsv.com/XN76,2023-09-29T17:52:23.51,1,049/195,Common,Lightning,70,Basic,,"[L] Pika Strike (20+)
<br>
If 1 of your Dedenne used Dede-Short during your last turn, this attack does 180 more damage.",,Fx2,,1,1.49,2.76,6.98,2.76,,Holofoil,
514447,Alolan Vulpix V - 033/195 (Holiday Calendar),Alolan Vulpix V 033 195 Holiday Calendar,https://tcgplayer-cdn.tcgplayer.com/product/514447_200w.jpg,3,2374,https://cpt.tcgcsv.com/ZN76,2023-09-29T17:51:00.453,1,033/195,Ultra Rare,Water,190,Basic,"<em>V rule — When your Pokémon V is Knocked Out, your opponent takes 2 Prize cards.</em>","[0] White Drop (10+)
<br>
If your opponent's Active Pokémon is a Pokémon V, this attack does 50 more damage.",[2W] Frost Smash (110),Mx2,,1,0.69,1.42,4.95,1.28,,Holofoil,
514448,Glastrier - 051/196 (Holiday Calendar),Glastrier 051 196 Holiday Calendar,https://tcgplayer-cdn.tcgplayer.com/product/514448_200w.jpg,3,2374,https://cpt.tcgcsv.com/-N76,2023-09-29T17:52:06.27,1,051/196,Holo Rare,Water,130,Basic,,"[1W] Freeze Down (40)
<br>
If the Defending Pokémon is a Basic Pokémon, it can't attack during your opponent's next turn.","[1WW] Wild Tackle (130)
<br>
This Pokémon also does 30 damage to itself.",Mx2,,2,0.25,0.5,2.0,0.49,,Holofoil,
514449,Zeraora - 061/185 (Cosmos Holo),Zeraora 061 185 Cosmos Holo,https://tcgplayer-cdn.tcgplayer.com/product/514449_200w.jpg,3,2374,https://cpt.tcgcsv.com/_N76,2025-07-08T19:51:23.693,1,061/185,Holo Rare,Lightning,100,Basic,,"[1L] Fighting Lightning (30+)
<br>If your opponent's Active Pokémon is a Pokémon V or Pokémon-GX, this attack does 80 more damage.",,Fx2,None,0,0.08,0.32,2.48,0.32,0.3,Holofoil,
514450,Marshadow - 080/203 (Cosmos Holo),Marshadow 080 203 Cosmos Holo,https://tcgplayer-cdn.tcgplayer.com/product/514450_200w.jpg,3,2374,https://cpt.tcgcsv.com/0P76,2024-03-15T12:14:43.4,0,080/203,Holo Rare,Psychic,80,Basic,,"[1] Rapid Hunt 
<br>Search your deck for up to 2 Rapid Strike cards, reveal them, and put them into your hand. Then, shuffle your deck.","[1] Shadow Flicker (10)
<br>If the Defending Pokemon is Knocked Out during your next turn, take 1 more Prize card.",Dx2,F-30,1,0.1,0.31,2.48,0.28,0.22,Holofoil,
514451,Shaymin - 015/185 (Cosmos Holo),Shaymin 015 185 Cosmos Holo,https://tcgplayer-cdn.tcgplayer.com/product/514451_200w.jpg,3,2374,https://cpt.tcgcsv.com/2P76,2024-07-13T05:37:36.717,0,015/185,Holo Rare,Grass,70,Basic,,"[G] Leech Seed (20)
<br>Heal 20 damage from this Pokémon.","[1G] Flower Bearing
<br>Flip a coin. If heads, your opponent shuffles their Active Pokémon and all attached cards and puts them on the bottom of their deck.",Rx2,None,1,0.09,0.3,20.0,0.29,0.31,Holofoil,
516576,Charizard ex Premium Collection,Charizard ex Premium Collection,https://tcgplayer-cdn.tcgplayer.com/product/516576_200w.jpg,3,2374,https://cpt.tcgcsv.com/xF86,2023-10-20T15:16:08.64,1,,,,,,"Blaze a Trail of Darkness with Charizard ex!
<br>Charizard ex burns up the oppositions lead with the cunning firepower of a Darkness-type Pokemon! Evolve it from Charmander and Charmeleon, then use its strong Ability and attack to make a roaring comeback. A full set of card sleeves helps keep your deck looking great, and after the battles done, you can put this special Tera Pokemon ex on display in the durable card protector featuring a handy magnetic closure.
<br><br>
The Pokemon TCG: Charizard ex Premium Collection includes:
<br>
<br>1 etched foil promo card featuring Charizard ex
<br>2 foil cards featuring Charmander and Charmeleon
<br>6 Pokemon TCG booster packs
<br>1 magnetic card protector with display base
<br>65 card sleeves featuring Charizard as a Tera Pokemon
<br>A code card for Pokemon TCG Live",,,,,,60.0,90.0,499.99,74.47,,Normal,
516577,Roaring Moon ex Box,Roaring Moon ex Box,https://tcgplayer-cdn.tcgplayer.com/product/516577_200w.jpg,3,2374,https://cpt.tcgcsv.com/zF86,2023-11-17T05:03:23.19,1,,,,,,"Bit by Tachyon Bit—a Calamity Storm is Coming!
<br>Awakening from a long-gone world is the ferocious Roaring Moon ex—while the resilient Iron Valiant ex beams in from the future! In this box, you get a promo card and an oversize card featuring either Roaring Moon ex or Iron Valiant ex. Roaring Moon ex is joined by Brute Bonnet and an Ancient Booster Energy Capsule, and Iron Valiant ex comes with Iron Moth and a Future Booster Energy Capsule—all things that your past self would want you to have to help you out in the future. Find even more helpful allies in the included Pokémon TCG booster packs!
<br><br>Each Pokémon TCG: Roaring Moon ex Box includes:
<br>• 1 foil promo card featuring Roaring Moon ex
<br>• 1 oversize foil card featuring Roaring Moon ex
<br>• 1 foil card featuring Brute Bonnet
<br>• 1 foil Trainer card featuring Ancient Booster Energy Capsule
<br>• 4 Pokémon TCG booster packs
<br>• A code card for Pokémon TCG Live",,,,,,30.0,40.0,85.0,37.67,,Normal,
516578,Iron Valiant ex Box,Iron Valiant ex Box,https://tcgplayer-cdn.tcgplayer.com/product/516578_200w.jpg,3,2374,https://cpt.tcgcsv.com/BF86,2023-11-17T05:03:23.19,1,,,,,,"Bit by Tachyon Bit—a Calamity Storm is Coming!
<br><br>
Awakening from a long-gone world is the ferocious Roaring Moon ex—while the resilient Iron Valiant ex beams in from the future! In this box, you get a promo card and an oversize card featuring either Roaring Moon ex or Iron Valiant ex. Roaring Moon ex is joined by Brute Bonnet and an Ancient Booster Energy Capsule, and Iron Valiant ex comes with Iron Moth and a Future Booster Energy Capsule—all things that your past self would want you to have to help you out in the future. Find even more helpful allies in the included Pokémon TCG booster packs!
<br><br>

Each Pokémon TCG: Roaring Moon ex Box or Iron Valiant ex Box includes:
<br>• 1 foil promo card featuring Iron Valiant ex
<br>• 1 oversize foil card featuring Iron Valiant ex
<br>• 1 foil card featuring Iron Moth
<br>• 1 foil Trainer card featuring Ancient Booster Energy Capsule
<br>• 4 Pokémon TCG booster packs
<br>• A code card for Pokémon TCG Live",,,,,,30.0,43.97,100.0,36.9,,Normal,
516580,League Battle Deck [Miraidon ex],League Battle Deck Miraidon ex,https://tcgplayer-cdn.tcgplayer.com/product/516580_200w.jpg,3,2374,https://cpt.tcgcsv.com/DF86,2023-11-17T05:03:23.347,1,,,,,,"Get Charged Up with Miraidon ex & Regieleki VMAX!
<br><br>
In each box, you’ll find:
• 1 ready-to-play 60-card deck
• 6 damage-counter dice
• 1 coin-flip die
• 2 coin condition markers
• 1 deck box
• 1 accessory box
• 1 strategy sheet
• 1 code card to play this deck online",,,,,,14.91,25.0,36.47,19.38,,Normal,0820650829123
516647,Fall 2023 Collector Chest,Fall 2023 Collector Chest,https://tcgplayer-cdn.tcgplayer.com/product/516647_200w.jpg,3,2374,https://cpt.tcgcsv.com/ZG86,2023-11-20T12:45:19.15,1,,,,,,"A Treasure Chest Packed with Pokémon!
<br>
This sturdy metal case contains more than a dozen special Pokémon goodies, including many not found anywhere else.
<br>
The Pokémon Trading Card Game: Collector Chest includes:
<br>
• 6 Pokémon TCG booster packs
<br>
• 3 foil cards featuring Meowscarada, Skeledirge, and Quaquaval
<br>
• A cool Pokémon coin
<br>
• 4 colorful sticker sheets
<br>
• A mini portfolio to store your favorite cards
<br>
• A Pokémon notebook
<br>
• A code card for Pokémon TCG Live",,,,,,49.13,71.6,101.0,46.84,,Normal,0820650871153
516946,Poke Ball Tin Display (Q3 2023),Poke Ball Tin Display Q3 2023,https://tcgplayer-cdn.tcgplayer.com/product/516946_200w.jpg,3,2374,https://cpt.tcgcsv.com/XN86,2023-09-22T04:03:24.703,1,,,,,,"Each Poké Ball Tin Display for the Winter 2023 contains 6 Poké Ball Tins:
<br>• 1 Poké Ball, 1 Great Ball, 1 Lure Ball, 1 Premier Ball, 1 Ultra Ball & 1 Poke Ball
<br>• Each individual tin contains 3 Pokémon TCG Booster Packs and 1 Pokémon coin.
<br><em>(Poké Ball Tins and Pokémon TCG booster packs may vary by product.)</em>",,,,,,349.99,349.99,349.99,,,Normal,820650862755
516987,Pokemon - Poke Ball Tin - Lure Ball,Pokemon Poke Ball Tin Lure Ball,https://tcgplayer-cdn.tcgplayer.com/product/516987_200w.jpg,3,2374,https://cpt.tcgcsv.com/MP86,2023-09-22T04:03:24.703,1,,,,,,"Each aluminum Poke Ball Tin contains three random Pokemon TCG booster packs and a coin.
<br><br>
<em>(Pokemon TCG booster packs vary by product.)</em>",,,,,,199.99,199.99,199.99,81.19,,Normal,
517101,Paldea Partners Tin [Set of 3],Paldea Partners Tin Set of 3,https://tcgplayer-cdn.tcgplayer.com/product/517101_200w.jpg,3,2374,https://cpt.tcgcsv.com/2S86,2023-09-19T15:52:10.763,0,,,,,,"Each set of Paldea Partner Tin Set of 3 comes with:
<br>1 Meowscarada ex Tin
<br>1 Quaquaval ex Tin
<br>1 Skeledirge ex Tin",,,,,,100.0,105.0,115.0,109.99,,Normal,820650806773
517119,Mythical 2-Pack Blister [Celebi],Mythical 2 Pack Blister Celebi,https://tcgplayer-cdn.tcgplayer.com/product/517119_200w.jpg,3,2374,https://cpt.tcgcsv.com/pS86,2023-09-20T20:48:10.687,1,,,,,,"• Includes two booster packs, a metal pin, and a code card.",,,,,,59.95,59.95,59.95,,,Normal,
517120,Mythical 2-Pack Blister [Jirachi],Mythical 2 Pack Blister Jirachi,https://tcgplayer-cdn.tcgplayer.com/product/517120_200w.jpg,3,2374,https://cpt.tcgcsv.com/qS86,2023-09-20T20:48:50.737,1,,,,,,"• Includes two booster packs, a metal pin, and a code card.",,,,,,59.95,59.95,59.95,,,Normal,
517551,Play! Pokemon Prize Pack Series Three,Play Pokemon Prize Pack Series Three,https://tcgplayer-cdn.tcgplayer.com/product/517551_200w.jpg,3,2374,https://cpt.tcgcsv.com/2296,2025-10-08T19:42:29.513,1,,,,,,Each Prize Pack contains six cards.,,,,,,13.4,13.88,15.82,12.42,,Normal,
517557,Charmander - 004/165 (GameStop Exclusive),Charmander 004 165 GameStop Exclusive,https://tcgplayer-cdn.tcgplayer.com/product/517557_200w.jpg,3,2374,https://cpt.tcgcsv.com/9296,2025-12-23T20:25:52.383,1,004/165,Promo,Fire,70,Basic,,[R] Blazing Destruction<br>Discard a Stadium in play.,[RR] Steady Firebreathing (30),Wx2,None,1,30.17,40.22,616.0,33.58,33.96,Reverse Holofoil,
517558,Bulbasaur - 001/165 (Best Buy Exclusive),Bulbasaur 001 165 Best Buy Exclusive,https://tcgplayer-cdn.tcgplayer.com/product/517558_200w.jpg,3,2374,https://cpt.tcgcsv.com/b296,2026-02-05T15:29:39.84,1,001/165,Promo,Grass,70,Basic,,[1G] Leech Seed (20)<br>Heal 20 damage from this Pokemon.,,Rx2,None,2,44.49,52.96,88.99,44.58,,Reverse Holofoil,
518261,Code Card - Annihilape ex box,Code Card Annihilape ex box,https://tcgplayer-cdn.tcgplayer.com/product/518261_200w.jpg,3,2374,https://cpt.tcgcsv.com/fk96,2023-09-26T14:18:27.103,1,,Code Card,,,,"This listing is <strong>not</strong> a physical item. Please keep in mind that this <strong>Code Card</strong> listing represents a digital copy of the stated item for the Pokémon TCG Online <strong>and/or</strong> the Pokémon TCG Live games. You may receive the physical <strong>Code Card</strong>. Upon purchase, please work with your specific Seller by sending them a message using the <strong>Contact Seller</strong> button on the order details in your <a href=https://store.tcgplayer.com/myaccount/orderhistory>Order History</a> to opt in to having your <strong>Code Card</strong> code delivered digitally due to the nature of the product.",,,,,,0.04,0.2,0.97,0.18,,Normal,
520353,Evolving Powers Premium Collection (Target Exclusive),Evolving Powers Premium Collection Target Exclusive,https://tcgplayer-cdn.tcgplayer.com/product/520353_200w.jpg,3,2374,https://cpt.tcgcsv.com/59b6,2023-10-09T11:44:13.917,2,,,,,,"Go beyond your limits with Magnemite and Ralts in the Pokémon TCG: Evolving Powers Premium Collection! In this mighty box full of goodies, these two Pokémon are ready to battle by your side. Push through the opposition, and you’ll be able to evolve them all the way to Magnezone and Gardevoir—as Pokémon ex! If that’s not enough evolutionary power, Magnezone V and Gardevoir V also join the fray, with the potential to evolve into Magnezone VSTAR and Gardevoir VMAX. Just when you thought it was over, you also get 7 Pokémon TCG booster packs to round out this very exceptional party!
<br><br>Each Evolving Powers Premium Collection includes:
<br>• 3 foil cards featuring Magnezone ex, Magnezone V, and Magnezone VSTAR
<br>• 2 cards featuring Magnemite and Magneton
<br>• 3 foil cards featuring Gardevoir ex, Gardevoir V, and Gardevoir VMAX
<br>• 2 cards featuring Ralts and Kirlia
<br>• 7 Pokémon TCG booster packs
<br>• A code card for Pokémon TCG Live",,,,,,250.0,250.0,259.98,88.59,,Normal,820650854934
520725,Kadabra - 064/165 (Cosmos Holo),Kadabra 064 165 Cosmos Holo,https://tcgplayer-cdn.tcgplayer.com/product/520725_200w.jpg,3,2374,https://cpt.tcgcsv.com/wjb6,2026-02-13T01:28:27.357,1,064/165,Promo,Psychic,80,Stage 1,,"[P] Teleportation Attack (30)
<br>Switch this Pokemon with 1 of your Benched Pokemon",,Dx2,F-30,1,0.23,0.53,100.0,0.46,0.48,Holofoil,
520726,Electabuzz - 125/165 (Cosmos Holo),Electabuzz 125 165 Cosmos Holo,https://tcgplayer-cdn.tcgplayer.com/product/520726_200w.jpg,3,2374,https://cpt.tcgcsv.com/xjb6,2025-10-31T19:05:12.397,1,125/165,Promo,Lightning,90,Basic,,"[L] Electro Combo (10+)
<br>If Magmar is on your Bench, this attack does 40 more damage.",[1L] Light Punch (30),Fx2,None,2,0.01,0.36,4.75,0.36,0.24,Holofoil,
520727,Abra - 063/165 (Cosmos Holo),Abra 063 165 Cosmos Holo,https://tcgplayer-cdn.tcgplayer.com/product/520727_200w.jpg,3,2374,https://cpt.tcgcsv.com/zjb6,2026-01-09T18:57:55.46,1,063/165,Promo,Psychic,50,Basic,,[P] Psyshot (20),,Dx2,F-30,1,0.37,0.66,96.95,0.65,0.52,Holofoil,
520796,Squirtle - 007/165 (Pokemon Center Exclusive),Squirtle 007 165 Pokemon Center Exclusive,https://tcgplayer-cdn.tcgplayer.com/product/520796_200w.jpg,3,2374,https://cpt.tcgcsv.com/Xkb6,2026-02-03T23:04:34.597,1,007/165,Promo,Water,60,Basic,,"[W] Withdraw
<br>Flip a coin. If heads, during your opponent's next turn, prevent all damage done to this Pokemon by attacks.",[WW] Skull Bash (20),Lx2,None,1,152.36,199.99,399.99,144.36,,Reverse Holofoil,
523954,Charizard ex Premium Collection Case,Charizard ex Premium Collection Case,https://tcgplayer-cdn.tcgplayer.com/product/523954_200w.jpg,3,2374,https://cpt.tcgcsv.com/6Cc6,2025-04-03T15:13:58.303,1,,,,,,"Blaze a Trail of Darkness with Charizard ex!
<br>Charizard ex burns up the oppositions lead with the cunning firepower of a Darkness-type Pokemon! Evolve it from Charmander and Charmeleon, then use its strong Ability and attack to make a roaring comeback. A full set of card sleeves helps keep your deck looking great, and after the battles done, you can put this special Tera Pokemon ex on display in the durable card protector featuring a handy magnetic closure.<br>The Pokemon TCG: Charizard ex Premium Collection Case includes:
<br>
<br>• 6 Charizard ex Premium Collection",,,,,,559.0,571.5,583.99,420.0,,Normal,
523955,Charmander - 026/197,Charmander 026 197,https://tcgplayer-cdn.tcgplayer.com/product/523955_200w.jpg,3,2374,https://cpt.tcgcsv.com/7Cc6,2026-01-29T17:20:26.433,1,026/197,Promo,Fire,60,Basic,,"[R] Heat Tackle: (30) <br>
This Pokemon does 10 damage to itself.",,Wx2,None,1,0.02,0.36,45.0,0.36,,Holofoil,
523956,Charmeleon - 027/197,Charmeleon 027 197,https://tcgplayer-cdn.tcgplayer.com/product/523956_200w.jpg,3,2374,https://cpt.tcgcsv.com/8Cc6,2026-02-02T21:35:22.173,0,027/197,Promo,Fire,60,Stage 1,,"[R][R] Heat Tackle: (70) <br>
 This Pokemon does 20 damage to itself.",,Wx2,None,2,0.07,0.3,40.0,0.26,0.07,Holofoil,
523957,Code Card - Charizard ex Premium Collection,Code Card Charizard ex Premium Collection,https://tcgplayer-cdn.tcgplayer.com/product/523957_200w.jpg,3,2374,https://cpt.tcgcsv.com/9Cc6,2025-02-10T17:53:08.243,1,,Code Card,,,,"This listing is <strong>not</strong> a physical item. Please keep in mind that this <strong>Code Card</strong> listing represents a digital copy of the stated item for the Pokémon TCG Online <strong>and/or</strong> the Pokémon TCG Live games. You may receive the physical <strong>Code Card</strong>. Upon purchase, please work with your specific Seller by sending them a message using the <strong>Contact Seller</strong> button on the order details in your <a href=https://store.tcgplayer.com/myaccount/orderhistory>Order History</a> to opt in to having your <strong>Code Card</strong> code delivered digitally due to the nature of the product.",,,,,,0.06,0.2,3.99,0.16,,Normal,
525634,Umbreon - 130/197 (EBGames Exclusive),Umbreon 130 197 EBGames Exclusive,https://tcgplayer-cdn.tcgplayer.com/product/525634_200w.jpg,3,2374,https://cpt.tcgcsv.com/Jgd6,2023-11-01T12:33:31.253,1,130/197,Promo,Darkness,110,Stage 1,,"[D] Feint Attack
<br>This attack does 50 damage to 1 of your opponent's Pokemon. This attack's damage isn't affected by Weakness or Resistance, or by effects of your opponent's Active Pokemon.","[2D] Pitch-Black Blade (140)
<br>During your next turn, this Pokémon can’t attack.",Gx2,None,1,89.98,97.57,128.98,100.26,,Reverse Holofoil,
526914,Gyarados ex Premium Collection,Gyarados ex Premium Collection,https://tcgplayer-cdn.tcgplayer.com/product/526914_200w.jpg,3,2374,https://cpt.tcgcsv.com/jNd6,2023-11-07T15:51:34.1,1,,,,,,"Rain Down Tyranny with a Powerful Pokémon ex! Deep beneath the water’s surface, a powerful transformation has occurred: Gyarados ex takes the Pokémon TCG scene by storm as a ferocious Pokémon ex! Harness its might and let its fury pour down upon opponents, then show it off inside a sturdy card protector. Magikarp is also here to lend a fin, and you’ll find even more Pokémon for your team inside the included booster packs!
<br><br>Features: 
<br>1 ultra rare foil card featuring Gyarados ex.
<br>1 card featuring Magikarp.
<br>6 Pokémon TCG booster packs.
<br>1 magnetic card protector with display base.
<br>65 card sleeves featuring Gyarados as a Tera Pokémon.
<br>A code card for Pokémon TCG Live.",,,,,,98.0,109.97,247.0,89.03,,Normal,820650854927
527015,Iron Moth - 028/182 (Gamestop Promo),Iron Moth 028 182 Gamestop Promo,https://tcgplayer-cdn.tcgplayer.com/product/527015_200w.jpg,3,2374,https://cpt.tcgcsv.com/kQd6,2024-01-19T19:42:25.22,1,028/182,Promo,Fire,130,Basic,"<strong>Ability — Thermal Reactor</strong>
<br>Once during your turn, when this Pokemon moves from your Bench to the Active Spot, you may move any amount of R Energy from your other Pokemon on it.","[1RR] Heat Ray (120)
<br>During your next turn, this Pokemon can't use Heat Ray.",,Wx2,None,2,1.3,2.31,10.13,2.31,2.5,Reverse Holofoil,
527030,Slither Wing - 107/182 (Store Exclusive Promo),Slither Wing 107 182 Store Exclusive Promo,https://tcgplayer-cdn.tcgplayer.com/product/527030_200w.jpg,3,2374,https://cpt.tcgcsv.com/DQd6,2024-10-17T18:50:21.627,1,107/182,Promo,Fighting,140,Stage 1,,"[F] Stomp Off
<br>Discard the top card of your opponent's deck.","[FF] Burning Turbulence (120)
<br>This Pokémon also does 90 damage to itself. Your opponent's Active Pokémon is now Burned.",Px2,None,3,2.98,3.41,9.0,3.41,,Reverse Holofoil,
527671,ex Battle Deck [Greninja ex],ex Battle Deck Greninja ex,https://tcgplayer-cdn.tcgplayer.com/product/527671_200w.jpg,3,2374,https://cpt.tcgcsv.com/r5f6,2025-10-08T18:53:30.283,1,,,,,,"Powerful Pokémon ex are ready to charge onto the battlefield in the Pokémon TCG: ex Battle Decks! Each 60-card deck is led by an exceptional Pokémon ex and includes everything you need to play right away. Let the battle begin!
<br><br>
In this box, you’ll find:
<br>
<br>• 1 ready-to-play 60-card deck
<br>• 3 reference cards
<br>• 1 rules booklet
<br>• 1 single-player playmat
<br>• 1 set of damage counters
<br>• 1 large metallic coin
<br>• 1 deck box
<br>• 1 strategy sheet
<br>• 1 code card to play this deck online",,,,,,16.31,20.0,22.67,16.31,,Normal,
527672,Code Card - ex Battle Deck [Greninja],Code Card ex Battle Deck Greninja,https://tcgplayer-cdn.tcgplayer.com/product/527672_200w.jpg,3,2374,https://cpt.tcgcsv.com/s5f6,2023-11-13T13:43:38.557,1,,Code Card,,,,"This listing is <strong>not</strong> a physical item. Please keep in mind that this <strong>Code Card</strong> listing represents a digital copy of the stated item for the Pokémon TCG Online <strong>and/or</strong> the Pokémon TCG Live games. You may receive the physical <strong>Code Card</strong>. Upon purchase, please work with your specific Seller by sending them a message using the <strong>Contact Seller</strong> button on the order details in your <a href=https://store.tcgplayer.com/myaccount/orderhistory>Order History</a> to opt in to having your <strong>Code Card</strong> code delivered digitally due to the nature of the product.",,,,,,0.1,0.1,4.99,0.1,,Normal,
527673,Code Card - ex Battle Deck [Kangaskhan],Code Card ex Battle Deck Kangaskhan,https://tcgplayer-cdn.tcgplayer.com/product/527673_200w.jpg,3,2374,https://cpt.tcgcsv.com/t5f6,2023-11-13T13:43:52.527,1,,Code Card,,,,"This listing is <strong>not</strong> a physical item. Please keep in mind that this <strong>Code Card</strong> listing represents a digital copy of the stated item for the Pokémon TCG Online <strong>and/or</strong> the Pokémon TCG Live games. You may receive the physical <strong>Code Card</strong>. Upon purchase, please work with your specific Seller by sending them a message using the <strong>Contact Seller</strong> button on the order details in your <a href=https://store.tcgplayer.com/myaccount/orderhistory>Order History</a> to opt in to having your <strong>Code Card</strong> code delivered digitally due to the nature of the product.",,,,,,0.1,0.11,5.99,0.1,,Normal,
527674,ex Battle Deck [Kangaskhan ex],ex Battle Deck Kangaskhan ex,https://tcgplayer-cdn.tcgplayer.com/product/527674_200w.jpg,3,2374,https://cpt.tcgcsv.com/v5f6,2025-10-08T18:53:58.517,1,,,,,,"Powerful Pokémon ex are ready to charge onto the battlefield in the Pokémon TCG: ex Battle Decks! Each 60-card deck is led by an exceptional Pokémon ex and includes everything you need to play right away. Let the battle begin!
<br><br>
In this box, you’ll find:
<br>
<br>• 1 ready-to-play 60-card deck
<br>• 3 reference cards
<br>• 1 rules booklet
<br>• 1 single-player playmat
<br>• 1 set of damage counters
<br>• 1 large metallic coin
<br>• 1 deck box
<br>• 1 strategy sheet
<br>• 1 code card to play this deck online",,,,,,9.0,10.0,24.99,9.73,,Normal,
527801,Oinkologne ex Box,Oinkologne ex Box,https://tcgplayer-cdn.tcgplayer.com/product/527801_200w.jpg,3,2374,https://cpt.tcgcsv.com/28f6,2023-11-14T14:32:51.18,3,,,,,,"Go Hog Wild with Oinkologne ex! Stomp out your opponent’s finely tuned strategies with the help of a sweet-smelling Pokémon ex! You’ll find Oinkologne ex here as a deck-ready foil card, along with Lechonk so you can get both into play. An additional oversize card lets you show off this perfumed Pokémon ex wherever you please! 
<br><br><strong>The Pokémon TCG: Oinkologne ex Box includes:</strong>
<br>• 1 double rare foil card featuring Oinkologne ex
<br>• 1 foil card featuring Lechonk
<br>• 1 oversize foil card featuring Oinkologne ex
<br>• 4 Pokémon TCG booster packs
<br>• A code card for Pokémon TCG Live
<br>• Suitable for ages 6 and up",,,,,,40.47,55.0,75.0,39.48,,Normal,820650874901
527880,Future Booster Energy Capsule (Cosmo Holo),Future Booster Energy Capsule Cosmo Holo,https://tcgplayer-cdn.tcgplayer.com/product/527880_200w.jpg,3,2374,https://cpt.tcgcsv.com/D9f6,2026-02-02T15:53:59.397,0,164/182,Uncommon,Tool,,,"The Future Pokémon this card is attached to has no Retreat Cost, and the attacks it uses do 20 more damage to your opponent's Active Pokémon <em>(before applying Weakness and Resistance).</em>",,,,,,0.08,0.35,8.81,0.27,0.28,Holofoil,
527881,Ancient Booster Energy Capsule,Ancient Booster Energy Capsule,https://tcgplayer-cdn.tcgplayer.com/product/527881_200w.jpg,3,2374,https://cpt.tcgcsv.com/F9f6,2025-01-26T04:49:02.123,1,159/182,Uncommon,Tool,,,"The Ancient Pokémon this card is attached to gets +60HP, recovers from all Special Conditions, and can't be affected by any Special Conditions.
<br>You may attach any number of Pokémon Tools to your Pokémon during your turn. You may attach only 1 Pokémon Tool to each Pokémon, and it stays attached.",,,,,,0.05,0.38,10.36,0.29,0.31,Holofoil,
528230,Umbreon (Obsidian Flames Stamped),Umbreon Obsidian Flames Stamped,https://tcgplayer-cdn.tcgplayer.com/product/528230_200w.jpg,3,2374,https://cpt.tcgcsv.com/Djf6,2026-02-06T01:52:25.527,1,130/197,Promo,Darkness,110,Stage 1,,"[D] Feint Attack
<br>
This attack does 50 damage to 1 of your opponent's Pokémon. This attack's damage isn't affected by Weakness or Resistance, or by any effects on that Pokémon.","[2D] Pitch-Black Blade (140)
<br>
During your next turn, this Pokémon can't attack.",Gx2,,1,22.88,42.49,115.0,19.2,,Reverse Holofoil,
528477,Brute Bonnet - 123/182 (Cosmos Holo),Brute Bonnet 123 182 Cosmos Holo,https://tcgplayer-cdn.tcgplayer.com/product/528477_200w.jpg,3,2374,https://cpt.tcgcsv.com/zpf6,2026-01-02T16:03:45.837,1,123/182,Rare,Darkness,120,Basic,"<strong>Ability — Toxic Powder</strong>
<br>Once during your turn, if this Pokémon has an Ancient Booster Energy Capsule attached, you may make both Active Pokémon Poisoned.","[1DD] Rampaging Hammer (120)
<br>During your next turn, this Pokémon can’t attack.",,Gx2,None,3,0.15,0.44,2.99,0.41,0.45,Holofoil,
528480,Iron Moth - 028/182 (Cosmos Holo),Iron Moth 028 182 Cosmos Holo,https://tcgplayer-cdn.tcgplayer.com/product/528480_200w.jpg,3,2374,https://cpt.tcgcsv.com/Dpf6,2025-11-25T23:50:57.29,1,028/182,Rare,Fire,130,Basic,"<strong>Ability — Thermal Reactor</strong>
<br>Once during your turn, when this Pokemon moves from your Bench to the Active Spot, you may move any amount of R Energy from your other Pokemon on it.","[1RR] Heat Ray (120)
<br>During your next turn, this Pokemon can't use Heat Ray.",,Wx2,None,2,0.09,0.33,2.49,0.3,,Holofoil,
528495,Code Card - Iron Valiant ex Box,Code Card Iron Valiant ex Box,https://tcgplayer-cdn.tcgplayer.com/product/528495_200w.jpg,3,2374,https://cpt.tcgcsv.com/Wpf6,2023-11-28T14:16:11.963,1,,Code Card,,,,"This listing is <strong>not</strong> a physical item. Please keep in mind that this <strong>Code Card</strong> listing represents a digital copy of the stated item for the Pokémon TCG Online <strong>and/or</strong> the Pokémon TCG Live games. You may receive the physical <strong>Code Card</strong>. Upon purchase, please work with your specific Seller by sending them a message using the <strong>Contact Seller</strong> button on the order details in your <a href=https://store.tcgplayer.com/myaccount/orderhistory>Order History</a> to opt in to having your <strong>Code Card</strong> code delivered digitally due to the nature of the product.",,,,,,0.01,0.2,3.0,0.1,,Normal,
528502,Code Card - Roaring Moon ex Box,Code Card Roaring Moon ex Box,https://tcgplayer-cdn.tcgplayer.com/product/528502_200w.jpg,3,2374,https://cpt.tcgcsv.com/3qf6,2023-11-28T14:15:42.647,1,,Code Card,,,,"This listing is <strong>not</strong> a physical item. Please keep in mind that this <strong>Code Card</strong> listing represents a digital copy of the stated item for the Pokémon TCG Online <strong>and/or</strong> the Pokémon TCG Live games. You may receive the physical <strong>Code Card</strong>. Upon purchase, please work with your specific Seller by sending them a message using the <strong>Contact Seller</strong> button on the order details in your <a href=https://store.tcgplayer.com/myaccount/orderhistory>Order History</a> to opt in to having your <strong>Code Card</strong> code delivered digitally due to the nature of the product.",,,,,,0.1,0.22,3.99,0.19,,Normal,
528504,Code Card - League Battle Deck [Miraidon ex],Code Card League Battle Deck Miraidon ex,https://tcgplayer-cdn.tcgplayer.com/product/528504_200w.jpg,3,2374,https://cpt.tcgcsv.com/6qf6,2023-11-28T14:14:25.597,1,,Code Card,,,,"This listing is <strong>not</strong> a physical item. Please keep in mind that this <strong>Code Card</strong> listing represents a digital copy of the stated item for the Pokémon TCG Online <strong>and/or</strong> the Pokémon TCG Live games. You may receive the physical <strong>Code Card</strong>. Upon purchase, please work with your specific Seller by sending them a message using the <strong>Contact Seller</strong> button on the order details in your <a href=https://store.tcgplayer.com/myaccount/orderhistory>Order History</a> to opt in to having your <strong>Code Card</strong> code delivered digitally due to the nature of the product.",,,,,,0.25,0.3,3.99,0.25,,Normal,
529690,Code Card - TAG TEAM Generations Premium Collection,Code Card TAG TEAM Generations Premium Collection,https://tcgplayer-cdn.tcgplayer.com/product/529690_200w.jpg,3,2374,https://cpt.tcgcsv.com/QTf6,2023-12-04T19:32:38.12,1,,Code Card,,,,"This listing is <strong>not</strong> a physical item. Please keep in mind that this <strong>Code Card</strong> listing represents a digital copy of the stated item for the Pokémon TCG Online <strong>and/or</strong> the Pokémon TCG Live games. You may receive the physical <strong>Code Card</strong>. Upon purchase, please work with your specific Seller by sending them a message using the <strong>Contact Seller</strong> button on the order details in your <a href=https://store.tcgplayer.com/myaccount/orderhistory>Order History</a> to opt in to having your <strong>Code Card</strong> code delivered digitally due to the nature of the product.",,,,,,1.97,2.48,3.0,,,Normal,
529698,Heavy Hitters Premium Collection (Fall 2023),Heavy Hitters Premium Collection Fall 2023,https://tcgplayer-cdn.tcgplayer.com/product/529698_200w.jpg,3,2374,https://cpt.tcgcsv.com/-Tf6,2023-12-11T13:00:47.73,1,,,,,,"Make a big impression in battle alongside powerful Pokémon, and grow your Pokémon TCG collection with dozens and dozens of cards! In this box, you'll find ready-to-play foil cards featuring Lucario V, Tyranitar V, Lucario, and Tyranitar, plus an oversize foil version of Lucario V for display and a set of four shimmering coins. To top it all off, a stack of 14 booster packs (that's 140 total cards!) helps ensure you have plenty of options for creating your next awesome deck.
<br><br>
The Pokémon TCG: Heavy Hitters Premium Collection (Fall 2023) includes:
<br>
• 4 foil cards featuring Lucario V, Tyranitar V, Lucario, and Tyranitar
<br>
• 1 oversize foil card featuring Lucario V
<br>
• 14 Pokémon TCG booster packs
<br>
• 4 large metallic coins
<br>
• A code card usable in either the Pokémon TCG Online or Pokémon TCG Live
<br>
<em>(Pokemon TCG booster packs vary by product.)</em>",,,,,,333.33,347.22,375.0,202.41,,Normal,
530756,Yu Nagaba x Pokemon - Eevee's Special Promo Pack,Yu Nagaba x Pokemon Eevees Special Promo Pack,https://tcgplayer-cdn.tcgplayer.com/product/530756_200w.jpg,3,2374,https://cpt.tcgcsv.com/8kg6,2023-12-12T12:17:53.623,1,,,,,,"The Pokemon TCG has announced a second collaboration with artist Yu Nagaba! The first collaboration with him was in July 2021. He’s famous for his line illustrations. Cards in the set: Eevee, Vaporeon, Jolteon, Flareon, Espeon, Umbreon, Leafeon, Glaceon, Sylveon Each pack contains: One (1) Yu Nagaba x Pokemon Collaboration card at random.",,,,,,99.99,112.5,200.0,94.7,,Normal,
531251,Charmander - 004/165 (EBGames Exclusive),Charmander 004 165 EBGames Exclusive,https://tcgplayer-cdn.tcgplayer.com/product/531251_200w.jpg,3,2374,https://cpt.tcgcsv.com/2wg6,2025-11-28T21:52:37.523,1,004/165,Promo,Fire,70,Basic,,[R] Blazing Destruction<br>Discard a Stadium in play.,[RR] Steady Firebreathing (30),Wx2,None,1,365.0,438.43,599.99,365.36,,Reverse Holofoil,
531572,Mabosstiff ex Box,Mabosstiff ex Box,https://tcgplayer-cdn.tcgplayer.com/product/531572_200w.jpg,3,2374,https://cpt.tcgcsv.com/sFg6,2024-02-23T05:03:16.73,1,,,,,,"Play Like a Boss with Mabosstiff ex!
<br>Mabosstiff is usually gentle, but it can appear intimidating while protecting its allies! Join forces with this loyal Pokémon and deliver a daunting blow to your opponents. You'll find Mabosstiff ex here as a foil promo card in playable and oversize versions, along with the Rascal Pokémon Maschiff.
<br>The Pokémon TCG: Mabosstiff ex Box includes:
<br>• 1 foil promo card featuring Mabosstiff ex
<br>• 1 foil card featuring Maschiff
<br>• 1 oversize foil card featuring Mabosstiff ex
<br>• 4 Pokémon TCG booster packs
<br>• A code card for Pokémon TCG Live",,,,,,27.94,39.18,54.99,32.0,,Normal,
531573,ex Battle Deck [Melmetal ex],ex Battle Deck Melmetal ex,https://tcgplayer-cdn.tcgplayer.com/product/531573_200w.jpg,3,2374,https://cpt.tcgcsv.com/tFg6,2024-02-23T05:03:16.84,1,,,,,,"Mighty Pokémon ex Battle for Victory!
<br>
Powerful Pokémon ex are ready to charge onto the battlefield in the new Pokémon TCG: ex Battle Decks! Each 60-card deck is led by an exceptional Pokémon ex and includes everything you need to play right away. Let the battle begin!
<br>
In each ex Battle Deck, you’ll find:
<br>
• 1 ready-to-play 60-card deck
<br>
• 3 reference cards
<br>
• 1 rules booklet
<br>
• Single-player playmat
<br>
• Damage counters
<br>
• 1 large metallic coin
<br>
• 1 deck box
<br>
• 1 strategy sheet
<br>
• 1 code card to play this deck online",,,,,,11.99,17.0,24.99,9.55,,Normal,
531574,ex Battle Deck [Houndoom ex],ex Battle Deck Houndoom ex,https://tcgplayer-cdn.tcgplayer.com/product/531574_200w.jpg,3,2374,https://cpt.tcgcsv.com/vFg6,2024-02-23T05:03:16.84,1,,,,,,"Mighty Pokémon ex Battle for Victory!
<br>
Powerful Pokémon ex are ready to charge onto the battlefield in the new Pokémon TCG: ex Battle Decks! Each 60-card deck is led by an exceptional Pokémon ex and includes everything you need to play right away. Let the battle begin!
<br>
In each ex Battle Deck, you’ll find:
<br>
• 1 ready-to-play 60-card deck
<br>
• 3 reference cards
<br>
• 1 rules booklet
<br>
• Single-player playmat
<br>
• Damage counters
<br>
• 1 large metallic coin
<br>
• 1 deck box
<br>
• 1 strategy sheet
<br>
• 1 code card to play this deck online",,,,,,16.09,24.0,24.99,15.93,,Normal,
531781,Iron Moth - 028/182 (EB Games Promo),Iron Moth 028 182 EB Games Promo,https://tcgplayer-cdn.tcgplayer.com/product/531781_200w.jpg,3,2374,https://cpt.tcgcsv.com/FKg6,2025-07-10T17:13:50.523,1,028/182,Promo,Fire,130,Basic,"<strong>Ability — Thermal Reactor</strong>
<br>Once during your turn, when this Pokemon moves from your Bench to the Active Spot, you may move any amount of R Energy from your other Pokemon on it.","[1RR] Heat Ray (120)
<br>During your next turn, this Pokemon can't use Heat Ray.",,Wx2,None,2,38.0,44.85,47.99,43.05,,Holofoil,
532025,Paldea Adventure Chest,Paldea Adventure Chest,https://tcgplayer-cdn.tcgplayer.com/product/532025_200w.jpg,3,2374,https://cpt.tcgcsv.com/wQg6,2025-03-28T13:30:31.317,1,,,,,,"Find Springtime Surprises with Pokémon Friends!
<br>A world of adventure awaits Pokémon Trainers in the Paldea region! Gear up for battle with a big handful of ready-to-play promo cards featuring cute yet feisty Pokémon, then open up a set of booster packs to find even more friends! Along the way, you'll get to decorate your gear with tech stickers, show off your collection with a mini portfolio, and give a squishy toy Pikachu a squeeze!
<br><br>
The Pokémon TCG: Paldea Adventure Chest includes:
<br>
<br>7 foil promo cards featuring Pikachu, Sprigatito ex, Pawmi, Pawmo, Pawmot ex, Tandemaus, and Maushold ex
<br>1 sheet of tech stickers
<br>1 mini portfolio
<br>1 squishy toy Pikachu
<br>6 Pokémon TCG booster packs
<br>A code card for Pokémon TCG Live",,,,,,64.0,75.0,109.99,74.13,,Normal,
532026,Code Card - Paldea Adventure Chest,Code Card Paldea Adventure Chest,https://tcgplayer-cdn.tcgplayer.com/product/532026_200w.jpg,3,2374,https://cpt.tcgcsv.com/xQg6,2024-03-01T05:03:10.67,1,,Code Card,,,,"This listing is <strong>not</strong> a physical item. Please keep in mind that this <strong>Code Card</strong> listing represents a digital copy of the stated item for the Pokémon TCG Online <strong>and/or</strong> the Pokémon TCG Live games. You may receive the physical <strong>Code Card</strong>. Upon purchase, please work with your specific Seller by sending them a message using the <strong>Contact Seller</strong> button on the order details in your <a href=https://store.tcgplayer.com/myaccount/orderhistory>Order History</a> to opt in to having your <strong>Code Card</strong> code delivered digitally due to the nature of the product.",,,,,,0.03,0.12,1.0,0.1,,Normal,
532036,Code Card - Mabosstiff ex Box,Code Card Mabosstiff ex Box,https://tcgplayer-cdn.tcgplayer.com/product/532036_200w.jpg,3,2374,https://cpt.tcgcsv.com/LQg6,2024-02-23T05:03:16.73,1,,Code Card,,,,"This listing is <strong>not</strong> a physical item. Please keep in mind that this <strong>Code Card</strong> listing represents a digital copy of the stated item for the Pokémon TCG Online <strong>and/or</strong> the Pokémon TCG Live games. You may receive the physical <strong>Code Card</strong>. Upon purchase, please work with your specific Seller by sending them a message using the <strong>Contact Seller</strong> button on the order details in your <a href=https://store.tcgplayer.com/myaccount/orderhistory>Order History</a> to opt in to having your <strong>Code Card</strong> code delivered digitally due to the nature of the product.",,,,,,0.05,0.15,0.25,0.2,,Normal,
532037,Code Card - ex Battle Deck [Melmetal ex],Code Card ex Battle Deck Melmetal ex,https://tcgplayer-cdn.tcgplayer.com/product/532037_200w.jpg,3,2374,https://cpt.tcgcsv.com/MQg6,2024-02-23T05:03:16.84,1,,Code Card,,,,"This listing is <strong>not</strong> a physical item. Please keep in mind that this <strong>Code Card</strong> listing represents a digital copy of the stated item for the Pokémon TCG Online <strong>and/or</strong> the Pokémon TCG Live games. You may receive the physical <strong>Code Card</strong>. Upon purchase, please work with your specific Seller by sending them a message using the <strong>Contact Seller</strong> button on the order details in your <a href=https://store.tcgplayer.com/myaccount/orderhistory>Order History</a> to opt in to having your <strong>Code Card</strong> code delivered digitally due to the nature of the product.",,,,,,0.65,1.2,2.5,1.2,,Normal,
532038,Code Card - ex Battle Deck [Houndoom ex],Code Card ex Battle Deck Houndoom ex,https://tcgplayer-cdn.tcgplayer.com/product/532038_200w.jpg,3,2374,https://cpt.tcgcsv.com/NQg6,2024-02-23T05:03:16.84,1,,Code Card,,,,"This listing is <strong>not</strong> a physical item. Please keep in mind that this <strong>Code Card</strong> listing represents a digital copy of the stated item for the Pokémon TCG Online <strong>and/or</strong> the Pokémon TCG Live games. You may receive the physical <strong>Code Card</strong>. Upon purchase, please work with your specific Seller by sending them a message using the <strong>Contact Seller</strong> button on the order details in your <a href=https://store.tcgplayer.com/myaccount/orderhistory>Order History</a> to opt in to having your <strong>Code Card</strong> code delivered digitally due to the nature of the product.",,,,,,0.26,1.38,1.99,,,Normal,
532385,Combined Powers Premium Collection,Combined Powers Premium Collection,https://tcgplayer-cdn.tcgplayer.com/product/532385_200w.jpg,3,2374,https://cpt.tcgcsv.com/KZg6,2024-02-23T05:03:17.13,1,,,,,,"Elemental Forces at Your Command!
<br>Three Legendary Pokémon ex of the Johto region combine their powers in this exciting collection! Soar above the rainbow with Ho-Oh ex, dive deep below the waves with Lugia ex, and dash across the water with Suicune ex. You’ll also find a foil card featuring Mr. Mime, an oversize card featuring Lugia ex, a trio of foil Pokémon Tool cards, and a big handful of booster packs to expand your collection!
<br><br>
The Pokémon TCG: Combined Powers Premium Collection includes:
<br><br>
<br>3 foil cards featuring Lugia ex, Ho-Oh ex, and Suicune ex
<br>1 foil card featuring Mr. Mime
<br>3 foil Pokémon Tool cards
<br>1 foil oversize card featuring Lugia ex
<br>11 Pokémon TCG booster packs",,,,,,95.0,133.39,200.0,86.29,,Normal,
532402,Combined Powers Premium Collection Case,Combined Powers Premium Collection Case,https://tcgplayer-cdn.tcgplayer.com/product/532402_200w.jpg,3,2374,https://cpt.tcgcsv.com/3-g6,2025-04-03T15:15:03.283,1,,,,,,"Each Combined Powers Premium Collection Case contains 4 Combined Powers 
 Premium Collections.",,,,,,,,,,,,
532404,Mabosstiff ex Box Case,Mabosstiff ex Box Case,https://tcgplayer-cdn.tcgplayer.com/product/532404_200w.jpg,3,2374,https://cpt.tcgcsv.com/6-g6,2025-04-03T15:20:58.603,1,,,,,,Each Mabosstiff ex Box Case contains 6 Mabosstiff ex Box.,,,,,,,,,,,,
532539,Sinnoh Stars Mini Tins 5-Pack,Sinnoh Stars Mini Tins 5 Pack,https://tcgplayer-cdn.tcgplayer.com/product/532539_200w.jpg,3,2374,https://cpt.tcgcsv.com/P0h6,2024-01-10T14:10:47.277,1,,,,,,"Each product contains 5 Sinnoh Stars Mini Tins designs and 4 reverse cosmos holo promo cards.
<br>
<br><strong>Kanto Friends Mini Tin contents:</strong>
<br>• 2 Pokemon TCG booster packs
<br>• 1 Pokemon coin
<br>• 1 Pokemon art card 
<br>
<br><em>(Pokemon TCG booster packs, coins, and contents vary by product.)</em>",,,,,,,,,,,,
532560,Kleavor VSTAR Special Collection,Kleavor VSTAR Special Collection,https://tcgplayer-cdn.tcgplayer.com/product/532560_200w.jpg,3,2374,https://cpt.tcgcsv.com/d2h6,2024-01-10T15:25:59.057,1,,,,,,"Each Pokemon TCG: Kleavor VSTAR Premium Collection includes:
<br>• 1 etched foil promo card featuring Kleavor V
<br>• 1 etched foil promo card featuring Kleavor VSTAR
<br>• 1 oversize foil card featuring Kleavor VSTAR
<br>• 4 Pokémon TCG booster packs
<br>• 1 collector's pin featuring Kleavor
<br>• 1 metallic coin featuring Kleavor
<br>• 1 acrylic VSTAR marker
<br>• A code card usable in either the Pokémon TCG Online or Pokémon TCG Live",,,,,,43.0,57.54,149.99,46.78,,Normal,
532631,Buck's Training - 130/146 (Prerelease) [Staff],Bucks Training 130 146 Prerelease Staff,https://tcgplayer-cdn.tcgplayer.com/product/532631_200w.jpg,3,2374,https://cpt.tcgcsv.com/F3h6,2024-07-18T12:47:01.703,1,130,Promo,Supporter,0,Supporter,"You can play only one Supporter card each turn. When you play this card, put it next to your Active Pokemon. When your turn ends, discard this card.","Draw 2 cards.  As long as Buck's Training is next to your Active Pokemon, each of your Active Pokemon's attacks does 10 more damage to the Active Pokemon (before applying Weakness and Resistance).",,,,,,,,,,,
533672,Skeledirge - 038/198 (Cosmos Holo),Skeledirge 038 198 Cosmos Holo,https://tcgplayer-cdn.tcgplayer.com/product/533672_200w.jpg,3,2374,https://cpt.tcgcsv.com/sth6,2024-11-16T16:33:22.61,1,038/198,Rare,Fire,180,Stage 2,,"[R] Passionate Singing (50)
<br>Attach up to 2 Basic Energy cards from your discard pile to your Pokémon in any way you like.","[1RR] Blaze Shout (190)
<br>This Pokémon also does 30 damage to itself.",Wx2,None,3,0.1,0.36,3.78,0.33,0.31,Holofoil,
536205,Quaquaval - 054/198 (Cosmos Holo),Quaquaval 054 198 Cosmos Holo,https://tcgplayer-cdn.tcgplayer.com/product/536205_200w.jpg,3,2374,https://cpt.tcgcsv.com/7vj6,2024-07-07T10:21:04.52,1,054/198,Promo,Water,170,Stage 2,"<strong>Ability — Energy Carnival</strong>
<br>Once during your turn, you may attach a Basic Energy card from your hand to 1 of your Pokémon.",[2W] Hydro Kick (140),,Lx2,None,2,0.15,0.31,2.37,0.26,,Holofoil,
536209,Meowscarada - 015/198 (Cosmos Holo),Meowscarada 015 198 Cosmos Holo,https://tcgplayer-cdn.tcgplayer.com/product/536209_200w.jpg,3,2374,https://cpt.tcgcsv.com/cvj6,2025-11-21T02:31:11.677,1,015/198,Rare,Grass,160,Stage 2,,"[1] Trick Cloak (40)
<br>You may put an Energy attached to your opponent’s Active Pokémon into their hand.",[1G] Flower Bomb (130),Rx2,None,1,0.2,0.41,19.5,0.3,0.33,Holofoil,
538029,Ceruledge - 098/193 (Cosmos Holo),Ceruledge 098 193 Cosmos Holo,https://tcgplayer-cdn.tcgplayer.com/product/538029_200w.jpg,3,2374,https://cpt.tcgcsv.com/Cdk6,2025-10-31T19:05:11.963,1,098/193,Promo,Psychic,140,Stage 1,,"[2] Life Sucker (50)
<br> Heal 30 damage from this Pokémon. (50)","[2P] Fighting Sword (100+)
If your Opponent's Active Pokémon is a Pokémon ex or Pokémon V, this attack does 100 more damage.",Dx2,F-30,2,0.15,0.42,17.0,0.4,,Holofoil,
538219,Glimmora - 126/193 (Cosmos Holo),Glimmora 126 193 Cosmos Holo,https://tcgplayer-cdn.tcgplayer.com/product/538219_200w.jpg,3,2374,https://cpt.tcgcsv.com/pjk6,2024-03-05T02:31:32.62,1,126/193,Promo,Fighting,130,Stage 1,"<strong>Ability — Shattering Crystal</strong>                                          
<br>When this Pokémon is Knocked Out, flip a coin. If heads, your opponent can't take any Prize cards for it.","[F] Poison Petals
<br>Your opponent's Active Pokémon is now Poisoned. During Pokémon Checkup, put 6 damage counters on that Pokémon instead of 1.",,Gx2,None,3,0.15,0.49,2.99,0.44,,Holofoil,
539305,Armarouge ex Premium Collection,Armarouge ex Premium Collection,https://tcgplayer-cdn.tcgplayer.com/product/539305_200w.jpg,3,2374,https://cpt.tcgcsv.com/7Lk6,2024-04-19T04:03:19.85,1,,,,,,"Armarouge ex Turns Up the Flames of Battle
 
<br><br>
Armarouge ex’s armor is said to be the source of its incredible strength—but all those who underestimate its firepower will surely get burned! With a powerful Ability and attack, this Pokémon ex can up its defensive or offensive capabilities as it scorches its way through battles. Armarouge ex appears here as a playable etched foil promo card, and Charcadet and Ceruledge add more fuel to the inferno as foil promo cards.

<br>The Pokémon TCG: Armarouge ex Premium Collection includes:

<br>• 1 etched foil promo card featuring Armarouge ex
<br>• 2 foil promo cards featuring Charcadet and Ceruledge
<br>• 6 Pokémon TCG booster packs
<br>• 1 magnetic card protector with display base
<br>• 65 card sleeves featuring Armarouge and Ceruledge
<br>• A code card for Pokémon TCG Live",,,,,,44.22,70.0,110.0,46.8,,Normal,
539385,League Battle Deck [Gardevoir ex],League Battle Deck Gardevoir ex,https://tcgplayer-cdn.tcgplayer.com/product/539385_200w.jpg,3,2374,https://cpt.tcgcsv.com/KMk6,2024-04-19T04:03:20.33,1,,,,,,"Gardevoir ex: Embrace the Possibilities!
<br><br>
In each box, you’ll find:
• 1 ready-to-play 60-card deck
• 6 damage-counter dice
• 1 coin-flip die
• 2 coin condition markers
• 1 deck box
• 1 accessory box
• 1 strategy sheet
• 1 code card to play this deck online",,,,,,35.01,58.5,149.99,37.9,,Normal,
539428,Deluxe Battle Deck [Zapdos ex],Deluxe Battle Deck Zapdos ex,https://tcgplayer-cdn.tcgplayer.com/product/539428_200w.jpg,3,2374,https://cpt.tcgcsv.com/BNk6,2024-03-22T04:03:20.45,1,,,,,,"A Deluxe Challenge for Your Opponent!
<br>The new Pokémon TCG: Deluxe Battle Decks offer a step up for players who are ready for a challenge, with more advanced strategies and additional power cards. Each 60-card deck includes 3 foil cards and everything you need to play right away. Let the deluxe battle begin!
<br>Pokémon TCG: Deluxe Battle Deck Includes:
<br>• 1 ready-to-play 60-card deck
<br>• 1 single-player playmat
<br>• 1 set of damage counters
<br>• 1 large metallic coin
<br>• 2 condition markers
<br>• 1 deck box
<br>• 1 strategy sheet
<br>• 1 code card to play this deck online",,,,,,19.73,29.5,29.99,20.53,,Normal,
539429,Deluxe Battle Deck [Ninetales ex],Deluxe Battle Deck Ninetales ex,https://tcgplayer-cdn.tcgplayer.com/product/539429_200w.jpg,3,2374,https://cpt.tcgcsv.com/CNk6,2024-03-22T04:03:20.45,1,,,,,,"A Deluxe Challenge for Your Opponent!
<br>The new Pokémon TCG: Deluxe Battle Decks offer a step up for players who are ready for a challenge, with more advanced strategies and additional power cards. Each 60-card deck includes 3 foil cards and everything you need to play right away. Let the deluxe battle begin!
<br>Pokémon TCG: Deluxe Battle Deck Includes:
<br>• 1 ready-to-play 60-card deck
<br>• 1 single-player playmat
<br>• 1 set of damage counters
<br>• 1 large metallic coin
<br>• 2 condition markers
<br>• 1 deck box
<br>• 1 strategy sheet
<br>• 1 code card to play this deck online",,,,,,25.69,30.36,33.95,21.79,,Normal,
541168,Pokemon Stacking Tin: Psychic,Pokemon Stacking Tin Psychic,https://tcgplayer-cdn.tcgplayer.com/product/541168_200w.jpg,3,2374,https://cpt.tcgcsv.com/ntl6,2024-03-01T17:52:58.62,1,,,,,,"Stack 'Em High!
<br>
Choose a tin that matches your type: serene Psychic type, steely Metal type, or draconic Dragon type! This handy Pokémon TCG: Stacking Tin stacks neatly with others and contains:


<br>
• 3 Pokémon TCG booster packs
<br>
• 1 Pokémon coin",,,,,,31.96,31.96,31.96,29.49,,Normal,0820650870804
541171,Pokemon Stacking Tin: Metal,Pokemon Stacking Tin Metal,https://tcgplayer-cdn.tcgplayer.com/product/541171_200w.jpg,3,2374,https://cpt.tcgcsv.com/rtl6,2024-03-06T12:28:07.847,1,,,,,,"Stack 'Em High!
<br>
Choose a tin that matches your type: serene Psychic type, steely Metal type, or draconic Dragon type! This handy Pokémon TCG: Stacking Tin stacks neatly with others and contains:
<br>• 3 Pokémon TCG booster packs
<br>• 2 sticker sheets",,,,,,28.94,30.39,31.98,22.15,,Normal,0820650870804
541175,Pokemon Stacking Tin: Dragon,Pokemon Stacking Tin Dragon,https://tcgplayer-cdn.tcgplayer.com/product/541175_200w.jpg,3,2374,https://cpt.tcgcsv.com/wtl6,2024-03-01T17:52:45.173,1,,,,,,"Stack 'Em High!
<br>
Choose a tin that matches your type: serene Psychic type, steely Metal type, or draconic Dragon type! This handy Pokémon TCG: Stacking Tin stacks neatly with others and contains:


<br>
• 3 Pokémon TCG booster packs
<br>
• 1 Pokémon coin",,,,,,31.98,31.98,31.98,26.42,,Normal,0820650870804
541205,"Pokemon Stacking Tins [Set of 3] (Psychic, Metal, and Dragon)",Pokemon Stacking Tins Set of 3 Psychic Metal and Dragon,https://tcgplayer-cdn.tcgplayer.com/product/541205_200w.jpg,3,2374,https://cpt.tcgcsv.com/7vl6,2024-04-10T17:14:48.877,1,,,,,,"Each Pokemon Stacking Tins [Set of 3] contains the following:
<br>• 1 Psychic Tin
<br>• 1 Metal Tin
<br>• 1 Dragon Tin
<br>These handy Pokémon TCG: Stacking Tins stack
neatly with others and contain:
<br>• 3 Pokemon TCG booster packs
<br>• 2 Pokemon Stickers",,,,,,75.67,122.39,127.0,100.32,,Normal,
541321,Deluxe Battle Deck: Zapdos ex/Ninetales ex [Set of 2],Deluxe Battle Deck Zapdos ex Ninetales ex Set of 2,https://tcgplayer-cdn.tcgplayer.com/product/541321_200w.jpg,3,2374,https://cpt.tcgcsv.com/rxl6,2024-12-27T13:42:37.537,0,,,,,,"This listing of for a set of the Zapdos ex and Ninetales ex battle decks.
<br><br>A Deluxe Challenge for Your Opponent!
<br>The new Pokémon TCG: Deluxe Battle Decks offer a step up for players who are ready for a challenge, with more advanced strategies and additional power cards. Each 60-card deck includes 3 foil cards and everything you need to play right away. Let the deluxe battle begin 
<br>Pokémon TCG: Deluxe Battle Deck Includes:
<br>• 1 ready-to-play 60-card deck
<br>• 1 single-player playmat
<br>• 1 set of damage counters
<br>• 1 large metallic coin
<br>• 2 condition markers
<br>• 1 deck box
<br>• 1 strategy sheet
<br>• 1 code card to play this deck online",,,,,,,,,,,,
542095,Ceruledge - 040/091 (Pokemon Day 2024) (Cosmos Holo),Ceruledge 040 091 Pokemon Day 2024 Cosmos Holo,https://tcgplayer-cdn.tcgplayer.com/product/542095_200w.jpg,3,2374,https://cpt.tcgcsv.com/WRl6,2025-12-09T05:20:59.04,1,040/091,Promo,Psychic,140,Stage 1,,"[C][C] Life Sucker (50)
<br>Heal 30 damage from this Pokemon.","[P][C][C] Fighting Sword (100+)
<br>If your opponent's Active Pokemon is a Pokemon EX or Pokemon V, this attack does 100 more damage.",Dx2,None,2,3.75,5.14,15.0,4.65,4.0,Holofoil,
543171,Paldea Legends Tins [Bundle of 2] (International Version),Paldea Legends Tins Bundle of 2 International Version,https://tcgplayer-cdn.tcgplayer.com/product/543171_200w.jpg,3,2374,https://cpt.tcgcsv.com/rhm6,2024-03-14T12:44:32.4,1,,,,,,"Each Paldea Legends Tins [Bundle of 2] contains the following: 
<br>•1 Pokemon Paldea Legends Tin [Koraidon ex] (International Version)
<br>•1 Paldea Legends Tin [Miraidon ex] (International Version)",,,,,,89.9,95.0,115.9,74.36,,Normal,
543172,"Knock Out Collection [Shaymin, Zeraora, and Marshadow]",Knock Out Collection Shaymin Zeraora and Marshadow,https://tcgplayer-cdn.tcgplayer.com/product/543172_200w.jpg,3,2374,https://cpt.tcgcsv.com/shm6,2025-07-09T21:03:35.35,2,,,,,,"<strong>Contents for each Collection:</strong>
<br>• 1 foil card featuring Shaymin
<br>• 1 foil card featuring Zeraora
<br>• 1 foil card featuring Marshadow
<br>• 2 Pokemon TCG Booster Packs <em>(packs may vary)</em>
<br>• 2 sticker sheets
<br>• 1 Pokémon TCG Live code card",,,,,,15.0,24.74,32.88,20.63,,Normal,820650852084
543583,Pawmi (Cosmo Foil),Pawmi Cosmo Foil,https://tcgplayer-cdn.tcgplayer.com/product/543583_200w.jpg,3,2374,https://cpt.tcgcsv.com/Hrm6,2026-02-24T16:35:06.713,1,074/193,Promo,Lightning,50,Basic,,[L] Static Shock (20),,Fx2,None,1,0.01,0.3,4.99,0.26,0.15,Holofoil,
543584,Pawmo (Cosmo Foil),Pawmo Cosmo Foil,https://tcgplayer-cdn.tcgplayer.com/product/543584_200w.jpg,3,2374,https://cpt.tcgcsv.com/Jrm6,2025-07-22T12:05:38.813,1,075/193,Promo,Lightning,140,Stage 2,,[L] Static Shock (20),"[LL] Electrobullet (50)
<br>This attack also does 30 damage to I of your opponent's Benched Pokémon. <em>(Don't apply Weakness and Resistance for Benched Pokémon.)</em>",Fx2,None,1,0.05,0.33,3.99,0.32,,Holofoil,
543585,Tandemaus (Cosmos Foil),Tandemaus Cosmos Foil,https://tcgplayer-cdn.tcgplayer.com/product/543585_200w.jpg,3,2374,https://cpt.tcgcsv.com/Krm6,2026-02-03T04:25:04.313,1,167/193,Promo,Colorless,40,Basic,,[1] Attach (10),[2] Smash Kick (20),Fx2,None,1,0.24,0.6,4.99,0.63,0.32,Holofoil,
543954,Koraidon (Gamestop Promo),Koraidon Gamestop Promo,https://tcgplayer-cdn.tcgplayer.com/product/543954_200w.jpg,3,2374,https://cpt.tcgcsv.com/6Cm6,2025-11-21T20:48:03.183,1,119/162,Promo,Dragon,140,Basic,,"[F][C] Primeval Battering (30x) 
This attack does 30 damage for each of your Ancient Pokémon in play.","[F][F][C] Shred (130) 
This attack's damage isn't affected by any effects on your opponent's Active Pokémon.",None,None,2,4.0,5.22,8.99,4.92,4.99,Reverse Holofoil,
544239,Paradox Clash Tin [Walking Wake ex],Paradox Clash Tin Walking Wake ex,https://tcgplayer-cdn.tcgplayer.com/product/544239_200w.jpg,3,2374,https://cpt.tcgcsv.com/PJm6,2024-05-30T15:37:20.99,1,,,,,,"An Epic Clashing of the Past & Future!
<br>Powerful Paradox Pokémon arrive from the past and future to test their might as Pokémon ex! Traverse the Azure Seas with Walking Wake ex or deliver a Prism Edge attack with Iron Leaves ex! Whoever you choose to stand by, you’ll find even more helpful Pokémon and Trainer cards inside a handful of Pokémon TCG booster packs.
<br><br>The Pokémon TCG: Paradox Clash Tin includes:
<br>• 1 foil promo card featuring Walking Wake ex or Iron Leaves ex
<br>• 5 Pokémon TCG booster packs
<br>• A code card for Pokémon TCG Live",,,,,,27.71,34.99,58.0,30.18,,Normal,820650806773
544241,Paradox Clash Tin [Iron Leaves ex],Paradox Clash Tin Iron Leaves ex,https://tcgplayer-cdn.tcgplayer.com/product/544241_200w.jpg,3,2374,https://cpt.tcgcsv.com/RJm6,2024-05-30T15:37:29.167,1,,,,,,"An Epic Clashing of the Past & Future!
<br>Powerful Paradox Pokémon arrive from the past and future to test their might as Pokémon ex! Traverse the Azure Seas with Walking Wake ex or deliver a Prism Edge attack with Iron Leaves ex! Whoever you choose to stand by, you’ll find even more helpful Pokémon and Trainer cards inside a handful of Pokémon TCG booster packs.
<br><br>The Pokémon TCG: Paradox Clash Tin includes:
<br>• 1 foil promo card featuring Walking Wake ex or Iron Leaves ex
<br>• 5 Pokémon TCG booster packs
<br>• A code card for Pokémon TCG Live",,,,,,27.0,38.59,56.99,28.28,,Normal,820650806773
544444,Maschiff - 142/193 (Cosmos Holo),Maschiff 142 193 Cosmos Holo,https://tcgplayer-cdn.tcgplayer.com/product/544444_200w.jpg,3,2374,https://cpt.tcgcsv.com/VNm6,2026-02-03T04:17:27.553,1,142/193,Common,Dark,70,Basic,,[2] Smash Kick (20),[2D] Sharp Fang (50),Gx2,None,2,0.05,0.25,2.0,0.23,0.1,Holofoil,
545005,"Code Card - Knock Out Collection [Shaymin, Zeraora, and Marshadow]",Code Card Knock Out Collection Shaymin Zeraora and Marshadow,https://tcgplayer-cdn.tcgplayer.com/product/545005_200w.jpg,3,2374,https://cpt.tcgcsv.com/70n6,2025-02-10T18:01:43.957,1,,Code Card,,,,"This listing is <strong>not</strong> a physical item. Please keep in mind that this <strong>Code Card</strong> listing represents a digital copy of the stated item for the Pokémon TCG Online <strong>and/or</strong> the Pokémon TCG Live games. You may receive the physical <strong>Code Card</strong>. Upon purchase, please work with your specific Seller by sending them a message using the <strong>Contact Seller</strong> button on the order details in your <a href=https://store.tcgplayer.com/myaccount/orderhistory>Order History</a> to opt in to having your <strong>Code Card</strong> code delivered digitally due to the nature of the product.",,,,,,0.02,0.05,0.25,0.04,,Normal,
545403,Iono Premium Tournament Collection Box,Iono Premium Tournament Collection Box,https://tcgplayer-cdn.tcgplayer.com/product/545403_200w.jpg,3,2374,https://cpt.tcgcsv.com/5bn6,2024-04-08T18:45:31.553,1,,,,,,"Keep Your Eye on the Prize — with Iono!
<br>’Ello, ’ello, hola! Ciao and bonjour! Levincia Gym Leader and mega-influencer Iono can catch your opponent in her Electroweb to help you make a huge comeback—and this competition-ready set comes with a full playset for your next deck! You’ll also find card sleeves, a deck box, and a collectible coin featuring Iono, along with booster packs, dice, and other accessories for playing the Pokémon TCG.
<br>
<br>The Pokémon TCG: Iono Premium Tournament Collection includes:
<br>• 1 full-art foil Supporter card featuring Iono
<br>• 3 additional foil Supporter cards featuring Iono
<br>• 65 card sleeves featuring Iono
<br>• A sturdy deck box featuring Iono
<br>• A large metallic coin featuring Iono
<br>• 2 coin condition markers
<br>• 6 tournament-ready damage dice
<br>• 6 Pokémon TCG booster packs
<br>• A code card for Pokémon TCG Live",,,,,,54.99,75.98,247.0,62.09,,Normal,0820650857485
545404,Iono Premium Tournament Collection Display,Iono Premium Tournament Collection Display,https://tcgplayer-cdn.tcgplayer.com/product/545404_200w.jpg,3,2374,https://cpt.tcgcsv.com/6bn6,2024-04-05T13:12:12.257,1,,,,,,"Each Iono Premium Tournament Collection Display contains 4 Iono Premium Tournament Collection Boxes
<br>Keep Your Eye on the Prize — with Iono!
<br>’Ello, ’ello, hola! Ciao and bonjour! Levincia Gym Leader and mega-influencer Iono can catch your opponent in her Electroweb to help you make a huge comeback—and this competition-ready set comes with a full playset for your next deck! You’ll also find card sleeves, a deck box, and a collectible coin featuring Iono, along with booster packs, dice, and other accessories for playing the Pokémon TCG.
<br>
<br>The Pokémon TCG: Iono Premium Tournament Collection includes:
<br>• 1 full-art foil Supporter card featuring Iono
<br>• 3 additional foil Supporter cards featuring Iono
<br>• 65 card sleeves featuring Iono
<br>• A sturdy deck box featuring Iono
<br>• A large metallic coin featuring Iono
<br>• 2 coin condition markers
<br>• 6 tournament-ready damage dice
<br>• 6 Pokémon TCG booster packs
<br>• A code card for Pokémon TCG Live",,,,,,257.0,299.87,329.69,210.91,,Normal,0820650867484
545659,Iron Moth - 028/182 (European Promo),Iron Moth 028 182 European Promo,https://tcgplayer-cdn.tcgplayer.com/product/545659_200w.jpg,3,2374,https://cpt.tcgcsv.com/chn6,2024-04-08T11:54:24.857,1,028/182,Promo,Fire,130,Basic,"<strong>Ability — Thermal Reactor</strong>
<br>Once during your turn, when this Pokemon moves from your Bench to the Active Spot, you may move any amount of R Energy from your other Pokemon on it.","[1RR] Heat Ray (120)
<br>During your next turn, this Pokemon can't use Heat Ray.",,Wx2,None,2,30.15,47.77,55.89,30.16,,Reverse Holofoil,
545691,Miraidon - 121/162 (Cosmos Holo) (Best Buy),Miraidon 121 162 Cosmos Holo Best Buy,https://tcgplayer-cdn.tcgplayer.com/product/545691_200w.jpg,3,2374,https://cpt.tcgcsv.com/Rhn6,2024-04-19T14:54:31.063,1,121/162,Promo,Dragon,110,Basic,,"[C] Peak Accelerating (40) 
Search your deck for up to 2 Basic Energy cards and attach them to your Future Pokémon in any way you like. Then, shuffle your deck.",[L][L][P] Sparking Strike (160),None,None,2,2.05,2.95,7.0,2.32,,Holofoil,
545695,Iono - 185/193 (Cosmo Foil),Iono 185 193 Cosmo Foil,https://tcgplayer-cdn.tcgplayer.com/product/545695_200w.jpg,3,2374,https://cpt.tcgcsv.com/Whn6,2025-12-02T01:35:52.937,1,185/193,Promo,Supporter,,,"Each player shuffles their hand and puts it on the bottom of their deck. Then, each player draws a card for each of their remaining Prize cards.
<br><br>
You may play only 1 Supporter card during your turn.",,,,,,0.4,1.1,4.99,1.0,0.74,Holofoil,
546457,Code Card - Iono Premium Tournament Collection Box,Code Card Iono Premium Tournament Collection Box,https://tcgplayer-cdn.tcgplayer.com/product/546457_200w.jpg,3,2374,https://cpt.tcgcsv.com/9Cn6,2024-04-15T13:14:02.757,1,,Code Card,,,,"This listing is <strong>not</strong> a physical item. Please keep in mind that this <strong>Code Card</strong> listing represents a digital copy of the stated item for the Pokémon TCG Online <strong>and/or</strong> the Pokémon TCG Live games. You may receive the physical <strong>Code Card</strong>. Upon purchase, please work with your specific Seller by sending them a message using the <strong>Contact Seller</strong> button on the order details in your <a href=https://store.tcgplayer.com/myaccount/orderhistory>Order History</a> to opt in to having your <strong>Code Card</strong> code delivered digitally due to the nature of the product.",,,,,,0.15,0.99,3.99,0.82,,Normal,
546458,Grafaiai ex Box,Grafaiai ex Box,https://tcgplayer-cdn.tcgplayer.com/product/546458_200w.jpg,3,2374,https://cpt.tcgcsv.com/bCn6,2024-04-15T14:31:03.583,2,,,,,,"Unleash a toxic torrent with Grafaiai ex! In the Pokémon TCG: Grafaiai ex Box, this Toxic Monkey Pokémon makes use of its poisonous saliva to take its opponents down in battle. You’ll find Grafaiai ex here as a foil promo card in playable and oversize versions, along with the Toxic Mouse Pokémon Shroodle.

<br><br>The Pokémon TCG: Grafaiai ex Box includes:
<br>• 1 foil promo card featuring Grafaiai ex

<br>• 1 foil promo card featuring Shroodle

<br>• 1 oversize foil card featuring Grafaiai ex

<br>• 4 Pokémon TCG booster packs

<br>• A code card for Pokémon TCG Live",,,,,,28.0,40.0,85.0,34.86,,Normal,
546616,Eevee Evolutions Tin [Flareon V] (Live Code Card),Eevee Evolutions Tin Flareon V Live Code Card,https://tcgplayer-cdn.tcgplayer.com/product/546616_200w.jpg,3,2374,https://cpt.tcgcsv.com/lGn6,2025-01-09T20:22:33.25,1,,,,,,"The Pokemon TCG: Eevee Evolutions Tin includes:
<br>• 1 foil Flareon V
<br>• 4 Pokémon TCG booster packs",,,,,,,,,,,,
546617,Eevee Evolutions Tin [Vaporeon V] (Live Code Card),Eevee Evolutions Tin Vaporeon V Live Code Card,https://tcgplayer-cdn.tcgplayer.com/product/546617_200w.jpg,3,2374,https://cpt.tcgcsv.com/mGn6,2025-01-09T20:24:48.323,1,,,,,,"The Pokemon TCG: Eevee Evolutions Tin includes:
<br>• 1 foil Flareon V
<br>• 4 Pokémon TCG booster packs",,,,,,,,,,,,
546618,Eevee Evolutions Tin [Jolteon V] (Live Code Card),Eevee Evolutions Tin Jolteon V Live Code Card,https://tcgplayer-cdn.tcgplayer.com/product/546618_200w.jpg,3,2374,https://cpt.tcgcsv.com/nGn6,2025-01-09T20:23:00.653,1,,,,,,"The Pokemon TCG: Eevee Evolutions Tin includes:
<br>• 1 foil Flareon V
<br>• 4 Pokémon TCG booster packs",,,,,,,,,,,,
547129,Palafin ex Box,Palafin ex Box,https://tcgplayer-cdn.tcgplayer.com/product/547129_200w.jpg,3,2374,https://cpt.tcgcsv.com/CSn6,2024-06-21T04:03:19.43,2,,,,,,"From Zero to Hero!
<br><br>When all seems lost in battle, call on a hero to save the day! With its Zero to Hero Ability, Palafin can make a stunning transformation into the powerful Palafin ex, ready to pummel opponents with the might of an ocean wave. In this box, you’ll find Finizen, Palafin, and Palafin ex as playable foil cards, plus an oversize version of Palafin ex for display and a handful of booster packs with more cards inside.
<br><br>The Pokémon TCG: Palafin ex Box includes:
<br>• 1 foil promo card featuring Palafin ex
<br>• 2 foil cards featuring Finizen and Palafin
<br>• 1 oversize foil card featuring Palafin ex
<br>• 4 Pokémon TCG booster packs
<br>• A code card for Pokémon TCG Live",,,,,,20.0,38.48,55.55,31.82,,Normal,
547654,Charcadet - 026/182 (Cosmos Foil),Charcadet 026 182 Cosmos Foil,https://tcgplayer-cdn.tcgplayer.com/product/547654_200w.jpg,3,2374,https://cpt.tcgcsv.com/65p6,2025-10-31T19:05:12.167,1,026/182,Promo,Fire,80,Basic,,"[1] Fiery Spirit 
<br>Search your deck for a Basic R Energy and attach it to this Pokémon. Then, shuffle your deck.",[2R] Knuckle Punch (50),Wx2,None,2,0.2,0.5,3.0,0.45,,Holofoil,
547700,Code Card - League Battle Deck [Gardevoir ex],Code Card League Battle Deck Gardevoir ex,https://tcgplayer-cdn.tcgplayer.com/product/547700_200w.jpg,3,2374,https://cpt.tcgcsv.com/06p6,2024-04-23T14:15:29.573,1,,Code Card,,,,"This listing is <strong>not</strong> a physical item. Please keep in mind that this <strong>Code Card</strong> listing represents a digital copy of the stated item for the Pokémon TCG Online <strong>and/or</strong> the Pokémon TCG Live games. You may receive the physical <strong>Code Card</strong>. Upon purchase, please work with your specific Seller by sending them a message using the <strong>Contact Seller</strong> button on the order details in your <a href=https://store.tcgplayer.com/myaccount/orderhistory>Order History</a> to opt in to having your <strong>Code Card</strong> code delivered digitally due to the nature of the product.",,,,,,,,,,,,
548190,Code Card - Grafaiai ex Box,Code Card Grafaiai ex Box,https://tcgplayer-cdn.tcgplayer.com/product/548190_200w.jpg,3,2374,https://cpt.tcgcsv.com/Qhp6,2024-04-29T16:16:12.653,1,,Code Card,,,,"This listing is <strong>not</strong> a physical item. Please keep in mind that this <strong>Code Card</strong> listing represents a digital copy of the stated item for the Pokémon TCG Online <strong>and/or</strong> the Pokémon TCG Live games. You may receive the physical <strong>Code Card</strong>. Upon purchase, please work with your specific Seller by sending them a message using the <strong>Contact Seller</strong> button on the order details in your <a href=https://store.tcgplayer.com/myaccount/orderhistory>Order History</a> to opt in to having your <strong>Code Card</strong> code delivered digitally due to the nature of the product.",,,,,,0.04,0.43,3.99,0.43,,Normal,
549291,Luxray - 071/193 (Cosmos Holo),Luxray 071 193 Cosmos Holo,https://tcgplayer-cdn.tcgplayer.com/product/549291_200w.jpg,3,2374,https://cpt.tcgcsv.com/RKp6,2024-05-01T18:30:00.083,0,071/193,Promo,Lightning,150,Stage 2,"<strong>Ability — Swelling Flash</strong>
<br>Once during your turn, if this card is in your hand and you have more Prize cards remaining than your opponent, you may play this card onto your Bench.","[2L] Wild Charge (180)
<br>This Pokemon also does 20 damage to itself.",,Fx2,None,1,0.12,0.51,19.99,0.51,,Holofoil,
549292,Klawf - 122/198 (Cosmo Holo),Klawf 122 198 Cosmo Holo,https://tcgplayer-cdn.tcgplayer.com/product/549292_200w.jpg,3,2374,https://cpt.tcgcsv.com/SKp6,2024-05-01T18:29:56.113,0,122/198,Promo,Fighting,130,Basic,,[FF] Vise Grip (50),"[FFF] Adrenaline Hammer (130)
<br>This Pokemon is now Confused.",Gx2,None,3,0.18,0.38,2.99,0.38,,Holofoil,
549293,Orthworm - 151/193 (Cosmo Holo),Orthworm 151 193 Cosmo Holo,https://tcgplayer-cdn.tcgplayer.com/product/549293_200w.jpg,3,2374,https://cpt.tcgcsv.com/TKp6,2025-10-09T20:43:59.003,1,151/193,Promo,Metal,130,Basic,"<strong>Ability — Nutritional Iron</strong>
<br>If this Pokémon has 3 or more M Energy attached, it gets +100 HP.","[4] Shoot Through (100)
<br>This attack also does 30 damage to 1 of your opponent's Benched Pokémon. (Don't apply Weakness and Resistance for Benched Pokémon.)",,Fx2,G-30,2,0.25,0.69,2.99,0.65,,Holofoil,
549339,Gyarados - 043/193 (Cosmo Holo),Gyarados 043 193 Cosmo Holo,https://tcgplayer-cdn.tcgplayer.com/product/549339_200w.jpg,3,2374,https://cpt.tcgcsv.com/PLp6,2024-05-01T17:06:24.81,0,043/193,Promo,Water,180,Stage 1,,"[2W] Revengeful Storm (80+)
<br>If you have more Prize cards remaining than your opponent, this attack does 100 more damage.","[2WW] Berserker Tackle (200)
<br>This Pokemon also does 50 damage to itself",Lx2,None,4,5.16,6.99,10.12,6.99,,Holofoil,
549432,Paradox Clash Tin [Iron Leaves ex] (International),Paradox Clash Tin Iron Leaves ex International,https://tcgplayer-cdn.tcgplayer.com/product/549432_200w.jpg,3,2374,https://cpt.tcgcsv.com/GNp6,2024-05-24T04:03:34.877,1,,,,,,"An Epic Clashing of the Past & Future!
<br>Powerful Paradox Pokémon arrive from the past and future to test their might as Pokémon ex! Traverse the Azure Seas with Walking Wake ex or deliver a Prism Edge attack with Iron Leaves ex! Whoever you choose to stand by, you’ll find even more helpful Pokémon and Trainer cards inside a handful of Pokémon TCG booster packs.
<br><br>The Pokémon TCG: Paradox Clash Tin includes:
<br>• 1 foil promo card featuring Walking Wake ex or Iron Leaves ex
<br>• 4 Pokémon TCG booster packs
<br>• A code card for Pokémon TCG Live",,,,,,,,,,,,820650806773
549433,Paradox Clash Tin [Walking Wake ex] (International),Paradox Clash Tin Walking Wake ex International,https://tcgplayer-cdn.tcgplayer.com/product/549433_200w.jpg,3,2374,https://cpt.tcgcsv.com/HNp6,2024-05-24T04:03:34.877,1,,,,,,"An Epic Clashing of the Past & Future!
<br>Powerful Paradox Pokémon arrive from the past and future to test their might as Pokémon ex! Traverse the Azure Seas with Walking Wake ex or deliver a Prism Edge attack with Iron Leaves ex! Whoever you choose to stand by, you’ll find even more helpful Pokémon and Trainer cards inside a handful of Pokémon TCG booster packs.
<br><br>The Pokémon TCG: Paradox Clash Tin includes:
<br>• 1 foil promo card featuring Walking Wake ex or Iron Leaves ex
<br>• 4 Pokémon TCG booster packs
<br>• A code card for Pokémon TCG Live",,,,,,,,,,,,820650806773
549443,Pokemon TCG: Back to School Pencil Case 2024,Pokemon TCG Back to School Pencil Case 2024,https://tcgplayer-cdn.tcgplayer.com/product/549443_200w.jpg,3,2374,https://cpt.tcgcsv.com/TNp6,2024-07-05T04:03:21.55,1,,,,,,"Pokémon TCG: Back to School Pencil Case
<br>Get Ready for Class—with Pokémon!
<br>When you’re getting ready for a day in class, organize your pens and pencils—and have a little fun at the same time by adding to your Pokémon TCG collection!
<br><br>The Pokémon TCG: Back to School Pencil Case includes:
<br>• A sturdy tin for storing pens and pencils
<br>• 2 Pokémon TCG booster packs",,,,,,17.15,19.98,64.99,17.59,,Normal,
549451,Pokemon TCG: Back to School Eraser Blister 2024 [Set of 2],Pokemon TCG Back to School Eraser Blister 2024 Set of 2,https://tcgplayer-cdn.tcgplayer.com/product/549451_200w.jpg,3,2374,https://cpt.tcgcsv.com/2Pp6,2024-07-05T04:03:21.55,1,,,,,,"Back to School Eraser Blister (2024)
<br>Get Ready for Your Next Project—with a Pokémon Eraser!
<br>Looking for the perfect eraser for a new project or a new class? You can choose a favorite Pokémon eraser—and add to your Pokémon TCG collection at the same time!
<br>Inside, you’ll find:
<br>1 of 2 favorite Pokémon erasers featuring Gengar or Bellibolt!
<br>1 Eraser Blister included with purchase.
<br>2 Pokémon TCG booster packs to expand your collection.",,,,,,49.99,49.99,49.99,49.99,,Normal,0820650829529
549452,Pokemon TCG: Back to School Eraser Blister 2024 [Gengar],Pokemon TCG Back to School Eraser Blister 2024 Gengar,https://tcgplayer-cdn.tcgplayer.com/product/549452_200w.jpg,3,2374,https://cpt.tcgcsv.com/3Pp6,2024-07-05T04:03:21.55,1,,,,,,"Back to School Eraser Blister (2024)
<br>Get Ready for Your Next Project—with a Pokémon Eraser!
<br>Looking for the perfect eraser for a new project or a new class? You can choose a favorite Pokémon eraser—and add to your Pokémon TCG collection at the same time!
<br>Inside, you’ll find:
<br>1 of 2 favorite Pokémon erasers featuring Gengar or Bellibolt!
<br>1 Eraser Blister included with purchase.
<br>2 Pokémon TCG booster packs to expand your collection.",,,,,,29.7,34.99,50.0,25.87,,Normal,0820650829529
549453,Pokemon TCG: Back to School Eraser Blister 2024 [Bellibolt],Pokemon TCG Back to School Eraser Blister 2024 Bellibolt,https://tcgplayer-cdn.tcgplayer.com/product/549453_200w.jpg,3,2374,https://cpt.tcgcsv.com/5Pp6,2024-07-05T04:03:21.55,1,,,,,,"Back to School Eraser Blister (2024)
<br>Get Ready for Your Next Project—with a Pokémon Eraser!
<br>Looking for the perfect eraser for a new project or a new class? You can choose a favorite Pokémon eraser—and add to your Pokémon TCG collection at the same time!
<br>Inside, you’ll find:
<br>1 of 2 favorite Pokémon erasers featuring Gengar or Bellibolt!
<br>1 Eraser Blister included with purchase.
<br>2 Pokémon TCG booster packs to expand your collection.",,,,,,17.25,17.25,17.25,18.3,,Normal,0820650829529
549454,Back-to-School 2024 Collector Chest,Back to School 2024 Collector Chest,https://tcgplayer-cdn.tcgplayer.com/product/549454_200w.jpg,3,2374,https://cpt.tcgcsv.com/6Pp6,2024-07-05T04:03:21.55,1,,,,,,"A Treasure Chest Packed with Pokémon!
<br>
This sturdy metal case contains more than a dozen special Pokémon goodies, including some not found anywhere else.


<br><br>The Pokémon Trading Card Game: Collector Chest includes:

<br>• 6 Pokémon TCG booster packs.

<br>• 2 foil cards featuring Scream Tail and Iron Valiant.

<br>• 2 Pokémon coins featuring Scream Tail and Iron Valiant.

<br>• 4 colorful sticker sheets.

<br>• A mini portfolio to store your favorite cards.

<br>• A code card for Pokémon TCG Live.",,,,,,33.48,42.97,52.42,39.59,,Normal,0820650871153
550632,Dragonite - 131/195 (EB Games Exclusive),Dragonite 131 195 EB Games Exclusive,https://tcgplayer-cdn.tcgplayer.com/product/550632_200w.jpg,3,2374,https://cpt.tcgcsv.com/Ggq6,2024-05-14T14:06:31.353,1,131/195,Promo,Dragon,160,Stage 2,,[3] Dragon Claw (80),"[2WL] Energy Hurricane (180)
<br>
Search your deck for up to 3 basic Energy cards and attach them to your Pokémon in any way you like. Then, shuffle your deck.",,,2,,,,,,,
550633,Koraidon - 119/162 (EB Games Promo),Koraidon 119 162 EB Games Promo,https://tcgplayer-cdn.tcgplayer.com/product/550633_200w.jpg,3,2374,https://cpt.tcgcsv.com/Hgq6,2024-05-09T14:32:12.08,0,119/162,Promo,Dragon,140,Basic,,"[F][C] Primeval Battering (30x) 
This attack does 30 damage for each of your Ancient Pokémon in play.","[F][F][C] Shred (130) 
This attack's damage isn't affected by any effects on your opponent's Active Pokémon.",None,None,2,37.99,37.99,37.99,39.1,,Holofoil,
550688,Kanto Friends Mini Tin [Set of 5],Kanto Friends Mini Tin Set of 5,https://tcgplayer-cdn.tcgplayer.com/product/550688_200w.jpg,3,2374,https://cpt.tcgcsv.com/Nhq6,2024-05-09T20:14:17.4,0,,,,,,"This product contains 5 Mini Tins designs.
<br>
In each Pokémon TCG: Crown Zenith Mini Tin, you’ll find:
<br>
• 2 Pokémon TCG: Crown Zenith booster packs
<br>
• 1 sticker sheet
<br>
• A Pokémon art card showing the art from this Mini Tin—you can collect and combine all 5!",,,,,,194.95,197.48,200.0,113.3,,Normal,
550762,Code Card - Gyarados ex Premium Collection,Code Card Gyarados ex Premium Collection,https://tcgplayer-cdn.tcgplayer.com/product/550762_200w.jpg,3,2374,https://cpt.tcgcsv.com/gkq6,2024-05-10T18:56:31.413,1,,Code Card,,,,"This listing is <strong>not</strong> a physical item. Please keep in mind that this <strong>Code Card</strong> listing represents a digital copy of the stated item for the Pokémon TCG Online <strong>and/or</strong> the Pokémon TCG Live games. You may receive the physical <strong>Code Card</strong>. Upon purchase, please work with your specific Seller by sending them a message using the <strong>Contact Seller</strong> button on the order details in your <a href=https://store.tcgplayer.com/myaccount/orderhistory>Order History</a> to opt in to having your <strong>Code Card</strong> code delivered digitally due to the nature of the product.",,,,,,0.15,0.2,0.3,0.2,,Normal,
551456,Costco Galar Pals Mini Tins 5-Pack,Costco Galar Pals Mini Tins 5 Pack,https://tcgplayer-cdn.tcgplayer.com/product/551456_200w.jpg,3,2374,https://cpt.tcgcsv.com/8Cq6,2025-07-24T18:20:51.797,1,,,,,,"This is a great pack of 5 previously issued Mini Tins complete with booster packs, coin, and promo cards. Expand your collection with this Pokémon Trading Card Game: Galar Pals Mini Tins / Promo Card Bundle perfectly sized for taking your favorite cards on the go! These fantastic tins are easy to open and feature five fun Pokémon illustrations—and all five form a single image when you line them up.
<br>
<br><strong>Contents:</strong>
<br>• 5 Pokemon Mini Tins
<br>• Each Tin Contains 1 Art Card and 2 Booster Packs
<br>• Each Tin contains 1 Collector Pokemon Coin
<br>
<br><em>(Pokemon TCG booster packs, coins, and contents vary by product.)</em>",,,,,,249.99,249.99,249.99,159.99,,Normal,820650851568
551628,Play! Pokemon Prize Pack Series Four,Play Pokemon Prize Pack Series Four,https://tcgplayer-cdn.tcgplayer.com/product/551628_200w.jpg,3,2374,https://cpt.tcgcsv.com/BGq6,2025-10-08T19:43:57.257,1,,,,,,Each Prize Pack contains six cards.,,,,,,5.0,8.0,13.78,7.81,,Normal,
552236,Epic Collection ex Deck [Feraligatr],Epic Collection ex Deck Feraligatr,https://tcgplayer-cdn.tcgplayer.com/product/552236_200w.jpg,3,2374,https://cpt.tcgcsv.com/LVq6,2024-05-20T13:18:40.837,1,,,,,,"One of the three EX Epic Collection Decks, Epic Collection ex Deck [Feraligatr] contains 60 cards, a rulebook, damage counters, status counters, a custom coin, and playmat. The deck focuses on Water and Psychic type Pokémon and includes cards from several EX Series expansions.
<br>Get ready to choose your own path to victory with the powerful Water and Psychic Feraligatr ex deck! Shut down your opponent's Poké-Powers & Poké-Bodies... go after your opponent's vulnerable Bench... and decide to go for a rapid-fire victory or dig in for a longer game!",,,,,,,,,,,,820650104411
552237,Epic Collection ex Deck [Typhlosion],Epic Collection ex Deck Typhlosion,https://tcgplayer-cdn.tcgplayer.com/product/552237_200w.jpg,3,2374,https://cpt.tcgcsv.com/MVq6,2024-05-20T13:18:57.687,1,,,,,,"One of the three EX Epic Collection Decks, Epic Collection ex Deck [Typhlosion] contains 60 cards, a rulebook, damage counters, status counters, a custom coin, and playmat. The deck focuses on Fire and Lightning type Pokémon and includes cards from several EX Series expansions.
<br>The Typhlosion ex deck comes packed with some hard-hitting Fire and Lightning Pokémon that can not just win battles but win them fast! With exceptional speed and extra punch in every attack, the Typhlosion ex deck is sure to Knock Out your opponents!",,,,,,,,,,,,820650150081
552433,Sandaconda - 082/163 (EB Games Exclusive),Sandaconda 082 163 EB Games Exclusive,https://tcgplayer-cdn.tcgplayer.com/product/552433_200w.jpg,3,2374,https://cpt.tcgcsv.com/H-q6,2024-05-22T13:41:38.997,1,082/163,Promo,Fighting,130,Stage 1,,"[F] Big Sand Cannon (60x)
<br>Discard the top 6 cards of your deck. This attack does 60 damage for each F Energy card you discarded in this way.",[1FF] Skull Bash (120),Gx2,None,3,15.0,21.3,49.99,18.82,,Holofoil,
552434,Hisuian Zoroark - 076/196 (EB Games Exclusive),Hisuian Zoroark 076 196 EB Games Exclusive,https://tcgplayer-cdn.tcgplayer.com/product/552434_200w.jpg,3,2374,https://cpt.tcgcsv.com/J-q6,2024-05-22T13:44:18.213,1,076/196,Promo,Psychic,120,Stage 1,,"[0] Doom Curse
<br>
At the end of your opponent's next turn, the Defending Pokémon will be Knocked Out.","[P] Call Back
<br>
Put a card from your discard pile into your hand.",Dx2,F-30,2,68.85,69.89,69.99,72.47,,Holofoil,
554175,Vibrant Paldea Mini Tin Collection Display,Vibrant Paldea Mini Tin Collection Display,https://tcgplayer-cdn.tcgplayer.com/product/554175_200w.jpg,3,2374,https://cpt.tcgcsv.com/wHr6,2024-06-07T04:03:17.63,1,,,,,,"Pokémon Favorites in the Palm of Your Hand! <Br>
Each display contains 10 units per display. <BR>
In each Pokémon TCG: Vibrant Paldea Mini Tin, you’ll find:
<BR>
<BR>• 2 Pokémon TCG booster packs
<BR>• 1 sticker sheet
<BR> • A Pokémon art card showing the art from this Mini Tin—you can collect and combine all 5!",,,,,,249.99,250.0,275.0,176.75,,Normal,0820650867675
554179,Vibrant Paldea Mini Tin [Dachsbun],Vibrant Paldea Mini Tin Dachsbun,https://tcgplayer-cdn.tcgplayer.com/product/554179_200w.jpg,3,2374,https://cpt.tcgcsv.com/CHr6,2024-06-07T04:03:17.63,1,,,,,,"Pokémon Favorites in the Palm of Your Hand! <br>
In this Pokémon TCG: Vibrant Paldea Mini Tin, you’ll find:
<br>
<br>• 2 Pokémon TCG booster packs
<Br>• 1 sticker sheet
<br>• A Pokémon art card showing the art from this Mini Tin—you can collect and combine all 5!",,,,,,,,,,,,0820650867675
554180,Vibrant Paldea Mini Tin [Espathra],Vibrant Paldea Mini Tin Espathra,https://tcgplayer-cdn.tcgplayer.com/product/554180_200w.jpg,3,2374,https://cpt.tcgcsv.com/DHr6,2024-06-07T04:03:17.63,1,,,,,,"Pokémon Favorites in the Palm of Your Hand! <br>
In this Pokémon TCG: Vibrant Paldea Mini Tin, you’ll find:
<br>
• 2 Pokémon TCG booster packs 
<br>• 1 sticker sheet
<br>• A Pokémon art card showing the art from this Mini Tin—you can collect and combine all 5!",,,,,,21.93,25.99,39.99,21.93,,Normal,0820650867675
554181,Vibrant Paldea Mini Tin [Arboliva],Vibrant Paldea Mini Tin Arboliva,https://tcgplayer-cdn.tcgplayer.com/product/554181_200w.jpg,3,2374,https://cpt.tcgcsv.com/FHr6,2024-06-07T04:03:17.63,1,,,,,,"Pokémon Favorites in the Palm of Your Hand! <br>
In this Pokémon TCG: Vibrant Paldea Mini Tin, you’ll find:
<Br>
• 2 Pokémon TCG booster packs
<br>• 1 sticker sheet
<br>• A Pokémon art card showing the art from this Mini Tin—you can collect and combine all 5!",,,,,,19.98,24.99,28.96,,,Normal,0820650867675
554182,Vibrant Paldea Mini Tin [Palafin],Vibrant Paldea Mini Tin Palafin,https://tcgplayer-cdn.tcgplayer.com/product/554182_200w.jpg,3,2374,https://cpt.tcgcsv.com/GHr6,2024-06-07T04:03:17.63,1,,,,,,"Pokémon Favorites in the Palm of Your Hand! <br>
In this Pokémon TCG: Vibrant Paldea Mini Tin, you’ll find: <br>

• 2 Pokémon TCG booster packs
<br>• 1 sticker sheet
<br>• A Pokémon art card showing the art from this Mini Tin—you can collect and combine all 5!",,,,,,,,,,,,0820650867675
554183,Vibrant Paldea Mini Tin [Ceruledge],Vibrant Paldea Mini Tin Ceruledge,https://tcgplayer-cdn.tcgplayer.com/product/554183_200w.jpg,3,2374,https://cpt.tcgcsv.com/HHr6,2024-06-07T04:03:17.63,1,,,,,,"Pokémon Favorites in the Palm of Your Hand! <br>
In this Pokémon TCG: Vibrant Paldea Mini Tin, you’ll find:
<br>
• 2 Pokémon TCG booster packs
<br>• 1 sticker sheet
<br>• A Pokémon art card showing the art from this Mini Tin—you can collect and combine all 5!",,,,,,44.98,44.99,50.0,34.72,,Normal,0820650867675
554184,Vibrant Paldea Mini Tin [Set of 5],Vibrant Paldea Mini Tin Set of 5,https://tcgplayer-cdn.tcgplayer.com/product/554184_200w.jpg,3,2374,https://cpt.tcgcsv.com/JHr6,2024-06-07T04:03:17.63,1,,,,,,"This product contains 5 Mini Tins designs.
<br>
Pokémon Favorites in the Palm of Your Hand! <Br>
In this Pokémon TCG: Vibrant Paldea Mini Tin, you’ll find:
<br>
• 2 Pokémon TCG booster packs
<br>• 1 sticker sheet
<br>• A Pokémon art card showing the art from this Mini Tin—you can collect and combine all 5!",,,,,,,,,,,,0820650867675
554303,Absol - 097/189 (Cosmos Holo),Absol 097 189 Cosmos Holo,https://tcgplayer-cdn.tcgplayer.com/product/554303_200w.jpg,3,2374,https://cpt.tcgcsv.com/5Lr6,2026-01-15T02:46:19.6,1,097/189,Rare,Dark,100,Basic,,"[D] Swirling Disaster
<br>This attack does 10 damage to each of your opponent's Pokémon. <em>(Don't apply Weakness and Resistance for Benched Pokémon.)</em>","[1D] Claw Rend (50+)
<br>If your opponent's Active Pokémon already has any damage counters on it, this attack does 70 more damage.",Gx2,,1,0.67,1.38,5.0,1.36,,Holofoil,
554803,Palafin - 062/197 (Cosmos Holo),Palafin 062 197 Cosmos Holo,https://tcgplayer-cdn.tcgplayer.com/product/554803_200w.jpg,3,2374,https://cpt.tcgcsv.com/5Xr6,2025-06-24T15:15:20.99,1,062/197,Promo,Water,150,Stage 1,,"[W] Jet Punch (30)
<br>This attack also does 30 damage to 1 of your opponent's Benched Pokémon. <em>(Don't apply Weakness and Resistance for Benched Pokémon.)</em>","[WW] Justice Kick (210)
<br>If this Pokémon didn't move from the Bench to the Active Spot this turn, this attack does nothing.",Lx2,None,2,0.22,0.47,2.99,0.45,,Holofoil,
555695,Scovillain - 025/197 (Cosmos Foil),Scovillain 025 197 Cosmos Foil,https://tcgplayer-cdn.tcgplayer.com/product/555695_200w.jpg,3,2374,https://cpt.tcgcsv.com/Whs6,2024-07-01T12:41:08.353,0,025/197,Promo,Grass,110,Stage 1,"<strong>Ability — Double Type</strong>
<br>This Pokémon is both [G] and [R].","[GCC] Spicy Headbutt (110) 
<br>This attack’s damage isn’t affected by Resistance.",,Rx2,None,2,1.87,2.83,11.99,2.8,,Holofoil,
557146,Porygon-Z - 144/182 (Cosmos Holo),Porygon Z 144 182 Cosmos Holo,https://tcgplayer-cdn.tcgplayer.com/product/557146_200w.jpg,3,2374,https://cpt.tcgcsv.com/XSs6,2024-06-27T14:38:42.98,1,144/182,Rare,Colorless,150,Stage 2,"<strong>Ability — Buggy Turbo</strong>
<br>Once during your turn, you may flip a coin. If heads, attach up to 4 Basic Energy cards from your discard pile to this Pokemon. If tails, discard an Energy from this Pokemon.","[1] Energized Attack (40x)
<br>This attack does 40 damage for each Energy attached to this Pokemon.",,Fx2,None,2,0.83,1.49,5.99,1.51,,Holofoil,
557166,Lokix - 122/182 (Cosmos Holo),Lokix 122 182 Cosmos Holo,https://tcgplayer-cdn.tcgplayer.com/product/557166_200w.jpg,3,2374,https://cpt.tcgcsv.com/lTs6,2024-06-28T14:22:22.26,1,122/182,Rare,Darkness,120,Stage 1,,"[D] Bounce (30)
<br>Switch this Pokémon with 1 of your Benched Pokémon.","[DD] Punishing Kick (10+)
<br>This attack does 40 more damage for each damage counter on your opponent’s Active Pokémon.",Gx2,None,1,0.9,1.35,5.99,1.33,,Holofoil,
557326,ex Battle Deck [Victini ex],ex Battle Deck Victini ex,https://tcgplayer-cdn.tcgplayer.com/product/557326_200w.jpg,3,2374,https://cpt.tcgcsv.com/xXs6,2024-07-12T04:03:17.46,1,,,,,,"Mighty Pokémon ex Battle for Victory!
<br>
Powerful Pokémon ex are ready to charge onto the battlefield in the new Pokémon TCG: ex Battle Decks! Each 60-card deck is led by an exceptional Pokémon ex and includes everything you need to play right away. Let the battle begin!
<br>
In each ex Battle Deck, you’ll find:
<br>
• 1 ready-to-play 60-card deck
<br>
• 3 reference cards
<br>
• 1 rules booklet
<br>
• Single-player playmat
<br>
• Damage counters
<br>
• 1 large metallic coin
<br>
• 1 deck box
<br>
• 1 strategy sheet
<br>
• 1 code card to play this deck online",,,,,,14.98,15.5,39.99,15.5,,Normal,
557327,ex Battle Deck [Miraidon ex],ex Battle Deck Miraidon ex,https://tcgplayer-cdn.tcgplayer.com/product/557327_200w.jpg,3,2374,https://cpt.tcgcsv.com/zXs6,2024-07-12T04:03:17.46,1,,,,,,"Mighty Pokémon ex Battle for Victory!
<br>
Powerful Pokémon ex are ready to charge onto the battlefield in the new Pokémon TCG: ex Battle Decks! Each 60-card deck is led by an exceptional Pokémon ex and includes everything you need to play right away. Let the battle begin!
<br>
In each ex Battle Deck, you’ll find:
<br>
• 1 ready-to-play 60-card deck
<br>
• 3 reference cards
<br>
• 1 rules booklet
<br>
• Single-player playmat
<br>
• Damage counters
<br>
• 1 large metallic coin
<br>
• 1 deck box
<br>
• 1 strategy sheet
<br>
• 1 code card to play this deck online",,,,,,12.81,19.47,39.99,13.0,,Normal,
557328,Code Card - ex Battle Deck [Victini ex],Code Card ex Battle Deck Victini ex,https://tcgplayer-cdn.tcgplayer.com/product/557328_200w.jpg,3,2374,https://cpt.tcgcsv.com/BXs6,2025-02-10T17:59:40.32,1,,Code Card,,,,"This listing is <strong>not</strong> a physical item. Please keep in mind that this <strong>Code Card</strong> listing represents a digital copy of the stated item for the Pokémon TCG Online <strong>and/or</strong> the Pokémon TCG Live games. You may receive the physical <strong>Code Card</strong>. Upon purchase, please work with your specific Seller by sending them a message using the <strong>Contact Seller</strong> button on the order details in your <a href=https://store.tcgplayer.com/myaccount/orderhistory>Order History</a> to opt in to having your <strong>Code Card</strong> code delivered digitally due to the nature of the product.",,,,,,1.5,1.89,4.99,1.75,,Normal,
557329,Code Card - ex Battle Deck [Miraidon ex],Code Card ex Battle Deck Miraidon ex,https://tcgplayer-cdn.tcgplayer.com/product/557329_200w.jpg,3,2374,https://cpt.tcgcsv.com/CXs6,2025-02-10T18:00:23.727,1,,Code Card,,,,"This listing is <strong>not</strong> a physical item. Please keep in mind that this <strong>Code Card</strong> listing represents a digital copy of the stated item for the Pokémon TCG Online <strong>and/or</strong> the Pokémon TCG Live games. You may receive the physical <strong>Code Card</strong>. Upon purchase, please work with your specific Seller by sending them a message using the <strong>Contact Seller</strong> button on the order details in your <a href=https://store.tcgplayer.com/myaccount/orderhistory>Order History</a> to opt in to having your <strong>Code Card</strong> code delivered digitally due to the nature of the product.",,,,,,2.25,3.0,4.99,2.75,,Normal,
557370,Steelix - 125/182 (Cosmos Holo),Steelix 125 182 Cosmos Holo,https://tcgplayer-cdn.tcgplayer.com/product/557370_200w.jpg,3,2374,https://cpt.tcgcsv.com/qZs6,2024-07-30T18:07:38.927,1,125/182,Rare,Metal,180,Stage 1,,"[M] Earthquake (130)
<br>This attack also does 30 damage to each of your Benched Pokemon. <em>(Don't apply Weakness and Resistance for Benched Pokemon)</em>.",[3MM] Heavy Impact (180),Rx2,G-30,4,9.32,9.99,19.99,9.19,,Holofoil,
558552,Teal Mask Ogerpon (Cosmos Holo) (Gamestop Exclusive),Teal Mask Ogerpon Cosmos Holo Gamestop Exclusive,https://tcgplayer-cdn.tcgplayer.com/product/558552_200w.jpg,3,2374,https://cpt.tcgcsv.com/3rt6,2024-07-12T14:19:38.437,1,024/167,Rare,Grass,110,Basic,,"[C] Mountain Stroll
Search your deck for up to 2 Basic Energy cards, reveal them, and put them into your hand. Then, shuffle your deck.","[GC] Ogre Comeback (20+)
This attack does 20 more damage for each of your opponent's Benched Pokémon.",Rx2,None,1,51.23,57.63,81.85,51.68,,Holofoil,
558553,Teal Mask Ogerpon (Cosmos Holo) (EB Games Exclusive),Teal Mask Ogerpon Cosmos Holo EB Games Exclusive,https://tcgplayer-cdn.tcgplayer.com/product/558553_200w.jpg,3,2374,https://cpt.tcgcsv.com/5rt6,2024-07-12T14:19:02.767,1,024/167,Rare,Grass,110,Basic,,"[C] Mountain Stroll
Search your deck for up to 2 Basic Energy cards, reveal them, and put them into your hand. Then, shuffle your deck.","[GC] Ogre Comeback (20+)
This attack does 20 more damage for each of your opponent's Benched Pokémon.",Rx2,None,1,99.99,99.99,99.99,82.29,,Holofoil,
558746,Dark Powers ex Special Collection,Dark Powers ex Special Collection,https://tcgplayer-cdn.tcgplayer.com/product/558746_200w.jpg,3,2374,https://cpt.tcgcsv.com/Xvt6,2024-08-30T04:08:16.717,2,,,,,,"Cast a Spooky Shadow over Your Next Battle! <br>
A bone-chilling fog fills the air as night falls and eerie Pokémon ex come out to play! Boasting big HP and powerful attacks, Absol ex and Gengar ex bring the sneaky tricks of the Darkness type to your deck, while the ghostly Banette ex shows off Psychic-type prowess as a foil oversize card for display.
Even more Pokémon await inside the booster packs in this special set!
<br><br>
The Pokémon TCG: Dark Powers ex Special Collection includes: <br>
• 1 foil card featuring Gengar ex <br>
• 1 foil card featuring Absol ex <br>
• 1 oversize foil card featuring Banette ex <br>
• 5 Pokémon TCG booster packs <br>
• A code card for Pokémon TCG Live <br>",,,,,,95.0,105.98,179.99,78.97,,Normal,0820650412035
558747,Dark Powers ex Special Collection Case,Dark Powers ex Special Collection Case,https://tcgplayer-cdn.tcgplayer.com/product/558747_200w.jpg,3,2374,https://cpt.tcgcsv.com/Zvt6,2024-08-30T04:08:16.717,1,,,,,,"Cast a Spooky Shadow over Your Next Battle!<br>
A bone-chilling fog fills the air as night falls and eerie Pokémon ex come out to play! Boasting big HP and powerful attacks, Absol ex and Gengar ex bring the sneaky tricks of the Darkness type to your deck, while the ghostly Banette ex shows off Psychic-type prowess as a foil oversize card for display.
Even more Pokémon await inside the booster packs in this special set!
<br><br>
Each Case contains 6 Dark Powers ex Special Collection boxes.
<br><br>
The Pokémon TCG: Dark Powers ex Special Collection includes:<br>
• 1 foil card featuring Gengar ex<br>
• 1 foil card featuring Absol ex<br>
• 1 oversize foil card featuring Banette ex<br>
• 5 Pokémon TCG booster packs<br>
• A code card for Pokémon TCG Live<br>",,,,,,,,,,,,0820650432033
559089,Holiday Calendar 2024,Holiday Calendar 2024,https://tcgplayer-cdn.tcgplayer.com/product/559089_200w.jpg,3,2374,https://cpt.tcgcsv.com/PFt6,2024-08-23T04:08:14.957,2,,,,,,"25 Days of Pokémon TCG Surprises!<br>
Celebrate the season with 25 days of surprises in the Pokémon TCG: Holiday Calendar! From special foil cards to booster packs and more, there’s a different Pokémon goodie to open every day.
<br><br>
The Pokémon TCG: Holiday Calendar includes 25 surprises to discover:<br>
• 8 foil Pokémon TCG cards with a festive stamp<br>
• 5 Pokémon TCG booster packs<br>
• 7 Pokémon TCG 3-card fun packs<br>
• 2 Pokémon coins<br>
• 2 Pokémon sticker sheets<br>
• 1 sidekick dangler featuring Chien-Pao<br>
• Plus, find a code card for Pokémon TCG Live",,,,,,60.0,65.91,100.0,67.83,,Normal,0820650432743
559565,Eevee - 133/165 (Pokemon Together),Eevee 133 165 Pokemon Together,https://tcgplayer-cdn.tcgplayer.com/product/559565_200w.jpg,3,2374,https://cpt.tcgcsv.com/kRt6,2024-07-23T12:16:55.447,1,133/165,Promo,Colorless,70,Basic,,"[1] Colorful Friends
<br>Search your deck for up to 3 Pokemon of different types, reveal them, and put them into your hand. Then, shuffle your deck.",[1] Skip (10),Fx2,None,1,179.99,245.0,550.0,118.97,,Normal,
559566,Pikachu - 025/165 (Pokemon Together),Pikachu 025 165 Pokemon Together,https://tcgplayer-cdn.tcgplayer.com/product/559566_200w.jpg,3,2374,https://cpt.tcgcsv.com/lRt6,2024-07-23T12:17:03.47,1,025/165,Promo,Lightning,60,Basic,,"[L] Charge <br>
Search your deck for a Basic L Energy card and attach it to this Pokémon. Then, shuffle your deck.",[1LL] Pika Punch (50),Fx2,,1,149.98,250.0,550.0,121.61,,Normal,
560089,Code Card - Palafin ex Box,Code Card Palafin ex Box,https://tcgplayer-cdn.tcgplayer.com/product/560089_200w.jpg,3,2374,https://cpt.tcgcsv.com/P2v6,2025-02-10T18:02:23.2,1,,Code Card,,,,"This listing is <strong>not</strong> a physical item. Please keep in mind that this <strong>Code Card</strong> listing represents a digital copy of the stated item for the Pokémon TCG Online <strong>and/or</strong> the Pokémon TCG Live games. You may receive the physical <strong>Code Card</strong>. Upon purchase, please work with your specific Seller by sending them a message using the <strong>Contact Seller</strong> button on the order details in your <a href=https://store.tcgplayer.com/myaccount/orderhistory>Order History</a> to opt in to having your <strong>Code Card</strong> code delivered digitally due to the nature of the product.",,,,,,0.1,0.19,0.99,0.17,,Normal,
560090,Finizen - 059/167 (Cosmos Holo),Finizen 059 167 Cosmos Holo,https://tcgplayer-cdn.tcgplayer.com/product/560090_200w.jpg,3,2374,https://cpt.tcgcsv.com/Q2v6,2024-07-22T14:57:32.563,1,059/167,Common,Water,70,Basic,,"[W] Aqua Slash (30)
duringyour next turn, this Pokémon can't attack.",,Lx2,None,1,0.2,0.33,1.49,0.33,,Holofoil,
560091,Palafin - 060/167 (Cosmos Holo),Palafin 060 167 Cosmos Holo,https://tcgplayer-cdn.tcgplayer.com/product/560091_200w.jpg,3,2374,https://cpt.tcgcsv.com/R2v6,2025-11-21T03:02:26.64,1,060/167,Promo,Water,100,Stage 1,"<strong>Ability — Zero to Hero</strong><br>Once during your turn, when this Pokémon moves from the Active Spot to the Bench, you may search your deck for a Palafin <strong>ex</strong> and switch it with this Pokémon. Any attached cards, damage counters, Special Conditions, turns in play, and any other effects remain on the new Pokémon. If you switched a Pokémon in this way, put this card into your deck. Then, shuffle your deck.",[WC] Wave Splash (30),,Lx2,None,1,0.15,0.4,5.0,0.38,,Holofoil,
560625,Charizard ex Super-Premium Collection,Charizard ex Super Premium Collection,https://tcgplayer-cdn.tcgplayer.com/product/560625_200w.jpg,3,2374,https://cpt.tcgcsv.com/wgv6,2024-10-04T04:08:15.47,2,,,,,,"Charizard Guards Your Favorite Card!<br>
With explosive attacks and huge HP, Charizard ex has a commanding presence on the battlefield! Bring that burning tenacity to life on your desk, bookcase, or nightstand with an awesome Charizard figure featuring translucent fire effects to show off a favorite card—like the foil Charmander, Charmeleon, or Charizard ex you also get in this collection! Even more fun awaits in a stack of 10 booster packs from different Pokémon TCG expansions.
<br><br>
The Pokémon TCG: Charizard ex Super-Premium Collection includes:<br>
• 1 foil promo card featuring Charizard ex<br>
• 2 foil cards featuring Charmander and Charmeleon<br>
• 1 card-display figure featuring Charizard<br>
• 10 Pokémon TCG booster packs<br>
• Booster pack contains 10 cards and 1 Basic Energy. <em> (Cards vary by pack. Packs vary by product.)</em><br>
• A code card for Pokémon TCG Live",,,,,,80.0,116.0,200.0,98.67,,Normal,820650878190
561521,Houndstone ex Box,Houndstone ex Box,https://tcgplayer-cdn.tcgplayer.com/product/561521_200w.jpg,3,2374,https://cpt.tcgcsv.com/rDv6,2024-10-04T04:08:15.627,1,,,,,,"The Ghost Dog Pokémon Comes Out to Play! <br>
Houndstone may look frightening, but if you make friends with it, you’ll have a loyal buddy forever! With this set, you get a foil promo card featuring Houndstone as a powerful Pokémon ex, along with a foil card featuring Greavard so you can add both Ghost Dog Pokémon to your deck or collection. And you’ll find even more Pokémon partners inside the included Pokémon TCG booster packs!
<br><br>
The Pokémon TCG: Houndstone ex Box includes:<br>
• 1 foil promo card featuring Houndstone ex<br>
• 1 foil card featuring Greavard<br>
• 1 oversize foil card featuring Houndstone ex<br>
• 4 Pokémon TCG booster packs<br>
• A code card for Pokémon TCG Live",,,,,,27.0,39.99,45.0,34.87,,Normal,0820650412974
561885,Houndstone ex Box Case,Houndstone ex Box Case,https://tcgplayer-cdn.tcgplayer.com/product/561885_200w.jpg,3,2374,https://cpt.tcgcsv.com/KMv6,2024-10-04T04:08:15.627,1,,,,,,"The Ghost Dog Pokémon Comes Out to Play! <br>
Houndstone may look frightening, but if you make friends with it, you’ll have a loyal buddy forever! With this set, you get a foil promo card featuring Houndstone as a powerful Pokémon ex, along with a foil card featuring Greavard so you can add both Ghost Dog Pokémon to your deck or collection. And you’ll find even more Pokémon partners inside the included Pokémon TCG booster packs!
<br><br>
Each case contains 6 Houndstone ex Boxes
<br><br>
The Pokémon TCG: Houndstone ex Box includes:<br>
• 1 foil promo card featuring Houndstone ex<br>
• 1 foil card featuring Greavard<br>
• 1 oversize foil card featuring Houndstone ex<br>
• 4 Pokémon TCG booster packs<br>
• A code card for Pokémon TCG Live",,,,,,,,,,,,0820650432972
562090,Pawniard - 148/197 (Cosmos Holo),Pawniard 148 197 Cosmos Holo,https://tcgplayer-cdn.tcgplayer.com/product/562090_200w.jpg,3,2374,https://cpt.tcgcsv.com/QRv6,2024-08-06T19:10:04.487,1,148/197,Promo,Metal,70,Basic,,"[M] Triple Cutter (10x)
<br>Flip 3 coins. This attack does 10 damage for each heads.",,Fx2,G-30,1,0.01,0.25,8.81,0.2,,Holofoil,
562092,Bisharp - 149/197 (Cosmos Holo),Bisharp 149 197 Cosmos Holo,https://tcgplayer-cdn.tcgplayer.com/product/562092_200w.jpg,3,2374,https://cpt.tcgcsv.com/SRv6,2024-08-06T19:10:23.13,1,149/197,Promo,Metal,110,Basic,,[M] Metal Claw (20),"[1M] Fury Cutter (50+)
<br>Flip 3 coins. If 1 of them is heads, this attack does 20 more damage. If 2 of them are heads, this attack does 60 more damage. If all of them are heads, this attack does 120 more damage.",Fx2,G-30,1,0.04,0.28,8.81,0.25,,Holofoil,
562164,Seadra - 011/064 (Cosmos Holo),Seadra 011 064 Cosmos Holo,https://tcgplayer-cdn.tcgplayer.com/product/562164_200w.jpg,3,2374,https://cpt.tcgcsv.com/jTv6,2024-08-06T17:44:02.753,1,011/064,Promo,Water,90,Stage 1,,"[W] Call for Backup<br> Search your deck for up to 3 Pokemon, reveal them, and put them into your hand. Then, shuffle your deck.",[CC] Sharp Fin (40),Lx2,,1,0.11,0.35,8.81,0.34,,Holofoil,
562166,Froakie - 056/197 (Cosmos Holo),Froakie 056 197 Cosmos Holo,https://tcgplayer-cdn.tcgplayer.com/product/562166_200w.jpg,3,2374,https://cpt.tcgcsv.com/lTv6,2026-02-16T19:04:28.397,1,056/197,Promo,Water,70,Basic,,"[W] Try Bouncing (30)
Flip a coin. If tails, this attack does nothing.",,Lx2,None,1,0.19,0.5,8.81,0.49,0.45,Holofoil,
562170,Frogadier - 057/197 (Cosmos Holo),Frogadier 057 197 Cosmos Holo,https://tcgplayer-cdn.tcgplayer.com/product/562170_200w.jpg,3,2374,https://cpt.tcgcsv.com/qTv6,2025-05-05T11:50:50.587,1,057/197,Promo,Water,90,Stage 1,,[W][W] Strafe (40) You may switch this Pokemon with 1 of your Benched Pokemon.,,Lx2,None,1,0.09,0.4,8.81,0.37,,Holofoil,
562172,Horsea - 010/064 (Cosmos Holo),Horsea 010 064 Cosmos Holo,https://tcgplayer-cdn.tcgplayer.com/product/562172_200w.jpg,3,2374,https://cpt.tcgcsv.com/sTv6,2026-02-16T23:41:49.077,1,010/064,Promo,Water,60,Basic,,[W] Hold Still<br> Heal 30 damage from this Pokemon.,[CC] Razor Fin (20),Lx2,,1,0.1,0.48,8.81,0.52,0.35,Holofoil,
562354,Paradox Destinies Tin [Iron Crown ex],Paradox Destinies Tin Iron Crown ex,https://tcgplayer-cdn.tcgplayer.com/product/562354_200w.jpg,3,2374,https://cpt.tcgcsv.com/6Zv6,2024-09-06T04:08:12.873,1,,,,,,"Ancient & Future Pokémon ex Charge into Battle!<br>
More Paradox Pokémon from the past and future arrive in the Pokémon TCG for a destined battle surpassing time itself! The Ancient Pokémon Gouging Fire ex and Raging Bolt ex show their primordial prowess, while the Future Pokémon Iron Boulder ex and Iron Crown ex demonstrate metallic mastery. In this Paradox Destinies Tin, you’ll find a promo card featuring one of these four Paradox Pokémon, additional allies to add to the fray with 5 booster packs, and a code card for Pokémon TCG Live.
<br><br>
The Pokémon TCG: Paradox Destinies Tin includes: <br>
• 1 foil promo card featuring Iron Crown ex <br>
• 5 Pokémon TCG booster packs<br>
• A code card for Pokémon TCG Live<br>",,,,,,24.0,34.99,49.99,25.99,,Normal,0820650858406
562356,Paradox Destinies Tin [Iron Boulder ex],Paradox Destinies Tin Iron Boulder ex,https://tcgplayer-cdn.tcgplayer.com/product/562356_200w.jpg,3,2374,https://cpt.tcgcsv.com/8Zv6,2024-09-06T04:08:12.873,1,,,,,,"Ancient & Future Pokémon ex Charge into Battle!<br>
More Paradox Pokémon from the past and future arrive in the Pokémon TCG for a destined battle surpassing time itself! The Ancient Pokémon Gouging Fire ex and Raging Bolt ex show their primordial prowess, while the Future Pokémon Iron Boulder ex and Iron Crown ex demonstrate metallic mastery. In this Paradox Destinies Tin, you’ll find a promo card featuring one of these four Paradox Pokémon, additional allies to add to the fray with 5 booster packs, and a code card for Pokémon TCG Live.
<br><br>
The Pokémon TCG: Paradox Destinies Tin includes: <br>
• 1 foil promo card featuring Iron Boulder ex, <br>
• 5 Pokémon TCG booster packs<br>
• A code card for Pokémon TCG Live<br>",,,,,,30.0,35.0,58.0,25.03,,Normal,0820650858406
562357,Paradox Destinies Tin [Raging Bolt ex],Paradox Destinies Tin Raging Bolt ex,https://tcgplayer-cdn.tcgplayer.com/product/562357_200w.jpg,3,2374,https://cpt.tcgcsv.com/9Zv6,2024-09-06T04:08:12.873,1,,,,,,"Ancient & Future Pokémon ex Charge into Battle!<br>
More Paradox Pokémon from the past and future arrive in the Pokémon TCG for a destined battle surpassing time itself! The Ancient Pokémon Gouging Fire ex and Raging Bolt ex show their primordial prowess, while the Future Pokémon Iron Boulder ex and Iron Crown ex demonstrate metallic mastery. In this Paradox Destinies Tin, you’ll find a promo card featuring one of these four Paradox Pokémon, additional allies to add to the fray with 5 booster packs, and a code card for Pokémon TCG Live.
<br><br>
The Pokémon TCG: Paradox Destinies Tin includes: <br>
• 1 foil promo card featuring Raging Bolt ex <br>
• 5 Pokémon TCG booster packs<br>
• A code card for Pokémon TCG Live<br>",,,,,,30.0,39.98,54.79,25.29,,Normal,0820650858406
562358,Paradox Destinies Tin [Gouging Fire ex],Paradox Destinies Tin Gouging Fire ex,https://tcgplayer-cdn.tcgplayer.com/product/562358_200w.jpg,3,2374,https://cpt.tcgcsv.com/bZv6,2024-09-06T04:08:12.873,1,,,,,,"Ancient & Future Pokémon ex Charge into Battle!<br>
More Paradox Pokémon from the past and future arrive in the Pokémon TCG for a destined battle surpassing time itself! The Ancient Pokémon Gouging Fire ex and Raging Bolt ex show their primordial prowess, while the Future Pokémon Iron Boulder ex and Iron Crown ex demonstrate metallic mastery. In this Paradox Destinies Tin, you’ll find a promo card featuring one of these four Paradox Pokémon, additional allies to add to the fray with 5 booster packs, and a code card for Pokémon TCG Live.
<br><br>
The Pokémon TCG: Paradox Destinies Tin includes: <br>
• 1 foil promo card featuring Gouging Fire ex <br>
• 5 Pokémon TCG booster packs<br>
• A code card for Pokémon TCG Live<br>",,,,,,32.0,37.49,45.0,28.57,,Normal,0820650858406
562360,Paradox Destinies Tin [Set of 4],Paradox Destinies Tin Set of 4,https://tcgplayer-cdn.tcgplayer.com/product/562360_200w.jpg,3,2374,https://cpt.tcgcsv.com/dZv6,2024-09-06T04:08:12.873,1,,,,,,"Ancient & Future Pokémon ex Charge into Battle!<br>
More Paradox Pokémon from the past and future arrive in the Pokémon TCG for a destined battle surpassing time itself! The Ancient Pokémon Gouging Fire ex and Raging Bolt ex show their primordial prowess, while the Future Pokémon Iron Boulder ex and Iron Crown ex demonstrate metallic mastery. In this Paradox Destinies Tin, you’ll find a promo card featuring one of these four Paradox Pokémon, additional allies to add to the fray with 5 booster packs, and a code card for Pokémon TCG Live.
<br><br>
Each set of 4 includes:<br>
• 1 Gouging Fire ex Paradox Destinies Tin <br>
• Raging Bolt ex Paradox Destinies Tin <br>
• Iron Boulder ex Paradox Destinies Tin <br>
• Iron Crown ex Paradox Destinies Tin <br>

<br><br>
The Pokémon TCG: Paradox Destinies Tin includes:<br>
• 1 foil promo card featuring Gouging Fire ex, Raging Bolt ex, Iron Boulder ex, or Iron Crown ex<br>
• 5 Pokémon TCG booster packs<br>
• A code card for Pokémon TCG Live<br>",,,,,,124.99,172.5,200.0,116.16,,Normal,
563016,Iron Valiant - 079/162 (Cosmos Holo),Iron Valiant 079 162 Cosmos Holo,https://tcgplayer-cdn.tcgplayer.com/product/563016_200w.jpg,3,2374,https://cpt.tcgcsv.com/ldw6,2024-08-09T13:41:48.963,1,079/162,Uncommon,Psychic,130,Basic,,"[C] Gemini Laser (20) 
This attack also does 20 damage to 1 of your opponent’s Benched Pokémon. (Don’t apply Weakness and Resistance for Benched Pokémon.","[P][P][C] Zen Blade (120) 
During your next turn, this Pokémon can’t use Zen Blade.",Mx2,None,2,0.09,0.32,2.99,0.3,,Holofoil,
563017,Scream Tail - 077/162 (Cosmos Holo),Scream Tail 077 162 Cosmos Holo,https://tcgplayer-cdn.tcgplayer.com/product/563017_200w.jpg,3,2374,https://cpt.tcgcsv.com/mdw6,2025-11-20T20:14:14.257,1,077/162,Uncommon,Psychic,90,Basic,,"[C] Supportive Singing
Heal 100 damage from 1 of your Benched Ancient Pokémon.",[C][C] Hyper Voice (40),Dx2,F-30,1,0.13,0.36,3.0,0.36,0.27,Holofoil,
563857,Tera Brawlers Premium Collection,Tera Brawlers Premium Collection,https://tcgplayer-cdn.tcgplayer.com/product/563857_200w.jpg,3,2374,https://cpt.tcgcsv.com/9zw6,2024-08-20T17:00:23.097,2,,,,,,"Reach for the Top with Tera Pokémon ex!
<br>With glittering Tera Jewels upon their heads and strong attacks at their disposal, Tera Pokémon ex can take your battles to the next level! Some of them even have different types than usual, so your opponents will have to think carefully before they attack. Discover the brilliance of the Terastal phenomenon in this power-packed set featuring five different Tera Pokémon ex and a big stack of booster packs!
<br><br>
<br>•5 double rare foil cards featuring Charizard ex, Dragonite ex, Dedenne ex, Greedent ex, and Skeledirge ex
<br>•9 Pokémon TCG booster packs
<br>•1 code card for Pokémon TCG Live",,,,,,84.0,92.0,99.99,95.4,,Normal,
564145,Deluxe Battle Deck [Miraidon ex],Deluxe Battle Deck Miraidon ex,https://tcgplayer-cdn.tcgplayer.com/product/564145_200w.jpg,3,2374,https://cpt.tcgcsv.com/WGw6,2024-08-23T04:08:15.437,1,,,,,,"A Deluxe Challenge for Your Opponent!
<br><br>
The new Pokémon TCG: Deluxe Battle Decks offer a step up for players who are ready for a challenge, with more advanced strategies and additional power cards. Each 60-card deck includes 3 foil cards and everything you need to play right away. Let the deluxe battle begin!

 <br><br>

Pokémon TCG: Deluxe Battle Deck Includes:<br>
• 1 ready-to-play 60-card deck<br>
• 1 single-player playmat<br>
• 1 set of damage counters<br>
• 1 large metallic coin<br>
• 2 condition markers<br>
• 1 deck box<br>
• 1 strategy sheet<br>
• 1 code card to play this deck online<br>",,,,,,15.0,18.24,30.99,17.8,,Normal,0820650412714
564146,Deluxe Battle Deck [Koraidon ex],Deluxe Battle Deck Koraidon ex,https://tcgplayer-cdn.tcgplayer.com/product/564146_200w.jpg,3,2374,https://cpt.tcgcsv.com/XGw6,2024-08-23T04:08:15.437,1,,,,,,"A Deluxe Challenge for Your Opponent!
<br><br>
The new Pokémon TCG: Deluxe Battle Decks offer a step up for players who are ready for a challenge, with more advanced strategies and additional power cards. Each 60-card deck includes 3 foil cards and everything you need to play right away. Let the deluxe battle begin!

 <br><br>

Pokémon TCG: Deluxe Battle Deck Includes:<br>
• 1 ready-to-play 60-card deck<br>
• 1 single-player playmat<br>
• 1 set of damage counters<br>
• 1 large metallic coin<br>
• 2 condition markers<br>
• 1 deck box<br>
• 1 strategy sheet<br>
• 1 code card to play this deck online<br>",,,,,,21.91,25.96,30.0,21.91,,Normal,0820650412714
564248,Deluxe Battle Deck: Miraidon ex/Koraidon ex  [Set of 2],Deluxe Battle Deck Miraidon ex Koraidon ex Set of 2,https://tcgplayer-cdn.tcgplayer.com/product/564248_200w.jpg,3,2374,https://cpt.tcgcsv.com/-Jw6,2024-08-23T04:08:15.437,1,,,,,,"This listing of for a set of the Miraidon ex  and Koraidon ex  battle decks.
<br><br>A Deluxe Challenge for Your Opponent!
<br>The new Pokémon TCG: Deluxe Battle Decks offer a step up for players who are ready for a challenge, with more advanced strategies and additional power cards. Each 60-card deck includes 3 foil cards and everything you need to play right away. Let the deluxe battle begin 
<br>Pokémon TCG: Deluxe Battle Deck Includes:
<br>• 1 ready-to-play 60-card deck
<br>• 1 single-player playmat
<br>• 1 set of damage counters
<br>• 1 large metallic coin
<br>• 2 condition markers
<br>• 1 deck box
<br>• 1 strategy sheet
<br>• 1 code card to play this deck online",,,,,,54.98,54.98,54.98,54.98,,Normal,
564274,Pokemon TCG: Trainer's Toolkit (2024),Pokemon TCG Trainers Toolkit 2024,https://tcgplayer-cdn.tcgplayer.com/product/564274_200w.jpg,3,2374,https://cpt.tcgcsv.com/vKw6,2024-10-18T04:08:16.63,1,,,,,,"Everything You Need to Build a Powerful Deck!<br><br>
Turn your card collection into playable, fun, and competitive Pokémon Trading Card Game decks! Inside this box, you’ll find a plethora of Trainer cards and Special Energy cards, plus a Deck Builder’s Guide to putting them all together to create a deck that showcases your best Pokémon! You’ll find everything you need to help you make the choices every deck builder faces: More strong Pokémon? More strategic Trainer cards? How much Energy is too much? Steer a course for completely new decks, original combos, and all the fun of head-to-head competition with the Pokémon TCG: Trainer’s Toolkit!
<br><br>
The Pokémon TCG: Trainer’s Toolkit includes:<br>
• More than 50 useful cards to power up your decks: dozens of Trainer cards, 4 Special Energy cards, and 6 Pokémon, including 2 copies of Squawkabilly ex<br>
• 4 Pokémon TCG booster packs<br>
• 65 card sleeves<br>
• A Deck Builder’s Guide<br>
• 6 damage-counter dice<br>
• 1 competition-legal coin-flip die<br>
• 2 condition markers<br>
• A code card for Pokémon TCG Live<br>",,,,,,34.99,35.95,69.99,38.04,,Normal,0820650858758
564277,ex Battle Deck [Tapu Koko ex],ex Battle Deck Tapu Koko ex,https://tcgplayer-cdn.tcgplayer.com/product/564277_200w.jpg,3,2374,https://cpt.tcgcsv.com/zKw6,2024-10-18T04:08:16.747,1,,,,,,"Mighty Pokémon ex Battle for Victory!<br><br>
Powerful Pokémon ex are ready to charge onto the battlefield in the new Pokémon TCG: ex Battle Decks! Each 60-card deck is led by an exceptional Pokémon ex and includes everything you need to play right away. Let the battle begin!
<br><br>
In each box, you’ll find:<br>
• 1 ready-to-play 60-card deck<br>
• 3 reference cards<br>
• 1 rules booklet<br>
• 1 single-player playmat<br>
• 1 set of damage counters<br>
• 1 large metallic coin<br>
• 1 deck box<br>
• 1 strategy sheet<br>
• 1 code card to play this deck online",,,,,,10.98,14.0,24.99,11.03,,Normal,0820650857782
564278,ex Battle Deck [Iron Leaves ex],ex Battle Deck Iron Leaves ex,https://tcgplayer-cdn.tcgplayer.com/product/564278_200w.jpg,3,2374,https://cpt.tcgcsv.com/BKw6,2024-10-18T04:08:16.747,1,,,,,,"Mighty Pokémon ex Battle for Victory!<br><br>
Powerful Pokémon ex are ready to charge onto the battlefield in the new Pokémon TCG: ex Battle Decks! Each 60-card deck is led by an exceptional Pokémon ex and includes everything you need to play right away. Let the battle begin!
<br><br>
In each box, you’ll find:<br>
• 1 ready-to-play 60-card deck<br>
• 3 reference cards<br>
• 1 rules booklet<br>
• 1 single-player playmat<br>
• 1 set of damage counters<br>
• 1 large metallic coin<br>
• 1 deck box<br>
• 1 strategy sheet<br>
• 1 code card to play this deck online",,,,,,20.0,22.5,24.99,15.95,,Normal,0820650857782
564280,Poke Ball Tin Display (Q4 2024),Poke Ball Tin Display Q4 2024,https://tcgplayer-cdn.tcgplayer.com/product/564280_200w.jpg,3,2374,https://cpt.tcgcsv.com/DKw6,2024-10-18T04:08:17.28,1,,,,,,"Each Poké Ball Tin Display for the Winter 2024 contains 6 Poké Ball Tins:
<br>• 2 Poké Ball, 1 Great Ball, 1 Premier Ball, 1 Ultra Ball & the new Moon Ball.
<br>• Each individual tin contains 3 Pokémon TCG Booster Packs and 1 Pokémon coin.
<br><em>(Poké Ball Tins and Pokémon TCG booster packs may vary by product.)</em>",,,,,,102.0,115.0,194.0,98.86,,Normal,0820650423314
565282,Code Card - Dark Powers ex Special Collection,Code Card Dark Powers ex Special Collection,https://tcgplayer-cdn.tcgplayer.com/product/565282_200w.jpg,3,2374,https://cpt.tcgcsv.com/G7x6,2024-08-30T04:08:16.717,1,,Code Card,,,,"This listing is <strong>not</strong> a physical item. Please keep in mind that this <strong>Code Card</strong> listing represents a digital copy of the stated item for the Pokémon TCG Online <strong>and/or</strong> the Pokémon TCG Live games. You may receive the physical <strong>Code Card</strong>. Upon purchase, please work with your specific Seller by sending them a message using the <strong>Contact Seller</strong> button on the order details in your <a href=https://store.tcgplayer.com/myaccount/orderhistory>Order History</a> to opt in to having your <strong>Code Card</strong> code delivered digitally due to the nature of the product.",,,,,,0.8,0.98,1.0,1.04,,Normal,
565431,Chien-Pao ex - 061/193 (Holiday Calendar),Chien Pao ex 061 193 Holiday Calendar,https://tcgplayer-cdn.tcgplayer.com/product/565431_200w.jpg,3,2374,https://cpt.tcgcsv.com/Fbx6,2024-08-26T18:59:04.14,1,061/193,Double Rare,Water,220,Basic,"Ability — Shivery Chill
<br>Once during your turn, if this Pokemon is in the Active Spot, you may search your deck for up to 2 Basic W Energy cards, reveal them, and put them into your hand. Then, shuffle your deck.","[WW] Hail Blade (60X)
<br>You may discard any amount of W Energy from your Pokemon. This attack does 60 damage for each card you discarded this way.",,Mx2,None,2,1.12,1.66,7.0,1.38,,Holofoil,
565434,Iron Bundle (Holiday Calendar),Iron Bundle Holiday Calendar,https://tcgplayer-cdn.tcgplayer.com/product/565434_200w.jpg,3,2374,https://cpt.tcgcsv.com/Jbx6,2024-08-26T19:01:32.753,1,062/167,Uncommon,Water,90,Basic,,"[WC] Interject (60)
Switch this Pokémon with 1 of your Bench Pokémon. If you do, switch out your opponent's Active Pokémon to the Bench. <em>(You opponent chooses the ne[W] Active Pokémon.)</em>",,Lx2,None,1,0.5,1.43,6.0,1.19,,Holofoil,
565437,Pikachu ex (Holiday Calendar),Pikachu ex Holiday Calendar,https://tcgplayer-cdn.tcgplayer.com/product/565437_200w.jpg,3,2374,https://cpt.tcgcsv.com/Mbx6,2025-04-25T12:27:43.223,1,063/193,Double Rare,Lightning,190,Basic,,[1] Pika Punch (30),"[1LL] Dynamic Bolt (220)
<br>Flip a coin. If tails, discard all Energy attached to this Pokemon.",Fx2,None,0,4.0,5.99,9.0,5.49,,Holofoil,
565438,Cetoddle - 053/193 (Holiday Calendar),Cetoddle 053 193 Holiday Calendar,https://tcgplayer-cdn.tcgplayer.com/product/565438_200w.jpg,3,2374,https://cpt.tcgcsv.com/Nbx6,2024-08-26T19:05:45.027,1,053/193,Common,Water,90,Basic,,"[1W] Avalanche (30)
<br>This attack does 10 damage to each of your opponent’s Benched Pokemon. (Don’t apply Weakness and Resistance for Benched Pokemon.)",,Mx2,None,3,0.25,1.01,6.0,1.02,,Holofoil,
565439,Frigibax - 058/193 (Holiday Calendar),Frigibax 058 193 Holiday Calendar,https://tcgplayer-cdn.tcgplayer.com/product/565439_200w.jpg,3,2374,https://cpt.tcgcsv.com/Pbx6,2024-11-08T19:45:47.18,1,058/193,Common,Water,70,Basic,,[W] Chilly (10),[1WW] Bite (50),Mx2,None,2,0.5,1.52,4.99,1.52,,Holofoil,
565448,Vanilluxe (Holiday Calendar),Vanilluxe Holiday Calendar,https://tcgplayer-cdn.tcgplayer.com/product/565448_200w.jpg,3,2374,https://cpt.tcgcsv.com/-bx6,2024-08-26T19:35:45.663,1,045/182,Uncommon,Water,150,Stage 2,"<strong>Ability — Frigid Room</strong>
<br>Your opponent’s Pokémon that have 40 HP or less remaining can’t attack.",[WW] Icicle Missile (110),,Mx2,None,2,0.45,1.13,4.99,1.11,,Holofoil,
565449,Snorunt - 037/182 (Holiday Calendar),Snorunt 037 182 Holiday Calendar,https://tcgplayer-cdn.tcgplayer.com/product/565449_200w.jpg,3,2374,https://cpt.tcgcsv.com/_bx6,2025-09-29T19:26:07.887,1,037/182,Common,Water,60,Basic,,"[W] Ice Shard (10+)
<br>If your opponent’s Active Pokémon is a F Pokémon, this attack does 30 more damage.",,Mx2,None,1,2.0,2.73,5.0,2.52,,Holofoil,
575185,Paradox Fury Premium Collection,Paradox Fury Premium Collection,https://tcgplayer-cdn.tcgplayer.com/product/575185_200w.jpg,3,2374,https://cpt.tcgcsv.com/K5D6,2024-09-06T04:08:12.983,1,,,,,,"Blast from the Past with Ancient Pokémon ex!<br><br>
Three Paradox Pokémon arrive in our era from a bygone time, prepared for a fantastical battle previously unimagined. But wait, there’s something familiar about seeing these three together... In this Premium Collection, you’re welcomed by the archaic attitudes of Walking Wake, Raging Bolt, and Gouging Fire as Pokémon ex, as well as an additional oversize version of Raging Bolt ex, suitable for display. Plus, you’ll find 7 Pokémon TCG booster packs and a magnetic 3-card holder with a base to keep your favorite cards safe.
 <br><br>

Product Details: <br>
• Promo Card (3 in total )<br>
• Oversize Promo Card<br>
• Booster Pack (7 in total)<br>
• Magnetic Card Holder w/ base<br>
• Code Card<br>",,,,,,63.19,84.99,95.0,64.54,,Normal,
575186,Greninja ex Battle Deck & 2 Booster Bundle,Greninja ex Battle Deck and 2 Booster Bundle,https://tcgplayer-cdn.tcgplayer.com/product/575186_200w.jpg,3,2374,https://cpt.tcgcsv.com/L5D6,2024-09-06T04:08:13.09,1,,,,,,"A great gift for new and seasoned Pokemon players and collectors.
 <br>
Product details: <br>
• Battle Deck featuring Greninja ex<br>
• 2 Pokémon TCG booster packs <br>
• 3 Reference Cards, Rules Booklet <br>
• Playmat <br>
• Set of Damage Counters <br>
• Deck Box <br>
• Metal Coin <br>
• A code card to play this deck online",,,,,,,,,,,,
575188,Code Card - Paradox Destinies Tin [Gouging Fire ex],Code Card Paradox Destinies Tin Gouging Fire ex,https://tcgplayer-cdn.tcgplayer.com/product/575188_200w.jpg,3,2374,https://cpt.tcgcsv.com/N5D6,2024-09-06T04:08:12.873,1,,Code Card,,,,"This listing is <strong>not</strong> a physical item. Please keep in mind that this <strong>Code Card</strong> listing represents a digital copy of the stated item for the Pokémon TCG Online <strong>and/or</strong> the Pokémon TCG Live games. You may receive the physical <strong>Code Card</strong>. Upon purchase, please work with your specific Seller by sending them a message using the <strong>Contact Seller</strong> button on the order details in your <a href=https://store.tcgplayer.com/myaccount/orderhistory>Order History</a> to opt in to having your <strong>Code Card</strong> code delivered digitally due to the nature of the product.",,,,,,0.03,0.16,0.99,0.09,,Normal,
575189,Code Card - Paradox Destinies Tin [Iron Boulder ex],Code Card Paradox Destinies Tin Iron Boulder ex,https://tcgplayer-cdn.tcgplayer.com/product/575189_200w.jpg,3,2374,https://cpt.tcgcsv.com/P5D6,2024-09-06T04:08:12.873,1,,Code Card,,,,"This listing is <strong>not</strong> a physical item. Please keep in mind that this <strong>Code Card</strong> listing represents a digital copy of the stated item for the Pokémon TCG Online <strong>and/or</strong> the Pokémon TCG Live games. You may receive the physical <strong>Code Card</strong>. Upon purchase, please work with your specific Seller by sending them a message using the <strong>Contact Seller</strong> button on the order details in your <a href=https://store.tcgplayer.com/myaccount/orderhistory>Order History</a> to opt in to having your <strong>Code Card</strong> code delivered digitally due to the nature of the product.",,,,,,0.01,0.05,0.99,0.05,,Normal,
575190,Code Card - Paradox Destinies Tin [Iron Crown ex],Code Card Paradox Destinies Tin Iron Crown ex,https://tcgplayer-cdn.tcgplayer.com/product/575190_200w.jpg,3,2374,https://cpt.tcgcsv.com/Q5D6,2024-09-06T04:08:12.873,1,,Code Card,,,,"This listing is <strong>not</strong> a physical item. Please keep in mind that this <strong>Code Card</strong> listing represents a digital copy of the stated item for the Pokémon TCG Online <strong>and/or</strong> the Pokémon TCG Live games. You may receive the physical <strong>Code Card</strong>. Upon purchase, please work with your specific Seller by sending them a message using the <strong>Contact Seller</strong> button on the order details in your <a href=https://store.tcgplayer.com/myaccount/orderhistory>Order History</a> to opt in to having your <strong>Code Card</strong> code delivered digitally due to the nature of the product.",,,,,,0.01,0.08,0.99,0.07,,Normal,
575191,Code Card - Paradox Destinies Tin [Raging Bolt ex],Code Card Paradox Destinies Tin Raging Bolt ex,https://tcgplayer-cdn.tcgplayer.com/product/575191_200w.jpg,3,2374,https://cpt.tcgcsv.com/R5D6,2024-09-06T04:08:12.873,1,,Code Card,,,,"This listing is <strong>not</strong> a physical item. Please keep in mind that this <strong>Code Card</strong> listing represents a digital copy of the stated item for the Pokémon TCG Online <strong>and/or</strong> the Pokémon TCG Live games. You may receive the physical <strong>Code Card</strong>. Upon purchase, please work with your specific Seller by sending them a message using the <strong>Contact Seller</strong> button on the order details in your <a href=https://store.tcgplayer.com/myaccount/orderhistory>Order History</a> to opt in to having your <strong>Code Card</strong> code delivered digitally due to the nature of the product.",,,,,,0.01,0.26,0.99,0.26,,Normal,
575196,Code Card - Paradox Clash Tin [Iron Leaves ex],Code Card Paradox Clash Tin Iron Leaves ex,https://tcgplayer-cdn.tcgplayer.com/product/575196_200w.jpg,3,2374,https://cpt.tcgcsv.com/X5D6,2024-09-03T18:31:16.393,1,,Code Card,,,,"This listing is <strong>not</strong> a physical item. Please keep in mind that this <strong>Code Card</strong> listing represents a digital copy of the stated item for the Pokémon TCG Online <strong>and/or</strong> the Pokémon TCG Live games. You may receive the physical <strong>Code Card</strong>. Upon purchase, please work with your specific Seller by sending them a message using the <strong>Contact Seller</strong> button on the order details in your <a href=https://store.tcgplayer.com/myaccount/orderhistory>Order History</a> to opt in to having your <strong>Code Card</strong> code delivered digitally due to the nature of the product.",,,,,,0.04,0.15,0.48,0.06,,Normal,
575197,Code Card - Paradox Clash Tin [Walking Wake ex],Code Card Paradox Clash Tin Walking Wake ex,https://tcgplayer-cdn.tcgplayer.com/product/575197_200w.jpg,3,2374,https://cpt.tcgcsv.com/Z5D6,2024-09-03T18:31:48.34,1,,Code Card,,,,"This listing is <strong>not</strong> a physical item. Please keep in mind that this <strong>Code Card</strong> listing represents a digital copy of the stated item for the Pokémon TCG Online <strong>and/or</strong> the Pokémon TCG Live games. You may receive the physical <strong>Code Card</strong>. Upon purchase, please work with your specific Seller by sending them a message using the <strong>Contact Seller</strong> button on the order details in your <a href=https://store.tcgplayer.com/myaccount/orderhistory>Order History</a> to opt in to having your <strong>Code Card</strong> code delivered digitally due to the nature of the product.",,,,,,0.01,0.15,0.5,0.13,,Normal,
575198,Terapagos ex Ultra-Premium Collection,Terapagos ex Ultra Premium Collection,https://tcgplayer-cdn.tcgplayer.com/product/575198_200w.jpg,3,2374,https://cpt.tcgcsv.com/-5D6,2024-11-22T05:08:13.4,2,,,,,,"Uncover Hidden Treasures with Terapagos ex! <br>
With its glimmering shell made of Terastal energy, the Legendary Pokémon Terapagos shines brightly in its super powerful Stellar Form! Now you can add this mysterious force to your own Pokémon TCG decks with a foil promo card featuring Terapagos ex. It’s joined by two more ready-to-play Stellar Tera Pokémon ex and a treasure chest’s worth of gameplay accessories, booster packs, and even a full set of Basic Energy cards featuring a crystalline foil look.

 <br><br>

The Pokémon TCG: Terapagos ex Ultra-Premium Collection includes:<br>

• 1 foil promo card featuring Terapagos ex<br>
• 1 foil promo card featuring Lapras ex<br>
• 1 foil promo card featuring Cinderace ex<br>
• 8 foil Basic Energy cards<br>
• 1 magnetic 3-card protector with base<br>
• 1 playmat<br>
• 1 deck box<br>
• 1 metallic coin<br>
• 6 damage-counter dice<br>
• 2 condition markers<br>
• 18 Pokémon TCG booster packs<br>
            • Each booster pack contains 10 cards and either 1 Basic Energy or 1 VSTAR marker. Cards vary by pack. Packs may vary by product.<br>
• A code card for Pokémon TCG Live",,,,,,179.99,229.99,299.99,186.55,,Normal,820650878664
575199,Code Card - Terapagos ex Ultra-Premium Collection,Code Card Terapagos ex Ultra Premium Collection,https://tcgplayer-cdn.tcgplayer.com/product/575199_200w.jpg,3,2374,https://cpt.tcgcsv.com/_5D6,2024-12-10T14:25:39.807,1,,Code Card,,,,"This listing is <strong>not</strong> a physical item. Please keep in mind that this <strong>Code Card</strong> listing represents a digital copy of the stated item for the Pokémon TCG Online <strong>and/or</strong> the Pokémon TCG Live games. You may receive the physical <strong>Code Card</strong>. Upon purchase, please work with your specific Seller by sending them a message using the <strong>Contact Seller</strong> button on the order details in your <a href=https://store.tcgplayer.com/myaccount/orderhistory>Order History</a> to opt in to having your <strong>Code Card</strong> code delivered digitally due to the nature of the product.",,,,,,1.7,1.93,5.18,1.75,,Normal,
575294,League Battle Deck [Charizard ex],League Battle Deck Charizard ex,https://tcgplayer-cdn.tcgplayer.com/product/575294_200w.jpg,3,2374,https://cpt.tcgcsv.com/V7D6,2024-11-15T05:11:48.41,2,,,,,,"Charizard ex Blazes Forth with Burning Vengeance! <br>
<br>
In each box, you’ll find:<br>
• 1 ready-to-play 60-card deck<br>
• 6 damage-counter dice<br>
• 1 coin-flip die<br>
• 2 coin condition markers<br>
• 1 deck box<br>
• 1 accessory box<br>
• 1 strategy sheet<br>
• 1 code card to play this deck online<br>",,,,,,90.0,110.0,197.0,107.16,,Normal,0820650858833
575295,Code Card - League Battle Deck [Charizard ex],Code Card League Battle Deck Charizard ex,https://tcgplayer-cdn.tcgplayer.com/product/575295_200w.jpg,3,2374,https://cpt.tcgcsv.com/W7D6,2024-11-22T16:41:41.48,1,,Code Card,,,,"This listing is <strong>not</strong> a physical item. Please keep in mind that this <strong>Code Card</strong> listing represents a digital copy of the stated item for the Pokémon TCG Online <strong>and/or</strong> the Pokémon TCG Live games. You may receive the physical <strong>Code Card</strong>. Upon purchase, please work with your specific Seller by sending them a message using the <strong>Contact Seller</strong> button on the order details in your <a href=https://store.tcgplayer.com/myaccount/orderhistory>Order History</a> to opt in to having your <strong>Code Card</strong> code delivered digitally due to the nature of the product.",,,,,,4.99,4.99,4.99,3.5,,Normal,
575706,Fall 2024 Collector Chest,Fall 2024 Collector Chest,https://tcgplayer-cdn.tcgplayer.com/product/575706_200w.jpg,3,2374,https://cpt.tcgcsv.com/8jD6,2024-11-15T05:11:47.107,1,,,,,,"A Treasure Chest Packed with Pokémon!<br>

This sturdy metal case contains more than a dozen special Pokémon goodies, including some not found anywhere else.
<br><br>

The Pokémon Trading Card Game: Collector Chest includes:<br>
• 6 Pokémon TCG booster packs<br>
• 3 foil cards featuring Pikachu, Dipplin, and Teal Mask Ogerpon<br>
• 1 Pokémon coin featuring Terapagos<br>
• 4 colorful sticker sheets<br>
• 1 mini portfolio to store your favorite cards<br>
• 1 code card for Pokémon TCG Live<br>",,,,,,57.0,75.0,200.0,57.89,,Normal,0820650413179
575895,Kyogre - 036/159 (Pixel Holo),Kyogre 036 159 Pixel Holo,https://tcgplayer-cdn.tcgplayer.com/product/575895_200w.jpg,3,2374,https://cpt.tcgcsv.com/WmD6,2025-11-21T02:15:00.757,1,036/159,Holo Rare,Water,140,Basic,,"[1] Wave Summoning
<br<Search your deck for a Water Energy card and attach it to this Pokémon. Then, shuffle your deck.","[1WWW] Dynamic Wave
<br>Put 3 Energy attached to this Pokémon into your hand. This attack does 180 damage to 1 of your opponent's Pokémon. <em>(Don't apply Weakness and Resistance for Benched Pokémon.)</em>",Lx2,None,3,0.15,0.55,25.99,0.58,0.77,Holofoil,
575897,Bloodmoon Ursaluna ex Box,Bloodmoon Ursaluna ex Box,https://tcgplayer-cdn.tcgplayer.com/product/575897_200w.jpg,3,2374,https://cpt.tcgcsv.com/ZmD6,2024-11-15T05:11:44.34,1,,,,,,"Unleash the Bloodmoon Beast!<br>
Its gaze pierces the darkness. The full moon marking on its forehead shines deep red. Bloodmoon Ursaluna prowls the misty hollows of the forest, drawing experienced Trainers in search of adventure. This storied Pokémon appears here as a Pokémon ex, accompanied by fellow night-dwellers Hoothoot and Noctowl, and ready to apply its Seasoned Skill to your next battle!
 
<br><br>
The Pokemon TCG: Bloodmoon Ursaluna ex Box includes:<br>
• 1 foil promo card featuring Bloodmoon Ursaluna ex<br>
• 2 foil cards featuring Hoothoot and Noctowl<br>
• 1 oversize foil card featuring Bloodmoon Ursaluna ex<br>
• 4 Pokemon TCG booster packs<br>
• A code card for Pokemon TCG Live<br>",,,,,,25.0,37.0,60.0,30.48,,Normal,0820650413186
576482,Ogerpon ex Premium Collection,Ogerpon ex Premium Collection,https://tcgplayer-cdn.tcgplayer.com/product/576482_200w.jpg,3,2374,https://cpt.tcgcsv.com/GCD6,2024-11-15T05:11:41.963,1,,,,,,"Unmask the Power of a Legend! <br>
The Legendary Pokémon Ogerpon is an adorable yet fierce force to be reckoned with, and Terastallizing takes its strength to even greater heights! With this collection, you can team up with Teal Mask Ogerpon as a Tera Pokémon ex, joined by another version of Teal Mask Ogerpon and the Ogre’s Mask Trainer card as special foil cards. A card protector, set of card sleeves, and stack of booster packs make your new friendship with Ogerpon even more sweet!
 
<br><br>
The Pokémon TCG: Ogerpon ex Premium Collection includes:<br>
• 1 foil promo card featuring Teal Mask Ogerpon ex<br>
• 1 foil card featuring Teal Mask Ogerpon<br>
• 1 foil Ogre’s Mask Trainer card<br>
• 6 Pokémon TCG booster packs<br>
• 1 magnetic card protector with display base<br>
• 65 card sleeves featuring Ogerpon<br>
• A code card for Pokémon TCG Live<br>",,,,,,40.0,50.68,80.0,44.59,,Normal,820650433191
576862,Archaludon (Cosmos Holo) (Gamestop Exclusive),Archaludon Cosmos Holo Gamestop Exclusive,https://tcgplayer-cdn.tcgplayer.com/product/576862_200w.jpg,3,2374,https://cpt.tcgcsv.com/gMD6,2025-12-11T19:35:35.343,1,107/142,Rare,Metal,180,Stage 1,<strong>Ability: Metal Bridge</strong> All of your Pokémon that have Metal Energy attached have no Retreat Cost.,"[MMC] Iron Blaster (160)<br> During your next turn, this Pokémon can't attack.",,Rx2,G-30,2,1.99,3.46,10.0,2.98,,Holofoil,
576864,Archaludon (Cosmos Holo) (EB Games Exclusive),Archaludon Cosmos Holo EB Games Exclusive,https://tcgplayer-cdn.tcgplayer.com/product/576864_200w.jpg,3,2374,https://cpt.tcgcsv.com/jMD6,2024-09-13T12:00:17.867,0,107/142,Rare,Metal,180,Stage 1,<strong>Ability: Metal Bridge</strong> All of your Pokémon that have Metal Energy attached have no Retreat Cost.,"[MMC] Iron Blaster (160)<br> During your next turn, this Pokémon can't attack.",,Rx2,G-30,2,52.99,53.78,54.57,50.91,,Holofoil,
576900,Raging Bolt (Cosmo Holo) (Best Buy),Raging Bolt Cosmo Holo Best Buy,https://tcgplayer-cdn.tcgplayer.com/product/576900_200w.jpg,3,2374,https://cpt.tcgcsv.com/0ND6,2025-09-26T13:27:39.593,1,111/142,Rare,Dragon,130,Basic,,[LF] Thunderburst Storm<br> This attack does 30 damage to 1 of your opponent's Pokémon for each Energy attached to this Pokémon. <em>(Don't apply Weakness and Resistance for Benched Pokémon.)</em>,[LFC] Dragon Headbutt (130),,None,3,5.99,9.18,49.99,7.03,,Holofoil,
577596,Play! Pokemon Prize Pack Series Five,Play Pokemon Prize Pack Series Five,https://tcgplayer-cdn.tcgplayer.com/product/577596_200w.jpg,3,2374,https://cpt.tcgcsv.com/X2F6,2025-10-08T19:44:19.607,1,,,,,,Each Prize Pack contains six cards.,,,,,,6.91,8.13,19.59,7.78,,Normal,
577597,Code Card - Paldea Legends Tin [Koraidon ex],Code Card Paldea Legends Tin Koraidon ex,https://tcgplayer-cdn.tcgplayer.com/product/577597_200w.jpg,3,2374,https://cpt.tcgcsv.com/Z2F6,2024-09-09T15:20:18.453,1,,Code Card,,,,"This listing is <strong>not</strong> a physical item. Please keep in mind that this <strong>Code Card</strong> listing represents a digital copy of the stated item for the Pokémon TCG Online <strong>and/or</strong> the Pokémon TCG Live games. You may receive the physical <strong>Code Card</strong>. Upon purchase, please work with your specific Seller by sending them a message using the <strong>Contact Seller</strong> button on the order details in your <a href=https://store.tcgplayer.com/myaccount/orderhistory>Order History</a> to opt in to having your <strong>Code Card</strong> code delivered digitally due to the nature of the product.",,,,,,0.02,0.05,0.99,0.03,,Normal,
577598,Code Card - Paldea Legends Tin [Miraidon ex],Code Card Paldea Legends Tin Miraidon ex,https://tcgplayer-cdn.tcgplayer.com/product/577598_200w.jpg,3,2374,https://cpt.tcgcsv.com/-2F6,2024-09-09T15:23:20.737,1,,Code Card,,,,"This listing is <strong>not</strong> a physical item. Please keep in mind that this <strong>Code Card</strong> listing represents a digital copy of the stated item for the Pokémon TCG Online <strong>and/or</strong> the Pokémon TCG Live games. You may receive the physical <strong>Code Card</strong>. Upon purchase, please work with your specific Seller by sending them a message using the <strong>Contact Seller</strong> button on the order details in your <a href=https://store.tcgplayer.com/myaccount/orderhistory>Order History</a> to opt in to having your <strong>Code Card</strong> code delivered digitally due to the nature of the product.",,,,,,0.02,0.05,0.25,0.02,,Normal,
579994,Eiscue ex (Holiday Calendar),Eiscue ex Holiday Calendar,https://tcgplayer-cdn.tcgplayer.com/product/579994_200w.jpg,3,2374,https://cpt.tcgcsv.com/V_F6,2024-09-16T17:59:39.593,1,042/197,Double Rare,Fire,210,Basic,"<strong>Tera: </strong> As long as this Pokemon is on your Bench, prevent all damage done to this Pokemon by attacks (both yours and your opponent’s).","[W][W][W] Scalding Block (160) <br>
Discard an Energy from this Pokemon. The Defending Pokemon can’t attack during your opponent’s next turn.",,Wx2,None,2,0.8,1.39,4.99,1.28,,Holofoil,
583521,Paradox Wisdom Premium Collection,Paradox Wisdom Premium Collection,https://tcgplayer-cdn.tcgplayer.com/product/583521_200w.jpg,3,2374,https://cpt.tcgcsv.com/rqH6,2024-10-04T04:08:15.94,1,,,,,,"Steel Yourself with Future Pokémon ex!
<br>Three Paradox Pokémon arrive in our era from a time yet to be seen, prepared for a fantastical battle previously unimagined. But wait, there’s something familiar about seeing these three together... In this Premium Collection, you’re welcomed by the futuristic fortitude of Iron Leaves, Iron Crown, and Iron Boulder as Pokémon ex, as well as an additional oversize version of Iron Crown ex, suitable for display. Plus, you’ll find 7 Pokémon TCG booster packs and a magnetic 3-card holder with a base to keep your favorite cards safe!

 <br>The Pokémon TCG: Paradox Wisdom Premium Collection includes:
<br>3 promo cards featuring Iron Leaves ex, Iron Crown ex, and Iron Boulder ex.
<br>1 oversize promo card featuring Iron Crown ex.
<br>7 Pokémon TCG booster packs.
<br>1 magnetic 3-card holder.
<br>1 magnetic 3-card holder base.
<br>1 code card for Pokémon TCG Live.",,,,,,,,,,,,
583776,Jirachi V Box,Jirachi V Box,https://tcgplayer-cdn.tcgplayer.com/product/583776_200w.jpg,3,2374,https://cpt.tcgcsv.com/xwH6,2024-09-26T15:48:02.907,1,,,,,,"Jirachi V Can Make Wishes Come True!
<br>Ending its 1,000-year slumber, the Mythical Pokémon Jirachi awakens as a powerful Psychic-type Pokémon V! With an Ability that helps you keep Energy in play and an attack that makes both Active Pokémon fall Asleep, it’s sure to keep your opponent guessing what will happen next. Find Jirachi V here as a foil promo card in both playable and jumbo sizes, along with another foil card featuring Absol and even more cool Pokémon inside a set of booster packs.

<br> <br>
The Pokémon TCG: Jirachi V Box includes:
<br>
• 1 foil card featuring Jirachi V
<br>
• 1 foil card featuring Absol
<br>
• 1 oversize foil card featuring Jirachi V
<br>
• 4 Pokémon TCG booster packs
<br>
• A code card for Pokémon TCG Live",,,,,,78.74,93.74,199.0,64.31,,Normal,0820650851223
583777,Code Card - Jirachi V Box,Code Card Jirachi V Box,https://tcgplayer-cdn.tcgplayer.com/product/583777_200w.jpg,3,2374,https://cpt.tcgcsv.com/zwH6,2024-09-26T15:53:16.527,1,,Code Card,,,,"This listing is <strong>not</strong> a physical item. Please keep in mind that this <strong>Code Card</strong> listing represents a digital copy of the stated item for the Pokémon TCG Online <strong>and/or</strong> the Pokémon TCG Live games. You may receive the physical <strong>Code Card</strong>. Upon purchase, please work with your specific Seller by sending them a message using the <strong>Contact Seller</strong> button on the order details in your <a href=https://store.tcgplayer.com/myaccount/orderhistory>Order History</a> to opt in to having your <strong>Code Card</strong> code delivered digitally due to the nature of the product.",,,,,,0.05,0.23,2.64,,,Normal,
586503,Lapras (7-Eleven Promo),Lapras 7 Eleven Promo,https://tcgplayer-cdn.tcgplayer.com/product/586503_200w.jpg,3,2374,https://cpt.tcgcsv.com/5DJ6,2024-10-09T13:30:11.48,1,031/142,Uncommon,Water,130,Basic,,[W] Water Gun (20),[WCC] Surf (80),Lx2,None,2,24.99,29.99,39.98,24.06,,Normal,
586555,Koraidon - 119/162 (European Promo),Koraidon 119 162 European Promo,https://tcgplayer-cdn.tcgplayer.com/product/586555_200w.jpg,3,2374,https://cpt.tcgcsv.com/7FJ6,2024-10-09T17:16:22.143,1,119/162,Promo,Dragon,140,Basic,,"[F][C] Primeval Battering (30x) 
This attack does 30 damage for each of your Ancient Pokémon in play.","[F][F][C] Shred (130) 
This attack's damage isn't affected by any effects on your opponent's Active Pokémon.",None,None,2,26.98,29.95,30.0,27.36,,Normal,
586829,Charmeleon - 005/165 (Cosmos Holo),Charmeleon 005 165 Cosmos Holo,https://tcgplayer-cdn.tcgplayer.com/product/586829_200w.jpg,3,2374,https://cpt.tcgcsv.com/CLJ6,2026-02-16T17:34:59.853,1,005/165,Promo,Fire,100,Stage 1,,[R] Combustion (20),[RRR] Fire Blast (90)<br>Discard an Energy from this Pokemon,Wx2,None,2,0.5,1.46,14.99,1.34,1.43,Holofoil,
586830,Charmander - 004/165 (Cosmos Holo),Charmander 004 165 Cosmos Holo,https://tcgplayer-cdn.tcgplayer.com/product/586830_200w.jpg,3,2374,https://cpt.tcgcsv.com/DLJ6,2026-02-13T01:27:53.68,1,004/165,Promo,Fire,70,Basic,,[R] Blazing Destruction<br>Discard a Stadium in play.,[RR] Steady Firebreathing (30),Wx2,None,1,0.85,1.69,14.99,1.62,,Holofoil,
587365,Pokemon - Poke Ball Tin - Poke Ball (Q4 2024),Pokemon Poke Ball Tin Poke Ball Q4 2024,https://tcgplayer-cdn.tcgplayer.com/product/587365_200w.jpg,3,2374,https://cpt.tcgcsv.com/kZJ6,2024-10-16T16:13:15.25,1,,,,,,"Each aluminum Poke Ball Tin contains three random Pokemon TCG booster packs, 2 Sticker sheets and a coin.
<br><br>
<em>(Pokemon TCG booster packs vary by product.)</em>",,,,,,18.0,26.95,34.49,22.54,,Normal,
587366,Pokemon - Poke Ball Tin - Great Ball (Q4 2024),Pokemon Poke Ball Tin Great Ball Q4 2024,https://tcgplayer-cdn.tcgplayer.com/product/587366_200w.jpg,3,2374,https://cpt.tcgcsv.com/lZJ6,2024-10-16T16:14:05.06,1,,,,,,"Each aluminum Poke Ball Tin contains three random Pokemon TCG booster packs, 2 Sticker Sheets and a coin.
<br><br>
<em>(Pokemon TCG booster packs vary by product.)</em>",,,,,,19.5,25.75,34.49,22.06,,Normal,
587367,Pokemon - Poke Ball Tin - Premier Ball (Q4 2024),Pokemon Poke Ball Tin Premier Ball Q4 2024,https://tcgplayer-cdn.tcgplayer.com/product/587367_200w.jpg,3,2374,https://cpt.tcgcsv.com/mZJ6,2024-10-16T16:20:01.747,1,,,,,,"Each aluminum Poke Ball Tin contains three random Pokemon TCG booster packs, 2 Sticker sheets and a coin.
<br><br>
<em>(Pokemon TCG booster packs vary by product.)</em>",,,,,,20.0,25.0,34.49,22.79,,Normal,
587368,Pokemon - Poke Ball Tin - Ultra Ball (Q4 2024),Pokemon Poke Ball Tin Ultra Ball Q4 2024,https://tcgplayer-cdn.tcgplayer.com/product/587368_200w.jpg,3,2374,https://cpt.tcgcsv.com/nZJ6,2024-10-16T16:31:49.917,1,,,,,,"Each aluminum Poke Ball Tin contains three random Pokemon TCG booster packs, 2 Sticker sheets and a coin.
<br><br>
<em>(Pokemon TCG booster packs vary by product.)</em>",,,,,,19.5,25.75,34.49,22.27,,Normal,
587369,Pokemon - Poke Ball Tin - Moon Ball (Q4 2024),Pokemon Poke Ball Tin Moon Ball Q4 2024,https://tcgplayer-cdn.tcgplayer.com/product/587369_200w.jpg,3,2374,https://cpt.tcgcsv.com/pZJ6,2024-10-16T16:33:13.377,1,,,,,,"Each aluminum Poke Ball Tin contains three random Pokemon TCG booster packs, 2 Sticker sheets and a coin.
<br><br>
<em>(Pokemon TCG booster packs vary by product.)</em>",,,,,,17.98,24.99,34.94,22.0,,Normal,
587746,Costco Pokemon Scarlet & Violet 151 Mini Tin 5-pack (Meowth),Costco Pokemon Scarlet and Violet 151 Mini Tin 5 pack Meowth,https://tcgplayer-cdn.tcgplayer.com/product/587746_200w.jpg,3,2374,https://cpt.tcgcsv.com/X6K6,2024-11-13T21:15:55.45,1,,,,,,"Pokemon Scarlet & Violet - 151 5-pack Mini Tins (Machamp, Kadabra, Meowth, Slowpoke, Arcanine). These are exclusive Costco bundles and include:
<br>5 - 151 Mini Tins featuring: Machamp, Kadabra, Meowth, Slowpoke, & Arcanine!
<br>- Each mini tins contains 2 -151 booster packs
<br>1 energy symbol coin
<br>Pokemon art card showing art from the mini tin - you can collect and combine all 10!
<br>4 - Foil Promo Cards featuring: Pikachu, Bulbasaur, Charmander, & Squirtle!",,,,,,280.0,300.0,800.0,222.14,,Normal,0820650413612
587747,Costco Pokemon Scarlet & Violet 151 Mini Tin 5-pack (Magneton),Costco Pokemon Scarlet and Violet 151 Mini Tin 5 pack Magneton,https://tcgplayer-cdn.tcgplayer.com/product/587747_200w.jpg,3,2374,https://cpt.tcgcsv.com/Z6K6,2024-11-13T21:15:52.54,1,,,,,,"Pokemon Scarlet & Violet - 151 5-pack Mini Tins (Electabuzz, Scyther, Magneton, Dragonite, Gengar). These are exclusive Costco bundles and include:
<br>5 - 151 Mini Tins featuring: Electabuzz, Scyther, Magneton, Dragonite, Gengar!
<br>- Each mini tins contains 2 -151 booster packs
<br>1 energy symbol coin
<br>Pokemon art card showing art from the mini tin - you can collect and combine all 10!
<br>4 - Foil Promo Cards featuring: Pikachu, Bulbasaur, Charmander, & Squirtle!",,,,,,250.0,301.89,2000.0,200.19,,Normal,0820650413612
587750,Costco Pokemon Collector 3-Pack: Scarlet & Violet 151 ETB + Paldea Legends Tins,Costco Pokemon Collector 3 Pack Scarlet and Violet 151 ETB plus Paldea Legends Tins,https://tcgplayer-cdn.tcgplayer.com/product/587750_200w.jpg,3,2374,https://cpt.tcgcsv.com/07K6,2024-10-18T17:56:04.687,1,,,,,,"This two-pack set features the highly sought-after Pokemon Scarlet & Violet 151 Elite Trainer Box Scarlet & Violet 151, plus the Paldea Legends Tin, featuring stunning artwork featuring the iconic characters Box, Miraidon, and Koraidon. 
<br>The set includes 18 packs in total.
<br>1 Scarlet & Violet 151 Elite Trainer Box!
<br>2 Paldea Legends Tins!",,,,,,1000.0,1000.0,1000.0,635.94,,Normal,0820650413223
587935,Bulbasaur - 001/165 (Reverse Cosmos Holo) (Costco Exclusive),Bulbasaur 001 165 Reverse Cosmos Holo Costco Exclusive,https://tcgplayer-cdn.tcgplayer.com/product/587935_200w.jpg,3,2374,https://cpt.tcgcsv.com/KbK6,2026-02-13T01:25:38.473,1,001/165,Common,Grass,70,Basic,,[1G] Leech Seed (20)<br>Heal 20 damage from this Pokemon.,,Rx2,None,2,1.0,2.5,11.97,2.22,4.4,Holofoil,
587936,Charmander - 004/165 (Reverse Cosmos Holo) (Costco Exclusive),Charmander 004 165 Reverse Cosmos Holo Costco Exclusive,https://tcgplayer-cdn.tcgplayer.com/product/587936_200w.jpg,3,2374,https://cpt.tcgcsv.com/LbK6,2026-02-13T01:27:19.353,1,004/165,Promo,Fire,70,Basic,,[R] Blazing Destruction<br>Discard a Stadium in play.,[RR] Steady Firebreathing (30),Wx2,None,1,1.59,2.6,11.97,2.55,3.0,Holofoil,
587937,Squirtle - 007/165 (Reverse Cosmos Holo) (Costco Exclusive),Squirtle 007 165 Reverse Cosmos Holo Costco Exclusive,https://tcgplayer-cdn.tcgplayer.com/product/587937_200w.jpg,3,2374,https://cpt.tcgcsv.com/MbK6,2026-02-11T19:38:08.103,1,007/165,Common,Water,60,Basic,,"[W] Withdraw
<br>Flip a coin. If heads, during your opponent's next turn, prevent all damage done to this Pokemon by attacks.",[WW] Skull Bash (20),Lx2,None,1,1.29,2.18,11.97,2.03,2.75,Holofoil,
587938,Pikachu - 025/165 (Reverse Cosmos Holo) (Costco Exclusive),Pikachu 025 165 Reverse Cosmos Holo Costco Exclusive,https://tcgplayer-cdn.tcgplayer.com/product/587938_200w.jpg,3,2374,https://cpt.tcgcsv.com/NbK6,2026-01-30T01:21:16.687,1,025/165,Common,Lightning,60,Basic,"[L] <strong>Charge </strong> <br>
Search your deck for a Basic L Energy card and attach it to this Pokémon. Then, shuffle your deck.",[1LL] Pike Punch (50),,Fx2,,1,3.24,5.39,96.95,4.91,6.65,Holofoil,
588382,Archaludon - 107/142 (Stellar Crown Stamp),Archaludon 107 142 Stellar Crown Stamp,https://tcgplayer-cdn.tcgplayer.com/product/588382_200w.jpg,3,2374,https://cpt.tcgcsv.com/GmK6,2024-10-25T16:56:05.213,0,107/142,Rare,Metal,180,Stage 1,<strong>Ability: Metal Bridge</strong> All of your Pokémon that have Metal Energy attached have no Retreat Cost.,"[MMC] Iron Blaster (160)<br> During your next turn, this Pokémon can't attack.",,Rx2,G-30,2,39.0,39.0,39.0,36.93,,Holofoil,
591145,Triple Whammy Tin [Tyranitar],Triple Whammy Tin Tyranitar,https://tcgplayer-cdn.tcgplayer.com/product/591145_200w.jpg,3,2374,https://cpt.tcgcsv.com/WsL6,2024-10-30T19:06:05.587,1,,,,,,"A Triple Header of Pokémon Power!
 <br>

Jump right into the action with a trio of Pokémon who are ready for battle! In this tin, you’ll find three featured Pokémon as foil cards, along with three Pokémon TCG booster packs with even more cards inside.

<br><br>This Pokémon TCG: Triple Whammy Tin includes:
<br>• A set of 3 foil cards: either Larvitar, Pupitar, and Tyranitar; Sableye, Spiritomb, and Darkrai; or Slakoth, Vigoroth, and Slaking
<br>• 3 Pokémon TCG booster packs
<br>• A code card for Pokémon TCG Live",,,,,,22.74,29.99,40.0,23.79,,Normal,
591146,Triple Whammy Tin [Darkrai],Triple Whammy Tin Darkrai,https://tcgplayer-cdn.tcgplayer.com/product/591146_200w.jpg,3,2374,https://cpt.tcgcsv.com/XsL6,2024-10-30T19:06:29.777,1,,,,,,"A Triple Header of Pokémon Power!
 <br>

Jump right into the action with a trio of Pokémon who are ready for battle! In this tin, you’ll find three featured Pokémon as foil cards, along with three Pokémon TCG booster packs with even more cards inside.

<br><br>This Pokémon TCG: Triple Whammy Tin includes:
<br>• A set of 3 foil cards: either Larvitar, Pupitar, and Tyranitar; Sableye, Spiritomb, and Darkrai; or Slakoth, Vigoroth, and Slaking
<br>• 3 Pokémon TCG booster packs
<br>• A code card for Pokémon TCG Live",,,,,,24.19,30.0,60.0,25.44,,Normal,
591147,Triple Whammy Tin [Slaking],Triple Whammy Tin Slaking,https://tcgplayer-cdn.tcgplayer.com/product/591147_200w.jpg,3,2374,https://cpt.tcgcsv.com/ZsL6,2024-10-30T19:06:52.44,1,,,,,,"A Triple Header of Pokémon Power!
 <br>

Jump right into the action with a trio of Pokémon who are ready for battle! In this tin, you’ll find three featured Pokémon as foil cards, along with three Pokémon TCG booster packs with even more cards inside.

<br><br>This Pokémon TCG: Triple Whammy Tin includes:
<br>• A set of 3 foil cards: either Larvitar, Pupitar, and Tyranitar; Sableye, Spiritomb, and Darkrai; or Slakoth, Vigoroth, and Slaking
<br>• 3 Pokémon TCG booster packs
<br>• A code card for Pokémon TCG Live",,,,,,18.85,26.0,40.0,19.3,,Normal,
593275,Pikachu (Rain City Showcase),Pikachu Rain City Showcase,https://tcgplayer-cdn.tcgplayer.com/product/593275_200w.jpg,3,2374,https://cpt.tcgcsv.com/wkM6,2024-11-05T20:51:08.76,1,062/193,Promo,Lightning,70,Basic,,"[1] Growl
<br>During your opponent’s next turn, the Defending Pokemon’s attacks do 20 less damage (before applying Weakness and Resistance).",[1L] Pika Bolt (30),Fx2,None,1,157572.98,157572.98,157572.98,169.38,,Normal,
594414,Dragonite Dragons Tin (Walgreens Exclusive),Dragonite Dragons Tin Walgreens Exclusive,https://tcgplayer-cdn.tcgplayer.com/product/594414_200w.jpg,3,2374,https://cpt.tcgcsv.com/jNM6,2024-11-11T18:38:30.863,1,,,,,,"<strong>Contents:</strong>
<br>• 1x cosmos holofoil promo of Dragonite
<br>• 3x Pokémon TCG booster packs
<br>• 1 Code Card",,,,,,,,,,,,0820650102851
594491,Greninja ex Ultra-Premium Collection,Greninja ex Ultra Premium Collection,https://tcgplayer-cdn.tcgplayer.com/product/594491_200w.jpg,3,2374,https://cpt.tcgcsv.com/RPM6,2024-11-12T13:34:35.72,1,,,,,,"The Pokémon TCG: Scarlet & Violet—Greninja ex Ultra-Premium Collection includes:
<br>• 3 foil promo card featuring Greninja
<br>• 1 playmat
<br>• 1 deck box
<br>• 1 metallic coin featuring Mew
<br>• 6 damage-counter dice
<br>• 2 plastic condition markers
<br>• 16 booster packs
<br>• A code card for Pokémon TCG Live",,,,,,499.99,550.0,975.0,364.96,,Normal,
594495,Legendary Warriors Premium Collection,Legendary Warriors Premium Collection,https://tcgplayer-cdn.tcgplayer.com/product/594495_200w.jpg,3,2374,https://cpt.tcgcsv.com/WPM6,2024-12-06T17:49:46.903,1,,,,,,"A mysterious mist beckons warriors to adventure, and the Legendary Pokémon Zacian and Zamazenta answer the call! With powerful attacks and Abilities, these Pokémon are primed to overwhelm opponents, appearing as foil cards ready for action in your next deck. What’s more, Zacian V appears in this collection as an oversize foil card that looks awesome on display, and you also get more than a dozen Pokémon TCG booster packs to open!
<br><br>
The Pokémon TCG: Legendary Warriors Premium Collection includes:
<br>
<br>2 foil cards featuring Zacian V and Zamazenta V

<br>2 foil cards featuring Zacian and Zamazenta

<br>1 oversize foil card featuring Zacian V

<br>14 Pokémon TCG booster packs

<br>A code card for Pokémon TCG Live",,,,,,154.94,177.9,249.99,150.08,,Normal,
594539,Tera Team Premium Collection,Tera Team Premium Collection,https://tcgplayer-cdn.tcgplayer.com/product/594539_200w.jpg,3,2374,https://cpt.tcgcsv.com/PQM6,2024-11-12T15:03:32.353,1,,,,,,"Reach for the Top with Tera Pokémon ex!
<br>With glittering Tera Jewels upon their heads and strong attacks at their disposal, Tera Pokémon ex can take your battles to the next level! Some of them even have different types than usual, so your opponents will have to think carefully before they attack. Discover the brilliance of the Terastal phenomenon in this power-packed set featuring five different Tera Pokémon ex and a big stack of booster packs!
<br><br>
<br>5 double rare foil cards featuring Arcanine ex, Mewtwo ex, Garchomp ex, Hoopa ex, and Espathra ex
<br>9 Pokémon TCG booster packs
<br>1 code card for Pokémon TCG Live",,,,,,71.0,84.99,103.69,75.85,,Normal,
594729,Costco Pokemon Scarlet & Violet Paldean Fates Mini Tin 5-pack,Costco Pokemon Scarlet and Violet Paldean Fates Mini Tin 5 pack,https://tcgplayer-cdn.tcgplayer.com/product/594729_200w.jpg,3,2374,https://cpt.tcgcsv.com/CVM6,2025-02-19T18:42:34.547,1,,,,,,"Pokemon Scarlet & Violet - Paldean Fates 5-pack Mini Tins (. These are exclusive Costco bundles and include:
<br>5 - Paldean Fates Mini Tins!
<br>- Each mini tins contains 2 -Paldean Fates booster packs
<br>1 energy symbol coin
<br>Pokemon art card showing art from the mini tin - you can collect and combine all 10!
<br>4 - Foil Promo Cards!",,,,,,245.97,349.84,500.0,210.43,,Normal,0820650413636
594896,Grand Adventure Collection,Grand Adventure Collection,https://tcgplayer-cdn.tcgplayer.com/product/594896_200w.jpg,3,2374,https://cpt.tcgcsv.com/XZM6,2024-11-20T13:57:48.643,1,,,,,,"Each Pokémon TCG: Grand Adventure Collection includes:
<br>•1 Sprigatito foil promo card featuring art of Liko and Sprigatito from Pokémon Horizons: The Series
<br>•1 Fuecoco foil promo card featuring art of Roy and Fuecoco from Pokémon Horizons: The Series
<br>•1 oversize foil promo card featuring Terapagos & Friends
<br>•4 Pokémon TCG booster packs",,,,,,35.0,39.25,100.0,36.91,,Normal,196214112216
595475,Hoothoot - 126 (Cosmos Holo),Hoothoot 126 Cosmos Holo,https://tcgplayer-cdn.tcgplayer.com/product/595475_200w.jpg,3,2374,https://cpt.tcgcsv.com/wcN6,2026-03-12T18:28:33.973,1,126/162,Promo,Colorless,70,Basic,,"[C][C] Silent Wing (20) 
Your opponent reveals their hand.",,Lx2,F-30,1,0.1,0.5,10.0,0.45,0.45,Holofoil,
595476,Noctowl - 127 (Cosmos Holo),Noctowl 127 Cosmos Holo,https://tcgplayer-cdn.tcgplayer.com/product/595476_200w.jpg,3,2374,https://cpt.tcgcsv.com/xcN6,2026-03-11T19:49:51.14,1,127/162,Promo,Colorless,110,Stage 1,,"[C][C] Talon Hunt (70) 
You may search your deck for up to 2 cards and put them into your hand. Then, shuffle your deck.",,Lx2,F-30,1,0.2,0.5,5.0,0.5,0.49,Holofoil,
596517,Tsareena Ex Box,Tsareena Ex Box,https://tcgplayer-cdn.tcgplayer.com/product/596517_200w.jpg,3,2374,https://cpt.tcgcsv.com/mDN6,2024-11-20T14:12:59.863,1,,,,,,"<br>•1 etched foil card featuring Tsareena ex
<br>•2 foil cards featuring Bounsweet and Steenee
<br>•6 Pokemon TCG booster packs
<br>•1 magnetic card protector with display base
<br>•65 card sleeves featuring a Poke ball design
<br>•A code card for Pokemon TCG Live",,,,,,44.0,58.99,100.0,43.68,,Normal,0820650412042
596518,Tyranitar Ex Box,Tyranitar Ex Box,https://tcgplayer-cdn.tcgplayer.com/product/596518_200w.jpg,3,2374,https://cpt.tcgcsv.com/nDN6,2024-11-20T14:16:31.113,1,,,,,,"<br>•1 etched foil card featuring Tyranitar ex
<br>•2 foil cards featuring Larvitar and Pupitar
<br>•6 Pokemon booster packs
<br>•1 magnetic card protector with display base
<br>•65 card sleeves featuring Tyranitar as a Tera Pokemon
<br>•A code card for Pokemon TCG Live",,,,,,64.99,75.0,95.99,59.02,,Normal,0820650412059
596519,Pikachu - 018/091 (Reverse Cosmos Holo),Pikachu 018 091 Reverse Cosmos Holo,https://tcgplayer-cdn.tcgplayer.com/product/596519_200w.jpg,3,2374,https://cpt.tcgcsv.com/pDN6,2024-11-20T14:27:55.58,1,018/091,Promo,Lightning,70,Basic,,"[1] Growl
<br>During your opponent’s next turn, the Defending Pokemon’s attacks do 20 less damage (before applying Weakness and Resistance).",[1L] Pika Bolt (30),Fx2,None,1,9.45,12.99,19.15,9.06,,Reverse Holofoil,
598499,Checklane 2-Pack Blister [Pawmot] (1-tab),Checklane 2 Pack Blister Pawmot 1 tab,https://tcgplayer-cdn.tcgplayer.com/product/598499_200w.jpg,3,2374,https://cpt.tcgcsv.com/_pP6,2025-09-12T18:27:35.543,1,,,,,,"Give Your Collection a Boost!
<br>
Expand your collection with a foil Pokémon TCG card featuring Pawmot—plus a metallic coin, two Pokémon TCG booster packs, and a code card for Pokémon TCG Live!",,,,,,13.89,17.44,20.0,13.06,,Normal,0820650855863
599649,Teal Mask Ogerpon (Cosmos Holo),Teal Mask Ogerpon Cosmos Holo,https://tcgplayer-cdn.tcgplayer.com/product/599649_200w.jpg,3,2374,https://cpt.tcgcsv.com/_SP6,2025-10-09T11:09:43.727,1,024/167,Promo,Grass,110,Basic,,"[C] Mountain Stroll
Search your deck for up to 2 Basic Energy cards, reveal them, and put them into your hand. Then, shuffle your deck.","[GC] Ogre Comeback (20+)
This attack does 20 more damage for each of your opponent's Benched Pokémon.",Rx2,None,1,0.01,0.25,10.21,0.22,,Holofoil,
599650,Scizor - 141/197 (Cosmos Holo),Scizor 141 197 Cosmos Holo,https://tcgplayer-cdn.tcgplayer.com/product/599650_200w.jpg,3,2374,https://cpt.tcgcsv.com/0TP6,2025-11-21T03:31:47.667,1,141/197,Promo,Metal,140,Stage 1,,"[M] Punishing Scissors (10+)
<br>This attack does 50 more damage for each of your opponent's Pokémon in play that has an Ability.",[MM] Cut (70),Fx2,G-30,2,3.0,199.99,199.99,6.11,199.99,Holofoil,
599651,Ogre's Mask - 159/167 (Cosmos Holo),Ogres Mask 159 167 Cosmos Holo,https://tcgplayer-cdn.tcgplayer.com/product/599651_200w.jpg,3,2374,https://cpt.tcgcsv.com/2TP6,2025-01-15T14:07:48.52,1,159/167,Promo,Trainer - Item,,,"Choose a Pokémon ex in your discard pile that has ""Ogerpon"" in its name, and switch it with 1 of your Pokémon ex in play that has ""Ogerpon"" in its name. Any attached cards, damage counters, Special Conditions, turns in play, and any other effects remain on the new Pokémon.",,,,,,0.01,0.25,10.19,0.17,,Holofoil,
599652,Maschiff - 062/091,Maschiff 062 091,https://tcgplayer-cdn.tcgplayer.com/product/599652_200w.jpg,3,2374,https://cpt.tcgcsv.com/3TP6,2024-11-24T18:16:41.817,0,062/091,Promo,Dark,60,Basic,,,,Gx2,None,1,0.31,0.75,1.7,0.65,,Reverse Holofoil,
599653,Fidough - 038/091,Fidough 038 091,https://tcgplayer-cdn.tcgplayer.com/product/599653_200w.jpg,3,2374,https://cpt.tcgcsv.com/5TP6,2024-11-24T18:17:51.933,0,038/091,Promo,Psychic,50,Basic,,[2] Rear Kick (20),,Mx2,None,1,0.72,0.92,1.99,0.82,,Reverse Holofoil,
599654,Greavard - 042/091,Greavard 042 091,https://tcgplayer-cdn.tcgplayer.com/product/599654_200w.jpg,3,2374,https://cpt.tcgcsv.com/6TP6,2024-11-24T18:18:59.043,0,042/091,Promo,Psychic,70,Basic,,"[P] Graveyard Frolic: (10x) 
<br>This attack does 10 damage for each [P] Pokemon in your discard pile.",,Dx2,F-30,2,1.07,1.36,2.27,1.4,,Reverse Holofoil,
599655,Dipplin - 018/167 (Cosmo Holo),Dipplin 018 167 Cosmo Holo,https://tcgplayer-cdn.tcgplayer.com/product/599655_200w.jpg,3,2374,https://cpt.tcgcsv.com/7TP6,2024-11-24T18:30:28.65,0,018/167,Promo,Grass,80,Stage 1,"<strong>Ability — Festival Lead</strong><br>If Festival Grounds is in play, this Pokémon may use an attack it has twice. If the first attack Knocks Out your opponent's Active Pokémon, you may attack again after your opponent chooses a new Active Pokémon.","[G] Do the Wave (20x) 
This attack does 20 damage for each of your Benched Pokémon.",,Rx2,None,2,0.1,0.29,425.0,0.27,,Holofoil,
599656,Pikachu - 051/162 (Cosmo Holo),Pikachu 051 162 Cosmo Holo,https://tcgplayer-cdn.tcgplayer.com/product/599656_200w.jpg,3,2374,https://cpt.tcgcsv.com/8TP6,2026-02-12T21:07:56.387,1,051/162,Promo,Lightning,70,Basic,,"[L] Random Spark
This attack does 10 damage to 1 of your opponent’s Pokémon. (Don’t apply Weakness and Resistance for Benched Pokémon.",,Fx2,None,1,0.39,2.05,175.0,1.78,96.95,Holofoil,
599728,Code Card - Ogerpon EX Premium Collection,Code Card Ogerpon EX Premium Collection,https://tcgplayer-cdn.tcgplayer.com/product/599728_200w.jpg,3,2374,https://cpt.tcgcsv.com/BVP6,2024-12-02T16:34:46.567,1,,Code Card,,,,"This listing is <strong>not</strong> a physical item. Please keep in mind that this <strong>Code Card</strong> listing represents a digital copy of the stated item for the Pokémon TCG Online <strong>and/or</strong> the Pokémon TCG Live games. You may receive the physical <strong>Code Card</strong>. Upon purchase, please work with your specific Seller by sending them a message using the <strong>Contact Seller</strong> button on the order details in your <a href=https://store.tcgplayer.com/myaccount/orderhistory>Order History</a> to opt in to having your <strong>Code Card</strong> code delivered digitally due to the nature of the product.",,,,,,0.07,0.17,0.99,0.13,,Normal,
602839,Rowlet - 013/197 (Cosmos Holo),Rowlet 013 197 Cosmos Holo,https://tcgplayer-cdn.tcgplayer.com/product/602839_200w.jpg,3,2374,https://cpt.tcgcsv.com/P8R6,2024-12-06T21:47:18.23,1,013/197,Common,Grass,70,Basic,,[G] Razor Wing (20),,Rx2,,1,,,,,,,
602840,Larvitar - 105/197 (Cosmos Holo),Larvitar 105 197 Cosmos Holo,https://tcgplayer-cdn.tcgplayer.com/product/602840_200w.jpg,3,2374,https://cpt.tcgcsv.com/Q8R6,2024-12-06T21:49:52.997,1,105/197,Common,Fighting,70,Basic,,[F] Corkscrew Punch (10),[FF] Confront (30),Gx2,None,1,0.25,0.43,1.5,0.4,,Holofoil,
602866,Dartrix - 014/197 (Cosmos Holo),Dartrix 014 197 Cosmos Holo,https://tcgplayer-cdn.tcgplayer.com/product/602866_200w.jpg,3,2374,https://cpt.tcgcsv.com/l9R6,2024-12-06T21:56:02.583,1,014/197,Uncommon,Grass,90,Stage 1,,"[G][1] Shoot Through (40) 
<br>This attack does 20 damage to 1 of your opponent’s Benched Pokemon (don’t apply Weakness or Resistance for Benched Pokemon).",,Rx2,,1,25.18,25.99,30.42,25.61,,Holofoil,
602867,Pupitar - 106/197 (Cosmos Holo),Pupitar 106 197 Cosmos Holo,https://tcgplayer-cdn.tcgplayer.com/product/602867_200w.jpg,3,2374,https://cpt.tcgcsv.com/m9R6,2024-12-06T21:59:14.483,1,106/197,Uncommon,Fighting,80,Stage 1,,[F] Rock Throw (20),"[FF] Blasting Tackle (60)
<br>This attack does 20 damage to 1 of your Benched Pokémon. (Don’t apply Weakness and Resistance for Benched Pokémon.)",Gx2,None,1,0.1,0.33,1.4,0.3,,Holofoil,
602868,Bounsweet - 016/197 (Cosmos Holo),Bounsweet 016 197 Cosmos Holo,https://tcgplayer-cdn.tcgplayer.com/product/602868_200w.jpg,3,2374,https://cpt.tcgcsv.com/n9R6,2024-12-06T22:28:28.12,1,016/197,Common,Grass,60,Basic,,[G] Stampede (10),"[G][G] Reckless Charge (30)
<br> This Pokemon also does 10 damage to itself.",Rx2,,1,0.22,0.4,2.99,0.38,,Holofoil,
602869,Steenee - 017/197 (Cosmos Holo),Steenee 017 197 Cosmos Holo,https://tcgplayer-cdn.tcgplayer.com/product/602869_200w.jpg,3,2374,https://cpt.tcgcsv.com/p9R6,2024-12-06T22:30:02.58,1,017/197,Common,Grass,90,Stage 1,,"[G] Aromatherapy
<br> Heal 30 damage from each of your Pokemon.",[G][G] Razor Leaf (60),Rx2,,1,0.2,0.36,2.99,0.35,,Holofoil,
602870,Zekrom - 066/182 (Cosmos Holo),Zekrom 066 182 Cosmos Holo,https://tcgplayer-cdn.tcgplayer.com/product/602870_200w.jpg,3,2374,https://cpt.tcgcsv.com/q9R6,2024-12-06T22:35:03.62,1,066/182,Rare,Lightning,130,Basic,,"[1] Crushing Short (20)
<br>Before doing damage, discard all Pokémon Tools from your opponent’s Active Pokémon.","[1LL] Raging Thunder (130)
<br>This attack does 40 damage to 1 of your Benched Pokémon. (Don’t apply Weakness and Resistance for Benched Pokémon.)",Fx2,None,2,7.95,12.69,99.99,12.16,,Holofoil,
602871,Palkia - 040/182 (Cosmos Holo),Palkia 040 182 Cosmos Holo,https://tcgplayer-cdn.tcgplayer.com/product/602871_200w.jpg,3,2374,https://cpt.tcgcsv.com/r9R6,2024-12-06T23:34:21.63,1,040/182,Rare,Water,130,Basic,,"[2] Teleportation Burst (30)
<br>You may switch this Pokémon with 1 of your Benched Pokémon.","[2W] Prize Count (80+)
<br>If you have more Prize cards remaining than your opponent, this attack does 80 more damage.",Lx2,None,2,7.0,10.99,11.99,10.31,,Holofoil,
602872,Terapagos - 161/191,Terapagos 161 191,https://tcgplayer-cdn.tcgplayer.com/product/602872_200w.jpg,3,2374,https://cpt.tcgcsv.com/s9R6,2024-12-06T22:45:06.807,1,161/191,Rare,Colorless,120,Basic,,"[C] Prism Charge<br> Search your deck for up to 3 Basic Energy cards of different types and attach them to your Tera Pokemon in any way you like. Then, shuffle your deck.",[CCC] Hard Tackle (100),Fx2,,2,0.2,0.65,10.0,0.62,,Reverse Holofoil,
602873,Fuecoco - 029/191,Fuecoco 029 191,https://tcgplayer-cdn.tcgplayer.com/product/602873_200w.jpg,3,2374,https://cpt.tcgcsv.com/t9R6,2024-12-06T22:58:41.467,1,029/191,Common,Fire,80,Basic,,[RC] Heat Burn (20)<br> Your opponent's Active Pokemon is now Burned.,,Wx2,,2,12.5,15.66,25.0,14.5,,Reverse Holofoil,
602874,Sprigatito - 012/193,Sprigatito 012 193,https://tcgplayer-cdn.tcgplayer.com/product/602874_200w.jpg,3,2374,https://cpt.tcgcsv.com/v9R6,2024-12-06T23:11:15.393,1,012/193,Common,Grass,60,Basic,,"[G] Gather Sunlight
<br>Search your deck for up to 2 basic Energy cards, reveal them, and put them into your hand. Then, shuffle your deck.",[G] Seed Bomb (10),Fx2,None,1,7.0,9.33,35.0,7.96,,Reverse Holofoil,
602876,Quaxly - 050/191,Quaxly 050 191,https://tcgplayer-cdn.tcgplayer.com/product/602876_200w.jpg,3,2374,https://cpt.tcgcsv.com/x9R6,2026-02-02T14:03:14.077,1,050/191,Common,Water,70,Basic,,"[W] Reckless Charge (30)
<br>This Pokemon does 10 damage to itself.",,Lx2,None,1,12.66,19.98,30.0,13.39,,Reverse Holofoil,
603323,Knock Out Collection [Iron Jugulis],Knock Out Collection Iron Jugulis,https://tcgplayer-cdn.tcgplayer.com/product/603323_200w.jpg,3,2374,https://cpt.tcgcsv.com/tlR6,2024-12-18T16:28:50.61,3,,,,,,"<strong>Contents for each Collection:</strong>
<br>• 1 foil card Iron Jugulis
<br>• 2 Pokemon TCG Booster Packs 
<br>• 1 sticker sheet
<br>• 1 Pokémon TCG Live code card",,,,,,17.99,23.98,23.99,18.54,,Normal,820650855870
603416,Code Card - Knock Out Collection [Iron Jugulis],Code Card Knock Out Collection Iron Jugulis,https://tcgplayer-cdn.tcgplayer.com/product/603416_200w.jpg,3,2374,https://cpt.tcgcsv.com/lnR6,2025-02-10T17:59:56.72,1,,Code Card,,,,"This listing is <strong>not</strong> a physical item. Please keep in mind that this <strong>Code Card</strong> listing represents a digital copy of the stated item for the Pokémon TCG Online <strong>and/or</strong> the Pokémon TCG Live games. You may receive the physical <strong>Code Card</strong>. Upon purchase, please work with your specific Seller by sending them a message using the <strong>Contact Seller</strong> button on the order details in your <a href=https://store.tcgplayer.com/myaccount/orderhistory>Order History</a> to opt in to having your <strong>Code Card</strong> code delivered digitally due to the nature of the product.",,,,,,0.15,0.15,0.15,,,Normal,
604240,Eevee Evolution VMAX Premium Collection Case,Eevee Evolution VMAX Premium Collection Case,https://tcgplayer-cdn.tcgplayer.com/product/604240_200w.jpg,3,2374,https://cpt.tcgcsv.com/QJR6,2025-04-03T15:18:10.203,1,,,,,,"Each Pokémon TCG: Eevee Evolution VMAX Premium Collection Case includes:
<br>• two of each Premium Collection (Jolteon, Flareon and, Vaporeon)",,,,,,2499.99,2500.0,2500.0,,,Normal,0820650871306
604413,Latios - 073/182 (Cosmos Holo),Latios 073 182 Cosmos Holo,https://tcgplayer-cdn.tcgplayer.com/product/604413_200w.jpg,3,2374,https://cpt.tcgcsv.com/hNR6,2024-12-11T20:46:21.74,1,073/182,Rare,Psychic,110,Basic,,[1] Glide (20),"[1PP] Luster Purge (180)
<br>Discard 3 Energy from this Pokemon.",Dx2,F-30,1,13.99,26.99,39.99,15.46,,Holofoil,
604489,Roaring Moon - 109/162 (Cosmos Holo),Roaring Moon 109 162 Cosmos Holo,https://tcgplayer-cdn.tcgplayer.com/product/604489_200w.jpg,3,2374,https://cpt.tcgcsv.com/PPR6,2024-12-12T14:25:45.93,1,109/162,Rare,Darkness,140,Basic,,"[D][D] Vengeance Fletching (70+) 
This attack does 10 more damage for each Ancient card in your discard pile.",[D][C][C][C] Speed Wing (120),Gx2,None,2,0.75,1.25,20.0,1.26,,Holofoil,
604490,Iron Thorns - 062/162 (Cosmos Holo),Iron Thorns 062 162 Cosmos Holo,https://tcgplayer-cdn.tcgplayer.com/product/604490_200w.jpg,3,2374,https://cpt.tcgcsv.com/QPR6,2024-12-11T20:52:02.447,1,062/162,Rare,Lightning,140,Basic,,"[L][C] Destro-Press (70x) 
Reveal the top 5 cards of your deck. This attack does 70 damage times for each Future card you find there. Then, discard the revealed Future cards and shuffle the other cards back into your deck.",[L][L][L][C] Megaton Lariat (140),Fx2,None,3,1.13,2.0,11.58,1.93,,Holofoil,
604491,Koraidon - 119/162 (Cosmos Holo),Koraidon 119 162 Cosmos Holo,https://tcgplayer-cdn.tcgplayer.com/product/604491_200w.jpg,3,2374,https://cpt.tcgcsv.com/RPR6,2024-12-11T20:53:31.58,1,119/162,Rare,Dragon,140,Basic,,"[F][C] Primeval Battering (30x) 
This attack does 30 damage for each of your Ancient Pokémon in play.","[F][F][C] Shred (130) 
This attack's damage isn't affected by any effects on your opponent's Active Pokémon.",None,None,2,2.0,2.48,6.0,2.43,,Holofoil,
604492,Miraidon - 121/162 (Cosmos Holo),Miraidon 121 162 Cosmos Holo,https://tcgplayer-cdn.tcgplayer.com/product/604492_200w.jpg,3,2374,https://cpt.tcgcsv.com/SPR6,2024-12-12T21:21:34.177,1,121/162,Promo,Dragon,110,Basic,,"[C] Peak Accelerating (40) 
Search your deck for up to 2 Basic Energy cards and attach them to your Future Pokémon in any way you like. Then, shuffle your deck.",[L][L][P] Sparking Strike (160),None,None,2,1.4,1.75,5.0,1.72,,Holofoil,
604493,Decidueye ex Box,Decidueye ex Box,https://tcgplayer-cdn.tcgplayer.com/product/604493_200w.jpg,3,2374,https://cpt.tcgcsv.com/TPR6,2024-12-11T21:16:43.213,1,,,,,,"This product comes with
<br>•3 foil cards featuring Rowlet, Dartrix, and Decidueye ex
<br>•1 Oversize foil cards featuring Decidueye ex
<br>•4 Pokemon TCG booster packs
<br>•A code card for Pokemon TCG Live",,,,,,150.0,150.0,150.0,59.99,,Normal,
606605,Meddling Sparks Premium Collection,Meddling Sparks Premium Collection,https://tcgplayer-cdn.tcgplayer.com/product/606605_200w.jpg,3,2374,https://cpt.tcgcsv.com/7GS6,2024-12-20T20:30:21.083,1,,,,,,"Steel Yourself and Charge Forward– with Scizor and Luxray! Land a heavy hit with two Pokémon ex, joining forces to bring you some powerful deck-building choices! Use Cross Breaker to do 120 damage for each Metal Energy you discard from the Metal-type Scizor ex, or hit the opponent with a Volt Strike using the Lightning-type Luxray ex. You don't have to pick, either! In this Premium Collection, you get both of these Pokémon as ready-to-play foil cards plus copies of Scizor and Luxray– as well as an oversize foil version of Luxray ex to display! There are even more surprises waiting for you in the 12 included Pokemon TCG booster packs.",,,,,,108.0,144.0,180.0,89.59,,Normal,
606616,Code Card - 20th Anniversary - Quarterly Figure Box for DOM EN - Charizard,Code Card 20th Anniversary Quarterly Figure Box for DOM EN Charizard,https://tcgplayer-cdn.tcgplayer.com/product/606616_200w.jpg,3,2374,https://cpt.tcgcsv.com/lGS6,2025-02-10T17:52:49.3,1,,Code Card,,,,"This listing is <strong>not</strong> a physical item. Please keep in mind that this <strong>Code Card</strong> listing represents a digital copy of the stated item for the Pokémon TCG Online <strong>and/or</strong> the Pokémon TCG Live games. You may receive the physical <strong>Code Card</strong>. Upon purchase, please work with your specific Seller by sending them a message using the <strong>Contact Seller</strong> button on the order details in your <a href=https://store.tcgplayer.com/myaccount/orderhistory>Order History</a> to opt in to having your <strong>Code Card</strong> code delivered digitally due to the nature of the product.",,,,,,10.0,11.5,12.99,,,Normal,
606617,Code Card - 20th Anniversary - Quarterly Figure Box for DOM EN - Blastoise,Code Card 20th Anniversary Quarterly Figure Box for DOM EN Blastoise,https://tcgplayer-cdn.tcgplayer.com/product/606617_200w.jpg,3,2374,https://cpt.tcgcsv.com/mGS6,2025-02-10T17:52:21.23,1,,Code Card,,,,"This listing is <strong>not</strong> a physical item. Please keep in mind that this <strong>Code Card</strong> listing represents a digital copy of the stated item for the Pokémon TCG Online <strong>and/or</strong> the Pokémon TCG Live games. You may receive the physical <strong>Code Card</strong>. Upon purchase, please work with your specific Seller by sending them a message using the <strong>Contact Seller</strong> button on the order details in your <a href=https://store.tcgplayer.com/myaccount/orderhistory>Order History</a> to opt in to having your <strong>Code Card</strong> code delivered digitally due to the nature of the product.",,,,,,15.0,15.0,15.0,,,Normal,
609239,"Code Card - Collector Chest: Pikachu, Teal Mask Ogerpon, Dipplin",Code Card Collector Chest Pikachu Teal Mask Ogerpon Dipplin,https://tcgplayer-cdn.tcgplayer.com/product/609239_200w.jpg,3,2374,https://cpt.tcgcsv.com/PJT6,2025-01-07T21:02:31.403,1,,Code Card,,,,"This listing is <strong>not</strong> a physical item. Please keep in mind that this <strong>Code Card</strong> listing represents a digital copy of the stated item for the Pokémon TCG Online <strong>and/or</strong> the Pokémon TCG Live games. You may receive the physical <strong>Code Card</strong>. Upon purchase, please work with your specific Seller by sending them a message using the <strong>Contact Seller</strong> button on the order details in your <a href=https://store.tcgplayer.com/myaccount/orderhistory>Order History</a> to opt in to having your <strong>Code Card</strong> code delivered digitally due to the nature of the product.",,,,,,0.04,0.15,0.2,0.19,,Normal,
609597,Blooming Waters Premium Collection,Blooming Waters Premium Collection,https://tcgplayer-cdn.tcgplayer.com/product/609597_200w.jpg,3,2374,https://cpt.tcgcsv.com/ZRT6,2025-02-04T21:08:16.863,1,,,,,,"Jump into Battle with Venusaur ex & Blastoise ex!
<br><br>
Venusaur and Blastoise have joined many a Trainer on adventures through the Kanto region and beyond—and now you can add them to your Pokémon TCG deck as heavy-hitting Pokémon ex! In this premium collection, you get Venusaur ex and Blastoise ex as foil cards with strong Abilities and attacks, plus foil cards of
Bulbasaur and Squirtle, and an oversize card of Blastoise ex for display. On top of that, even more Pokémon are waiting for you inside 12 booster packs!
<br><br>

<br>The Pokémon TCG: Blooming Waters Premium Collection includes:
<br>• 4 foil cards featuring Venusaur ex, Blastoise ex, Bulbasaur, and Squirtle
<br>• 1 oversize foil card featuring Blastoise ex
<br>• 12 Pokémon TCG booster packs
<br>• A code card for Pokémon TCG Live",,,,,,181.98,399.99,4999.99,308.68,,Normal,
610123,Pupitar - 111/193 (Cosmo Foil),Pupitar 111 193 Cosmo Foil,https://tcgplayer-cdn.tcgplayer.com/product/610123_200w.jpg,3,2374,https://cpt.tcgcsv.com/t3V6,2025-06-03T18:34:44.54,1,111/193,Promo,Fighting,90,Stage 1,,[2] Headbutt Bounce (50),,Gx2,None,1,0.04,0.25,9.99,0.25,,Holofoil,
610124,Larvitar - 110/193 (Cosmo Foil),Larvitar 110 193 Cosmo Foil,https://tcgplayer-cdn.tcgplayer.com/product/610124_200w.jpg,3,2374,https://cpt.tcgcsv.com/v3V6,2025-01-10T15:56:49.17,0,110/193,Promo,Fighting,70,Basic,,"[1] Double Stab (10x)
<br>Flip 2 coins. This attack does 10 damage for each heads.",,Gx2,None,2,0.1,0.3,4.99,0.26,,Holofoil,
610125,Tyranitar - 135/193 (Cosmo Foil),Tyranitar 135 193 Cosmo Foil,https://tcgplayer-cdn.tcgplayer.com/product/610125_200w.jpg,3,2374,https://cpt.tcgcsv.com/w3V6,2025-06-03T19:13:45.887,1,135/193,Promo,Dark,180,Stage 2,,"[D] Rout (30+)
<br>This attack does 30 more damage for each of your opponent's Benched Pokémon.","[DD] Dread Mountain (230)
<br>Discard the top 4 cards of your deck.",Gx2,None,3,0.02,0.46,4.99,0.47,,Holofoil,
610741,Costco Pokemon Evolving Skies Elite Trainer Box and Tin,Costco Pokemon Evolving Skies Elite Trainer Box and Tin,https://tcgplayer-cdn.tcgplayer.com/product/610741_200w.jpg,3,2374,https://cpt.tcgcsv.com/RjV6,2025-01-13T21:17:50.397,0,,,,,,"Your Pokémon Trading Card Game collection is about to level up with Eevee's Evolutions. Pick the Pokémon TCG: Eevee Evolutions Tin! Eevee’s Evolutions appear in a full rainbow of Pokémon V and Pokémon VMAX in Pokémon TCG: Sword & Shield—Evolving Skies Trainer Box!

The Pokémon TCG: Sword & Shield-Evolving Skies Elite Trainer Box includes:

8 Pokémon TCG: Sword & Shield – Evolving Skies booster packs
65 card sleeves featuring Eevee’s Evolutions
45 Pokémon TCG Energy cards
A player’s guide to the Sword &amp; Shield-Evolving Skies expansion
A Pokémon TCG rulebook
6 damage-counter dice
1 competition-legal coin-flip die
2 acrylic condition markers
A collector’s box to hold everything, with 4 dividers to keep it organized
A code card for the Pokémon Trading Card Game Online


The Tin for this product can vary.",,,,,,549.99,575.0,600.0,,,Normal,
615143,Code Card - Charizard ex Super-Premium Collection,Code Card Charizard ex Super Premium Collection,https://tcgplayer-cdn.tcgplayer.com/product/615143_200w.jpg,3,2374,https://cpt.tcgcsv.com/T3X6,2025-01-26T17:45:20.187,1,,Code Card,,,,"This listing is <strong>not</strong> a physical item. Please keep in mind that this <strong>Code Card</strong> listing represents a digital copy of the stated item for the Pokémon TCG Online <strong>and/or</strong> the Pokémon TCG Live games. You may receive the physical <strong>Code Card</strong>. Upon purchase, please work with your specific Seller by sending them a message using the <strong>Contact Seller</strong> button on the order details in your <a href=https://store.tcgplayer.com/myaccount/orderhistory>Order History</a> to opt in to having your <strong>Code Card</strong> code delivered digitally due to the nature of the product.",,,,,,0.06,0.12,0.99,0.1,,Normal,
615144,Code Card - Tera Brawlers Premium Collection,Code Card Tera Brawlers Premium Collection,https://tcgplayer-cdn.tcgplayer.com/product/615144_200w.jpg,3,2374,https://cpt.tcgcsv.com/V3X6,2025-01-26T17:52:03.393,1,,Code Card,,,,"This listing is <strong>not</strong> a physical item. Please keep in mind that this <strong>Code Card</strong> listing represents a digital copy of the stated item for the Pokémon TCG Online <strong>and/or</strong> the Pokémon TCG Live games. You may receive the physical <strong>Code Card</strong>. Upon purchase, please work with your specific Seller by sending them a message using the <strong>Contact Seller</strong> button on the order details in your <a href=https://store.tcgplayer.com/myaccount/orderhistory>Order History</a> to opt in to having your <strong>Code Card</strong> code delivered digitally due to the nature of the product.",,,,,,0.05,0.15,0.25,,,Normal,
616167,Code Card - Prismatic Evolutions Tech Sticker Collection [Leafeon],Code Card Prismatic Evolutions Tech Sticker Collection Leafeon,https://tcgplayer-cdn.tcgplayer.com/product/616167_200w.jpg,3,2374,https://cpt.tcgcsv.com/mtX6,2025-02-04T21:34:38.66,1,,Code Card,,,,"This listing is <strong>not</strong> a physical item. Please keep in mind that this <strong>Code Card</strong> listing represents a digital copy of the stated item for the Pokémon TCG Online <strong>and/or</strong> the Pokémon TCG Live games. You may receive the physical <strong>Code Card</strong>. Upon purchase, please work with your specific Seller by sending them a message using the <strong>Contact Seller</strong> button on the order details in your <a href=https://store.tcgplayer.com/myaccount/orderhistory>Order History</a> to opt in to having your <strong>Code Card</strong> code delivered digitally due to the nature of the product.",,,,,,0.03,0.08,0.69,0.07,,Normal,
616173,Code Card - Prismatic Evolutions Tech Sticker Collection [Sylveon],Code Card Prismatic Evolutions Tech Sticker Collection Sylveon,https://tcgplayer-cdn.tcgplayer.com/product/616173_200w.jpg,3,2374,https://cpt.tcgcsv.com/ttX6,2025-02-04T21:36:07.2,1,,Code Card,,,,"This listing is <strong>not</strong> a physical item. Please keep in mind that this <strong>Code Card</strong> listing represents a digital copy of the stated item for the Pokémon TCG Online <strong>and/or</strong> the Pokémon TCG Live games. You may receive the physical <strong>Code Card</strong>. Upon purchase, please work with your specific Seller by sending them a message using the <strong>Contact Seller</strong> button on the order details in your <a href=https://store.tcgplayer.com/myaccount/orderhistory>Order History</a> to opt in to having your <strong>Code Card</strong> code delivered digitally due to the nature of the product.",,,,,,0.04,0.1,1.0,0.07,,Normal,
616178,Code Card - Surging Sparks 3 Pack Blister [Quagsire],Code Card Surging Sparks 3 Pack Blister Quagsire,https://tcgplayer-cdn.tcgplayer.com/product/616178_200w.jpg,3,2374,https://cpt.tcgcsv.com/BtX6,2025-02-05T13:04:37.56,1,,Code Card,,,,"This listing is <strong>not</strong> a physical item. Please keep in mind that this <strong>Code Card</strong> listing represents a digital copy of the stated item for the Pokémon TCG Online <strong>and/or</strong> the Pokémon TCG Live games. You may receive the physical <strong>Code Card</strong>. Upon purchase, please work with your specific Seller by sending them a message using the <strong>Contact Seller</strong> button on the order details in your <a href=https://store.tcgplayer.com/myaccount/orderhistory>Order History</a> to opt in to having your <strong>Code Card</strong> code delivered digitally due to the nature of the product.",,,,,,0.03,0.1,0.2,0.1,,Normal,
616190,Code Card - Paldea Partners Tin (Quaquaval),Code Card Paldea Partners Tin Quaquaval,https://tcgplayer-cdn.tcgplayer.com/product/616190_200w.jpg,3,2374,https://cpt.tcgcsv.com/QtX6,2025-02-05T15:11:20.99,1,,Code Card,,,,"This listing is <strong>not</strong> a physical item. Please keep in mind that this <strong>Code Card</strong> listing represents a digital copy of the stated item for the Pokémon TCG Online <strong>and/or</strong> the Pokémon TCG Live games. You may receive the physical <strong>Code Card</strong>. Upon purchase, please work with your specific Seller by sending them a message using the <strong>Contact Seller</strong> button on the order details in your <a href=https://store.tcgplayer.com/myaccount/orderhistory>Order History</a> to opt in to having your <strong>Code Card</strong> code delivered digitally due to the nature of the product.",,,,,,0.02,0.05,1.0,0.04,,Normal,
616198,Code Card - Strong Bonds Tin [Blissey],Code Card Strong Bonds Tin Blissey,https://tcgplayer-cdn.tcgplayer.com/product/616198_200w.jpg,3,2374,https://cpt.tcgcsv.com/-tX6,2025-02-05T13:05:30.763,1,,Code Card,,,,"This listing is <strong>not</strong> a physical item. Please keep in mind that this <strong>Code Card</strong> listing represents a digital copy of the stated item for the Pokémon TCG Online <strong>and/or</strong> the Pokémon TCG Live games. You may receive the physical <strong>Code Card</strong>. Upon purchase, please work with your specific Seller by sending them a message using the <strong>Contact Seller</strong> button on the order details in your <a href=https://store.tcgplayer.com/myaccount/orderhistory>Order History</a> to opt in to having your <strong>Code Card</strong> code delivered digitally due to the nature of the product.",,,,,,0.01,0.05,0.66,0.01,,Normal,
616203,Code Card - Triple Whammy Tin [Darkrai],Code Card Triple Whammy Tin Darkrai,https://tcgplayer-cdn.tcgplayer.com/product/616203_200w.jpg,3,2374,https://cpt.tcgcsv.com/5vX6,2025-02-05T13:06:15.45,1,,Code Card,,,,"This listing is <strong>not</strong> a physical item. Please keep in mind that this <strong>Code Card</strong> listing represents a digital copy of the stated item for the Pokémon TCG Online <strong>and/or</strong> the Pokémon TCG Live games. You may receive the physical <strong>Code Card</strong>. Upon purchase, please work with your specific Seller by sending them a message using the <strong>Contact Seller</strong> button on the order details in your <a href=https://store.tcgplayer.com/myaccount/orderhistory>Order History</a> to opt in to having your <strong>Code Card</strong> code delivered digitally due to the nature of the product.",,,,,,0.02,0.11,0.99,0.11,,Normal,
616212,Code Card - Triple Whammy Tin [Slaking],Code Card Triple Whammy Tin Slaking,https://tcgplayer-cdn.tcgplayer.com/product/616212_200w.jpg,3,2374,https://cpt.tcgcsv.com/gvX6,2025-02-05T13:06:45.833,1,,Code Card,,,,"This listing is <strong>not</strong> a physical item. Please keep in mind that this <strong>Code Card</strong> listing represents a digital copy of the stated item for the Pokémon TCG Online <strong>and/or</strong> the Pokémon TCG Live games. You may receive the physical <strong>Code Card</strong>. Upon purchase, please work with your specific Seller by sending them a message using the <strong>Contact Seller</strong> button on the order details in your <a href=https://store.tcgplayer.com/myaccount/orderhistory>Order History</a> to opt in to having your <strong>Code Card</strong> code delivered digitally due to the nature of the product.",,,,,,0.02,0.09,0.25,0.09,,Normal,
616214,Code Card - Paldea Partners Tin (Meowscarada),Code Card Paldea Partners Tin Meowscarada,https://tcgplayer-cdn.tcgplayer.com/product/616214_200w.jpg,3,2374,https://cpt.tcgcsv.com/jvX6,2025-02-05T15:11:46.913,1,,Code Card,,,,"This listing is <strong>not</strong> a physical item. Please keep in mind that this <strong>Code Card</strong> listing represents a digital copy of the stated item for the Pokémon TCG Online <strong>and/or</strong> the Pokémon TCG Live games. You may receive the physical <strong>Code Card</strong>. Upon purchase, please work with your specific Seller by sending them a message using the <strong>Contact Seller</strong> button on the order details in your <a href=https://store.tcgplayer.com/myaccount/orderhistory>Order History</a> to opt in to having your <strong>Code Card</strong> code delivered digitally due to the nature of the product.",,,,,,0.05,0.08,0.15,0.08,,Normal,
616226,Code Card - Trainers Toolkit 2024,Code Card Trainers Toolkit 2024,https://tcgplayer-cdn.tcgplayer.com/product/616226_200w.jpg,3,2374,https://cpt.tcgcsv.com/xvX6,2025-02-10T18:02:42.043,1,,Code Card,,,,"This listing is <strong>not</strong> a physical item. Please keep in mind that this <strong>Code Card</strong> listing represents a digital copy of the stated item for the Pokémon TCG Online <strong>and/or</strong> the Pokémon TCG Live games. You may receive the physical <strong>Code Card</strong>. Upon purchase, please work with your specific Seller by sending them a message using the <strong>Contact Seller</strong> button on the order details in your <a href=https://store.tcgplayer.com/myaccount/orderhistory>Order History</a> to opt in to having your <strong>Code Card</strong> code delivered digitally due to the nature of the product.",,,,,,0.74,1.02,2.49,1.04,,Normal,
616233,Code Card - Paldea Partners Tin (Skeledirge),Code Card Paldea Partners Tin Skeledirge,https://tcgplayer-cdn.tcgplayer.com/product/616233_200w.jpg,3,2374,https://cpt.tcgcsv.com/HvX6,2025-02-05T15:12:36.7,1,,Code Card,,,,"This listing is <strong>not</strong> a physical item. Please keep in mind that this <strong>Code Card</strong> listing represents a digital copy of the stated item for the Pokémon TCG Online <strong>and/or</strong> the Pokémon TCG Live games. You may receive the physical <strong>Code Card</strong>. Upon purchase, please work with your specific Seller by sending them a message using the <strong>Contact Seller</strong> button on the order details in your <a href=https://store.tcgplayer.com/myaccount/orderhistory>Order History</a> to opt in to having your <strong>Code Card</strong> code delivered digitally due to the nature of the product.",,,,,,0.02,0.05,0.5,0.05,,Normal,
616242,Code Card - Armarouge Ex Premium Collection,Code Card Armarouge Ex Premium Collection,https://tcgplayer-cdn.tcgplayer.com/product/616242_200w.jpg,3,2374,https://cpt.tcgcsv.com/SvX6,2025-02-05T15:13:05.917,1,,Code Card,,,,"This listing is <strong>not</strong> a physical item. Please keep in mind that this <strong>Code Card</strong> listing represents a digital copy of the stated item for the Pokémon TCG Online <strong>and/or</strong> the Pokémon TCG Live games. You may receive the physical <strong>Code Card</strong>. Upon purchase, please work with your specific Seller by sending them a message using the <strong>Contact Seller</strong> button on the order details in your <a href=https://store.tcgplayer.com/myaccount/orderhistory>Order History</a> to opt in to having your <strong>Code Card</strong> code delivered digitally due to the nature of the product.",,,,,,0.09,0.15,0.99,0.12,,Normal,
616244,Code Card - Triple Whammy Tin [Tyranitar],Code Card Triple Whammy Tin Tyranitar,https://tcgplayer-cdn.tcgplayer.com/product/616244_200w.jpg,3,2374,https://cpt.tcgcsv.com/VvX6,2025-02-05T13:07:07.953,1,,Code Card,,,,"This listing is <strong>not</strong> a physical item. Please keep in mind that this <strong>Code Card</strong> listing represents a digital copy of the stated item for the Pokémon TCG Online <strong>and/or</strong> the Pokémon TCG Live games. You may receive the physical <strong>Code Card</strong>. Upon purchase, please work with your specific Seller by sending them a message using the <strong>Contact Seller</strong> button on the order details in your <a href=https://store.tcgplayer.com/myaccount/orderhistory>Order History</a> to opt in to having your <strong>Code Card</strong> code delivered digitally due to the nature of the product.",,,,,,0.02,0.05,0.25,0.02,,Normal,
616246,Code Card - Greninja ex Ultra-Premium Collection,Code Card Greninja ex Ultra Premium Collection,https://tcgplayer-cdn.tcgplayer.com/product/616246_200w.jpg,3,2374,https://cpt.tcgcsv.com/XvX6,2025-02-05T15:13:29.237,1,,Code Card,,,,"This listing is <strong>not</strong> a physical item. Please keep in mind that this <strong>Code Card</strong> listing represents a digital copy of the stated item for the Pokémon TCG Online <strong>and/or</strong> the Pokémon TCG Live games. You may receive the physical <strong>Code Card</strong>. Upon purchase, please work with your specific Seller by sending them a message using the <strong>Contact Seller</strong> button on the order details in your <a href=https://store.tcgplayer.com/myaccount/orderhistory>Order History</a> to opt in to having your <strong>Code Card</strong> code delivered digitally due to the nature of the product.",,,,,,0.99,1.09,1.19,0.99,,Normal,
616291,Azure Legends Tin [Dialga ex],Azure Legends Tin Dialga ex,https://tcgplayer-cdn.tcgplayer.com/product/616291_200w.jpg,3,2374,https://cpt.tcgcsv.com/RwX6,2025-02-21T05:10:13.69,1,,,,,,"Into the Wild Blue Yonder with Pokémon ex!
<br>Legendary Pokémon are behind many of the mysteries of the Pokémon world, and now you can discover their amazing power for yourself! With this tin, choose the surging waves of Kyogre ex, the piercing horns of Xerneas ex, or the temporal might of Dialga ex as a foil promo card that's ready to add to your deck or collection binder. You also get a handful of Pokémon TCG booster packs with more cards to find inside!
<br>This Pokémon TCG: Azure Legends Tin includes:
<br>• 1 foil promo card featuring Kyogre ex, Xerneas ex, or Dialga ex
<br>• 5 Pokémon TCG booster packs
<br>• A code card for Pokémon TCG Live",,,,,,35.0,40.0,69.0,36.52,,Normal,
616292,Azure Legends Tin [Kyogre ex],Azure Legends Tin Kyogre ex,https://tcgplayer-cdn.tcgplayer.com/product/616292_200w.jpg,3,2374,https://cpt.tcgcsv.com/SwX6,2025-02-21T05:10:13.69,1,,,,,,"Into the Wild Blue Yonder with Pokémon ex!
<br>Legendary Pokémon are behind many of the mysteries of the Pokémon world, and now you can discover their amazing power for yourself! With this tin, choose the surging waves of Kyogre ex, the piercing horns of Xerneas ex, or the temporal might of Dialga ex as a foil promo card that's ready to add to your deck or collection binder. You also get a handful of Pokémon TCG booster packs with more cards to find inside!
<br>This Pokémon TCG: Azure Legends Tin includes:
<br>• 1 foil promo card featuring Kyogre ex, Xerneas ex, or Dialga ex
<br>• 5 Pokémon TCG booster packs
<br>• A code card for Pokémon TCG Live",,,,,,20.0,45.0,59.94,41.81,,Normal,
616293,Azure Legends Tin [Xerneas ex],Azure Legends Tin Xerneas ex,https://tcgplayer-cdn.tcgplayer.com/product/616293_200w.jpg,3,2374,https://cpt.tcgcsv.com/TwX6,2025-02-21T05:10:13.69,1,,,,,,"Into the Wild Blue Yonder with Pokémon ex!
<br>Legendary Pokémon are behind many of the mysteries of the Pokémon world, and now you can discover their amazing power for yourself! With this tin, choose the surging waves of Kyogre ex, the piercing horns of Xerneas ex, or the temporal might of Dialga ex as a foil promo card that's ready to add to your deck or collection binder. You also get a handful of Pokémon TCG booster packs with more cards to find inside!
<br>This Pokémon TCG: Azure Legends Tin includes:
<br>• 1 foil promo card featuring Kyogre ex, Xerneas ex, or Dialga ex
<br>• 5 Pokémon TCG booster packs
<br>• A code card for Pokémon TCG Live",,,,,,20.0,39.99,59.0,33.47,,Normal,
616294,Pokemon Stacking Tin: Treasures of Ruin,Pokemon Stacking Tin Treasures of Ruin,https://tcgplayer-cdn.tcgplayer.com/product/616294_200w.jpg,3,2374,https://cpt.tcgcsv.com/VwX6,2025-03-07T05:10:26.677,1,,,,,,"Stack 'Em High!
<br>
Choose a tin with powerful Pokémon from Paldea or Kitakami: the fearsome Treasures of Ruin, mysterious Paradox Pokémon, or feisty Ogerpon and its masks! This handy Pokémon TCG: Stacking Tin stacks neatly with others and contains:
type! This handy Pokémon TCG: Stacking Tin stacks neatly with others and contains:
<br>
• 3 Pokémon TCG booster packs
<br>
• 1 Pokémon sticker sheets",,,,,,20.0,28.26,40.0,24.27,,Normal,
616295,Pokemon Stacking Tin: Paradox Pokemon,Pokemon Stacking Tin Paradox Pokemon,https://tcgplayer-cdn.tcgplayer.com/product/616295_200w.jpg,3,2374,https://cpt.tcgcsv.com/WwX6,2025-03-07T05:10:26.677,1,,,,,,"Stack 'Em High!
<br>
Choose a tin with powerful Pokémon from Paldea or Kitakami: the fearsome Treasures of Ruin, mysterious Paradox Pokémon, or feisty Ogerpon and its masks! This handy Pokémon TCG: Stacking Tin stacks neatly with others and contains:
type! This handy Pokémon TCG: Stacking Tin stacks neatly with others and contains:
<br>
• 3 Pokémon TCG booster packs
<br>
• 1 Pokémon sticker sheets",,,,,,23.95,27.99,40.0,23.95,,Normal,
616296,Pokemon Stacking Tin: Ogerpon,Pokemon Stacking Tin Ogerpon,https://tcgplayer-cdn.tcgplayer.com/product/616296_200w.jpg,3,2374,https://cpt.tcgcsv.com/XwX6,2025-03-07T05:10:26.677,1,,,,,,"Stack 'Em High!
<br>
Choose a tin with powerful Pokémon from Paldea or Kitakami: the fearsome Treasures of Ruin, mysterious Paradox Pokémon, or feisty Ogerpon and its masks! This handy Pokémon TCG: Stacking Tin stacks neatly with others and contains:
type! This handy Pokémon TCG: Stacking Tin stacks neatly with others and contains:
<br>
• 3 Pokémon TCG booster packs
<br>
• 1 Pokémon sticker sheets",,,,,,23.31,29.99,35.0,24.55,,Normal,
616297,"Pokemon Stacking Tins:Treasures of Ruin, Paradox Pokémon, Ogerpon[Set of 3]",Pokemon Stacking TinsTreasures of Ruin Paradox Pokemon OgerponSet of 3,https://tcgplayer-cdn.tcgplayer.com/product/616297_200w.jpg,3,2374,https://cpt.tcgcsv.com/ZwX6,2025-03-07T05:10:26.677,0,,,,,,"Each Pokemon Stacking Tins [Set of 3] contains the following:
<br>• 1 Pokemon Stacking Tin: Treasures of Ruin
<br>• 1 Pokemon Stacking Tin: Paradox Pokémon
<br>• 1 Pokemon Stacking Tin: Ogerpon
<br>
<br>These handy Pokémon TCG: Stacking Tins stack
neatly with others and contain:
<br>• 3 Pokemon TCG booster packs
<br>• 2 Pokemon Sticker Sheets",,,,,,90.0,94.93,94.99,,,Normal,
616298,Pokemon Stacking Tins: Treasures of Ruin-Paradox Pokémon-Ogerpon Display,Pokemon Stacking Tins Treasures of Ruin Paradox Pokemon Ogerpon Display,https://tcgplayer-cdn.tcgplayer.com/product/616298_200w.jpg,3,2374,https://cpt.tcgcsv.com/-wX6,2025-03-07T05:10:26.677,1,,,,,,"Each Pokemon Stacking Tins Display contains the following:
<br>• 2 Pokemon Stacking Tin: Treasures of Ruin
<br>• 2 Pokemon Stacking Tin: Paradox Pokémon
<br>• 2 Pokemon Stacking Tin: Ogerpon
<br>
<br>These handy Pokémon TCG: Stacking Tins stack
neatly with others and contain:
<br>• 3 Pokemon TCG booster packs
<br>• 2 Pokemon Sticker Sheets",,,,,,189.09,189.99,191.99,,,Normal,
616303,Hop's Zacian ex Box,Hops Zacian ex Box,https://tcgplayer-cdn.tcgplayer.com/product/616303_200w.jpg,3,2374,https://cpt.tcgcsv.com/5xX6,2025-03-28T04:10:22.48,1,,,,,,"Two of Galar's Greatest Team Up!
<br>Hop and Zacian have joined forces to form a dynamic duo that's truly rival worthy! Hop's Zacian ex attacks your opponent's Active Pokémon plus one on the Bench with Insta Strika, while Brave Slash closes in for damage! With Hop's Zacian on your side, your battles are sure to be awesome even on the darkest of days. If that's not enough, you'll find additional Pokémon in the 4 included booster packs!
<br>
 <br>The Pokémon TCG: Hop's Zacian ex Box includes:
<br>
<br>• 1 foil promo card featuring Hop's Zacian ex 2 foil cards featuring Hap's Wootoo and Hop's Dubwool
<br>• 1 oversize foil card featuring Hop's Zacian ex
<br>• 1 photo sticker
<br>• 4 Pokémon TCG booster packs
<br>• A code card for Pokémon TCG Live",,,,,,28.09,39.22,75.0,32.19,,Normal,196214120808
616304,Iono’s Bellibolt ex Premium Collection,Ionos Bellibolt ex Premium Collection,https://tcgplayer-cdn.tcgplayer.com/product/616304_200w.jpg,3,2374,https://cpt.tcgcsv.com/6xX6,2025-04-11T04:10:19.827,1,,,,,,"Power Up Your Pokémon in the Iono Zone!
<br>Levincia Gym Leader Iono and her partner Pokémon Bellibolt are an inseparable team full of supercharged spirit. With this collection, you can call on Iono’s Bellibolt ex and its Electric Streamer Ability to energize the rest of Iono’s Pokémon on your side. Then, get caught up in more electrifying fun with acrylic standees, a colorful photo sticker, and a handful of Pokémon TCG booster packs!
<br>
 <br>
The Pokémon TCG: Iono’s Bellibolt ex Premium Collection Includes
<br>•1 full-art foil promo card featuring Iono’s Bellibolt ex.
<br>•1 foil card featuring Iono’s Tadbulb.
<br>•1 sheet of acrylic standees featuring Iono, Bellibolt, and more.
<br>•1 double-sided backdrop display.
<br>•1 photo sticker featuring Iono and Bellibolt.
<br>•6 Pokémon TCG booster packs.
<br>•A code card for Pokémon TCG Live.",,,,,,35.99,49.99,69.99,44.73,,Normal,
616305,Charizard ex Special Collection,Charizard ex Special Collection,https://tcgplayer-cdn.tcgplayer.com/product/616305_200w.jpg,3,2374,https://cpt.tcgcsv.com/7xX6,2025-07-07T11:43:26.277,1,,,,,,"Charizard ex Brings the Darkness!
<br>Charizard ex burns up the opposition’s lead with the cunning firepower of a Darkness-type Pokémon. Evolve it from Charmander and Charmeleon, then use its strong Ability and attack to make a roaring comeback. This fiery set also comes with 5 Pokémon TCG booster packs and an oversize lenticular card featuring the Flame Pokémon itself—move the card back and forth to see Charizard ex go on the attack!
<br>
 <br>
The Pokémon TCG: Charizard ex Special Collection Includes
<br>
<br>•1 etched foil promo card featuring Charizard ex.
<br>•2 foil cards featuring Charmander and Charmeleon.
<br>•5 Pokémon TCG booster packs.
<br>•1 oversize lenticular card.
<br>•A code card for Pokémon TCG Live.",,,,,,45.0,60.0,99.99,55.26,,Normal,
616737,Retail Exclusive Pokemon Paldean Fates Mini Tins + Poke Ball Tin,Retail Exclusive Pokemon Paldean Fates Mini Tins plus Poke Ball Tin,https://tcgplayer-cdn.tcgplayer.com/product/616737_200w.jpg,3,2374,https://cpt.tcgcsv.com/MJX6,2025-02-14T20:01:09.88,1,,,,,,"Each product contains 1 Poke Ball tin and 2 random Paldean Fates Mini Tins designs.
<br><br>
Poke Ball Tin contents:
<br>• 3 Pokemon TCG booster packs
<br>• 1 Pokemon coin
<br><br>
Paldean Fates Mini Tin contents:
<br>• 2 Pokemon TCG booster packs
<br>• 1 Pokemon coin
<br>• 1 Pokemon art card
<br><br>
<br><em>(Pokemon TCG booster packs, coins, and contents varies by product.)</em>",,,,,,105.0,120.0,120.0,94.59,,Normal,
616824,Greninja ex (GameStop Metal Card),Greninja ex GameStop Metal Card,https://tcgplayer-cdn.tcgplayer.com/product/616824_200w.jpg,3,2374,https://cpt.tcgcsv.com/vLX6,2025-10-27T11:59:24.67,1,106/167,Double Rare,Fighting,310,Stage 2,,"[W] Shinobi Blade (170)
You may search your library for a card and put it into your hand. then, shuffle your deck.","[WCC]  Mirage Barrage
Discard 2 Energy from this Pokémon. This attack does 120 damage to 2 of your opponent's Pokémon. <em>(Don't apply Weakness and Resistance for Benched Pokémon.)</em>",Px2,None,1,88.99,119.99,153.0,51.85,,Normal,
616828,Code Card - Quaquaval Ex Premium Collection,Code Card Quaquaval Ex Premium Collection,https://tcgplayer-cdn.tcgplayer.com/product/616828_200w.jpg,3,2374,https://cpt.tcgcsv.com/BLX6,2025-02-05T15:14:07.247,1,,Code Card,,,,"This listing is <strong>not</strong> a physical item. Please keep in mind that this <strong>Code Card</strong> listing represents a digital copy of the stated item for the Pokémon TCG Online <strong>and/or</strong> the Pokémon TCG Live games. You may receive the physical <strong>Code Card</strong>. Upon purchase, please work with your specific Seller by sending them a message using the <strong>Contact Seller</strong> button on the order details in your <a href=https://store.tcgplayer.com/myaccount/orderhistory>Order History</a> to opt in to having your <strong>Code Card</strong> code delivered digitally due to the nature of the product.",,,,,,,,,,,,
616829,Code Card - Oinkologne ex Box,Code Card Oinkologne ex Box,https://tcgplayer-cdn.tcgplayer.com/product/616829_200w.jpg,3,2374,https://cpt.tcgcsv.com/CLX6,2025-02-05T15:14:36.787,1,,Code Card,,,,"This listing is <strong>not</strong> a physical item. Please keep in mind that this <strong>Code Card</strong> listing represents a digital copy of the stated item for the Pokémon TCG Online <strong>and/or</strong> the Pokémon TCG Live games. You may receive the physical <strong>Code Card</strong>. Upon purchase, please work with your specific Seller by sending them a message using the <strong>Contact Seller</strong> button on the order details in your <a href=https://store.tcgplayer.com/myaccount/orderhistory>Order History</a> to opt in to having your <strong>Code Card</strong> code delivered digitally due to the nature of the product.",,,,,,0.05,0.08,0.5,0.07,,Normal,
616830,Code Card - Houndstone ex Box,Code Card Houndstone ex Box,https://tcgplayer-cdn.tcgplayer.com/product/616830_200w.jpg,3,2374,https://cpt.tcgcsv.com/DLX6,2025-02-05T15:15:03.097,1,,Code Card,,,,"This listing is <strong>not</strong> a physical item. Please keep in mind that this <strong>Code Card</strong> listing represents a digital copy of the stated item for the Pokémon TCG Online <strong>and/or</strong> the Pokémon TCG Live games. You may receive the physical <strong>Code Card</strong>. Upon purchase, please work with your specific Seller by sending them a message using the <strong>Contact Seller</strong> button on the order details in your <a href=https://store.tcgplayer.com/myaccount/orderhistory>Order History</a> to opt in to having your <strong>Code Card</strong> code delivered digitally due to the nature of the product.",,,,,,0.01,0.09,0.3,0.09,,Normal,
616832,Code Card - Bloodmoon Ursaluna ex Box,Code Card Bloodmoon Ursaluna ex Box,https://tcgplayer-cdn.tcgplayer.com/product/616832_200w.jpg,3,2374,https://cpt.tcgcsv.com/GLX6,2025-02-05T15:15:52.78,1,,Code Card,,,,"This listing is <strong>not</strong> a physical item. Please keep in mind that this <strong>Code Card</strong> listing represents a digital copy of the stated item for the Pokémon TCG Online <strong>and/or</strong> the Pokémon TCG Live games. You may receive the physical <strong>Code Card</strong>. Upon purchase, please work with your specific Seller by sending them a message using the <strong>Contact Seller</strong> button on the order details in your <a href=https://store.tcgplayer.com/myaccount/orderhistory>Order History</a> to opt in to having your <strong>Code Card</strong> code delivered digitally due to the nature of the product.",,,,,,0.01,0.05,0.12,0.04,,Normal,
616920,Victini ex/Miraidon ex Battle Decks [Set of 2],Victini ex Miraidon ex Battle Decks Set of 2,https://tcgplayer-cdn.tcgplayer.com/product/616920_200w.jpg,3,2374,https://cpt.tcgcsv.com/qNX6,2025-02-04T20:07:04.753,1,,,,,,"Mighty Pokémon ex Battle for Victory!
<br>Powerful Pokémon ex are ready to charge onto the battlefield in the new Pokémon TCG: ex Battle Decks! Each 60-card deck is led by an exceptional
Pokémon ex and includes everything you need to play right away. Let the battle begin!
<br>
<br>In each box, you’ll find:
<br>• 1 ready-to-play 60-card deck
<br>• 3 reference cards
<br>• 1 rules booklet
<br>• 1 single-player playmat
<br>• 1 set of damage counters
<br>• 1 large metallic coin
<br>• 1 deck box
<br>• 1 strategy sheet
<br>• 1 code card to play this deck online
<br><br>Each set includes one of each, ex Battle Deck [Victini] and ex Battle Deck [Miraidon]",,,,,,,,,,,,
616935,Code Card - Checklane 2-Pack Blister [Pawmot],Code Card Checklane 2 Pack Blister Pawmot,https://tcgplayer-cdn.tcgplayer.com/product/616935_200w.jpg,3,2374,https://cpt.tcgcsv.com/KNX6,2025-02-05T14:39:12.543,1,,Code Card,,,,"This listing is <strong>not</strong> a physical item. Please keep in mind that this <strong>Code Card</strong> listing represents a digital copy of the stated item for the Pokémon TCG Online <strong>and/or</strong> the Pokémon TCG Live games. You may receive the physical <strong>Code Card</strong>. Upon purchase, please work with your specific Seller by sending them a message using the <strong>Contact Seller</strong> button on the order details in your <a href=https://store.tcgplayer.com/myaccount/orderhistory>Order History</a> to opt in to having your <strong>Code Card</strong> code delivered digitally due to the nature of the product.",,,,,,0.05,0.06,0.29,0.06,,Normal,
616940,"Enhanced 2-Pack Blister Pack [Palafin, Baxcalibur & Garganacl]",Enhanced 2 Pack Blister Pack Palafin Baxcalibur and Garganacl,https://tcgplayer-cdn.tcgplayer.com/product/616940_200w.jpg,3,2374,https://cpt.tcgcsv.com/QNX6,2025-02-04T20:47:54.477,1,,,,,,"Expand your collection with three foil Pokémon TCG cards featuring Palafin, Baxcalibur, and Garganacl—plus a metallic coin, two Pokémon TCG booster packs, and a code card for Pokémon TCG Live!
<br>Includes 3 cards, 2 booster packs, a coin, and a code card
Each booster pack contains 10 cards and 1 Basic Energy or 1 VSTAR marker. Cards vary by pack.",,,,,,,,,,,,
616943,"Code Card - Enhanced 2-Pack Blister Pack [Palafin, Baxcalibur & Garganacl]",Code Card Enhanced 2 Pack Blister Pack Palafin Baxcalibur and Garganacl,https://tcgplayer-cdn.tcgplayer.com/product/616943_200w.jpg,3,2374,https://cpt.tcgcsv.com/TNX6,2025-02-05T13:08:34.65,1,,Code Card,,,,"This listing is <strong>not</strong> a physical item. Please keep in mind that this <strong>Code Card</strong> listing represents a digital copy of the stated item for the Pokémon TCG Online <strong>and/or</strong> the Pokémon TCG Live games. You may receive the physical <strong>Code Card</strong>. Upon purchase, please work with your specific Seller by sending them a message using the <strong>Contact Seller</strong> button on the order details in your <a href=https://store.tcgplayer.com/myaccount/orderhistory>Order History</a> to opt in to having your <strong>Code Card</strong> code delivered digitally due to the nature of the product.",,,,,,0.01,0.36,0.99,0.49,,Normal,
616944,Code Card - Back-to-School 2024 Collector Chest,Code Card Back to School 2024 Collector Chest,https://tcgplayer-cdn.tcgplayer.com/product/616944_200w.jpg,3,2374,https://cpt.tcgcsv.com/VNX6,2025-02-05T13:12:46.033,1,,Code Card,,,,"This listing is <strong>not</strong> a physical item. Please keep in mind that this <strong>Code Card</strong> listing represents a digital copy of the stated item for the Pokémon TCG Online <strong>and/or</strong> the Pokémon TCG Live games. You may receive the physical <strong>Code Card</strong>. Upon purchase, please work with your specific Seller by sending them a message using the <strong>Contact Seller</strong> button on the order details in your <a href=https://store.tcgplayer.com/myaccount/orderhistory>Order History</a> to opt in to having your <strong>Code Card</strong> code delivered digitally due to the nature of the product.",,,,,,0.05,0.1,0.25,0.1,,Normal,
616945,Code Card - Fall 2023 Collector Chest,Code Card Fall 2023 Collector Chest,https://tcgplayer-cdn.tcgplayer.com/product/616945_200w.jpg,3,2374,https://cpt.tcgcsv.com/WNX6,2025-02-05T13:11:06.82,1,,Code Card,,,,"This listing is <strong>not</strong> a physical item. Please keep in mind that this <strong>Code Card</strong> listing represents a digital copy of the stated item for the Pokémon TCG Online <strong>and/or</strong> the Pokémon TCG Live games. You may receive the physical <strong>Code Card</strong>. Upon purchase, please work with your specific Seller by sending them a message using the <strong>Contact Seller</strong> button on the order details in your <a href=https://store.tcgplayer.com/myaccount/orderhistory>Order History</a> to opt in to having your <strong>Code Card</strong> code delivered digitally due to the nature of the product.",,,,,,0.03,0.41,0.6,0.41,,Normal,
616946,Code Card - Fall 2024 Collector Chest,Code Card Fall 2024 Collector Chest,https://tcgplayer-cdn.tcgplayer.com/product/616946_200w.jpg,3,2374,https://cpt.tcgcsv.com/XNX6,2025-02-05T13:11:35.46,1,,Code Card,,,,"This listing is <strong>not</strong> a physical item. Please keep in mind that this <strong>Code Card</strong> listing represents a digital copy of the stated item for the Pokémon TCG Online <strong>and/or</strong> the Pokémon TCG Live games. You may receive the physical <strong>Code Card</strong>. Upon purchase, please work with your specific Seller by sending them a message using the <strong>Contact Seller</strong> button on the order details in your <a href=https://store.tcgplayer.com/myaccount/orderhistory>Order History</a> to opt in to having your <strong>Code Card</strong> code delivered digitally due to the nature of the product.",,,,,,2.5,2.5,2.5,,,Normal,
616951,"Enhanced 2-Pack Blister Pack [Latios, Zekrom & Palkia]",Enhanced 2 Pack Blister Pack Latios Zekrom and Palkia,https://tcgplayer-cdn.tcgplayer.com/product/616951_200w.jpg,3,2374,https://cpt.tcgcsv.com/2PX6,2025-02-04T21:20:44.557,1,,,,,,"Give Your Collection a Boost!
<br>
Expand your collection with three foil Pokémon TCG cards featuring Latios, Zekrom, and Palkia—plus a metallic coin, two Pokémon TCG booster packs, and a code card for Pokémon TCG Live!
<br><br>
Includes:
<br>
<br>• Foil cards featuring Latios, Zekrom, and Palkia
<br>• A Pokémon coin
<br>• 2 Pokémon TCG booster packs <em>(Each booster pack contains 10 cards and either 1 Basic Energy or 1 VSTAR marker. Cards vary by pack. Packs may vary by product.)</em>
<br>• A code card for Pokémon TCG Live",,,,,,,,,,,,290-85872
616952,"Code Card - Enhanced 2-Pack Blister Pack [Latios, Zekrom & Palkia]",Code Card Enhanced 2 Pack Blister Pack Latios Zekrom and Palkia,https://tcgplayer-cdn.tcgplayer.com/product/616952_200w.jpg,3,2374,https://cpt.tcgcsv.com/3PX6,2025-02-05T13:09:17.7,1,,Code Card,,,,"This listing is <strong>not</strong> a physical item. Please keep in mind that this <strong>Code Card</strong> listing represents a digital copy of the stated item for the Pokémon TCG Online <strong>and/or</strong> the Pokémon TCG Live games. You may receive the physical <strong>Code Card</strong>. Upon purchase, please work with your specific Seller by sending them a message using the <strong>Contact Seller</strong> button on the order details in your <a href=https://store.tcgplayer.com/myaccount/orderhistory>Order History</a> to opt in to having your <strong>Code Card</strong> code delivered digitally due to the nature of the product.",,,,,,,,,,,,
616953,"Enhanced 2-Pack Blister Pack [Armarouge, Revavroom & Houndstone]",Enhanced 2 Pack Blister Pack Armarouge Revavroom and Houndstone,https://tcgplayer-cdn.tcgplayer.com/product/616953_200w.jpg,3,2374,https://cpt.tcgcsv.com/5PX6,2025-02-04T21:26:18.237,1,,,,,,"Give Your Collection a Boost!
<br>
Expand your collection with three foil Pokémon TCG cards featuring Armarouge, Revavroom, and Houndstone—plus a metallic coin, two Pokémon TCG booster packs, and a code card for Pokémon TCG Live!
<br>
Includes three foil cards, two booster packs, and one coin
<br>
Each booster pack contains 10 cards and either 1 Basic Energy or 1 VSTAR marker. Cards vary by pack.",,,,,,33.99,44.5,55.0,22.52,,Normal,290-85255
616954,"Code Card - Enhanced 2-Pack Blister Pack [Armarouge, Revavroom & Houndstone]",Code Card Enhanced 2 Pack Blister Pack Armarouge Revavroom and Houndstone,https://tcgplayer-cdn.tcgplayer.com/product/616954_200w.jpg,3,2374,https://cpt.tcgcsv.com/6PX6,2025-02-05T13:09:45.107,1,,Code Card,,,,"This listing is <strong>not</strong> a physical item. Please keep in mind that this <strong>Code Card</strong> listing represents a digital copy of the stated item for the Pokémon TCG Online <strong>and/or</strong> the Pokémon TCG Live games. You may receive the physical <strong>Code Card</strong>. Upon purchase, please work with your specific Seller by sending them a message using the <strong>Contact Seller</strong> button on the order details in your <a href=https://store.tcgplayer.com/myaccount/orderhistory>Order History</a> to opt in to having your <strong>Code Card</strong> code delivered digitally due to the nature of the product.",,,,,,0.05,0.13,0.25,0.13,,Normal,
616998,Riolu (Cracked Ice Holo),Riolu Cracked Ice Holo,https://tcgplayer-cdn.tcgplayer.com/product/616998_200w.jpg,3,2374,https://cpt.tcgcsv.com/-PX6,2025-02-05T16:20:15.66,1,016/017,Common,Fighting,50,Basic,"<strong>Poké-BODY — Inner Focus</strong>
<br>
Riolu can't be Paralyzed.","[F] Quick Attack (10+)
<br>Flip a coin. If heads, this attack does 10 damage plus 10 more damage.",,P+10,,1,19.49,19.94,22.5,16.43,,Holofoil,
617017,Kingdra (Cosmos Holo),Kingdra Cosmos Holo,https://tcgplayer-cdn.tcgplayer.com/product/617017_200w.jpg,3,2374,https://cpt.tcgcsv.com/mQX6,2025-02-05T16:23:42.3,1,032/182,Rare,Water,150,Stage 2,,"[W] Whirltide
<br>Reveal the top 6 cards of your deck. This attack does 60 damage to 1 of your opponent’s Pokémon for each Energy card you find there. Then, discard those Energy cards and shuffle the other cards back into your deck. (Don’t apply Weakness and Resistance for Benched Pokémon.)",[1W] Hydro Splash (120),Lx2,None,1,2.98,8.49,50.0,6.46,,Holofoil,
617566,Sableye (Cosmos Holo),Sableye Cosmos Holo,https://tcgplayer-cdn.tcgplayer.com/product/617566_200w.jpg,3,2374,https://cpt.tcgcsv.com/l2Z6,2025-02-07T17:17:25.647,1,136/193,Rare,Dark,70,Basic,,"[1] Night Eyes
<br>Your opponent's Active Pokémon is now Asleep.","[D] Unseen Claw (20+)
<br>If your opponent's Active Pokémon is affected by a Special Condition, this attack does 70 more damage.",Gx2,None,1,0.2,0.52,6.56,0.53,,Holofoil,
617567,Darkrai (Cosmos Holo),Darkrai Cosmos Holo,https://tcgplayer-cdn.tcgplayer.com/product/617567_200w.jpg,3,2374,https://cpt.tcgcsv.com/m2Z6,2025-02-07T17:17:45.613,1,136/197,Rare,Darkness,130,Basic,,"[D] Dark Slumber (20)
<br>Your opponent’s Active Pokémon is now Asleep.","[1DD] Night Cyclone (120)
<br>Move all Energy from this Pokémon to your Benched Pokémon in any way you like.",Gx2,None,2,0.24,0.5,20.99,0.48,,Holofoil,
617568,Slakoth (Cosmos Holo),Slakoth Cosmos Holo,https://tcgplayer-cdn.tcgplayer.com/product/617568_200w.jpg,3,2374,https://cpt.tcgcsv.com/n2Z6,2025-02-07T17:18:09.26,1,160/193,Common,Colorless,70,Basic,,"[2] Yawn
<br>Your opponent's Active Pokémon is now Asleep.",,Fx2,None,2,0.03,0.3,7.91,0.27,,Holofoil,
617569,Slaking (Cosmos Holo),Slaking Cosmos Holo,https://tcgplayer-cdn.tcgplayer.com/product/617569_200w.jpg,3,2374,https://cpt.tcgcsv.com/p2Z6,2025-02-07T17:18:33.707,1,162/193,Rare,Colorless,180,Stage 2,"<strong>Ability — Stir and Snooze</strong>
<br>If this Pokémon is Asleep, flip 2 coins instead of 1 during Pokémon Checkup. If either of them is tails, this Pokémon is still Asleep.","[3] Slacker's Headstrike (240)
<br>This Pokémon is now Asleep.",,Fx2,None,4,0.05,0.3,5.99,0.26,,Holofoil,
617570,Vigoroth (Cosmos Holo),Vigoroth Cosmos Holo,https://tcgplayer-cdn.tcgplayer.com/product/617570_200w.jpg,3,2374,https://cpt.tcgcsv.com/q2Z6,2025-02-07T17:19:17.33,1,161/193,Uncommon,Colorless,90,Stage 1,,[2] Confront (40),"[3] Sharp Claws (60+)
<br>Flip a coin. If heads, this attack does 60 more damage.",Fx2,None,2,0.01,0.28,7.82,0.25,,Holofoil,
618089,Eevee ex - 075/131 (Prismatic Evolutions Stamp),Eevee ex 075 131 Prismatic Evolutions Stamp,https://tcgplayer-cdn.tcgplayer.com/product/618089_200w.jpg,3,2374,https://cpt.tcgcsv.com/PfZ6,2025-02-11T18:23:49.23,1,075/131,Promo,Colorless,200,Basic,<strong>Ability: Rainbow DNA</strong> This Pokemon can evolve into any Pokemon ex that evolves from Eevee if you play it from your hand onto this Pokemon. <em>(This Pokemon can't evolve during your first turn or the turn you play it.)</em>,[RWL] Coruscating Quartz (200),,Fx2,,1,4.5,7.67,19.97,6.25,,Holofoil,
618090,Flareon ex - 014/131 (Prismatic Evolutions Stamp),Flareon ex 014 131 Prismatic Evolutions Stamp,https://tcgplayer-cdn.tcgplayer.com/product/618090_200w.jpg,3,2374,https://cpt.tcgcsv.com/QfZ6,2026-02-16T23:43:14.35,1,014/131,Promo,Fire,270,Stage 1,,"[RC] Burning Charge (130)<br> Search your deck for up to 2 Basic Energy cards and attach them to 1 of your Pokemon. Then, shuffle your deck.","[RWL] Carnelian (280)<br> During your next turn, this Pokemon can't attack.",Wx2,,2,4.89,6.46,50.0,6.04,,Holofoil,
618093,Vaporeon ex - 023/131 (Prismatic Evolutions Stamp),Vaporeon ex 023 131 Prismatic Evolutions Stamp,https://tcgplayer-cdn.tcgplayer.com/product/618093_200w.jpg,3,2374,https://cpt.tcgcsv.com/TfZ6,2025-02-11T18:24:06.09,1,023/131,Promo,Water,280,Stage 1,,[WC] Severe Squall<br> This attack does 60 damage to each of your opponent's Pokemon ex. This attack's damage isn't affected by Weakness or Resistance.,"[RWL] Aquamarine (280)<br> During your next turn, this Pokemon can't attack.",Lx2,,2,4.5,6.0,900.0,5.58,,Holofoil,
618095,Jolteon ex - 030/131 (Prismatic Evolutions Stamp),Jolteon ex 030 131 Prismatic Evolutions Stamp,https://tcgplayer-cdn.tcgplayer.com/product/618095_200w.jpg,3,2374,https://cpt.tcgcsv.com/WfZ6,2025-11-13T20:50:54.553,1,030/131,Promo,Lightning,260,Stage 1,,[LC] Flashing Spear (60+)<br> You may discard up to 2 Basic Energy from your Benched Pokemon. This attack does 90 more damage for each card you discarded in this way.,"[RWL] Dravite (280)<br> During your next turn, this Pokemon can't attack.",Fx2,,0,4.39,6.0,30.0,5.27,,Holofoil,
618101,Espeon ex - 034/131 (Prismatic Evolutions Stamp),Espeon ex 034 131 Prismatic Evolutions Stamp,https://tcgplayer-cdn.tcgplayer.com/product/618101_200w.jpg,3,2374,https://cpt.tcgcsv.com/2gZ6,2025-11-20T02:49:40.373,1,034/131,Promo,Psychic,270,Stage 1,,[PCC] Psych Out (160)<br> Discard a random card from your opponent's hand.,[GPD] Amazez<br> Devolve each of your opponent's evolved Pokemon by shuffling the highest Stage Evolution card on it into your opponent's deck.,Dx2,F-30,1,4.0,7.25,50.0,5.95,,Holofoil,
618104,Umbreon ex - 060/131 (Prismatic Evolutions Stamp),Umbreon ex 060 131 Prismatic Evolutions Stamp,https://tcgplayer-cdn.tcgplayer.com/product/618104_200w.jpg,3,2374,https://cpt.tcgcsv.com/6gZ6,2025-02-11T18:24:20.027,1,060/131,Promo,Darkness,280,Stage 1,,[DCC] Moon Mirage (160)<br> Your opponent's Active Pokemon is now Confused.,"[LPD] Onyx<br> Discard all Energy from this Pokemon, and take a Prize card.",Gx2,,2,14.99,25.12,100.0,18.95,18.0,Holofoil,
618107,Leafeon ex - 006/131 (Prismatic Evolutions Stamp),Leafeon ex 006 131 Prismatic Evolutions Stamp,https://tcgplayer-cdn.tcgplayer.com/product/618107_200w.jpg,3,2374,https://cpt.tcgcsv.com/9gZ6,2025-11-13T20:49:49.59,1,006/131,Promo,Grass,270,Stage 1,,[GC] Verdant Storm (60x)<br> This attack does 60 damage for each Energy attached to all of your opponent's Pokemon.,[GRW] Moss Agate (230)<br> Heal 100 damage from each of your Benched Pokemon.,Rx2,,2,4.0,5.94,100.0,5.5,,Holofoil,
618108,Glaceon ex - 026/131 (Prismatic Evolutions Stamp),Glaceon ex 026 131 Prismatic Evolutions Stamp,https://tcgplayer-cdn.tcgplayer.com/product/618108_200w.jpg,3,2374,https://cpt.tcgcsv.com/bgZ6,2025-12-09T03:13:17.69,1,026/131,Promo,Water,270,Stage 1,,[WC] Frost Bullet (110)<br> This attack also does 30 damage to 1 of your opponent's Benched Pokemon. <em>(Don't apply Weakness and Resistance for Benched Pokemon.)</em>,[GWD] Euclase<br> Knock Out 1 of your opponent's Pokemon that has exactly 6 damage counters on it.,Mx2,,1,2.68,4.79,40.0,3.72,3.95,Holofoil,
618119,Sylveon ex - 041/131 (Prismatic Evolutions Stamp),Sylveon ex 041 131 Prismatic Evolutions Stamp,https://tcgplayer-cdn.tcgplayer.com/product/618119_200w.jpg,3,2374,https://cpt.tcgcsv.com/pgZ6,2025-02-11T18:39:31.17,1,041/131,Promo,Psychic,270,Stage 1,,"[PCC] Magical Charm (160)<br> During your opponent's next turn, attacks used by the Defending Pokemon do 100 less damage <em>(before applying Weakness and Resistance)</em>.","[WLP] Angelite<br> Choose 2 of your opponent's Benched Pokemon. Shuffle those Pokemon and all attached cards into your opponent's deck. If 1 of your Pokemon used Angelite during your last turn, this attack can't be used.",Mx2,,2,5.0,8.7,29.99,6.93,,Holofoil,
618718,Code Card - Blooming Waters Premium Collection,Code Card Blooming Waters Premium Collection,https://tcgplayer-cdn.tcgplayer.com/product/618718_200w.jpg,3,2374,https://cpt.tcgcsv.com/nvZ6,2025-02-14T20:20:49.467,1,,Code Card,,,,"This listing is <strong>not</strong> a physical item. Please keep in mind that this <strong>Code Card</strong> listing represents a digital copy of the stated item for the Pokémon TCG Online <strong>and/or</strong> the Pokémon TCG Live games. You may receive the physical <strong>Code Card</strong>. Upon purchase, please work with your specific Seller by sending them a message using the <strong>Contact Seller</strong> button on the order details in your <a href=https://store.tcgplayer.com/myaccount/orderhistory>Order History</a> to opt in to having your <strong>Code Card</strong> code delivered digitally due to the nature of the product.",,,,,,0.01,0.17,1.25,0.15,,Normal,
619034,Spiritomb - 129/198 (Cosmos Holo),Spiritomb 129 198 Cosmos Holo,https://tcgplayer-cdn.tcgplayer.com/product/619034_200w.jpg,3,2374,https://cpt.tcgcsv.com/JDZ6,2025-08-04T12:36:27.99,1,129/198,Uncommon,Darkness,70,Basic,,"[D] Taunt
<br>Choose 1 of your opponent's Benched Pokemon and switch it with their Active Pokemon.","[DD] Destruction Verdict
<br>Flip 2 coins. If both are heads, your opponent’s Active Pokemon is Knocked Out.",Gx2,None,1,0.09,0.34,4.99,0.31,,Holofoil,
619075,Azure Legends Tins [Set of 3],Azure Legends Tins Set of 3,https://tcgplayer-cdn.tcgplayer.com/product/619075_200w.jpg,3,2374,https://cpt.tcgcsv.com/wFZ6,2025-02-21T05:10:13.69,0,,,,,,"Into the Wild Blue Yonder with Pokémon ex!
<br>Legendary Pokémon are behind many of the mysteries of the Pokémon world, and now you can discover their amazing power for yourself! With this tin, choose the surging waves of Kyogre ex, the piercing horns of Xerneas ex, or the temporal might of Dialga ex as a foil promo card that's ready to add to your deck or collection binder. You also get a handful of Pokémon TCG booster packs with more cards to find inside!
<br>This Pokémon TCG: Azure Legends Tin includes:
<br>• 1 foil promo card featuring Kyogre ex, Xerneas ex, or Dialga ex
<br>• 5 Pokémon TCG booster packs
<br>• A code card for Pokémon TCG Live
<br>•This set contains one of each tin featuring Kyogre ex, Xerneas ex, or Dialga ex!",,,,,,94.89,99.99,120.0,93.93,,Normal,
619563,Rayquaza - SWSH029 (Pixel Cosmos Holo),Rayquaza SWSH029 Pixel Cosmos Holo,https://tcgplayer-cdn.tcgplayer.com/product/619563_200w.jpg,3,2374,https://cpt.tcgcsv.com/hRZ6,2025-02-25T14:05:45.067,0,SWSH029,Promo,Colorless,130,Basic,,"[2] Jaw Lock (30)
<br>During your opponent's next turn, the Defending Pokemon can't retreat.","[3] Power Blast (120)
<br>Discard an Energy from this Pokemon.",Lx2,F-30,2,1.98,3.47,19.99,3.44,,Holofoil,
619725,Eevee - 074/131 (Pokemon Day 2025) (Reverse Cosmos Holo),Eevee 074 131 Pokemon Day 2025 Reverse Cosmos Holo,https://tcgplayer-cdn.tcgplayer.com/product/619725_200w.jpg,3,2374,https://cpt.tcgcsv.com/wVZ6,2026-02-10T15:11:33.52,1,074/131,Promo,Colorless,50,Basic,"<strong>Ability: Boosted Evolution</strong> As long as this Pokemon is in the Active Spot, it can evolve during your first turn or the turn you play it.",[CC] Reckless Charge (30)<br> This Pokemon also does 10 damage to itself.,,Fx2,,1,2.21,3.88,96.95,3.36,3.69,Reverse Holofoil,
620551,Meowscarada - 015/198 (Sparkle Holo),Meowscarada 015 198 Sparkle Holo,https://tcgplayer-cdn.tcgplayer.com/product/620551_200w.jpg,3,2374,https://cpt.tcgcsv.com/2f-6,2025-02-27T20:00:20.107,1,015/198,Rare,Grass,160,Stage 2,,"[1] Trick Cloak (40)
<br>You may put an Energy attached to your opponent’s Active Pokémon into their hand.",[1G] Flower Bomb (130),Rx2,None,1,6.21,8.24,18.83,7.29,,Holofoil,
620552,Skeledirge - 038/198 (Sparkle Holo),Skeledirge 038 198 Sparkle Holo,https://tcgplayer-cdn.tcgplayer.com/product/620552_200w.jpg,3,2374,https://cpt.tcgcsv.com/3f-6,2025-02-27T20:04:41.12,1,038/198,Rare,Fire,180,Stage 2,,"[R] Passionate Singing (50)
<br>Attach up to 2 Basic Energy cards from your discard pile to your Pokémon in any way you like.","[1RR] Blaze Shout (190)
<br>This Pokémon also does 30 damage to itself.",Wx2,None,3,6.55,8.36,50.0,8.03,,Holofoil,
620555,Quaquaval - 054/198 (Sparkle Holo),Quaquaval 054 198 Sparkle Holo,https://tcgplayer-cdn.tcgplayer.com/product/620555_200w.jpg,3,2374,https://cpt.tcgcsv.com/7f-6,2025-02-27T20:10:38.97,1,054/198,Promo,Water,170,Stage 2,"<strong>Ability — Energy Carnival</strong>
<br>Once during your turn, you may attach a Basic Energy card from your hand to 1 of your Pokémon.",[2W] Hydro Kick (140),,Lx2,None,2,3.45,5.2,19.96,4.8,,Holofoil,
621096,Paradox Powers ex Special Collection,Paradox Powers ex Special Collection,https://tcgplayer-cdn.tcgplayer.com/product/621096_200w.jpg,3,2374,https://cpt.tcgcsv.com/Xr-6,2025-03-03T14:55:02.63,2,,,,,,"The Pokémon TCG: Paradox Powers ex Special Collection includes 1 double rare foil card featuring Koraidon ex and 1 double rare foil card featuring Miraidon ex.
<br>The Pokémon TCG: Paradox Powers ex Special Collection also comes with a foil oversize card featuring Cyclizar ex, 5 Pokémon TCG booster packs, and a code card for Pokémon TCG Live.",,,,,,84.99,95.0,105.0,,,Normal,
621114,Sylveon - 040/131 (Pokemon Day),Sylveon 040 131 Pokemon Day,https://tcgplayer-cdn.tcgplayer.com/product/621114_200w.jpg,3,2374,https://cpt.tcgcsv.com/js-6,2026-01-02T19:37:43.853,1,040/131,Rare,Psychic,120,Stage 1,<strong>Ability: Safeguard</strong> Prevent all damage done to this Pokemon by attacks from your opponent's Pokemon ex.,[PCC] Magical Shot (100),,Mx2,,1,6.5,9.7,113.21,7.36,,Holofoil,
621135,Paldea Adventure Chest Case,Paldea Adventure Chest Case,https://tcgplayer-cdn.tcgplayer.com/product/621135_200w.jpg,3,2374,https://cpt.tcgcsv.com/Ks-6,2025-03-28T13:30:18.967,0,,,,,,"A case of this product contains 4 Adventure Chests
<br>Find Springtime Surprises with Pokémon Friends!
<br>A world of adventure awaits Pokémon Trainers in the Paldea region! Gear up for battle with a big handful of ready-to-play promo cards featuring cute yet feisty Pokémon, then open up a set of booster packs to find even more friends! Along the way, you'll get to decorate your gear with tech stickers, show off your collection with a mini portfolio, and give a squishy toy Pikachu a squeeze!
<br><br>
The Pokémon TCG: Paldea Adventure Chest includes:
<br>
<br>7 foil promo cards featuring Pikachu, Sprigatito ex, Pawmi, Pawmo, Pawmot ex, Tandemaus, and Maushold ex
<br>1 sheet of tech stickers
<br>1 mini portfolio
<br>1 squishy toy Pikachu
<br>6 Pokémon TCG booster packs
<br>A code card for Pokémon TCG Live",,,,,,449.95,492.48,535.0,,,Normal,
623014,Rival Battle Deck [Marnie],Rival Battle Deck Marnie,https://tcgplayer-cdn.tcgplayer.com/product/623014_200w.jpg,3,2374,https://cpt.tcgcsv.com/jd_6,2025-05-16T04:10:21.02,1,,,,,,"Unleash a Battle of Rivals!
<br>Two new Pokémon TCG: Rival Battle Decks are ready to rumble! Team up with Galar Gym Leader Marnie and her tough-fighting team, or call upon Hoenn Champion Steven and his heavy-metal Pokémon. Each deck includes two powerful Pokémon ex and everything you need to play right away.
<br><br>
 

In Each Box, You’ll Find
<br>
<br>• 1 ready-to-play 60-card deck.
<br>• 1 set of damage counter.
<br>• 1 large metallic coin.
<br>• 1 deck box.
<br>• 1 Double-sided Playmat And Strategy Sheet.
<br>• 1 code card to play this deck online.",,,,,,35.0,46.69,99.99,42.57,,Normal,0820650829123
623015,Rival Battle Deck [Steven],Rival Battle Deck Steven,https://tcgplayer-cdn.tcgplayer.com/product/623015_200w.jpg,3,2374,https://cpt.tcgcsv.com/kd_6,2025-05-16T04:10:21.02,1,,,,,,"Unleash a Battle of Rivals!
<br>Two new Pokémon TCG: Rival Battle Decks are ready to rumble! Team up with Galar Gym Leader Marnie and her tough-fighting team, or call upon Hoenn Champion Steven and his heavy-metal Pokémon. Each deck includes two powerful Pokémon ex and everything you need to play right away.
<br><br>
 

In Each Box, You’ll Find
<br>
<br>• 1 ready-to-play 60-card deck.
<br>• 1 set of damage counter.
<br>• 1 large metallic coin.
<br>• 1 deck box.
<br>• 1 Double-sided Playmat And Strategy Sheet.
<br>• 1 code card to play this deck online.",,,,,,19.95,29.95,39.99,27.31,,Normal,0820650829123
623029,League Battle Deck [Dragapult ex],League Battle Deck Dragapult ex,https://tcgplayer-cdn.tcgplayer.com/product/623029_200w.jpg,3,2374,https://cpt.tcgcsv.com/Cd_6,2025-04-25T04:10:15.943,1,,,,,,"Take a Dive and Knock 'Em Out with Dragapult ex!<br>

Product Contains: <br>
• 1 ready-to-play 60-card deck<br>
• 6 damage-counter dice<br>
• 1 coin-flip die<br>
• 2 coin condition markers<br>
• 1 deck box<br>
• 1 accessory box<br>
• 1 strategy sheet<br>
• 1 code card to play the deck online",,,,,,65.0,84.99,109.98,71.26,,Normal,196214108943
623118,Chien-Pao - 057/182 (Cosmos Holo),Chien Pao 057 182 Cosmos Holo,https://tcgplayer-cdn.tcgplayer.com/product/623118_200w.jpg,3,2374,https://cpt.tcgcsv.com/ng_6,2025-03-12T17:08:17.993,1,057/182,Rare,Water,120,Basic,,"[W] Snow Bringer
<br>Attach up to 2 Basic W Energy cards from your discard pile to 1 of your Pokemon.","[1WW] Wrathful Blade (130)
<br>Discard 2 Energy from this Pokemon.",Mx2,None,1,0.1,0.43,4.99,0.37,,Holofoil,
623594,N's Reshiram - 167/159 (Journey Together Stamped),Ns Reshiram 167 159 Journey Together Stamped,https://tcgplayer-cdn.tcgplayer.com/product/623594_200w.jpg,3,2374,https://cpt.tcgcsv.com/Vr_6,2026-02-16T19:04:36.217,1,167/159,Illustration Rare,Dragon,130,Basic,,"[RL] Powerful Rage (20x)
<br>This attack does 20 damage for each damage counter on this Pokémon.",[1RRL] Virtuous Flame (170),,,2,17.25,23.57,200.0,18.54,18.54,Holofoil,
623647,Slashing Legends Tin [Koraidon ex],Slashing Legends Tin Koraidon ex,https://tcgplayer-cdn.tcgplayer.com/product/623647_200w.jpg,3,2374,https://cpt.tcgcsv.com/Zs_6,2025-03-18T13:35:44.6,1,,,,,,"Slash Away with Legendary Pokémon ex!
<br>Two powerful Legendary Pokémon, each one ready to tear through the opposition in your next Pokémon TCG match! Will you save the day with Zacian ex, or perhaps you’d like to take Koraidon ex for a spin? Regardless, you’ll find lots of support in the 5 included booster packs.
<br>The Pokémon TCG: Slashing Legends Tin includes:
<br>• 1 foil promo card featuring Koraidon ex or Zacian ex
<br>• 5 Pokémon TCG booster packs
<br>• A code card for Pokémon TCG Live",,,,,,30.0,40.0,114.99,31.51,,Normal,
623648,Slashing Legends Tin [Zacian ex],Slashing Legends Tin Zacian ex,https://tcgplayer-cdn.tcgplayer.com/product/623648_200w.jpg,3,2374,https://cpt.tcgcsv.com/-s_6,2025-03-18T13:38:07.727,1,,,,,,"Slash Away with Legendary Pokémon ex!
<br>Two powerful Legendary Pokémon, each one ready to tear through the opposition in your next Pokémon TCG match! Will you save the day with Zacian ex, or perhaps you’d like to take Koraidon ex for a spin? Regardless, you’ll find lots of support in the 5 included booster packs.
<br>The Pokémon TCG: Slashing Legends Tin includes:
<br>• 1 foil promo card featuring Koraidon ex or Zacian ex
<br>• 5 Pokémon TCG booster packs
<br>• A code card for Pokémon TCG Live",,,,,,30.0,37.0,59.94,32.69,,Normal,
624518,Pokemon TCG: Twin Mini Portfolio & Booster Packs [Mega Mewtwo & Guzzlord],Pokemon TCG Twin Mini Portfolio and Booster Packs Mega Mewtwo and Guzzlord,https://tcgplayer-cdn.tcgplayer.com/product/624518_200w.jpg,3,2374,https://cpt.tcgcsv.com/nQ_6,2025-03-21T21:14:54.42,0,,,,,,"Each Pokemon TCG: Twin Mini Portfolio & Booster Packs contains:
<br>• 2 mini portfolios—one featuring Mega Mewtwo and one featuring Guzzlord
<br>• 2 Pokemon TCG booster packs <em>(packs may vary and visually differ from this product)</em> Each booster pack contains 10 random cards.",,,,,,90.0,90.0,90.0,,,Normal,0820650809545
624648,Duraludon - SWSH028 (EB Games Exclusive),Duraludon SWSH028 EB Games Exclusive,https://tcgplayer-cdn.tcgplayer.com/product/624648_200w.jpg,3,2374,https://cpt.tcgcsv.com/-S_6,2025-03-24T19:25:22.323,0,SWSH028,Promo,Metal,130,Basic,,[2M] Metal Claw (70),"[3M] Steel Beam (150)
<br>This Pokémon also does 40 damage to itself.",Rx2,G-30,2,79.99,89.99,95.0,23.7,,Holofoil,
625038,2 Booster Packs & Jirachi Collector's Pin,2 Booster Packs and Jirachi Collectors Pin,https://tcgplayer-cdn.tcgplayer.com/product/625038_200w.jpg,3,2374,https://cpt.tcgcsv.com/N007,2025-03-26T18:16:03.19,1,,,,,,"Give Your Collection a Boost!
<br>Expand your collection with two Pokémon TCG booster packs and a metal pin featuring Jirachi!
<br>
Includes two booster packs and one pin
<br>Each Pokémon TCG booster pack contains 10 cards and either 1 basic Energy or 1 VSTAR marker. Booster packs vary by product. Cards vary by pack.",,,,,,27.99,34.99,38.99,27.11,,Normal,
625049,2 Booster Packs & Celebi Collector's Pin,2 Booster Packs and Celebi Collectors Pin,https://tcgplayer-cdn.tcgplayer.com/product/625049_200w.jpg,3,2374,https://cpt.tcgcsv.com/_007,2025-03-26T18:48:05.153,1,,,,,,"Give Your Collection a Boost!
<br>Expand your collection with two Pokémon TCG booster packs and a metal pin featuring Jirachi!
<br>
Includes two booster packs and one pin
<br>Each Pokémon TCG booster pack contains 10 cards and either 1 basic Energy or 1 VSTAR marker. Booster packs vary by product. Cards vary by pack.",,,,,,30.0,37.99,39.99,32.28,,Normal,
625050,2 Booster Packs & Latias Collector's Pin,2 Booster Packs and Latias Collectors Pin,https://tcgplayer-cdn.tcgplayer.com/product/625050_200w.jpg,3,2374,https://cpt.tcgcsv.com/0207,2025-03-26T18:52:57.777,1,,,,,,"Give Your Collection a Boost!
<br>Expand your collection with two Pokémon TCG booster packs and a metal pin featuring Jirachi!
<br>
Includes two booster packs and one pin
<br>Each Pokémon TCG booster pack contains 10 cards and either 1 basic Energy or 1 VSTAR marker. Booster packs vary by product. Cards vary by pack.",,,,,,32.0,36.95,48.99,30.32,,Normal,
625051,2 Booster Packs & Latios Collector's Pin,2 Booster Packs and Latios Collectors Pin,https://tcgplayer-cdn.tcgplayer.com/product/625051_200w.jpg,3,2374,https://cpt.tcgcsv.com/2207,2025-03-26T18:51:09.36,1,,,,,,"Give Your Collection a Boost!
<br>Expand your collection with two Pokémon TCG booster packs and a metal pin featuring Jirachi!
<br>
Includes two booster packs and one pin
<br>Each Pokémon TCG booster pack contains 10 cards and either 1 basic Energy or 1 VSTAR marker. Booster packs vary by product. Cards vary by pack.",,,,,,43.0,46.95,99.99,,,Normal,
625238,Chandelure - 38/167 (Cosmos Holo),Chandelure 38 167 Cosmos Holo,https://tcgplayer-cdn.tcgplayer.com/product/625238_200w.jpg,3,2374,https://cpt.tcgcsv.com/N607,2025-03-28T16:29:56.977,1,038/167,Rare,Fire,130,Stage 2,"<strong>Ability — Alluring Light</strong><br>Once during your turn, you may have each player draw a card.","[R] Mind Ruler (30x)
This attack does 30 damage for each card in your opponent's hand.",,Wx2,None,2,20.0,20.0,20.0,4.32,,Holofoil,
625324,Rhyperior - 76/142 (Cosmos Holo),Rhyperior 76 142 Cosmos Holo,https://tcgplayer-cdn.tcgplayer.com/product/625324_200w.jpg,3,2374,https://cpt.tcgcsv.com/v807,2025-03-28T17:42:07.67,1,076/142,Rare,Fighting,200,Stage 2,"<strong>Ability: Wide Wall</strong> As long as this Pokémon is in the Active Spot, whenever your opponent plays a Supporter card from their hand, prevent all effects of that card done to all of your Pokémon.",[FCC] Drill Run (180)<br> Discard an Energy from your opponent's Active Pokémon.,,Gx2,None,4,1.0,2.71,19.98,2.64,,Holofoil,
625325,Klinklang - 101/142 (Cosmos Holo),Klinklang 101 142 Cosmos Holo,https://tcgplayer-cdn.tcgplayer.com/product/625325_200w.jpg,3,2374,https://cpt.tcgcsv.com/w807,2025-03-28T18:09:02.14,1,101/142,Rare,Metal,140,Stage 2,"<strong>Ability: Emergency Rotation</strong> Once during your turn, if this Pokémon is in your hand and your opponent has any Stage 2 Pokémon in play, you may put this Pokémon onto your Bench.",[CC] Hyper Ray (130)<br> Discard all Energy from this Pokémon.,,Rx2,G-30,3,1.0,1.41,5.99,1.44,,Holofoil,
625695,Team Rocket's Mewtwo ex Box,Team Rockets Mewtwo ex Box,https://tcgplayer-cdn.tcgplayer.com/product/625695_200w.jpg,3,2374,https://cpt.tcgcsv.com/Wh07,2025-06-13T04:12:27.113,1,,,,,,"Giovanni & Mewtwo Join Forces to Fight!<br>
In pursuit of ultimate power and world domination, Giovanni and Team Rocket are unleashing one terrifyingly strong Pokemon in battle! When Team Rocket's Mewtwo ex has backup from other Team Rocket's Pokemon, its Erasure Ball attack can do up to 280 damage in one massive blow. In this box, you'll find this powerful Pokemon ex as a foil promo card, along with Team Rocket's Meowth and Team Rocket's Giovanni, plus a photo sticker and handful of booster packs.
<br><br>
The Pokemon TCG: Team Rocket's Mewtwo ex Box includes:<br>
• 1 foil promo card featuring Team Rocket's Mewtwo ex<br>
• 2 foil cards featuring Team Rocket's Meowth and Team Rocket's Giovanni<br>
• 1 oversize foil card featuring Team Rocket's Mewtwo ex<br>
• 1 photo sticker<br>
• 4 Pokemon TCG booster packs<br>
• A code card for Pokemon TCG Live<br>",,,,,,40.0,49.99,198.99,44.57,,Normal,196214124073
625859,Code Card - Kleavor VSTAR Special Collection,Code Card Kleavor VSTAR Special Collection,https://tcgplayer-cdn.tcgplayer.com/product/625859_200w.jpg,3,2374,https://cpt.tcgcsv.com/cm07,2025-04-01T19:49:11.13,1,,Code Card,,,,"This listing is <strong>not</strong> a physical item. Please keep in mind that this <strong>Code Card</strong> listing represents a digital copy of the stated item for the Pokémon TCG Online <strong>and/or</strong> the Pokémon TCG Live games. You may receive the physical <strong>Code Card</strong>. Upon purchase, please work with your specific Seller by sending them a message using the <strong>Contact Seller</strong> button on the order details in your <a href=https://store.tcgplayer.com/myaccount/orderhistory>Order History</a> to opt in to having your <strong>Code Card</strong> code delivered digitally due to the nature of the product.",,,,,,0.02,0.2,0.99,0.02,,Normal,
625906,EX Tin [Keldeo],EX Tin Keldeo,https://tcgplayer-cdn.tcgplayer.com/product/625906_200w.jpg,3,2374,https://cpt.tcgcsv.com/8n07,2025-04-02T15:36:29.453,1,,,,,,,,,,,,,,,,,,
625952,Cynthia's Garchomp ex Premium Collection,Cynthias Garchomp ex Premium Collection,https://tcgplayer-cdn.tcgplayer.com/product/625952_200w.jpg,3,2374,https://cpt.tcgcsv.com/3p07,2025-06-13T04:12:27.927,1,,,,,,"Cynthia & Garchomp Bring the Strength of a Champion!<br>
As Champion of the Sinnoh region, Cynthia is one of the strongest Pokemon Trainers in the world, and her Garchomp has been by her side since the very beginning! Discover the power of their friendship in this collection with a foil promo card featuring Cynthia's Garchomp ex, which has attacks that do big damage and help you draw cards. You also get foil cards of Cynthia's Gible and Cynthia's Gabite, a cool sticker and standees for display, and more Pokemon inside booster packs.<br><br>

The Pokemon TCG: Cynthia's Garchomp ex Premium Collection includes:<br>
• 1 full-art foil promo card featuring Cynthia's Garchomp ex<br>
• 2 foil cards featuring Cynthia's Gible and Cynthia's Gabite<br>
• 1 sheet of acrylic standees featuring Cynthia, Garchomp, and more<br>
• 1 double-sided backdrop display<br>
• 1 photo sticker featuring Cynthia and Garchomp<br>
• 6 Pokemon TCG booster packs<br>
• A code card for Pokemon TCG Live<br>",,,,,,56.0,64.49,199.99,56.75,,Normal,196214109247
626605,Lillie Premium Tournament Collection Box,Lillie Premium Tournament Collection Box,https://tcgplayer-cdn.tcgplayer.com/product/626605_200w.jpg,3,2374,https://cpt.tcgcsv.com/7G07,2025-05-01T18:50:11.793,1,,,,,,"Find the Power of Friendship with Lillie!
<br>A kind and courageous Pokémon Trainer, Lillie finds strength in the bonds she shares with her Pokémon. Here as a foil promo card, Lillie’s Clefairy ex puts pressure on Dragon-type Pokémon, and it becomes more powerful with friends on the Bench! You’ll also find three copies of Lillie’s Pearl—a Pokémon Tool card that helps Lillie’s Pokémon—along with booster packs, a fun sticker, illustrated card sleeves and deck box, plus other accessories for playing the Pokémon TCG.

<br>The Pokémon TCG: Lillie Premium Tournament Collection includes:
<br>• 1 full-art foil promo card featuring Lillie’s Clefairy ex
<br>• 3 foil Pokémon Tool cards featuring Lillie’s Pearl
<br>• 65 card sleeves featuring Lillie
<br>• A sturdy deck box featuring Lillie
<br>• A large metallic coin featuring Lillie
<br>• A photo sticker featuring Lillie
<br>• 2 coin condition markers
<br>• 6 tournament-ready damage dice
<br>• 6 Pokémon TCG booster packs
<br>• A code card for Pokémon TCG Live",,,,,,59.99,69.99,200.0,64.29,,Normal,0196214109018
626636,Melmetal - 104/142 (Cosmos Holo),Melmetal 104 142 Cosmos Holo,https://tcgplayer-cdn.tcgplayer.com/product/626636_200w.jpg,3,2374,https://cpt.tcgcsv.com/LG07,2025-04-07T21:17:53.417,1,104/142,Promo,Metal,160,Stage 1,,[CC] Wrack Down (50),"[MCC] Reforged Axe (250)<br> Before doing damage, discard all Pokémon Tools from this Pokémon. If you can't discard any, this attack does nothing.",Rx2,G-30,3,0.55,0.75,3.07,0.68,,Holofoil,
626637,Archaludon - 107/142 (Cosmos Holo),Archaludon 107 142 Cosmos Holo,https://tcgplayer-cdn.tcgplayer.com/product/626637_200w.jpg,3,2374,https://cpt.tcgcsv.com/MG07,2025-11-20T06:08:54.253,1,107/142,Promo,Metal,180,Stage 1,<strong>Ability: Metal Bridge</strong> All of your Pokémon that have Metal Energy attached have no Retreat Cost.,"[MMC] Iron Blaster (160)<br> During your next turn, this Pokémon can't attack.",,Rx2,G-30,2,0.01,0.26,35.0,0.22,,Normal,
626640,Hop's Snorlax - 117/159 (GameStop) (Cosmos Holo),Hops Snorlax 117 159 GameStop Cosmos Holo,https://tcgplayer-cdn.tcgplayer.com/product/626640_200w.jpg,3,2374,https://cpt.tcgcsv.com/QG07,2025-06-24T15:13:07.873,1,117/159,Promo,Colorless,150,Basic,"<strong>Ability — Extra Helpings</strong>
<br>
<br>Attacks used by your Hop's Pokémon do 30 more damage to your opponent's Active Pokémon <em>(before applying Weakness and Resistance).</em> The effect of Extra Helpings doesn't stack.","[3] Dynamic Press (140)
<br>This Pokémon also does 80 damage to itself.",,Fx2,,4,17.85,21.24,89.97,19.52,,Holofoil,
627793,Hop's Snorlax - 117/159 (Cosmos Holo),Hops Snorlax 117 159 Cosmos Holo,https://tcgplayer-cdn.tcgplayer.com/product/627793_200w.jpg,3,2374,https://cpt.tcgcsv.com/T727,2025-06-24T15:12:54.893,1,117/159,Promo,Colorless,150,Basic,"<strong>Ability — Extra Helpings</strong>
<br>
<br>Attacks used by your Hop's Pokémon do 30 more damage to your opponent's Active Pokémon <em>(before applying Weakness and Resistance).</em> The effect of Extra Helpings doesn't stack.","[3] Dynamic Press (140)
<br>This Pokémon also does 80 damage to itself.",,Fx2,,4,21.99,22.42,28.93,21.99,,Holofoil,
628094,Azure Legends Tin [Dialga ex] (International Version),Azure Legends Tin Dialga ex International Version,https://tcgplayer-cdn.tcgplayer.com/product/628094_200w.jpg,3,2374,https://cpt.tcgcsv.com/Vf27,2025-04-11T13:00:15.133,1,,,,,,"Into the Wild Blue Yonder with Pokémon ex!
<br>Legendary Pokémon are behind many of the mysteries of the Pokémon world, and now you can discover their amazing power for yourself! With this tin, choose the surging waves of Kyogre ex, the piercing horns of Xerneas ex, or the temporal might of Dialga ex as a foil promo card that's ready to add to your deck or collection binder. You also get a handful of Pokémon TCG booster packs with more cards to find inside!
<br>This Pokémon TCG: Azure Legends Tin includes:
<br>• 1 foil promo card featuring Kyogre ex, Xerneas ex, or Dialga ex
<br>• 4 Pokémon TCG booster packs
<br>• A code card for Pokémon TCG Live",,,,,,52.99,54.99,61.98,42.49,,Normal,0196214106291
628290,Hop's Dubwool (Best Buy Exclusive),Hops Dubwool Best Buy Exclusive,https://tcgplayer-cdn.tcgplayer.com/product/628290_200w.jpg,3,2374,https://cpt.tcgcsv.com/Qk27,2025-09-26T13:29:03.67,0,136/159,Holo Rare,Colorless,120,Stage 1,"<strong>Ability — Defiant Horn</strong>
<br>
<br>When you play this Pokémon from your hand to evolve 1 of your Pokémon during your turn, you may switch in 1 of your opponent's Benched Pokémon to the Active Spot.",[3] Headbutt (80),,Fx2,,2,6.0,9.5,20.0,6.02,,Holofoil,
628291,Hop's Dubwool (Cosmos Holo),Hops Dubwool Cosmos Holo,https://tcgplayer-cdn.tcgplayer.com/product/628291_200w.jpg,3,2374,https://cpt.tcgcsv.com/Rk27,2026-02-16T12:52:01.31,1,136/159,Holo Rare,Colorless,120,Stage 1,"<strong>Ability — Defiant Horn</strong>
<br>
<br>When you play this Pokémon from your hand to evolve 1 of your Pokémon during your turn, you may switch in 1 of your opponent's Benched Pokémon to the Active Spot.",[3] Headbutt (80),,Fx2,,2,0.07,0.32,8.81,0.29,0.27,Holofoil,
628292,Hop's Wooloo - 135/159 (Cosmos Holo),Hops Wooloo 135 159 Cosmos Holo,https://tcgplayer-cdn.tcgplayer.com/product/628292_200w.jpg,3,2374,https://cpt.tcgcsv.com/Sk27,2026-02-16T12:53:21.163,1,135/159,Common,Colorless,70,Basic,,[3] Smash Kick (50),,Fx2,,1,0.15,0.36,8.81,0.36,0.35,Holofoil,
628493,Knock Out Collection [Alakazam],Knock Out Collection Alakazam,https://tcgplayer-cdn.tcgplayer.com/product/628493_200w.jpg,3,2374,https://cpt.tcgcsv.com/Tp27,2025-04-17T16:03:43.013,1,,,,,,"One Smart Pokémon, One Awesome Set!<br>
Discover a treasure trove of Pokémon TCG fun in this special set featuring Alakazam as a cool foil card! You’ll also find two Pokémon TCG booster packs to open, a fun sticker sheet, and a code card for Pokémon TCG Live.
<br><br>
This Pokémon TCG: Knock Out Collection includes:<br>
• 1 foil card featuring Alakazam<br>
• 1 sticker sheet<br>
• 2 Pokémon TCG booster packs<br>
• Each booster pack contains 10 cards and either 1 Basic Energy or 1 VSTAR marker. Cards vary by pack. Packs may vary by product.<br>
• A code card for Pokémon TCG Live",,,,,,14.75,24.45,29.88,18.1,,Normal,820650858260
628494,Knock Out Collection [Chien-Pao],Knock Out Collection Chien Pao,https://tcgplayer-cdn.tcgplayer.com/product/628494_200w.jpg,3,2374,https://cpt.tcgcsv.com/Vp27,2025-04-17T16:06:18.12,1,,,,,,"One Icy-Cool Pokémon, One Awesome Set!<br>
Discover a treasure trove of Pokémon TCG fun in this special set featuring the Legendary Pokémon Chien-Pao as a cool foil card! You’ll also find two Pokémon TCG booster packs to open, a fun sticker sheet, and a code card for Pokémon TCG Live.
<br><br>
This Pokémon TCG: Knock Out Collection includes:<br>
• 1 foil card featuring Chien-Pao<br>
• 1 sticker sheet<br>
• 2 Pokémon TCG booster packs<br>
• Each booster pack contains 10 cards and either 1 Basic Energy or 1 VSTAR marker. Cards vary by pack. Packs may vary by product.<br>
• A code card for Pokémon TCG Live",,,,,,14.64,19.5,28.5,15.06,,Normal,820650858260
628640,Iono's Tadbulb - 052/159 (Cosmos Holo),Ionos Tadbulb 052 159 Cosmos Holo,https://tcgplayer-cdn.tcgplayer.com/product/628640_200w.jpg,3,2374,https://cpt.tcgcsv.com/Qs27,2025-04-17T20:14:22.517,1,052/159,Common,Lightning,60,Basic,,[1L] Tiny Charge (30),,Fx2,,2,0.09,0.35,5.49,0.32,,Holofoil,
629569,Code Card - League Battle Deck [Dragapult ex],Code Card League Battle Deck Dragapult ex,https://tcgplayer-cdn.tcgplayer.com/product/629569_200w.jpg,3,2374,https://cpt.tcgcsv.com/pR27,2025-04-25T15:52:57.277,1,,Code Card,,,,"This listing is <strong>not</strong> a physical item. Please keep in mind that this <strong>Code Card</strong> listing represents a digital copy of the stated item for the Pokémon TCG Online <strong>and/or</strong> the Pokémon TCG Live games. You may receive the physical <strong>Code Card</strong>. Upon purchase, please work with your specific Seller by sending them a message using the <strong>Contact Seller</strong> button on the order details in your <a href=https://store.tcgplayer.com/myaccount/orderhistory>Order History</a> to opt in to having your <strong>Code Card</strong> code delivered digitally due to the nature of the product.",,,,,,,,,,,,
629647,Masks of Ogerpon Premium Collection,Masks of Ogerpon Premium Collection,https://tcgplayer-cdn.tcgplayer.com/product/629647_200w.jpg,3,2374,https://cpt.tcgcsv.com/ZS27,2025-07-18T21:01:25.737,1,,,,,,"Ogerpon ex Fights with Powers of Fire & Water! <br>

With a change of its mask, the Legendary Pokémon Ogerpon can switch types as it pleases! Bring the wrathful fires of Hearthflame Mask Ogerpon ex and the torrential waters of Wellspring Mask Ogerpon ex to your own collection with a pair of ready-to-play foil cards, along with an oversize version of Hearthflame Mask Ogerpon ex for display. You also get 10 booster packs with even more Pokémon inside.
<br><br>
 

The Pokémon TCG: Masks of Ogerpon Premium Collection includes:<br>
• 1 foil card featuring Hearthflame Mask Ogerpon ex<br>
• 1 foil card featuring Wellspring Mask Ogerpon ex<br>
• 1 oversize foil card featuring Hearthflame Mask Ogerpon ex<br>
• 10 Pokémon TCG booster packs<br>
• A code for Pokémon TCG Live<br>",,,,,,63.96,74.99,149.99,67.93,,Normal,0196214129948
629648,Hop's Snorlax - 117/159 (EB Games) (Cosmos Holo),Hops Snorlax 117 159 EB Games Cosmos Holo,https://tcgplayer-cdn.tcgplayer.com/product/629648_200w.jpg,3,2374,https://cpt.tcgcsv.com/-S27,2025-04-23T14:04:13.12,1,117/159,Promo,Colorless,150,Basic,"<strong>Ability — Extra Helpings</strong>
<br>
<br>Attacks used by your Hop's Pokémon do 30 more damage to your opponent's Active Pokémon <em>(before applying Weakness and Resistance).</em> The effect of Extra Helpings doesn't stack.","[3] Dynamic Press (140)
<br>This Pokémon also does 80 damage to itself.",,Fx2,,4,69.98,74.98,83.99,74.77,,Holofoil,
629880,Scizor - 141/197 (Pokemon Gym Promo),Scizor 141 197 Pokemon Gym Promo,https://tcgplayer-cdn.tcgplayer.com/product/629880_200w.jpg,3,2374,https://cpt.tcgcsv.com/DZ27,2025-04-30T14:46:16.34,1,141/197,Rare,Metal,140,Stage 1,,"[M] Punishing Scissors (10+)
<br>This attack does 50 more damage for each of your opponent's Pokémon in play that has an Ability.",[MM] Cut (70),Fx2,G-30,2,,,,,,,
630090,Code Card - Azure Legends Tin [Xerneas ex],Code Card Azure Legends Tin Xerneas ex,https://tcgplayer-cdn.tcgplayer.com/product/630090_200w.jpg,3,2374,https://cpt.tcgcsv.com/Q237,2025-05-06T14:22:44.717,0,,Code Card,,,,"This listing is <strong>not</strong> a physical item. Please keep in mind that this <strong>Code Card</strong> listing represents a digital copy of the stated item for the Pokémon TCG Online <strong>and/or</strong> the Pokémon TCG Live games. You may receive the physical <strong>Code Card</strong>. Upon purchase, please work with your specific Seller by sending them a message using the <strong>Contact Seller</strong> button on the order details in your <a href=https://store.tcgplayer.com/myaccount/orderhistory>Order History</a> to opt in to having your <strong>Code Card</strong> code delivered digitally due to the nature of the product.",,,,,,0.1,0.14,0.99,0.12,,Normal,
630091,Code Card - Azure Legends Tin [Dialga ex],Code Card Azure Legends Tin Dialga ex,https://tcgplayer-cdn.tcgplayer.com/product/630091_200w.jpg,3,2374,https://cpt.tcgcsv.com/R237,2025-05-06T14:22:55.19,0,,Code Card,,,,"This listing is <strong>not</strong> a physical item. Please keep in mind that this <strong>Code Card</strong> listing represents a digital copy of the stated item for the Pokémon TCG Online <strong>and/or</strong> the Pokémon TCG Live games. You may receive the physical <strong>Code Card</strong>. Upon purchase, please work with your specific Seller by sending them a message using the <strong>Contact Seller</strong> button on the order details in your <a href=https://store.tcgplayer.com/myaccount/orderhistory>Order History</a> to opt in to having your <strong>Code Card</strong> code delivered digitally due to the nature of the product.",,,,,,0.03,0.07,0.2,0.04,,Normal,
630092,Code Card - Azure Legends Tin [Kyogre ex],Code Card Azure Legends Tin Kyogre ex,https://tcgplayer-cdn.tcgplayer.com/product/630092_200w.jpg,3,2374,https://cpt.tcgcsv.com/S237,2025-05-06T14:23:07.15,0,,Code Card,,,,"This listing is <strong>not</strong> a physical item. Please keep in mind that this <strong>Code Card</strong> listing represents a digital copy of the stated item for the Pokémon TCG Online <strong>and/or</strong> the Pokémon TCG Live games. You may receive the physical <strong>Code Card</strong>. Upon purchase, please work with your specific Seller by sending them a message using the <strong>Contact Seller</strong> button on the order details in your <a href=https://store.tcgplayer.com/myaccount/orderhistory>Order History</a> to opt in to having your <strong>Code Card</strong> code delivered digitally due to the nature of the product.",,,,,,0.07,0.11,0.25,0.09,,Normal,
630150,Lillie's Pearl - 151/159 (Cosmos Holo),Lillies Pearl 151 159 Cosmos Holo,https://tcgplayer-cdn.tcgplayer.com/product/630150_200w.jpg,3,2374,https://cpt.tcgcsv.com/0537,2025-05-07T16:21:27.857,1,151/159,Promo,Trainer - Pokemon Tool,,,"If the Lillie's Pokémon this card is attached to is Knocked Out by damage from an attack from your opponent's Pokémon, that player takes 1 fewer Prize card.",,,,,,0.01,0.41,5.0,0.25,,Holofoil,
630779,Torchic (Wizard World Chicago),Torchic Wizard World Chicago,https://tcgplayer-cdn.tcgplayer.com/product/630779_200w.jpg,3,2374,https://cpt.tcgcsv.com/Ck37,2025-05-08T20:28:44.677,1,69/106,Common,Fire,50,Basic,,"[R] Hypnotic Gaze 
<br>The Defending Pokemon is now Asleep.",,W,None,1,99.99,299.99,499.99,10.0,,Normal,
631074,Iron Jugulis - 158/182 (Cosmos Holo),Iron Jugulis 158 182 Cosmos Holo,https://tcgplayer-cdn.tcgplayer.com/product/631074_200w.jpg,3,2374,https://cpt.tcgcsv.com/vr37,2025-10-09T15:19:51.96,1,158/182,Promo,Colorless,130,Basic,,"[3] Homing Headbutt
<br>This attack does 50 damage to 3 of your opponent's Pokémon that have any damage counters on them. <em>(Don't apply Weakness and Resistance for Benched Pokémon.)</em>","[5] Baryon Beam (150)
<br>If this Pokémon has a Future Booster Energy Capsule attached, this attack can be used for [3]",Lx2,F-30,2,0.29,0.5,2.99,0.5,,Holofoil,
632691,Code Card - Lillie Premium Tournament Collection,Code Card Lillie Premium Tournament Collection,https://tcgplayer-cdn.tcgplayer.com/product/632691_200w.jpg,3,2374,https://cpt.tcgcsv.com/R557,2025-05-19T15:45:01.473,1,,Code Card,,,,"This listing is <strong>not</strong> a physical item. Please keep in mind that this <strong>Code Card</strong> listing represents a digital copy of the stated item for the Pokémon TCG Online <strong>and/or</strong> the Pokémon TCG Live games. You may receive the physical <strong>Code Card</strong>. Upon purchase, please work with your specific Seller by sending them a message using the <strong>Contact Seller</strong> button on the order details in your <a href=https://store.tcgplayer.com/myaccount/orderhistory>Order History</a> to opt in to having your <strong>Code Card</strong> code delivered digitally due to the nature of the product.",,,,,,3.0,3.0,3.0,0.52,,Normal,
632692,Code Card - Slashing Legends Tin [Koraidon ex],Code Card Slashing Legends Tin Koraidon ex,https://tcgplayer-cdn.tcgplayer.com/product/632692_200w.jpg,3,2374,https://cpt.tcgcsv.com/S557,2025-05-19T15:45:33.82,1,,Code Card,,,,"This listing is <strong>not</strong> a physical item. Please keep in mind that this <strong>Code Card</strong> listing represents a digital copy of the stated item for the Pokémon TCG Online <strong>and/or</strong> the Pokémon TCG Live games. You may receive the physical <strong>Code Card</strong>. Upon purchase, please work with your specific Seller by sending them a message using the <strong>Contact Seller</strong> button on the order details in your <a href=https://store.tcgplayer.com/myaccount/orderhistory>Order History</a> to opt in to having your <strong>Code Card</strong> code delivered digitally due to the nature of the product.",,,,,,0.05,0.28,0.5,,,Normal,
632693,Code Card - Slashing Legends Tin [Zacian ex],Code Card Slashing Legends Tin Zacian ex,https://tcgplayer-cdn.tcgplayer.com/product/632693_200w.jpg,3,2374,https://cpt.tcgcsv.com/T557,2025-05-19T15:46:01.263,1,,Code Card,,,,"This listing is <strong>not</strong> a physical item. Please keep in mind that this <strong>Code Card</strong> listing represents a digital copy of the stated item for the Pokémon TCG Online <strong>and/or</strong> the Pokémon TCG Live games. You may receive the physical <strong>Code Card</strong>. Upon purchase, please work with your specific Seller by sending them a message using the <strong>Contact Seller</strong> button on the order details in your <a href=https://store.tcgplayer.com/myaccount/orderhistory>Order History</a> to opt in to having your <strong>Code Card</strong> code delivered digitally due to the nature of the product.",,,,,,0.04,0.05,0.35,0.05,,Normal,
633081,Mabosstiff ex Showcase,Mabosstiff ex Showcase,https://tcgplayer-cdn.tcgplayer.com/product/633081_200w.jpg,3,2374,https://cpt.tcgcsv.com/Ff57,2025-05-20T20:31:29.48,1,,,,,,"This product includes:
<br>• 3 Pokémon TCG booster packs
<br>• 1 Mabosstiff ex Promo card
<br>• A code card for Pokémon TCG Live",,,,,,21.99,30.0,33.02,,,Normal,
633082,Azure Legends Tin [Kyogre ex] (International Version),Azure Legends Tin Kyogre ex International Version,https://tcgplayer-cdn.tcgplayer.com/product/633082_200w.jpg,3,2374,https://cpt.tcgcsv.com/Gf57,2025-05-21T11:34:20.41,1,,,,,,"IInto the Wild Blue Yonder with Pokémon ex!<br>
Legendary Pokémon are behind many of the mysteries of the Pokémon world, and now you can discover their amazing power for yourself! With this tin, choose the surging waves of Kyogre ex as a foil promo card that’s ready to add to your deck or collection binder. You also get a handful of Pokémon TCG booster packs with more cards to find inside!<br><br>

This Pokémon TCG: Azure Legends Tin includes:
<br>
• 1 foil promo card featuring Kyogre ex<br>
• 4 Pokémon TCG booster packs<br>
• Each booster pack contains 10 cards and 1 Basic Energy. Cards vary by pack. • Packs may vary by product.<br>
• A code card for Pokémon TCG Live",,,,,,,,,,,,
633083,Azure Legends Tin [Xerneas ex] (International Version),Azure Legends Tin Xerneas ex International Version,https://tcgplayer-cdn.tcgplayer.com/product/633083_200w.jpg,3,2374,https://cpt.tcgcsv.com/Hf57,2025-05-21T11:36:45.53,1,,,,,,"Into the Wild Blue Yonder with Pokémon ex!<br>
Legendary Pokémon are behind many of the mysteries of the Pokémon world, and now you can discover their amazing power for yourself! With this tin, choose the piercing horns of Xerneas ex as a foil promo card that’s ready to add to your deck or collection binder. You also get a handful of Pokémon TCG booster packs with more cards to find inside!<br><br>

This Pokémon TCG: Azure Legends Tin includes:<br>

• 1 foil promo card featuring Xerneas ex<br>
• 4 Pokémon TCG booster packs<br>
• Each booster pack contains 10 cards and 1 Basic Energy. Cards vary by pack. Packs may vary by product.<br>
• A code card for Pokémon TCG Live<br>",,,,,,44.69,44.69,44.69,51.74,,Normal,
633084,Azure Legends Tins [Set of 3] (International Version),Azure Legends Tins Set of 3 International Version,https://tcgplayer-cdn.tcgplayer.com/product/633084_200w.jpg,3,2374,https://cpt.tcgcsv.com/Jf57,2025-05-21T11:38:33.077,0,,,,,,"Into the Wild Blue Yonder with Pokémon ex!
<br>Legendary Pokémon are behind many of the mysteries of the Pokémon world, and now you can discover their amazing power for yourself! With this tin, choose the surging waves of Kyogre ex, the piercing horns of Xerneas ex, or the temporal might of Dialga ex as a foil promo card that's ready to add to your deck or collection binder. You also get a handful of Pokémon TCG booster packs with more cards to find inside!
<br>This Pokémon TCG: Azure Legends Tin includes:
<br>• 1 foil promo card featuring Kyogre ex, Xerneas ex, or Dialga ex
<br>• 4 Pokémon TCG booster packs
<br>• A code card for Pokémon TCG Live
<br>•This set contains one of each tin featuring Kyogre ex, Xerneas ex, or Dialga ex!",,,,,,114.99,114.99,114.99,,,Normal,
633085,Paldea Friends Mini Tins 5-Pack,Paldea Friends Mini Tins 5 Pack,https://tcgplayer-cdn.tcgplayer.com/product/633085_200w.jpg,3,2374,https://cpt.tcgcsv.com/Kf57,2025-07-24T15:56:23.627,1,,,,,,"Each product contains 5 Paldea Friends Mini Tins designs and 4 reverse cosmos holo promo cards.
<br>
<br><strong>Paldea Friends Mini Tin contents:</strong>
<br>• 2 Pokemon TCG booster packs
<br>• 1 Pokemon coin
<br>• 1 Pokemon art card 
<br>
<br><em>(Pokemon TCG booster packs, coins, and contents vary by product.)</em>",,,,,,124.5,187.25,250.0,124.5,,Normal,
633107,Ethan's Typhlosion (Prerelease),Ethans Typhlosion Prerelease,https://tcgplayer-cdn.tcgplayer.com/product/633107_200w.jpg,3,2374,https://cpt.tcgcsv.com/9g57,2025-07-18T17:41:53.947,1,034/182,Rare,Fire,170,Stage 2,,[R] Buddy Blast (40+)<br> This attack does 60 more damage for each Ethan's Adventure card in your discard pile.,[RRC] Steam Artillery (160),Wx2,,2,8.99,11.99,30.0,9.83,,Holofoil,
633108,Misty's Gyarados (Prerelease),Mistys Gyarados Prerelease,https://tcgplayer-cdn.tcgplayer.com/product/633108_200w.jpg,3,2374,https://cpt.tcgcsv.com/bg57,2025-07-18T17:43:23.517,1,049/182,Rare,Water,180,Stage 1,,[W] Splashing Panic (70x)<br> Discard the top 7 cards of your deck. This attack does 70 damage for each Misty's Pokémon that you discarded in this way.,[WWC] Waterfall (120),Lx2,,4,13.99,17.99,21.68,11.67,,Holofoil,
633111,Team Rocket's Tyranitar (Prerelease),Team Rockets Tyranitar Prerelease,https://tcgplayer-cdn.tcgplayer.com/product/633111_200w.jpg,3,2374,https://cpt.tcgcsv.com/fg57,2025-07-18T17:47:26.827,1,096/182,Rare,Fighting,180,Stage 2,"<strong>Ability: Sand Stream</strong> During Pokémon Checkup, if this Pokémon is in the Active Spot, put 2 damage counters on each of your opponent's Basic Pokémon.",[FCCC] Demolishing Tackle (180)<br> Discard an Energy from your opponent's Active Pokémon.,,Gx2,,3,7.11,9.54,30.0,8.38,,Holofoil,
633112,Team Rocket's Mimikyu (Prerelease),Team Rockets Mimikyu Prerelease,https://tcgplayer-cdn.tcgplayer.com/product/633112_200w.jpg,3,2374,https://cpt.tcgcsv.com/gg57,2025-07-18T17:45:17.477,1,087/182,Uncommon,Psychic,60,Basic,,[PC] Gemstone Play<br> Choose 1 of your opponent's Active Tera Pokémon's attacks and use it as this attack.,,Dx2,F-30,0,9.99,13.02,30.0,11.6,,Holofoil,
633142,Lechonk - 154/198 (Cosmo Holo),Lechonk 154 198 Cosmo Holo,https://tcgplayer-cdn.tcgplayer.com/product/633142_200w.jpg,3,2374,https://cpt.tcgcsv.com/Sg57,2025-05-21T19:02:45.837,0,154/198,Promo,Colorless,60,Basic,,"[1] Repelling Odor
<br>
Switch out your opponent's Active Pokémon to the Bench. <em>(Your opponent chooses the new Active Pokémon.)</em>",[2] Stampede (20),Fx2,None,1,1.99,2.39,3.01,2.37,,Holofoil,
633143,Espathra - 081/182 (Cosmo Holo),Espathra 081 182 Cosmo Holo,https://tcgplayer-cdn.tcgplayer.com/product/633143_200w.jpg,3,2374,https://cpt.tcgcsv.com/Tg57,2025-05-21T19:03:24.653,0,081/182,Rare,Psychic,120,Stage 1,"<strong>Ability — Stance</strong>
<br>When you play this Pokémon from your hand to evolve 1 of your Pokémon during your turn, you may prevent all damage from and effects of attacks done to this Pokémon during your opponent's next turn.","[PP] Glittering Eyes (70+)
<br>If Tulip is in your discard pile, this attack does 70 more damage.",,Dx2,F-30,1,8.49,8.49,8.49,8.5,,Holofoil,
634328,Code Card - Iono’s Bellibolt ex Premium Collection,Code Card Ionos Bellibolt ex Premium Collection,https://tcgplayer-cdn.tcgplayer.com/product/634328_200w.jpg,3,2374,https://cpt.tcgcsv.com/BL57,2025-05-29T11:46:03.797,1,,Code Card,,,,"This listing is <strong>not</strong> a physical item. Please keep in mind that this <strong>Code Card</strong> listing represents a digital copy of the stated item for the Pokémon TCG Online <strong>and/or</strong> the Pokémon TCG Live games. You may receive the physical <strong>Code Card</strong>. Upon purchase, please work with your specific Seller by sending them a message using the <strong>Contact Seller</strong> button on the order details in your <a href=https://store.tcgplayer.com/myaccount/orderhistory>Order History</a> to opt in to having your <strong>Code Card</strong> code delivered digitally due to the nature of the product.",,,,,,0.23,0.31,0.69,0.28,,Normal,
634329,"2 Pack Blister [Tornadus, Thundurus & Landorus]",2 Pack Blister Tornadus Thundurus and Landorus,https://tcgplayer-cdn.tcgplayer.com/product/634329_200w.jpg,3,2374,https://cpt.tcgcsv.com/CL57,2025-10-07T18:01:12.99,1,,,,,,"Add the Forces of Nature to Your Collection!<br>Expand your collection with three foil Pokémon TCG cards featuring Tornadus, Thundurus, and Landorus—plus a metallic coin, two Pokémon TCG booster packs, and a code card for Pokémon TCG Live!<br><br>

Product Details:<br>
• 3 Cards (Tornadus, Thundurus & Landorus)<br>
• 2 Booster Packs (Each booster pack contains 10 cards and 1 basic Energy)<br>
• 1 Coin<br>
• 1 Code Card
<strong> Disclaimer: Booster packs included may vary. </strong>",,,,,,21.9,27.94,49.69,21.85,,Normal,
634333,Team Rocket's Mimikyu (Prerelease) [Staff],Team Rockets Mimikyu Prerelease Staff,https://tcgplayer-cdn.tcgplayer.com/product/634333_200w.jpg,3,2374,https://cpt.tcgcsv.com/HL57,2025-07-18T17:45:31.267,1,087/182,Uncommon,Psychic,60,Basic,,[PC] Gemstone Play<br> Choose 1 of your opponent's Active Tera Pokémon's attacks and use it as this attack.,,Dx2,F-30,0,107.99,111.89,500.0,99.44,,Holofoil,
634334,Team Rocket's Tyranitar (Prerelease) [Staff],Team Rockets Tyranitar Prerelease Staff,https://tcgplayer-cdn.tcgplayer.com/product/634334_200w.jpg,3,2374,https://cpt.tcgcsv.com/JL57,2025-07-18T17:47:34.693,1,096/182,Rare,Fighting,180,Stage 2,"<strong>Ability: Sand Stream</strong> During Pokémon Checkup, if this Pokémon is in the Active Spot, put 2 damage counters on each of your opponent's Basic Pokémon.",[FCCC] Demolishing Tackle (180)<br> Discard an Energy from your opponent's Active Pokémon.,,Gx2,,3,105.0,159.99,300.0,91.68,,Holofoil,
634335,Misty's Gyarados (Prerelease) [Staff],Mistys Gyarados Prerelease Staff,https://tcgplayer-cdn.tcgplayer.com/product/634335_200w.jpg,3,2374,https://cpt.tcgcsv.com/KL57,2025-07-18T17:43:35.687,1,049/182,Rare,Water,180,Stage 1,,[W] Splashing Panic (70x)<br> Discard the top 7 cards of your deck. This attack does 70 damage for each Misty's Pokémon that you discarded in this way.,[WWC] Waterfall (120),Lx2,,4,90.0,113.73,249.99,100.91,,Holofoil,
634336,Ethan's Typhlosion (Prerelease) [Staff],Ethans Typhlosion Prerelease Staff,https://tcgplayer-cdn.tcgplayer.com/product/634336_200w.jpg,3,2374,https://cpt.tcgcsv.com/LL57,2025-07-18T17:42:09.173,1,034/182,Rare,Fire,170,Stage 2,,[R] Buddy Blast (40+)<br> This attack does 60 more damage for each Ethan's Adventure card in your discard pile.,[RRC] Steam Artillery (160),Wx2,,2,98.07,101.5,259.99,83.6,,Holofoil,
634607,Team Rocket's Mewtwo ex Box Case,Team Rockets Mewtwo ex Box Case,https://tcgplayer-cdn.tcgplayer.com/product/634607_200w.jpg,3,2374,https://cpt.tcgcsv.com/9S57,2025-06-13T04:12:27.113,1,,,,,,"Giovanni & Mewtwo Join Forces to Fight!<br>
In pursuit of ultimate power and world domination, Giovanni and Team Rocket are unleashing one terrifyingly strong Pokemon in battle! When Team Rocket's Mewtwo ex has backup from other Team Rocket's Pokemon, its Erasure Ball attack can do up to 280 damage in one massive blow. In this box, you'll find this powerful Pokemon ex as a foil promo card, along with Team Rocket's Meowth and Team Rocket's Giovanni, plus a photo sticker and handful of booster packs.
<br><br>

<strong> Case Contains 6 Team Rocket's Mewtwo ex Boxes </strong>

The Pokemon TCG: Team Rocket's Mewtwo ex Box includes:<br>
• 1 foil promo card featuring Team Rocket's Mewtwo ex<br>
• 2 foil cards featuring Team Rocket's Meowth and Team Rocket's Giovanni<br>
• 1 oversize foil card featuring Team Rocket's Mewtwo ex<br>
• 1 photo sticker<br>
• 4 Pokemon TCG booster packs<br>
• A code card for Pokemon TCG Live<br>",,,,,,3475.0,3487.0,3499.0,219.89,,Normal,10196214124070
634957,Code Card - Masks of Ogerpon Premium Collection,Code Card Masks of Ogerpon Premium Collection,https://tcgplayer-cdn.tcgplayer.com/product/634957_200w.jpg,3,2374,https://cpt.tcgcsv.com/9_57,2025-06-06T14:11:24.543,1,,Code Card,,,,"This listing is <strong>not</strong> a physical item. Please keep in mind that this <strong>Code Card</strong> listing represents a digital copy of the stated item for the Pokémon TCG Online <strong>and/or</strong> the Pokémon TCG Live games. You may receive the physical <strong>Code Card</strong>. Upon purchase, please work with your specific Seller by sending them a message using the <strong>Contact Seller</strong> button on the order details in your <a href=https://store.tcgplayer.com/myaccount/orderhistory>Order History</a> to opt in to having your <strong>Code Card</strong> code delivered digitally due to the nature of the product.",,,,,,0.02,0.2,0.5,0.19,,Normal,
635323,Code Card - Cynthia's Garchomp ex Premium Collection,Code Card Cynthias Garchomp ex Premium Collection,https://tcgplayer-cdn.tcgplayer.com/product/635323_200w.jpg,3,2374,https://cpt.tcgcsv.com/t867,2025-06-11T13:24:06.003,1,,Code Card,,,,"This listing is <strong>not</strong> a physical item. Please keep in mind that this <strong>Code Card</strong> listing represents a digital copy of the stated item for the Pokémon TCG Online <strong>and/or</strong> the Pokémon TCG Live games. You may receive the physical <strong>Code Card</strong>. Upon purchase, please work with your specific Seller by sending them a message using the <strong>Contact Seller</strong> button on the order details in your <a href=https://store.tcgplayer.com/myaccount/orderhistory>Order History</a> to opt in to having your <strong>Code Card</strong> code delivered digitally due to the nature of the product.",,,,,,0.05,0.29,0.32,0.32,,Normal,
635484,Team Rocket's Articuno (Destined Rivals Stamp),Team Rockets Articuno Destined Rivals Stamp,https://tcgplayer-cdn.tcgplayer.com/product/635484_200w.jpg,3,2374,https://cpt.tcgcsv.com/Jc67,2025-06-04T17:08:08.927,0,051/182,Rare,Water,120,Basic,<strong>Ability: Repelling Veil</strong> Prevent all effects of attacks used by your opponent's Pokémon done to your Basic Team Rocket's Pokémon in play. <em>(Existing effects are not removed. Damage is not an effect.)</em>,"[WCC] Dark Frost (60+)<br> If this Pokémon has any 182 attached, this attack does 60 more damage.",,Lx2,F-30,1,25.0,52.5,231.52,24.07,,Holofoil,
635500,Team Rocket's Zapdos (Gamestop Exclusive),Team Rockets Zapdos Gamestop Exclusive,https://tcgplayer-cdn.tcgplayer.com/product/635500_200w.jpg,3,2374,https://cpt.tcgcsv.com/0d67,2025-06-02T17:19:06.957,0,070/182,Promo,Lightning,120,Basic,,[CC] Jamming Wing (30)<br> You may move an Energy from your opponent's Active Pokémon to 1 of their Benched Pokémon.,"[LCC] Wicked Thunder (60+)<br> If this Pokémon has any 182 attached, this attack does 60 more damage.",Lx2,F-30,1,16.75,20.47,60.0,17.95,,Holofoil,
635501,Team Rocket's Zapdos (EB Games Exclusive),Team Rockets Zapdos EB Games Exclusive,https://tcgplayer-cdn.tcgplayer.com/product/635501_200w.jpg,3,2374,https://cpt.tcgcsv.com/2d67,2025-06-12T18:48:55.257,0,070/182,Promo,Lightning,120,Basic,,[CC] Jamming Wing (30)<br> You may move an Energy from your opponent's Active Pokémon to 1 of their Benched Pokémon.,"[LCC] Wicked Thunder (60+)<br> If this Pokémon has any 182 attached, this attack does 60 more damage.",Lx2,F-30,1,99.99,140.0,160.0,115.07,,Holofoil,
635503,Team Rocket's Zapdos (Destined Rivals Stamp),Team Rockets Zapdos Destined Rivals Stamp,https://tcgplayer-cdn.tcgplayer.com/product/635503_200w.jpg,3,2374,https://cpt.tcgcsv.com/5d67,2025-06-04T17:10:59.41,0,070/182,Rare,Lightning,120,Basic,,[CC] Jamming Wing (30)<br> You may move an Energy from your opponent's Active Pokémon to 1 of their Benched Pokémon.,"[LCC] Wicked Thunder (60+)<br> If this Pokémon has any 182 attached, this attack does 60 more damage.",Lx2,F-30,1,79.99,86.0,97.66,60.02,,Holofoil,
635612,Ponyta (UK Exclusive Promo),Ponyta UK Exclusive Promo,https://tcgplayer-cdn.tcgplayer.com/product/635612_200w.jpg,3,2374,https://cpt.tcgcsv.com/gg67,2025-06-03T13:16:45.83,1,014/083,Promo,Fire,60,Basic,,"[R] Agility (10)
<br>Flip a coin. If heads, prevent all effects of attacks, including damage, done to this Pokémon during your opponent's next turn.",[2] Flame Tail (20),Wx2,,1,,,,,,,
635617,Team Rocket's Tyranitar (Pokemon Center Exclusive),Team Rockets Tyranitar Pokemon Center Exclusive,https://tcgplayer-cdn.tcgplayer.com/product/635617_200w.jpg,3,2374,https://cpt.tcgcsv.com/mg67,2025-06-16T15:10:38.473,1,096/182,Rare,Fighting,180,Stage 2,"<strong>Ability: Sand Stream</strong> During Pokémon Checkup, if this Pokémon is in the Active Spot, put 2 damage counters on each of your opponent's Basic Pokémon.",[FCCC] Demolition Tackle (180)<br> Discard an Energy from your opponent's Active Pokémon.,,Gx2,,3,31.93,47.83,105.0,33.92,,Normal,
635621,Venusaur ex & Blastoise ex Premium Collection,Venusaur ex and Blastoise ex Premium Collection,https://tcgplayer-cdn.tcgplayer.com/product/635621_200w.jpg,3,2374,https://cpt.tcgcsv.com/rg67,2025-08-09T04:11:44.96,1,,,,,,"Power Up Your Collection with Pokémon ex!<br>
With strong attacks and big HP, Pokémon ex aim to blow through the opposition in battle! In this collection, you get specially stamped foil promo cards of Venusaur ex and Blastoise ex, plus an oversize foil version of Venusaur ex for display. Then, discover even more awesome Pokémon inside a big stack of 10 booster packs!
 <br><br>

The Pokémon TCG: Venusaur ex & Blastoise ex Premium Collection includes:<br>

• 1 foil promo card featuring Venusaur ex<br>
• 1 foil promo card featuring Blastoise ex<br>
• 1 oversize foil card featuring Venusaur ex<br>
• 10 Pokémon TCG booster packs<br>
• A code card for Pokémon TCG Live<br>",,,,,,76.0,84.79,107.99,78.87,,Normal,
636305,Skeledirge - 031/191 (Cosmos Holo),Skeledirge 031 191 Cosmos Holo,https://tcgplayer-cdn.tcgplayer.com/product/636305_200w.jpg,3,2374,https://cpt.tcgcsv.com/7x67,2025-06-05T14:02:14.937,0,031/191,Promo,Fire,180,Stage 2,<strong>Ability: Unaware</strong> Prevent all effects of attacks used by your opponent's Pokémon done to this Pokémon. <em>(Damage is not an effect.)</em>,[RC] Torcherto (60+)<br> This attack does 20 more damage for each Benched Pokemon <em>(both yours and your opponent's)</em>.,,Wx2,,3,3.59,3.87,5.31,3.59,,Holofoil,
636306,Togekiss - 072/191 (Cosmos Holo),Togekiss 072 191 Cosmos Holo,https://tcgplayer-cdn.tcgplayer.com/product/636306_200w.jpg,3,2374,https://cpt.tcgcsv.com/8x67,2025-06-05T14:07:03.11,0,072/191,Promo,Psychic,140,Stage 2,"<strong>Ability: Wonder Kiss</strong> When your opponent's Active Pokémon is Knocked Out, flip a coin. If heads, take 1 more Prize card. The effect of Wonder Kiss doesn't stack.",[CCC] Speed Wing (140),,Mx2,,1,5.41,9.18,40.77,8.61,,Holofoil,
636307,Rabsca - 014/191 (Cosmos Holo),Rabsca 014 191 Cosmos Holo,https://tcgplayer-cdn.tcgplayer.com/product/636307_200w.jpg,3,2374,https://cpt.tcgcsv.com/9x67,2025-06-05T14:12:02.177,0,014/191,Promo,Grass,70,Stage 1,,[C] Triple Draw<br> Draw 3 cards.,"[G] Counterturn (40+)<br> If there are 3 or fewer cards in your deck, this attack does 200 more damage.",Rx2,,1,0.64,1.0,5.0,0.94,,Holofoil,
636308,Gastrodon - 107/191 (Cosmos Holo),Gastrodon 107 191 Cosmos Holo,https://tcgplayer-cdn.tcgplayer.com/product/636308_200w.jpg,3,2374,https://cpt.tcgcsv.com/bx67,2025-06-05T14:12:49.777,0,107/191,Promo,Fighting,130,Stage 1,"<strong>Ability: Sticky Bind</strong> As long as this Pokémon is on your Bench, Benched Stage 2 Pokémon <em>(both yours and your opponent's)</em> have no Abilities.",[FCC] Mud Shot (80),,Gx2,,3,0.75,1.0,2.75,0.85,,Holofoil,
636312,Costco Pokemon Collector 3-Pack: Crown Zenith ETB + Paldea Legends Tins,Costco Pokemon Collector 3 Pack Crown Zenith ETB plus Paldea Legends Tins,https://tcgplayer-cdn.tcgplayer.com/product/636312_200w.jpg,3,2374,https://cpt.tcgcsv.com/gx67,2025-06-05T14:56:21.537,1,,,,,,"This two-pack set features the highly sought-after Pokemon Crown Zenith Elite Trainer Box Crown Zenith, plus the Paldea Legends Tin, featuring stunning artwork featuring the iconic characters Box, Miraidon, and Koraidon. 
<br>The set includes 18 packs in total.
<br>1 Crown Zenith Elite Trainer Box!
<br>2 Paldea Legends Tins!",,,,,,450.0,600.0,750.0,352.5,,Normal,0820650413223
636740,Costco Pokemon Prismatic Evolutions 2-Pack Trainer Box and Booster Bundle,Costco Pokemon Prismatic Evolutions 2 Pack Trainer Box and Booster Bundle,https://tcgplayer-cdn.tcgplayer.com/product/636740_200w.jpg,3,2374,https://cpt.tcgcsv.com/QJ67,2025-06-09T15:27:17.22,1,,,,,,"This unique Costco exclusive comes with 1 Elite Trainer box and 1 Booster Bundle!<br>
Eevee & Friends Light Up with Stellar Colors! From fluffy and fiery to freezing and fanciful, Eevee and its many Evolutions hold a special place in the hearts of Pokémon Trainers across the land! Discover their unique new powers as Stellar Tera Pokémon ex, and look for treasure of your very own across a grand gathering of Pokémon ex from Paldea and beyond. Glittering gems and hidden patterns await at the end of the rainbow in the Pokémon TCG: Scarlet & Violet—Prismatic Evolutions expansion!
<br>
Booster Bundle Includes: 
Six booster packs from the Pokémon TCG: Scarlet & Violet—Prismatic Evolutions expansion Each booster pack contains 10 cards and 1 Basic Energy. Cards vary by pack.
<br><br>
Each Elite Trainer Box Includes: <br>
•9 Pokémon TCG: Scarlet & Violet—Prismatic Evolutions booster packs<br>
       •Each booster pack contains 10 cards and 1 Basic Energy. Cards vary by pack.<br>
1 full-art foil promo card featuring Eevee<br>
• 65 card sleeves<br>
• 45 Pokémon TCG Energy cards<br>
• A player’s guide to the Scarlet & Violet—Prismatic Evolutions expansion
6 damage-counter dice<br>
• 1 competition-legal coin-flip die<br>
• 2 plastic condition markers<br>
• A box to hold everything, with 4 dividers to keep it organized<br>
• A code card for Pokémon Trading Card Game Live<br>",,,,,,260.0,371.49,997.97,242.32,,Normal,
637079,Larvitar (Delta Species Stamp),Larvitar Delta Species Stamp,https://tcgplayer-cdn.tcgplayer.com/product/637079_200w.jpg,3,2374,https://cpt.tcgcsv.com/CR67,2025-06-09T16:48:46.85,1,73/113,Common,Fire,50,Basic,,[1] Bite (10),"[1R] Rising Lunge (20+) 
<br>Flip a coin.  If heads, this attack does 20 damage plus 10 more damage.",W,None,1,27.28,28.7,65.99,36.99,,Normal,
637464,Kleavor VSTAR Premium Collection (International),Kleavor VSTAR Premium Collection International,https://tcgplayer-cdn.tcgplayer.com/product/637464_200w.jpg,3,2374,https://cpt.tcgcsv.com/j_67,2025-06-11T12:07:57.017,1,,,,,,"Each Pokemon TCG: Kleavor VSTAR Premium Collection includes:
<br>• 1 etched foil promo card featuring Kleavor V
<br>• 1 etched foil promo card featuring Kleavor VSTAR
<br>• 1 oversize foil card featuring Kleavor VSTAR
<br>• 5 Pokémon TCG booster packs
<br>• 1 collector's pin featuring Kleavor
<br>• 1 metallic coin featuring Kleavor
<br>• 1 acrylic VSTAR marker
<br>• A code card usable in either the Pokémon TCG Online or Pokémon TCG Live",,,,,,61.99,74.95,100.0,54.08,,Normal,820650871252
637611,Cynthia's Gible (Cosmos Holo),Cynthias Gible Cosmos Holo,https://tcgplayer-cdn.tcgplayer.com/product/637611_200w.jpg,3,2374,https://cpt.tcgcsv.com/f377,2025-06-12T14:26:02.88,0,102/182,Common,Fighting,70,Basic,,[F] Rock Hurl (20)<br> This attack's damage isn't affected by Resistance.,,Gx2,,1,0.94,1.98,5.99,1.87,,Holofoil,
637612,Cynthia's Gabite (Cosmos Holo),Cynthias Gabite Cosmos Holo,https://tcgplayer-cdn.tcgplayer.com/product/637612_200w.jpg,3,2374,https://cpt.tcgcsv.com/g377,2025-06-12T14:28:34.543,0,103/182,Common,Fighting,100,Stage 1,"<strong>Ability: Champion's Call</strong> Once during your turn, you may search your deck for a Cynthia's Pokémon, reveal it, and put it into your hand. Then, shuffle your deck.",[F] Dragonslice (40),,Gx2,,1,0.93,1.57,9.75,1.49,,Holofoil,
638215,Ditto - 39/113 (SDCC Stamp),Ditto 39 113 SDCC Stamp,https://tcgplayer-cdn.tcgplayer.com/product/638215_200w.jpg,3,2374,https://cpt.tcgcsv.com/kj77,2025-07-09T15:09:42.01,1,39/113,Uncommon,Lightning,60,Basic,"<b>Poke-POWER</b> Duplicate 
<br>Once during your turn (before your attack), you may search your deck for another Ditto and switch it with Ditto.  <em>(Any cards attached to Ditto, damage counters, Special Conditions, and effects on it are now on the new Pokemon.)</em>  If you do, put Ditto on top of your deck.  Shuffle your deck afterward.  You can't use more than 1 Duplicate Poke-Power each turn.  (Poke-POWER)",[1L] Thunderbolt (40) Discard all Energy cards attached to Ditto.,,F,,1,,,,,,,
639446,Charizard ex Special Collection Case,Charizard ex Special Collection Case,https://tcgplayer-cdn.tcgplayer.com/product/639446_200w.jpg,3,2374,https://cpt.tcgcsv.com/XN77,2025-06-25T14:37:16.423,0,,,,,,Each case includes 6 Charizard ex Special Collections.,,,,,,,,,,,,
639713,Play! Pokemon Prize Pack Series Six,Play Pokemon Prize Pack Series Six,https://tcgplayer-cdn.tcgplayer.com/product/639713_200w.jpg,3,2374,https://cpt.tcgcsv.com/hV77,2025-06-27T13:57:39.213,1,,,,,,"EXCLUSIVE Prize Pack<br>
This pack contains a handful of awesome cards for your Pokémon TCG collection, each stamped with a Play! Pokémon stamp and available only at participating stores as prizes for Play! Pokémon events. You might find alternate Energy cards inside, or even a special Pokémon-like a Tera Pokémon ex or an Ancient or Future Pokémon!
<br><br>

Each Prize Pack contains six cards.",,,,,,4.0,4.99,10.0,4.38,,Normal,
639828,Holiday Calendar 2025,Holiday Calendar 2025,https://tcgplayer-cdn.tcgplayer.com/product/639828_200w.jpg,3,2374,https://cpt.tcgcsv.com/BX77,2025-08-22T04:11:51.37,1,,,,,,"25 Days of Pokémon TCG Surprises!<br>
Celebrate the season with 25 days of surprises in the Pokémon TCG: Holiday Calendar! From special foil cards to booster packs and more, there’s a different Pokémon goodie to open every day.<br><br>

The Pokémon TCG: Holiday Calendar includes 25 surprises to discover:<br>
• 8 foil Pokémon TCG cards with a festive stamp<br>
• 6 Pokémon TCG booster packs<br>
• 7 Pokémon TCG 3-card fun packs<br>
• 2 Pokémon coins<br>
• 2 Pokémon sticker sheets<br>
• Plus, find a code card for Pokémon TCG Live!",,,,,,56.59,71.98,100.0,56.85,,Normal,0196214127180
639830,Holiday Calendar 2025 Case,Holiday Calendar 2025 Case,https://tcgplayer-cdn.tcgplayer.com/product/639830_200w.jpg,3,2374,https://cpt.tcgcsv.com/DX77,2025-08-22T04:11:51.37,0,,,,,,"25 Days of Pokémon TCG Surprises!<br>
Celebrate the season with 25 days of surprises in the Pokémon TCG: Holiday Calendar! From special foil cards to booster packs and more, there’s a different Pokémon goodie to open every day.<br><br>
Case Contains 6 2025 Holiday Calendars <br>
The Pokémon TCG: Holiday Calendar includes 25 surprises to discover:<br>
• 8 foil Pokémon TCG cards with a festive stamp<br>
• 6 Pokémon TCG booster packs<br>
• 7 Pokémon TCG 3-card fun packs<br>
• 2 Pokémon coins<br>
• 2 Pokémon sticker sheets<br>
• Plus, find a code card for Pokémon TCG Live!",,,,,,425.0,444.99,521.68,349.99,,Normal,10196214127187
639952,Team Rocket's Giovanni (Cosmos Holo),Team Rockets Giovanni Cosmos Holo,https://tcgplayer-cdn.tcgplayer.com/product/639952_200w.jpg,3,2374,https://cpt.tcgcsv.com/3_77,2026-02-16T11:50:56.783,1,174/182,Uncommon,Trainer - Supporter,,,"Switch your Active Team Rocket's Pokémon with 1 of your Benched Team Rocket's Pokémon. If you do, switch in 1 of your opponent's Benched Pokémon to the Active Spot.",,,,,,0.15,0.41,30.0,0.33,0.25,Holofoil,
639953,Team Rocket's Meowth (Cosmos Holo),Team Rockets Meowth Cosmos Holo,https://tcgplayer-cdn.tcgplayer.com/product/639953_200w.jpg,3,2374,https://cpt.tcgcsv.com/5_77,2026-02-25T02:53:19.307,1,149/182,Common,Colorless,70,Basic,,[C] Paw-cket Pilfer<br> Choose a random card from your opponent's hand. Your opponent reveals that card and shuffles it into their deck.,[CC] Fury Swipes (20x)<br> Flip 3 coins. This attack does 20 damage for each heads.,Fx2,,1,0.3,0.7,30.0,0.68,0.54,Holofoil,
641434,Code Card - Rival Battle Deck [Steven],Code Card Rival Battle Deck Steven,https://tcgplayer-cdn.tcgplayer.com/product/641434_200w.jpg,3,2374,https://cpt.tcgcsv.com/JB87,2025-07-03T19:19:03.227,1,,Code Card,,,,"This listing is <strong>not</strong> a physical item. Please keep in mind that this <strong>Code Card</strong> listing represents a digital copy of the stated item for the Pokémon TCG Online <strong>and/or</strong> the Pokémon TCG Live games. You may receive the physical <strong>Code Card</strong>. Upon purchase, please work with your specific Seller by sending them a message using the <strong>Contact Seller</strong> button on the order details in your <a href=https://store.tcgplayer.com/myaccount/orderhistory>Order History</a> to opt in to having your <strong>Code Card</strong> code delivered digitally due to the nature of the product.",,,,,,0.25,0.53,0.67,0.56,,Normal,
641435,Code Card - Rival Battle Deck [Marnie],Code Card Rival Battle Deck Marnie,https://tcgplayer-cdn.tcgplayer.com/product/641435_200w.jpg,3,2374,https://cpt.tcgcsv.com/KB87,2025-07-03T19:19:36.303,1,,Code Card,,,,"This listing is <strong>not</strong> a physical item. Please keep in mind that this <strong>Code Card</strong> listing represents a digital copy of the stated item for the Pokémon TCG Online <strong>and/or</strong> the Pokémon TCG Live games. You may receive the physical <strong>Code Card</strong>. Upon purchase, please work with your specific Seller by sending them a message using the <strong>Contact Seller</strong> button on the order details in your <a href=https://store.tcgplayer.com/myaccount/orderhistory>Order History</a> to opt in to having your <strong>Code Card</strong> code delivered digitally due to the nature of the product.",,,,,,0.45,1.0,2.0,0.89,,Normal,
641613,Charmander - 007/091 (Cosmos Holo),Charmander 007 091 Cosmos Holo,https://tcgplayer-cdn.tcgplayer.com/product/641613_200w.jpg,3,2374,https://cpt.tcgcsv.com/hG87,2025-07-07T15:06:41.823,1,007/091,Common,Fire,70,Basic,,[R] Blazing Destruction<br>Discard a Stadium in play.,[RR] Steady Firebreathing (30),Wx2,None,1,0.25,0.66,8.81,0.66,,Holofoil,
641614,Charmeleon - 008/091 (Cosmos Holo),Charmeleon 008 091 Cosmos Holo,https://tcgplayer-cdn.tcgplayer.com/product/641614_200w.jpg,3,2374,https://cpt.tcgcsv.com/jG87,2025-07-07T15:10:36.237,1,008/091,Uncommon,Fire,90,Stage 1,"<strong>Ability — Flare Veil</strong>
<br>Prevent all effects of attacks used by your opponent's Pokémon done to this Pokémon. (Damage is not an effect.)",[RR] Combustion (50),,Wx2,None,2,0.23,0.55,5.0,0.58,,Holofoil,
641892,Code Card - Charizard ex special collection,Code Card Charizard ex special collection,https://tcgplayer-cdn.tcgplayer.com/product/641892_200w.jpg,3,2374,https://cpt.tcgcsv.com/SM87,2025-07-09T13:02:50.767,0,,Code Card,,,,"This listing is <strong>not</strong> a physical item. Please keep in mind that this <strong>Code Card</strong> listing represents a digital copy of the stated item for the Pokémon TCG Online <strong>and/or</strong> the Pokémon TCG Live games. You may receive the physical <strong>Code Card</strong>. Upon purchase, please work with your specific Seller by sending them a message using the <strong>Contact Seller</strong> button on the order details in your <a href=https://store.tcgplayer.com/myaccount/orderhistory>Order History</a> to opt in to having your <strong>Code Card</strong> code delivered digitally due to the nature of the product.",,,,,,0.14,0.22,0.99,0.22,,Normal,
641895,Code Card - Team Rocket’s mewtwo ex box,Code Card Team Rockets mewtwo ex box,https://tcgplayer-cdn.tcgplayer.com/product/641895_200w.jpg,3,2374,https://cpt.tcgcsv.com/WM87,2025-07-09T13:22:50.29,0,,Code Card,,,,"This listing is <strong>not</strong> a physical item. Please keep in mind that this <strong>Code Card</strong> listing represents a digital copy of the stated item for the Pokémon TCG Online <strong>and/or</strong> the Pokémon TCG Live games. You may receive the physical <strong>Code Card</strong>. Upon purchase, please work with your specific Seller by sending them a message using the <strong>Contact Seller</strong> button on the order details in your <a href=https://store.tcgplayer.com/myaccount/orderhistory>Order History</a> to opt in to having your <strong>Code Card</strong> code delivered digitally due to the nature of the product.",,,,,,0.14,0.25,0.69,0.14,,Normal,
641944,Shellos West Sea (SDCC 2007),Shellos West Sea SDCC 2007,https://tcgplayer-cdn.tcgplayer.com/product/641944_200w.jpg,3,2374,https://cpt.tcgcsv.com/VN87,2025-07-09T15:18:48.53,1,107/132,Common,Water,60,Basic,,[1] Mud Spatter (10),"[W] Recover
<br>
Discard a Water Energy attached to Shellos West Sea and remove all damage counters from Shellos West Sea.",L+10,,1,190.0,200.0,222.22,100.0,,Normal,
641945,Shellos West Sea (SDCC 2007 Staff),Shellos West Sea SDCC 2007 Staff,https://tcgplayer-cdn.tcgplayer.com/product/641945_200w.jpg,3,2374,https://cpt.tcgcsv.com/WN87,2025-07-09T15:19:20.33,1,107/132,Common,Water,60,Basic,,[1] Mud Spatter (10),"[W] Recover
<br>
Discard a Water Energy attached to Shellos West Sea and remove all damage counters from Shellos West Sea.",L+10,,1,,,,,,,
643130,Honedge - 131/182 (Cosmos Holo),Honedge 131 182 Cosmos Holo,https://tcgplayer-cdn.tcgplayer.com/product/643130_200w.jpg,3,2374,https://cpt.tcgcsv.com/Dg97,2025-07-11T20:26:04.47,0,131/182,Common,Metal,60,Basic,,"[M] Reckless Charge (30)
<br>This Pokémon also does 10 damage to itself.",,Rx2,G-30,1,,,,,,,
643131,Doublade - 132/182 (Cosmos Holo),Doublade 132 182 Cosmos Holo,https://tcgplayer-cdn.tcgplayer.com/product/643131_200w.jpg,3,2374,https://cpt.tcgcsv.com/Fg97,2025-07-11T20:27:01.427,0,132/182,Common,Metal,90,Stage 1,,[1] Slash (20),"[1M] Slashing Strike (80)
<br>During your next turn, this Pokémon can't use Slashing Strike.",Rx2,G-30,2,120.0,120.0,120.0,65.0,,Holofoil,
644852,Sam's Club Prismatic Evolutions Elite Trainer Box and Pokeball,Sams Club Prismatic Evolutions Elite Trainer Box and Pokeball,https://tcgplayer-cdn.tcgplayer.com/product/644852_200w.jpg,3,2374,https://cpt.tcgcsv.com/3Z97,2025-12-03T20:30:58.973,1,,,,,,"This unique Sam's Club exclusive comes with 1 Elite Trainer box and 1 Pokéball!<br>
From fluffy and fiery to freezing and fanciful, Eevee and its many Evolutions hold a special place in the hearts of Pokémon Trainers across the land! Discover their unique new powers as Stellar Tera Pokémon ex, and look for treasure of your very own across a grand gathering of Pokémon ex from Paldea and beyond. Glittering gems and hidden patterns await at the end of the rainbow in the Pokémon TCG: Scarlet & Violet—Prismatic Evolutions expansion!
What’s Inside a Poké Ball or Moon Ball?
The answer is Pokémon cards, of course!
<br>
The Pokémon TCG: Scarlet & Violet—Prismatic Evolutions Elite Trainer Box includes:<br>
• 9 Pokémon TCG: Scarlet & Violet—Prismatic Evolutions booster packs.
<br>
• 1 full-art foil promo card featuring Eevee.
<br>
• 65 card sleeves featuring Eevee as a Stellar Tera Pokémon.
<br>
• 45 Pokémon TCG Energy cards.
<br>
• A player’s guide to the Scarlet & Violet—Prismatic Evolutions expansion.
<br>
• 6 damage-counter dice.
<br>
• 1 competition-legal coin-flip die.
<br>
• 2 plastic condition markers.
<br>
• A collector’s box to hold everything, with 4 dividers to keep it organized.
<br>
• A code card for Pokémon Trading Card Game Live.
<br>
Each Pokéball contains: <br>
• 3 Pokémon Booster Packs",,,,,,200.0,224.99,500.0,147.64,,Normal,
645415,Wellspring Mask Ogerpon ex (Twilight Masquerade Stamp),Wellspring Mask Ogerpon ex Twilight Masquerade Stamp,https://tcgplayer-cdn.tcgplayer.com/product/645415_200w.jpg,3,2374,https://cpt.tcgcsv.com/kbb7,2025-10-31T19:05:11.853,1,064/167,Double Rare,Water,210,Basic,,"[C] Sob (20)
duringyour opponent's next turn, the DefendingPokémon can't retreat.","[WCC]  Torrential Pump (100)
You may shuffle 3 Energy attached to this Pokémon into your deck. If you do, this attack also does 120 damage to 1 of your opponent's Benched Pokémon. <em>(Don't apply Weakness and Resistance for Benched Pokémon.)</em>",Lx2,None,1,0.55,0.99,9.5,0.77,,Holofoil,
645458,Hearthflame Mask Ogerpon ex (Twilight Masquerade Stamp),Hearthflame Mask Ogerpon ex Twilight Masquerade Stamp,https://tcgplayer-cdn.tcgplayer.com/product/645458_200w.jpg,3,2374,https://cpt.tcgcsv.com/bcb7,2025-10-31T19:05:11.807,1,040/167,Double Rare,Fire,210,Basic,,"[RCC] Wrathful Hearth (20x)
This attack does 20 damage for each damage counter on this Pokémon.","[RRR] Dynamic Blaze (140+)
If your opponent's Active Pokémon is an Evolution Pokémon, this attack does 140 more damage, and discard all Energy from this Pokémon.",Wx2,None,1,0.5,1.0,9.5,0.72,,Holofoil,
645570,Tepig - 011/086 (Unova Poster Collection),Tepig 011 086 Unova Poster Collection,https://tcgplayer-cdn.tcgplayer.com/product/645570_200w.jpg,3,2374,https://cpt.tcgcsv.com/qfb7,2026-03-07T14:24:33.723,1,011/086,Common,Fire,70,Basic,,[R] Tackle (10),[RR] Rollout (30),Wx2,,1,0.01,0.21,10.0,0.14,,Holofoil,
645571,Snivy - 001/086 (Unova Poster Collection),Snivy 001 086 Unova Poster Collection,https://tcgplayer-cdn.tcgplayer.com/product/645571_200w.jpg,3,2374,https://cpt.tcgcsv.com/rfb7,2026-03-07T14:21:50.7,1,001/086,Common,Grass,70,Basic,,[G] Tackle (10),[GG] Vine Whip (30),Rx2,,1,0.01,0.2,4.04,0.15,,Holofoil,
645572,Oshawott - 021/086 (Unova Poster Collection),Oshawott 021 086 Unova Poster Collection,https://tcgplayer-cdn.tcgplayer.com/product/645572_200w.jpg,3,2374,https://cpt.tcgcsv.com/sfb7,2026-03-07T14:16:53.59,1,021/086,Common,Water,70,Basic,,[W] Tackle (10),[WW] Water Gun (30),Lx2,,1,0.01,0.22,4.04,0.2,,Holofoil,
646871,Teal Mask Ogerpon (Twilight Masquerade Stamp),Teal Mask Ogerpon Twilight Masquerade Stamp,https://tcgplayer-cdn.tcgplayer.com/product/646871_200w.jpg,3,2374,https://cpt.tcgcsv.com/rMb7,2025-07-30T15:00:42.457,1,024/167,Promo,Grass,110,Basic,,"[C] Mountain Stroll
Search your deck for up to 2 Basic Energy cards, reveal them, and put them into your hand. Then, shuffle your deck.","[GC] Ogre Comeback (20+)
This attack does 20 more damage for each of your opponent's Benched Pokémon.",Rx2,None,1,,,,,,,
647537,Aipom (San Diego Comic Con),Aipom San Diego Comic Con,https://tcgplayer-cdn.tcgplayer.com/product/647537_200w.jpg,3,2374,https://cpt.tcgcsv.com/M0c7,2025-08-05T14:04:37.063,0,43/95,Common,Colorless,50,Basic,,[1] Tail Code - Move an Energy card attached to the Defending Pokemon to another of your opponent's Pokemon.,"[2] Tail Smash (30) Flip a coin.  If tails, this attack does nothing.",Fx2,,1,,,,,,,
648270,Code Card - Venusaur ex & Blastoise ex Premium Collection,Code Card Venusaur ex and Blastoise ex Premium Collection,https://tcgplayer-cdn.tcgplayer.com/product/648270_200w.jpg,3,2374,https://cpt.tcgcsv.com/qkc7,2025-08-08T13:16:32.617,1,,Code Card,,,,"This listing is <strong>not</strong> a physical item. Please keep in mind that this <strong>Code Card</strong> listing represents a digital copy of the stated item for the Pokémon TCG Online <strong>and/or</strong> the Pokémon TCG Live games. You may receive the physical <strong>Code Card</strong>. Upon purchase, please work with your specific Seller by sending them a message using the <strong>Contact Seller</strong> button on the order details in your <a href=https://store.tcgplayer.com/myaccount/orderhistory>Order History</a> to opt in to having your <strong>Code Card</strong> code delivered digitally due to the nature of the product.",,,,,,0.48,0.5,1.5,0.5,,Normal,
648365,Prismatic Evolutions Lucario ex & Tyranitar ex Premium Collection (Sam's Club),Prismatic Evolutions Lucario ex and Tyranitar ex Premium Collection Sams Club,https://tcgplayer-cdn.tcgplayer.com/product/648365_200w.jpg,3,2374,https://cpt.tcgcsv.com/kmc7,2025-09-19T18:45:03.703,1,,,,,,"Jump in Headfirst with Lucario ex & Tyranitar ex!<br>
The bravery of the Fighting type and the tenacity of the Darkness type combine in this power-packed collection of Pokémon promo cards and booster packs! Here you’ll find specially stamped foil promo cards featuring Lucario and Tyranitar, including as Pokémon ex, plus an oversize foil version of Lucario ex to show off. Then, discover even more Pokémon inside a stack of 14 booster packs from the special Scarlet & Violet—Prismatic Evolutions expansion!<br><br>

The Pokémon TCG: Lucario ex & Tyranitar ex Premium Collection includes:<br>
• 2 foil promo cards featuring Lucario ex and Tyranitar ex<br>
• 2 foil promo cards featuring Lucario and Tyranitar<br>
• 1 oversize foil card featuring Lucario ex<br>
• 14 Pokémon TCG: Scarlet & Violet—Prismatic Evolutions booster packs<br>
• A code card for Pokémon TCG LiveJump in Headfirst with Lucario ex & Tyranitar ex!",,,,,,170.21,199.97,499.99,171.0,,Normal,
648585,Venusaur ex (Stellar Crown Stamp),Venusaur ex Stellar Crown Stamp,https://tcgplayer-cdn.tcgplayer.com/product/648585_200w.jpg,3,2374,https://cpt.tcgcsv.com/Krc7,2025-08-11T15:39:29.92,1,001/142,Double Rare,Grass,340,Stage 2,"<strong>Ability: Tranquil Flower</strong> Once during your turn, if this Pokémon is in the Active Spot, you may heal 60 damage from 1 of your Pokémon.",[GGC] Dangerous Toxwhip (150)<br> Your opponent's Active Pokémon is now Confused and Poisoned.,,Rx2,None,4,0.75,1.49,10.99,1.2,,Holofoil,
648586,Mighty Mysterious Tins [Set of 3],Mighty Mysterious Tins Set of 3,https://tcgplayer-cdn.tcgplayer.com/product/648586_200w.jpg,3,2374,https://cpt.tcgcsv.com/Lrc7,2025-08-11T15:54:27.75,0,,,,,,Each tin contains 3 Pokemon TCG booster packs and a Pokémon Trading Card Game Online code card.,,,,,,,,,,,,
648587,Blastoise ex (Stellar Crown Stamp),Blastoise ex Stellar Crown Stamp,https://tcgplayer-cdn.tcgplayer.com/product/648587_200w.jpg,3,2374,https://cpt.tcgcsv.com/Mrc7,2026-03-11T11:35:33.557,1,030/142,Double Rare,Water,330,Stage 2,<strong>Ability: Solid Shell</strong> This Pokémon takes 30 less damage from attacks <em>(after applying Weakness and Resistance)</em>.,[WW] Twin Cannons (140x)<br> Discard up to 2 Basic Water Energy cards from your hand. This attack does 140 damage for each card you discarded in this way.,,Lx2,None,3,1.25,1.88,10.99,1.82,,Holofoil,
648588,Triple Whammy Tins [Set of 3],Triple Whammy Tins Set of 3,https://tcgplayer-cdn.tcgplayer.com/product/648588_200w.jpg,3,2374,https://cpt.tcgcsv.com/Nrc7,2025-08-11T15:46:07.047,0,,,,,,Each tin contains 3 Pokemon TCG booster packs and a Pokémon Trading Card Game Online code card.,,,,,,60.0,100.0,120.0,57.99,,Normal,
649191,Play! Pokemon Prize Pack Series Seven,Play Pokemon Prize Pack Series Seven,https://tcgplayer-cdn.tcgplayer.com/product/649191_200w.jpg,3,2374,https://cpt.tcgcsv.com/RHc7,2025-08-14T04:11:28.723,0,,,,,,"EXCLUSIVE Prize Pack<br>
This pack contains a handful of awesome cards for your Pokémon TCG collection, each stamped with a Play! Pokémon stamp and available only at participating stores as prizes for Play! Pokémon events. You might find alternate Energy cards inside, or even a special Pokémon-like a Tera Pokémon ex or an Ancient or Future Pokémon!
<br><br>

Each Prize Pack contains six cards.",,,,,,4.0,5.75,59.0,5.01,,Normal,
649193,Team Rocket Tin [Team Rocket's Mewtwo ex],Team Rocket Tin Team Rockets Mewtwo ex,https://tcgplayer-cdn.tcgplayer.com/product/649193_200w.jpg,3,2374,https://cpt.tcgcsv.com/THc7,2025-09-05T04:16:30.5,1,,,,,,"Aim for World Domination with Team Rocket!
<br>
Bring your ambitious plans to fruition by joining forces with some of Team Rocket’s toughest Pokémon! With this tin, choose the strategic mind of
Team Rocket’s Mewtwo ex, the potent toxins of Team Rocket’s Nidoking ex, or the prideful power of Team Rocket’s Persian ex as a foil promo card,
then discover more Pokémon and Trainer cards inside a handful of booster packs.
<br><br>

This Pokémon TCG: Team Rocket Tin includes:
• 1 foil promo card featuring Team Rocket’s Mewtwo ex, Team Rocket’s Nidoking ex, or Team Rocket’s Persian ex
• 5 Pokémon TCG booster packs
• A code card for Pokémon TCG Live",,,,,,35.0,49.0,199.99,45.51,,Normal,0196214119628
649194,Team Rocket Tin [Team Rocket's Nidoking ex],Team Rocket Tin Team Rockets Nidoking ex,https://tcgplayer-cdn.tcgplayer.com/product/649194_200w.jpg,3,2374,https://cpt.tcgcsv.com/VHc7,2025-09-05T04:16:30.5,1,,,,,,"Aim for World Domination with Team Rocket!
<br>
Bring your ambitious plans to fruition by joining forces with some of Team Rocket’s toughest Pokémon! With this tin, choose the strategic mind of
Team Rocket’s Mewtwo ex, the potent toxins of Team Rocket’s Nidoking ex, or the prideful power of Team Rocket’s Persian ex as a foil promo card,
then discover more Pokémon and Trainer cards inside a handful of booster packs.
<br><br>

This Pokémon TCG: Team Rocket Tin includes:
• 1 foil promo card featuring Team Rocket’s Mewtwo ex, Team Rocket’s Nidoking ex, or Team Rocket’s Persian ex
• 5 Pokémon TCG booster packs
• A code card for Pokémon TCG Live",,,,,,34.99,47.72,59.98,37.23,,Normal,0196214119628
649195,Team Rocket Tin [Team Rocket's Persian ex],Team Rocket Tin Team Rockets Persian ex,https://tcgplayer-cdn.tcgplayer.com/product/649195_200w.jpg,3,2374,https://cpt.tcgcsv.com/WHc7,2025-09-05T04:16:30.5,1,,,,,,"Aim for World Domination with Team Rocket!
<br>
Bring your ambitious plans to fruition by joining forces with some of Team Rocket’s toughest Pokémon! With this tin, choose the strategic mind of
Team Rocket’s Mewtwo ex, the potent toxins of Team Rocket’s Nidoking ex, or the prideful power of Team Rocket’s Persian ex as a foil promo card,
then discover more Pokémon and Trainer cards inside a handful of booster packs.
<br><br>

This Pokémon TCG: Team Rocket Tin includes:
• 1 foil promo card featuring Team Rocket’s Mewtwo ex, Team Rocket’s Nidoking ex, or Team Rocket’s Persian ex
• 5 Pokémon TCG booster packs
• A code card for Pokémon TCG Live",,,,,,33.95,43.99,59.92,37.14,,Normal,0196214119628
649197,Team Rocket Tin [Team Rocket's Persian ex] (International Version),Team Rocket Tin Team Rockets Persian ex International Version,https://tcgplayer-cdn.tcgplayer.com/product/649197_200w.jpg,3,2374,https://cpt.tcgcsv.com/ZHc7,2025-09-05T04:16:30.5,1,,,,,,"Aim for World Domination with Team Rocket!
<br>
Bring your ambitious plans to fruition by joining forces with some of Team Rocket’s toughest Pokémon! With this tin, choose the strategic mind of
Team Rocket’s Mewtwo ex, the potent toxins of Team Rocket’s Nidoking ex, or the prideful power of Team Rocket’s Persian ex as a foil promo card,
then discover more Pokémon and Trainer cards inside a handful of booster packs.
<br><br>

This Pokémon TCG: Team Rocket Tin includes:
• 1 foil promo card featuring Team Rocket’s Mewtwo ex, Team Rocket’s Nidoking ex, or Team Rocket’s Persian ex
• 4 Pokémon TCG booster packs
• A code card for Pokémon TCG Live",,,,,,,,,,,,0196214119628
649199,Team Rocket Tin [Team Rocket's Nidoking ex] (International Version),Team Rocket Tin Team Rockets Nidoking ex International Version,https://tcgplayer-cdn.tcgplayer.com/product/649199_200w.jpg,3,2374,https://cpt.tcgcsv.com/_Hc7,2025-09-05T04:16:30.5,1,,,,,,"Aim for World Domination with Team Rocket!
<br>
Bring your ambitious plans to fruition by joining forces with some of Team Rocket’s toughest Pokémon! With this tin, choose the strategic mind of
Team Rocket’s Mewtwo ex, the potent toxins of Team Rocket’s Nidoking ex, or the prideful power of Team Rocket’s Persian ex as a foil promo card,
then discover more Pokémon and Trainer cards inside a handful of booster packs.
<br><br>

This Pokémon TCG: Team Rocket Tin includes:
• 1 foil promo card featuring Team Rocket’s Mewtwo ex, Team Rocket’s Nidoking ex, or Team Rocket’s Persian ex
• 4 Pokémon TCG booster packs
• A code card for Pokémon TCG Live",,,,,,,,,,,,0196214119628
649200,Team Rocket Tin [Team Rocket's Mewtwo ex] (International Version),Team Rocket Tin Team Rockets Mewtwo ex International Version,https://tcgplayer-cdn.tcgplayer.com/product/649200_200w.jpg,3,2374,https://cpt.tcgcsv.com/0Jc7,2025-09-05T04:16:30.5,1,,,,,,"Aim for World Domination with Team Rocket!
<br>
Bring your ambitious plans to fruition by joining forces with some of Team Rocket’s toughest Pokémon! With this tin, choose the strategic mind of
Team Rocket’s Mewtwo ex, the potent toxins of Team Rocket’s Nidoking ex, or the prideful power of Team Rocket’s Persian ex as a foil promo card,
then discover more Pokémon and Trainer cards inside a handful of booster packs.
<br><br>

This Pokémon TCG: Team Rocket Tin includes:
• 1 foil promo card featuring Team Rocket’s Mewtwo ex, Team Rocket’s Nidoking ex, or Team Rocket’s Persian ex
• 4 Pokémon TCG booster packs
• A code card for Pokémon TCG Live",,,,,,,,,,,,0196214119628
649295,Charizard ex Super-Premium Collection Case,Charizard ex Super Premium Collection Case,https://tcgplayer-cdn.tcgplayer.com/product/649295_200w.jpg,3,2374,https://cpt.tcgcsv.com/WKc7,2025-08-14T16:20:07.997,0,,,,,,"Charizard Guards Your Favorite Card!<br>
With explosive attacks and huge HP, Charizard ex has a commanding presence on the battlefield! Bring that burning tenacity to life on your desk, bookcase, or nightstand with an awesome Charizard figure featuring translucent fire effects to show off a favorite card—like the foil Charmander, Charmeleon, or Charizard ex you also get in this collection! Even more fun awaits in a stack of 10 booster packs from different Pokémon TCG expansions.
<br><br>

<strong> Case contains 4 Charizard ex Super-Premium Collections </strong><br>
The Pokémon TCG: Charizard ex Super-Premium Collection includes:<br>
• 1 foil promo card featuring Charizard ex<br>
• 2 foil cards featuring Charmander and Charmeleon<br>
• 1 card-display figure featuring Charizard<br>
• 10 Pokémon TCG booster packs<br>
• Booster pack contains 10 cards and 1 Basic Energy. <em> (Cards vary by pack. Packs vary by product.)</em><br>
• A code card for Pokémon TCG Live",,,,,,449.95,449.97,449.99,349.99,,Normal,
650144,Checklane 2-Pack Pin Blister [Arceus],Checklane 2 Pack Pin Blister Arceus,https://tcgplayer-cdn.tcgplayer.com/product/650144_200w.jpg,3,2374,https://cpt.tcgcsv.com/V3d7,2025-08-19T13:29:58.76,1,,,,,,"Each blister contains: 
<br>• 2 Pokémon Booster Packs (Lost Origin & Chilling Reign )
<br>• 1 Arceus Pin",,,,,,,,,,,,0820650852688
650148,Checklane 2-Pack Pin Blister [Darkrai],Checklane 2 Pack Pin Blister Darkrai,https://tcgplayer-cdn.tcgplayer.com/product/650148_200w.jpg,3,2374,https://cpt.tcgcsv.com/-3d7,2025-08-19T13:33:00.983,1,,,,,,"Each blister contains: 
<br>• 2 Pokémon Booster Packs (Lost Origin & Chilling Reign )
<br>• 1 Darkrai Pin",,,,,,,,,,,,0820650852688
650229,Blaziken ex & Volcanion ex Premium Collection,Blaziken ex and Volcanion ex Premium Collection,https://tcgplayer-cdn.tcgplayer.com/product/650229_200w.jpg,3,2374,https://cpt.tcgcsv.com/C6d7,2025-09-05T04:16:30.663,1,,,,,,"Blaziken ex Fights Tough with Big HP & Strong Attacks!
<br>
Whether you're pushing toward that final Prize card in a clean sweep or about to make an astonishing comeback, Pokémon ex can help you battle at your best! That awesome power can be yours with this special collection that includes Blaziken ex as a playable foil card and an oversize version for display. Then, discover even more Pokémon inside six booster packs just waiting to be opened.
<br><br>

The Pokémon TCG: Blaziken ex Special Collection includes:<br>

• 1 foil promo card featuring Blaziken ex<br>
• 1 oversize foil card featuring Blaziken ex<br>
• 10 Pokémon TCG booster packs<br>
• A code card for Pokémon TCG Live<br>",,,,,,94.9,106.46,124.99,114.76,,Normal,
650393,Code Card - Holiday Calendar 2025,Code Card Holiday Calendar 2025,https://tcgplayer-cdn.tcgplayer.com/product/650393_200w.jpg,3,2374,https://cpt.tcgcsv.com/T9d7,2025-08-21T12:25:58.293,1,,Code Card,,,,"This listing is <strong>not</strong> a physical item. Please keep in mind that this <strong>Code Card</strong> listing represents a digital copy of the stated item for the Pokémon TCG Online <strong>and/or</strong> the Pokémon TCG Live games. You may receive the physical <strong>Code Card</strong>. Upon purchase, please work with your specific Seller by sending them a message using the <strong>Contact Seller</strong> button on the order details in your <a href=https://store.tcgplayer.com/myaccount/orderhistory>Order History</a> to opt in to having your <strong>Code Card</strong> code delivered digitally due to the nature of the product.",,,,,,0.01,0.39,1.99,0.4,,Normal,
650397,Costco Pokemon Surging Sparks 2-Pack Trainer Box and Booster Bundle,Costco Pokemon Surging Sparks 2 Pack Trainer Box and Booster Bundle,https://tcgplayer-cdn.tcgplayer.com/product/650397_200w.jpg,3,2374,https://cpt.tcgcsv.com/Z9d7,2025-08-21T15:19:12.313,1,,,,,,"<strong>This unique Costco exclusive comes with 1 Elite Trainer box and 1 Booster Bundle!</strong><br>
Terawatts of electricity crash down from the sky in a tropical paradise, setting the stage for the supercharged Pikachu ex! With the power of a Stellar Tera Pokémon ex, it lights up the shoreline, revealing a parade of dragon Pokémon led by the towering Alolan Exeggutor ex! Archaludon ex and Latias ex round out the horde, while new ACE SPEC cards and more new Pokémon ex bring surprises of their own. Currents crackle and dragons roar in the Pokémon TCG: Scarlet & Violet—Surging Sparks expansion!<br><br>

The Pokémon TCG: Scarlet & Violet—Surging Sparks Elite Trainer Box includes:<br>
• 9 Pokémon TCG: Scarlet & Violet—Surging Sparks booster packs<br>
• 1 full-art foil promo card featuring Magneton<br>
• 65 card sleeves<br>
• 45 Pokémon TCG Energy cards<br>
• A player’s guide to the Scarlet & Violet—Surging Sparks expansion<br>
• 6 damage-counter dice<br>
• 1 competition-legal coin-flip die<br>
• 2 plastic condition markers<br>
• A collector’s box to hold everything, with 4 dividers to keep it organized<br>
• A code card for Pokémon Trading Card Game Live<br><br><br>

Boost Bundle Includes: <br>
• 6 Pokémon TCG: Scarlet & Violet—Surging Sparks booster packs
<br><br><em>(Pokemon TCG booster packs and contents vary by product.)</em>",,,,,,141.85,169.39,333.0,135.02,,Normal,
650885,Costco Pokemon Pokemon Holiday Calendar and Great Ball Bundle,Costco Pokemon Pokemon Holiday Calendar and Great Ball Bundle,https://tcgplayer-cdn.tcgplayer.com/product/650885_200w.jpg,3,2374,https://cpt.tcgcsv.com/Kmd7,2025-08-26T14:46:41.043,1,,,,,,"<strong>This unique Costco exclusive comes with 1 Holiday Box and 1 Booster Bundle!</strong><br>
25 Days of Pokémon TCG Surprises!<br>
Celebrate the season with 25 days of surprises in the Pokémon TCG: Holiday Calendar! From special foil cards to booster packs and more, there’s a different Pokémon goodie to open every day.<br><br>

The Pokémon TCG: Holiday Calendar includes 25 surprises to discover:<br>
• 8 foil Pokémon TCG cards with a festive stamp<br>
• 6 Pokémon TCG booster packs<br>
• 7 Pokémon TCG 3-card fun packs<br>
• 2 Pokémon coins<br>
• 2 Pokémon sticker sheets<br>
• Plus, find a code card for Pokémon TCG Live!
<br><br>
Great Ball Includes:<br>
• 3 TCG Booster packs<br>
• 2 Sticker sheets",,,,,,70.0,80.11,96.88,80.03,,Normal,
650941,Delibird (Holiday Calendar),Delibird Holiday Calendar,https://tcgplayer-cdn.tcgplayer.com/product/650941_200w.jpg,3,2374,https://cpt.tcgcsv.com/Rnd7,2025-09-29T19:20:22.47,1,046/193,Common,Water,90,Basic,,"[1] Double Draw
<br>Draw 2 cards.",[1W] Ice Wing (30),Mx2,None,1,0.05,0.26,4.99,0.25,,Holofoil,
650942,Pikachu - 025/165 (Holiday Calendar),Pikachu 025 165 Holiday Calendar,https://tcgplayer-cdn.tcgplayer.com/product/650942_200w.jpg,3,2374,https://cpt.tcgcsv.com/Snd7,2025-09-03T14:10:41.387,1,025/165,Common,Lightning,60,Basic,"[L] <strong>Charge </strong> <br>
Search your deck for a Basic L Energy card and attach it to this Pokémon. Then, shuffle your deck.",[1LL] Pike Punch (50),,Fx2,,1,1.5,4.05,15.0,2.81,,Holofoil,
650951,Eevee (Holiday Calendar),Eevee Holiday Calendar,https://tcgplayer-cdn.tcgplayer.com/product/650951_200w.jpg,3,2374,https://cpt.tcgcsv.com/2pd7,2025-09-29T19:20:39.49,1,133/165,Common,Colorless,70,Basic,,"[1] Colorful Friends
<br>Search your deck for up to 3 Pokemon of different types, reveal them, and put them into your hand. Then, shuffle your deck.",[1] Skip (10),Fx2,None,1,1.0,1.84,15.0,1.9,,Holofoil,
650957,Vanillish - 190/182 (Holiday Calendar),Vanillish 190 182 Holiday Calendar,https://tcgplayer-cdn.tcgplayer.com/product/650957_200w.jpg,3,2374,https://cpt.tcgcsv.com/9pd7,2025-12-24T14:05:28.07,1,190/182,Illustration Rare,Water,90,Stage 1,,[WW] Frost Smash (60),,Mx2,None,2,2.41,3.8,20.0,3.64,,Holofoil,
650958,Crabominable - 149/142 (Holiday Calendar),Crabominable 149 142 Holiday Calendar,https://tcgplayer-cdn.tcgplayer.com/product/650958_200w.jpg,3,2374,https://cpt.tcgcsv.com/bpd7,2025-10-31T19:05:13.22,1,149/142,Illustration Rare,Water,160,Stage 1,<strong>Ability: Food Prep</strong> Attacks used by this Pokémon cost Kofu card in your discard pile.,"[WCCCC] Haymaker (250)<br> During your next turn, this Pokémon can't use Haymaker.",,Mx2,None,3,0.74,1.49,12.0,1.39,1.14,Holofoil,
650959,Cryogonal (Holiday Calendar),Cryogonal Holiday Calendar,https://tcgplayer-cdn.tcgplayer.com/product/650959_200w.jpg,3,2374,https://cpt.tcgcsv.com/cpd7,2025-09-29T19:20:06.433,1,047/191,Common,Water,90,Basic,,"[W] Call Sign<br> Search your deck for a Pokemon, reveal it, and put it into your hand. Then, shuffle your deck.","[W] Ice Beam (30)<br> Flip a coin. If heads, your opponent's Active Pokemon is now Paralyzed.",Mx2,,1,0.05,0.25,4.99,0.22,,Holofoil,
650961,Articuno - 032/159 (Holiday Calendar),Articuno 032 159 Holiday Calendar,https://tcgplayer-cdn.tcgplayer.com/product/650961_200w.jpg,3,2374,https://cpt.tcgcsv.com/fpd7,2025-10-31T19:05:12.767,1,032/159,Uncommon,Water,110,Basic,,"[1] Frigid Fluttering
<br>Search your deck for up to 2 Basic Water Energy cards and attach them to this Pokémon. Then, shuffle your deck.",[1WW] Ice Blast (110),Lx2,F-30,1,0.17,0.62,4321.0,0.54,,Holofoil,
651985,Code Card - Blaziken ex & Volcanion ex Premium Collection,Code Card Blaziken ex and Volcanion ex Premium Collection,https://tcgplayer-cdn.tcgplayer.com/product/651985_200w.jpg,3,2374,https://cpt.tcgcsv.com/KPd7,2025-09-03T15:37:33.7,1,,Code Card,,,,"This listing is <strong>not</strong> a physical item. Please keep in mind that this <strong>Code Card</strong> listing represents a digital copy of the stated item for the Pokémon TCG Online <strong>and/or</strong> the Pokémon TCG Live games. You may receive the physical <strong>Code Card</strong>. Upon purchase, please work with your specific Seller by sending them a message using the <strong>Contact Seller</strong> button on the order details in your <a href=https://store.tcgplayer.com/myaccount/orderhistory>Order History</a> to opt in to having your <strong>Code Card</strong> code delivered digitally due to the nature of the product.",,,,,,0.04,0.05,0.25,0.06,,Normal,
651986,Code Card - Team Rocket Tin [Team Rocket's Mewtwo ex],Code Card Team Rocket Tin Team Rockets Mewtwo ex,https://tcgplayer-cdn.tcgplayer.com/product/651986_200w.jpg,3,2374,https://cpt.tcgcsv.com/LPd7,2025-09-09T18:41:36.45,1,,Code Card,,,,"This listing is <strong>not</strong> a physical item. Please keep in mind that this <strong>Code Card</strong> listing represents a digital copy of the stated item for the Pokémon TCG Online <strong>and/or</strong> the Pokémon TCG Live games. You may receive the physical <strong>Code Card</strong>. Upon purchase, please work with your specific Seller by sending them a message using the <strong>Contact Seller</strong> button on the order details in your <a href=https://store.tcgplayer.com/myaccount/orderhistory>Order History</a> to opt in to having your <strong>Code Card</strong> code delivered digitally due to the nature of the product.",,,,,,0.7,0.88,1.05,0.87,,Normal,
652713,Tyranitar ex (Prismatic Evolutions Stamp),Tyranitar ex Prismatic Evolutions Stamp,https://tcgplayer-cdn.tcgplayer.com/product/652713_200w.jpg,3,2374,https://cpt.tcgcsv.com/h6f7,2026-01-19T15:04:03.433,1,064/131,Double Rare,Darkness,340,Stage 2,,[C] Grind (50x)<br> This attack does 50 damage for each Energy attached to this Pokemon.,[DCC] Tyrannical Crush (150)<br> Discard a random card from your opponent's hand.,Gx2,,3,0.19,0.91,10.0,0.75,0.78,Holofoil,
652714,Lucario (Scarlet & Violet Stamp),Lucario Scarlet and Violet Stamp,https://tcgplayer-cdn.tcgplayer.com/product/652714_200w.jpg,3,2374,https://cpt.tcgcsv.com/j6f7,2026-01-13T13:07:02.74,1,114/198,Uncommon,Fighting,130,Stage 1,,"[F] Vengeful Knuckles (30+)
<br>If any of your [F] Pokémon were Knocked Out by damage from an attack from your opponent’s Pokemon during their last turn, this attack does 120 more damage.","[2F] Accelerating Stab (120)
<br>This Pokemon can’t use Accelerating Stab during your next turn.",Px2,None,2,0.25,0.65,4321.0,0.48,0.34,Holofoil,
652715,Lucario ex (Prismatic Evolutions Stamp),Lucario ex Prismatic Evolutions Stamp,https://tcgplayer-cdn.tcgplayer.com/product/652715_200w.jpg,3,2374,https://cpt.tcgcsv.com/k6f7,2025-10-31T19:05:12.71,1,051/131,Double Rare,Fighting,260,Stage 1,,[F] Aura Uppercut (50),"[FC] Tornado Rush (100)<br> During your next turn, this Pokemon's Tornado Rush attack does 100 more damage <em>(before applying Weakness and Resistance)</em>.",Px2,,2,0.4,1.0,10.0,0.92,,Holofoil,
652747,Tyranitar (Paldea Evolved Stamp),Tyranitar Paldea Evolved Stamp,https://tcgplayer-cdn.tcgplayer.com/product/652747_200w.jpg,3,2374,https://cpt.tcgcsv.com/Z6f7,2026-01-19T15:01:03.507,1,135/193,Promo,Dark,180,Stage 2,,"[D] Rout (30+)
<br>This attack does 30 more damage for each of your opponent's Benched Pokémon.","[DD] Dread Mountain (230)
<br>Discard the top 4 cards of your deck.",Gx2,None,3,0.75,2.46,6.99,2.23,1.49,Holofoil,
653192,Snorlax & Lapras VMAX Collection,Snorlax and Lapras VMAX Collection,https://tcgplayer-cdn.tcgplayer.com/product/653192_200w.jpg,3,2374,https://cpt.tcgcsv.com/Shf7,2025-09-09T16:08:22.853,1,,,,,,"Battle to be the very best!
<br>Go head to head with two of the biggest Pokemon from Kanto! Take the battle to the next level and VMAX your Snorlax or Lapras into their ultimate forms.

<br><br>The Snorlax and Lapras VMAX Premium Collection includes:
<br>• 1 Lapras V foil card
<br>• 1 Lapras VMAX foil card
<br>• 1 Snorlax V foil card
<br>• 1 Snorlax VMAX foil card
<br>• 8 Pokemon TCG Booster packs
<br>• Exclusive 4 pocket car binder in this box
<br>• A Laparas collector pin
<br>• A Snorlax collector Pin",,,,,,599.99,599.99,599.99,,,Normal,
653199,Hydreigon ex & Dragapult ex Premium Collection,Hydreigon ex and Dragapult ex Premium Collection,https://tcgplayer-cdn.tcgplayer.com/product/653199_200w.jpg,3,2374,https://cpt.tcgcsv.com/_hf7,2025-10-10T04:10:11.523,1,,,,,,"Power Up Your Collection with Pokémon ex!
<br>With strong attacks and big HP, Pokémon ex aim to blow through the opposition in battle! In this collection, you get foil promo cards of Dragapult ex and Hydreigon ex, plus an oversize foil version of Dragapult ex for display. Then, discover even more awesome Pokémon inside a big stack of 10 booster packs!
<br><br>
 

The Pokémon TCG: Hydreigon ex & Dragapult ex Premium Collection includes:<br>

• 1 foil promo card featuring Dragapult ex<br>

• 1 foil promo card featuring Hydreigon ex<br>

• 1 oversize foil card featuring Dragapult ex<br>

• 10 Pokémon TCG booster packs<br>",,,,,,69.99,87.5,90.0,63.75,,Normal,196214129962
653203,Pokemon TCG: Trainer's Toolkit (2025),Pokemon TCG Trainers Toolkit 2025,https://tcgplayer-cdn.tcgplayer.com/product/653203_200w.jpg,3,2374,https://cpt.tcgcsv.com/5jf7,2025-10-24T04:10:12.44,1,,,,,,"Everything You Need to Build a Powerful Deck!<br>

Turn your card collection into playable, fun, and competitive Pokémon Trading Card Game decks! Inside this box, you’ll find a plethora of Trainer cards
including ACE SPEC cards, plus a strategy guide to putting them all together to create a deck that showcases your best Pokémon! You’ll find everything you
need to help you make the choices every deck builder faces: More strong Pokémon? More strategic Trainer cards? How much Energy is too much? Steer a
course for completely new decks, original combos, and all the fun of head-to-head competition with the Pokémon TCG: Trainer’s Toolkit!
<br> 
<br>
The Pokémon TCG: Trainer’s Toolkit includes:<br>
• More than 50 useful cards to power up your decks: dozens of Trainer cards,
including 5 promo cards and 3 ACE SPEC cards, plus a copy of Fezandipiti ex<br>
• 4 Pokémon TCG booster packs<br>
• 65 card sleeves<br>
• A strategy guide<br>
• 6 damage-counter dice<br>
• 1 competition-legal coin-flip die<br>
• 2 condition markers<br>
• A code card for Pokémon TCG Live<br>",,,,,,28.26,37.94,77.0,32.1,,Normal,
653216,Team Rocket Tin [Set of 3],Team Rocket Tin Set of 3,https://tcgplayer-cdn.tcgplayer.com/product/653216_200w.jpg,3,2374,https://cpt.tcgcsv.com/ljf7,2025-09-09T18:29:06.123,1,,,,,,"Aim for World Domination with Team Rocket!
Bring your ambitious plans to fruition by joining forces with some of Team Rocket’s toughest Pokémon! With this tin, choose the strategic mind of Team Rocket’s Mewtwo ex, the potent toxins of Team Rocket’s Nidoking ex, or the prideful power of Team Rocket’s Persian ex as a foil promo card, then discover more Pokémon and Trainer cards inside a handful of booster packs.<br>

<strong> Set contains Team Rocket’s Mewtwo ex, Team Rocket’s Nidoking ex, and Team Rocket’s Persian ex tins</strong>.<br>

This Pokémon TCG: Team Rocket Tin includes:.<br>
• 1 foil promo card featuring Team Rocket’s Mewtwo ex, Team Rocket’s Nidoking ex, or Team Rocket’s Persian ex.<br>
• 5 Pokémon TCG booster packs.<br>
• A code card for Pokémon TCG Live.<br>",,,,,,127.0,139.99,199.99,118.58,,Normal,
653228,Code Card - Team Rocket Tin [Team Rocket's Persian ex],Code Card Team Rocket Tin Team Rockets Persian ex,https://tcgplayer-cdn.tcgplayer.com/product/653228_200w.jpg,3,2374,https://cpt.tcgcsv.com/Bjf7,2025-09-09T18:42:44.973,1,,Code Card,,,,"This listing is <strong>not</strong> a physical item. Please keep in mind that this <strong>Code Card</strong> listing represents a digital copy of the stated item for the Pokémon TCG Online <strong>and/or</strong> the Pokémon TCG Live games. You may receive the physical <strong>Code Card</strong>. Upon purchase, please work with your specific Seller by sending them a message using the <strong>Contact Seller</strong> button on the order details in your <a href=https://store.tcgplayer.com/myaccount/orderhistory>Order History</a> to opt in to having your <strong>Code Card</strong> code delivered digitally due to the nature of the product.",,,,,,0.25,0.46,0.5,0.39,,Normal,
653229,Code Card - Team Rocket Tin [Team Rocket's Nidoking ex],Code Card Team Rocket Tin Team Rockets Nidoking ex,https://tcgplayer-cdn.tcgplayer.com/product/653229_200w.jpg,3,2374,https://cpt.tcgcsv.com/Cjf7,2025-09-09T18:43:08.013,1,,Code Card,,,,"This listing is <strong>not</strong> a physical item. Please keep in mind that this <strong>Code Card</strong> listing represents a digital copy of the stated item for the Pokémon TCG Online <strong>and/or</strong> the Pokémon TCG Live games. You may receive the physical <strong>Code Card</strong>. Upon purchase, please work with your specific Seller by sending them a message using the <strong>Contact Seller</strong> button on the order details in your <a href=https://store.tcgplayer.com/myaccount/orderhistory>Order History</a> to opt in to having your <strong>Code Card</strong> code delivered digitally due to the nature of the product.",,,,,,0.25,0.58,0.73,0.58,,Normal,
653271,Code Card - Prismatic Evolutions Lucario ex & Tyranitar ex Premium Collection,Code Card Prismatic Evolutions Lucario ex and Tyranitar ex Premium Collection,https://tcgplayer-cdn.tcgplayer.com/product/653271_200w.jpg,3,2374,https://cpt.tcgcsv.com/rkf7,2025-09-10T15:26:02.583,1,,Code Card,,,,"This listing is <strong>not</strong> a physical item. Please keep in mind that this <strong>Code Card</strong> listing represents a digital copy of the stated item for the Pokémon TCG Online <strong>and/or</strong> the Pokémon TCG Live games. You may receive the physical <strong>Code Card</strong>. Upon purchase, please work with your specific Seller by sending them a message using the <strong>Contact Seller</strong> button on the order details in your <a href=https://store.tcgplayer.com/myaccount/orderhistory>Order History</a> to opt in to having your <strong>Code Card</strong> code delivered digitally due to the nature of the product.",,,,,,0.01,0.47,1.99,0.42,,Normal,
653354,Code Card - Tsareena ex Premium Collection,Code Card Tsareena ex Premium Collection,https://tcgplayer-cdn.tcgplayer.com/product/653354_200w.jpg,3,2374,https://cpt.tcgcsv.com/6mf7,2025-09-11T13:23:40.58,1,,Code Card,,,,"This listing is <strong>not</strong> a physical item. Please keep in mind that this <strong>Code Card</strong> listing represents a digital copy of the stated item for the Pokémon TCG Online <strong>and/or</strong> the Pokémon TCG Live games. You may receive the physical <strong>Code Card</strong>. Upon purchase, please work with your specific Seller by sending them a message using the <strong>Contact Seller</strong> button on the order details in your <a href=https://store.tcgplayer.com/myaccount/orderhistory>Order History</a> to opt in to having your <strong>Code Card</strong> code delivered digitally due to the nature of the product.",,,,,,0.05,0.23,0.99,,,Normal,
653355,"Code Card - Knock Out Collection [Galarian Slowking, Galarian Obstagoon, Dragapult]",Code Card Knock Out Collection Galarian Slowking Galarian Obstagoon Dragapult,https://tcgplayer-cdn.tcgplayer.com/product/653355_200w.jpg,3,2374,https://cpt.tcgcsv.com/7mf7,2025-09-11T13:25:51.593,1,,Code Card,,,,"This listing is <strong>not</strong> a physical item. Please keep in mind that this <strong>Code Card</strong> listing represents a digital copy of the stated item for the Pokémon TCG Online <strong>and/or</strong> the Pokémon TCG Live games. You may receive the physical <strong>Code Card</strong>. Upon purchase, please work with your specific Seller by sending them a message using the <strong>Contact Seller</strong> button on the order details in your <a href=https://store.tcgplayer.com/myaccount/orderhistory>Order History</a> to opt in to having your <strong>Code Card</strong> code delivered digitally due to the nature of the product.",,,,,,0.03,0.05,0.25,0.03,,Normal,
653625,Checklane 2-Pack Blister [Pawmot] (3-tab),Checklane 2 Pack Blister Pawmot 3 tab,https://tcgplayer-cdn.tcgplayer.com/product/653625_200w.jpg,3,2374,https://cpt.tcgcsv.com/wsf7,2025-09-12T18:25:08.027,1,,,,,,"Give Your Collection a Boost!
<br>
Expand your collection with a foil Pokémon TCG card featuring Pawmot—plus a metallic coin, two Pokémon TCG booster packs, and a code card for Pokémon TCG Live!",,,,,,17.0,25.49,99.0,16.75,,Normal,0820650855856
653892,Costco Prismatic Evolutions 8-Pack Mini Tins,Costco Prismatic Evolutions 8 Pack Mini Tins,https://tcgplayer-cdn.tcgplayer.com/product/653892_200w.jpg,3,2374,https://cpt.tcgcsv.com/Szf7,2025-09-16T14:37:36.763,1,,,,,,"Pokémon Favorites in the Palm of Your Hand! Expand your collection with these Pokémon TCG: Scarlet & Violet—Prismatic Evolutions Mini Tins, perfectly sized for taking your favorite cards on the go! These fantastic tins are easy to open and feature Jolteon, Espeon, Glaceon, Sylveon, Leafeon, Umbreon, Vaporeon, and Flareon in 8 fun Pokémon illustrations—and all 8 form a single image when you line them up!
<br><br>
Product Details:<br>
• 8 Pokémon TCG: Scarlet & Violet-Prismatic Evolutions Mini Tins<br>
• Each tin includes 2 Pokémon TCG: Scarlet & Violet-Prismatic Evolutions booster packs<br>

• 1 Eevee coin in 1 of 8 colors<br>

• 8 Foil Promos",,,,,,239.65,273.69,777.0,208.18,,Normal,
653899,Salamence ex & Reshiram ex Premium Collection,Salamence ex and Reshiram ex Premium Collection,https://tcgplayer-cdn.tcgplayer.com/product/653899_200w.jpg,3,2374,https://cpt.tcgcsv.com/_zf7,2025-10-10T04:10:12.447,1,,,,,,"Join Forces with a Pair of Powerful Pokémon ex!
<br>
With strong attacks and big HP, Pokémon ex aim to blow through the opposition in battle! In this collection, you get specially stamped foil promo cards of
Salamence ex and Reshiram ex, plus an oversize foil version of Salamence ex for display. Then, discover even more awesome Pokémon inside a big stack of 10 booster packs!<br><br>

The Pokémon TCG: Salamence ex & Reshiram ex Premium Collection includes:<br>

• 1 foil promo card featuring Salamence ex
<br>
• 1 foil promo card featuring Reshiram ex
<br>
• 1 oversize foil card featuring Salamence ex
<br>
• 10 Pokémon TCG booster packs",,,,,,71.96,85.0,150.49,72.52,,Normal,0196214129955
654113,Checklane 2-Pack Blister [Archaludon] (3-tab),Checklane 2 Pack Blister Archaludon 3 tab,https://tcgplayer-cdn.tcgplayer.com/product/654113_200w.jpg,3,2374,https://cpt.tcgcsv.com/hGf7,2025-09-16T19:22:49.48,1,,,,,,"Give Your Collection a Boost!
<br>
Expand your collection with a foil Pokémon TCG card featuring Archaludon—plus a metallic coin, two Pokémon TCG booster packs, and a code card for Pokémon TCG Live!",,,,,,13.0,20.5,44.0,15.63,,Normal,0196214105058
654188,Mega Latias ex Box,Mega Latias ex Box,https://tcgplayer-cdn.tcgplayer.com/product/654188_200w.jpg,3,2374,https://cpt.tcgcsv.com/NHf7,2025-10-10T04:10:13.84,1,,,,,,"Combine Legendary Power & Speed with Mega Latias ex!<br>
Mega Evolution takes the power of the Legendary Pokémon Latias past its limit! With awesome speed, it surges through the sky with draconic might. Now you can team up with Mega Latias ex as a playable foil promo card, plus an oversize lenticular card with amazing artwork. You also get four booster packs with even more Pokémon inside!
<br><br>
The Pokémon TCG: Mega Latias ex Box includes:<br>
• 1 foil promo card featuring Mega Latias ex<br>
• 1 oversize lenticular promo card featuring Mega Latias ex<br>
• 4 Pokémon TCG booster packs<br>",,,,,,27.99,37.38,99.99,31.9,,Normal,0196214130562
654211,Mega Kangaskhan ex Box,Mega Kangaskhan ex Box,https://tcgplayer-cdn.tcgplayer.com/product/654211_200w.jpg,3,2374,https://cpt.tcgcsv.com/fJf7,2025-12-05T05:10:10.43,1,,,,,,"Unleash a Rapid-Fire Combo with Mega Kangaskhan ex!
 <br>
Mega Evolution makes Kangaskhan's child a force to be reckoned with-and both of them combine their powers as Mega Kangaskhan ex!
Draw extra cards with Run Errand, then use Rapid-Fire Combo and flip coins to seek bigger damage. Team up with Mega Kangaskhan ex as a playable foil promo card and an oversize lenticular version for display, then open four booster packs to find even more cool cards!

 <br> <br>
The Pokémon TCG: Mega Kangaskhan ex Box includes: <br>

• 1 foil promo card featuring Mega Kangaskhan ex <br>
• 1 oversize lenticular promo card featuring Mega Kangaskhan ex <br>
• 4 Pokémon TCG booster packs",,,,,,22.0,34.99,99.99,28.97,,Normal,0196214134546
654212,Mega Venusaur ex Premium Collection,Mega Venusaur ex Premium Collection,https://tcgplayer-cdn.tcgplayer.com/product/654212_200w.jpg,3,2374,https://cpt.tcgcsv.com/gJf7,2025-12-05T05:10:10.587,1,,,,,,"Solar-Powered Smackdowns with Mega Venusaur ex!<br>
Keep your Pokémon at full power with help from Mega Venusaur ex! Its Solar Transfer Ability lets you move Grass Energy among your Pokémon as you please, ensuring you’re always ready to attack. In this collection, you get a playable foil promo card and an oversize lenticular promo card featuring Mega Venusaur ex, along with a tech sticker for decorating devices, binders, and notebooks. You’ll find even more Pokémon inside a stack of Pokémon TCG booster packs.
<br><br>
The Pokémon TCG: Mega Venusaur ex Premium Collection includes:<br>
• 1 foil promo card featuring Mega Venusaur ex<br>
• 1 oversize lenticular promo card featuring Mega Venusaur ex<br>
• 1 tech sticker featuring Mega Venusaur<br>
• 8 Pokémon TCG booster packs<br>",,,,,,45.95,57.54,129.99,52.88,,Normal,0196214134522
654213,Mega Charizard X ex Ultra Premium Collection,Mega Charizard X ex Ultra Premium Collection,https://tcgplayer-cdn.tcgplayer.com/product/654213_200w.jpg,3,2374,https://cpt.tcgcsv.com/hJf7,2025-11-18T12:32:07.257,2,,,,,,"Ignite a Raging Inferno with Mega Charizard X ex!<br>
The immense power of Mega Evolution has brought forth the flickering blue flames of Mega Charizard X ex! This ferocious Mega Evolution Pokémon ex burns up Fire Energy to fuel its Inferno X attack, doing more damage for each card you discard. You’ll find Mega Charizard X ex here as a foil promo card, along with another foil promo card featuring Oricorio ex to help get more Fire Energy into play. Even more Pokémon await inside a stack of booster packs, and gameplay accessories like a playmat, deck box, and card sleeves let you show off amazing art of Mega Charizard X in action.<br><br>

The Pokémon TCG: Mega Charizard X ex Ultra-Premium Collection includes:<br>
• 1 foil promo card featuring Mega Charizard X ex<br>
• 1 foil promo card featuring Oricorio ex<br>
• 65 card sleeves featuring Mega Charizard X<br>
• 1 playmat featuring Mega Charizard X<br>
• 1 deck box featuring Mega Charizard X<br>
• 1 metal coin featuring Mega Charizard X<br>
• 6 damage-counter dice<br>
• 18 Pokémon TCG booster packs<br>
• A code card for Pokémon TCG Live",,,,,,175.0,219.99,111111.0,189.99,,Normal,0196214130685
654567,League Battle Deck [Team Rocket's Mewtwo ex],League Battle Deck Team Rockets Mewtwo ex,https://tcgplayer-cdn.tcgplayer.com/product/654567_200w.jpg,3,2374,https://cpt.tcgcsv.com/mRf7,2025-11-07T05:10:30.937,1,,,,,,"Team Rocket's Mewtwo ex Commands an Army of Powerful Pokémon!

 <br> <br>

In this box, you'll find: <br>

• 1 ready-to-play 60-card deck. <br>

• 6 damage-counter dice. <br>

• 1 coin-flip die.
 <br>
• 2 coin condition markers.
 <br>
• 1 deck box.
 <br>
• 1 strategy sheet.
 <br>
• 1 code card to play this deck online.",,,,,,9.8,19.99,50.0,13.98,,Normal,196214118898
654590,Poke Ball Tin Display (Q4 2025),Poke Ball Tin Display Q4 2025,https://tcgplayer-cdn.tcgplayer.com/product/654590_200w.jpg,3,2374,https://cpt.tcgcsv.com/QRf7,2025-12-09T14:20:42.877,1,,,,,,"Each Poké Ball Tin Display for the Winter 2025 contains 6 Poké Ball Tins:
<br>• 2 Poké Ball, 1 Great Ball, 1 Premier Ball, 1 Ultra Ball & the new Repeat.
<br>• Each individual tin contains 3 Pokémon TCG Booster Packs and 1 Pokémon coin.
<br><em>(Poké Ball Tins and Pokémon TCG booster packs may vary by product.)</em>",,,,,,108.0,129.99,195.85,104.59,,Normal,0196214130456
654593,Fall 2025 Collector Chest,Fall 2025 Collector Chest,https://tcgplayer-cdn.tcgplayer.com/product/654593_200w.jpg,3,2374,https://cpt.tcgcsv.com/TRf7,2025-12-09T13:15:40.573,1,,,,,,"A Treasure Chest Packed with Pokémon!
<br>
This sturdy metal case contains more than a dozen special Pokémon goodies, including some not found anywhere else.<br><br>

The Pokémon Trading Card Game: Collector Chest includes:<br>
• 6 Pokémon TCG booster packs<br>
• 3 foil cards featuring Ralts, Kirlia, and Riolu<br>
• 1 Pokémon coin featuring Mega Lucario<br>
• 4 colorful sticker sheetsv
• A mini portfolio to store your favorite cards<br>",,,,,,34.98,45.0,94.34,37.24,,Normal,0196214134539
654638,Umbreon - 059 (Cosmos Holo),Umbreon 059 Cosmos Holo,https://tcgplayer-cdn.tcgplayer.com/product/654638_200w.jpg,3,2374,https://cpt.tcgcsv.com/NSf7,2025-12-29T13:40:31.85,1,059/131,Rare,Darkness,110,Stage 1,,"[D] Feint Attack<br> This attack does 50 damage to 1 of your opponent's Pokemon. This attack's damage isn't affected by Weakness or Resistance, or by any effects on that Pokemon.","[DCC] Pitch-Black Blade (140)<br> During your next turn, this Pokemon can't attack.",Gx2,,1,6.76,11.7,49.99,9.02,,Holofoil,
654639,Espeon - 033/131 (Cosmos Holo),Espeon 033 131 Cosmos Holo,https://tcgplayer-cdn.tcgplayer.com/product/654639_200w.jpg,3,2374,https://cpt.tcgcsv.com/PSf7,2025-09-19T15:14:03.657,1,033/131,Rare,Psychic,110,Stage 1,,[P] Psychic Assault (30+)<br> This attack does 10 more damage for each damage counter on your opponent's Active Pokemon.,"[PC] Psy Bolt (60)<br> Flip a coin. If heads, your opponent's Active Pokemon is now Paralyzed.",Dx2,F-30,1,0.64,2.0,8.0,2.0,,Holofoil,
654644,Glaceon - 025/131 (Cosmos Holo),Glaceon 025 131 Cosmos Holo,https://tcgplayer-cdn.tcgplayer.com/product/654644_200w.jpg,3,2374,https://cpt.tcgcsv.com/VSf7,2025-09-19T15:14:11.427,1,025/131,Rare,Water,120,Stage 1,,"[W] Permeating Chill (30)<br> At the end of your opponent's next turn, put 9 damage counters on the Defending Pokemon.",[WC] Icicle Missile (70),Mx2,,1,0.89,1.5,4.99,1.21,,Holofoil,
654646,Jolteon - 029/131 (Cosmos Holo),Jolteon 029 131 Cosmos Holo,https://tcgplayer-cdn.tcgplayer.com/product/654646_200w.jpg,3,2374,https://cpt.tcgcsv.com/XSf7,2025-09-19T15:14:22.247,0,029/131,Rare,Lightning,110,Stage 1,,[L] Linear Attack<br> This attack does 30 damage to 1 of your opponent's Pokemon. <em>(Don't apply Weakness and Resistance for Benched Pokemon.)</em>,"[LCC] Fighting Lightning (90+)<br> If your opponent's Active Pokemon is a Pokemon ex or Pokemon V, this attack does 90 more damage.",Fx2,,0,0.5,1.0,4.99,0.76,,Holofoil,
654647,Sylveon - 040/131 (Cosmos Holo),Sylveon 040 131 Cosmos Holo,https://tcgplayer-cdn.tcgplayer.com/product/654647_200w.jpg,3,2374,https://cpt.tcgcsv.com/ZSf7,2025-12-10T12:36:14.983,1,040/131,Rare,Psychic,120,Stage 1,<strong>Ability: Safeguard</strong> Prevent all damage done to this Pokemon by attacks from your opponent's Pokemon ex.,[PCC] Magical Shot (100),,Mx2,,1,1.5,2.55,8.0,2.34,,Holofoil,
654703,Bulbasaur - 133/132 (Mega Evolution Stamped),Bulbasaur 133 132 Mega Evolution Stamped,https://tcgplayer-cdn.tcgplayer.com/product/654703_200w.jpg,3,2374,https://cpt.tcgcsv.com/5Vf7,2026-01-29T18:07:18.07,1,133/132,Illustration Rare,Grass,80,Basic,,"[G] Bind Down (10)<br> During your opponent's next turn, the Defending Pokemon can't retreat.",,Rx2,,2,14.6,30.0,4321.0,23.47,23.74,Holofoil,
654704,Leafeon - 005/131 (Cosmos Holo),Leafeon 005 131 Cosmos Holo,https://tcgplayer-cdn.tcgplayer.com/product/654704_200w.jpg,3,2374,https://cpt.tcgcsv.com/6Vf7,2025-09-19T15:14:39.837,1,005/131,Rare,Grass,120,Stage 1,,"[C] Leaflet Blessings<br> Attach a Basic Grass Energy card from your hand to 1 of your Benched Pokemon. If you do, heal all damage from that Pokemon.",[GC] Solar Beam (70),Rx2,,1,0.75,1.83,4.99,1.19,,Holofoil,
654775,Flareon - 013/131 (Cosmos Holo),Flareon 013 131 Cosmos Holo,https://tcgplayer-cdn.tcgplayer.com/product/654775_200w.jpg,3,2374,https://cpt.tcgcsv.com/wWf7,2025-09-19T15:15:50.623,0,013/131,Rare,Fire,130,Stage 1,,"[R] Destructive Flame (30)<br> Flip a coin. If heads, discard an Energy from your opponent's Active Pokemon.","[RCC] Fighting Blaze (90+)<br> If your opponent's Active Pokemon is a Pokemon ex or Pokemon V, this attack does 90 more damage.",Wx2,,3,0.5,1.06,4.99,0.87,,Holofoil,
654776,Vaporeon - 022/131 (Cosmos Holo),Vaporeon 022 131 Cosmos Holo,https://tcgplayer-cdn.tcgplayer.com/product/654776_200w.jpg,3,2374,https://cpt.tcgcsv.com/xWf7,2026-02-25T03:23:00.7,0,022/131,Rare,Water,130,Stage 1,,[W] Spiral Drain (30)<br> Heal 30 damage from this Pokemon.,"[WCC] Fighting Whirlpool (90+)<br> If your opponent's Active Pokemon is a Pokemon ex or Pokemon V, this attack does 90 more damage.",Lx2,,2,0.05,0.99,10.0,0.65,0.8,Holofoil,
655096,Code Card - Prismatic Evolutions Premium Figure Collection,Code Card Prismatic Evolutions Premium Figure Collection,https://tcgplayer-cdn.tcgplayer.com/product/655096_200w.jpg,3,2374,https://cpt.tcgcsv.com/X2g7,2025-09-22T16:01:00.81,1,,Code Card,,,,"This listing is <strong>not</strong> a physical item. Please keep in mind that this <strong>Code Card</strong> listing represents a digital copy of the stated item for the Pokémon TCG Online <strong>and/or</strong> the Pokémon TCG Live games. You may receive the physical <strong>Code Card</strong>. Upon purchase, please work with your specific Seller by sending them a message using the <strong>Contact Seller</strong> button on the order details in your <a href=https://store.tcgplayer.com/myaccount/orderhistory>Order History</a> to opt in to having your <strong>Code Card</strong> code delivered digitally due to the nature of the product.",,,,,,0.19,0.55,1.5,0.58,,Normal,
655739,Lugia ex & Latias ex Premium Collection,Lugia ex and Latias ex Premium Collection,https://tcgplayer-cdn.tcgplayer.com/product/655739_200w.jpg,3,2374,https://cpt.tcgcsv.com/Pjg7,2025-10-17T04:10:12.607,1,,,,,,"Pokémon presents the Lugia ex & Latias ex Premium Collection!
<br>
This box contains 1 foil promo card featuring Lugia ex, 1 foil promo card featuring Latias ex, 1 oversized foil card featuring Lugia ex and 10 Pokémon TCG booster packs. Collect them all and play today!

 <br><br>

The Pokémon TCG: Lugia ex & Latias ex Premium Collection includes:<br>

• 1 foil promo card featuring Lugia ex<br>
• 1 foil promo card featuring Latias ex<br>
• 1 oversize foil card featuring Lugia ex<br>
• 10 Pokémon TCG booster packs<br>",,,,,,71.0,92.5,149.99,80.04,,Normal,
655747,Mimikyu ex & Alcremie ex Premium Collection,Mimikyu ex and Alcremie ex Premium Collection,https://tcgplayer-cdn.tcgplayer.com/product/655747_200w.jpg,3,2374,https://cpt.tcgcsv.com/Zjg7,2025-11-03T12:28:17.743,1,,,,,,"Pokémon presents the Mimikyu ex & Alcremie ex Premium Collection!
<br>
This box contains 1 foil promo card featuring Mimikyu ex, 1 foil card featuring Alcremie ex, 1 oversize foil card featuring Mimikyu ex and 10 Pokémon TCG booster packs. Collect them all and play today!

 <br><br>

The Pokémon TCG: Mimikyu ex & Alcremie ex Premium Collection includes:<br>

• 1 foil promo card featuring Mimikyu ex<br>
• 1 foil promo card featuring Alcremie ex<br>
• 1 oversize foil card featuring Mimikyu ex<br>
• 10 Pokémon TCG booster packs",,,,,,68.94,76.23,124.99,72.1,,Normal,
655977,Xerneas (Mega Evolution Stamped),Xerneas Mega Evolution Stamped,https://tcgplayer-cdn.tcgplayer.com/product/655977_200w.jpg,3,2374,https://cpt.tcgcsv.com/zpg7,2025-09-26T13:38:30.537,0,064/132,Rare,Psychic,120,Basic,,"[P] Geo Gate<br> Search your deck for up to 3 Basic Psychic Pokemon and put them onto your Bench. Then, shuffle your deck.","[PPC] Bright Horns (120)<br> During your next turn, this Pokemon can't use Bright Horns.",Mx2,,1,5.0,7.49,20.0,7.05,,Holofoil,
655978,Yveltal (Game Stop),Yveltal Game Stop,https://tcgplayer-cdn.tcgplayer.com/product/655978_200w.jpg,3,2374,https://cpt.tcgcsv.com/Bpg7,2025-09-26T13:43:05.66,0,088/132,Rare,Darkness,110,Basic,,"[D] Clutch (20)<br> During your opponent's next turn, the Defending Pokemon can't retreat.",[DDC] Dark Feather (110),Lx2,F-30,,8.99,10.38,25.0,9.34,,Holofoil,
656275,Code Card - Legendary Warriors Premium Collection,Code Card Legendary Warriors Premium Collection,https://tcgplayer-cdn.tcgplayer.com/product/656275_200w.jpg,3,2374,https://cpt.tcgcsv.com/wwg7,2025-09-29T13:52:43.647,1,,Code Card,,,,"This listing is <strong>not</strong> a physical item. Please keep in mind that this <strong>Code Card</strong> listing represents a digital copy of the stated item for the Pokémon TCG Online <strong>and/or</strong> the Pokémon TCG Live games. You may receive the physical <strong>Code Card</strong>. Upon purchase, please work with your specific Seller by sending them a message using the <strong>Contact Seller</strong> button on the order details in your <a href=https://store.tcgplayer.com/myaccount/orderhistory>Order History</a> to opt in to having your <strong>Code Card</strong> code delivered digitally due to the nature of the product.",,,,,,0.05,0.08,0.25,0.08,,Normal,
656276,Dratini - 35/70 (Toys R Us Promo),Dratini 35 70 Toys R Us Promo,https://tcgplayer-cdn.tcgplayer.com/product/656276_200w.jpg,3,2374,https://cpt.tcgcsv.com/xwg7,2025-09-30T20:32:28.373,1,35/70,Common,Dragon,70,Basic,,[1W] Tail Whap (30),,Yx2,None,2,450.0,475.0,500.0,,,Reverse Holofoil,
656487,Mega Lucario ex Premium Figure Collection,Mega Lucario ex Premium Figure Collection,https://tcgplayer-cdn.tcgplayer.com/product/656487_200w.jpg,3,2374,https://cpt.tcgcsv.com/MCg7,2025-11-07T05:10:31.28,1,,,,,,"Harness the Power of Aura with Mega Lucario ex!
<br>
Showing no mercy, Mega Lucario ex pummels opponents while sharing discarded Energy with your Benched Pokémon! Bring this massive power to your own collection as a playable foil promo card paired with an oversize promo card and a detailed figure showing off Mega Lucario in action. You'll find even more awesome Pokémon inside the stack of included booster packs.
The Pokémon TCG: Mega Lucario ex Figure Collection includes:
<br>
• 1 etched foil promo card featuring Mega Lucario ex<br>
• 1 oversize promo card featuring Mega Lucario ex<br>
• 1 figure featuring Mega Lucario<br>
• 5 Pokémon TCG booster packs<br>
• A code card for Pokémon TCG Live<br>",,,,,,34.99,50.0,189.99,44.24,,Normal,0196214134553
656488,Mega Lucario ex Premium Figure Collection Case,Mega Lucario ex Premium Figure Collection Case,https://tcgplayer-cdn.tcgplayer.com/product/656488_200w.jpg,3,2374,https://cpt.tcgcsv.com/NCg7,2025-11-07T05:10:31.28,1,,,,,,"Harness the Power of Aura with Mega Lucario ex!
<br>
Showing no mercy, Mega Lucario ex pummels opponents while sharing discarded Energy with your Benched Pokémon! Bring this massive power to your own collection as a playable foil promo card paired with an oversize promo card and a detailed figure showing off Mega Lucario in action. You'll find even more awesome Pokémon inside the stack of included booster packs.

<strong> Case Contains 6 boxes</strong> <br>
The Pokémon TCG: Mega Lucario ex Figure Collection includes:
<br>
• 1 etched foil promo card featuring Mega Lucario ex<br>
• 1 oversize promo card featuring Mega Lucario ex<br>
• 1 figure featuring Mega Lucario<br>
• 5 Pokémon TCG booster packs<br>
• A code card for Pokémon TCG Live<br>",,,,,,347.99,364.99,450.0,219.11,,Normal,10196214134550
656950,Greninja EX & Kingdra EX Special Collection Box,Greninja EX and Kingdra EX Special Collection Box,https://tcgplayer-cdn.tcgplayer.com/product/656950_200w.jpg,3,2374,https://cpt.tcgcsv.com/0Pg7,2025-10-03T15:15:00.163,1,,,,,,"Join Forces with a Pair of Powerful Pokémon ex!
<br><br>
With strong attacks and big HP, Pokémon ex aim to blow through the opposition in battle! In this collection, you get specially stamped foil promo cards of Greninja ex and Kingdra ex, plus an oversize foil version of Greninja ex for display. Then, discover even more awesome Pokémon inside a stack of eight booster packs!
<br><br>

The Pokémon TCG: Greninja ex & Kingdra ex Special Collection includes:

<br>• 1 foil promo card featuring Greninja ex
<br>• 1 foil promo card featuring Kingdra ex
<br>• 1 oversize foil card featuring Greninja ex
<br>• 8 Pokémon TCG booster packs
<br>• A code card for Pokémon TCG Live",,,,,,49.99,62.0,89.99,48.68,,Normal,0196214109018
656955,Archaludon ex Box,Archaludon ex Box,https://tcgplayer-cdn.tcgplayer.com/product/656955_200w.jpg,3,2374,https://cpt.tcgcsv.com/7Pg7,2025-12-09T15:38:31.297,1,,,,,,"Power Up Your Collection with Archaludon ex!
<br>
Whether you're pushing toward that final Prize card in a clean sweep or about to make an astonishing comeback, Pokémon ex can help you battle at your best! Add that power to your own collection with this box that includes playable foil cards featuring Archaludon ex and Duraludon, plus an oversize version of Archaludon ex for display. Then, discover even more Pokémon inside four booster packs just waiting to be opened.
<br>
<br>
The Pokémon TCG: Archaludon ex Box includes:
<br>
<br>• 1 foil promo card featuring Archaludon ex
<br>• 1 foil promo card featuring Duraludon
<br>• 1 oversize foil card featuring Archaludon ex
<br>• 4 Pokémon TCG booster packs
<br>• A code card for Pokémon TCG Live",,,,,,25.0,33.99,64.0,26.78,,Normal,
656995,"2-Pack Blister Pack [Team Rocket's Articuno, Zapdos & Tyranitar]",2 Pack Blister Pack Team Rockets Articuno Zapdos and Tyranitar,https://tcgplayer-cdn.tcgplayer.com/product/656995_200w.jpg,3,2374,https://cpt.tcgcsv.com/WPg7,2025-10-06T16:12:43.86,1,,,,,,"Give Your Collection a Boost!
<br>
Expand your collection with three foil Pokémon TCG cards featuring Team Rocket's Articuno, Team Rocket's Zapdos, and Team Rocket's Tyranitar, plus a metallic coin and two Pokémon TCG booster packs!",,,,,,16.5,21.0,99.99,18.32,,Normal,
656997,Team Rocket’s Moltres ex Ultra-Premium Collection,Team Rockets Moltres ex Ultra Premium Collection,https://tcgplayer-cdn.tcgplayer.com/product/656997_200w.jpg,3,2374,https://cpt.tcgcsv.com/ZPg7,2026-01-26T18:28:56.713,1,,,,,,"The Sinister Flames of Team Rocket's Moltres ex!
<br>
Not even Legendary Pokémon can escape Team Rocket's shadowy influence! Team Rocket's Moltres ex summons walls of fire to defend itself and decimate your opponent's plans, and it appears here as double rare, ultra rare, and special illustration rare cards with awesome artwork. You also get a playmat, deck box, and other gameplay accessories, plus 18 booster packs with even more Pokémon inside.
<br><br>
The Pokémon TCG: Team Rocket's Moltres ex Ultra-Premium Collection includes:<br>

• 3 foil cards featuring Team Rocket's Moltres ex, each with different art<br>
• 6 damage-counter dice<br>
• 1 competition-legal coin-flip die<br>
• 1 playmat<br>
• 2 condition markers<br>
• 1 deck box<br>
• 18 Pokémon TCG booster packs<br>
• 1 metallic coin<br>
• A code card for Pokémon TCG Live",,,,,,269.99,300.0,999.99,270.05,,Normal,
657111,Lillie Premium Tournament Collection Box Case,Lillie Premium Tournament Collection Box Case,https://tcgplayer-cdn.tcgplayer.com/product/657111_200w.jpg,3,2374,https://cpt.tcgcsv.com/fSg7,2025-10-07T17:37:14.55,0,,,,,,"Find the Power of Friendship with Lillie!
<br>A kind and courageous Pokémon Trainer, Lillie finds strength in the bonds she shares with her Pokémon. Here as a foil promo card, Lillie’s Clefairy ex puts pressure on Dragon-type Pokémon, and it becomes more powerful with friends on the Bench! You’ll also find three copies of Lillie’s Pearl—a Pokémon Tool card that helps Lillie’s Pokémon—along with booster packs, a fun sticker, illustrated card sleeves and deck box, plus other accessories for playing the Pokémon TCG.

<br>A Case contains 4 Collections
<br>The Pokémon TCG: Lillie Premium Tournament Collection includes:
<br>• 1 full-art foil promo card featuring Lillie’s Clefairy ex
<br>• 3 foil Pokémon Tool cards featuring Lillie’s Pearl
<br>• 65 card sleeves featuring Lillie
<br>• A sturdy deck box featuring Lillie
<br>• A large metallic coin featuring Lillie
<br>• A photo sticker featuring Lillie
<br>• 2 coin condition markers
<br>• 6 tournament-ready damage dice
<br>• 6 Pokémon TCG booster packs
<br>• A code card for Pokémon TCG Live",,,,,,300.0,300.0,300.0,,,Normal,0196214109018
657212,Tyranitar - 095/159 (Cosmos Foil),Tyranitar 095 159 Cosmos Foil,https://tcgplayer-cdn.tcgplayer.com/product/657212_200w.jpg,3,2374,https://cpt.tcgcsv.com/gVg7,2025-10-10T13:54:17.583,0,095/159,Promo,Darkness,190,Stage 2,"<strong>Ability — Daunting Gaze</strong>
<br>
<br>As long as this Pokémon is in the Active Spot, your opponent can't play any Item cards from their hand.",[1D] Cracking Stomp (150),,Gx2,,3,,,,,,,
657213,Meowscarada - 018/159 (Cosmos Foil),Meowscarada 018 159 Cosmos Foil,https://tcgplayer-cdn.tcgplayer.com/product/657213_200w.jpg,3,2374,https://cpt.tcgcsv.com/hVg7,2025-10-10T13:54:04.633,0,018/159,Promo,Grass,160,Stage 2,"<strong>Ability — Showtime</strong>
<br>
<br>Once during your turn, if this Pokémon is on your Bench, you may switch it with your Active Pokémon.","[2] Rising Bloom (90+)
<br>If your opponent’s Active Pokémon is a Pokémon ex, this attack does 90 more damage.",,Rx2,,1,5.54,12.69,35.28,5.54,,Holofoil,
657214,Wailord - 041/159 (Cosmos Foil),Wailord 041 159 Cosmos Foil,https://tcgplayer-cdn.tcgplayer.com/product/657214_200w.jpg,3,2374,https://cpt.tcgcsv.com/jVg7,2025-10-10T13:53:13.88,0,041/159,Promo,Water,240,Stage 1,,"[4] Hydro Pump (10+)
<br>This attack does 50 more damage for each Water Energy attached to this Pokémon.",,Lx2,,4,0.7,1.0,2.99,0.98,,Normal,
657216,Lycanroc - 085/159 (Cosmos Foil),Lycanroc 085 159 Cosmos Foil,https://tcgplayer-cdn.tcgplayer.com/product/657216_200w.jpg,3,2374,https://cpt.tcgcsv.com/lVg7,2025-10-10T13:53:04.417,0,085/159,Promo,Fighting,120,Stage 1,"<strong>Ability — Spike-Clad</strong>
<br>
<br>When you play this Pokémon from your hand to evolve 1 of your Pokémon during your turn, you may attach up to 2 Spiky Energy cards from your discard pile to this Pokémon.","[3] Clamping Fangs (40+)
<br>This attack does 40 more damage for each damage counter on your opponent's Active Pokemon.",,Gx2,,2,0.3,0.72,4.99,0.65,,Holofoil,
657882,Lugia ex (Prismatic Evolutions Stamped),Lugia ex Prismatic Evolutions Stamped,https://tcgplayer-cdn.tcgplayer.com/product/657882_200w.jpg,3,2374,https://cpt.tcgcsv.com/G9h7,2025-11-11T13:47:06.923,1,082/131,Double Rare,Colorless,220,Basic,,"[CCC] Hyper Whirlpool (140)<br> Flip a coin until you get tails. For each heads, discard an Energy from your opponent's Active Pokemon.",,Lx2,F-30,2,4.0,5.23,15.0,5.16,,Holofoil,
657884,Latias ex Special Collection,Latias ex Special Collection,https://tcgplayer-cdn.tcgplayer.com/product/657884_200w.jpg,3,2374,https://cpt.tcgcsv.com/J9h7,2025-10-14T16:47:00.297,1,,,,,,"Face Down Opponents with the Power of Latias ex!
<br>
Whether you're pushing toward that final Prize card in a clean sweep or about to make an astonishing comeback, Pokémon ex can help you battle at your best! That awesome power can be yours with this special collection that includes Latias ex as a playable foil card and an oversize version for display. Then, discover even more Pokémon inside six booster packs just waiting to be opened.
<br><br>
 

The Pokémon TCG: Latias ex Special Collection includes:<br>

• 1 foil promo card featuring Latias ex<br>

• 1 oversize foil card featuring Latias ex<br>

• 6 Pokémon TCG booster packs<br>

• A code card for Pokémon TCG Live<br>",,,,,,,,,,,,0196214129740
658354,Yveltal (EB Games),Yveltal EB Games,https://tcgplayer-cdn.tcgplayer.com/product/658354_200w.jpg,3,2374,https://cpt.tcgcsv.com/6mh7,2025-12-24T16:31:06.96,1,088/132,Rare,Darkness,110,Basic,,"[D] Clutch (20)<br> During your opponent's next turn, the Defending Pokemon can't retreat.",[DDC] Dark Feather (110),Lx2,F-30,,39.6,107.49,125.82,37.99,,Holofoil,
658500,Team Rocket's Articuno - 051-182 (Cosmos Holo),Team Rockets Articuno 051 182 Cosmos Holo,https://tcgplayer-cdn.tcgplayer.com/product/658500_200w.jpg,3,2374,https://cpt.tcgcsv.com/0qh7,2025-10-17T13:04:27.007,0,051/182,Promo,Water,120,Basic,<strong>Ability: Repelling Veil</strong> Prevent all effects of attacks used by your opponent's Pokémon done to your Basic Team Rocket's Pokémon in play. <em>(Existing effects are not removed. Damage is not an effect.)</em>,"[WCC] Dark Frost (60+)<br> If this Pokémon has any 182 attached, this attack does 60 more damage.",,Lx2,F-30,1,0.51,1.3,5.0,1.29,,Holofoil,
658501,Team Rocket's Zapdos - 070/182 (Cosmos Holo),Team Rockets Zapdos 070 182 Cosmos Holo,https://tcgplayer-cdn.tcgplayer.com/product/658501_200w.jpg,3,2374,https://cpt.tcgcsv.com/2qh7,2025-10-17T13:05:26.773,0,070/182,Promo,Lightning,120,Basic,,[CC] Jamming Wing (30)<br> You may move an Energy from your opponent's Active Pokémon to 1 of their Benched Pokémon.,"[LCC] Wicked Thunder (60+)<br> If this Pokémon has any 182 attached, this attack does 60 more damage.",Lx2,F-30,1,0.51,1.23,5.0,1.13,,Holofoil,
659192,Mega Battle Deck (Mega Gengar ex),Mega Battle Deck Mega Gengar ex,https://tcgplayer-cdn.tcgplayer.com/product/659192_200w.jpg,3,2374,https://cpt.tcgcsv.com/SHh7,2025-10-24T04:10:12.913,1,,,,,,"Slip into the shadows with Mega Gengar ex!<br>
<br>
Product details:
• 1 ready-to-play 60-card deck
<br>
• 1 set of damage counters
<br>
• 1 large metallic coin
<br>
• 1 deck box
<br>
• 1 double-sided playmat and strategy sheet
<br>
• 1 code card to play this deck online",,,,,,44.99,59.99,99.99,44.61,,Normal,0196214119253
659193,Mega Battle Deck (Mega Diancie ex),Mega Battle Deck Mega Diancie ex,https://tcgplayer-cdn.tcgplayer.com/product/659193_200w.jpg,3,2374,https://cpt.tcgcsv.com/THh7,2025-10-24T04:10:12.913,1,,,,,,"Strong like diamonds with Mega Diancie ex!<br>
<br>
Product details:
• 1 ready-to-play 60-card deck
<br>
• 1 set of damage counters
<br>
• 1 large metallic coin
<br>
• 1 deck box
<br>
• 1 double-sided playmat and strategy sheet
<br>
• 1 code card to play this deck online",,,,,,12.0,17.03,99.99,15.12,,Normal,0196214119253
659592,Yveltal (Mega Evolution Stamped),Yveltal Mega Evolution Stamped,https://tcgplayer-cdn.tcgplayer.com/product/659592_200w.jpg,3,2374,https://cpt.tcgcsv.com/SRh7,2025-10-21T20:51:48.177,0,088/132,Rare,Darkness,110,Basic,,"[D] Clutch (20)<br> During your opponent's next turn, the Defending Pokemon can't retreat.",[DDC] Dark Feather (110),Lx2,F-30,,,,,,,,
659941,Team Rocket's Tyranitar - 096/182 (Cosmos Holo),Team Rockets Tyranitar 096 182 Cosmos Holo,https://tcgplayer-cdn.tcgplayer.com/product/659941_200w.jpg,3,2374,https://cpt.tcgcsv.com/R-h7,2025-10-23T12:50:16.437,0,096/182,Promo,Fighting,180,Stage 2,"<strong>Ability: Sand Stream</strong> During Pokémon Checkup, if this Pokémon is in the Active Spot, put 2 damage counters on each of your opponent's Basic Pokémon.",[FCCC] Demolition Tackle (180)<br> Discard an Energy from your opponent's Active Pokémon.,,Gx2,,3,0.77,1.25,5.99,1.12,,Holofoil,
659947,Virizion V Showcase,Virizion V Showcase,https://tcgplayer-cdn.tcgplayer.com/product/659947_200w.jpg,3,2374,https://cpt.tcgcsv.com/Z-h7,2025-11-03T20:28:35.743,1,,,,,,"This product includes:
<br>• 3 Pokémon TCG booster packs
<br>• 1 Virizion V Promo card
<br>• A code card for Pokémon TCG Live",,,,,,35.99,35.99,39.99,,,Normal,
660074,Mimikyu ex (Journey Together Stamped),Mimikyu ex Journey Together Stamped,https://tcgplayer-cdn.tcgplayer.com/product/660074_200w.jpg,3,2374,https://cpt.tcgcsv.com/v2j7,2025-10-24T15:31:46.873,1,069/159,Double Rare,Psychic,190,Basic,,"[1P] Mischievous Hands
<br>Choose 2 of your opponent’s Pokémon and put 3 damage counters on each of them.","[1PP] Ghostly Trip (120)
<br>Your opponent’s Active Pokémon is now Confused.",Dx2,F-30,1,2.0,2.99,14.79,2.34,,Holofoil,
660079,Alcremie ex (Journey Together Stamped),Alcremie ex Journey Together Stamped,https://tcgplayer-cdn.tcgplayer.com/product/660079_200w.jpg,3,2374,https://cpt.tcgcsv.com/C2j7,2025-10-24T15:43:43.403,1,075/159,Double Rare,Psychic,250,Stage 1,"<strong>Ability — Confectionary Gift</strong>
<br>
<br>Once during your turn, you may heal 30 damage from 1 of your Pokémon.",[2P] Whipped Shot (160),,Mx2,,2,0.93,1.3,8.72,1.13,,Holofoil,
660334,Flapple - 022/192 (EB Games Exclusive APAC),Flapple 022 192 EB Games Exclusive APAC,https://tcgplayer-cdn.tcgplayer.com/product/660334_200w.jpg,3,2374,https://cpt.tcgcsv.com/J8j7,2025-10-27T15:53:32.187,1,022/192,Promo,Grass,80,Stage 1,"<strong>Ability — Apple Drop</strong>
<br>Once during your turn, you may put 2 damage counters on 1 of your opponent's Pokémon. If you placed any damage counters in this way, shuffle this Pokémon and all attached cards into your deck.","[2] Acid Spray (60)
<br>Flip a coin. If heads, discard an Energy from your opponent's Active Pokémon.",,Rx2,,1,69.98,69.99,110.81,,,Holofoil,
660436,Reshiram ex (Journey Together Stamped),Reshiram ex Journey Together Stamped,https://tcgplayer-cdn.tcgplayer.com/product/660436_200w.jpg,3,2374,https://cpt.tcgcsv.com/Lbj7,2025-10-28T15:36:58.683,1,030/159,Double Rare,Fire,220,Basic,,[R] Fire Wing (40),"[1RR] Scorching Fire (200)
<br>Discard an Energy from this Pokémon.",Wx2,,2,0.44,0.88,79.0,0.64,,Holofoil,
660439,Salamence ex - 114/159 (Journey Together Stamped),Salamence ex 114 159 Journey Together Stamped,https://tcgplayer-cdn.tcgplayer.com/product/660439_200w.jpg,3,2374,https://cpt.tcgcsv.com/Pbj7,2025-10-28T15:38:26.667,1,114/159,Double Rare,Dragon,320,Stage 2,,"[2R] Wide Blast
<br> This attack does 50 damage to each of your opponent’s Benched Pokémon. <em>(Don’t apply Weakness and Resistance for Benched Pokémon.)
</em>","[2RW] Dragon Impact (300)
<br>Discard 2 Energy from this Pokémon.",,,2,0.45,0.94,5.0,0.73,,Holofoil,
661700,Spiritomb - 087/132 (Pokeween 2025),Spiritomb 087 132 Pokeween 2025,https://tcgplayer-cdn.tcgplayer.com/product/661700_200w.jpg,3,2374,https://cpt.tcgcsv.com/0Jj7,2025-10-31T13:21:26.653,1,087/132,Promo,Darkness,80,Basic,"<strong>Ability: Spiteful Swirl</strong> If your Active Darkness Pokmon is damaged by an attack from your opponent's Pokmon <em>(even if your Active Darkness Pokmon is Knocked Out)</em>, place 1 damage counter on the Attacking Pokmon.",[D] Mountain Breaker (10)<br> Discard the top card of your opponent's deck.,,Gx2,,1,1.75,6.81,29.5,5.41,,Reverse Holofoil,
661998,Mega Battle Deck Display (Mega Gengar ex/Mega Diancie ex),Mega Battle Deck Display Mega Gengar ex Mega Diancie ex,https://tcgplayer-cdn.tcgplayer.com/product/661998_200w.jpg,3,2374,https://cpt.tcgcsv.com/-Pj7,2025-11-03T21:05:23.91,0,,,,,,"It’s Time for a Mega Battle!<br>
Two new Pokémon TCG: Mega Battle Decks are ready to rumble! Team up with Mega Gengar ex and battle from the shadows, or call upon Mega Diancie ex and dazzle opponents with your skill. Each deck includes a powerful Pokémon ex and everything you need to play right away.<br>

<strong>Display contains 3 Mega Gengar ex deck and 3 Mega Diancie ex decks.</strong> <br>

In each box, you’ll find:<br>
• 1 ready-to-play 60-card deck<br>
• 1 set of damage counters<br>
• 1 large metallic coin<br>
• 1 deck box<br>
• 1 double-sided playmat and strategy sheet<br>
• 1 code card to play this deck online",,,,,,199.99,199.99,199.99,134.53,,Normal,0196214119250
661999,Mega Battle Deck: Mega Gengar ex/Mega Diancie ex [Set of 2],Mega Battle Deck Mega Gengar ex Mega Diancie ex Set of 2,https://tcgplayer-cdn.tcgplayer.com/product/661999_200w.jpg,3,2374,https://cpt.tcgcsv.com/_Pj7,2025-11-03T21:05:06.05,1,,,,,,"It’s Time for a Mega Battle!<br>
Two new Pokémon TCG: Mega Battle Decks are ready to rumble! Team up with Mega Gengar ex and battle from the shadows, or call upon Mega Diancie ex and dazzle opponents with your skill. Each deck includes a powerful Pokémon ex and everything you need to play right away.<br>

In each box, you’ll find:<br>
• 1 ready-to-play 60-card deck<br>
• 1 set of damage counters<br>
• 1 large metallic coin<br>
• 1 deck box<br>
• 1 double-sided playmat and strategy sheet<br>
• 1 code card to play this deck online",,,,,,58.98,79.49,120.0,48.46,,Normal,
662053,Dragonite 149/165 (Cosmos Holo),Dragonite 149 165 Cosmos Holo,https://tcgplayer-cdn.tcgplayer.com/product/662053_200w.jpg,3,2374,https://cpt.tcgcsv.com/5Rj7,2025-11-04T14:57:14.153,1,149/165,Rare,Dragon,180,Stage 2,"<strong>Ability — Jet Cruise</strong>
<br>Your Pokemon in play have no Retreat Cost.","[WL] Dragon Pulse (180)
<br>Discard the top 2 cards of your deck.",,None,None,3,6.0,9.99,19.99,6.4,,Holofoil,
662070,Machamp 068/165 (Cosmos Holo),Machamp 068 165 Cosmos Holo,https://tcgplayer-cdn.tcgplayer.com/product/662070_200w.jpg,3,2374,https://cpt.tcgcsv.com/qRj7,2025-11-04T15:09:54.347,1,068/165,Rare,Fighting,180,Stage 2,"<strong>Ability — Gusts</strong
<br>If this Pokemon would be Knocked Out by damage from an attack, flip a coin. If heads, this Pokemon is not Knocked Out, and its remaining HP becomes 10.","[FF] Mountain Chopping (100)
<br>Discard the top 2 cards of your opponent's deck.",,Px2,None,2,0.5,1.25,10.99,1.08,,Holofoil,
662072,Gengar 094/165 (Cosmos Holo),Gengar 094 165 Cosmos Holo,https://tcgplayer-cdn.tcgplayer.com/product/662072_200w.jpg,3,2374,https://cpt.tcgcsv.com/sRj7,2026-03-11T13:47:19.46,1,094/165,Rare,Psychic,130,Stage 2,,"[P] Poltergeist (50x)
<br> Your opponent reveals their hand. This attack does 50 damage for each Trainer card you find there.","[1P] Hollow Dive (110)
<br>Put 3 damage counters on your opponent's Benched Pokémon in any way you like.",Dx2,F-30,,18.39,23.07,99.99,20.85,,Holofoil,
662074,Raichu 026/165 (Cosmos Holo),Raichu 026 165 Cosmos Holo,https://tcgplayer-cdn.tcgplayer.com/product/662074_200w.jpg,3,2374,https://cpt.tcgcsv.com/vRj7,2025-11-04T15:14:21.917,1,026/165,Rare,Lightning,120,Stage 1,"<strong>Ability — Electrical Grounding</strong>
<br>When 1 of your Pokemon is Knocked Out by damage from an attack from your opponent's Pokemon, you may move a L Energy from that Pokemon to this Pokemon.","[1LL] Thunder (180)
<br>This Pokemon also does 50 damage to itself",,Fx2,None,1,0.83,9.21,25.99,3.94,,Holofoil,
662504,Code Card - Mega Lucario ex Premium Figure Collection,Code Card Mega Lucario ex Premium Figure Collection,https://tcgplayer-cdn.tcgplayer.com/product/662504_200w.jpg,3,2374,https://cpt.tcgcsv.com/60k7,2025-11-05T20:38:02.977,1,,Code Card,,,,"This listing is <strong>not</strong> a physical item. Please keep in mind that this <strong>Code Card</strong> listing represents a digital copy of the stated item for the Pokémon TCG Online <strong>and/or</strong> the Pokémon TCG Live games. You may receive the physical <strong>Code Card</strong>. Upon purchase, please work with your specific Seller by sending them a message using the <strong>Contact Seller</strong> button on the order details in your <a href=https://store.tcgplayer.com/myaccount/orderhistory>Order History</a> to opt in to having your <strong>Code Card</strong> code delivered digitally due to the nature of the product.",,,,,,0.06,0.12,0.25,0.12,,Normal,
662505,Code Card - Team Rocket's Mewtwo ex League Battle Deck,Code Card Team Rockets Mewtwo ex League Battle Deck,https://tcgplayer-cdn.tcgplayer.com/product/662505_200w.jpg,3,2374,https://cpt.tcgcsv.com/70k7,2025-11-05T20:39:19.297,1,,Code Card,,,,"This listing is <strong>not</strong> a physical item. Please keep in mind that this <strong>Code Card</strong> listing represents a digital copy of the stated item for the Pokémon TCG Online <strong>and/or</strong> the Pokémon TCG Live games. You may receive the physical <strong>Code Card</strong>. Upon purchase, please work with your specific Seller by sending them a message using the <strong>Contact Seller</strong> button on the order details in your <a href=https://store.tcgplayer.com/myaccount/orderhistory>Order History</a> to opt in to having your <strong>Code Card</strong> code delivered digitally due to the nature of the product.",,,,,,8.99,8.99,8.99,2.98,,Normal,
662745,Black Kyurem ex Box,Black Kyurem ex Box,https://tcgplayer-cdn.tcgplayer.com/product/662745_200w.jpg,3,2374,https://cpt.tcgcsv.com/W6k7,2025-12-16T20:51:46.91,1,,,,,,"Power Up Your Collection with Black Kyurem ex!<br>

Whether you're pushing toward that final Prize card in a clean sweep or about to make an astonishing comeback, Pokémon ex can help you battle at your best! Add that power to your own collection with this box that includes playable foil cards featuring Black Kyurem ex and Zekrom, plus an oversize version of Black Kyurem ex for display. Then, discover even more Pokémon inside four booster packs just waiting to be opened.<br><br>

The Pokémon TCG: Black Kyurem ex Box includes:<br>

• 1 foil promo card featuring Black Kyurem ex<br>

• 1 foil promo card featuring Zekrom<br>

• 1 oversize foil card featuring Black Kyurem ex<br>

• 4 Pokémon TCG booster packs<br>

• A code card for Pokémon TCG Live",,,,,,24.8,33.99,64.0,27.66,,Normal,
662750,Melmetal ex Box,Melmetal ex Box,https://tcgplayer-cdn.tcgplayer.com/product/662750_200w.jpg,3,2374,https://cpt.tcgcsv.com/07k7,2025-12-16T20:52:27.727,1,,,,,,"Power Up Your Collection with Melmetal ex!<br>

Whether you're pushing toward that final Prize card in a clean sweep or about to make an astonishing comeback, Pokémon ex can help you battle at your best! Add that power to your own collection with this box that includes playable foil cards featuring Melmetal ex and Meltan, plus an oversize version of Melmetal ex for display. Then, discover even more Pokémon inside four booster packs just waiting to be opened.<br><br>

The Pokémon TCG: Melmetal ex Box includes:<br>

• 1 foil promo card featuring Melmetal ex<br>

• 1 foil promo card featuring Meltan<br>

• 1 oversize foil card featuring Melmetal ex<br>

• 4 Pokémon TCG booster packs<br>

• A code card for Pokémon TCG Live<br>",,,,,,23.3,34.0,64.0,25.57,,Normal,
662758,Blaziken ex Special Collection,Blaziken ex Special Collection,https://tcgplayer-cdn.tcgplayer.com/product/662758_200w.jpg,3,2374,https://cpt.tcgcsv.com/b7k7,2025-11-28T05:10:10.51,1,,,,,,"Blaziken ex Fights Tough with Big HP & Strong Attacks!<br>

Whether you're pushing toward that final Prize card in a clean sweep or about to make an astonishing comeback, Pokémon ex can help you battle at your best! That awesome power can be yours with this special collection that includes Blaziken ex as a playable foil card and an oversize version for display. Then, discover even more Pokémon inside six booster packs just waiting to be opened.
<br><br>
The Pokémon TCG: Blaziken ex Special Collection includes:<br>

• 1 foil promo card featuring Blaziken ex<br>

• 1 oversize foil card featuring Blaziken ex<br>

• 6 Pokémon TCG booster packs<br>

• A code card for Pokémon TCG Live<br>",,,,,,,,,,,,
662770,Snorlax ex & Blissey ex Special Collection,Snorlax ex and Blissey ex Special Collection,https://tcgplayer-cdn.tcgplayer.com/product/662770_200w.jpg,3,2374,https://cpt.tcgcsv.com/q7k7,2025-11-17T17:45:22.61,1,,,,,,"A Pair of Powerful Pokémon ex at Your Command!<br>

With strong attacks and big HP, Pokémon ex aim to blow through the opposition in battle! In this collection, you get specially stamped foil promo cards of Snorlax ex and Blissey ex, plus an oversize foil version of Snorlax ex for display. Then, discover even more awesome Pokémon inside a stack of eight booster packs!
<br><br>
The Pokémon TCG: Snorlax ex & Blissey ex Special Collection includes:<br>

• 1 foil promo card featuring Snorlax ex<br>

• 1 foil promo card featuring Blissey ex<br>

• 1 oversize foil card featuring Snorlax ex<br>

• 8 Pokémon TCG booster packs<br>

• A code card for Pokémon TCG Live",,,,,,54.0,64.93,125.0,54.31,,Normal,
663020,Latias ex (Surging Sparks),Latias ex Surging Sparks,https://tcgplayer-cdn.tcgplayer.com/product/663020_200w.jpg,3,2374,https://cpt.tcgcsv.com/qdk7,2025-11-10T17:30:50.893,1,076/191,Double Rare,Psychic,210,Basic,<strong>Ability: Skyliner</strong> Your Basic Pokémon in play have no Retreat Cost.,"[PPC] Eon Blade (200)<br> During your next turn, this Pokemon can't attack.",,Dx2,F-30,2,2.5,3.26,9.99,2.73,,Holofoil,
663168,Duraludon (Surging Sparks),Duraludon Surging Sparks,https://tcgplayer-cdn.tcgplayer.com/product/663168_200w.jpg,3,2374,https://cpt.tcgcsv.com/nhk7,2025-11-11T14:28:31.51,1,129/191,Common,Metal,130,Basic,,[MM] Confront (50),"[MMM] Duralubeam (130)
<br>Discard 2 Energy from this Pokémon.",Rx2,G-30,2,0.19,0.93,6.25,0.65,,Holofoil,
663405,Snorlax ex (Prismatic Evolution Stamped),Snorlax ex Prismatic Evolution Stamped,https://tcgplayer-cdn.tcgplayer.com/product/663405_200w.jpg,3,2374,https://cpt.tcgcsv.com/7nk7,2025-11-13T14:48:20.55,0,076/131,Double Rare,Colorless,260,Basic,,[CCC] Strength (80),[CCCC] Toss-Turn Press (120x)<br> Flip 3 coins. This attack does 120 damage for each heads.,Fx2,,4,0.95,2.04,6.1,1.69,,Holofoil,
663425,Team Rocket's Moltres ex - 31/182 (Destined Rivals Stamp),Team Rockets Moltres ex 31 182 Destined Rivals Stamp,https://tcgplayer-cdn.tcgplayer.com/product/663425_200w.jpg,3,2374,https://cpt.tcgcsv.com/wnk7,2025-11-14T05:10:46.713,1,031/182,Double Rare,Fire,220,Basic,,"[RCC] Flame Screen (110)<br> During your opponent's next turn, this Pokémon takes 50 less damage from attacks <em>(after applying Weakness and Resistance)</em>.","[RCCC] Evil Incineration<br> Discard a 182 from this Pokémon. If you do, discard your opponent's Active Pokémon and all attached cards.",Lx2,F-30,2,1.15,2.0,10.0,1.52,,Holofoil,
663426,Team Rocket's Moltres ex - 208/182 (Destined Rivals Stamp),Team Rockets Moltres ex 208 182 Destined Rivals Stamp,https://tcgplayer-cdn.tcgplayer.com/product/663426_200w.jpg,3,2374,https://cpt.tcgcsv.com/xnk7,2026-01-28T15:34:50.087,1,208/182,Double Rare,Fire,220,Basic,,"[RCC] Flame Screen (110)<br> During your opponent's next turn, this Pokémon takes 50 less damage from attacks <em>(after applying Weakness and Resistance)</em>.","[RCCC] Evil Incineration<br> Discard a 182 from this Pokémon. If you do, discard your opponent's Active Pokémon and all attached cards.",Lx2,F-30,2,6.31,8.25,25.0,7.44,,Holofoil,
663427,Team Rocket's Moltres ex - 229/182 (Destined Rivals Stamp),Team Rockets Moltres ex 229 182 Destined Rivals Stamp,https://tcgplayer-cdn.tcgplayer.com/product/663427_200w.jpg,3,2374,https://cpt.tcgcsv.com/znk7,2026-01-28T15:33:44.36,1,229/182,Double Rare,Fire,220,Basic,,"[RCC] Flame Screen (110)<br> During your opponent's next turn, this Pokémon takes 50 less damage from attacks <em>(after applying Weakness and Resistance)</em>.","[RCCC] Evil Incineration<br> Discard a 182 from this Pokémon. If you do, discard your opponent's Active Pokémon and all attached cards.",Lx2,F-30,2,49.76,59.9,199.99,53.62,,Holofoil,
663428,Code Card - Team Rocket's Moltres ex Ultra Premium Collection,Code Card Team Rockets Moltres ex Ultra Premium Collection,https://tcgplayer-cdn.tcgplayer.com/product/663428_200w.jpg,3,2374,https://cpt.tcgcsv.com/Bnk7,2025-11-13T19:57:46.94,1,,Code Card,,,,"This listing is <strong>not</strong> a physical item. Please keep in mind that this <strong>Code Card</strong> listing represents a digital copy of the stated item for the Pokémon TCG Online <strong>and/or</strong> the Pokémon TCG Live games. You may receive the physical <strong>Code Card</strong>. Upon purchase, please work with your specific Seller by sending them a message using the <strong>Contact Seller</strong> button on the order details in your <a href=https://store.tcgplayer.com/myaccount/orderhistory>Order History</a> to opt in to having your <strong>Code Card</strong> code delivered digitally due to the nature of the product.",,,,,,0.45,0.52,3.0,0.52,,Normal,
663429,Code Card - Mega Charizard X ex Ultra Premium Collection,Code Card Mega Charizard X ex Ultra Premium Collection,https://tcgplayer-cdn.tcgplayer.com/product/663429_200w.jpg,3,2374,https://cpt.tcgcsv.com/Cnk7,2025-11-13T20:20:38.337,1,,Code Card,,,,"This listing is <strong>not</strong> a physical item. Please keep in mind that this <strong>Code Card</strong> listing represents a digital copy of the stated item for the Pokémon TCG Online <strong>and/or</strong> the Pokémon TCG Live games. You may receive the physical <strong>Code Card</strong>. Upon purchase, please work with your specific Seller by sending them a message using the <strong>Contact Seller</strong> button on the order details in your <a href=https://store.tcgplayer.com/myaccount/orderhistory>Order History</a> to opt in to having your <strong>Code Card</strong> code delivered digitally due to the nature of the product.",,,,,,0.01,0.37,3.0,0.36,,Normal,
664012,Genesect (Cosmos Holo) (Best Buy Exclusive),Genesect Cosmos Holo Best Buy Exclusive,https://tcgplayer-cdn.tcgplayer.com/product/664012_200w.jpg,3,2374,https://cpt.tcgcsv.com/gDk7,2025-11-17T14:03:46.12,1,008/094,Rare,Grass,120,Basic,,[G] Bug's Cannon<br> This attack does 20 damage to 1 of your opponent's Pokemon for each Grass Energy attached to this Pokemon. <em>(Don't apply Weakness and Resistance for Benched Pokemon.)</em>,[GGC] Speed Attack (110),Rx2,,2,12.83,16.0,18.24,13.06,,Holofoil,
664033,Code Card - Mega Battle Deck Mega Diancie Ex digital bundle,Code Card Mega Battle Deck Mega Diancie Ex digital bundle,https://tcgplayer-cdn.tcgplayer.com/product/664033_200w.jpg,3,2374,https://cpt.tcgcsv.com/HDk7,2025-11-17T17:49:21.52,1,,Code Card,,,,"This listing is <strong>not</strong> a physical item. Please keep in mind that this <strong>Code Card</strong> listing represents a digital copy of the stated item for the Pokémon TCG Online <strong>and/or</strong> the Pokémon TCG Live games. You may receive the physical <strong>Code Card</strong>. Upon purchase, please work with your specific Seller by sending them a message using the <strong>Contact Seller</strong> button on the order details in your <a href=https://store.tcgplayer.com/myaccount/orderhistory>Order History</a> to opt in to having your <strong>Code Card</strong> code delivered digitally due to the nature of the product.",,,,,,0.1,0.22,0.55,0.22,,Normal,
664034,Code Card - Mega Battle Deck Mega Gengar Ex digital bundle,Code Card Mega Battle Deck Mega Gengar Ex digital bundle,https://tcgplayer-cdn.tcgplayer.com/product/664034_200w.jpg,3,2374,https://cpt.tcgcsv.com/JDk7,2025-11-17T17:51:07.737,1,,Code Card,,,,"This listing is <strong>not</strong> a physical item. Please keep in mind that this <strong>Code Card</strong> listing represents a digital copy of the stated item for the Pokémon TCG Online <strong>and/or</strong> the Pokémon TCG Live games. You may receive the physical <strong>Code Card</strong>. Upon purchase, please work with your specific Seller by sending them a message using the <strong>Contact Seller</strong> button on the order details in your <a href=https://store.tcgplayer.com/myaccount/orderhistory>Order History</a> to opt in to having your <strong>Code Card</strong> code delivered digitally due to the nature of the product.",,,,,,0.12,0.21,0.7,0.21,,Normal,
664056,Greninja ex (Stellar Crown Stamped),Greninja ex Stellar Crown Stamped,https://tcgplayer-cdn.tcgplayer.com/product/664056_200w.jpg,3,2374,https://cpt.tcgcsv.com/8Fk7,2025-11-18T13:19:11.577,1,041/142,Double Rare,Water,300,Stage 2,,"[WC] Shifting Shuriken (100+)<br> Flip a coin. If heads, this attack does 100 more damage.",,Lx2,None,2,0.5,1.11,9.5,1.12,,Holofoil,
664058,Kingdra ex (Shrouded Fable Stamped),Kingdra ex Shrouded Fable Stamped,https://tcgplayer-cdn.tcgplayer.com/product/664058_200w.jpg,3,2374,https://cpt.tcgcsv.com/bFk7,2025-11-18T13:21:42.067,1,012/064,Double Rare,Water,310,Stage 2,,[W] King's Order<br> Put up to 3 Water Pokemon from your discard pile onto your Bench.,[CC] Hydro Pump (50+)<br> This attack does 50 more damage for each Water Energy attached to this Pokemon.,Lx2,,1,0.6,0.99,5.22,0.88,,Holofoil,
664088,Blissey ex (Twilight Masquerade Stamped),Blissey ex Twilight Masquerade Stamped,https://tcgplayer-cdn.tcgplayer.com/product/664088_200w.jpg,3,2374,https://cpt.tcgcsv.com/NFk7,2025-11-20T14:06:34.613,1,134/167,Double Rare,Colorless,300,Stage 1,"<strong>Ability — Happy Switch</strong><br>Once during your turn, you may move a Basic Energy from 1 of your Pokémon to another of your Pokémon.","[CCC] Return (180)
You may draw cards until you have 6 cards in your hand.",,Fx2,None,4,0.5,1.0,5.34,0.92,,Holofoil,
664092,Incineroar ex and Torterra ex Special Collection,Incineroar ex and Torterra ex Special Collection,https://tcgplayer-cdn.tcgplayer.com/product/664092_200w.jpg,3,2374,https://cpt.tcgcsv.com/SFk7,2025-11-18T17:10:22.163,1,,,,,,"Join Forces with a Pair of Powerful Pokémon ex!
<br>
With strong attacks and big HP, Pokémon ex aim to blow through the opposition in battle! In this collection, you get foil promo cards of Incineroar ex and Torterra ex, plus an oversize foil version of Incineroar ex for display. Then, discover even more awesome Pokémon inside a stack of eight booster packs!
<br><br>

The Pokémon TCG: Incineroar ex & Torterra ex Special Collection includes:<br>

• 1 foil promo card featuring Incineroar ex<br>
• 1 foil promo card featuring Torterra ex<br>
• 1 oversize foil card featuring Incineroar ex<br>
• 8 Pokémon TCG booster packs<br>
• A code card for Pokémon TCG Live<br>",,,,,,57.0,66.5,89.99,46.85,,Normal,0196214129870
664098,Reshiram (Phantasmal Flames Stamped),Reshiram Phantasmal Flames Stamped,https://tcgplayer-cdn.tcgplayer.com/product/664098_200w.jpg,3,2374,https://cpt.tcgcsv.com/-Fk7,2025-11-18T17:53:58.73,1,017/094,Rare,Fire,130,Basic,,[R] Combustion (30),[RRRR] Burning Flare (240)<br> This Pokemon also does 60 damage to itself.,Wx2,,2,9.77,14.0,21.15,13.46,,Holofoil,
664136,Reshiram (Stellar Crown Stamped),Reshiram Stellar Crown Stamped,https://tcgplayer-cdn.tcgplayer.com/product/664136_200w.jpg,3,2374,https://cpt.tcgcsv.com/LGk7,2025-11-19T14:53:56.477,0,022/142,Uncommon,Fire,130,Basic,,[RCC] Heat Blast (90),,Wx2,None,2,0.09,0.75,10.0,0.68,,Holofoil,
664138,Hydrapple (Cosmos Holo),Hydrapple Cosmos Holo,https://tcgplayer-cdn.tcgplayer.com/product/664138_200w.jpg,3,2374,https://cpt.tcgcsv.com/NGk7,2025-11-19T14:58:10.983,0,018/182,Rare,Grass,170,Stage 2,,"[G] Hydra Breath<br> Discard 6 Basic Grass Energy cards from your hand, and Knock Out your opponent's Active Pokémon. If you can't discard 6 cards in this way, this attack does nothing.",[GCC] Whip Smash (140),Rx2,,3,3.31,4.5,6.53,4.5,,Holofoil,
664139,Blaziken (Cosmos Holo),Blaziken Cosmos Holo,https://tcgplayer-cdn.tcgplayer.com/product/664139_200w.jpg,3,2374,https://cpt.tcgcsv.com/PGk7,2025-11-19T14:59:56.333,0,042/182,Rare,Fire,170,Stage 2,,[CC] Heat Blast (70),[RRC] Inferno Kick Flurry (120)<br> Discard 2 Energy from this Pokémon. This attack also does 120 damage to 1 of your opponent's Benched Pokémon. <em>(Don't apply Weakness and Resistance for Benched Pokémon.)</em>,Wx2,,2,3.99,12.0,20.0,7.63,,Holofoil,
664140,Zekrom (Paradox Rift Stamped),Zekrom Paradox Rift Stamped,https://tcgplayer-cdn.tcgplayer.com/product/664140_200w.jpg,3,2374,https://cpt.tcgcsv.com/QGk7,2025-11-19T15:12:50.8,0,066/182,Rare,Lightning,130,Basic,,"[1] Crushing Short (20)
<br>Before doing damage, discard all Pokémon Tools from your opponent’s Active Pokémon.","[1LL] Raging Thunder (130)
<br>This attack does 40 damage to 1 of your Benched Pokémon. (Don’t apply Weakness and Resistance for Benched Pokémon.)",Fx2,None,2,0.29,0.69,10.0,0.56,,Holofoil,
664141,Black Kyurem ex (Surging Sparks Stamped),Black Kyurem ex Surging Sparks Stamped,https://tcgplayer-cdn.tcgplayer.com/product/664141_200w.jpg,3,2374,https://cpt.tcgcsv.com/RGk7,2025-11-19T15:17:38.72,0,048/191,Double Rare,Water,230,Basic,,"[CCC] Ice Age (90)<br> If your opponent's Active Pokemon is a Dragon Pokemon, it is now Paralyzed.",[WWCC] Black Frost (250)<br> This Pokemon also does 30 damage to itself.,Mx2,,3,0.15,0.97,5.32,0.67,,Holofoil,
664144,Meltan (Stellar Crown Stamped),Meltan Stellar Crown Stamped,https://tcgplayer-cdn.tcgplayer.com/product/664144_200w.jpg,3,2374,https://cpt.tcgcsv.com/VGk7,2025-11-19T15:25:12.073,0,102/142,Common,Metal,60,Basic,,[M] Stampede (10),[MCC] Beam (40),Rx2,G-30,1,0.05,0.49,31.0,0.42,,Holofoil,
664145,Melmetal ex (Stellar Crown Stamped),Melmetal ex Stellar Crown Stamped,https://tcgplayer-cdn.tcgplayer.com/product/664145_200w.jpg,3,2374,https://cpt.tcgcsv.com/WGk7,2025-11-19T15:40:54.367,0,105/142,Double Rare,Metal,280,Stage 1,,[MMCC] Iron Swing (100x)<br> Flip 2 coins. This attack does 100 damage for each heads.,,Rx2,G-30,3,0.4,0.75,10.0,0.59,,Holofoil,
664147,Archaludon ex (Surging Sparks Stamped),Archaludon ex Surging Sparks Stamped,https://tcgplayer-cdn.tcgplayer.com/product/664147_200w.jpg,3,2374,https://cpt.tcgcsv.com/ZGk7,2025-11-19T15:58:17.01,0,130/191,Double Rare,Metal,300,Stage 1,"<strong>Ability: Assemble Alloy</strong> When you play this Pokémon from your hand to evolve 1 of your Pokémon during your turn, you may attach up to 2 Basic Metal Energy cards from your discard pile to your Metal Pokémon in any way you like.","[MMM] Metal Defender (220)<br> During your opponent's next turn, this Pokemon has no Weakness.",,Rx2,G-30,2,0.5,0.89,4.5,0.69,,Holofoil,
664640,Code Card - Snorlax ex & Blissey ex Special Collection,Code Card Snorlax ex and Blissey ex Special Collection,https://tcgplayer-cdn.tcgplayer.com/product/664640_200w.jpg,3,2374,https://cpt.tcgcsv.com/QSk7,2025-11-20T20:13:24.017,1,,Code Card,,,,"This listing is <strong>not</strong> a physical item. Please keep in mind that this <strong>Code Card</strong> listing represents a digital copy of the stated item for the Pokémon TCG Online <strong>and/or</strong> the Pokémon TCG Live games. You may receive the physical <strong>Code Card</strong>. Upon purchase, please work with your specific Seller by sending them a message using the <strong>Contact Seller</strong> button on the order details in your <a href=https://store.tcgplayer.com/myaccount/orderhistory>Order History</a> to opt in to having your <strong>Code Card</strong> code delivered digitally due to the nature of the product.",,,,,,0.75,0.83,0.99,0.83,,Normal,
664641,Code Card - Reshiram ex Box,Code Card Reshiram ex Box,https://tcgplayer-cdn.tcgplayer.com/product/664641_200w.jpg,3,2374,https://cpt.tcgcsv.com/RSk7,2025-11-20T20:13:55.57,1,,Code Card,,,,"This listing is <strong>not</strong> a physical item. Please keep in mind that this <strong>Code Card</strong> listing represents a digital copy of the stated item for the Pokémon TCG Online <strong>and/or</strong> the Pokémon TCG Live games. You may receive the physical <strong>Code Card</strong>. Upon purchase, please work with your specific Seller by sending them a message using the <strong>Contact Seller</strong> button on the order details in your <a href=https://store.tcgplayer.com/myaccount/orderhistory>Order History</a> to opt in to having your <strong>Code Card</strong> code delivered digitally due to the nature of the product.",,,,,,0.01,0.06,0.25,0.06,,Normal,
664642,Code Card - Archaludon ex Box,Code Card Archaludon ex Box,https://tcgplayer-cdn.tcgplayer.com/product/664642_200w.jpg,3,2374,https://cpt.tcgcsv.com/SSk7,2025-11-20T20:14:41.343,1,,Code Card,,,,"This listing is <strong>not</strong> a physical item. Please keep in mind that this <strong>Code Card</strong> listing represents a digital copy of the stated item for the Pokémon TCG Online <strong>and/or</strong> the Pokémon TCG Live games. You may receive the physical <strong>Code Card</strong>. Upon purchase, please work with your specific Seller by sending them a message using the <strong>Contact Seller</strong> button on the order details in your <a href=https://store.tcgplayer.com/myaccount/orderhistory>Order History</a> to opt in to having your <strong>Code Card</strong> code delivered digitally due to the nature of the product.",,,,,,0.1,0.2,0.29,0.21,,Normal,
664644,Code Card - Trainer's Toolkit: Fezandipiti ex,Code Card Trainers Toolkit Fezandipiti ex,https://tcgplayer-cdn.tcgplayer.com/product/664644_200w.jpg,3,2374,https://cpt.tcgcsv.com/VSk7,2025-11-20T20:18:29.903,1,,Code Card,,,,"This listing is <strong>not</strong> a physical item. Please keep in mind that this <strong>Code Card</strong> listing represents a digital copy of the stated item for the Pokémon TCG Online <strong>and/or</strong> the Pokémon TCG Live games. You may receive the physical <strong>Code Card</strong>. Upon purchase, please work with your specific Seller by sending them a message using the <strong>Contact Seller</strong> button on the order details in your <a href=https://store.tcgplayer.com/myaccount/orderhistory>Order History</a> to opt in to having your <strong>Code Card</strong> code delivered digitally due to the nature of the product.",,,,,,0.1,0.33,4.0,0.37,,Normal,
664895,Mega Charizard X ex Ultra Premium Collection Case,Mega Charizard X ex Ultra Premium Collection Case,https://tcgplayer-cdn.tcgplayer.com/product/664895_200w.jpg,3,2374,https://cpt.tcgcsv.com/WZk7,2025-11-24T16:06:45.4,0,,,,,,"Ignite a Raging Inferno with Mega Charizard X ex!<br>
The immense power of Mega Evolution has brought forth the flickering blue flames of Mega Charizard X ex! This ferocious Mega Evolution Pokémon ex burns up Fire Energy to fuel its Inferno X attack, doing more damage for each card you discard. You’ll find Mega Charizard X ex here as a foil promo card, along with another foil promo card featuring Oricorio ex to help get more Fire Energy into play. Even more Pokémon await inside a stack of booster packs, and gameplay accessories like a playmat, deck box, and card sleeves let you show off amazing art of Mega Charizard X in action.<br><br>

<strong> Case contains 4 Mega Charizard X ex Ultra-Premium Collection </strong> <br><br>

The Pokémon TCG: Mega Charizard X ex Ultra-Premium Collection includes:<br>
• 1 foil promo card featuring Mega Charizard X ex<br>
• 1 foil promo card featuring Oricorio ex<br>
• 65 card sleeves featuring Mega Charizard X<br>
• 1 playmat featuring Mega Charizard X<br>
• 1 deck box featuring Mega Charizard X<br>
• 1 metal coin featuring Mega Charizard X<br>
• 6 damage-counter dice<br>
• 18 Pokémon TCG booster packs<br>
• A code card for Pokémon TCG Live",,,,,,805.0,999.99,2000.0,678.11,,Normal,10196214130682
664898,Team Rocket’s Moltres ex Ultra-Premium Collection Case,Team Rockets Moltres ex Ultra Premium Collection Case,https://tcgplayer-cdn.tcgplayer.com/product/664898_200w.jpg,3,2374,https://cpt.tcgcsv.com/-Zk7,2026-01-26T18:29:26.363,0,,,,,,"The Sinister Flames of Team Rocket's Moltres ex!
<br>
Not even Legendary Pokémon can escape Team Rocket's shadowy influence! Team Rocket's Moltres ex summons walls of fire to defend itself and decimate your opponent's plans, and it appears here as double rare, ultra rare, and special illustration rare cards with awesome artwork. You also get a playmat, deck box, and other gameplay accessories, plus 18 booster packs with even more Pokémon inside.
<br><br>
<strong> Case contains 4 Team Rocket’s Moltres ex Ultra-Premium Collections </strong>
<br><br>
The Pokémon TCG: Team Rocket's Moltres ex Ultra-Premium Collection includes:<br>

• 3 foil cards featuring Team Rocket's Moltres ex, each with different art<br>
• 6 damage-counter dice<br>
• 1 competition-legal coin-flip die<br>
• 1 playmat<br>
• 2 condition markers<br>
• 1 deck box<br>
• 18 Pokémon TCG booster packs<br>
• 1 metallic coin<br>
• A code card for Pokémon TCG Live",,,,,,999.0,1098.5,1199.95,799.77,,Normal,
665038,Lugia ex Special Collection,Lugia ex Special Collection,https://tcgplayer-cdn.tcgplayer.com/product/665038_200w.jpg,3,2374,https://cpt.tcgcsv.com/N0l7,2025-11-28T05:10:10.51,1,,,,,,"Lugia ex Battles Through Thick & Thin!
<br>
Whether you're pushing toward that final Prize card in a clean sweep or about to make an astonishing comeback, Pokémon ex can help you battle at your best!
<br>
That awesome power can be yours with this special collection that includes Lugia ex as a playable foil card and an oversize version for display. Then, discover even more Pokémon inside six booster packs just waiting to be opened.
<br><br>
The Pokémon TCG: Lugia ex Special Collection includes:<br>

• 1 foil promo card featuring Lugia ex
<br>
• 1 oversize foil card featuring Lugia ex
<br>
• 6 Pokémon TCG booster packs
<br>
• A code card for Pokémon TCG Live",,,,,,,,,,,,
665115,Code Card - Black Kyurem ex Box,Code Card Black Kyurem ex Box,https://tcgplayer-cdn.tcgplayer.com/product/665115_200w.jpg,3,2374,https://cpt.tcgcsv.com/k3l7,2025-11-26T15:19:35.94,1,,Code Card,,,,"This listing is <strong>not</strong> a physical item. Please keep in mind that this <strong>Code Card</strong> listing represents a digital copy of the stated item for the Pokémon TCG Online <strong>and/or</strong> the Pokémon TCG Live games. You may receive the physical <strong>Code Card</strong>. Upon purchase, please work with your specific Seller by sending them a message using the <strong>Contact Seller</strong> button on the order details in your <a href=https://store.tcgplayer.com/myaccount/orderhistory>Order History</a> to opt in to having your <strong>Code Card</strong> code delivered digitally due to the nature of the product.",,,,,,0.14,0.2,0.5,0.2,,Normal,
665116,Code Card - Blaziken ex Special Collection,Code Card Blaziken ex Special Collection,https://tcgplayer-cdn.tcgplayer.com/product/665116_200w.jpg,3,2374,https://cpt.tcgcsv.com/l3l7,2025-11-26T15:19:56.453,1,,Code Card,,,,"This listing is <strong>not</strong> a physical item. Please keep in mind that this <strong>Code Card</strong> listing represents a digital copy of the stated item for the Pokémon TCG Online <strong>and/or</strong> the Pokémon TCG Live games. You may receive the physical <strong>Code Card</strong>. Upon purchase, please work with your specific Seller by sending them a message using the <strong>Contact Seller</strong> button on the order details in your <a href=https://store.tcgplayer.com/myaccount/orderhistory>Order History</a> to opt in to having your <strong>Code Card</strong> code delivered digitally due to the nature of the product.",,,,,,,,,,,,
665117,Code Card - Lugia ex Special Collection,Code Card Lugia ex Special Collection,https://tcgplayer-cdn.tcgplayer.com/product/665117_200w.jpg,3,2374,https://cpt.tcgcsv.com/m3l7,2025-11-26T15:20:28.58,1,,Code Card,,,,"This listing is <strong>not</strong> a physical item. Please keep in mind that this <strong>Code Card</strong> listing represents a digital copy of the stated item for the Pokémon TCG Online <strong>and/or</strong> the Pokémon TCG Live games. You may receive the physical <strong>Code Card</strong>. Upon purchase, please work with your specific Seller by sending them a message using the <strong>Contact Seller</strong> button on the order details in your <a href=https://store.tcgplayer.com/myaccount/orderhistory>Order History</a> to opt in to having your <strong>Code Card</strong> code delivered digitally due to the nature of the product.",,,,,,,,,,,,
665118,Code Card - Melmetal ex Box,Code Card Melmetal ex Box,https://tcgplayer-cdn.tcgplayer.com/product/665118_200w.jpg,3,2374,https://cpt.tcgcsv.com/n3l7,2025-11-26T15:20:54.81,1,,Code Card,,,,"This listing is <strong>not</strong> a physical item. Please keep in mind that this <strong>Code Card</strong> listing represents a digital copy of the stated item for the Pokémon TCG Online <strong>and/or</strong> the Pokémon TCG Live games. You may receive the physical <strong>Code Card</strong>. Upon purchase, please work with your specific Seller by sending them a message using the <strong>Contact Seller</strong> button on the order details in your <a href=https://store.tcgplayer.com/myaccount/orderhistory>Order History</a> to opt in to having your <strong>Code Card</strong> code delivered digitally due to the nature of the product.",,,,,,0.2,0.25,0.39,0.25,,Normal,
666512,Reshiram ex Box,Reshiram ex Box,https://tcgplayer-cdn.tcgplayer.com/product/666512_200w.jpg,3,2374,https://cpt.tcgcsv.com/gDl7,2025-12-10T15:30:38.027,0,,,,,,"Power Up Your Collection with Reshiram ex!
<br>
Whether you're pushing toward that final Prize card in a clean sweep or about to make an astonishing comeback, Pokémon ex can help you battle at your best! Add that power to your own collection with this box that includes playable foil cards featuring Reshiram ex and Reshiram, plus an oversize version of Reshiram ex for display. Then, discover even more Pokémon inside four booster packs just waiting to be opened.
<br><br>
The Pokémon TCG: Reshiram ex Box includes:
<br>
1 foil promo card featuring Reshiram ex
<br>
1 foil promo card featuring Reshiram
<br>
1 oversize foil card featuring Reshiram ex
<br>
4 Pokémon TCG booster packs
<br>
A code card for Pokémon TCG Live",,,,,,24.15,25.1,34.08,25.44,,Normal,0196214130494
666533,Suicune (Cosmos Holo) (Gamestop Exclusive),Suicune Cosmos Holo Gamestop Exclusive,https://tcgplayer-cdn.tcgplayer.com/product/666533_200w.jpg,3,2374,https://cpt.tcgcsv.com/HDl7,2026-02-09T18:37:46.697,1,026/094,Promo,Water,130,Basic,,[CC] Crystal Fall (30)<br> If you have at least 4 Water energy in play. this attack does 90 more damage.,,Lx2,,2,14.04,19.93,29.99,16.08,,Holofoil,
666591,Great Tusk ex - 072 (Paldean Fates Stamped),Great Tusk ex 072 Paldean Fates Stamped,https://tcgplayer-cdn.tcgplayer.com/product/666591_200w.jpg,3,2374,https://cpt.tcgcsv.com/RFl7,2026-03-11T20:40:21.877,1,072,Promo,Fighting,250,Basic,"<strong>Ability — Quaking Demolition</strong>
<br>Once at the end of your turn (after your attack), if this Pokémon is in the Active Spot, you must discard the top 5 cards of your deck.","[3F] Great Bash (260)
<br>This attack’s damage isn’t affected by any effects on your opponent’s Active Pokémon.",,Px2,None,4,0.69,1.0,5.0,0.82,,Holofoil,
666602,Iron Treads (Temporal Forces Stamped),Iron Treads Temporal Forces Stamped,https://tcgplayer-cdn.tcgplayer.com/product/666602_200w.jpg,3,2374,https://cpt.tcgcsv.com/3Gl7,2025-12-03T16:19:01.137,1,118/162,Uncommon,Metal,130,Basic,"<strong>Ability—Dual Core</strong><br>
As long as this Pokémon has a Future Booster Energy Capsule attached, it is [F] and [M] type.","[M][C] Passing Wheel (60) 
Move an Energy from this Pokémon to 1 of your Benched Pokémon.",,Rx2,G-30,2,0.19,0.49,10.0,0.37,,Holofoil,
666603,Iron Treads ex - 073 (Paldean Fates Stamped),Iron Treads ex 073 Paldean Fates Stamped,https://tcgplayer-cdn.tcgplayer.com/product/666603_200w.jpg,3,2374,https://cpt.tcgcsv.com/5Gl7,2025-12-03T16:20:39.483,1,073,Promo,Metal,220,Basic,,"[1MM] Iron-Clad Roll (150)
<br>After doing damage, you may discard all Future Booster Energy Capsules from this Pokemon. If you do, during your opponent's next turn, this Pokemon takes 150 less damage from attacks <em>(after applying weakness and Resistance)</em>.",,Rx2,G-30,3,0.44,1.0,5.25,0.8,,Holofoil,
666604,Great Tusk - 096/162 (Temporal Forces Stamped),Great Tusk 096 162 Temporal Forces Stamped,https://tcgplayer-cdn.tcgplayer.com/product/666604_200w.jpg,3,2374,https://cpt.tcgcsv.com/6Gl7,2025-12-03T16:24:08.123,1,096/162,Uncommon,Fighting,140,Basic,,[F][C] Lunge Out (30),"[F][C][C] Wrathful Charge (80+) 
If your Benched Pokémon have any damage counters on them, this attack does 80 more.",Px2,None,4,0.15,0.5,10.0,0.45,,Holofoil,
666903,Code Card - Mega Kangaskhan ex Box,Code Card Mega Kangaskhan ex Box,https://tcgplayer-cdn.tcgplayer.com/product/666903_200w.jpg,3,2374,https://cpt.tcgcsv.com/5Nl7,2025-12-04T18:33:03.423,1,,Code Card,,,,"This listing is <strong>not</strong> a physical item. Please keep in mind that this <strong>Code Card</strong> listing represents a digital copy of the stated item for the Pokémon TCG Online <strong>and/or</strong> the Pokémon TCG Live games. You may receive the physical <strong>Code Card</strong>. Upon purchase, please work with your specific Seller by sending them a message using the <strong>Contact Seller</strong> button on the order details in your <a href=https://store.tcgplayer.com/myaccount/orderhistory>Order History</a> to opt in to having your <strong>Code Card</strong> code delivered digitally due to the nature of the product.",,,,,,,,,,,,
666904,Code Card - Mega Venusaur ex Premium Collection,Code Card Mega Venusaur ex Premium Collection,https://tcgplayer-cdn.tcgplayer.com/product/666904_200w.jpg,3,2374,https://cpt.tcgcsv.com/6Nl7,2025-12-04T18:34:40.447,1,,Code Card,,,,"This listing is <strong>not</strong> a physical item. Please keep in mind that this <strong>Code Card</strong> listing represents a digital copy of the stated item for the Pokémon TCG Online <strong>and/or</strong> the Pokémon TCG Live games. You may receive the physical <strong>Code Card</strong>. Upon purchase, please work with your specific Seller by sending them a message using the <strong>Contact Seller</strong> button on the order details in your <a href=https://store.tcgplayer.com/myaccount/orderhistory>Order History</a> to opt in to having your <strong>Code Card</strong> code delivered digitally due to the nature of the product.",,,,,,5.0,5.0,5.0,,,Normal,
668362,Alola Trio Pin Blister,Alola Trio Pin Blister,https://tcgplayer-cdn.tcgplayer.com/product/668362_200w.jpg,3,2374,https://cpt.tcgcsv.com/gmm7,2025-12-08T17:44:21.277,1,,,,,,"Give Your Collection a Boost!<br>
Power up your Pokémon TCG collection with 2 booster packs and a foil promo card featuring Absol, and show your Pokémon pride with an awesome collector's pin featuring the first partner Pokémon of the new Alola region: Rowlet, Litten, and Popplio!<br><br>
Product details: <br>
• 2 Pokémon TCG booster packs<br>
• 1 foil Absol promo card<br>
• 1 Pokémon collector's pin<br>",,,,,,,,,,,,0820650801723
668437,Ethan's Magcargo - 036/182 (Cosmo Holo),Ethans Magcargo 036 182 Cosmo Holo,https://tcgplayer-cdn.tcgplayer.com/product/668437_200w.jpg,3,2374,https://cpt.tcgcsv.com/Mnm7,2025-12-09T17:16:01.997,0,036/182,Promo,Fire,130,Stage 1,"<strong>Ability: Melt Away</strong> If this Pokémon has no Energy attached, it has no Retreat Cost.",[RRR] Lava Burst (70x)<br> Discard up to 5 Fire Energy from this Pokémon. This attack does 70 damage for each card you discarded in this way.,,Wx2,,3,0.56,1.4,3.99,1.07,,Holofoil,
668438,Arven's Greedent - 159/182 (Cosmo Holo),Arvens Greedent 159 182 Cosmo Holo,https://tcgplayer-cdn.tcgplayer.com/product/668438_200w.jpg,3,2374,https://cpt.tcgcsv.com/Nnm7,2025-12-09T17:35:06.763,0,159/182,Promo,Colorless,120,Stage 1,"<strong>Ability: Greedy Order</strong> When you play this Pokémon from your hand to evolve 1 of your Pokémon during your turn, you may put up to 2 161 cards from your discard pile into your hand.",[CC] Rolling Tackle (50),,Fx2,,2,0.99,2.12,3.45,1.72,,Holofoil,
668453,Ralts (Cosmos Holo),Ralts Cosmos Holo,https://tcgplayer-cdn.tcgplayer.com/product/668453_200w.jpg,3,2374,https://cpt.tcgcsv.com/5pm7,2025-12-09T20:24:16.73,1,058/132,Common,Psychic,70,Basic,,[C] Collect<br> Draw a card.,[P] Headbutt (10),Dx2,F-30,1,0.05,0.32,4.99,0.27,,Holofoil,
668455,Kirlia (Cosmos Holo),Kirlia Cosmos Holo,https://tcgplayer-cdn.tcgplayer.com/product/668455_200w.jpg,3,2374,https://cpt.tcgcsv.com/7pm7,2025-12-09T20:26:27.003,1,059/132,Common,Psychic,100,Stage 1,,"[P] Call Sign<br> Search your deck for up to 3 Pokemon, reveal them, and put them into your hand. Then, shuffle your deck.",[P] Psyshot (30),Dx2,F-30,1,0.08,0.35,4.99,0.35,,Holofoil,
668457,Riolu (Cosmos Holo),Riolu Cosmos Holo,https://tcgplayer-cdn.tcgplayer.com/product/668457_200w.jpg,3,2374,https://cpt.tcgcsv.com/9pm7,2026-02-17T15:43:16.08,1,076/132,Common,Fighting,80,Basic,,"[F] Accelerating Stab (30)<br> During your next turn, this Pokemon can't use Accelerating Stab.",,Px2,,2,0.1,0.35,3.99,0.31,,Holofoil,
668590,Pokemon Day 2026 Collection,Pokemon Day 2026 Collection,https://tcgplayer-cdn.tcgplayer.com/product/668590_200w.jpg,3,2374,https://cpt.tcgcsv.com/Qrm7,2026-02-10T19:16:34.613,1,,,,,,"Celebrate 30 Years of Pokémon!
<br>
Every year on February 27, Pokémon fans around the world celebrate Pokémon Day to commemorate the release of the very first Pokémon video games in Japan. Pokémon Day 2026 is an extra-special occasion-it's Pokémon's 30th anniversary, and you're invited to the party! Celebrate with a specially stamped foil promo card featuring Pikachu and a metallic coin featuring the 30th anniversary logo, plus three booster packs from different Pokémon TCG expansions.
<br><br>

The Pokémon TCG: Pokémon Day 2026 Collection includes:
<br>
• 1 foil promo card featuring Pikachu with a Pokémon Day stamp<br>
• 1 Pokémon coin<br>
• 3 Pokémon TCG booster packs<br>",,,,,,25.0,31.53,500.0,27.02,,Normal,0196214141537
668591,Pokemon Day 2026 Collection Case,Pokemon Day 2026 Collection Case,https://tcgplayer-cdn.tcgplayer.com/product/668591_200w.jpg,3,2374,https://cpt.tcgcsv.com/Rrm7,2026-02-12T20:33:08.333,1,,,,,,"Celebrate 30 Years of Pokémon!
<br>
Every year on February 27, Pokémon fans around the world celebrate Pokémon Day to commemorate the release of the very first Pokémon video games in Japan. Pokémon Day 2026 is an extra-special occasion-it's Pokémon's 30th anniversary, and you're invited to the party! Celebrate with a specially stamped foil promo card featuring Pikachu and a metallic coin featuring the 30th anniversary logo, plus three booster packs from different Pokémon TCG expansions.
<br><br>
Case contains 6 Pokémon Day 2026 Collection boxes </strong><br>
The Pokémon TCG: Pokémon Day 2026 Collection includes:
<br>
• 1 foil promo card featuring Pikachu with a Pokémon Day stamp<br>
• 1 Pokémon coin<br>
• 3 Pokémon TCG booster packs<br>",,,,,,165.0,199.99,349.99,157.9,,Normal,10196214141534
668648,Pokemon - Poke Ball Tin - Repeat Ball,Pokemon Poke Ball Tin Repeat Ball,https://tcgplayer-cdn.tcgplayer.com/product/668648_200w.jpg,3,2374,https://cpt.tcgcsv.com/-sm7,2025-12-16T16:08:58.543,1,,,,,,"Each aluminum Repeat Ball Tin contains three random Pokemon TCG booster packs and 2 sticker sheets.
<br><br>
<em>(Pokemon TCG booster packs vary by product.)</em>",,,,,,24.5,28.88,34.99,27.65,,Normal,
668956,Victini (Black Bolt Stamped),Victini Black Bolt Stamped,https://tcgplayer-cdn.tcgplayer.com/product/668956_200w.jpg,3,2374,https://cpt.tcgcsv.com/8Cm7,2026-01-13T14:21:23.84,1,012/086,Rare,Fire,80,Basic,,"[RR] V-Force (120)<br> If you have 4 or fewer Benched Pokémon, this attack does nothing.",,Wx2,,1,0.12,0.63,10.0,0.69,,Holofoil,
668957,Zekrom ex (Black Bolt Stamped),Zekrom ex Black Bolt Stamped,https://tcgplayer-cdn.tcgplayer.com/product/668957_200w.jpg,3,2374,https://cpt.tcgcsv.com/9Cm7,2026-02-24T14:18:05.42,1,034/086,Double Rare,Lightning,230,Basic,,[CC] Slash (50),[LLC] Voltage Burst (130+)<br> This attack does 50 more damage for each Prize card your opponent has taken. This Pokémon also does 30 damage to itself.,Fx2,,2,0.3,0.79,10.0,0.67,,Holofoil,
668958,Reshiram ex (White Flare Stamped),Reshiram ex White Flare Stamped,https://tcgplayer-cdn.tcgplayer.com/product/668958_200w.jpg,3,2374,https://cpt.tcgcsv.com/bCm7,2026-01-13T14:19:48.937,1,020/086,Double Rare,Fire,230,Basic,,[2] Slash (50),[1RR] Blaze Burst (130+)<br> This attack does 50 more damage for each Prize card your opponent has taken. Discard an Energy from this Pokémon.,Wx2,,2,0.39,0.75,10.0,0.6,,Holofoil,
668959,Zoroark (White Flare Stamped),Zoroark White Flare Stamped,https://tcgplayer-cdn.tcgplayer.com/product/668959_200w.jpg,3,2374,https://cpt.tcgcsv.com/cCm7,2026-01-13T14:20:25.777,1,062/086,Rare,Darkness,120,Stage 1,,[D] Mind Jack (30x)<br> This attack does 30 damage for each of your opponent's Benched Pokémon.,[3] Foul Play<br> Choose 1 of your opponent's Active Pokémon's attacks and use it as this attack.,Gx2,,1,0.17,0.5,70.0,0.55,,Holofoil,
670267,Reshiram & Archaludon ex Box [Set of 2],Reshiram and Archaludon ex Box Set of 2,https://tcgplayer-cdn.tcgplayer.com/product/670267_200w.jpg,3,2374,https://cpt.tcgcsv.com/m7n7,2025-12-23T14:59:22.147,1,,,,,,This listing includes a sealed pair of Reshiram ex box and Archaludon ex Box.,,,,,,48.01,69.99,99.99,48.19,,Normal,
670782,Knock Out Collection [Kyogre],Knock Out Collection Kyogre,https://tcgplayer-cdn.tcgplayer.com/product/670782_200w.jpg,3,2374,https://cpt.tcgcsv.com/Gkn7,2025-12-30T17:43:56.793,1,,,,,,"One Legendary Pokémon, One Awesome Set!
Discover a treasure trove of Pokémon TCG fun in this special set featuring the Legendary Pokémon Suicune as a cool foil card! You'll also find two Pokémon TCG booster packs to open, plus a fun sticker sheet.
<br><br>

This Pokémon TCG: Knock Out Collection includes:<br>

• 1 foil card featuring Kyogre<br>
• 1 sticker sheet<br>
• 2 Pokémon TCG booster packs<br>",,,,,,12.0,17.25,29.99,16.68,,Normal,0196214132610
670783,Knock Out Collection [Suicune],Knock Out Collection Suicune,https://tcgplayer-cdn.tcgplayer.com/product/670783_200w.jpg,3,2374,https://cpt.tcgcsv.com/Hkn7,2025-12-30T17:44:36.953,1,,,,,,"One Legendary Pokémon, One Awesome Set!
Discover a treasure trove of Pokémon TCG fun in this special set featuring the Legendary Pokémon Suicune as a cool foil card! You'll also find two Pokémon TCG booster packs to open, plus a fun sticker sheet.
<br><br>

This Pokémon TCG: Knock Out Collection includes:<br>

• 1 foil card featuring Suicune<br>
• 1 sticker sheet<br>
• 2 Pokémon TCG booster packs<br>",,,,,,12.0,16.89,29.99,16.7,,Normal,0496214132610
670787,Kyogre (Cosmos Holo),Kyogre Cosmos Holo,https://tcgplayer-cdn.tcgplayer.com/product/670787_200w.jpg,3,2374,https://cpt.tcgcsv.com/Mkn7,2025-12-30T17:53:41.783,1,034/132,Rare,Water,150,Basic,,"[W] Riptide (20x)<br> This attack does 20 damage for each Basic Water Energy card in your discard pile. Then, shuffle those cards into your deck.",[WWC] Swirling Waves (130)<br> Discard 2 Energy from this Pokemon.,Lx2,,3,0.2,0.93,5.0,0.68,,Holofoil,
670788,Suicune (Cosmos Holo),Suicune Cosmos Holo,https://tcgplayer-cdn.tcgplayer.com/product/670788_200w.jpg,3,2374,https://cpt.tcgcsv.com/Nkn7,2025-12-30T17:58:39.517,1,026/094,Rare,Water,130,Basic,,"[WW] Crystal Fall (30+)<br> If you have at least 4 Water Energy in play, this attack does 90 more damage.",,Lx2,,2,0.1,1.25,7.1,0.77,,Holofoil,
670913,Code Card - Great Tusk ex & Iron Treads ex Premium Collection,Code Card Great Tusk ex and Iron Treads ex Premium Collection,https://tcgplayer-cdn.tcgplayer.com/product/670913_200w.jpg,3,2374,https://cpt.tcgcsv.com/hnn7,2026-01-02T20:21:31.46,1,,Code Card,,,,"This listing is <strong>not</strong> a physical item. Please keep in mind that this <strong>Code Card</strong> listing represents a digital copy of the stated item for the Pokémon TCG Online <strong>and/or</strong> the Pokémon TCG Live games. You may receive the physical <strong>Code Card</strong>. Upon purchase, please work with your specific Seller by sending them a message using the <strong>Contact Seller</strong> button on the order details in your <a href=https://store.tcgplayer.com/myaccount/orderhistory>Order History</a> to opt in to having your <strong>Code Card</strong> code delivered digitally due to the nature of the product.",,,,,,0.45,0.7,0.91,0.7,,Normal,
670914,Play! Pokemon Prize Pack Series Eight,Play Pokemon Prize Pack Series Eight,https://tcgplayer-cdn.tcgplayer.com/product/670914_200w.jpg,3,2374,https://cpt.tcgcsv.com/jnn7,2026-01-02T20:27:50.767,1,,,,,,"EXCLUSIVE Prize Pack<br>
This pack contains a handful of awesome cards for your Pokémon TCG collection, each stamped with a Play! Pokémon stamp and available only at participating stores as prizes for Play! Pokémon events. You might find alternate Energy cards inside, or even a special Pokémon-like a Tera Pokémon ex or an Ancient or Future Pokémon!
<br><br>

Each Prize Pack contains six cards.",,,,,,5.69,7.0,9.99,6.73,,Normal,
671234,Suicune (EB Games Exclusive),Suicune EB Games Exclusive,https://tcgplayer-cdn.tcgplayer.com/product/671234_200w.jpg,3,2374,https://cpt.tcgcsv.com/Jvn7,2026-01-06T19:58:59.67,1,026/094,Rare,Water,130,Basic,,"[WW] Crystal Fall (30+)<br> If you have at least 4 Water Energy in play, this attack does 90 more damage.",,Lx2,,2,62.0,71.41,114.13,69.88,,Holofoil,
671249,Mega Charizard Tin (Mega Charizard Y),Mega Charizard Tin Mega Charizard Y,https://tcgplayer-cdn.tcgplayer.com/product/671249_200w.jpg,3,2374,https://cpt.tcgcsv.com/_vn7,2026-02-20T05:10:20.81,1,,,,,,"Choose Your Charizard!
<br>
Under the right conditions—including a strong bond with its Trainer—Charizard can surpass its own limits and Mega Evolve! With this tin, you can choose the raging blue flames of Mega Charizard X ex or the aerial agility of Mega Charizard Y ex, then find more Pokémon inside a handful of booster packs.
<br><br>
The Pokémon TCG: Mega Charizard Tin includes:<br>
• 1 foil promo card featuring Mega Charizard X ex or Mega Charizard Y ex<br>
• 4 Pokémon TCG booster packs<br>
• A code card for Pokémon TCG Live<br>",,,,,,27.99,39.38,99.99,34.92,,Normal,0196214147539
671250,Mega Charizard Tin (Mega Charizard X),Mega Charizard Tin Mega Charizard X,https://tcgplayer-cdn.tcgplayer.com/product/671250_200w.jpg,3,2374,https://cpt.tcgcsv.com/0wn7,2026-02-20T05:10:20.81,1,,,,,,"Choose Your Charizard!<br>

Under the right conditions—including a strong bond with its Trainer—Charizard can surpass its own limits and Mega Evolve! With this tin, you can choose the raging blue flames of Mega Charizard X ex or the aerial agility of Mega Charizard Y ex, then find more Pokémon inside a handful of booster packs.
<br><br>
The Pokémon TCG: Mega Charizard Tin includes:<br>
• 1 foil promo card featuring Mega Charizard X ex or Mega Charizard Y ex<br>
• 4 Pokémon TCG booster packs<br>
• A code card for Pokémon TCG Live<br>",,,,,,30.0,39.99,99.99,37.14,,Normal,0196214147539
671271,2-Pack Blister [Raikou] (3-tab),2 Pack Blister Raikou 3 tab,https://tcgplayer-cdn.tcgplayer.com/product/671271_200w.jpg,3,2374,https://cpt.tcgcsv.com/rwn7,2026-01-06T20:41:10.653,1,,,,,,"Give Your Collection a Boost!<br>
Expand your collection with a foil Pokémon TCG card featuring Raikou-plus a metallic coin and two Pokémon TCG booster packs!",,,,,,13.55,17.62,30.0,16.23,,Normal,0196214132597
671274,2-Pack Blister [Raikou] (1-tab),2 Pack Blister Raikou 1 tab,https://tcgplayer-cdn.tcgplayer.com/product/671274_200w.jpg,3,2374,https://cpt.tcgcsv.com/vwn7,2026-01-06T20:44:05.567,1,,,,,,"Give Your Collection a Boost!<br>
Expand your collection with a foil Pokémon TCG card featuring Raikou-plus a metallic coin and two Pokémon TCG booster packs!",,,,,,14.99,20.93,31.99,21.86,,Normal,0820650855863
672359,Aerodactyl (01/62) (Prerelease),Aerodactyl 01 62 Prerelease,https://tcgplayer-cdn.tcgplayer.com/product/672359_200w.jpg,3,2374,https://cpt.tcgcsv.com/cZn7,2026-01-13T14:12:37.727,1,01/62,Holo Rare,Fighting,60,Stage 1,"<strong>Pokémon Power: Prehistoric Power</strong> No more Evolution cards can be played. This power stops working while Aerodactyl is Asleep, Confused, or Paralyzed.",[3] Wing Attack (30),,G,F-30,2,44.76,55.33,70.0,44.76,,Holofoil,
673358,Pikachu (Pokemon Day 2026),Pikachu Pokemon Day 2026,https://tcgplayer-cdn.tcgplayer.com/product/673358_200w.jpg,3,2374,https://cpt.tcgcsv.com/bmp7,2026-01-29T18:05:08.17,1,051/162,Common,Lightning,70,Basic,,"[L] Random Spark
This attack does 10 damage to 1 of your opponent’s Pokémon. (Don’t apply Weakness and Resistance for Benched Pokémon.",,Fx2,None,1,2.3,4.0,24.99,3.23,,Holofoil,
677398,Charmander - 020/217 (Cosmos Holo),Charmander 020 217 Cosmos Holo,https://tcgplayer-cdn.tcgplayer.com/product/677398_200w.jpg,3,2374,https://cpt.tcgcsv.com/-Zq7,2026-02-04T19:59:43.563,1,020/217,Common,Fire,80,Basic,,[RC] Fire Claws (30),,Wx2,,1,0.09,0.35,5.0,0.41,,Holofoil,
677399,Gastly - 123/217 (Cosmos Holo),Gastly 123 217 Cosmos Holo,https://tcgplayer-cdn.tcgplayer.com/product/677399_200w.jpg,3,2374,https://cpt.tcgcsv.com/_Zq7,2026-02-04T20:00:27.34,0,123/217,Common,Darkness,70,Basic,,[D] Petty Grudge (10),,Fx2,,1,0.01,0.27,4.99,0.28,,Holofoil,
677532,Code Card - Mega Charizard Tin (Mega Charizard Y),Code Card Mega Charizard Tin Mega Charizard Y,https://tcgplayer-cdn.tcgplayer.com/product/677532_200w.jpg,3,2374,https://cpt.tcgcsv.com/G0r7,2026-02-23T13:06:03.55,1,,Code Card,,,,"This listing is <strong>not</strong> a physical item. Please keep in mind that this <strong>Code Card</strong> listing represents a digital copy of the stated item for the Pokémon TCG Online <strong>and/or</strong> the Pokémon TCG Live games. You may receive the physical <strong>Code Card</strong>. Upon purchase, please work with your specific Seller by sending them a message using the <strong>Contact Seller</strong> button on the order details in your <a href=https://store.tcgplayer.com/myaccount/orderhistory>Order History</a> to opt in to having your <strong>Code Card</strong> code delivered digitally due to the nature of the product.",,,,,,0.01,0.99,4.99,,,Normal,
677533,Code Card - Mega Charizard Tin (Mega Charizard X),Code Card Mega Charizard Tin Mega Charizard X,https://tcgplayer-cdn.tcgplayer.com/product/677533_200w.jpg,3,2374,https://cpt.tcgcsv.com/H0r7,2026-02-23T13:05:57.18,1,,Code Card,,,,"This listing is <strong>not</strong> a physical item. Please keep in mind that this <strong>Code Card</strong> listing represents a digital copy of the stated item for the Pokémon TCG Online <strong>and/or</strong> the Pokémon TCG Live games. You may receive the physical <strong>Code Card</strong>. Upon purchase, please work with your specific Seller by sending them a message using the <strong>Contact Seller</strong> button on the order details in your <a href=https://store.tcgplayer.com/myaccount/orderhistory>Order History</a> to opt in to having your <strong>Code Card</strong> code delivered digitally due to the nature of the product.",,,,,,0.01,0.87,1.49,,,Normal,
678169,Bulbasaur (Pokemon Day 2026),Bulbasaur Pokemon Day 2026,https://tcgplayer-cdn.tcgplayer.com/product/678169_200w.jpg,3,2374,https://cpt.tcgcsv.com/phr7,2026-03-02T20:10:12.917,1,001/132,Common,Grass,80,Basic,,"[G] Bind Down (10)<br> During your opponent's next turn, the Defending Pokemon can't retreat.",,Rx2,,2,12.29,14.64,44.69,13.16,,Holofoil,
679249,Larry's Komala - 175/217 (Cosmo Holo),Larrys Komala 175 217 Cosmo Holo,https://tcgplayer-cdn.tcgplayer.com/product/679249_200w.jpg,3,2374,https://cpt.tcgcsv.com/_Jr7,2026-02-18T15:10:39.55,0,175/217,Common,Colorless,90,Basic,"<strong>Ability: Lethargic Charge</strong> Once during your turn, if this Pokemon is on your Bench, you may use this Ability. Attach an Energy card from your hand to your Active Larry's Pokemon.",[C] Dozing Draw<br> This Pokemon is now Asleep. Draw 2 cards.,,Fx2,,2,0.02,0.24,8.99,0.18,,Holofoil,
679253,Erika's Tangela - 007/217 (Cosmo Holo),Erikas Tangela 007 217 Cosmo Holo,https://tcgplayer-cdn.tcgplayer.com/product/679253_200w.jpg,3,2374,https://cpt.tcgcsv.com/5Kr7,2026-02-18T15:12:54.817,0,007/217,Common,Grass,60,Basic,"<strong>Ability: Gathering of Blossoms</strong> Once during your turn, you may use this Ability. Search your deck for an Erika's Pokemon, reveal it, and put it into your hand. Then, shuffle your deck.","[GC] Bind (50)<br> Flip a coin. If heads, your opponent's Active Pokemon is now Paralyzed.",,Rx2,,2,0.08,0.3,3.0,0.28,,Holofoil,
679554,Mega Charizard Tin Case,Mega Charizard Tin Case,https://tcgplayer-cdn.tcgplayer.com/product/679554_200w.jpg,3,2374,https://cpt.tcgcsv.com/6Rr7,2026-02-20T05:10:20.81,0,,,,,,"Choose Your Charizard!
<br>
Under the right conditions—including a strong bond with its Trainer—Charizard can surpass its own limits and Mega Evolve! With this tin, you can choose the raging blue flames of Mega Charizard X ex or the aerial agility of Mega Charizard Y ex, then find more Pokémon inside a handful of booster packs.

<br><br>
<strong> Case contains 3 Mega Charizard Y ex tins and 2 Mega Charizard X ex tins</strong<br>

The Pokémon TCG: Mega Charizard Tin includes:<br>
• 1 foil promo card featuring Mega Charizard X ex or Mega Charizard Y ex<br>
• 4 Pokémon TCG booster packs<br>
• A code card for Pokémon TCG Live<br>",,,,,,189.9,229.99,268.98,182.96,,Normal,
680666,Aegislash ex Box (EU Exclusive),Aegislash ex Box EU Exclusive,https://tcgplayer-cdn.tcgplayer.com/product/680666_200w.jpg,3,2374,https://cpt.tcgcsv.com/lhs7,2026-02-23T21:12:40.033,2,,,,,,"Stage a Battle Breakthrough—with Aegislash ex!
<br>
<br>Make your mark in battle with the big HP and supercharged attacks of Pokémon ex—including Aegislash ex! This awesome Metal-type Pokémon evolves from Honedge and Doublade to become a powerful force in play. In this set, you get all three of these Pokémon, plus a foil oversize card of Aegislash ex to show off. Even more Pokémon await inside booster packs!
<br>
<br><strong>Product Specifications:</strong>
<br>The Pokémon TCG: Aegislash ex Box includes:
<br>• 3 foil cards featuring Honedge, Doublade, and Aegislash ex
<br>• 1 oversize foil card featuring Aegislash ex
<br>• 4 Pokémon TCG booster packs <em>(booster packs and contents vary)</em>
<br>• A code card for Pokémon TCG Live",,,,,,,,,,,,0820650411991
680671,Lycanroc ex Box (EU Exclusive),Lycanroc ex Box EU Exclusive,https://tcgplayer-cdn.tcgplayer.com/product/680671_200w.jpg,3,2374,https://cpt.tcgcsv.com/rhs7,2026-02-23T21:04:15.127,2,,,,,,"Stage a Battle Breakthrough—with Lycanroc ex!
<br>
<br>Make your mark in battle with the big HP and supercharged attacks of Pokémon ex—including Lycanroc ex! This awesome Fighting-type Pokémon evolves from Rockruff to become a powerful force in play. In this set, you get both of these Pokémon, plus a foil oversize card of Aegislash ex to show off. Even more Pokémon await inside booster packs!
<br>
<br><strong>Product Specifications:</strong>
<br>The Pokémon TCG: Lycanroc ex Box includes:
<br>• 2 foil cards featuring Rockruff and Lycanroc ex
<br>• 1 oversize foil card featuring Lycanroc ex
<br>• 4 Pokémon TCG booster packs <em>(booster packs and contents vary)</em>
<br>• A code card for Pokémon TCG Live",,,,,,,,,,,,0820650412011
680709,Chikorita (Cosmos Holo),Chikorita Cosmos Holo,https://tcgplayer-cdn.tcgplayer.com/product/680709_200w.jpg,3,2374,https://cpt.tcgcsv.com/cjs7,2026-02-24T15:10:31.68,1,008/217,Common,Grass,70,Basic,,"[C] Growl<br> During your opponent's next turn, attacks used by the Defending Pokemon do 20 less damage <em>(before applying Weakness and Resistance)</em>.",[GG] Seed Bomb (30),Rx2,,1,0.39,0.59,3.5,0.58,,Holofoil,
680710,Totodile (Cosmos Holo),Totodile Cosmos Holo,https://tcgplayer-cdn.tcgplayer.com/product/680710_200w.jpg,3,2374,https://cpt.tcgcsv.com/djs7,2026-02-24T15:13:32.117,1,041/217,Common,Water,80,Basic,,[WW] Slight Intrusion (40)<br> This Pokemon also does 10 damage to itself.,,Lx2,,1,0.3,0.84,5.0,0.83,,Holofoil,
680954,Xerneas (Asia Promo),Xerneas Asia Promo,https://tcgplayer-cdn.tcgplayer.com/product/680954_200w.jpg,3,2374,https://cpt.tcgcsv.com/6ps7,2026-02-26T18:25:09.853,1,064/132,Rare,Psychic,120,Basic,,"[P] Geo Gate<br> Search your deck for up to 3 Basic Psychic Pokemon and put them onto your Bench. Then, shuffle your deck.","[PPC] Bright Horns (120)<br> During your next turn, this Pokemon can't use Bright Horns.",Mx2,,1,,,,,,,
681598,Meowth - 53/83 (20th Anniversary),Meowth 53 83 20th Anniversary,https://tcgplayer-cdn.tcgplayer.com/product/681598_200w.jpg,3,2374,https://cpt.tcgcsv.com/-Fs7,2026-02-27T21:52:40.247,1,053/083,Promo,Colorless,60,Basic,,"[1] Exhausted Tackle
<br>Flip a coin. If heads, this attack does 30 damage to your opponent's Active Pokémon. If tails, this Pokémon does 30 damage to itself.",,Fx2,None,1,,,,,,,
681895,Tepig - 029/217 (Cosmos Holo),Tepig 029 217 Cosmos Holo,https://tcgplayer-cdn.tcgplayer.com/product/681895_200w.jpg,3,2374,https://cpt.tcgcsv.com/WMs7,2026-03-01T14:53:04.503,1,029/217,Common,Fire,80,Basic,,[R] Steady Firebreathing (20),,Wx2,,2,0.3,0.5,5.0,0.5,,Holofoil,
682939,Mega Zygarde ex Premium Collection,Mega Zygarde ex Premium Collection,https://tcgplayer-cdn.tcgplayer.com/product/682939_200w.jpg,3,2374,https://cpt.tcgcsv.com/Pbt7,2026-03-09T13:33:14.3,1,,,,,,"Mega Zygarde ex Nullifies the Opposition!
<br>
Boasting greater power than ever before, the Legendary Zygarde surprises the world by becoming a Mega Evolution Pokémon ex! Its strong attacks can decimate your opponent’s strategy by overwhelming their Pokémon with damage. In this collection, you get a ready-to-play foil promo card featuring Mega Zygarde ex, along with an oversize lenticular card and a tech sticker for display. You’ll also find a stack of booster packs from different Pokémon TCG expansions.
<br><br>

The Pokémon TCG: Mega Zygarde ex Premium Collection includes:<br>
• 1 foil promo card featuring Mega Zygarde ex<br>
• 1 oversize lenticular promo card featuring Mega Zygarde ex<br>
• 1 tech sticker featuring Mega Zygarde ex<br>
• 8 Pokémon TCG booster packs<br>",,,,,,69.62,69.63,69.95,69.65,,Normal,0196214153349
682940,Mega Zygarde ex Premium Collection Case,Mega Zygarde ex Premium Collection Case,https://tcgplayer-cdn.tcgplayer.com/product/682940_200w.jpg,3,2374,https://cpt.tcgcsv.com/Qbt7,2026-03-09T13:34:00.58,0,,,,,,"Mega Zygarde ex Nullifies the Opposition!
<br>
Boasting greater power than ever before, the Legendary Zygarde surprises the world by becoming a Mega Evolution Pokémon ex! Its strong attacks can decimate your opponent’s strategy by overwhelming their Pokémon with damage. In this collection, you get a ready-to-play foil promo card featuring Mega Zygarde ex, along with an oversize lenticular card and a tech sticker for display. You’ll also find a stack of booster packs from different Pokémon TCG expansions.
<br><br>

Case contains 6 Mega Zygarde ex Premium Collection boxes. <br><br>

The Pokémon TCG: Mega Zygarde ex Premium Collection includes:<br>
• 1 foil promo card featuring Mega Zygarde ex<br>
• 1 oversize lenticular promo card featuring Mega Zygarde ex<br>
• 1 tech sticker featuring Mega Zygarde ex<br>
• 8 Pokémon TCG booster packs<br>",,,,,,448.99,448.99,449.0,,,Normal,10196214153346
683004,Poke Ball with Two Mini Tins (Sam's Club),Poke Ball with Two Mini Tins Sams Club,https://tcgplayer-cdn.tcgplayer.com/product/683004_200w.jpg,3,2374,https://cpt.tcgcsv.com/6dt7,2026-03-10T17:54:25.943,0,,,,,,"Expand your collection with the Pokémon TCG: Scarlet & Violet—151 Mini Tin, perfectly sized for taking your favorite cards on the go! This fantastic tin is easy to open and features a pair of Pokemon in one of 10 fun Pokémon illustrations—and all 10 form a single image when you line them up. The pairs featured are Arcanine and Omanyte, Dragonite and Vileplume, Gengar and Poliwag, Meowth and Hitmonchan, Kadabra and Hitmonlee, Magneton and Ekans, Slowpoke and Sandshrew, Electabuzz and Magnemite, Scyther and Weezing, Machamp and Cubone

<br><br>
Each Pokemon TCG: Scarlet & Violet; 151 Mini Tin includes: <br>
• 2 Pokémon TCG: Scarlet & Violet—151 booster packs <br>
• 1 cool coin featuring an Energy symbol <br>
• A Pokémon art card showing the art from this Mini Tin—you can collect and combine all 10. 
<br><br>Each Pokémon TCG: Poké Ball Tin includes: <br>
• 3 Pokémon TCG booster packs <br>
• 1 Pokémon coin (Cards vary by pack. Coin and packs may vary by product.)",,,,,,,,,,,,0873650412301
683264,"2-Pack Blister Pack [Oddish, Gloom, & Vileplume]",2 Pack Blister Pack Oddish Gloom and Vileplume,https://tcgplayer-cdn.tcgplayer.com/product/683264_200w.jpg,3,2374,https://cpt.tcgcsv.com/jkt7,2026-03-12T18:22:55.81,1,,,,,,"Give Your Collection a Boost!
<br>
Expand your collection with foil Pokémon TCG cards featuring Oddish, Gloom, and Vileplume-plus a metallic coin and two Pokémon TCG booster packs!",,,,,,12.98,23.61,35.0,23.15,,Normal,0196214134584
684041,Oddish (Cosmos Holo),Oddish Cosmos Holo,https://tcgplayer-cdn.tcgplayer.com/product/684041_200w.jpg,3,2374,https://cpt.tcgcsv.com/RDt7,2026-03-13T19:50:18.987,1,001/094,Common,Grass,50,Basic,,[G] Seed Bomb (20),,Rx2,,1,0.2,1.4,3.99,1.4,,Holofoil,
684042,Gloom (Cosmos Holo),Gloom Cosmos Holo,https://tcgplayer-cdn.tcgplayer.com/product/684042_200w.jpg,3,2374,https://cpt.tcgcsv.com/SDt7,2026-03-13T19:52:06.637,1,002/094,Common,Grass,70,Stage 1,,[G] Disperse Drool (20)<br> This attack also does 20 damage to each Benched Pokemon <em>(both yours and your opponent's)</em>. <em>(Don't apply Weakness and Resistance for Benched Pokemon.)</em>,,Rx2,,1,1.0,2.57,4.99,2.6,,Holofoil,
684043,Vileplume (Cosmos Holo),Vileplume Cosmos Holo,https://tcgplayer-cdn.tcgplayer.com/product/684043_200w.jpg,3,2374,https://cpt.tcgcsv.com/TDt7,2026-03-13T19:53:33.15,1,003/094,Rare,Grass,150,Stage 2,,[G] Pollen Bomb (30)<br> Your opponent's Active Pokemon is now Asleep and Poisoned.,"[G] Lively Flower (60+)<br> If this Pokemon was healed during this turn, this attack does 120 more damage.",Rx2,,2,1.0,2.57,4.99,2.59,,Holofoil,
684106,League Battle Deck [Mega Lucario ex],League Battle Deck Mega Lucario ex,https://tcgplayer-cdn.tcgplayer.com/product/684106_200w.jpg,3,2374,https://cpt.tcgcsv.com/8Gt7,2026-03-16T19:06:55.55,1,,,,,,"A Burst of Bravery with Mega Lucario ex!<br>
In this box, you’ll find:<br>
• 1 ready-to-play 60-card deck<br>
• 6 damage-counter dice<br>
• 1 coin-flip die<br>
• 2 coin condition markers<br>
• 1 deck box<br>
• 1 strategy sheet<br>
• 1 code card to play this deck online",,,,,,39.99,39.99,39.99,,,Normal,0196214135079
684107,League Battle Deck Case [Mega Lucario ex],League Battle Deck Case Mega Lucario ex,https://tcgplayer-cdn.tcgplayer.com/product/684107_200w.jpg,3,2374,https://cpt.tcgcsv.com/9Gt7,2026-03-16T19:08:25.573,0,,,,,,"A Burst of Bravery with Mega Lucario ex!<br>
<strong> Case contains 6 Mega Lucario ex League Battle Decks</strong> <br>
In this box, you’ll find:<br>
• 1 ready-to-play 60-card deck<br>
• 6 damage-counter dice<br>
• 1 coin-flip die<br>
• 2 coin condition markers<br>
• 1 deck box<br>
• 1 strategy sheet<br>
• 1 code card to play this deck online",,,,,,,,,,,,10196214135076
