productId,name,cleanName,imageUrl,categoryId,groupId,url,modifiedOn,imageCount,extNumber,extRarity,extCardType,extHP,extStage,extCardText,extAttack1,lowPrice,midPrice,highPrice,marketPrice,directLowPrice,subTypeName,extAttack2,extWeakness,extResistance,extRetreatCost,extAttack3
83439,Aaron's Collection,Aarons Collection,https://tcgplayer-cdn.tcgplayer.com/product/83439_200w.jpg,3,1367,https://cpt.tcgcsv.com/PnH,2023-11-07T21:59:45.463,1,88/111,Uncommon,Supporter,0,Supporter,"You can play only one Supporter each turn.  When you play this card, put it next to your Active Pokemon.  When your turn ends, discard this card.","Search your discard pile for up to 2 in any combination of Pokemon SP and basic Energy cards, show them to your opponent, and put them into your hand.",0.2,0.45,3.5,0.47,0.35,Normal,,,,,
83439,Aaron's Collection,Aarons Collection,https://tcgplayer-cdn.tcgplayer.com/product/83439_200w.jpg,3,1367,https://cpt.tcgcsv.com/PnH,2023-11-07T21:59:45.463,1,88/111,Uncommon,Supporter,0,Supporter,"You can play only one Supporter each turn.  When you play this card, put it next to your Active Pokemon.  When your turn ends, discard this card.","Search your discard pile for up to 2 in any combination of Pokemon SP and basic Energy cards, show them to your opponent, and put them into your hand.",1.99,2.21,2.36,1.05,,Reverse Holofoil,,,,,
83474,Aerodactyl GL,Aerodactyl GL,https://tcgplayer-cdn.tcgplayer.com/product/83474_200w.jpg,3,1367,https://cpt.tcgcsv.com/vpH,2023-11-07T21:55:10.477,1,55/111,Common,Fighting,80,Basic,,[1] Collect - Draw 2 cards.,0.25,0.5,5.0,0.59,,Normal,[1F] Primal Breath (30) Your opponent can't play any Pokemon from his or her hand to evolve or to Level-Up the Defending Pokemon during his or her next turn.,Lx2,F-20,0,
83474,Aerodactyl GL,Aerodactyl GL,https://tcgplayer-cdn.tcgplayer.com/product/83474_200w.jpg,3,1367,https://cpt.tcgcsv.com/vpH,2023-11-07T21:55:10.477,1,55/111,Common,Fighting,80,Basic,,[1] Collect - Draw 2 cards.,6.73,8.88,9.99,8.9,,Reverse Holofoil,[1F] Primal Breath (30) Your opponent can't play any Pokemon from his or her hand to evolve or to Level-Up the Defending Pokemon during his or her next turn.,Lx2,F-20,0,
83479,Aggron,Aggron,https://tcgplayer-cdn.tcgplayer.com/product/83479_200w.jpg,3,1367,https://cpt.tcgcsv.com/CpH,2023-11-07T21:49:30.007,1,14/111,Rare,Metal,130,Stage 2,,"[2] Return Blow - If Aggron was damaged by an attack during your opponent's last turn, this attack does the same amount of damage done to Aggron to the Defending Pokemon.",1.37,1.57,5.0,1.58,,Normal,"[2M] Metal Fang (40) You may discard the top card of your deck.  If you do, remove 2 damage counters and all Special Conditions from Aggron.",R+30,P-20,3,[2MM] Heavy Impact (70)
83479,Aggron,Aggron,https://tcgplayer-cdn.tcgplayer.com/product/83479_200w.jpg,3,1367,https://cpt.tcgcsv.com/CpH,2023-11-07T21:49:30.007,1,14/111,Rare,Metal,130,Stage 2,,"[2] Return Blow - If Aggron was damaged by an attack during your opponent's last turn, this attack does the same amount of damage done to Aggron to the Defending Pokemon.",1.55,4.99,5.39,4.8,,Reverse Holofoil,"[2M] Metal Fang (40) You may discard the top card of your deck.  If you do, remove 2 damage counters and all Special Conditions from Aggron.",R+30,P-20,3,[2MM] Heavy Impact (70)
83503,Alakazam E4,Alakazam E4,https://tcgplayer-cdn.tcgplayer.com/product/83503_200w.jpg,3,1367,https://cpt.tcgcsv.com/5qH,2023-11-07T21:52:37.4,1,38/111,Uncommon,Psychic,80,Basic,,[P] Recover - Discard a P Energy from Alakazam E4 and remove 4 damage counters from Alakazam E4.,1.35,1.99,9.99,1.92,,Normal,"[2P] Mysterious Beam (30) Flip a coin.  If heads, discard an Energy card attached to the Defending Pokemon.",Px2,,1,
83503,Alakazam E4,Alakazam E4,https://tcgplayer-cdn.tcgplayer.com/product/83503_200w.jpg,3,1367,https://cpt.tcgcsv.com/5qH,2023-11-07T21:52:37.4,1,38/111,Uncommon,Psychic,80,Basic,,[P] Recover - Discard a P Energy from Alakazam E4 and remove 4 damage counters from Alakazam E4.,12.95,14.24,4321.0,12.73,,Reverse Holofoil,"[2P] Mysterious Beam (30) Flip a coin.  If heads, discard an Energy card attached to the Defending Pokemon.",Px2,,1,
83504,Alakazam E4 Lv.X,Alakazam E4 LvX,https://tcgplayer-cdn.tcgplayer.com/product/83504_200w.jpg,3,1367,https://cpt.tcgcsv.com/6qH,2023-11-07T22:05:08.453,1,103/111,Ultra Rare,Psychic,100,Level Up,"Damage Switch - As often as you like during your turn (before your attack), you may move 1 damage counter from 1 of your Pokemon SP to another of your Pokemon SP.  This power can't be used if Alakazam E4 is affected by a Special Condition.  (Poke-POWER)",[1PP] Mind Shock (50) This attack's damage isn't affected by Weakness or Resistance.,85.0,85.0,85.0,100.5,,Holofoil,,Px2,,2,
83530,Ambipom G,Ambipom G,https://tcgplayer-cdn.tcgplayer.com/product/83530_200w.jpg,3,1367,https://cpt.tcgcsv.com/DqH,2025-11-11T22:20:35.253,1,56/111,Common,Colorless,80,Basic,,[1] Tail Code - Move an Energy card attached to the Defending Pokemon to another of your opponent's Pokemon.,0.16,0.41,1.0,0.51,0.23,Normal,"[2] Snap Attack (60) If the Defending Pokemon has any Energy cards attached to it, this attack's base damage is 20 instead of 60.",Fx2,,1,
83530,Ambipom G,Ambipom G,https://tcgplayer-cdn.tcgplayer.com/product/83530_200w.jpg,3,1367,https://cpt.tcgcsv.com/DqH,2025-11-11T22:20:35.253,1,56/111,Common,Colorless,80,Basic,,[1] Tail Code - Move an Energy card attached to the Defending Pokemon to another of your opponent's Pokemon.,2.5,2.91,7.17,2.7,,Reverse Holofoil,"[2] Snap Attack (60) If the Defending Pokemon has any Energy cards attached to it, this attack's base damage is 20 instead of 60.",Fx2,,1,
83585,Arcanine,Arcanine,https://tcgplayer-cdn.tcgplayer.com/product/83585_200w.jpg,3,1367,https://cpt.tcgcsv.com/KrH,2024-10-21T20:00:37.587,1,1/111,Holo Rare,Fire,100,Stage 1,"Flare Condition - As long as Arcanine has any R Energy attached to it, Arcanine has no Weakness.  (Poke-BODY)",[1R] Burn Out (30+) You may do 30 damage plus 30 more damage.  If you do Arcanine is now Burned.,40.97,55.61,65.49,46.31,,Holofoil,[2R] Flames of Rage (60+) Discard a R Energy attached to Arcanine.  This attack does 60 damage plus 10 more damage for each damage counter on Arcanine.,W+20,,2,
83585,Arcanine,Arcanine,https://tcgplayer-cdn.tcgplayer.com/product/83585_200w.jpg,3,1367,https://cpt.tcgcsv.com/KrH,2024-10-21T20:00:37.587,1,1/111,Holo Rare,Fire,100,Stage 1,"Flare Condition - As long as Arcanine has any R Energy attached to it, Arcanine has no Weakness.  (Poke-BODY)",[1R] Burn Out (30+) You may do 30 damage plus 30 more damage.  If you do Arcanine is now Burned.,40.0,40.0,98.79,59.84,,Reverse Holofoil,[2R] Flames of Rage (60+) Discard a R Energy attached to Arcanine.  This attack does 60 damage plus 10 more damage for each damage counter on Arcanine.,W+20,,2,
83637,Aron,Aron,https://tcgplayer-cdn.tcgplayer.com/product/83637_200w.jpg,3,1367,https://cpt.tcgcsv.com/MsH,2025-11-11T22:21:27.573,1,57/111,Common,Metal,50,Basic,,[M] Iron Head (10x) Flip a coin until you get tails.  This attack does 10 damage times the number of heads.,0.2,0.34,0.99,0.35,0.22,Normal,[2] Ram (20),R+10,P-20,1,
83637,Aron,Aron,https://tcgplayer-cdn.tcgplayer.com/product/83637_200w.jpg,3,1367,https://cpt.tcgcsv.com/MsH,2025-11-11T22:21:27.573,1,57/111,Common,Metal,50,Basic,,[M] Iron Head (10x) Flip a coin until you get tails.  This attack does 10 damage times the number of heads.,0.99,2.64,3.78,2.5,2.64,Reverse Holofoil,[2] Ram (20),R+10,P-20,1,
83738,Bastiodon GL,Bastiodon GL,https://tcgplayer-cdn.tcgplayer.com/product/83738_200w.jpg,3,1367,https://cpt.tcgcsv.com/NvH,2023-11-07T21:48:00.307,1,2/111,Holo Rare,Metal,90,Basic,,[2M] Bounce Back (30) Your opponent switches the Defending Pokemon with 1 of his or her Benched Pokemon.,1.75,4.89,7.34,6.84,4.15,Holofoil,[3M] Smack Attack (60) Remove 1 damage counter from Bastiodon GL.,Rx2,P-20,3,
83738,Bastiodon GL,Bastiodon GL,https://tcgplayer-cdn.tcgplayer.com/product/83738_200w.jpg,3,1367,https://cpt.tcgcsv.com/NvH,2023-11-07T21:48:00.307,1,2/111,Holo Rare,Metal,90,Basic,,[2M] Bounce Back (30) Your opponent switches the Defending Pokemon with 1 of his or her Benched Pokemon.,6.25,15.99,16.68,6.4,,Reverse Holofoil,[3M] Smack Attack (60) Remove 1 damage counter from Bastiodon GL.,Rx2,P-20,3,
83763,Bebe's Search,Bebes Search,https://tcgplayer-cdn.tcgplayer.com/product/83763_200w.jpg,3,1367,https://cpt.tcgcsv.com/hwH,2025-02-05T21:07:33.757,1,89/111,Uncommon,Supporter,0,Supporter,"You can play only one Supporter each turn.  When you play this card, put it next to your Active Pokemon.  When your turn ends, discard this card.","Choose a card from your hand and put it on top of your deck.  Search your deck for a Pokemon, show it to your opponent, and put it into your hand.  Shuffle your deck afterward.  (If this is the only card in your hand, you can't play this card.)",0.07,0.3,1.69,0.29,,Normal,,,,,
83763,Bebe's Search,Bebes Search,https://tcgplayer-cdn.tcgplayer.com/product/83763_200w.jpg,3,1367,https://cpt.tcgcsv.com/hwH,2025-02-05T21:07:33.757,1,89/111,Uncommon,Supporter,0,Supporter,"You can play only one Supporter each turn.  When you play this card, put it next to your Active Pokemon.  When your turn ends, discard this card.","Choose a card from your hand and put it on top of your deck.  Search your deck for a Pokemon, show it to your opponent, and put it into your hand.  Shuffle your deck afterward.  (If this is the only card in your hand, you can't play this card.)",0.39,1.01,2.98,1.15,,Reverse Holofoil,,,,,
83771,Beedrill,Beedrill,https://tcgplayer-cdn.tcgplayer.com/product/83771_200w.jpg,3,1367,https://cpt.tcgcsv.com/rwH,2023-11-07T21:49:37.213,1,15/111,Rare,Grass,110,Stage 2,"Flutter Wings - Once during your turn (before your attack), you may search your deck for a G Pokemon, show it to your opponent, and put it into your hand.  Shuffle your deck afterward.  This power can't be used if Beedrill is affected by a Special Condition.  (Poke-POWER)",[2G] Needle Shock (30) The Defending Pokemon is now Paralyzed and Poisoned.  Ignore this effect if any of your Pokemon used Needle Shock during your last turn.,0.3,0.88,5.0,0.95,,Normal,,R+30,,1,
83771,Beedrill,Beedrill,https://tcgplayer-cdn.tcgplayer.com/product/83771_200w.jpg,3,1367,https://cpt.tcgcsv.com/rwH,2023-11-07T21:49:37.213,1,15/111,Rare,Grass,110,Stage 2,"Flutter Wings - Once during your turn (before your attack), you may search your deck for a G Pokemon, show it to your opponent, and put it into your hand.  Shuffle your deck afterward.  This power can't be used if Beedrill is affected by a Special Condition.  (Poke-POWER)",[2G] Needle Shock (30) The Defending Pokemon is now Paralyzed and Poisoned.  Ignore this effect if any of your Pokemon used Needle Shock during your last turn.,1.26,2.19,3.59,2.47,,Reverse Holofoil,,R+30,,1,
83813,Bertha's Warmth,Berthas Warmth,https://tcgplayer-cdn.tcgplayer.com/product/83813_200w.jpg,3,1367,https://cpt.tcgcsv.com/hxH,2023-11-07T22:00:02.213,1,90/111,Uncommon,Supporter,0,Supporter,"You can play only one Supporter each turn.  When you play this card, put it next to your Active Pokemon.  When your turn ends, discard this card.",Remove 5 damage counters from 1 of your Pokemon SP.,0.14,0.32,1.44,0.44,,Normal,,,,,
83813,Bertha's Warmth,Berthas Warmth,https://tcgplayer-cdn.tcgplayer.com/product/83813_200w.jpg,3,1367,https://cpt.tcgcsv.com/hxH,2023-11-07T22:00:02.213,1,90/111,Uncommon,Supporter,0,Supporter,"You can play only one Supporter each turn.  When you play this card, put it next to your Active Pokemon.  When your turn ends, discard this card.",Remove 5 damage counters from 1 of your Pokemon SP.,1.33,2.16,2.99,1.21,,Reverse Holofoil,,,,,
83999,Bronzong E4,Bronzong E4,https://tcgplayer-cdn.tcgplayer.com/product/83999_200w.jpg,3,1367,https://cpt.tcgcsv.com/_CH,2025-11-11T22:26:01.247,1,16/111,Rare,Psychic,90,Basic,,[0] Hand Refresh - Each player shuffles his of her hand into his or her deck and draws up to 4 cards.  (You draw your cards first.),0.5,1.0,5.75,1.14,5.75,Normal,"[1P] Payback (10+) If your opponent has only 1 Prize card left, this attack does 10 damage plus 50 more damage and the Defending Pokemon is now Confused.",Px2,R-20,3,
83999,Bronzong E4,Bronzong E4,https://tcgplayer-cdn.tcgplayer.com/product/83999_200w.jpg,3,1367,https://cpt.tcgcsv.com/_CH,2025-11-11T22:26:01.247,1,16/111,Rare,Psychic,90,Basic,,[0] Hand Refresh - Each player shuffles his of her hand into his or her deck and draws up to 4 cards.  (You draw your cards first.),0.99,1.62,3.59,1.86,,Reverse Holofoil,"[1P] Payback (10+) If your opponent has only 1 Prize card left, this attack does 10 damage plus 50 more damage and the Defending Pokemon is now Confused.",Px2,R-20,3,
84115,Carvanha,Carvanha,https://tcgplayer-cdn.tcgplayer.com/product/84115_200w.jpg,3,1367,https://cpt.tcgcsv.com/kGH,2023-11-07T21:55:33.96,1,58/111,Common,Darkness,40,Basic,,"[1] Scary Face - Flip a coin.  If heads, the Defending Pokemon can't attack or retreat during your opponent's next turn.",0.05,0.24,1.49,0.21,,Normal,"[D] Whirlpool (10) Flip a coin.  If heads, discard an Energy attached to the Defending Pokemon.",L+10,P-20,1,
84115,Carvanha,Carvanha,https://tcgplayer-cdn.tcgplayer.com/product/84115_200w.jpg,3,1367,https://cpt.tcgcsv.com/kGH,2023-11-07T21:55:33.96,1,58/111,Common,Darkness,40,Basic,,"[1] Scary Face - Flip a coin.  If heads, the Defending Pokemon can't attack or retreat during your opponent's next turn.",0.7,1.03,1.57,1.15,1.57,Reverse Holofoil,"[D] Whirlpool (10) Flip a coin.  If heads, discard an Energy attached to the Defending Pokemon.",L+10,P-20,1,
84238,Charon's Choice,Charons Choice,https://tcgplayer-cdn.tcgplayer.com/product/84238_200w.jpg,3,1367,https://cpt.tcgcsv.com/NJH,2019-12-27T18:08:28.837,1,RT6,Ultra Rare,Supporter,,,"You can play only one Supporter each turn. When you play this card, put it next to your Active Pokemon. When your turn ends, discard this card.
<br><br>
Search your deck for any Rotom and switch it with any Rotom you have in play. Any cards attached to Rotom and damage counters on it are now on the new Pokemon. <em> (Remove all Special Conditions and effects from Rotom.)</em> Put Rotom on top of your deck.  Shuffle your deck afterward.",,9.5,10.74,96.8,10.64,,Reverse Holofoil,,,,,
84692,Darkness Energy (Special),Darkness Energy Special,https://tcgplayer-cdn.tcgplayer.com/product/84692_200w.jpg,3,1367,https://cpt.tcgcsv.com/STH,2025-02-05T21:07:33.803,1,99/111,Uncommon,Energy,0,Special Energy,,"If the Pokemon Darkness Energy is attached to attacks, the attack does 10 more damage to the Active Pokemon (before applying Weakness and Resistance).  Ignore this effect if the Pokemon that Darkness Energy is attached to isn't Dark.  Darkness Energy provides D Energy.  (Doesn't count as a basic Energy card.)",0.15,0.5,3.49,0.37,,Normal,,,,,
84692,Darkness Energy (Special),Darkness Energy Special,https://tcgplayer-cdn.tcgplayer.com/product/84692_200w.jpg,3,1367,https://cpt.tcgcsv.com/STH,2025-02-05T21:07:33.803,1,99/111,Uncommon,Energy,0,Special Energy,,"If the Pokemon Darkness Energy is attached to attacks, the attack does 10 more damage to the Active Pokemon (before applying Weakness and Resistance).  Ignore this effect if the Pokemon that Darkness Energy is attached to isn't Dark.  Darkness Energy provides D Energy.  (Doesn't count as a basic Energy card.)",1.15,1.7,2.64,1.55,,Reverse Holofoil,,,,,
84710,Darkrai G,Darkrai G,https://tcgplayer-cdn.tcgplayer.com/product/84710_200w.jpg,3,1367,https://cpt.tcgcsv.com/dVH,2023-11-07T21:48:06.5,1,3/111,Holo Rare,Darkness,90,Basic,Eerie Aura - Put 1 Damage counter on each of your opponent's Pokemon that remains Asleep between turns.  (Poke-BODY),"[2D] Darkness Sleep (50) If the Defending Pokemon already has any damage counters on it, that Pokemon is now Asleep.",26.0,33.91,72.91,49.59,,Holofoil,,Fx2,P-20,2,
84710,Darkrai G,Darkrai G,https://tcgplayer-cdn.tcgplayer.com/product/84710_200w.jpg,3,1367,https://cpt.tcgcsv.com/dVH,2023-11-07T21:48:06.5,1,3/111,Holo Rare,Darkness,90,Basic,Eerie Aura - Put 1 Damage counter on each of your opponent's Pokemon that remains Asleep between turns.  (Poke-BODY),"[2D] Darkness Sleep (50) If the Defending Pokemon already has any damage counters on it, that Pokemon is now Asleep.",32.18,77.59,123.0,123.11,,Reverse Holofoil,,Fx2,P-20,2,
84925,Drapion E4,Drapion E4,https://tcgplayer-cdn.tcgplayer.com/product/84925_200w.jpg,3,1367,https://cpt.tcgcsv.com/w-H,2023-11-07T21:49:51.747,1,17/111,Rare,Darkness,100,Basic,,"[2] Body Slam (20) Flip a coin.  If heads, the Defending Pokemon is now Paralyzed.",0.4,1.51,5.0,1.78,,Normal,[3P] Mega Impact (70),Fx2,P-20,3,
84925,Drapion E4,Drapion E4,https://tcgplayer-cdn.tcgplayer.com/product/84925_200w.jpg,3,1367,https://cpt.tcgcsv.com/w-H,2023-11-07T21:49:51.747,1,17/111,Rare,Darkness,100,Basic,,"[2] Body Slam (20) Flip a coin.  If heads, the Defending Pokemon is now Paralyzed.",2.2,2.23,2.25,2.14,,Reverse Holofoil,[3P] Mega Impact (70),Fx2,P-20,3,
85086,Eevee,Eevee,https://tcgplayer-cdn.tcgplayer.com/product/85086_200w.jpg,3,1367,https://cpt.tcgcsv.com/L2J,2025-11-11T22:26:56.267,1,59/111,Common,Colorless,50,Basic,,"[0] Signs of Evolution - Search your deck for up to 2 cards that evolve from Eevee, show them to your opponent, and put them into your hand.  Shuffle your deck afterward.",0.8,1.24,5.99,1.43,1.44,Normal,[1] Bounce (10) Switch Eevee with 1 of your Benched Pokemon.,F+10,,1,
85086,Eevee,Eevee,https://tcgplayer-cdn.tcgplayer.com/product/85086_200w.jpg,3,1367,https://cpt.tcgcsv.com/L2J,2025-11-11T22:26:56.267,1,59/111,Common,Colorless,50,Basic,,"[0] Signs of Evolution - Search your deck for up to 2 cards that evolve from Eevee, show them to your opponent, and put them into your hand.  Shuffle your deck afterward.",9.55,14.66,18.0,24.99,,Reverse Holofoil,[1] Bounce (10) Switch Eevee with 1 of your Benched Pokemon.,F+10,,1,
85166,Electrode G,Electrode G,https://tcgplayer-cdn.tcgplayer.com/product/85166_200w.jpg,3,1367,https://cpt.tcgcsv.com/l5J,2023-11-07T21:52:43.56,1,39/111,Uncommon,Lightning,70,Basic,,[L] Reckless Bomb - This attack does 20 damage to each of your opponent's Pokemon.  (Don't apply Weakness and Resistance for Benched Pokemon.)  Electrode G does 100 damage to itself.,0.15,0.39,1.0,0.37,,Normal,[2] Reflect Energy (30) Move an Energy card attached to Electrode G to 1 of your Benched Pokemon.,Fx2,M-20,1,
85166,Electrode G,Electrode G,https://tcgplayer-cdn.tcgplayer.com/product/85166_200w.jpg,3,1367,https://cpt.tcgcsv.com/l5J,2023-11-07T21:52:43.56,1,39/111,Uncommon,Lightning,70,Basic,,[L] Reckless Bomb - This attack does 20 damage to each of your opponent's Pokemon.  (Don't apply Weakness and Resistance for Benched Pokemon.)  Electrode G does 100 damage to itself.,0.89,2.25,5.99,1.79,,Reverse Holofoil,[2] Reflect Energy (30) Move an Energy card attached to Electrode G to 1 of your Benched Pokemon.,Fx2,M-20,1,
85330,Espeon E4,Espeon E4,https://tcgplayer-cdn.tcgplayer.com/product/85330_200w.jpg,3,1367,https://cpt.tcgcsv.com/D8J,2023-11-07T21:50:01.127,1,18/111,Rare,Psychic,80,Basic,,[1] Hypnosis - The Defending Pokemon is now Asleep.,7.61,14.39,17.98,9.74,,Normal,[1P] Psywave (20+) Does 20 damage plus 10 more damage for each Energy attached to the Defending Pokemon.,Px2,,1,
85330,Espeon E4,Espeon E4,https://tcgplayer-cdn.tcgplayer.com/product/85330_200w.jpg,3,1367,https://cpt.tcgcsv.com/D8J,2023-11-07T21:50:01.127,1,18/111,Rare,Psychic,80,Basic,,[1] Hypnosis - The Defending Pokemon is now Asleep.,14.53,14.53,14.53,22.53,,Reverse Holofoil,[1P] Psywave (20+) Does 20 damage plus 10 more damage for each Energy attached to the Defending Pokemon.,Px2,,1,
85380,Fan Rotom,Fan Rotom,https://tcgplayer-cdn.tcgplayer.com/product/85380_200w.jpg,3,1367,https://cpt.tcgcsv.com/D9J,2019-09-03T20:53:22.033,1,RT1,Ultra Rare,Lightning,70,Basic,"Fan Shift - Once during your turn (before your attack), you may use this power.  Fan Rotom's type is C until the end of your turn.  (Poke-POWER)","[2] Spin Storm - Flip a coin.  If heads, your opponent returns the Defending Pokemon and all cards attached to it to his or her hand.",14.99,19.21,22.0,25.12,,Reverse Holofoil,"[3] Air Slash (60) Flip a coin.  If tails, discard an Energy attached to Fan Rotom.",D+20,C-20,0,
85497,Flareon,Flareon,https://tcgplayer-cdn.tcgplayer.com/product/85497_200w.jpg,3,1367,https://cpt.tcgcsv.com/ZcJ,2023-11-07T21:50:08.137,1,19/111,Rare,Fire,80,Stage 1,"Undevelop - Once during your turn (before your attack), you may devolve Flareon and put Flareon into your hand.  This power can't be used if Flareon is affected by a Special Condition.  (Poke-POWER)",[1] Tail Slap (30),4.2,7.69,15.0,7.64,,Normal,"[1R] Evolving Flare (40+) If Flareon evolved from Eevee during this turn, this attack does 40 damage plus 20 more damage and the Defending Pokemon is now Burned.",W+20,,1,
85497,Flareon,Flareon,https://tcgplayer-cdn.tcgplayer.com/product/85497_200w.jpg,3,1367,https://cpt.tcgcsv.com/ZcJ,2023-11-07T21:50:08.137,1,19/111,Rare,Fire,80,Stage 1,"Undevelop - Once during your turn (before your attack), you may devolve Flareon and put Flareon into your hand.  This power can't be used if Flareon is affected by a Special Condition.  (Poke-POWER)",[1] Tail Slap (30),17.97,20.99,29.0,15.55,,Reverse Holofoil,"[1R] Evolving Flare (40+) If Flareon evolved from Eevee during this turn, this attack does 40 damage plus 20 more damage and the Defending Pokemon is now Burned.",W+20,,1,
85504,Flareon E4,Flareon E4,https://tcgplayer-cdn.tcgplayer.com/product/85504_200w.jpg,3,1367,https://cpt.tcgcsv.com/6dJ,2023-11-07T21:55:49.307,1,60/111,Common,Fire,70,Basic,,[1] Tackle (10),1.25,2.46,18.0,2.53,2.35,Normal,"[1R] Fire Tail Slap (40) Flip a coin.  If tails, discard a R Energy attached to Flareon E4.",Wx2,,1,
85504,Flareon E4,Flareon E4,https://tcgplayer-cdn.tcgplayer.com/product/85504_200w.jpg,3,1367,https://cpt.tcgcsv.com/6dJ,2023-11-07T21:55:49.307,1,60/111,Common,Fire,70,Basic,,[1] Tackle (10),22.0,35.7,96.95,41.5,29.7,Reverse Holofoil,"[1R] Fire Tail Slap (40) Flip a coin.  If tails, discard a R Energy attached to Flareon E4.",Wx2,,1,
85509,Flint's Willpower,Flints Willpower,https://tcgplayer-cdn.tcgplayer.com/product/85509_200w.jpg,3,1367,https://cpt.tcgcsv.com/cdJ,2023-11-07T22:00:10.813,1,91/111,Uncommon,Supporter,0,Supporter,"You can play only one Supporter each turn.  When you play this card, put it next to your Active Pokemon.  When your turn ends, discard this card.",Attach a basic Energy card from your hand to 1 of your Pokemon SP.,0.1,0.32,1.25,0.37,0.23,Normal,,,,,
85509,Flint's Willpower,Flints Willpower,https://tcgplayer-cdn.tcgplayer.com/product/85509_200w.jpg,3,1367,https://cpt.tcgcsv.com/cdJ,2023-11-07T22:00:10.813,1,91/111,Uncommon,Supporter,0,Supporter,"You can play only one Supporter each turn.  When you play this card, put it next to your Active Pokemon.  When your turn ends, discard this card.",Attach a basic Energy card from your hand to 1 of your Pokemon SP.,0.5,0.81,4.89,0.69,,Reverse Holofoil,,,,,
85517,Floatzel GL,Floatzel GL,https://tcgplayer-cdn.tcgplayer.com/product/85517_200w.jpg,3,1367,https://cpt.tcgcsv.com/mdJ,2023-11-07T21:48:13.993,1,4/111,Holo Rare,Water,80,Basic,,"[0] Incite - Search your discard pile for up to 2 Supporter cards, show them to your opponent, and put them into your hand.",3.5,7.67,96.95,5.28,9.12,Holofoil,[WW] Giant Wave (50) Floatzel GL can't use Giant Wave during your next turn.,Lx2,,1,
85517,Floatzel GL,Floatzel GL,https://tcgplayer-cdn.tcgplayer.com/product/85517_200w.jpg,3,1367,https://cpt.tcgcsv.com/mdJ,2023-11-07T21:48:13.993,1,4/111,Holo Rare,Water,80,Basic,,"[0] Incite - Search your discard pile for up to 2 Supporter cards, show them to your opponent, and put them into your hand.",4.0,6.98,10.6,6.98,,Reverse Holofoil,[WW] Giant Wave (50) Floatzel GL can't use Giant Wave during your next turn.,Lx2,,1,
85518,Floatzel GL Lv.X,Floatzel GL LvX,https://tcgplayer-cdn.tcgplayer.com/product/85518_200w.jpg,3,1367,https://cpt.tcgcsv.com/ndJ,2023-11-07T22:05:16.07,1,104/111,Ultra Rare,Water,100,Level Up,"Water Rescue - Whenever any of your W Pokemon (excluding Floatzel GL) is Knocked Out by damage from your opponent's attack, you may put that Pokemon and all cards that were attached to it from your discard pile into your hand.  (Poke-BODY)",[WW] Water Cyclone (20x) Choose as many Energy cards from your hand as you like and show them to your opponent.  This attack does 20 damage times the number of Energy cards you chose.  Put those Energy cards on top of your deck.  Shuffle your deck afterward.,50.0,85.49,100.0,49.99,,Holofoil,,Lx2,,0,
85526,Flygon,Flygon,https://tcgplayer-cdn.tcgplayer.com/product/85526_200w.jpg,3,1367,https://cpt.tcgcsv.com/xdJ,2023-11-07T21:48:21.8,1,5/111,Holo Rare,Colorless,120,Stage 2,"Rainbow Float - If any basic Energy card attached to Flygon is the same type as any of your Pokemon, the Retreat Cost for those Pokemon is 0.  (Poke-BODY)","[2] Sand Wall (40) Discard a Stadium card your opponent has in play.  If you do, prevent all effects of an attack, including damage, done to Flygon during your opponent's next turn.",7.99,11.22,19.18,17.84,,Holofoil,[3] Power Swing (60+) Does 60 damage plus 10 more damage for each Evolved Pokemon on your Bench.,C+30,L-20,0,
85526,Flygon,Flygon,https://tcgplayer-cdn.tcgplayer.com/product/85526_200w.jpg,3,1367,https://cpt.tcgcsv.com/xdJ,2023-11-07T21:48:21.8,1,5/111,Holo Rare,Colorless,120,Stage 2,"Rainbow Float - If any basic Energy card attached to Flygon is the same type as any of your Pokemon, the Retreat Cost for those Pokemon is 0.  (Poke-BODY)","[2] Sand Wall (40) Discard a Stadium card your opponent has in play.  If you do, prevent all effects of an attack, including damage, done to Flygon during your opponent's next turn.",11.99,18.5,26.21,16.0,,Reverse Holofoil,[3] Power Swing (60+) Does 60 damage plus 10 more damage for each Evolved Pokemon on your Bench.,C+30,L-20,0,
85533,Flygon Lv.X,Flygon LvX,https://tcgplayer-cdn.tcgplayer.com/product/85533_200w.jpg,3,1367,https://cpt.tcgcsv.com/HdJ,2023-11-07T22:05:23.667,1,105/111,Ultra Rare,Colorless,140,Level Up,"Wind Erosion - As long as Flygon is your Active Pokemon, discard the top card from your opponent's deck between turns.  (Poke-BODY)",[3] Extreme Attack - Choose 1 of your opponent's Pokemon LV.X.  This attack does 150 damage to that Pokemon.  (Don't apply Weakness and Resistance for Benched Pokemon.),55.0,75.51,99.66,116.52,,Holofoil,,Cx2,L-20,0,
85535,Flying Pikachu,Flying Pikachu,https://tcgplayer-cdn.tcgplayer.com/product/85535_200w.jpg,3,1367,https://cpt.tcgcsv.com/KdJ,2023-11-07T22:06:17.763,1,113/111,Secret Rare,Lightning,40,Basic,,"[L] Thundershock (10) Flip a coin.  If heads, the Defending Pokemon is now Paralyzed.",89.99,119.45,171.06,120.31,,Holofoil,"[3] Fly (30) Flip a coin.  If tails, this attack does nothing.  If heads, prevent all effects of an attack, including damage, done to Flying Pikachu during your opponent's next turn.",,F-30,1,
85554,Forretress G,Forretress G,https://tcgplayer-cdn.tcgplayer.com/product/85554_200w.jpg,3,1367,https://cpt.tcgcsv.com/6fJ,2023-11-07T21:55:57.69,1,61/111,Common,Metal,80,Basic,,[1] Shell Scatter - This attack does 10 damage to each of your opponent's Pokemon.  (Don't apply Weakness and Resistance for Benched Pokemon.)  Forretress G can't use Shell Scatter during your next turn.,0.19,0.32,5.0,0.29,,Normal,"[1MM] Bomb Risk (80) Does 10 damage to each Benched Pokemon (both yours and your opponent's).  (Don't apply Weakness and Resistance for Benched Pokemon.)  Flip a coin.  If tails, Forretress G does 80 damage to itself.",Rx2,P-20,2,
85554,Forretress G,Forretress G,https://tcgplayer-cdn.tcgplayer.com/product/85554_200w.jpg,3,1367,https://cpt.tcgcsv.com/6fJ,2023-11-07T21:55:57.69,1,61/111,Common,Metal,80,Basic,,[1] Shell Scatter - This attack does 10 damage to each of your opponent's Pokemon.  (Don't apply Weakness and Resistance for Benched Pokemon.)  Forretress G can't use Shell Scatter during your next turn.,0.78,1.08,6.54,1.2,,Reverse Holofoil,"[1MM] Bomb Risk (80) Does 10 damage to each Benched Pokemon (both yours and your opponent's).  (Don't apply Weakness and Resistance for Benched Pokemon.)  Flip a coin.  If tails, Forretress G does 80 damage to itself.",Rx2,P-20,2,
85575,Froslass GL,Froslass GL,https://tcgplayer-cdn.tcgplayer.com/product/85575_200w.jpg,3,1367,https://cpt.tcgcsv.com/wfJ,2023-11-07T21:48:29.473,1,6/111,Holo Rare,Water,70,Basic,,[1] Sleep Inducer - Switch the Defending Pokemon with 1 of your opponent's Benched Pokemon.  The new Defending Pokemon is now Asleep.,2.5,4.31,8.79,8.37,,Holofoil,"[1P] Wake-Up Slap (30+) If the Defending Pokemon is affected by any Special Conditions, this attack does 30 damage plus 20 more damage.  Then, remove all Special Conditions from the Defending Pokemon.",Mx2,,1,
85575,Froslass GL,Froslass GL,https://tcgplayer-cdn.tcgplayer.com/product/85575_200w.jpg,3,1367,https://cpt.tcgcsv.com/wfJ,2023-11-07T21:48:29.473,1,6/111,Holo Rare,Water,70,Basic,,[1] Sleep Inducer - Switch the Defending Pokemon with 1 of your opponent's Benched Pokemon.  The new Defending Pokemon is now Asleep.,3.99,7.49,19.99,8.42,,Reverse Holofoil,"[1P] Wake-Up Slap (30+) If the Defending Pokemon is affected by any Special Conditions, this attack does 30 damage plus 20 more damage.  Then, remove all Special Conditions from the Defending Pokemon.",Mx2,,1,
85576,Frost Rotom,Frost Rotom,https://tcgplayer-cdn.tcgplayer.com/product/85576_200w.jpg,3,1367,https://cpt.tcgcsv.com/xfJ,2019-09-03T20:01:20.173,1,RT2,Ultra Rare,Lightning,90,Basic,"Frost Shift - Once during your turn (before your attack), you may use this power.  Frost Rotom's type is W until the end of your turn.  (Poke-POWER)",[2] Hail - This attack does 10 damage to each of your opponent's Pokemon.  (Don't apply Weakness and resistance for Benched Pokemon.),25.0,47.5,48.0,31.37,,Reverse Holofoil,[2W] Crushing Ice (40+) Does 40 damage plus 10 more damage for each C Energy in the Defending Pokemon's Retreat Cost (after applying effects to the Retreat Cost).,D+20,C-20,3,
85608,Gallade E4,Gallade E4,https://tcgplayer-cdn.tcgplayer.com/product/85608_200w.jpg,3,1367,https://cpt.tcgcsv.com/bgJ,2026-02-28T00:02:06.503,1,20/111,Rare,Psychic,80,Basic,,[1P] Chop Up (20) Does 10 damage to each of your opponent's Benched Pokemon that has any damage counters on it.  (Don't apply Weakness and Resistance for Benched Pokemon.),1.25,2.0,16.0,2.51,,Normal,[2P] Feint (50) This attack's damage isn't affected by Resistance.,Px2,,1,
85608,Gallade E4,Gallade E4,https://tcgplayer-cdn.tcgplayer.com/product/85608_200w.jpg,3,1367,https://cpt.tcgcsv.com/bgJ,2026-02-28T00:02:06.503,1,20/111,Rare,Psychic,80,Basic,,[1P] Chop Up (20) Does 10 damage to each of your opponent's Benched Pokemon that has any damage counters on it.  (Don't apply Weakness and Resistance for Benched Pokemon.),1.73,2.5,2.79,2.54,,Reverse Holofoil,[2P] Feint (50) This attack's damage isn't affected by Resistance.,Px2,,1,
85609,Gallade E4 Lv.X,Gallade E4 LvX,https://tcgplayer-cdn.tcgplayer.com/product/85609_200w.jpg,3,1367,https://cpt.tcgcsv.com/cgJ,2023-11-07T22:05:31.713,1,106/111,Ultra Rare,Psychic,100,Level Up,"Blade Storm - Once during your turn (before your attack), when you put Gallade E4 LV.X from your hand onto your Active Gallade E4, you may put 1 damage counter on each of your opponent's Pokemon.  (Poke-POWER)",[2P] Aimed Cut (40+) Does 40 damage plus 10 more damage for each damage counter on the Defending Pokemon.,52.02,129.99,149.99,53.25,,Holofoil,,Px2,,1,
85658,Gastrodon East Sea,Gastrodon East Sea,https://tcgplayer-cdn.tcgplayer.com/product/85658_200w.jpg,3,1367,https://cpt.tcgcsv.com/bhJ,2023-11-07T21:50:23.47,1,21/111,Rare,Water,90,Stage 1,"Sticky Hold - If Gastrodon East Sea is switched or retreats to your Bench, move as many Energy cards attached to Gastrodon East Sea as you like to the new Active Pokemon.  (Poke-BODY)",[1] Calling Wave - Search your deck for up to 2 Gastrodon and put them onto your Bench as Basic Pokemon.  Put 2 damage counters on each of them.  Shuffle your deck afterward.,0.94,2.0,5.0,2.06,,Normal,[1W] Wave Splash (40),G+30,L-20,1,
85658,Gastrodon East Sea,Gastrodon East Sea,https://tcgplayer-cdn.tcgplayer.com/product/85658_200w.jpg,3,1367,https://cpt.tcgcsv.com/bhJ,2023-11-07T21:50:23.47,1,21/111,Rare,Water,90,Stage 1,"Sticky Hold - If Gastrodon East Sea is switched or retreats to your Bench, move as many Energy cards attached to Gastrodon East Sea as you like to the new Active Pokemon.  (Poke-BODY)",[1] Calling Wave - Search your deck for up to 2 Gastrodon and put them onto your Bench as Basic Pokemon.  Put 2 damage counters on each of them.  Shuffle your deck afterward.,2.16,4.01,5.39,4.67,,Reverse Holofoil,[1W] Wave Splash (40),G+30,L-20,1,
85660,Gastrodon West Sea,Gastrodon West Sea,https://tcgplayer-cdn.tcgplayer.com/product/85660_200w.jpg,3,1367,https://cpt.tcgcsv.com/dhJ,2023-11-07T21:50:33.66,1,22/111,Rare,Fighting,110,Stage 1,,[3] Tackle (50),1.11,1.51,5.0,2.0,,Normal,[2F] Muddy Bomb - Choose 1 of your opponent's Pokemon.  This attack does 30 damage to that Pokemon and 10 damage to each of your opponent's other Pokemon.  (Don't apply Weakness and Resistance for Benched Pokemon.),G+30,L-20,3,[3F] Raging Sea (60+) Does 60 damage plus 10 more damage for each of your Benched Pokemon that has any damage counters on it.
85660,Gastrodon West Sea,Gastrodon West Sea,https://tcgplayer-cdn.tcgplayer.com/product/85660_200w.jpg,3,1367,https://cpt.tcgcsv.com/dhJ,2023-11-07T21:50:33.66,1,22/111,Rare,Fighting,110,Stage 1,,[3] Tackle (50),2.42,7.22,25.0,5.99,,Reverse Holofoil,[2F] Muddy Bomb - Choose 1 of your opponent's Pokemon.  This attack does 30 damage to that Pokemon and 10 damage to each of your opponent's other Pokemon.  (Don't apply Weakness and Resistance for Benched Pokemon.),G+30,L-20,3,[3F] Raging Sea (60+) Does 60 damage plus 10 more damage for each of your Benched Pokemon that has any damage counters on it.
85681,Gengar GL,Gengar GL,https://tcgplayer-cdn.tcgplayer.com/product/85681_200w.jpg,3,1367,https://cpt.tcgcsv.com/FhJ,2023-11-07T21:52:53.347,1,40/111,Uncommon,Psychic,70,Basic,,[P] Confuse Ray (10) The Defending Pokemon is now Confused.,13.0,20.52,100.0,12.71,,Normal,[2P] Attack and Hide - Put 3 damage counters on 1 of your opponent's Pokemon.  You may shuffle Gengar GL and all cards attached to it back into your deck.,Dx2,C-20,1,
85681,Gengar GL,Gengar GL,https://tcgplayer-cdn.tcgplayer.com/product/85681_200w.jpg,3,1367,https://cpt.tcgcsv.com/FhJ,2023-11-07T21:52:53.347,1,40/111,Uncommon,Psychic,70,Basic,,[P] Confuse Ray (10) The Defending Pokemon is now Confused.,49.99,61.73,73.47,37.67,,Reverse Holofoil,[2P] Attack and Hide - Put 3 damage counters on 1 of your opponent's Pokemon.  You may shuffle Gengar GL and all cards attached to it back into your deck.,Dx2,C-20,1,
85746,Glaceon,Glaceon,https://tcgplayer-cdn.tcgplayer.com/product/85746_200w.jpg,3,1367,https://cpt.tcgcsv.com/XjJ,2023-11-07T21:53:00.36,1,41/111,Uncommon,Water,80,Stage 1,"Frost Wind - As long as Glaceon is your Active Pokemon, any damage done to your Pokemon by your opponent's attacks is reduced by 10 (after applying Weakness and Resistance).  (Poke-BODY)",[1W] Ice Blade - Choose 1 of your opponent's Pokemon.  This attack does 30 damage to that Pokemon.  (Don't apply Weakness and Resistance for Benched Pokemon.),2.73,5.3,4321.0,5.32,,Normal,"[2W] Ice Bind (50) If your opponent doesn't discard a card from his or her hand, the Defending Pokemon is now Paralyzed.",M+20,,1,
85746,Glaceon,Glaceon,https://tcgplayer-cdn.tcgplayer.com/product/85746_200w.jpg,3,1367,https://cpt.tcgcsv.com/XjJ,2023-11-07T21:53:00.36,1,41/111,Uncommon,Water,80,Stage 1,"Frost Wind - As long as Glaceon is your Active Pokemon, any damage done to your Pokemon by your opponent's attacks is reduced by 10 (after applying Weakness and Resistance).  (Poke-BODY)",[1W] Ice Blade - Choose 1 of your opponent's Pokemon.  This attack does 30 damage to that Pokemon.  (Don't apply Weakness and Resistance for Benched Pokemon.),11.99,20.99,34.98,32.1,,Reverse Holofoil,"[2W] Ice Bind (50) If your opponent doesn't discard a card from his or her hand, the Defending Pokemon is now Paralyzed.",M+20,,1,
85776,Gliscor E4,Gliscor E4,https://tcgplayer-cdn.tcgplayer.com/product/85776_200w.jpg,3,1367,https://cpt.tcgcsv.com/xkJ,2023-11-07T21:56:08.123,1,62/111,Common,Fighting,80,Basic,,[1] Irongrip (10),0.19,0.35,5.0,0.36,,Normal,"[1F] Loaded Needle (10+) Flip a coin.  If heads, this attack does 10 damage plus 30 more damage.  If tails, the Defending Pokemon is now Poisoned.",Wx2,F-20,1,
85776,Gliscor E4,Gliscor E4,https://tcgplayer-cdn.tcgplayer.com/product/85776_200w.jpg,3,1367,https://cpt.tcgcsv.com/xkJ,2023-11-07T21:56:08.123,1,62/111,Common,Fighting,80,Basic,,[1] Irongrip (10),2.2,3.33,4.99,4.27,,Reverse Holofoil,"[1F] Loaded Needle (10+) Flip a coin.  If heads, this attack does 10 damage plus 30 more damage.  If tails, the Defending Pokemon is now Poisoned.",Wx2,F-20,1,
85830,Golem E4,Golem E4,https://tcgplayer-cdn.tcgplayer.com/product/85830_200w.jpg,3,1367,https://cpt.tcgcsv.com/DlJ,2025-11-11T22:27:58.757,1,23/111,Rare,Fighting,110,Basic,,[2F] Rage (20+) Does 20 damage plus 10 more damage for each damage counter on Golem E4.,1.0,1.53,24.99,1.39,2.84,Normal,[3F] Double-edge (100) Golem E4 does 60 damage to itself.,Gx2,L-20,4,
85830,Golem E4,Golem E4,https://tcgplayer-cdn.tcgplayer.com/product/85830_200w.jpg,3,1367,https://cpt.tcgcsv.com/DlJ,2025-11-11T22:27:58.757,1,23/111,Rare,Fighting,110,Basic,,[2F] Rage (20+) Does 20 damage plus 10 more damage for each damage counter on Golem E4.,2.04,3.53,5.59,2.66,,Reverse Holofoil,[3F] Double-edge (100) Golem E4 does 60 damage to itself.,Gx2,L-20,4,
85958,Growlithe,Growlithe,https://tcgplayer-cdn.tcgplayer.com/product/85958_200w.jpg,3,1367,https://cpt.tcgcsv.com/bpJ,2023-11-07T21:56:15.277,1,63/111,Common,Fire,70,Basic,,[1] Stoke - Search your deck for a R Energy card and attach it to Growlithe.  Shuffle your deck afterward.,0.39,0.6,1.75,0.6,,Normal,[2R] Take Down (50) Growlithe does 10 damage to itself.,W+20,,2,
85958,Growlithe,Growlithe,https://tcgplayer-cdn.tcgplayer.com/product/85958_200w.jpg,3,1367,https://cpt.tcgcsv.com/bpJ,2023-11-07T21:56:15.277,1,63/111,Common,Fire,70,Basic,,[1] Stoke - Search your deck for a R Energy card and attach it to Growlithe.  Shuffle your deck afterward.,13.49,23.34,28.0,11.0,,Reverse Holofoil,[2R] Take Down (50) Growlithe does 10 damage to itself.,W+20,,2,
86043,Heat Rotom,Heat Rotom,https://tcgplayer-cdn.tcgplayer.com/product/86043_200w.jpg,3,1367,https://cpt.tcgcsv.com/TqJ,2019-09-04T14:54:47.41,1,RT3,Ultra Rare,Lightning,80,Basic,"Heat Shift - Once during your turn (before your attack), you may use this power.  Heat Rotom's type is R until the end of your turn.  (Poke-POWER)",[1] Warm Up - Search your deck for a R Energy card and attach it to 1 of your Benched Pokemon.  Shuffle your deck afterward.,15.0,41.61,55.0,27.63,,Reverse Holofoil,[2R] Heat Burn (40) The Defending Pokemon is now Burned.,D+20,C-20,1,
86068,Heracross E4,Heracross E4,https://tcgplayer-cdn.tcgplayer.com/product/86068_200w.jpg,3,1367,https://cpt.tcgcsv.com/nrJ,2023-11-07T21:50:49.633,1,24/111,Rare,Grass,90,Basic,,"[0] Focus Energy - During your next turn, Heracross E4's Megahorn attack's base damage is 100.",1.5,2.66,7.0,2.4,,Normal,"[1G] Megahorn (50) Flip a coin.  If tails, this attack does nothing.",Rx2,,2,
86068,Heracross E4,Heracross E4,https://tcgplayer-cdn.tcgplayer.com/product/86068_200w.jpg,3,1367,https://cpt.tcgcsv.com/nrJ,2023-11-07T21:50:49.633,1,24/111,Rare,Grass,90,Basic,,"[0] Focus Energy - During your next turn, Heracross E4's Megahorn attack's base damage is 100.",11.99,16.05,18.09,15.75,,Reverse Holofoil,"[1G] Megahorn (50) Flip a coin.  If tails, this attack does nothing.",Rx2,,2,
86080,Hippopotas,Hippopotas,https://tcgplayer-cdn.tcgplayer.com/product/86080_200w.jpg,3,1367,https://cpt.tcgcsv.com/DrJ,2023-11-07T21:56:23.277,1,64/111,Common,Fighting,70,Basic,,[1] Push Down (10) Your opponent switches the Defending Pokemon with 1 of his or her Benched Pokemon.,0.1,0.31,3.29,0.32,,Normal,[2F] Endeavor (30+) Flip 2 coins.  This attack does 30 damage plus 20 more damage for each heads.,W+10,L-20,2,
86080,Hippopotas,Hippopotas,https://tcgplayer-cdn.tcgplayer.com/product/86080_200w.jpg,3,1367,https://cpt.tcgcsv.com/DrJ,2023-11-07T21:56:23.277,1,64/111,Common,Fighting,70,Basic,,[1] Push Down (10) Your opponent switches the Defending Pokemon with 1 of his or her Benched Pokemon.,0.31,0.8,2.35,1.74,,Reverse Holofoil,[2F] Endeavor (30+) Flip 2 coins.  This attack does 30 damage plus 20 more damage for each heads.,W+10,L-20,2,
86085,Hippowdon,Hippowdon,https://tcgplayer-cdn.tcgplayer.com/product/86085_200w.jpg,3,1367,https://cpt.tcgcsv.com/KrJ,2026-03-09T14:46:56.927,1,25/111,Rare,Fighting,110,Stage 1,"Sand Cover - As long as Hippowdon is your Active Pokemon, put 1 damage counter on each of your opponent's Pokemon LV.X between turns.  (Poke-BODY)","[1] Save Sand (20+) Does 20 damage plus 10 more damage for each Energy attached to Hippowdon.  Before doing damage, you may search your discard pile for a F Energy card and attach it to Hippowdon.",0.35,0.75,5.0,0.85,0.99,Normal,[2FF] Groundquake (80) Does 10 damage to each Benched Pokemon that isn't an Evolved Pokemon (both yours and your opponent's).  (Don't apply Weakness and Resistance for Benched Pokemon.),W+20,L-20,4,
86085,Hippowdon,Hippowdon,https://tcgplayer-cdn.tcgplayer.com/product/86085_200w.jpg,3,1367,https://cpt.tcgcsv.com/KrJ,2026-03-09T14:46:56.927,1,25/111,Rare,Fighting,110,Stage 1,"Sand Cover - As long as Hippowdon is your Active Pokemon, put 1 damage counter on each of your opponent's Pokemon LV.X between turns.  (Poke-BODY)","[1] Save Sand (20+) Does 20 damage plus 10 more damage for each Energy attached to Hippowdon.  Before doing damage, you may search your discard pile for a F Energy card and attach it to Hippowdon.",0.85,2.12,5.0,2.33,,Reverse Holofoil,[2FF] Groundquake (80) Does 10 damage to each Benched Pokemon that isn't an Evolved Pokemon (both yours and your opponent's).  (Don't apply Weakness and Resistance for Benched Pokemon.),W+20,L-20,4,
86087,Hippowdon E4,Hippowdon E4,https://tcgplayer-cdn.tcgplayer.com/product/86087_200w.jpg,3,1367,https://cpt.tcgcsv.com/MrJ,2023-11-07T21:53:07.223,1,42/111,Uncommon,Fighting,90,Basic,"Sand Armor - If Hippowdon E4 has any F Energy attached to it, any damage done to Hippowdon E4 by attacks is reduced by 10 (after applying Weakness and Resistance).  (Poke-BODY)",[3] Bite and Crush (30+) Flip 2 coins.  This attack does 30 damage plus 10 more damage for each heads.,0.15,0.4,1.49,0.44,0.39,Normal,,Wx2,L-20,2,
86087,Hippowdon E4,Hippowdon E4,https://tcgplayer-cdn.tcgplayer.com/product/86087_200w.jpg,3,1367,https://cpt.tcgcsv.com/MrJ,2023-11-07T21:53:07.223,1,42/111,Uncommon,Fighting,90,Basic,"Sand Armor - If Hippowdon E4 has any F Energy attached to it, any damage done to Hippowdon E4 by attacks is reduced by 10 (after applying Weakness and Resistance).  (Poke-BODY)",[3] Bite and Crush (30+) Flip 2 coins.  This attack does 30 damage plus 10 more damage for each heads.,0.68,1.38,15.0,0.97,,Reverse Holofoil,,Wx2,L-20,2,
86088,Hippowdon Lv.X,Hippowdon LvX,https://tcgplayer-cdn.tcgplayer.com/product/86088_200w.jpg,3,1367,https://cpt.tcgcsv.com/NrJ,2023-11-07T22:05:38.903,1,107/111,Ultra Rare,Fighting,130,Level Up,"Sand Reset - Once during a game on your turn (before your attack), each player shuffles all cards in play (excluding Pokemon and Supporter cards) into his or her deck.  You can't use more than 1 Sand Reset Poke-Power each game.  (Poke-POWER)",[2FF] Double Shoot - Discard 2 F Energy attached to Hippowdon and choose 2 of your opponent's Benched Pokemon.  This attack does 40 damage to each of them.  (Don't apply Weakness and Resistance for Benched Pokemon.),69.99,79.68,99.99,33.99,,Holofoil,,Wx2,L-20,4,
86214,Houndoom E4,Houndoom E4,https://tcgplayer-cdn.tcgplayer.com/product/86214_200w.jpg,3,1367,https://cpt.tcgcsv.com/jvJ,2026-02-28T03:03:49.15,1,65/111,Common,Darkness,80,Basic,,[2] Corner (20) The Defending Pokemon can't retreat during your opponent's next turn.,0.49,0.99,3.5,1.11,1.11,Normal,[2R] Fire Fang (40) The Defending Pokemon is now Burned.,Fx2,P-20,1,
86214,Houndoom E4,Houndoom E4,https://tcgplayer-cdn.tcgplayer.com/product/86214_200w.jpg,3,1367,https://cpt.tcgcsv.com/jvJ,2026-02-28T03:03:49.15,1,65/111,Common,Darkness,80,Basic,,[2] Corner (20) The Defending Pokemon can't retreat during your opponent's next turn.,7.0,7.0,7.0,7.29,,Reverse Holofoil,[2R] Fire Fang (40) The Defending Pokemon is now Burned.,Fx2,P-20,1,
86279,Infernape E4,Infernape E4,https://tcgplayer-cdn.tcgplayer.com/product/86279_200w.jpg,3,1367,https://cpt.tcgcsv.com/CwJ,2023-11-07T21:53:22.34,1,43/111,Uncommon,Fire,90,Basic,,[1R] Split Bomb - Choose 2 of your opponent's Pokemon.  This attack does 20 damage to each of them.  (Don't apply Weakness and Resistance for Benched Pokemon.),0.49,1.0,3.5,1.02,,Normal,[2R] High Jump Kick (50),Wx2,,1,
86279,Infernape E4,Infernape E4,https://tcgplayer-cdn.tcgplayer.com/product/86279_200w.jpg,3,1367,https://cpt.tcgcsv.com/CwJ,2023-11-07T21:53:22.34,1,43/111,Uncommon,Fire,90,Basic,,[1R] Split Bomb - Choose 2 of your opponent's Pokemon.  This attack does 20 damage to each of them.  (Don't apply Weakness and Resistance for Benched Pokemon.),3.5,5.0,25.0,5.86,,Reverse Holofoil,[2R] High Jump Kick (50),Wx2,,1,
86280,Infernape E4 Lv.X,Infernape E4 LvX,https://tcgplayer-cdn.tcgplayer.com/product/86280_200w.jpg,3,1367,https://cpt.tcgcsv.com/DwJ,2023-11-07T22:05:44.897,1,108/111,Ultra Rare,Fire,110,Level Up,"Intimidating Roar - Once during your turn (before your attack), you may have your opponent switch his or her Active Pokemon with 1 of his or her Benched Pokemon.  This power can't be used if Infernape E4 is affected by a Special Condition.  (Poke-POWER)",[1RR] Fire Spin (100) Discard 2 Energy attached to Infernape E4.,90.0,97.49,169.99,300.0,,Holofoil,,Wx2,,0,
86329,Jirachi,Jirachi,https://tcgplayer-cdn.tcgplayer.com/product/86329_200w.jpg,3,1367,https://cpt.tcgcsv.com/CxJ,2023-11-07T21:48:35.83,1,7/111,Holo Rare,Metal,60,Basic,"Final Wish - Once during your opponent's turn, if Jirachi would be Knocked Out by damage from an attack, you may search your deck for any 1 card and put it into your hand.  Shuffle your deck afterward.  (Poke-POWER)","[0] Detour - If you have a Supporter card in play, use the effect of that card as the effect of this attack.",21.0,33.95,69.99,21.24,,Holofoil,"[M] Swift (20) This attack's damage isn't affected by Weakness, Resistance, Poke-Powers, Poke-Bodies, or any other effects on the Defending Pokemon.",R+20,P-20,0,
86329,Jirachi,Jirachi,https://tcgplayer-cdn.tcgplayer.com/product/86329_200w.jpg,3,1367,https://cpt.tcgcsv.com/CxJ,2023-11-07T21:48:35.83,1,7/111,Holo Rare,Metal,60,Basic,"Final Wish - Once during your opponent's turn, if Jirachi would be Knocked Out by damage from an attack, you may search your deck for any 1 card and put it into your hand.  Shuffle your deck afterward.  (Poke-POWER)","[0] Detour - If you have a Supporter card in play, use the effect of that card as the effect of this attack.",13.49,19.9,33.33,22.6,,Reverse Holofoil,"[M] Swift (20) This attack's damage isn't affected by Weakness, Resistance, Poke-Powers, Poke-Bodies, or any other effects on the Defending Pokemon.",R+20,P-20,0,
86344,Jolteon,Jolteon,https://tcgplayer-cdn.tcgplayer.com/product/86344_200w.jpg,3,1367,https://cpt.tcgcsv.com/VxJ,2023-11-07T21:51:11.95,1,26/111,Rare,Lightning,80,Stage 1,"Undevelop - Once during your turn (before your attack), you may devolve Jolteon and put Jolteon into your hand.  This power can't be used if Jolteon is affected by a Special Condition.  (Poke-POWER)","[1] Quick Attack (10+) Flip a coin.  If heads, this attack does 10 damage plus 30 more damage.",9.18,10.64,17.0,10.27,,Normal,"[1L] Evolving Thunder (50) If Jolteon evolved from Eevee during this turn, this attack does 10 damage to each of your opponent's Benched Pokemon.  (Don't apply Weakness and Resistance for Benched Pokemon.)",F+20,M-20,0,
86344,Jolteon,Jolteon,https://tcgplayer-cdn.tcgplayer.com/product/86344_200w.jpg,3,1367,https://cpt.tcgcsv.com/VxJ,2023-11-07T21:51:11.95,1,26/111,Rare,Lightning,80,Stage 1,"Undevelop - Once during your turn (before your attack), you may devolve Jolteon and put Jolteon into your hand.  This power can't be used if Jolteon is affected by a Special Condition.  (Poke-POWER)","[1] Quick Attack (10+) Flip a coin.  If heads, this attack does 10 damage plus 30 more damage.",24.09,25.49,33.49,31.97,,Reverse Holofoil,"[1L] Evolving Thunder (50) If Jolteon evolved from Eevee during this turn, this attack does 10 damage to each of your opponent's Benched Pokemon.  (Don't apply Weakness and Resistance for Benched Pokemon.)",F+20,M-20,0,
86414,Kakuna,Kakuna,https://tcgplayer-cdn.tcgplayer.com/product/86414_200w.jpg,3,1367,https://cpt.tcgcsv.com/jBJ,2023-11-07T21:56:43.373,1,66/111,Common,Grass,80,Stage 1,Exoskeleton - Any damage done to Kakuna by attacks is reduced by 20 (after applying Weakness and Resistance).  (Poke-BODY),"[G] Dangerous Evolution - The Defending Pokemon is now Poisoned.  Flip a coin.  If heads, search your deck for an Evolution card that evolves from Kakuna and put it onto Kakuna.  (This counts as evolving Kakuna.)  Shuffle your deck afterward.",0.13,0.3,2.71,0.34,0.21,Normal,,R+20,,2,
86414,Kakuna,Kakuna,https://tcgplayer-cdn.tcgplayer.com/product/86414_200w.jpg,3,1367,https://cpt.tcgcsv.com/jBJ,2023-11-07T21:56:43.373,1,66/111,Common,Grass,80,Stage 1,Exoskeleton - Any damage done to Kakuna by attacks is reduced by 20 (after applying Weakness and Resistance).  (Poke-BODY),"[G] Dangerous Evolution - The Defending Pokemon is now Poisoned.  Flip a coin.  If heads, search your deck for an Evolution card that evolves from Kakuna and put it onto Kakuna.  (This counts as evolving Kakuna.)  Shuffle your deck afterward.",1.23,1.79,2.74,1.79,,Reverse Holofoil,,R+20,,2,
86431,Kecleon,Kecleon,https://tcgplayer-cdn.tcgplayer.com/product/86431_200w.jpg,3,1367,https://cpt.tcgcsv.com/FBJ,2023-11-07T21:56:50.94,1,67/111,Common,Colorless,70,Basic,Colorful Body - Kecleon's type is G R W L P F D M C.  (Poke-BODY),[3] Triple Smash (10+) Flip 3 coins.  This attack does 10 damage plus 20 more damage for each heads.,0.21,0.34,1.5,0.36,,Normal,,F+20,,1,
86431,Kecleon,Kecleon,https://tcgplayer-cdn.tcgplayer.com/product/86431_200w.jpg,3,1367,https://cpt.tcgcsv.com/FBJ,2023-11-07T21:56:50.94,1,67/111,Common,Colorless,70,Basic,Colorful Body - Kecleon's type is G R W L P F D M C.  (Poke-BODY),[3] Triple Smash (10+) Flip 3 coins.  This attack does 10 damage plus 20 more damage for each heads.,3.96,4.5,4.71,4.5,,Reverse Holofoil,,F+20,,1,
86497,Koffing,Koffing,https://tcgplayer-cdn.tcgplayer.com/product/86497_200w.jpg,3,1367,https://cpt.tcgcsv.com/ZCJ,2023-11-07T21:56:57.87,1,68/111,Common,Psychic,60,Basic,,"[1] Offensive Gas - Flip a coin.  If heads, the Defending Pokemon is now Confused and Poisoned.",0.05,0.3,5.0,0.36,0.35,Normal,"[P] Gas Bomb (30) Koffing does 30 damage to itself, and don't apply Weakness and Resistance to this damage.",P+10,,2,
86497,Koffing,Koffing,https://tcgplayer-cdn.tcgplayer.com/product/86497_200w.jpg,3,1367,https://cpt.tcgcsv.com/ZCJ,2023-11-07T21:56:57.87,1,68/111,Common,Psychic,60,Basic,,"[1] Offensive Gas - Flip a coin.  If heads, the Defending Pokemon is now Confused and Poisoned.",0.72,1.79,4.0,2.99,,Reverse Holofoil,"[P] Gas Bomb (30) Koffing does 30 damage to itself, and don't apply Weakness and Resistance to this damage.",P+10,,2,
86581,Lairon,Lairon,https://tcgplayer-cdn.tcgplayer.com/product/86581_200w.jpg,3,1367,https://cpt.tcgcsv.com/FFJ,2023-11-07T21:53:28.01,1,44/111,Uncommon,Metal,80,Stage 1,,[2] Heavy Metal (10+) Flip a coin for each M Energy attached to Lairon.  This attack does 10 damage plus 20 more damage for each heads.,0.1,0.36,1.75,0.51,,Normal,"[2M] Granite Head (40) During your opponent's next turn, any damage done to Lairon by attacks is reduced by 10 (after applying Weakness and Resistance).",R+20,P-20,2,
86581,Lairon,Lairon,https://tcgplayer-cdn.tcgplayer.com/product/86581_200w.jpg,3,1367,https://cpt.tcgcsv.com/FFJ,2023-11-07T21:53:28.01,1,44/111,Uncommon,Metal,80,Stage 1,,[2] Heavy Metal (10+) Flip a coin for each M Energy attached to Lairon.  This attack does 10 damage plus 20 more damage for each heads.,0.45,0.76,5.0,0.96,,Reverse Holofoil,"[2M] Granite Head (40) During your opponent's next turn, any damage done to Lairon by attacks is reduced by 10 (after applying Weakness and Resistance).",R+20,P-20,2,
86679,Leafeon,Leafeon,https://tcgplayer-cdn.tcgplayer.com/product/86679_200w.jpg,3,1367,https://cpt.tcgcsv.com/CHJ,2023-11-07T21:53:37.423,1,45/111,Uncommon,Grass,90,Stage 1,"Energy Refresh - As long as Leafeon is your Active Pokemon, whenever you attach an Energy card from your hand to 1 of your Pokemon, remove 2 damage counters from that Pokemon.  (Poke-BODY)",[1G] Plus Energy (40) Attach a basic Energy card from your hand to 1 of your Pokemon.,1.25,2.5,17.0,2.36,,Normal,[2G] Soothing Scent (60) The Defending Pokemon is now Asleep.,R+20,W-20,2,
86679,Leafeon,Leafeon,https://tcgplayer-cdn.tcgplayer.com/product/86679_200w.jpg,3,1367,https://cpt.tcgcsv.com/CHJ,2023-11-07T21:53:37.423,1,45/111,Uncommon,Grass,90,Stage 1,"Energy Refresh - As long as Leafeon is your Active Pokemon, whenever you attach an Energy card from your hand to 1 of your Pokemon, remove 2 damage counters from that Pokemon.  (Poke-BODY)",[1G] Plus Energy (40) Attach a basic Energy card from your hand to 1 of your Pokemon.,1.83,4.99,6.66,12.15,,Reverse Holofoil,[2G] Soothing Scent (60) The Defending Pokemon is now Asleep.,R+20,W-20,2,
86888,Lucario GL,Lucario GL,https://tcgplayer-cdn.tcgplayer.com/product/86888_200w.jpg,3,1367,https://cpt.tcgcsv.com/NMJ,2024-02-09T07:58:53.72,1,8/111,Holo Rare,Fighting,80,Basic,Boundary Aura - Apply Weakness for each Pokemon (both yours and your opponent's) as x2 instead.  (Poke-BODY),[2M] Combo Throw (30+) Does 30 damage plus 10 more damage for each Energy attached to the Defending Pokemon.,17.0,22.99,99.99,21.49,,Holofoil,,Px2,,1,
86888,Lucario GL,Lucario GL,https://tcgplayer-cdn.tcgplayer.com/product/86888_200w.jpg,3,1367,https://cpt.tcgcsv.com/NMJ,2024-02-09T07:58:53.72,1,8/111,Holo Rare,Fighting,80,Basic,Boundary Aura - Apply Weakness for each Pokemon (both yours and your opponent's) as x2 instead.  (Poke-BODY),[2M] Combo Throw (30+) Does 30 damage plus 10 more damage for each Energy attached to the Defending Pokemon.,10.0,22.5,35.0,22.31,,Reverse Holofoil,,Px2,,1,
86891,Lucian's Assignment,Lucians Assignment,https://tcgplayer-cdn.tcgplayer.com/product/86891_200w.jpg,3,1367,https://cpt.tcgcsv.com/RMJ,2023-11-07T22:02:26.823,1,92/111,Uncommon,Supporter,0,Supporter,"You can play only one Supporter each turn.  When you play this card, put it next to your Active Pokemon.  When your turn ends, discard this card.",Move as many Energy cards attached to 1 of your Pokemon as you like to another of your Pokemon.,0.16,0.35,3.49,0.38,,Normal,,,,,
86891,Lucian's Assignment,Lucians Assignment,https://tcgplayer-cdn.tcgplayer.com/product/86891_200w.jpg,3,1367,https://cpt.tcgcsv.com/RMJ,2023-11-07T22:02:26.823,1,92/111,Uncommon,Supporter,0,Supporter,"You can play only one Supporter each turn.  When you play this card, put it next to your Active Pokemon.  When your turn ends, discard this card.",Move as many Energy cards attached to 1 of your Pokemon as you like to another of your Pokemon.,0.84,1.72,3.49,1.96,,Reverse Holofoil,,,,,
86951,Luxray GL,Luxray GL,https://tcgplayer-cdn.tcgplayer.com/product/86951_200w.jpg,3,1367,https://cpt.tcgcsv.com/2PJ,2023-11-07T21:48:49.563,1,9/111,Holo Rare,Lightning,80,Basic,,[2] Bite (30),11.3,15.3,37.74,23.11,,Holofoil,"[2L] Trash Bolt (70) Discard an Energy card from your hand.  (If you can't discard a card from your hand, this attack does nothing.)",Fx2,M-20,1,
86951,Luxray GL,Luxray GL,https://tcgplayer-cdn.tcgplayer.com/product/86951_200w.jpg,3,1367,https://cpt.tcgcsv.com/2PJ,2023-11-07T21:48:49.563,1,9/111,Holo Rare,Lightning,80,Basic,,[2] Bite (30),14.52,15.58,24.99,24.99,,Reverse Holofoil,"[2L] Trash Bolt (70) Discard an Energy card from your hand.  (If you can't discard a card from your hand, this attack does nothing.)",Fx2,M-20,1,
86952,Luxray GL Lv.X,Luxray GL LvX,https://tcgplayer-cdn.tcgplayer.com/product/86952_200w.jpg,3,1367,https://cpt.tcgcsv.com/3PJ,2023-11-07T22:05:50.797,1,109/111,Ultra Rare,Lightning,110,Level Up,"Bright Look - Once during your turn (before your attack), when you put Luxray GL LV.X from your hand onto your active Luxray GL, you may switch the Defending Pokemon with 1 of your opponent's Benched Pokemon.  (Poke-POWER)","[1L] Flash Impact (60) Does 30 damage to 1 of your Pokemon, and don't apply Weakness and Resistance to this damage.",65.51,67.49,69.47,116.42,,Holofoil,,Fx2,M-20,0,
86972,Machamp GL,Machamp GL,https://tcgplayer-cdn.tcgplayer.com/product/86972_200w.jpg,3,1367,https://cpt.tcgcsv.com/sPJ,2023-11-07T21:53:46.74,1,46/111,Uncommon,Fighting,100,Basic,,"[3] Cross-Cut (30+) If the Defending Pokemon is an Evolved Pokemon, this attack does 30 damage plus 20 more damage.",0.49,0.75,8.5,0.79,,Normal,"[2FF] Brush Off - Put the Defending Pokemon and all cards attached to it on top of your opponent's deck.  Your opponent shuffles his or her deck afterward.  (If your opponent doesn't have any Benched Pokemon, this attack does nothing.)",Px2,,3,
86972,Machamp GL,Machamp GL,https://tcgplayer-cdn.tcgplayer.com/product/86972_200w.jpg,3,1367,https://cpt.tcgcsv.com/sPJ,2023-11-07T21:53:46.74,1,46/111,Uncommon,Fighting,100,Basic,,"[3] Cross-Cut (30+) If the Defending Pokemon is an Evolved Pokemon, this attack does 30 damage plus 20 more damage.",1.55,1.86,4321.0,4.66,,Reverse Holofoil,"[2FF] Brush Off - Put the Defending Pokemon and all cards attached to it on top of your opponent's deck.  Your opponent shuffles his or her deck afterward.  (If your opponent doesn't have any Benched Pokemon, this attack does nothing.)",Px2,,3,
87142,Mamoswine GL,Mamoswine GL,https://tcgplayer-cdn.tcgplayer.com/product/87142_200w.jpg,3,1367,https://cpt.tcgcsv.com/SSJ,2023-11-07T21:51:17.98,1,27/111,Rare,Water,100,Basic,"Icy Aura - As long as Mamoswine GL is your Active Pokemon, put 1 damage counter on each Active Pokemon (excluding W Pokemon) (both your and your opponent's) between turns.  (Poke-BODY)","[2WW] Avalanche (60) Flip a coin.  If heads, this attack does 10 damage to each of your opponent's Benched Pokemon.  (Don't apply Weakness and Resistance for Benched Pokemon.)",1.2,2.11,96.95,1.61,,Normal,,Mx2,L-20,4,
87142,Mamoswine GL,Mamoswine GL,https://tcgplayer-cdn.tcgplayer.com/product/87142_200w.jpg,3,1367,https://cpt.tcgcsv.com/SSJ,2023-11-07T21:51:17.98,1,27/111,Rare,Water,100,Basic,"Icy Aura - As long as Mamoswine GL is your Active Pokemon, put 1 damage counter on each Active Pokemon (excluding W Pokemon) (both your and your opponent's) between turns.  (Poke-BODY)","[2WW] Avalanche (60) Flip a coin.  If heads, this attack does 10 damage to each of your opponent's Benched Pokemon.  (Don't apply Weakness and Resistance for Benched Pokemon.)",1.49,3.86,7.95,3.86,,Reverse Holofoil,,Mx2,L-20,4,
87365,Metal Energy (Special),Metal Energy Special,https://tcgplayer-cdn.tcgplayer.com/product/87365_200w.jpg,3,1367,https://cpt.tcgcsv.com/kZJ,2023-11-07T22:04:50.28,1,100/111,Uncommon,Special Metal Energy,,,Damage done by attacks to the Pokemon that Metal Energy is attached to is reduced by 10 (after applying Weakness and Resistance).  Ignore this effect if the Pokemon that Metal Energy is attached to isn't M.  Metal Energy provides M Energy.  (Doesn't count as a basic Energy card.),,0.15,0.43,1.75,0.43,,Normal,,,,,
87365,Metal Energy (Special),Metal Energy Special,https://tcgplayer-cdn.tcgplayer.com/product/87365_200w.jpg,3,1367,https://cpt.tcgcsv.com/kZJ,2023-11-07T22:04:50.28,1,100/111,Uncommon,Special Metal Energy,,,Damage done by attacks to the Pokemon that Metal Energy is attached to is reduced by 10 (after applying Weakness and Resistance).  Ignore this effect if the Pokemon that Metal Energy is attached to isn't M.  Metal Energy provides M Energy.  (Doesn't count as a basic Energy card.),,1.0,1.64,5.94,1.47,,Reverse Holofoil,,,,,
87521,Mismagius GL,Mismagius GL,https://tcgplayer-cdn.tcgplayer.com/product/87521_200w.jpg,3,1367,https://cpt.tcgcsv.com/r0K,2023-11-07T21:48:56.663,1,10/111,Holo Rare,Psychic,80,Basic,,"[P] Psychic Removal (10) Flip 2 coins.  If both of them are heads, discard all Energy attached to the Defending Pokemon.",4.96,7.43,13.22,8.96,,Holofoil,[1P] Grudge (20+) Does 20 damage plus 10 more damage for each Prize card your opponent has taken.,Dx2,C-20,1,
87521,Mismagius GL,Mismagius GL,https://tcgplayer-cdn.tcgplayer.com/product/87521_200w.jpg,3,1367,https://cpt.tcgcsv.com/r0K,2023-11-07T21:48:56.663,1,10/111,Holo Rare,Psychic,80,Basic,,"[P] Psychic Removal (10) Flip 2 coins.  If both of them are heads, discard all Energy attached to the Defending Pokemon.",5.96,7.5,7.91,8.85,,Reverse Holofoil,[1P] Grudge (20+) Does 20 damage plus 10 more damage for each Prize card your opponent has taken.,Dx2,C-20,1,
87522,Mismagius GL Lv.X,Mismagius GL LvX,https://tcgplayer-cdn.tcgplayer.com/product/87522_200w.jpg,3,1367,https://cpt.tcgcsv.com/s0K,2023-11-07T22:05:56.61,1,110/111,Ultra Rare,Psychic,100,Level Up,"Magical Return - As often as you like during your turn (before your attack), you may return a Pokemon Tool card or Technical Machine card attached to your Pokemon to your hand.  This power can't be used if Mismagius GL is affected by a Special Condition.  (Poke-POWER)",[1PP] Darkness Magic - Count the number of cards in your hand.  Put that many damage counters on the Defending Pokemon.  You can't put more than 8 damage counters in this way.,19.99,35.9,52.22,49.61,,Holofoil,,Dx2,C-20,1,
87584,Mow Rotom,Mow Rotom,https://tcgplayer-cdn.tcgplayer.com/product/87584_200w.jpg,3,1367,https://cpt.tcgcsv.com/J2K,2019-09-04T14:55:48.103,1,RT4,Ultra Rare,Lightning,90,Basic,"Mow Shift - Once during your turn (before your attack), you may use this power.  Mow Rotom's type is G until the end of your turn.  (Poke-POWER)",[2] Slash (20),12.99,15.0,20.0,30.57,,Reverse Holofoil,"[2G] Mow Down (50) Flip a coin.  If heads, discard an Energy card attached to each of your opponent's Pokemon.",D+20,C-20,2,
87597,Mr. Mime E4,Mr Mime E4,https://tcgplayer-cdn.tcgplayer.com/product/87597_200w.jpg,3,1367,https://cpt.tcgcsv.com/Z2K,2023-11-07T21:51:24.44,1,28/111,Rare,Psychic,70,Basic,,[0] Magic Heal - Flip 3 coins.  Remove a number of damage counters equal to the number of heads from your Pokemon in any way you like.,0.35,0.73,5.0,0.74,,Normal,"[1P] Barrier Attack (30) During your opponent's next turn, any damage done to Mr. Mime E4 by attacks is reduced by 10 (after applying Weakness and Resistance).",Px2,,1,
87597,Mr. Mime E4,Mr Mime E4,https://tcgplayer-cdn.tcgplayer.com/product/87597_200w.jpg,3,1367,https://cpt.tcgcsv.com/Z2K,2023-11-07T21:51:24.44,1,28/111,Rare,Psychic,70,Basic,,[0] Magic Heal - Flip 3 coins.  Remove a number of damage counters equal to the number of heads from your Pokemon in any way you like.,4.33,4.39,18.0,5.74,,Reverse Holofoil,"[1P] Barrier Attack (30) During your opponent's next turn, any damage done to Mr. Mime E4 by attacks is reduced by 10 (after applying Weakness and Resistance).",Px2,,1,
87639,Munchlax (69),Munchlax 69,https://tcgplayer-cdn.tcgplayer.com/product/87639_200w.jpg,3,1367,https://cpt.tcgcsv.com/P3K,2023-11-07T21:57:05.937,1,69/111,Common,Colorless,70,Basic,"Baby Evolution - Once during your turn (before your attack), you may put Snorlax from your hand onto Munchlax (this counts as evolving Munchlax) and remove all damage counters from Munchlax.  (Poke-POWER)",[2] Rest - Remove all Special Conditions and 6 damage counters from Munchlax.  Munchlax is now Asleep.,4.2,5.58,20.0,6.07,,Normal,,F+10,,2,
87639,Munchlax (69),Munchlax 69,https://tcgplayer-cdn.tcgplayer.com/product/87639_200w.jpg,3,1367,https://cpt.tcgcsv.com/P3K,2023-11-07T21:57:05.937,1,69/111,Common,Colorless,70,Basic,"Baby Evolution - Once during your turn (before your attack), you may put Snorlax from your hand onto Munchlax (this counts as evolving Munchlax) and remove all damage counters from Munchlax.  (Poke-POWER)",[2] Rest - Remove all Special Conditions and 6 damage counters from Munchlax.  Munchlax is now Asleep.,15.0,18.96,69.7,37.79,,Reverse Holofoil,,F+10,,2,
87640,Munchlax (70),Munchlax 70,https://tcgplayer-cdn.tcgplayer.com/product/87640_200w.jpg,3,1367,https://cpt.tcgcsv.com/Q3K,2023-11-07T21:57:13.177,1,70/111,Common,Colorless,70,Basic,"Baby Evolution - Once during your turn (before your attack), you may put Snorlax from your hand onto Munchlax (this counts as evolving Munchlax) and remove all damage counters from Munchlax.  (Poke-POWER)","[2] Errand-Running - Search your deck for a Trainer card, show it to your opponent, and put it into your hand.  Shuffle your deck afterward.",3.99,7.15,25.0,5.18,,Normal,,F+20,,2,
87640,Munchlax (70),Munchlax 70,https://tcgplayer-cdn.tcgplayer.com/product/87640_200w.jpg,3,1367,https://cpt.tcgcsv.com/Q3K,2023-11-07T21:57:13.177,1,70/111,Common,Colorless,70,Basic,"Baby Evolution - Once during your turn (before your attack), you may put Snorlax from your hand onto Munchlax (this counts as evolving Munchlax) and remove all damage counters from Munchlax.  (Poke-POWER)","[2] Errand-Running - Search your deck for a Trainer card, show it to your opponent, and put it into your hand.  Shuffle your deck afterward.",8.0,23.56,25.0,43.31,,Reverse Holofoil,,F+20,,2,
87698,Nidoking,Nidoking,https://tcgplayer-cdn.tcgplayer.com/product/87698_200w.jpg,3,1367,https://cpt.tcgcsv.com/-5K,2023-11-07T21:51:31.247,1,29/111,Rare,Fighting,130,Stage 2,"Territoriality - If your Active Pokemon is damaged by an opponent's attack (even if that Pokemon is Knocked Out), put 2 damage counters on the Attacking Pokemon.  You can't put more than 2 damage counters this way. (Poke-BODY)","[3] Fling Away (60) If your opponent has any Benched Pokemon, this attack's base damage is 30 instead of 60 and this attack does 30 damage to 1 of your opponent's Benched Pokemon.  (Don't apply Weakness and Resistance for Benched Pokemon.)",1.5,6.02,9.99,6.16,,Normal,"[3F] Giga Horn (100) Flip 2 coins.  If both of them are tails, this attack does nothing.",W+30,L-20,2,
87698,Nidoking,Nidoking,https://tcgplayer-cdn.tcgplayer.com/product/87698_200w.jpg,3,1367,https://cpt.tcgcsv.com/-5K,2023-11-07T21:51:31.247,1,29/111,Rare,Fighting,130,Stage 2,"Territoriality - If your Active Pokemon is damaged by an opponent's attack (even if that Pokemon is Knocked Out), put 2 damage counters on the Attacking Pokemon.  You can't put more than 2 damage counters this way. (Poke-BODY)","[3] Fling Away (60) If your opponent has any Benched Pokemon, this attack's base damage is 30 instead of 60 and this attack does 30 damage to 1 of your opponent's Benched Pokemon.  (Don't apply Weakness and Resistance for Benched Pokemon.)",7.91,9.99,12.94,7.5,,Reverse Holofoil,"[3F] Giga Horn (100) Flip 2 coins.  If both of them are tails, this attack does nothing.",W+30,L-20,2,
87709,Nidoqueen,Nidoqueen,https://tcgplayer-cdn.tcgplayer.com/product/87709_200w.jpg,3,1367,https://cpt.tcgcsv.com/c6K,2023-11-07T21:51:38.303,1,30/111,Rare,Psychic,120,Stage 2,"Maternal Comfort - At any time between turns, remove 1 damage counter from each of your Pokemon.  You can't use more than 1 Maternal Comfort Poke-Body between turns.  (Poke-BODY)",[P] Mega Punch (40),3.0,3.85,9.99,3.85,,Normal,[2P] Ruthless Tail (50+) Does 50 damage plus 10 more damage for each of your opponent's Benched Pokemon.,P+30,L-20,3,
87709,Nidoqueen,Nidoqueen,https://tcgplayer-cdn.tcgplayer.com/product/87709_200w.jpg,3,1367,https://cpt.tcgcsv.com/c6K,2023-11-07T21:51:38.303,1,30/111,Rare,Psychic,120,Stage 2,"Maternal Comfort - At any time between turns, remove 1 damage counter from each of your Pokemon.  You can't use more than 1 Maternal Comfort Poke-Body between turns.  (Poke-BODY)",[P] Mega Punch (40),3.99,5.59,7.79,3.65,,Reverse Holofoil,[2P] Ruthless Tail (50+) Does 50 damage plus 10 more damage for each of your opponent's Benched Pokemon.,P+30,L-20,3,
87719,Nidoran F,Nidoran F,https://tcgplayer-cdn.tcgplayer.com/product/87719_200w.jpg,3,1367,https://cpt.tcgcsv.com/p6K,2023-11-07T21:57:21.557,1,71/111,Common,Psychic,60,Basic,,[P] Scratch (10),0.15,0.38,1.73,0.44,,Normal,"[2] Offer Help - Search your deck for a Supporter card, show it to your opponent, and put it into your hand.  Shuffle your deck afterward.",P+10,,1,
87719,Nidoran F,Nidoran F,https://tcgplayer-cdn.tcgplayer.com/product/87719_200w.jpg,3,1367,https://cpt.tcgcsv.com/p6K,2023-11-07T21:57:21.557,1,71/111,Common,Psychic,60,Basic,,[P] Scratch (10),1.79,4.49,6.45,3.65,,Reverse Holofoil,"[2] Offer Help - Search your deck for a Supporter card, show it to your opponent, and put it into your hand.  Shuffle your deck afterward.",P+10,,1,
87728,Nidoran M,Nidoran M,https://tcgplayer-cdn.tcgplayer.com/product/87728_200w.jpg,3,1367,https://cpt.tcgcsv.com/B6K,2023-11-07T21:57:29.367,1,72/111,Common,Psychic,50,Basic,,"[1] Leer - Flip a coin.  If heads, the Defending Pokemon can't attack during your opponent's next turn.",0.1,0.3,1.69,0.34,0.34,Normal,"[1P] Horn Hazard (40) Flip a coin.  If tails, this attack does nothing.",P+10,,1,
87728,Nidoran M,Nidoran M,https://tcgplayer-cdn.tcgplayer.com/product/87728_200w.jpg,3,1367,https://cpt.tcgcsv.com/B6K,2023-11-07T21:57:29.367,1,72/111,Common,Psychic,50,Basic,,"[1] Leer - Flip a coin.  If heads, the Defending Pokemon can't attack during your opponent's next turn.",0.65,1.02,2.49,0.79,,Reverse Holofoil,"[1P] Horn Hazard (40) Flip a coin.  If tails, this attack does nothing.",P+10,,1,
87737,Nidorina,Nidorina,https://tcgplayer-cdn.tcgplayer.com/product/87737_200w.jpg,3,1367,https://cpt.tcgcsv.com/M6K,2023-11-07T21:57:39.317,1,73/111,Common,Psychic,80,Stage 1,,"[1] Jump Tackle (30) Nidorina does 10 damage to itself, and don't apply Weakness and resistance to this damage.",0.15,0.38,1.49,0.4,,Normal,"[2P] Stress Poison (40+) If Nidorina has any damage counters on it, this attack does 40 damage plus 20 more damage and the Defending Pokemon is now Poisoned.",P+20,,2,
87737,Nidorina,Nidorina,https://tcgplayer-cdn.tcgplayer.com/product/87737_200w.jpg,3,1367,https://cpt.tcgcsv.com/M6K,2023-11-07T21:57:39.317,1,73/111,Common,Psychic,80,Stage 1,,"[1] Jump Tackle (30) Nidorina does 10 damage to itself, and don't apply Weakness and resistance to this damage.",1.93,3.11,4.69,3.13,,Reverse Holofoil,"[2P] Stress Poison (40+) If Nidorina has any damage counters on it, this attack does 40 damage plus 20 more damage and the Defending Pokemon is now Poisoned.",P+20,,2,
87746,Nidorino,Nidorino,https://tcgplayer-cdn.tcgplayer.com/product/87746_200w.jpg,3,1367,https://cpt.tcgcsv.com/X6K,2023-11-07T21:57:46.473,1,74/111,Common,Psychic,80,Stage 1,,[1P] Toxic - The Defending Pokemon is now Poisoned.  Put 2 damage counters instead of 1 on the Defending Pokemon between turns.,0.08,0.27,1.69,0.39,0.19,Normal,[3] Frustration - Choose 1 of your opponent's Pokemon that doesn't have any damage counters on it.  This attack does 40 damage to that Pokemon.  (Don't apply Weakness and Resistance for Benched Pokemon.),P+20,,1,
87746,Nidorino,Nidorino,https://tcgplayer-cdn.tcgplayer.com/product/87746_200w.jpg,3,1367,https://cpt.tcgcsv.com/X6K,2023-11-07T21:57:46.473,1,74/111,Common,Psychic,80,Stage 1,,[1P] Toxic - The Defending Pokemon is now Poisoned.  Put 2 damage counters instead of 1 on the Defending Pokemon between turns.,4.19,4.86,19.99,4.18,,Reverse Holofoil,[3] Frustration - Choose 1 of your opponent's Pokemon that doesn't have any damage counters on it.  This attack does 40 damage to that Pokemon.  (Don't apply Weakness and Resistance for Benched Pokemon.),P+20,,1,
87826,Nuzleaf,Nuzleaf,https://tcgplayer-cdn.tcgplayer.com/product/87826_200w.jpg,3,1367,https://cpt.tcgcsv.com/x8K,2023-11-07T21:57:54.123,1,75/111,Common,Darkness,80,Stage 1,,"[D] Blind (10) If the Defending Pokemon tries to attack during your opponent's next turn, your opponent flips a coin.  If tails, that attack does nothing.",0.1,0.26,1.79,0.28,,Normal,"[2] Feint Attack - Choose 1 of your opponent's Pokemon.  This attack does 30 damage to that Pokemon.  This attack's damage isn't affected by Weakness, Resistance, Poke-Powers, Poke-Bodies, or any other effects on that Pokemon.",R+20,P-20,1,
87826,Nuzleaf,Nuzleaf,https://tcgplayer-cdn.tcgplayer.com/product/87826_200w.jpg,3,1367,https://cpt.tcgcsv.com/x8K,2023-11-07T21:57:54.123,1,75/111,Common,Darkness,80,Stage 1,,"[D] Blind (10) If the Defending Pokemon tries to attack during your opponent's next turn, your opponent flips a coin.  If tails, that attack does nothing.",0.43,1.19,2.49,0.99,,Reverse Holofoil,"[2] Feint Attack - Choose 1 of your opponent's Pokemon.  This attack does 30 damage to that Pokemon.  This attack's damage isn't affected by Weakness, Resistance, Poke-Powers, Poke-Bodies, or any other effects on that Pokemon.",R+20,P-20,1,
88091,Pikachu,Pikachu,https://tcgplayer-cdn.tcgplayer.com/product/88091_200w.jpg,3,1367,https://cpt.tcgcsv.com/RfK,2023-11-07T22:06:10.923,1,112/111,Secret Rare,Lightning,40,Basic,,[1] Gnaw (10),125.0,249.99,349.99,170.0,,Holofoil,"[1L] Thunder Jolt (30) Flip a coin.  If tails, Pikachu does 10 damage to itself.",Fx2,,1,
88224,Pokemon Contest Hall,Pokemon Contest Hall,https://tcgplayer-cdn.tcgplayer.com/product/88224_200w.jpg,3,1367,https://cpt.tcgcsv.com/vjK,2025-02-05T21:07:33.897,1,93/111,Uncommon,Stadium,0,Stadium,"This card stays in play when you play it.  Discard this card if another Stadium card comes into play.  If another card with the same name is in play, you can't play this card.","Once during each player's turn, if that player's Bench isn't full, the player may flip a coin.  If heads, that player searches his or her deck for a Basic Pokemon and puts it onto his or her Bench.  If the player does, he or she may search his or her deck for a Pokemon Tool card and attach it to that Pokemon.  If that player searched his or her deck, the player shuffles his or her deck afterward.",0.15,0.3,2.32,0.27,,Normal,,,,,
88224,Pokemon Contest Hall,Pokemon Contest Hall,https://tcgplayer-cdn.tcgplayer.com/product/88224_200w.jpg,3,1367,https://cpt.tcgcsv.com/vjK,2025-02-05T21:07:33.897,1,93/111,Uncommon,Stadium,0,Stadium,"This card stays in play when you play it.  Discard this card if another Stadium card comes into play.  If another card with the same name is in play, you can't play this card.","Once during each player's turn, if that player's Bench isn't full, the player may flip a coin.  If heads, that player searches his or her deck for a Basic Pokemon and puts it onto his or her Bench.  If the player does, he or she may search his or her deck for a Pokemon Tool card and attach it to that Pokemon.  If that player searched his or her deck, the player shuffles his or her deck afterward.",0.72,1.27,4.89,0.8,,Reverse Holofoil,,,,,
88476,Quagsire GL,Quagsire GL,https://tcgplayer-cdn.tcgplayer.com/product/88476_200w.jpg,3,1367,https://cpt.tcgcsv.com/xpK,2023-11-07T21:58:07.777,1,76/111,Common,Water,90,Basic,"Submerge - As long as Quagsire GL is on your Bench, prevent all damage done to Quagsire GL by attacks (both yours and your opponent's).  (Poke-BODY)",[2W] Punch and Run (40) You may switch Quagsire GL with 1 of your Benched Pokemon.,0.22,0.78,7.5,1.01,,Normal,,Gx2,L-20,2,
88476,Quagsire GL,Quagsire GL,https://tcgplayer-cdn.tcgplayer.com/product/88476_200w.jpg,3,1367,https://cpt.tcgcsv.com/xpK,2023-11-07T21:58:07.777,1,76/111,Common,Water,90,Basic,"Submerge - As long as Quagsire GL is on your Bench, prevent all damage done to Quagsire GL by attacks (both yours and your opponent's).  (Poke-BODY)",[2W] Punch and Run (40) You may switch Quagsire GL with 1 of your Benched Pokemon.,6.95,7.37,7.79,9.42,,Reverse Holofoil,,Gx2,L-20,2,
88527,Raichu GL,Raichu GL,https://tcgplayer-cdn.tcgplayer.com/product/88527_200w.jpg,3,1367,https://cpt.tcgcsv.com/zqK,2023-11-07T21:51:48.16,1,31/111,Rare,Lightning,80,Basic,,[1] Thunder Throw - Choose 2 of your opponent's Benched Pokemon.  This attack does 10 damage to each of them.  (Don't apply Weakness and Resistance for Benched Pokemon.),3.4,3.87,9.5,4.09,,Normal,[1L] Repeat Lightning (30+) Does 30 damage plus 10 more damage for each of your opponent's Benched Pokemon that has any damage counters on it.,Fx2,M-20,0,
88527,Raichu GL,Raichu GL,https://tcgplayer-cdn.tcgplayer.com/product/88527_200w.jpg,3,1367,https://cpt.tcgcsv.com/zqK,2023-11-07T21:51:48.16,1,31/111,Rare,Lightning,80,Basic,,[1] Thunder Throw - Choose 2 of your opponent's Benched Pokemon.  This attack does 10 damage to each of them.  (Don't apply Weakness and Resistance for Benched Pokemon.),7.0,20.4,54.21,36.88,,Reverse Holofoil,[1L] Repeat Lightning (30+) Does 30 damage plus 10 more damage for each of your opponent's Benched Pokemon that has any damage counters on it.,Fx2,M-20,0,
88572,Rampardos GL,Rampardos GL,https://tcgplayer-cdn.tcgplayer.com/product/88572_200w.jpg,3,1367,https://cpt.tcgcsv.com/srK,2023-11-07T21:49:07.17,1,11/111,Holo Rare,Fighting,90,Basic,,"[1F] Trample - Flip a coin for each Benched Pokemon (both yours and your opponent's).  If that coin flip is heads, this attack does 30 damage to that Pokemon.  (Don't apply Weakness and Resistance for Benched Pokemon.)",4.0,7.38,8.98,7.24,,Holofoil,"[2F] Rend (40+) If the Defending Pokemon has any damage counters on it, this attack does 40 damage plus 20 more damage.",Gx2,,1,
88572,Rampardos GL,Rampardos GL,https://tcgplayer-cdn.tcgplayer.com/product/88572_200w.jpg,3,1367,https://cpt.tcgcsv.com/srK,2023-11-07T21:49:07.17,1,11/111,Holo Rare,Fighting,90,Basic,,"[1F] Trample - Flip a coin for each Benched Pokemon (both yours and your opponent's).  If that coin flip is heads, this attack does 30 damage to that Pokemon.  (Don't apply Weakness and Resistance for Benched Pokemon.)",5.0,8.1,4321.0,7.0,,Reverse Holofoil,"[2F] Rend (40+) If the Defending Pokemon has any damage counters on it, this attack does 40 damage plus 20 more damage.",Gx2,,1,
88588,Rapidash E4,Rapidash E4,https://tcgplayer-cdn.tcgplayer.com/product/88588_200w.jpg,3,1367,https://cpt.tcgcsv.com/NrK,2023-11-07T21:54:00.05,1,47/111,Uncommon,Fire,70,Basic,,"[0] Pickup Power - Flip 3 coins.  For each heads, search your discard pile for a basic Energy card, show it to your opponent, and put it into your hand.",0.54,0.84,5.0,0.77,,Normal,[R] Fire Mane (20),Wx2,,0,
88588,Rapidash E4,Rapidash E4,https://tcgplayer-cdn.tcgplayer.com/product/88588_200w.jpg,3,1367,https://cpt.tcgcsv.com/NrK,2023-11-07T21:54:00.05,1,47/111,Uncommon,Fire,70,Basic,,"[0] Pickup Power - Flip 3 coins.  For each heads, search your discard pile for a basic Energy card, show it to your opponent, and put it into your hand.",2.85,6.02,10.69,3.43,,Reverse Holofoil,[R] Fire Mane (20),Wx2,,0,
88748,Rhyperior E4,Rhyperior E4,https://tcgplayer-cdn.tcgplayer.com/product/88748_200w.jpg,3,1367,https://cpt.tcgcsv.com/-vK,2023-11-07T21:51:54.657,1,32/111,Rare,Fighting,100,Basic,,[1F] Double Lariat (30x) Flip 2 coins.  This attack does 30 damage times the number of heads.,0.5,0.7,2.48,0.72,,Normal,[2FF] Rock Tumble (60) This attack's damage isn't affected by Resistance.,Wx2,L-20,3,
88748,Rhyperior E4,Rhyperior E4,https://tcgplayer-cdn.tcgplayer.com/product/88748_200w.jpg,3,1367,https://cpt.tcgcsv.com/-vK,2023-11-07T21:51:54.657,1,32/111,Rare,Fighting,100,Basic,,[1F] Double Lariat (30x) Flip 2 coins.  This attack does 30 damage times the number of heads.,0.99,1.57,3.88,1.49,,Reverse Holofoil,[2FF] Rock Tumble (60) This attack's damage isn't affected by Resistance.,Wx2,L-20,3,
88834,Roserade GL,Roserade GL,https://tcgplayer-cdn.tcgplayer.com/product/88834_200w.jpg,3,1367,https://cpt.tcgcsv.com/JxK,2023-11-07T21:49:14.23,1,12/111,Holo Rare,Grass,80,Basic,,[1] Poison Bind (10) The Defending Pokemon is now Poisoned and can't retreat during your opponent's next turn.,4.0,4.88,10.68,5.2,,Holofoil,"[1G] Long Whip (30) If the Defending Pokemon is affected by any Special Conditions, you may do 30 damage to any 1 Benched Pokemon instead. (Don't apply Weakness and Resistance for Benched Pokemon.)",Rx2,,1,
88834,Roserade GL,Roserade GL,https://tcgplayer-cdn.tcgplayer.com/product/88834_200w.jpg,3,1367,https://cpt.tcgcsv.com/JxK,2023-11-07T21:49:14.23,1,12/111,Holo Rare,Grass,80,Basic,,[1] Poison Bind (10) The Defending Pokemon is now Poisoned and can't retreat during your opponent's next turn.,4.99,6.19,11.19,6.01,6.36,Reverse Holofoil,"[1G] Long Whip (30) If the Defending Pokemon is affected by any Special Conditions, you may do 30 damage to any 1 Benched Pokemon instead. (Don't apply Weakness and Resistance for Benched Pokemon.)",Rx2,,1,
88966,Scizor E4,Scizor E4,https://tcgplayer-cdn.tcgplayer.com/product/88966_200w.jpg,3,1367,https://cpt.tcgcsv.com/lCK,2023-11-07T21:54:11.373,1,48/111,Uncommon,Grass,80,Basic,,[G] Cut (20),0.95,1.37,5.0,1.56,,Normal,"[2G] Crushing Blow (40) Flip a coin.  If heads, discard an Energy card attached to the Defending Pokemon.",Rx2,,1,
88966,Scizor E4,Scizor E4,https://tcgplayer-cdn.tcgplayer.com/product/88966_200w.jpg,3,1367,https://cpt.tcgcsv.com/lCK,2023-11-07T21:54:11.373,1,48/111,Uncommon,Grass,80,Basic,,[G] Cut (20),4.64,7.21,8.29,6.8,,Reverse Holofoil,"[2G] Crushing Blow (40) Flip a coin.  If heads, discard an Energy card attached to the Defending Pokemon.",Rx2,,1,
89033,Sealeo,Sealeo,https://tcgplayer-cdn.tcgplayer.com/product/89033_200w.jpg,3,1367,https://cpt.tcgcsv.com/HDK,2026-03-09T14:47:57.273,1,77/111,Common,Water,80,Stage 1,,"[0] Find Ice - Search your deck for up to 2 W Energy cards, show them to your opponent, and put them into your hand.  Shuffle your deck afterward.",0.05,0.28,1.49,0.25,0.21,Normal,"[1W] Sheer Cold (20) Flip a coin.  If heads, the Defending Pokemon can't attack during your opponent's next turn.",M+20,,2,
89033,Sealeo,Sealeo,https://tcgplayer-cdn.tcgplayer.com/product/89033_200w.jpg,3,1367,https://cpt.tcgcsv.com/HDK,2026-03-09T14:47:57.273,1,77/111,Common,Water,80,Stage 1,,"[0] Find Ice - Search your deck for up to 2 W Energy cards, show them to your opponent, and put them into your hand.  Shuffle your deck afterward.",0.75,1.73,3.45,2.3,,Reverse Holofoil,"[1W] Sheer Cold (20) Flip a coin.  If heads, the Defending Pokemon can't attack during your opponent's next turn.",M+20,,2,
89044,Seedot,Seedot,https://tcgplayer-cdn.tcgplayer.com/product/89044_200w.jpg,3,1367,https://cpt.tcgcsv.com/VDK,2023-11-07T21:58:31.117,1,78/111,Common,Grass,40,Basic,,"[1] Harden - Once during your opponent's next turn, if Seedot would be damaged by an attack, prevent that attack's damage done to Seedot if that damage is 40 or less.",0.1,0.27,5.0,0.3,,Normal,"[1] Astonish (10) Choose 1 card from your opponent's hand without looking.  Look at that card you chose, then have your opponent shuffle that card into his or her deck.",R+10,W-20,1,
89044,Seedot,Seedot,https://tcgplayer-cdn.tcgplayer.com/product/89044_200w.jpg,3,1367,https://cpt.tcgcsv.com/VDK,2023-11-07T21:58:31.117,1,78/111,Common,Grass,40,Basic,,"[1] Harden - Once during your opponent's next turn, if Seedot would be damaged by an attack, prevent that attack's damage done to Seedot if that damage is 40 or less.",0.42,0.48,3.0,0.98,,Reverse Holofoil,"[1] Astonish (10) Choose 1 card from your opponent's hand without looking.  Look at that card you chose, then have your opponent shuffle that card into his or her deck.",R+10,W-20,1,
89100,Sharpedo,Sharpedo,https://tcgplayer-cdn.tcgplayer.com/product/89100_200w.jpg,3,1367,https://cpt.tcgcsv.com/0GK,2025-11-11T22:29:34.08,1,49/111,Uncommon,Darkness,90,Stage 1,"Energy Shark - If Sharpedo is your Active Pokemon and is damaged by an opponent's attack (even if Sharpedo is Knocked Out), flip a coin.  If heads, discard an Energy card attached to the Attacking Pokemon.  (Poke-BODY)","[1D] Crunch (20) If an attack does damage to the Defending Pokemon (after applying Weakness and Resistance), that attack does 40 more damage to that Pokemon until the end of your next turn.",0.1,0.38,1.25,0.55,,Normal,[2D] Sharp Fang (60),L+20,P-20,0,
89100,Sharpedo,Sharpedo,https://tcgplayer-cdn.tcgplayer.com/product/89100_200w.jpg,3,1367,https://cpt.tcgcsv.com/0GK,2025-11-11T22:29:34.08,1,49/111,Uncommon,Darkness,90,Stage 1,"Energy Shark - If Sharpedo is your Active Pokemon and is damaged by an opponent's attack (even if Sharpedo is Knocked Out), flip a coin.  If heads, discard an Energy card attached to the Attacking Pokemon.  (Poke-BODY)","[1D] Crunch (20) If an attack does damage to the Defending Pokemon (after applying Weakness and Resistance), that attack does 40 more damage to that Pokemon until the end of your next turn.",0.62,0.76,2.19,1.33,,Reverse Holofoil,[2D] Sharp Fang (60),L+20,P-20,0,
89143,Shellos East Sea,Shellos East Sea,https://tcgplayer-cdn.tcgplayer.com/product/89143_200w.jpg,3,1367,https://cpt.tcgcsv.com/TGK,2026-02-17T17:23:21.37,1,79/111,Common,Water,60,Basic,,"[1] Ripple - Flip a coin.  If heads, put 1 damage counter on each of your opponent's Pokemon.",0.22,0.48,2.49,0.88,0.81,Normal,[W] Brine - Choose 1 of your opponent's Pokemon that has any damage counters on it.  This attack does 20 damage to that Pokemon.  (Don't apply Weakness and Resistance for Benched Pokemon.),G+10,,1,
89145,Shellos West Sea,Shellos West Sea,https://tcgplayer-cdn.tcgplayer.com/product/89145_200w.jpg,3,1367,https://cpt.tcgcsv.com/WGK,2023-11-07T21:58:45,1,80/111,Common,Water,70,Basic,,"[0] Healing Sea - Flip 2 coins.  Choose 1 of your Pokemon.  For each heads, remove 1 damage counter from that Pokemon.",0.15,0.33,1.67,0.34,,Normal,[2] Mud Shot (20),G+20,,2,
89145,Shellos West Sea,Shellos West Sea,https://tcgplayer-cdn.tcgplayer.com/product/89145_200w.jpg,3,1367,https://cpt.tcgcsv.com/WGK,2023-11-07T21:58:45,1,80/111,Common,Water,70,Basic,,"[0] Healing Sea - Flip 2 coins.  Choose 1 of your Pokemon.  For each heads, remove 1 damage counter from that Pokemon.",2.1,2.99,6.72,3.18,,Reverse Holofoil,[2] Mud Shot (20),G+20,,2,
89158,Shiftry,Shiftry,https://tcgplayer-cdn.tcgplayer.com/product/89158_200w.jpg,3,1367,https://cpt.tcgcsv.com/bHK,2023-11-07T21:49:23.037,1,13/111,Holo Rare,Darkness,130,Stage 2,"Unlucky Wind - As long as Shiftry is your Active Pokemon, whenever your opponent flips a coin during his or her turn, treat it as tails.  (Poke-BODY)","[1D] Conform (40) If you have the same number of cards in your hand as your opponent, the Defending Pokemon is now Confused.",2.0,3.43,9.99,4.66,,Holofoil,[2D] Seal Off (60) The Defending Pokemon can't use any Poke-Powers or Poke-Bodies during your opponent's next turn.,R+30,P-20,1,
89158,Shiftry,Shiftry,https://tcgplayer-cdn.tcgplayer.com/product/89158_200w.jpg,3,1367,https://cpt.tcgcsv.com/bHK,2023-11-07T21:49:23.037,1,13/111,Holo Rare,Darkness,130,Stage 2,"Unlucky Wind - As long as Shiftry is your Active Pokemon, whenever your opponent flips a coin during his or her turn, treat it as tails.  (Poke-BODY)","[1D] Conform (40) If you have the same number of cards in your hand as your opponent, the Defending Pokemon is now Confused.",1.76,2.0,5.39,1.92,,Reverse Holofoil,[2D] Seal Off (60) The Defending Pokemon can't use any Poke-Powers or Poke-Bodies during your opponent's next turn.,R+30,P-20,1,
89390,Snorlax (33),Snorlax 33,https://tcgplayer-cdn.tcgplayer.com/product/89390_200w.jpg,3,1367,https://cpt.tcgcsv.com/QMK,2024-12-15T11:54:34.513,1,33/111,Rare,Colorless,100,Basic,,"[0] Pick and Collect - Search your discard pile for up to 4 basic Energy cards, show them to your opponent, and put them into your hand.",19.99,28.27,96.95,23.38,,Normal,"[4] Roll Over (60) Flip a coin.  If heads, both Snorlax and the Defending Pokemon are now Asleep.  If tails, Snorlax is now Asleep.",F+20,,4,
89390,Snorlax (33),Snorlax 33,https://tcgplayer-cdn.tcgplayer.com/product/89390_200w.jpg,3,1367,https://cpt.tcgcsv.com/QMK,2024-12-15T11:54:34.513,1,33/111,Rare,Colorless,100,Basic,,"[0] Pick and Collect - Search your discard pile for up to 4 basic Energy cards, show them to your opponent, and put them into your hand.",36.0,38.64,49.99,36.95,,Reverse Holofoil,"[4] Roll Over (60) Flip a coin.  If heads, both Snorlax and the Defending Pokemon are now Asleep.  If tails, Snorlax is now Asleep.",F+20,,4,
89391,Snorlax (81),Snorlax 81,https://tcgplayer-cdn.tcgplayer.com/product/89391_200w.jpg,3,1367,https://cpt.tcgcsv.com/RMK,2025-11-11T22:31:35.513,1,81/111,Common,Colorless,100,Basic,"Bad Sleeping Habits - As long as Snorlax is Asleep, your opponent's Active Pokemon can't retreat.  (Poke-BODY)","[2] Toss and Turn (20+) If Snorlax is Asleep, this attack does 20 damage plus 30 more damage.  (This attack can be used even if Snorlax is Asleep.)",3.38,8.09,20.48,8.17,,Normal,"[4] Heavy Press (40+) Flip a coin.  If heads, this attack does 40 damage plus 40 more damage.  If tails, Snorlax is now Asleep.",F+20,,4,
89391,Snorlax (81),Snorlax 81,https://tcgplayer-cdn.tcgplayer.com/product/89391_200w.jpg,3,1367,https://cpt.tcgcsv.com/RMK,2025-11-11T22:31:35.513,1,81/111,Common,Colorless,100,Basic,"Bad Sleeping Habits - As long as Snorlax is Asleep, your opponent's Active Pokemon can't retreat.  (Poke-BODY)","[2] Toss and Turn (20+) If Snorlax is Asleep, this attack does 20 damage plus 30 more damage.  (This attack can be used even if Snorlax is Asleep.)",20.0,34.97,39.14,44.71,,Reverse Holofoil,"[4] Heavy Press (40+) Flip a coin.  If heads, this attack does 40 damage plus 40 more damage.  If tails, Snorlax is now Asleep.",F+20,,4,
89397,Snorlax Lv.X,Snorlax LvX,https://tcgplayer-cdn.tcgplayer.com/product/89397_200w.jpg,3,1367,https://cpt.tcgcsv.com/ZMK,2023-11-07T22:06:03.517,1,111/111,Ultra Rare,Colorless,130,Level Up,"Big Appetite - Once during your turn (before your attack), if Snorlax is your Active Pokemon, you may draw cards until you have 6 cards in your hand.  If you do, Snorlax is now Asleep.  This power can't be used if Snorlax is affected by a Special Condition.  (Poke-POWER)","[4] Exercise (80) You may discard as many Energy cards as you like from your hand.  If you do, remove that many damage counters from Snorlax.",499.99,501.99,599.99,797.47,,Holofoil,,Fx2,,4,
89433,SP Energy,SP Energy,https://tcgplayer-cdn.tcgplayer.com/product/89433_200w.jpg,3,1367,https://cpt.tcgcsv.com/HNK,2025-11-11T22:32:10.533,1,101/111,Uncommon,Energy,0,Special Energy,,"SP Energy provides C Energy.  If the Pokemon SP Energy is attached to is a Pokemon SP, SP Energy provides every type of Energy by provides only 1 Energy at a time.  (Doesn't count as a basic Energy card.)",0.2,0.37,2.49,0.39,0.28,Normal,,,,,
89433,SP Energy,SP Energy,https://tcgplayer-cdn.tcgplayer.com/product/89433_200w.jpg,3,1367,https://cpt.tcgcsv.com/HNK,2025-11-11T22:32:10.533,1,101/111,Uncommon,Energy,0,Special Energy,,"SP Energy provides C Energy.  If the Pokemon SP Energy is attached to is a Pokemon SP, SP Energy provides every type of Energy by provides only 1 Energy at a time.  (Doesn't count as a basic Energy card.)",0.49,0.77,3.49,0.63,,Reverse Holofoil,,,,,
89449,Spheal,Spheal,https://tcgplayer-cdn.tcgplayer.com/product/89449_200w.jpg,3,1367,https://cpt.tcgcsv.com/_NK,2025-02-05T21:07:33.95,1,82/111,Common,Water,60,Basic,,[W] Powder Snow - The Defending Pokemon is now Asleep.,0.49,2.41,5.0,2.4,,Normal,[1W] Ice Ball (20),M+10,,2,
89449,Spheal,Spheal,https://tcgplayer-cdn.tcgplayer.com/product/89449_200w.jpg,3,1367,https://cpt.tcgcsv.com/_NK,2025-02-05T21:07:33.95,1,82/111,Common,Water,60,Basic,,[W] Powder Snow - The Defending Pokemon is now Asleep.,7.69,19.85,32.0,10.04,,Reverse Holofoil,[1W] Ice Ball (20),M+10,,2,
89535,Starmie,Starmie,https://tcgplayer-cdn.tcgplayer.com/product/89535_200w.jpg,3,1367,https://cpt.tcgcsv.com/KQK,2026-02-17T17:24:21.413,1,50/111,Uncommon,Water,80,Stage 1,"Aqua Recycle - Once during your turn (before your attack), you may search your discard pile for a W Energy card, show it to your opponent, and put it into your hand.  This power can't be used if Starmie is affected by a Special Condition.  (Poke-POWER)","[1] Synchro Gain (20) If Starmie and the Defending Pokemon have the same amount of Energy attached to them, remove 4 damage counters from Starmie.",0.18,0.35,1.49,0.41,0.45,Normal,[W] Powerful Spin (40) Starmie can't attack during your next turn.,L+20,,0,
89535,Starmie,Starmie,https://tcgplayer-cdn.tcgplayer.com/product/89535_200w.jpg,3,1367,https://cpt.tcgcsv.com/KQK,2026-02-17T17:24:21.413,1,50/111,Uncommon,Water,80,Stage 1,"Aqua Recycle - Once during your turn (before your attack), you may search your discard pile for a W Energy card, show it to your opponent, and put it into your hand.  This power can't be used if Starmie is affected by a Special Condition.  (Poke-POWER)","[1] Synchro Gain (20) If Starmie and the Defending Pokemon have the same amount of Energy attached to them, remove 4 damage counters from Starmie.",0.7,0.9,1.79,1.11,,Reverse Holofoil,[W] Powerful Spin (40) Starmie can't attack during your next turn.,L+20,,0,
89551,Staryu,Staryu,https://tcgplayer-cdn.tcgplayer.com/product/89551_200w.jpg,3,1367,https://cpt.tcgcsv.com/2RK,2023-11-07T21:59:07.683,1,83/111,Common,Water,50,Basic,,"[1] Cosmic Draw - If your opponent has any Evolved Pokemon in play, draw 3 cards.",0.08,0.27,3.19,0.29,0.28,Normal,"[W] Swift (10) This attack's damage isn't affected by Weakness, Resistance, Poke-Powers, Poke-Bodies, or any other effects on the Defending Pokemon.",L+10,,1,
89551,Staryu,Staryu,https://tcgplayer-cdn.tcgplayer.com/product/89551_200w.jpg,3,1367,https://cpt.tcgcsv.com/2RK,2023-11-07T21:59:07.683,1,83/111,Common,Water,50,Basic,,"[1] Cosmic Draw - If your opponent has any Evolved Pokemon in play, draw 3 cards.",1.46,1.77,2.49,1.45,,Reverse Holofoil,"[W] Swift (10) This attack's damage isn't affected by Weakness, Resistance, Poke-Powers, Poke-Bodies, or any other effects on the Defending Pokemon.",L+10,,1,
89567,Steelix GL,Steelix GL,https://tcgplayer-cdn.tcgplayer.com/product/89567_200w.jpg,3,1367,https://cpt.tcgcsv.com/mRK,2023-11-07T21:54:35.49,1,51/111,Uncommon,Metal,110,Basic,,"[2] Mend - Search your discard pile for a M Energy card and attach it to Steelix GL.  If you do, remove 1 damage counter from Steelix GL.",0.49,0.74,9.09,0.74,,Normal,"[2MM] Squeeze (30+) Flip a coin.  If heads, this attack does 30 damage plus 50 more damage and the Defending Pokemon is now Paralyzed.",Rx2,P-20,4,
89567,Steelix GL,Steelix GL,https://tcgplayer-cdn.tcgplayer.com/product/89567_200w.jpg,3,1367,https://cpt.tcgcsv.com/mRK,2023-11-07T21:54:35.49,1,51/111,Uncommon,Metal,110,Basic,,"[2] Mend - Search your discard pile for a M Energy card and attach it to Steelix GL.  If you do, remove 1 damage counter from Steelix GL.",10.79,17.9,25.0,13.67,,Reverse Holofoil,"[2MM] Squeeze (30+) Flip a coin.  If heads, this attack does 30 damage plus 50 more damage and the Defending Pokemon is now Paralyzed.",Rx2,P-20,4,
89625,Sunyshore City Gym,Sunyshore City Gym,https://tcgplayer-cdn.tcgplayer.com/product/89625_200w.jpg,3,1367,https://cpt.tcgcsv.com/wSK,2023-11-07T22:02:45.96,1,94/111,Uncommon,Stadium,0,Stadium,"This card stays in play when you play it.  Discard this card if another Stadium card comes into play.  If another card with the same name is in play, you can't play this card.",Any damage done by attacks from L Pokemon (both yours and your opponent's) to the Defending Pokemon isn't affected by Resistance.  Each L Pokemon in play (both yours and your opponent's) has no Weakness.,0.15,0.3,1.5,0.34,,Normal,,,,,
89625,Sunyshore City Gym,Sunyshore City Gym,https://tcgplayer-cdn.tcgplayer.com/product/89625_200w.jpg,3,1367,https://cpt.tcgcsv.com/wSK,2023-11-07T22:02:45.96,1,94/111,Uncommon,Stadium,0,Stadium,"This card stays in play when you play it.  Discard this card if another Stadium card comes into play.  If another card with the same name is in play, you can't play this card.",Any damage done by attacks from L Pokemon (both yours and your opponent's) to the Defending Pokemon isn't affected by Resistance.  Each L Pokemon in play (both yours and your opponent's) has no Weakness.,0.42,0.9,2.25,1.5,,Reverse Holofoil,,,,,
89644,Surfing Pikachu,Surfing Pikachu,https://tcgplayer-cdn.tcgplayer.com/product/89644_200w.jpg,3,1367,https://cpt.tcgcsv.com/VSK,2026-02-13T14:43:40.187,1,114/111,Secret Rare,Lightning,50,Basic,,[WW] Surf (30),178.99,179.0,306.9,115.0,,Holofoil,,Fx2,,1,
89808,Team Galactic's Invention G-107 Technical Mach. G,Team Galactics Invention G 107 Technical Mach G,https://tcgplayer-cdn.tcgplayer.com/product/89808_200w.jpg,3,1367,https://cpt.tcgcsv.com/bXK,2023-11-07T22:02:52.583,1,95/111,Uncommon,Trainer,0,Technical Machine,"Attach this card to 1 of your Pokemon SP in play.  That Pokemon may use this card's attack instead of its own.  When the Pokemon this card is attached to is no longer a Pokemon SP, discard this card.",[3] Damage Porter - Choose 1 of your opponent's Pokemon.  This attack does 10 damage times the number of damage counters on the Pokemon this card is attached to that Pokemon.  (Don't apply Weakness and Resistance for Benched Pokemon.),0.09,0.26,1.5,0.28,0.24,Normal,,,,,
89808,Team Galactic's Invention G-107 Technical Mach. G,Team Galactics Invention G 107 Technical Mach G,https://tcgplayer-cdn.tcgplayer.com/product/89808_200w.jpg,3,1367,https://cpt.tcgcsv.com/bXK,2023-11-07T22:02:52.583,1,95/111,Uncommon,Trainer,0,Technical Machine,"Attach this card to 1 of your Pokemon SP in play.  That Pokemon may use this card's attack instead of its own.  When the Pokemon this card is attached to is no longer a Pokemon SP, discard this card.",[3] Damage Porter - Choose 1 of your opponent's Pokemon.  This attack does 10 damage times the number of damage counters on the Pokemon this card is attached to that Pokemon.  (Don't apply Weakness and Resistance for Benched Pokemon.),0.32,0.93,1.75,0.96,0.45,Reverse Holofoil,,,,,
89809,Team Galactic's Invention G-109 SP Radar,Team Galactics Invention G 109 SP Radar,https://tcgplayer-cdn.tcgplayer.com/product/89809_200w.jpg,3,1367,https://cpt.tcgcsv.com/cXK,2025-02-05T21:07:33.997,1,96/111,Uncommon,Trainer,0,Trainer,,"Choose a card from your hand and put it on top of your deck.  Search your deck for a Pokemon SP, show it to your opponent, and put it into your hand.  Shuffle your deck afterward.  (If this is the only card in your hand, you can't play this card.)",0.35,0.72,2.03,0.74,,Normal,,,,,
89809,Team Galactic's Invention G-109 SP Radar,Team Galactics Invention G 109 SP Radar,https://tcgplayer-cdn.tcgplayer.com/product/89809_200w.jpg,3,1367,https://cpt.tcgcsv.com/cXK,2025-02-05T21:07:33.997,1,96/111,Uncommon,Trainer,0,Trainer,,"Choose a card from your hand and put it on top of your deck.  Search your deck for a Pokemon SP, show it to your opponent, and put it into your hand.  Shuffle your deck afterward.  (If this is the only card in your hand, you can't play this card.)",3.4,3.75,3.95,1.47,,Reverse Holofoil,,,,,
90024,Trapinch,Trapinch,https://tcgplayer-cdn.tcgplayer.com/product/90024_200w.jpg,3,1367,https://cpt.tcgcsv.com/v0L,2026-02-13T20:46:11.157,1,84/111,Common,Fighting,50,Basic,"Gather Sand - Once during your turn (before your attack), if Trapinch is your Active Pokemon, you may search your discard pile for a basic F Energy card and attach it to Trapinch.  (Poke-POWER)",[1] Grind (10x) Does 10 damage times the amount of Energy attached to Trapinch.,0.1,0.35,3.23,0.52,0.41,Normal,,W+10,L-20,1,
90024,Trapinch,Trapinch,https://tcgplayer-cdn.tcgplayer.com/product/90024_200w.jpg,3,1367,https://cpt.tcgcsv.com/v0L,2026-02-13T20:46:11.157,1,84/111,Common,Fighting,50,Basic,"Gather Sand - Once during your turn (before your attack), if Trapinch is your Active Pokemon, you may search your discard pile for a basic F Energy card and attach it to Trapinch.  (Poke-POWER)",[1] Grind (10x) Does 10 damage times the amount of Energy attached to Trapinch.,1.69,4.49,20.0,4.55,,Reverse Holofoil,,W+10,L-20,1,
90060,Tropius,Tropius,https://tcgplayer-cdn.tcgplayer.com/product/90060_200w.jpg,3,1367,https://cpt.tcgcsv.com/d2L,2025-11-24T13:00:31.27,1,52/111,Uncommon,Grass,80,Basic,,"[1] Fly (30) Flip a coin.  If tails, this attack does nothing.  If heads, prevent all effects of an attack, including damage, done to Tropius during your opponent's next turn.",0.2,0.35,1.5,0.39,0.18,Normal,[GG] Blessed Fruit - Remove all damage counters from 1 of your Benched G Pokemon.,R+20,F-20,2,[3G] Solarbeam (60)
90060,Tropius,Tropius,https://tcgplayer-cdn.tcgplayer.com/product/90060_200w.jpg,3,1367,https://cpt.tcgcsv.com/d2L,2025-11-24T13:00:31.27,1,52/111,Uncommon,Grass,80,Basic,,"[1] Fly (30) Flip a coin.  If tails, this attack does nothing.  If heads, prevent all effects of an attack, including damage, done to Tropius during your opponent's next turn.",0.48,1.4,5.0,1.51,,Reverse Holofoil,[GG] Blessed Fruit - Remove all damage counters from 1 of your Benched G Pokemon.,R+20,F-20,2,[3G] Solarbeam (60)
90082,Turtwig GL,Turtwig GL,https://tcgplayer-cdn.tcgplayer.com/product/90082_200w.jpg,3,1367,https://cpt.tcgcsv.com/G2L,2023-11-07T21:59:21.11,1,85/111,Common,Grass,90,Basic,"Overgrow - As long as Turtwig GL's remaining HP is 60 or less, each of Turtwig GL's attacks does 30 more damage to the Active Pokemon (before applying Weakness and Resistance).  (Poke-BODY)","[2G] Giga Drain (30) After your attack, remove from Turtwig GL the number of damage counters equal to the damage you did to the Defending Pokemon.",0.25,0.64,3.0,0.72,,Normal,,Rx2,W-20,3,
90082,Turtwig GL,Turtwig GL,https://tcgplayer-cdn.tcgplayer.com/product/90082_200w.jpg,3,1367,https://cpt.tcgcsv.com/G2L,2023-11-07T21:59:21.11,1,85/111,Common,Grass,90,Basic,"Overgrow - As long as Turtwig GL's remaining HP is 60 or less, each of Turtwig GL's attacks does 30 more damage to the Active Pokemon (before applying Weakness and Resistance).  (Poke-BODY)","[2G] Giga Drain (30) After your attack, remove from Turtwig GL the number of damage counters equal to the damage you did to the Defending Pokemon.",19.72,19.72,19.72,15.17,,Reverse Holofoil,,Rx2,W-20,3,
90156,Underground Expedition,Underground Expedition,https://tcgplayer-cdn.tcgplayer.com/product/90156_200w.jpg,3,1367,https://cpt.tcgcsv.com/85L,2023-11-07T22:03:03.967,1,97/111,Uncommon,Supporter,0,Supporter,"You can play only one Supporter each turn.  When you play this card, put it next to your Active Pokemon.  When your turn ends, discard this card.",Look at the 4 cards on the bottom of your deck.  Choose any 2 cards you find there and put them into your hand.  Put the remaining cards back on the bottom of your deck in any order.,0.1,0.26,1.47,0.24,,Normal,,,,,
90156,Underground Expedition,Underground Expedition,https://tcgplayer-cdn.tcgplayer.com/product/90156_200w.jpg,3,1367,https://cpt.tcgcsv.com/85L,2023-11-07T22:03:03.967,1,97/111,Uncommon,Supporter,0,Supporter,"You can play only one Supporter each turn.  When you play this card, put it next to your Active Pokemon.  When your turn ends, discard this card.",Look at the 4 cards on the bottom of your deck.  Choose any 2 cards you find there and put them into your hand.  Put the remaining cards back on the bottom of your deck in any order.,0.45,1.48,3.71,1.49,1.75,Reverse Holofoil,,,,,
90248,Upper Energy,Upper Energy,https://tcgplayer-cdn.tcgplayer.com/product/90248_200w.jpg,3,1367,https://cpt.tcgcsv.com/-6L,2025-02-05T21:07:34.043,1,102/111,Uncommon,Energy,0,Special Energy,,"Upper Energy provides C Energy.  If you have more Prize cards left than your opponent and this card is attached to a Pokemon (excluding Pokemon LV.X), Upper Energy provides CC Energy.",0.15,0.37,1.47,0.37,0.66,Normal,,,,,
90248,Upper Energy,Upper Energy,https://tcgplayer-cdn.tcgplayer.com/product/90248_200w.jpg,3,1367,https://cpt.tcgcsv.com/-6L,2025-02-05T21:07:34.043,1,102/111,Uncommon,Energy,0,Special Energy,,"Upper Energy provides C Energy.  If you have more Prize cards left than your opponent and this card is attached to a Pokemon (excluding Pokemon LV.X), Upper Energy provides CC Energy.",0.55,1.0,4.19,1.08,0.88,Reverse Holofoil,,,,,
90285,Vaporeon,Vaporeon,https://tcgplayer-cdn.tcgplayer.com/product/90285_200w.jpg,3,1367,https://cpt.tcgcsv.com/K7L,2023-11-07T21:52:09.433,1,34/111,Rare,Water,90,Stage 1,"Undevelop - Once during your turn (before your attack), you may devolve Vaporeon and put Vaporeon into your hand.  This power can't be used if Vaporeon is affected by a Special Condition.  (Poke-POWER)",[1] Muddy Water (20) Does 10 damage to 1 of your opponent's Benched Pokemon.  (Don't apply Weakness and Resistance for Benched Pokemon.),11.0,12.03,25.0,11.74,,Normal,"[1W] Evolving Aqua - Choose 1 of your opponent's Pokemon that has any damage counters on it.  This attack does 40 damage to that Pokemon.  (Don't apply Weakness and Resistance for Benched Pokemon.)  If Vaporeon evolved from Eevee during this turn, this attack does 60 damage instead.",L+20,,2,
90285,Vaporeon,Vaporeon,https://tcgplayer-cdn.tcgplayer.com/product/90285_200w.jpg,3,1367,https://cpt.tcgcsv.com/K7L,2023-11-07T21:52:09.433,1,34/111,Rare,Water,90,Stage 1,"Undevelop - Once during your turn (before your attack), you may devolve Vaporeon and put Vaporeon into your hand.  This power can't be used if Vaporeon is affected by a Special Condition.  (Poke-POWER)",[1] Muddy Water (20) Does 10 damage to 1 of your opponent's Benched Pokemon.  (Don't apply Weakness and Resistance for Benched Pokemon.),10.0,22.59,4321.0,14.26,,Reverse Holofoil,"[1W] Evolving Aqua - Choose 1 of your opponent's Pokemon that has any damage counters on it.  This attack does 40 damage to that Pokemon.  (Don't apply Weakness and Resistance for Benched Pokemon.)  If Vaporeon evolved from Eevee during this turn, this attack does 60 damage instead.",L+20,,2,
90331,Vespiquen E4,Vespiquen E4,https://tcgplayer-cdn.tcgplayer.com/product/90331_200w.jpg,3,1367,https://cpt.tcgcsv.com/F8L,2023-11-07T21:52:16.69,1,35/111,Rare,Grass,80,Basic,"Royal Gain - When you attach a G Energy card from your hand to Vespiquen E4, remove 1 damage counter from Vespiquen E4.  (Poke-BODY)",[3] Leaf Needle (30+) Flip a coin for each G Energy attached to Vespiquen E4.  This attack does 30 damage plus 20 more damage for each heads.,0.55,0.96,5.0,1.0,,Normal,,Lx2,F-20,1,
90331,Vespiquen E4,Vespiquen E4,https://tcgplayer-cdn.tcgplayer.com/product/90331_200w.jpg,3,1367,https://cpt.tcgcsv.com/F8L,2023-11-07T21:52:16.69,1,35/111,Rare,Grass,80,Basic,"Royal Gain - When you attach a G Energy card from your hand to Vespiquen E4, remove 1 damage counter from Vespiquen E4.  (Poke-BODY)",[3] Leaf Needle (30+) Flip a coin for each G Energy attached to Vespiquen E4.  This attack does 30 damage plus 20 more damage for each heads.,1.59,3.0,8.45,1.56,,Reverse Holofoil,,Lx2,F-20,1,
90338,Vibrava,Vibrava,https://tcgplayer-cdn.tcgplayer.com/product/90338_200w.jpg,3,1367,https://cpt.tcgcsv.com/N8L,2023-11-07T21:54:54.733,1,53/111,Uncommon,Colorless,70,Stage 1,,"[1] Energy Typhoon (20x) Does 20 damage times the number of energy cards in your opponent's discard pile.  Then, put those Energy cards on top of your opponent's deck.  Your opponent shuffles his or her deck afterward.",0.24,0.38,1.83,0.4,0.5,Normal,"[2] Quick Attack (20+) Flip a coin.  If heads, this attack does 20 damage plus 20 more damage.",C+20,L-20,1,
90338,Vibrava,Vibrava,https://tcgplayer-cdn.tcgplayer.com/product/90338_200w.jpg,3,1367,https://cpt.tcgcsv.com/N8L,2023-11-07T21:54:54.733,1,53/111,Uncommon,Colorless,70,Stage 1,,"[1] Energy Typhoon (20x) Does 20 damage times the number of energy cards in your opponent's discard pile.  Then, put those Energy cards on top of your opponent's deck.  Your opponent shuffles his or her deck afterward.",0.45,1.32,2.44,0.97,,Reverse Holofoil,"[2] Quick Attack (20+) Flip a coin.  If heads, this attack does 20 damage plus 20 more damage.",C+20,L-20,1,
90406,Volkner's Philosophy,Volkners Philosophy,https://tcgplayer-cdn.tcgplayer.com/product/90406_200w.jpg,3,1367,https://cpt.tcgcsv.com/8bL,2025-11-11T22:34:24.287,1,98/111,Uncommon,Supporter,0,Supporter,"You can play only one Supporter each turn.  When you play this card, put it next to your Active Pokemon.  When your turn ends, discard this card.","You may discard a card from your hand.  Then, draw cards until you have 6 cards in your hand.  (If you can't draw any cards, you can't play this card.)",0.1,0.32,2.33,0.35,0.19,Normal,,,,,
90406,Volkner's Philosophy,Volkners Philosophy,https://tcgplayer-cdn.tcgplayer.com/product/90406_200w.jpg,3,1367,https://cpt.tcgcsv.com/8bL,2025-11-11T22:34:24.287,1,98/111,Uncommon,Supporter,0,Supporter,"You can play only one Supporter each turn.  When you play this card, put it next to your Active Pokemon.  When your turn ends, discard this card.","You may discard a card from your hand.  Then, draw cards until you have 6 cards in your hand.  (If you can't draw any cards, you can't play this card.)",0.65,1.42,3.49,0.74,,Reverse Holofoil,,,,,
90468,Walrein,Walrein,https://tcgplayer-cdn.tcgplayer.com/product/90468_200w.jpg,3,1367,https://cpt.tcgcsv.com/ncL,2023-11-07T21:52:25.373,1,36/111,Rare,Water,140,Stage 2,"Gather Ice - Once during your turn (before your attack), when you play Walrein from your hand to evolve 1 of your Pokemon, you may attach as many W Energy cards from your hand to Walrein as you like.  (Poke-POWER)",[2WW] Cold Crush (70) Discard an Energy card attached to Walrein and then discard an Energy card attached to the Defending Pokemon.,0.5,1.25,29.97,1.55,,Normal,,M+30,,4,
90468,Walrein,Walrein,https://tcgplayer-cdn.tcgplayer.com/product/90468_200w.jpg,3,1367,https://cpt.tcgcsv.com/ncL,2023-11-07T21:52:25.373,1,36/111,Rare,Water,140,Stage 2,"Gather Ice - Once during your turn (before your attack), when you play Walrein from your hand to evolve 1 of your Pokemon, you may attach as many W Energy cards from your hand to Walrein as you like.  (Poke-POWER)",[2WW] Cold Crush (70) Discard an Energy card attached to Walrein and then discard an Energy card attached to the Defending Pokemon.,0.82,1.8,2.99,2.69,,Reverse Holofoil,,M+30,,4,
90494,Wash Rotom,Wash Rotom,https://tcgplayer-cdn.tcgplayer.com/product/90494_200w.jpg,3,1367,https://cpt.tcgcsv.com/VcL,2019-09-04T15:10:50.46,1,RT5,Ultra Rare,Lightning,90,Basic,"Wash Shift - Once during your turn (before your attack), you may use this power.  Wash Rotom's type is W until the end of your turn.  (Poke-POWER)",[1] Cleanse Away - Remove 3 damage counters from each of your Benched Pokemon.,32.41,51.9,99.99,41.59,,Reverse Holofoil,"[1W] Drain Wash (30) Flip a coin until you get tails.  For each heads, choose 1 card from your opponent's hand without looking and discard it.",D+20,C-20,2,
90545,Weedle,Weedle,https://tcgplayer-cdn.tcgplayer.com/product/90545_200w.jpg,3,1367,https://cpt.tcgcsv.com/WdL,2023-11-07T21:59:28.26,1,86/111,Common,Grass,60,Basic,,"[0] Rescue String - Search your discard pile for up to 5 Pokemon, show them to your opponent, and shuffle them into your deck.",0.05,0.25,5.0,0.24,,Normal,"[G] Needling Sting (10+) Flip a coin.  If heads, this attack does 10 damage plus 10 more damage.",R+10,,1,
90545,Weedle,Weedle,https://tcgplayer-cdn.tcgplayer.com/product/90545_200w.jpg,3,1367,https://cpt.tcgcsv.com/WdL,2023-11-07T21:59:28.26,1,86/111,Common,Grass,60,Basic,,"[0] Rescue String - Search your discard pile for up to 5 Pokemon, show them to your opponent, and shuffle them into your deck.",0.79,1.45,3.59,1.08,,Reverse Holofoil,"[G] Needling Sting (10+) Flip a coin.  If heads, this attack does 10 damage plus 10 more damage.",R+10,,1,
90563,Weezing,Weezing,https://tcgplayer-cdn.tcgplayer.com/product/90563_200w.jpg,3,1367,https://cpt.tcgcsv.com/hfL,2023-11-07T21:59:37.073,1,87/111,Common,Psychic,80,Stage 1,"Camouflage Gas - If Weezing is Confused and is Knocked Out, your opponent can't take a Prize card.  (Poke-BODY)",[1] Damage Breakdown - Count the number of damage counters on Weezing.  Put that many damage counters on the Defending Pokemon and Weezing is now Confused.,0.13,0.3,5.0,0.29,,Normal,[P] Smog (20) The Defending Pokemon is now Poisoned.,P+20,,2,
90563,Weezing,Weezing,https://tcgplayer-cdn.tcgplayer.com/product/90563_200w.jpg,3,1367,https://cpt.tcgcsv.com/hfL,2023-11-07T21:59:37.073,1,87/111,Common,Psychic,80,Stage 1,"Camouflage Gas - If Weezing is Confused and is Knocked Out, your opponent can't take a Prize card.  (Poke-BODY)",[1] Damage Breakdown - Count the number of damage counters on Weezing.  Put that many damage counters on the Defending Pokemon and Weezing is now Confused.,1.0,1.46,3.99,1.61,,Reverse Holofoil,[P] Smog (20) The Defending Pokemon is now Poisoned.,P+20,,2,
90578,Whiscash E4,Whiscash E4,https://tcgplayer-cdn.tcgplayer.com/product/90578_200w.jpg,3,1367,https://cpt.tcgcsv.com/BfL,2025-11-11T22:35:06.05,1,54/111,Uncommon,Fighting,80,Basic,,[1] Sleep Pulse (10) The Defending Pokemon is now Asleep.,0.17,0.35,1.0,0.4,0.49,Normal,[2F] Earthquake (60) Does 10 damage to each of your Benched Pokemon.  (Don't apply Weakness and Resistance for Benched Pokemon.),Gx2,L-20,1,
90578,Whiscash E4,Whiscash E4,https://tcgplayer-cdn.tcgplayer.com/product/90578_200w.jpg,3,1367,https://cpt.tcgcsv.com/BfL,2025-11-11T22:35:06.05,1,54/111,Uncommon,Fighting,80,Basic,,[1] Sleep Pulse (10) The Defending Pokemon is now Asleep.,0.65,1.33,5.0,1.54,,Reverse Holofoil,[2F] Earthquake (60) Does 10 damage to each of your Benched Pokemon.  (Don't apply Weakness and Resistance for Benched Pokemon.),Gx2,L-20,1,
90696,Yanmega E4,Yanmega E4,https://tcgplayer-cdn.tcgplayer.com/product/90696_200w.jpg,3,1367,https://cpt.tcgcsv.com/XhL,2023-11-07T21:52:31.707,1,37/111,Rare,Grass,90,Basic,,[1] Skill Dive - Choose 1 of your opponent's Pokemon.  This attack does 10 damage to that Pokemon.  (Don't apply Weakness and Resistance for Benched Pokemon.),0.63,0.89,5.0,0.85,,Normal,[2G] Whirlwind (50) Your opponent switches the Defending Pokemon with 1 of his or her Benched Pokemon.,Lx2,F-20,1,
90696,Yanmega E4,Yanmega E4,https://tcgplayer-cdn.tcgplayer.com/product/90696_200w.jpg,3,1367,https://cpt.tcgcsv.com/XhL,2023-11-07T21:52:31.707,1,37/111,Rare,Grass,90,Basic,,[1] Skill Dive - Choose 1 of your opponent's Pokemon.  This attack does 10 damage to that Pokemon.  (Don't apply Weakness and Resistance for Benched Pokemon.),2.0,3.55,15.0,2.08,,Reverse Holofoil,[2G] Whirlwind (50) Your opponent switches the Defending Pokemon with 1 of his or her Benched Pokemon.,Lx2,F-20,1,
98542,Rising Rivals Booster Pack,Rising Rivals Booster Pack,https://tcgplayer-cdn.tcgplayer.com/product/98542_200w.jpg,3,1367,https://cpt.tcgcsv.com/SqP,2017-07-22T17:02:37.04,1,,,,,,,,,,,,,,,,,,
98543,Rising Rivals Booster Box,Rising Rivals Booster Box,https://tcgplayer-cdn.tcgplayer.com/product/98543_200w.jpg,3,1367,https://cpt.tcgcsv.com/TqP,2015-05-06T13:48:05.027,1,,,,,,,,,,,,,,,,,,
