productId,name,cleanName,imageUrl,categoryId,groupId,url,modifiedOn,imageCount,extCardText,extUPC,lowPrice,midPrice,highPrice,marketPrice,directLowPrice,subTypeName,extNumber,extRarity,extCardType,extHP,extStage,extAttack1,extAttack2,extWeakness,extResistance,extRetreatCost
199261,Cosmic Eclipse Booster Box,Cosmic Eclipse Booster Box,https://tcgplayer-cdn.tcgplayer.com/product/199261_200w.jpg,3,2534,https://cpt.tcgcsv.com/fKC2,2019-09-16T19:18:42.74,1,Each Sun & Moon—Cosmic Eclipse booster box contains 36 booster packs <em>(each containing random 10 cards)</em>.,0820650815898,3875.0,4999.99,10000.0,3840.66,,Normal,,,,,,,,,,
199263,Cosmic Eclipse Booster Pack,Cosmic Eclipse Booster Pack,https://tcgplayer-cdn.tcgplayer.com/product/199263_200w.jpg,3,2534,https://cpt.tcgcsv.com/hKC2,2019-12-12T16:35:59.65,1,Each Sun & Moon—Cosmic Eclipse booster pack contains 10 random cards.,0820650805899,65.0,75.0,249.99,64.52,,Normal,,,,,,,,,,
199304,Cosmic Eclipse Theme Deck [Set of 2],Cosmic Eclipse Theme Deck Set of 2,https://tcgplayer-cdn.tcgplayer.com/product/199304_200w.jpg,3,2534,https://cpt.tcgcsv.com/6LC2,2019-09-17T17:03:11.27,1,"<br>Collect one of each Cosmic Eclipse Theme Decks.
<br><strong>Contents for each Deck:</strong>
<br>• 1 60-card preconstructed deck 
<br>• Damage counters 
<br>• 1 coin",,75.0,110.0,119.95,,,Normal,,,,,,,,,,
199305,Cosmic Eclipse Theme Deck [Kyogre],Cosmic Eclipse Theme Deck Kyogre,https://tcgplayer-cdn.tcgplayer.com/product/199305_200w.jpg,3,2534,https://cpt.tcgcsv.com/7LC2,2019-09-17T17:00:28.217,1,"<strong>Contents for each Deck:</strong>
<br>• 1 60-card preconstructed deck 
<br>• Damage counters 
<br>• 1 coin",0820650805967,47.0,53.48,59.95,34.97,,Normal,,,,,,,,,,
199306,Cosmic Eclipse Theme Deck [Groudon],Cosmic Eclipse Theme Deck Groudon,https://tcgplayer-cdn.tcgplayer.com/product/199306_200w.jpg,3,2534,https://cpt.tcgcsv.com/8LC2,2019-09-17T17:00:55.67,1,"<strong>Contents for each Deck:</strong>
<br>• 1 60-card preconstructed deck 
<br>• Damage counters 
<br>• 1 coin",0820650805967,40.57,59.95,75.0,37.33,,Normal,,,,,,,,,,
199307,Cosmic Eclipse Theme Deck Display,Cosmic Eclipse Theme Deck Display,https://tcgplayer-cdn.tcgplayer.com/product/199307_200w.jpg,3,2534,https://cpt.tcgcsv.com/9LC2,2019-09-17T17:17:01.01,1,Contains 8 Cosmic Eclipse theme decks; 4 featuring Groudon and 4 featuring Kyogre.,0820650815966,,,,,,,,,,,,,,,,
199308,Cosmic Eclipse Elite Trainer Box,Cosmic Eclipse Elite Trainer Box,https://tcgplayer-cdn.tcgplayer.com/product/199308_200w.jpg,3,2534,https://cpt.tcgcsv.com/bLC2,2019-09-17T17:06:00.88,1,"The Pokemon TCG: Sun & Moon - Cosmic Eclipse Elite Trainer Box includes:
<br>• 8 Pokemon TCG: Sun & Moon - Cosmic Eclipse booster packs
<br>• 65 card sleeves featuring Arceus & Dialga & Palkia
<br>• 45 Pokémon TCG Energy cards
<br>• A player’s guide to the Sun & Moon - Cosmic Eclipse expansion
<br>• 6 damage-counter dice
<br>• 1 competition-legal coin-flip die
<br>• 2 acrylic condition markers and 1 acrylic TAG TEAM GX marker
<br>• A collector’s box to hold everything, with 4 dividers to keep it organized
<br>• A code card for the Pokemon Trading Card Game Online",0820650806056,1600.0,1800.0,2000.0,1693.75,,Normal,,,,,,,,,,
199309,Cosmic Eclipse Build & Battle Display,Cosmic Eclipse Build and Battle Display,https://tcgplayer-cdn.tcgplayer.com/product/199309_200w.jpg,3,2534,https://cpt.tcgcsv.com/cLC2,2021-04-14T12:59:43.223,1,"Each sealed display contains 10 Cosmic Eclipse Build & Battle Boxes.

Build & Battle Box contents:
<br>• A 23-card Evolution pack featuring key cards from current and prior sets, including 1 of 4 alternate-art promo cards
<br>• 4 Pokemon TCG: Sun & Moon—Cosmic Eclipse booster packs
<br>• 1 deck-building tip sheet",0820650816062,14999.95,14999.95,14999.95,,,Normal,,,,,,,,,,
199310,Cosmic Eclipse Build & Battle Box,Cosmic Eclipse Build and Battle Box,https://tcgplayer-cdn.tcgplayer.com/product/199310_200w.jpg,3,2534,https://cpt.tcgcsv.com/dLC2,2019-09-17T17:11:53.133,1,"Build & Battle Box contents:
<br>• A 23-card Evolution pack featuring key cards from current and prior sets, including 1 of 4 alternate-art promo cards
<br>• 4 Pokemon TCG: Sun & Moon—Cosmic Eclipse booster packs
<br>• 1 deck-building tip sheet",0820650806063,499.99,499.99,499.99,399.66,,Normal,,,,,,,,,,
199766,Cosmic Eclipse 3 Pack Blister [Victini],Cosmic Eclipse 3 Pack Blister Victini,https://tcgplayer-cdn.tcgplayer.com/product/199766_200w.jpg,3,2534,https://cpt.tcgcsv.com/lWC2,2019-09-24T17:33:43.107,1,"Each 3 Pack blister comes with 3 Cosmic Eclipse Booster packs, 1 coin, and a cosmos holofoil of Victini.",,,,,,,,,,,,,,,,,
199767,Cosmic Eclipse 3 Pack Blister [Celebi],Cosmic Eclipse 3 Pack Blister Celebi,https://tcgplayer-cdn.tcgplayer.com/product/199767_200w.jpg,3,2534,https://cpt.tcgcsv.com/mWC2,2019-09-24T17:34:11.693,1,"Each 3 Pack blister comes with 3 Cosmic Eclipse Booster packs, 1 coin, and a cosmos holofoil of Celebi.",,349.99,349.99,349.99,222.84,,Normal,,,,,,,,,,
199768,Cosmic Eclipse Single Pack Blister [Mismagius],Cosmic Eclipse Single Pack Blister Mismagius,https://tcgplayer-cdn.tcgplayer.com/product/199768_200w.jpg,3,2534,https://cpt.tcgcsv.com/nWC2,2019-09-24T17:35:30.243,1,"Each blister comes with a single booster pack of Cosmic Eclipse, 1 coin, and a cosmos holofoil of Mismagius.",,190.0,195.5,240.0,,,Normal,,,,,,,,,,
199769,Cosmic Eclipse Single Pack Blister [Terrakion],Cosmic Eclipse Single Pack Blister Terrakion,https://tcgplayer-cdn.tcgplayer.com/product/199769_200w.jpg,3,2534,https://cpt.tcgcsv.com/pWC2,2019-09-24T17:35:57.517,1,"Each blister comes with a single booster pack of Cosmic Eclipse, 1 coin, and a cosmos holofoil of Terrakion.",,120.98,175.0,240.0,119.99,,Normal,,,,,,,,,,
199772,Pikachu GX & Eevee GX Special Collection,Pikachu GX and Eevee GX Special Collection,https://tcgplayer-cdn.tcgplayer.com/product/199772_200w.jpg,3,2534,https://cpt.tcgcsv.com/sWC2,2019-09-24T17:39:55.383,1,"The Pokemon TCG: Pikachu GX & Eevee GX Special Collection includes:
<br>• 1 foil promo card featuring Pikachu GX
<br>• 1 full-art foil promo card featuring Eevee GX
<br> •1 foil promo card featuring Pikachu
<br>• 1 foil promo card featuring Eevee
<br>• 1 oversize foil card featuring Pikachu GX
<br>• 4 Pokémon TCG booster packs
<br>• A code card for the Pokemon Trading Card Game Online",0820650807770,423.0,461.5,500.0,300.0,,Normal,,,,,,,,,,
200350,Venusaur & Snivy GX,Venusaur and Snivy GX,https://tcgplayer-cdn.tcgplayer.com/product/200350_200w.jpg,3,2534,https://cpt.tcgcsv.com/09D2,2026-01-29T18:12:26.137,1,"<strong>Ability — Shining Vine</strong>
<br>Once during your turn, if this Pokemon is your Active Pokemon, when you attach a Grass Energy card from your hand to it, you may switch 1 of your opponent's Benched Pokemon with their Active Pokemon.",,17.99,22.0,100.0,20.27,18.62,Holofoil,1/236,Ultra Rare,Grass,270,Basic,[3G] Forest Dump (160),"<span style=""color:Teal""><strong>[3+] Solar Planet GX</strong>
<br>This attack does 50 damage to each of your opponent's Pokemon. IF this Pokemon has at least 2 extra Energy attached to it in addition to this attack's cost, heal all damage from all of your Pokemon. <em>(Don't apply Weakness and Resistance for Benched Pokemon) (You can't use more than 1 GX attack in a game.)</em></span>",Rx2,None,3
200351,Charizard & Braixen GX,Charizard and Braixen GX,https://tcgplayer-cdn.tcgplayer.com/product/200351_200w.jpg,3,2534,https://cpt.tcgcsv.com/29D2,2026-01-29T18:45:58.077,1,,,20.99,36.12,199.99,30.64,37.24,Holofoil,22/236,Ultra Rare,Fire,270,Basic,"[1RRR] Brilliant Flare (180)
<br>You may search your deck for up to 3 cards and put them into your hand. Then, shuffle your deck.","<span style=""color:Teal""><strong>[R+] Crimson Flame Pillar GX</strong>
<br>Attach 5 basic Energy cards from your discard pile to your Pokemon in any way you like. If this Pokemon has at least 1 extra Energy attached to it in addition to this attack's cost, your opponent's Active Pokemon is now Burned and Confused.<em> (You can't use more than 1 GX attack in a game.)</em></span>",Wx2,None,3
200352,Blastoise & Piplup GX,Blastoise and Piplup GX,https://tcgplayer-cdn.tcgplayer.com/product/200352_200w.jpg,3,2534,https://cpt.tcgcsv.com/39D2,2026-02-16T20:21:18.083,1,,,42.99,55.96,249.69,55.63,,Holofoil,38/236,Ultra Rare,Water,270,Basic,"[1WW] Splash Maker (150)
<br>You may attach up to 3 Water Energy from your hand to your Pokemon in any way you like. If you do, heal 50 damage from those Pokemon for each card you attached to them in this way.","<span style=""color:Teal""><strong>[1WW+] Bubble Launcher GX (100+)</strong>
<br>Your opponent's Active Pokemon is now Paralyzed. If this Pokemon has at least 3 extra Water Energy attached to it <em>(in addition to this attack's cost)</em>, this attack does 150 more damage..<em> (You can't use more than 1 GX attack in a game.)</em></span>",Gx2,None,3
200353,Togepi & Cleffa & Igglybuff GX,Togepi and Cleffa and Igglybuff GX,https://tcgplayer-cdn.tcgplayer.com/product/200353_200w.jpg,3,2534,https://cpt.tcgcsv.com/59D2,2026-02-02T19:10:15.29,1,,,28.99,44.99,185.0,39.6,53.98,Holofoil,143/236,Ultra Rare,Fairy,240,Basic,"[1YY] Rolling Panic (120+)
<br>Flip a coin until you get tails. This attack does 30 more damage for each heads.","<span style=""color:Teal""><strong>[YY+] Supreme Puff GX</strong>
<br>Take another turn after this one. <em>(Skip the between-turns step.)</em> If this Pokemon has at least 14 extra Fairy Energy attached to it <em>(in addition to this attack’s cost)</em>, your opponent shuffles all of their Benched Pokemon and all cards attached to them into their deck.<em> (You can't use more than 1 GX attack in a game.)</em></span>",Mx2,D-20,2
201132,Oddish,Oddish,https://tcgplayer-cdn.tcgplayer.com/product/201132_200w.jpg,3,2534,https://cpt.tcgcsv.com/GsD2,2025-02-07T19:50:24.703,1,,,0.03,0.2,10.0,0.19,,Normal,2/236,Common,Grass,60,Basic,"[1] Sweet Scent
<br>Heal 30 damage from 1 of your Pokémon.",,Rx2,None,1
201132,Oddish,Oddish,https://tcgplayer-cdn.tcgplayer.com/product/201132_200w.jpg,3,2534,https://cpt.tcgcsv.com/GsD2,2025-02-07T19:50:24.703,1,,,0.61,0.87,3.99,0.9,,Reverse Holofoil,2/236,Common,Grass,60,Basic,"[1] Sweet Scent
<br>Heal 30 damage from 1 of your Pokémon.",,Rx2,None,1
201133,Gloom,Gloom,https://tcgplayer-cdn.tcgplayer.com/product/201133_200w.jpg,3,2534,https://cpt.tcgcsv.com/HsD2,2025-11-20T23:00:34.853,1,,,0.36,0.74,2.0,0.67,,Reverse Holofoil,3/236,Uncommon,Grass,80,Stage 1,"[G] Sleep Powder (20)
<br>Your opponent's Active Pokémon is now Asleep.",,Rx2,None,2
201133,Gloom,Gloom,https://tcgplayer-cdn.tcgplayer.com/product/201133_200w.jpg,3,2534,https://cpt.tcgcsv.com/HsD2,2025-11-20T23:00:34.853,1,,,0.03,0.24,19.5,0.24,0.15,Normal,3/236,Uncommon,Grass,80,Stage 1,"[G] Sleep Powder (20)
<br>Your opponent's Active Pokémon is now Asleep.",,Rx2,None,2
201134,Onix,Onix,https://tcgplayer-cdn.tcgplayer.com/product/201134_200w.jpg,3,2534,https://cpt.tcgcsv.com/JsD2,2025-11-25T17:17:10.253,1,,,0.02,0.2,10.0,0.17,,Normal,105/236,Common,Fighting,110,Basic,"[1] Dig Deep
<br>Put an Energy card from your discard pile into your hand.","[3] Tail Smash (100)
<br>
Flip a coin. If tails, this attack does nothing.",Gx2,None,4
201134,Onix,Onix,https://tcgplayer-cdn.tcgplayer.com/product/201134_200w.jpg,3,2534,https://cpt.tcgcsv.com/JsD2,2025-11-25T17:17:10.253,1,,,0.15,0.29,10.0,0.27,,Reverse Holofoil,105/236,Common,Fighting,110,Basic,"[1] Dig Deep
<br>Put an Energy card from your discard pile into your hand.","[3] Tail Smash (100)
<br>
Flip a coin. If tails, this attack does nothing.",Gx2,None,4
201135,Nosepass,Nosepass,https://tcgplayer-cdn.tcgplayer.com/product/201135_200w.jpg,3,2534,https://cpt.tcgcsv.com/KsD2,2026-02-17T13:17:06.607,1,,,0.02,0.16,10.0,0.09,0.09,Normal,106/236,Common,Fighting,80,Basic,"[2] Attract
<br>Switch 1 of your opponent's Benched Pokemon with their Active Pokemon.","[3] Zap Cannon (50)
<br>This Pokemon can't use Zap Cannon during your next turn.",Gx2,None,3
201135,Nosepass,Nosepass,https://tcgplayer-cdn.tcgplayer.com/product/201135_200w.jpg,3,2534,https://cpt.tcgcsv.com/KsD2,2026-02-17T13:17:06.607,1,,,0.2,0.35,2.0,0.29,,Reverse Holofoil,106/236,Common,Fighting,80,Basic,"[2] Attract
<br>Switch 1 of your opponent's Benched Pokemon with their Active Pokemon.","[3] Zap Cannon (50)
<br>This Pokemon can't use Zap Cannon during your next turn.",Gx2,None,3
201136,Trapinch - 107/236,Trapinch 107 236,https://tcgplayer-cdn.tcgplayer.com/product/201136_200w.jpg,3,2534,https://cpt.tcgcsv.com/LsD2,2025-11-12T22:53:41.393,1,,,0.05,0.22,20.0,0.19,,Normal,107/236,Common,Fighting,50,Basic,"[1] Nest Building
<br>Search your deck for a Stadium card, reveal it, and put it into your hand. Then, shuffle your deck.",[F] Sand Spray (10),Gx2,None,1
201136,Trapinch - 107/236,Trapinch 107 236,https://tcgplayer-cdn.tcgplayer.com/product/201136_200w.jpg,3,2534,https://cpt.tcgcsv.com/LsD2,2025-11-12T22:53:41.393,1,,,0.2,0.45,1.56,0.41,,Reverse Holofoil,107/236,Common,Fighting,50,Basic,"[1] Nest Building
<br>Search your deck for a Stadium card, reveal it, and put it into your hand. Then, shuffle your deck.",[F] Sand Spray (10),Gx2,None,1
201137,Trapinch - 108/236,Trapinch 108 236,https://tcgplayer-cdn.tcgplayer.com/product/201137_200w.jpg,3,2534,https://cpt.tcgcsv.com/MsD2,2025-02-07T19:50:24.94,1,,,0.03,0.2,10.0,0.13,,Normal,108/236,Common,Fighting,60,Basic,"[1F] Dig (30)
<br>Flip a coin. If heads, prevent all effects of attacks, including damage, done to this Pokemon during your opponent's next turn.",,Gx2,None,1
201137,Trapinch - 108/236,Trapinch 108 236,https://tcgplayer-cdn.tcgplayer.com/product/201137_200w.jpg,3,2534,https://cpt.tcgcsv.com/MsD2,2025-02-07T19:50:24.94,1,,,0.12,0.32,1.99,0.31,0.25,Reverse Holofoil,108/236,Common,Fighting,60,Basic,"[1F] Dig (30)
<br>Flip a coin. If heads, prevent all effects of attacks, including damage, done to this Pokemon during your opponent's next turn.",,Gx2,None,1
201138,Vibrava,Vibrava,https://tcgplayer-cdn.tcgplayer.com/product/201138_200w.jpg,3,2534,https://cpt.tcgcsv.com/NsD2,2025-02-07T19:50:24.97,1,"<strong>Ability — Noisy Buzz</strong>
<br>When your opponent plays a Supporter card from their hand, prevent all effects of that card done to the Defending Pokemon.",,0.02,0.2,10.0,0.16,,Normal,109/236,Uncommon,Fighting,80,Stage 1,[1F] Flap (40),,Gx2,None,1
201138,Vibrava,Vibrava,https://tcgplayer-cdn.tcgplayer.com/product/201138_200w.jpg,3,2534,https://cpt.tcgcsv.com/NsD2,2025-02-07T19:50:24.97,1,"<strong>Ability — Noisy Buzz</strong>
<br>When your opponent plays a Supporter card from their hand, prevent all effects of that card done to the Defending Pokemon.",,0.17,0.48,1.49,0.47,,Reverse Holofoil,109/236,Uncommon,Fighting,80,Stage 1,[1F] Flap (40),,Gx2,None,1
201139,Vileplume GX,Vileplume GX,https://tcgplayer-cdn.tcgplayer.com/product/201139_200w.jpg,3,2534,https://cpt.tcgcsv.com/PsD2,2026-01-29T18:12:37.617,1,"<strong>Ability — Fragrant Flower Garden</strong>
<br>Once during your turn <em>(before your attack)</em>, you may heal 30 damage from each of your Pokémon.",,13.62,15.61,39.95,14.72,19.95,Holofoil,4/236,Ultra Rare,Grass,240,Stage 2,"[1G] Massive Bloom (180-)
<br>This attack does 10 less damage for each damage counter on this Pokémon.","<span style=""color:Teal""><strong>[G] Allergic Explosion GX (50)</strong>
<br>Your opponent's Active Pokémon is now Burned, Paralyzed, and Poisoned. <em>(You can't use more than 1 GX attack in a game.)</em></span>",Rx2,None,2
201140,Tangela,Tangela,https://tcgplayer-cdn.tcgplayer.com/product/201140_200w.jpg,3,2534,https://cpt.tcgcsv.com/QsD2,2025-02-07T19:50:25.033,1,,,0.02,0.19,10.0,0.18,,Normal,5/236,Common,Grass,70,Basic,"[G] Toxic
<br>Your opponent's Active Pokémon is now Poisoned. Put 2 damage counters instead of 1 on that Pokémon between turns.",,Rx2,None,2
201140,Tangela,Tangela,https://tcgplayer-cdn.tcgplayer.com/product/201140_200w.jpg,3,2534,https://cpt.tcgcsv.com/QsD2,2025-02-07T19:50:25.033,1,,,0.15,0.43,1.99,0.42,,Reverse Holofoil,5/236,Common,Grass,70,Basic,"[G] Toxic
<br>Your opponent's Active Pokémon is now Poisoned. Put 2 damage counters instead of 1 on that Pokémon between turns.",,Rx2,None,2
201141,Flygon GX,Flygon GX,https://tcgplayer-cdn.tcgplayer.com/product/201141_200w.jpg,3,2534,https://cpt.tcgcsv.com/RsD2,2026-03-16T11:40:47.37,1,"<strong>Ability — Dusty Defense</strong>
<br>As long as this Pokemon is your Active Pokemon, all of your Pokemon take 30 less damage from your opponent's attacks <em>(after applying Weakness and Resistance)</em>.",,0.92,2.28,9.95,2.31,1.78,Holofoil,110/236,Ultra Rare,Fighting,240,Stage 2,"[FFF] Desert Hurricane (120+)
<br>If there is any Stadium card in play, this attack does 120 more damage. Then, discard that Stadium card.","<span style=""color:Teal""><strong>[FFF] Sonic Edge GX (220)</strong>
<br>This attack's damage isn't affected by any effects on your opponent's Active Pokemon. <em>(You can't use more than 1 GX attack in a game.)</em></span>",Gx2,None,2
201142,Tangrowth,Tangrowth,https://tcgplayer-cdn.tcgplayer.com/product/201142_200w.jpg,3,2534,https://cpt.tcgcsv.com/SsD2,2022-06-07T19:28:35.24,1,,,0.03,0.2,10.0,0.13,0.15,Normal,6/236,Uncommon,Grass,140,Stage 1,"[G] Grass Knot (10+)
<br>This attack does 30 more damage for each C in your opponent's Active Pokémon's Retreat Cost.","[2G] Slam (80x)
<br>Flip 2 coins. This attack does 80 damage for each heads.",Rx2,None,3
201142,Tangrowth,Tangrowth,https://tcgplayer-cdn.tcgplayer.com/product/201142_200w.jpg,3,2534,https://cpt.tcgcsv.com/SsD2,2022-06-07T19:28:35.24,1,,,0.2,0.49,1.57,0.48,0.35,Reverse Holofoil,6/236,Uncommon,Grass,140,Stage 1,"[G] Grass Knot (10+)
<br>This attack does 30 more damage for each C in your opponent's Active Pokémon's Retreat Cost.","[2G] Slam (80x)
<br>Flip 2 coins. This attack does 80 damage for each heads.",Rx2,None,3
201143,Anorith,Anorith,https://tcgplayer-cdn.tcgplayer.com/product/201143_200w.jpg,3,2534,https://cpt.tcgcsv.com/TsD2,2025-02-07T19:50:25.08,1,,,0.25,0.5,1.49,0.47,,Reverse Holofoil,111/236,Uncommon,Fighting,90,Stage 1,[2] Bug Bite (40),[2F] Claw Slash (80),Gx2,None,1
201143,Anorith,Anorith,https://tcgplayer-cdn.tcgplayer.com/product/201143_200w.jpg,3,2534,https://cpt.tcgcsv.com/TsD2,2025-02-07T19:50:25.08,1,,,0.03,0.23,10.0,0.18,,Normal,111/236,Uncommon,Fighting,90,Stage 1,[2] Bug Bite (40),[2F] Claw Slash (80),Gx2,None,1
201144,Armaldo,Armaldo,https://tcgplayer-cdn.tcgplayer.com/product/201144_200w.jpg,3,2534,https://cpt.tcgcsv.com/VsD2,2021-12-20T22:51:15.697,1,,,0.35,0.66,2.5,0.63,,Reverse Holofoil,112/236,Rare,Fighting,150,Stage 2,"[2] Ancient Blast (20+)
<br>This attack does 50 more damage for each Unidentified Fossil in your discard pile.","[2F] Mach Claw (100)
<br>This attack's damage isn't affected by Resistance.",Gx2,None,2
201144,Armaldo,Armaldo,https://tcgplayer-cdn.tcgplayer.com/product/201144_200w.jpg,3,2534,https://cpt.tcgcsv.com/VsD2,2021-12-20T22:51:15.697,1,,,0.18,0.33,10.0,0.31,,Normal,112/236,Rare,Fighting,150,Stage 2,"[2] Ancient Blast (20+)
<br>This attack does 50 more damage for each Unidentified Fossil in your discard pile.","[2F] Mach Claw (100)
<br>This attack's damage isn't affected by Resistance.",Gx2,None,2
201145,Groudon,Groudon,https://tcgplayer-cdn.tcgplayer.com/product/201145_200w.jpg,3,2534,https://cpt.tcgcsv.com/WsD2,2025-10-22T21:36:14.04,1,,,0.25,0.6,113.0,0.53,0.42,Normal,113/236,Rare,Fighting,130,Basic,"[1] Drought
<br>Choose up to 2 Basic Fighting Energy cards from your hand and attach them to 1 of your Pokemon.","[1FF] Trembling Earth (130)
<br>This Pokemon can't use Trembling Earth during your next turn.",Gx2,None,3
201145,Groudon,Groudon,https://tcgplayer-cdn.tcgplayer.com/product/201145_200w.jpg,3,2534,https://cpt.tcgcsv.com/WsD2,2025-10-22T21:36:14.04,1,,,0.6,1.38,3.11,1.28,1.28,Reverse Holofoil,113/236,Rare,Fighting,130,Basic,"[1] Drought
<br>Choose up to 2 Basic Fighting Energy cards from your hand and attach them to 1 of your Pokemon.","[1FF] Trembling Earth (130)
<br>This Pokemon can't use Trembling Earth during your next turn.",Gx2,None,3
201146,Drilbur,Drilbur,https://tcgplayer-cdn.tcgplayer.com/product/201146_200w.jpg,3,2534,https://cpt.tcgcsv.com/XsD2,2025-02-07T19:50:25.127,1,,,0.01,0.18,10.0,0.12,,Normal,114/236,Common,Fighting,70,Basic,"[1] Rototiller
<br>Shuffle a card from your discard pile into your deck.",[F] Mud-Slap (10),Gx2,None,2
201146,Drilbur,Drilbur,https://tcgplayer-cdn.tcgplayer.com/product/201146_200w.jpg,3,2534,https://cpt.tcgcsv.com/XsD2,2025-02-07T19:50:25.127,1,,,0.13,0.31,10.0,0.27,,Reverse Holofoil,114/236,Common,Fighting,70,Basic,"[1] Rototiller
<br>Shuffle a card from your discard pile into your deck.",[F] Mud-Slap (10),Gx2,None,2
201147,Excadrill,Excadrill,https://tcgplayer-cdn.tcgplayer.com/product/201147_200w.jpg,3,2534,https://cpt.tcgcsv.com/ZsD2,2019-10-30T14:26:33.97,1,,,0.25,0.68,10.0,0.71,,Reverse Holofoil,115/236,Holo Rare,Fighting,140,Stage 1,"[F] Eleventh Hour Tackle (30+)
<br>If there are 3 or fewer cards in your deck, this attack does 150 more damage.","[F] Drill Bazooka (120)
<br>Discard the top 4 cards of your deck.",Gx2,None,4
201147,Excadrill,Excadrill,https://tcgplayer-cdn.tcgplayer.com/product/201147_200w.jpg,3,2534,https://cpt.tcgcsv.com/ZsD2,2019-10-30T14:26:33.97,1,,,0.24,0.55,5.0,0.56,,Holofoil,115/236,Holo Rare,Fighting,140,Stage 1,"[F] Eleventh Hour Tackle (30+)
<br>If there are 3 or fewer cards in your deck, this attack does 150 more damage.","[F] Drill Bazooka (120)
<br>Discard the top 4 cards of your deck.",Gx2,None,4
201148,Palpitoad,Palpitoad,https://tcgplayer-cdn.tcgplayer.com/product/201148_200w.jpg,3,2534,https://cpt.tcgcsv.com/-sD2,2025-02-07T19:50:25.167,1,,,0.1,0.27,1.69,0.27,0.25,Reverse Holofoil,116/236,Common,Fighting,90,Basic,"[F] Mini Earthquake (60)
<br>This attack does 10 damage to each of your Benched Pokemon.<em> (Don't apply Weakness and Resistance for Benched Pokemon.)</em>",,Gx2,None,2
201148,Palpitoad,Palpitoad,https://tcgplayer-cdn.tcgplayer.com/product/201148_200w.jpg,3,2534,https://cpt.tcgcsv.com/-sD2,2025-02-07T19:50:25.167,1,,,0.02,0.18,10.0,0.1,0.1,Normal,116/236,Common,Fighting,90,Basic,"[F] Mini Earthquake (60)
<br>This attack does 10 damage to each of your Benched Pokemon.<em> (Don't apply Weakness and Resistance for Benched Pokemon.)</em>",,Gx2,None,2
201149,Seismitoad,Seismitoad,https://tcgplayer-cdn.tcgplayer.com/product/201149_200w.jpg,3,2534,https://cpt.tcgcsv.com/_sD2,2025-02-07T19:50:25.213,1,"<strong>Ability — Bulldoze</strong>
<br>Once during your turn <em>(before your attack)</em>, you may search your deck for a card, shuffle your deck, then put that card on top of it.",,0.25,0.46,7.0,0.33,,Reverse Holofoil,117/236,Rare,Fighting,160,Stage 1,"[3F] Trembling Fist (80+)
<br>This attack does 30 more damage for each of your Benched Pokemon that have any damage counters on them.",,Gx2,None,3
201149,Seismitoad,Seismitoad,https://tcgplayer-cdn.tcgplayer.com/product/201149_200w.jpg,3,2534,https://cpt.tcgcsv.com/_sD2,2025-02-07T19:50:25.213,1,"<strong>Ability — Bulldoze</strong>
<br>Once during your turn <em>(before your attack)</em>, you may search your deck for a card, shuffle your deck, then put that card on top of it.",,0.09,0.25,20.0,0.18,,Normal,117/236,Rare,Fighting,160,Stage 1,"[3F] Trembling Fist (80+)
<br>This attack does 30 more damage for each of your Benched Pokemon that have any damage counters on them.",,Gx2,None,3
201150,Throh,Throh,https://tcgplayer-cdn.tcgplayer.com/product/201150_200w.jpg,3,2534,https://cpt.tcgcsv.com/0tD2,2026-02-04T18:55:01.777,1,,,0.09,0.4,3.0,0.39,0.48,Reverse Holofoil,118/236,Uncommon,Fighting,120,Basic,"[1F] Reverse Shoulder (30+)
<br>If your Benched Pokemon have any damage counters on them, this attack does 90 more damage.",,Px2,None,2
201150,Throh,Throh,https://tcgplayer-cdn.tcgplayer.com/product/201150_200w.jpg,3,2534,https://cpt.tcgcsv.com/0tD2,2026-02-04T18:55:01.777,1,,,0.02,0.2,10.0,0.11,,Normal,118/236,Uncommon,Fighting,120,Basic,"[1F] Reverse Shoulder (30+)
<br>If your Benched Pokemon have any damage counters on them, this attack does 90 more damage.",,Px2,None,2
201151,Pancham,Pancham,https://tcgplayer-cdn.tcgplayer.com/product/201151_200w.jpg,3,2534,https://cpt.tcgcsv.com/2tD2,2025-02-07T19:50:25.307,1,,,0.01,0.31,10.0,0.58,,Normal,119/236,Common,Fighting,70,Basic,[1] Punch (10),,Px2,None,2
201151,Pancham,Pancham,https://tcgplayer-cdn.tcgplayer.com/product/201151_200w.jpg,3,2534,https://cpt.tcgcsv.com/2tD2,2025-02-07T19:50:25.307,1,,,0.13,0.32,10.0,0.3,,Reverse Holofoil,119/236,Common,Fighting,70,Basic,[1] Punch (10),,Px2,None,2
201152,Pangoro,Pangoro,https://tcgplayer-cdn.tcgplayer.com/product/201152_200w.jpg,3,2534,https://cpt.tcgcsv.com/3tD2,2025-02-07T19:50:25.357,1,,,0.26,0.4,1.51,0.37,,Reverse Holofoil,120/236,Uncommon,Fighting,130,Stage 1,[1] Light Punch (40),[3] Magnum Punch (90),Px2,None,2
201152,Pangoro,Pangoro,https://tcgplayer-cdn.tcgplayer.com/product/201152_200w.jpg,3,2534,https://cpt.tcgcsv.com/3tD2,2025-02-07T19:50:25.357,1,,,0.02,0.2,10.0,0.16,,Normal,120/236,Uncommon,Fighting,130,Stage 1,[1] Light Punch (40),[3] Magnum Punch (90),Px2,None,2
201153,Sunkern,Sunkern,https://tcgplayer-cdn.tcgplayer.com/product/201153_200w.jpg,3,2534,https://cpt.tcgcsv.com/5tD2,2025-02-07T19:50:25.403,1,,,0.38,0.6,2.0,0.48,,Reverse Holofoil,7/236,Common,Grass,50,Basic,"[G] Leech Seed (10)
<br>Heal 10 damage from this Pokémon.",,Rx2,None,1
201153,Sunkern,Sunkern,https://tcgplayer-cdn.tcgplayer.com/product/201153_200w.jpg,3,2534,https://cpt.tcgcsv.com/5tD2,2025-02-07T19:50:25.403,1,,,0.05,0.2,1.49,0.18,0.17,Normal,7/236,Common,Grass,50,Basic,"[G] Leech Seed (10)
<br>Heal 10 damage from this Pokémon.",,Rx2,None,1
201154,Crabrawler,Crabrawler,https://tcgplayer-cdn.tcgplayer.com/product/201154_200w.jpg,3,2534,https://cpt.tcgcsv.com/6tD2,2025-02-07T19:50:25.45,1,,,0.03,0.2,10.0,0.15,,Normal,121/236,Common,Fighting,80,Basic,[1] Jab (10),[1F] Confront (30),Px2,None,2
201154,Crabrawler,Crabrawler,https://tcgplayer-cdn.tcgplayer.com/product/201154_200w.jpg,3,2534,https://cpt.tcgcsv.com/6tD2,2025-02-07T19:50:25.45,1,,,0.12,0.3,2.99,0.31,0.25,Reverse Holofoil,121/236,Common,Fighting,80,Basic,[1] Jab (10),[1F] Confront (30),Px2,None,2
201155,Sunflora,Sunflora,https://tcgplayer-cdn.tcgplayer.com/product/201155_200w.jpg,3,2534,https://cpt.tcgcsv.com/7tD2,2023-06-28T10:28:22.537,1,,,0.23,0.33,20.0,0.3,0.26,Normal,8/236,Rare,Grass,90,Stage 1,"[2] Solar Power
<br>During your next turn, ignore all Energy in the attack costs of Grass Pokémon and Fire Pokémon. <em>(This includes Pokémon that come into play on that turn.)</em>",[2G] Solar Beam (80),Rx2,None,1
201155,Sunflora,Sunflora,https://tcgplayer-cdn.tcgplayer.com/product/201155_200w.jpg,3,2534,https://cpt.tcgcsv.com/7tD2,2023-06-28T10:28:22.537,1,,,0.4,0.77,2.5,0.63,0.89,Reverse Holofoil,8/236,Rare,Grass,90,Stage 1,"[2] Solar Power
<br>During your next turn, ignore all Energy in the attack costs of Grass Pokémon and Fire Pokémon. <em>(This includes Pokémon that come into play on that turn.)</em>",[2G] Solar Beam (80),Rx2,None,1
201156,Heracross,Heracross,https://tcgplayer-cdn.tcgplayer.com/product/201156_200w.jpg,3,2534,https://cpt.tcgcsv.com/8tD2,2025-02-07T19:50:25.497,1,,,0.02,0.2,1.49,0.18,,Normal,9/236,Uncommon,Grass,130,Basic,[G] Lunge Out (20),"[3] Riled Horn (50+)
<br>If your opponent has any TAG TEAM Pokémon in play, this attack does 70 more damage.",Rx2,None,3
201156,Heracross,Heracross,https://tcgplayer-cdn.tcgplayer.com/product/201156_200w.jpg,3,2534,https://cpt.tcgcsv.com/8tD2,2025-02-07T19:50:25.497,1,,,0.25,0.5,10.0,0.49,,Reverse Holofoil,9/236,Uncommon,Grass,130,Basic,[G] Lunge Out (20),"[3] Riled Horn (50+)
<br>If your opponent has any TAG TEAM Pokémon in play, this attack does 70 more damage.",Rx2,None,3
201157,Crabominable,Crabominable,https://tcgplayer-cdn.tcgplayer.com/product/201157_200w.jpg,3,2534,https://cpt.tcgcsv.com/9tD2,2019-10-30T14:11:31.057,1,"<strong>Ability — Solid Shell</strong>
<br>This Pokemon takes 30 less damage from attacks<em> (after applying Weakness and Resistance)</em>.",,0.1,0.25,10.0,0.21,,Normal,122/236,Rare,Fighting,140,Stage 1,"[1FF] Freezing Punch (80+)
<br>If this Pokemon has any Water Energy attached to it, this attack does 80 more damage.",,Px2,None,4
201157,Crabominable,Crabominable,https://tcgplayer-cdn.tcgplayer.com/product/201157_200w.jpg,3,2534,https://cpt.tcgcsv.com/9tD2,2019-10-30T14:11:31.057,1,"<strong>Ability — Solid Shell</strong>
<br>This Pokemon takes 30 less damage from attacks<em> (after applying Weakness and Resistance)</em>.",,0.24,0.46,2.99,0.46,0.5,Reverse Holofoil,122/236,Rare,Fighting,140,Stage 1,"[1FF] Freezing Punch (80+)
<br>If this Pokemon has any Water Energy attached to it, this attack does 80 more damage.",,Px2,None,4
201158,Rockruff,Rockruff,https://tcgplayer-cdn.tcgplayer.com/product/201158_200w.jpg,3,2534,https://cpt.tcgcsv.com/btD2,2025-02-07T19:50:25.543,1,,,0.4,0.6,10.0,0.61,,Reverse Holofoil,123/236,Common,Fighting,60,Basic,"[1] Roar
<br>Your opponent switches their Active Pokemon with 1 of their Benched Pokemon.",[2F] Rock Throw (40),Gx2,None,1
201158,Rockruff,Rockruff,https://tcgplayer-cdn.tcgplayer.com/product/201158_200w.jpg,3,2534,https://cpt.tcgcsv.com/btD2,2025-02-07T19:50:25.543,1,,,0.05,0.27,10.0,0.28,,Normal,123/236,Common,Fighting,60,Basic,"[1] Roar
<br>Your opponent switches their Active Pokemon with 1 of their Benched Pokemon.",[2F] Rock Throw (40),Gx2,None,1
201159,Lileep,Lileep,https://tcgplayer-cdn.tcgplayer.com/product/201159_200w.jpg,3,2534,https://cpt.tcgcsv.com/ctD2,2026-02-17T13:12:39.423,1,,,0.5,0.79,2.99,0.78,0.87,Reverse Holofoil,10/236,Uncommon,Grass,90,Stage 1,"[G] Confuse Ray
<br>Your opponent's Active Pokémon is now Confused.",[2G] Seed Bomb (60),Rx2,None,2
201159,Lileep,Lileep,https://tcgplayer-cdn.tcgplayer.com/product/201159_200w.jpg,3,2534,https://cpt.tcgcsv.com/ctD2,2026-02-17T13:12:39.423,1,,,0.04,0.26,10.0,0.25,0.25,Normal,10/236,Uncommon,Grass,90,Stage 1,"[G] Confuse Ray
<br>Your opponent's Active Pokémon is now Confused.",[2G] Seed Bomb (60),Rx2,None,2
201160,Cradily,Cradily,https://tcgplayer-cdn.tcgplayer.com/product/201160_200w.jpg,3,2534,https://cpt.tcgcsv.com/dtD2,2022-06-02T16:43:28.57,1,"<strong>Ability — Swaying Strangle</strong>
<br>Your opponent's Pokémon that are affected by Special Conditions can't retreat.",,0.2,0.55,10.0,0.53,0.41,Normal,11/236,Rare,Grass,150,Stage 2,"[2G] Poison Tentacles (110)
<br>Your opponent's Active Pokémon is now Poisoned.",,Rx2,None,3
201160,Cradily,Cradily,https://tcgplayer-cdn.tcgplayer.com/product/201160_200w.jpg,3,2534,https://cpt.tcgcsv.com/dtD2,2022-06-02T16:43:28.57,1,"<strong>Ability — Swaying Strangle</strong>
<br>Your opponent's Pokémon that are affected by Special Conditions can't retreat.",,0.45,1.2,2.5,1.21,1.75,Reverse Holofoil,11/236,Rare,Grass,150,Stage 2,"[2G] Poison Tentacles (110)
<br>Your opponent's Active Pokémon is now Poisoned.",,Rx2,None,3
201161,Lycanroc,Lycanroc,https://tcgplayer-cdn.tcgplayer.com/product/201161_200w.jpg,3,2534,https://cpt.tcgcsv.com/ftD2,2025-11-25T17:16:17.223,1,"<strong>Ability — Blood-boiling</strong>
<br>If your opponent has any Pokemon-GX or Pokemon-EX in play, the attack cost of each of this Pokémon's attacks is 3 Colorless less.",,0.3,0.69,2.5,0.65,,Reverse Holofoil,124/236,Holo Rare,Fighting,120,Stage 1,"[3] Voltage Claw (60+)
<br>If your opponent's Active Pokemon has any Special Energy attached to it, this attack does 70 more damage.",,Gx2,None,2
201161,Lycanroc,Lycanroc,https://tcgplayer-cdn.tcgplayer.com/product/201161_200w.jpg,3,2534,https://cpt.tcgcsv.com/ftD2,2025-11-25T17:16:17.223,1,"<strong>Ability — Blood-boiling</strong>
<br>If your opponent has any Pokemon-GX or Pokemon-EX in play, the attack cost of each of this Pokémon's attacks is 3 Colorless less.",,0.2,0.6,2.95,0.58,,Holofoil,124/236,Holo Rare,Fighting,120,Stage 1,"[3] Voltage Claw (60+)
<br>If your opponent's Active Pokemon has any Special Energy attached to it, this attack does 70 more damage.",,Gx2,None,2
201162,Tropius,Tropius,https://tcgplayer-cdn.tcgplayer.com/product/201162_200w.jpg,3,2534,https://cpt.tcgcsv.com/gtD2,2025-11-20T23:07:56.453,1,,,0.1,0.24,10.0,0.22,,Normal,12/236,Uncommon,Grass,120,Basic,"[1] Synthesis
<br>Search your deck for a Grass Energy card and attach it to 1 of your Pokémon. Then, shuffle your deck.","[1G] Leaf Drain (50)
<br>Heal 30 damage from this Pokémon.",Rx2,None,2
201162,Tropius,Tropius,https://tcgplayer-cdn.tcgplayer.com/product/201162_200w.jpg,3,2534,https://cpt.tcgcsv.com/gtD2,2025-11-20T23:07:56.453,1,,,0.35,0.52,2.0,0.51,,Reverse Holofoil,12/236,Uncommon,Grass,120,Basic,"[1] Synthesis
<br>Search your deck for a Grass Energy card and attach it to 1 of your Pokémon. Then, shuffle your deck.","[1G] Leaf Drain (50)
<br>Heal 30 damage from this Pokémon.",Rx2,None,2
201163,Kricketot,Kricketot,https://tcgplayer-cdn.tcgplayer.com/product/201163_200w.jpg,3,2534,https://cpt.tcgcsv.com/htD2,2025-11-25T03:25:46.3,1,,,0.01,0.19,10.0,0.13,,Normal,13/236,Common,Grass,60,Basic,"[1] Collect
<br>Draw a card.",[G] Bug Bite (10),Rx2,None,1
201163,Kricketot,Kricketot,https://tcgplayer-cdn.tcgplayer.com/product/201163_200w.jpg,3,2534,https://cpt.tcgcsv.com/htD2,2025-11-25T03:25:46.3,1,,,0.2,0.41,2.39,0.38,,Reverse Holofoil,13/236,Common,Grass,60,Basic,"[1] Collect
<br>Draw a card.",[G] Bug Bite (10),Rx2,None,1
201164,Kricketune,Kricketune,https://tcgplayer-cdn.tcgplayer.com/product/201164_200w.jpg,3,2534,https://cpt.tcgcsv.com/jtD2,2025-02-07T19:50:25.737,1,,,0.31,0.48,1.67,0.48,,Reverse Holofoil,14/236,Uncommon,Grass,100,Stage 1,"[G] Improvisational Performance (30+)
<br>If you have exactly 1 card in your hand, this attack does 100 more damage. If you have exactly 3 cards in your hand, your opponent's Active Pokémon is now Confused. If you have exactly 6 cards in your hand, this attack does 30 damage to each of your opponent's Benched Pokémon. <em>(Don't apply Weakness and Resistance for Benched Pokémon.)</em>",,Rx2,None,2
201164,Kricketune,Kricketune,https://tcgplayer-cdn.tcgplayer.com/product/201164_200w.jpg,3,2534,https://cpt.tcgcsv.com/jtD2,2025-02-07T19:50:25.737,1,,,0.01,0.2,10.0,0.17,,Normal,14/236,Uncommon,Grass,100,Stage 1,"[G] Improvisational Performance (30+)
<br>If you have exactly 1 card in your hand, this attack does 100 more damage. If you have exactly 3 cards in your hand, your opponent's Active Pokémon is now Confused. If you have exactly 6 cards in your hand, this attack does 30 damage to each of your opponent's Benched Pokémon. <em>(Don't apply Weakness and Resistance for Benched Pokémon.)</em>",,Rx2,None,2
201165,Passimian,Passimian,https://tcgplayer-cdn.tcgplayer.com/product/201165_200w.jpg,3,2534,https://cpt.tcgcsv.com/ktD2,2025-02-07T19:50:25.783,1,,,0.09,0.3,2.0,0.27,0.26,Reverse Holofoil,125/236,Common,Fighting,110,Basic,"[F] Spike Draw (20)
<br>Draw 2 cards.",[2F] Seismic Toss (70),Px2,None,1
201165,Passimian,Passimian,https://tcgplayer-cdn.tcgplayer.com/product/201165_200w.jpg,3,2534,https://cpt.tcgcsv.com/ktD2,2025-02-07T19:50:25.783,1,,,0.02,0.15,10.0,0.09,0.05,Normal,125/236,Common,Fighting,110,Basic,"[F] Spike Draw (20)
<br>Draw 2 cards.",[2F] Seismic Toss (70),Px2,None,1
201166,Sandygast,Sandygast,https://tcgplayer-cdn.tcgplayer.com/product/201166_200w.jpg,3,2534,https://cpt.tcgcsv.com/ltD2,2025-02-07T19:50:25.83,1,,,0.04,0.2,69.99,0.15,,Normal,126/236,Common,Fighting,80,Basic,"[F] Astonish (10)
<br>Choose a random card from your opponent's hand. Your opponent reveals that card and shuffles it into their deck.",[2] Hook (20),Gx2,None,2
201166,Sandygast,Sandygast,https://tcgplayer-cdn.tcgplayer.com/product/201166_200w.jpg,3,2534,https://cpt.tcgcsv.com/ltD2,2025-02-07T19:50:25.83,1,,,0.13,0.29,1.49,0.25,,Reverse Holofoil,126/236,Common,Fighting,80,Basic,"[F] Astonish (10)
<br>Choose a random card from your opponent's hand. Your opponent reveals that card and shuffles it into their deck.",[2] Hook (20),Gx2,None,2
201167,Deerling,Deerling,https://tcgplayer-cdn.tcgplayer.com/product/201167_200w.jpg,3,2534,https://cpt.tcgcsv.com/mtD2,2025-02-07T19:50:25.877,1,,,0.05,0.25,10.0,0.26,,Normal,15/236,Common,Grass,60,Basic,[G] Tackle (20),,Rx2,None,1
201167,Deerling,Deerling,https://tcgplayer-cdn.tcgplayer.com/product/201167_200w.jpg,3,2534,https://cpt.tcgcsv.com/mtD2,2025-02-07T19:50:25.877,1,,,0.39,0.86,2.49,0.74,,Reverse Holofoil,15/236,Common,Grass,60,Basic,[G] Tackle (20),,Rx2,None,1
201168,Palossand,Palossand,https://tcgplayer-cdn.tcgplayer.com/product/201168_200w.jpg,3,2534,https://cpt.tcgcsv.com/ntD2,2025-11-25T17:18:11.177,1,,,0.12,0.29,10.0,0.29,,Normal,127/236,Rare,Fighting,140,Stage 1,"[3] Guard Press (80)
<br>During your opponent's next turn, this Pokemon takes 20 less damage from attacks <em>(after applying Weakness and Resistance)</em>.","[3F] Earthquake (150)
<br>This attack does 20 damage to each of your Benched Pokemon.<em> (Don't apply Weakness and Resistance for Benched Pokemon.)</em>",Gx2,None,4
201168,Palossand,Palossand,https://tcgplayer-cdn.tcgplayer.com/product/201168_200w.jpg,3,2534,https://cpt.tcgcsv.com/ntD2,2025-11-25T17:18:11.177,1,,,0.31,0.51,19.5,0.51,0.4,Reverse Holofoil,127/236,Rare,Fighting,140,Stage 1,"[3] Guard Press (80)
<br>During your opponent's next turn, this Pokemon takes 20 less damage from attacks <em>(after applying Weakness and Resistance)</em>.","[3F] Earthquake (150)
<br>This attack does 20 damage to each of your Benched Pokemon.<em> (Don't apply Weakness and Resistance for Benched Pokemon.)</em>",Gx2,None,4
201169,Alolan Meowth,Alolan Meowth,https://tcgplayer-cdn.tcgplayer.com/product/201169_200w.jpg,3,2534,https://cpt.tcgcsv.com/ptD2,2021-08-23T17:13:15.61,1,,,0.08,0.25,10.0,0.26,,Normal,128/236,Common,Darkness,70,Basic,"[D] Swagger
<br>Flip a coin. If heads, discard an Energy from your opponent's Active Pokemon.",[2] Hook (20),Fx2,P-20,1
201169,Alolan Meowth,Alolan Meowth,https://tcgplayer-cdn.tcgplayer.com/product/201169_200w.jpg,3,2534,https://cpt.tcgcsv.com/ptD2,2021-08-23T17:13:15.61,1,,,0.25,0.44,1.56,0.43,,Reverse Holofoil,128/236,Common,Darkness,70,Basic,"[D] Swagger
<br>Flip a coin. If heads, discard an Energy from your opponent's Active Pokemon.",[2] Hook (20),Fx2,P-20,1
201170,Alolan Persian GX,Alolan Persian GX,https://tcgplayer-cdn.tcgplayer.com/product/201170_200w.jpg,3,2534,https://cpt.tcgcsv.com/qtD2,2025-12-09T03:48:31.85,1,"<strong>Ability — Smug Face</strong>
<br>Prevent all effects of attacks, including damage, done to this Pokemon by your opponent's TAG TEAM Pokémon, Ultra Beasts, and Pokemon with Special Energy attached to them.",,0.99,1.96,9.95,1.89,2.5,Holofoil,129/236,Ultra Rare,Darkness,200,Stage 1,[2D] Claw Slash (120),"<span style=""color:Teal""><strong>[2D] Stalking Claw GX (Damage)</strong>
<br>This attack does 120 damage to 1 of your opponent's Pokemon. This damage isn't affected by Weakness, Resistance, or any other effects on that Pokemon. <em>(You can't use more than 1 GX attack in a game.)</em></span>",Fx2,P-20,2
201171,Rowlet - 17/236,Rowlet 17 236,https://tcgplayer-cdn.tcgplayer.com/product/201171_200w.jpg,3,2534,https://cpt.tcgcsv.com/rtD2,2025-11-20T23:06:41.83,1,,,0.1,0.29,2.39,0.27,,Normal,17/236,Common,Grass,50,Basic,"[G] Hide and Seek
<br>Flip a coin. If heads, prevent all effects of attacks, including damage, done to this Pokémon during your opponent's next turn.",[2] Tackle (30),Rx2,None,1
201171,Rowlet - 17/236,Rowlet 17 236,https://tcgplayer-cdn.tcgplayer.com/product/201171_200w.jpg,3,2534,https://cpt.tcgcsv.com/rtD2,2025-11-20T23:06:41.83,1,,,20.0,20.0,20.0,2.31,,Reverse Holofoil,17/236,Common,Grass,50,Basic,"[G] Hide and Seek
<br>Flip a coin. If heads, prevent all effects of attacks, including damage, done to this Pokémon during your opponent's next turn.",[2] Tackle (30),Rx2,None,1
201172,Alolan Grimer,Alolan Grimer,https://tcgplayer-cdn.tcgplayer.com/product/201172_200w.jpg,3,2534,https://cpt.tcgcsv.com/stD2,2025-11-25T21:50:46.327,1,,,0.15,0.35,10.0,0.33,,Reverse Holofoil,130/236,Common,Darkness,80,Basic,[1] Melt (10),"[1D] Nasty Goo (20)
<br>Flip a coin. If heads, the Defending Pokemon is now Paralyzed.",Fx2,P-20,2
201172,Alolan Grimer,Alolan Grimer,https://tcgplayer-cdn.tcgplayer.com/product/201172_200w.jpg,3,2534,https://cpt.tcgcsv.com/stD2,2025-11-25T21:50:46.327,1,,,0.02,0.21,16.0,0.22,,Normal,130/236,Common,Darkness,80,Basic,[1] Melt (10),"[1D] Nasty Goo (20)
<br>Flip a coin. If heads, the Defending Pokemon is now Paralyzed.",Fx2,P-20,2
201173,Rowlet - 18/236,Rowlet 18 236,https://tcgplayer-cdn.tcgplayer.com/product/201173_200w.jpg,3,2534,https://cpt.tcgcsv.com/ttD2,2023-01-14T18:25:03.26,1,,,0.02,0.2,20.0,0.18,0.12,Normal,18/236,Common,Grass,60,Basic,"[G] Skill Dive
<br>This attack does 10 damage to 1 of your opponent's Pokémon. <em>(Don't apply Weakness and Resistance for Benched Pokémon.)</em>",,Rx2,None,1
201173,Rowlet - 18/236,Rowlet 18 236,https://tcgplayer-cdn.tcgplayer.com/product/201173_200w.jpg,3,2534,https://cpt.tcgcsv.com/ttD2,2023-01-14T18:25:03.26,1,,,0.5,0.73,96.94,0.73,96.94,Reverse Holofoil,18/236,Common,Grass,60,Basic,"[G] Skill Dive
<br>This attack does 10 damage to 1 of your opponent's Pokémon. <em>(Don't apply Weakness and Resistance for Benched Pokémon.)</em>",,Rx2,None,1
201174,Alolan Muk,Alolan Muk,https://tcgplayer-cdn.tcgplayer.com/product/201174_200w.jpg,3,2534,https://cpt.tcgcsv.com/vtD2,2025-12-09T03:17:08.933,1,,,0.89,1.12,2.79,1.01,1.4,Reverse Holofoil,131/236,Rare,Darkness,140,Stage 1,"[1D] Panic Poison (20)
<br>Your opponent's Active Pokemon is now Burned, Confused, and Poisoned.",[1DD] Sludge Bomb (110),Fx2,P-20,2
201174,Alolan Muk,Alolan Muk,https://tcgplayer-cdn.tcgplayer.com/product/201174_200w.jpg,3,2534,https://cpt.tcgcsv.com/vtD2,2025-12-09T03:17:08.933,1,,,0.25,0.54,34.98,0.51,3.77,Normal,131/236,Rare,Darkness,140,Stage 1,"[1D] Panic Poison (20)
<br>Your opponent's Active Pokemon is now Burned, Confused, and Poisoned.",[1DD] Sludge Bomb (110),Fx2,P-20,2
201175,Dartrix,Dartrix,https://tcgplayer-cdn.tcgplayer.com/product/201175_200w.jpg,3,2534,https://cpt.tcgcsv.com/wtD2,2025-02-07T19:50:26.373,1,,,0.12,0.39,1.49,0.39,,Reverse Holofoil,19/236,Uncommon,Grass,80,Stage 1,[G] Leafage (20),"[2] Wing Flick (30)
<br>Your opponent switches their Active Pokémon with 1 of their Benched Pokémon.",Rx2,None,1
201175,Dartrix,Dartrix,https://tcgplayer-cdn.tcgplayer.com/product/201175_200w.jpg,3,2534,https://cpt.tcgcsv.com/wtD2,2025-02-07T19:50:26.373,1,,,0.05,0.2,10.0,0.19,,Normal,19/236,Uncommon,Grass,80,Stage 1,[G] Leafage (20),"[2] Wing Flick (30)
<br>Your opponent switches their Active Pokémon with 1 of their Benched Pokémon.",Rx2,None,1
201176,Carvanha,Carvanha,https://tcgplayer-cdn.tcgplayer.com/product/201176_200w.jpg,3,2534,https://cpt.tcgcsv.com/xtD2,2025-11-25T21:51:48.227,1,,,0.12,0.29,10.0,0.23,0.29,Reverse Holofoil,132/236,Common,Darkness,50,Basic,"[D] Agility (10)
<br>Flip a coin. If heads, prevent all effects of attacks, including damage, done to this Pokemon during your opponent's next turn.",,Fx2,None,1
201176,Carvanha,Carvanha,https://tcgplayer-cdn.tcgplayer.com/product/201176_200w.jpg,3,2534,https://cpt.tcgcsv.com/xtD2,2025-11-25T21:51:48.227,1,,,0.02,0.16,10.0,0.13,,Normal,132/236,Common,Darkness,50,Basic,"[D] Agility (10)
<br>Flip a coin. If heads, prevent all effects of attacks, including damage, done to this Pokemon during your opponent's next turn.",,Fx2,None,1
201177,Absol,Absol,https://tcgplayer-cdn.tcgplayer.com/product/201177_200w.jpg,3,2534,https://cpt.tcgcsv.com/ztD2,2025-02-07T19:50:26.47,1,,,0.05,0.29,20.0,0.3,,Normal,133/236,Uncommon,Darkness,100,Basic,"[1] Ominous Message
<br>[Discard a Special Energy from 1 of your Pokemon.","[1D] Dirty Throw (70)
<br>Discard a card from your hand. If you don't, this attack does nothing.",Fx2,P-20,1
201177,Absol,Absol,https://tcgplayer-cdn.tcgplayer.com/product/201177_200w.jpg,3,2534,https://cpt.tcgcsv.com/ztD2,2025-02-07T19:50:26.47,1,,,0.2,0.84,3.0,0.86,,Reverse Holofoil,133/236,Uncommon,Darkness,100,Basic,"[1] Ominous Message
<br>[Discard a Special Energy from 1 of your Pokemon.","[1D] Dirty Throw (70)
<br>Discard a card from your hand. If you don't, this attack does nothing.",Fx2,P-20,1
201178,Pawniard,Pawniard,https://tcgplayer-cdn.tcgplayer.com/product/201178_200w.jpg,3,2534,https://cpt.tcgcsv.com/BtD2,2025-02-07T19:50:26.527,1,,,0.02,0.18,10.0,0.11,0.09,Normal,134/236,Common,Darkness,60,Basic,"[1] Bag Slash
<br>Your opponent reveals their hand. Discard an Item you find there.",[1D] Sting (20),Fx2,P-20,1
201178,Pawniard,Pawniard,https://tcgplayer-cdn.tcgplayer.com/product/201178_200w.jpg,3,2534,https://cpt.tcgcsv.com/BtD2,2025-02-07T19:50:26.527,1,,,0.1,0.3,2.0,0.29,0.25,Reverse Holofoil,134/236,Common,Darkness,60,Basic,"[1] Bag Slash
<br>Your opponent reveals their hand. Discard an Item you find there.",[1D] Sting (20),Fx2,P-20,1
201179,Bisharp,Bisharp,https://tcgplayer-cdn.tcgplayer.com/product/201179_200w.jpg,3,2534,https://cpt.tcgcsv.com/CtD2,2025-02-07T19:50:26.573,1,,,0.03,0.2,10.0,0.13,,Normal,135/236,Uncommon,Darkness,120,Stage 1,"[1] Corner (30)
<br>The Defending Pokemon can't retreat during your opponent's next turn.","[1D] Slashing Strike (80)
<br>This Pokemon can't use Slashing Strike during your next turn.",Fx2,P-20,1
201179,Bisharp,Bisharp,https://tcgplayer-cdn.tcgplayer.com/product/201179_200w.jpg,3,2534,https://cpt.tcgcsv.com/CtD2,2025-02-07T19:50:26.573,1,,,0.2,0.38,3.0,0.37,,Reverse Holofoil,135/236,Uncommon,Darkness,120,Stage 1,"[1] Corner (30)
<br>The Defending Pokemon can't retreat during your opponent's next turn.","[1D] Slashing Strike (80)
<br>This Pokemon can't use Slashing Strike during your next turn.",Fx2,P-20,1
201180,Guzzlord,Guzzlord,https://tcgplayer-cdn.tcgplayer.com/product/201180_200w.jpg,3,2534,https://cpt.tcgcsv.com/DtD2,2025-12-09T04:03:23.963,1,,,6.25,7.95,4321.0,7.89,8.79,Reverse Holofoil,136/236,Holo Rare,Darkness,150,Basic,"[D] Mountain Munch
<br>Discard the top card of your opponent's deck.","[2DD] Red Banquet (120)
<br>If your opponent's Pokemon is Knocked Out by damage from this attack, take 1 more Prize card.",Fx2,P-20,4
201180,Guzzlord,Guzzlord,https://tcgplayer-cdn.tcgplayer.com/product/201180_200w.jpg,3,2534,https://cpt.tcgcsv.com/DtD2,2025-12-09T04:03:23.963,1,,,4.0,7.26,11.31,6.93,6.64,Holofoil,136/236,Holo Rare,Darkness,150,Basic,"[D] Mountain Munch
<br>Discard the top card of your opponent's deck.","[2DD] Red Banquet (120)
<br>If your opponent's Pokemon is Knocked Out by damage from this attack, take 1 more Prize card.",Fx2,P-20,4
201181,Alolan Sandshrew,Alolan Sandshrew,https://tcgplayer-cdn.tcgplayer.com/product/201181_200w.jpg,3,2534,https://cpt.tcgcsv.com/FtD2,2025-02-07T19:50:26.633,1,,,0.03,0.27,10.0,0.3,0.22,Normal,137/236,Common,Metal,60,Basic,"[0] Run Around
<br>Switch this Pokemon with 1 of your Benched Pokemon.",[2] Metal Claw (20),Rx2,P-20,1
201181,Alolan Sandshrew,Alolan Sandshrew,https://tcgplayer-cdn.tcgplayer.com/product/201181_200w.jpg,3,2534,https://cpt.tcgcsv.com/FtD2,2025-02-07T19:50:26.633,1,,,0.25,0.58,40.0,0.6,,Reverse Holofoil,137/236,Common,Metal,60,Basic,"[0] Run Around
<br>Switch this Pokemon with 1 of your Benched Pokemon.",[2] Metal Claw (20),Rx2,P-20,1
201182,Alolan Sandslash,Alolan Sandslash,https://tcgplayer-cdn.tcgplayer.com/product/201182_200w.jpg,3,2534,https://cpt.tcgcsv.com/GtD2,2023-05-18T11:03:17.367,1,,,0.2,0.48,2.99,0.48,0.42,Normal,138/236,Rare,Metal,120,Stage 1,"[0] Curve Attack (30)
<br>Flip a coin. If heads, prevent all damage done to this Pokemon by attacks during your opponent's next turn.","[2M] Reinforced Needle (60+)
<br>If this Pokémon has a Pokemon Tool card attached to it, this attack does 60 more damage.",Rx2,P-20,1
201182,Alolan Sandslash,Alolan Sandslash,https://tcgplayer-cdn.tcgplayer.com/product/201182_200w.jpg,3,2534,https://cpt.tcgcsv.com/GtD2,2023-05-18T11:03:17.367,1,,,0.7,0.97,2.69,0.97,,Reverse Holofoil,138/236,Rare,Metal,120,Stage 1,"[0] Curve Attack (30)
<br>Flip a coin. If heads, prevent all damage done to this Pokemon by attacks during your opponent's next turn.","[2M] Reinforced Needle (60+)
<br>If this Pokémon has a Pokemon Tool card attached to it, this attack does 60 more damage.",Rx2,P-20,1
201183,Buzzwole,Buzzwole,https://tcgplayer-cdn.tcgplayer.com/product/201183_200w.jpg,3,2534,https://cpt.tcgcsv.com/HtD2,2026-02-24T18:55:23.863,1,"<strong>Ability — Beast Boost</strong>
<br>This Pokémon's attacks do 20 more damage to your opponent's Active Pokémon for each Prize card you have taken <em>(before applying Weakness and Resistance)</em>.",,0.75,2.35,96.95,2.38,96.95,Holofoil,21/236,Holo Rare,Grass,130,Basic,"[1G] Touchdown (60)
<br>Heal 30 damage from this Pokémon.",,Rx2,None,2
201183,Buzzwole,Buzzwole,https://tcgplayer-cdn.tcgplayer.com/product/201183_200w.jpg,3,2534,https://cpt.tcgcsv.com/HtD2,2026-02-24T18:55:23.863,1,"<strong>Ability — Beast Boost</strong>
<br>This Pokémon's attacks do 20 more damage to your opponent's Active Pokémon for each Prize card you have taken <em>(before applying Weakness and Resistance)</em>.",,1.56,2.41,6.99,2.41,,Reverse Holofoil,21/236,Holo Rare,Grass,130,Basic,"[1G] Touchdown (60)
<br>Heal 30 damage from this Pokémon.",,Rx2,None,2
201184,Steelix,Steelix,https://tcgplayer-cdn.tcgplayer.com/product/201184_200w.jpg,3,2534,https://cpt.tcgcsv.com/JtD2,2022-06-21T05:38:46.54,1,,,0.55,1.1,2.79,0.91,0.89,Reverse Holofoil,139/236,Holo Rare,Metal,170,Stage 1,"[2] Thwomp Fall (50x)
<br>You may discard any number of Pokemon from your hand that have a Retreat Cost of 4. This attack does 50 damage for each card you discarded in this way.","[3M] Iron Tail (100x)
<br>Flip a coin until you get tails. This attack does 100 damage for each heads.",Rx2,P-20,4
201184,Steelix,Steelix,https://tcgplayer-cdn.tcgplayer.com/product/201184_200w.jpg,3,2534,https://cpt.tcgcsv.com/JtD2,2022-06-21T05:38:46.54,1,,,0.2,0.75,15.0,0.78,1.0,Holofoil,139/236,Holo Rare,Metal,170,Stage 1,"[2] Thwomp Fall (50x)
<br>You may discard any number of Pokemon from your hand that have a Retreat Cost of 4. This attack does 50 damage for each card you discarded in this way.","[3M] Iron Tail (100x)
<br>Flip a coin until you get tails. This attack does 100 damage for each heads.",Rx2,P-20,4
201185,Mawile,Mawile,https://tcgplayer-cdn.tcgplayer.com/product/201185_200w.jpg,3,2534,https://cpt.tcgcsv.com/KtD2,2025-02-07T19:50:26.673,1,,,2.5,3.83,4.26,2.41,,Reverse Holofoil,140/236,Uncommon,Metal,70,Basic,"[1] Dual Call
<br>Search your deck for up to 2 TAG TEAM cards, reveal them, and put them into your hand. Then, shuffle your deck.","[1] Dark Clamp (20)
<br>The Defending Pokemon can't retreat during your opponent's next turn",Rx2,P-20,1
201185,Mawile,Mawile,https://tcgplayer-cdn.tcgplayer.com/product/201185_200w.jpg,3,2534,https://cpt.tcgcsv.com/KtD2,2025-02-07T19:50:26.673,1,,,0.09,0.25,10.0,0.25,,Normal,140/236,Uncommon,Metal,70,Basic,"[1] Dual Call
<br>Search your deck for up to 2 TAG TEAM cards, reveal them, and put them into your hand. Then, shuffle your deck.","[1] Dark Clamp (20)
<br>The Defending Pokemon can't retreat during your opponent's next turn",Rx2,P-20,1
201186,Probopass,Probopass,https://tcgplayer-cdn.tcgplayer.com/product/201186_200w.jpg,3,2534,https://cpt.tcgcsv.com/LtD2,2025-02-07T19:50:26.737,1,,,0.15,0.34,2.99,0.31,0.3,Reverse Holofoil,141/236,Uncommon,Metal,130,Stage 1,"[3] Hard Press (60)
<br>Flip a coin. If heads, your opponent's Active Pokemon is now Paralyzed.","[3M] Triple Nose (80+)
<br>Flip 3 coins. This attack does 40 more damage for each heads.",Rx2,P-20,3
201186,Probopass,Probopass,https://tcgplayer-cdn.tcgplayer.com/product/201186_200w.jpg,3,2534,https://cpt.tcgcsv.com/LtD2,2025-02-07T19:50:26.737,1,,,0.03,0.2,10.0,0.11,,Normal,141/236,Uncommon,Metal,130,Stage 1,"[3] Hard Press (60)
<br>Flip a coin. If heads, your opponent's Active Pokemon is now Paralyzed.","[3M] Triple Nose (80+)
<br>Flip 3 coins. This attack does 40 more damage for each heads.",Rx2,P-20,3
201187,Solgaleo,Solgaleo,https://tcgplayer-cdn.tcgplayer.com/product/201187_200w.jpg,3,2534,https://cpt.tcgcsv.com/MtD2,2026-02-04T19:01:44.393,1,"<strong>Ability — Armor of the Sunne</strong>
<br>If you have Lunala in play, your Solgaleo and Lunala take 50 less damage from your opponent's attacks <em>(after applying Weakness and Resistance)</em>. You can't apply more than 1 Armor of the Sunne Ability at a time.",,0.63,1.25,4.99,1.28,1.55,Reverse Holofoil,142/236,Holo Rare,Metal,170,Basic,"[2MM] Sol Fang (180)
<br>Discard 2 Energy from this Pokemon.",,Rx2,P-20,3
201187,Solgaleo,Solgaleo,https://tcgplayer-cdn.tcgplayer.com/product/201187_200w.jpg,3,2534,https://cpt.tcgcsv.com/MtD2,2026-02-04T19:01:44.393,1,"<strong>Ability — Armor of the Sunne</strong>
<br>If you have Lunala in play, your Solgaleo and Lunala take 50 less damage from your opponent's attacks <em>(after applying Weakness and Resistance)</em>. You can't apply more than 1 Armor of the Sunne Ability at a time.",,0.5,1.15,2.25,1.22,1.49,Holofoil,142/236,Holo Rare,Metal,170,Basic,"[2MM] Sol Fang (180)
<br>Discard 2 Energy from this Pokemon.",,Rx2,P-20,3
201188,Clefairy,Clefairy,https://tcgplayer-cdn.tcgplayer.com/product/201188_200w.jpg,3,2534,https://cpt.tcgcsv.com/NtD2,2025-02-07T19:50:26.797,1,,,1.0,4.0,10.0,3.25,,Reverse Holofoil,144/236,Uncommon,Fairy,50,Basic,"[3] Doll Swap (60)
<br>Put this Pokémon and all cards attached to it into your hand. Then, you may play a Lillie's Poke Doll from your hand as your Active Pokemon.",,Mx2,D-20,1
201188,Clefairy,Clefairy,https://tcgplayer-cdn.tcgplayer.com/product/201188_200w.jpg,3,2534,https://cpt.tcgcsv.com/NtD2,2025-02-07T19:50:26.797,1,,,0.08,0.3,10.0,0.31,,Normal,144/236,Uncommon,Fairy,50,Basic,"[3] Doll Swap (60)
<br>Put this Pokémon and all cards attached to it into your hand. Then, you may play a Lillie's Poke Doll from your hand as your Active Pokemon.",,Mx2,D-20,1
201189,Ponyta,Ponyta,https://tcgplayer-cdn.tcgplayer.com/product/201189_200w.jpg,3,2534,https://cpt.tcgcsv.com/PtD2,2025-12-09T04:13:39.37,1,,,0.03,0.21,10.0,0.2,,Normal,23/236,Common,Fire,70,Basic,"[1] Minor Errand-Running
<br>Search your deck for up to 2 basic Energy cards, reveal them, and put them into your hand. Then, shuffle your deck.",[R] Flare (10),Wx2,None,1
201189,Ponyta,Ponyta,https://tcgplayer-cdn.tcgplayer.com/product/201189_200w.jpg,3,2534,https://cpt.tcgcsv.com/PtD2,2025-12-09T04:13:39.37,1,,,0.38,0.65,2.5,0.66,1.64,Reverse Holofoil,23/236,Common,Fire,70,Basic,"[1] Minor Errand-Running
<br>Search your deck for up to 2 basic Energy cards, reveal them, and put them into your hand. Then, shuffle your deck.",[R] Flare (10),Wx2,None,1
201190,Azurill,Azurill,https://tcgplayer-cdn.tcgplayer.com/product/201190_200w.jpg,3,2534,https://cpt.tcgcsv.com/QtD2,2025-02-07T19:50:26.937,1,"<strong>Ability — Growing Up</strong>
<br>Once during your turn <em>(before your attack)</em>, you may flip a coin. If heads, attach a basic Energy card from your discard pile to your Active Pokemon. If you use this Ability, your turn ends.",,3.86,6.0,10.0,5.94,,Normal,146/236,Common,Fairy,60,Basic,,,None,None,0
201190,Azurill,Azurill,https://tcgplayer-cdn.tcgplayer.com/product/201190_200w.jpg,3,2534,https://cpt.tcgcsv.com/QtD2,2025-02-07T19:50:26.937,1,"<strong>Ability — Growing Up</strong>
<br>Once during your turn <em>(before your attack)</em>, you may flip a coin. If heads, attach a basic Energy card from your discard pile to your Active Pokemon. If you use this Ability, your turn ends.",,7.82,10.0,19.0,9.69,,Reverse Holofoil,146/236,Common,Fairy,60,Basic,,,None,None,0
201191,Cottonee,Cottonee,https://tcgplayer-cdn.tcgplayer.com/product/201191_200w.jpg,3,2534,https://cpt.tcgcsv.com/RtD2,2025-02-07T19:50:27,1,,,0.05,0.25,10.0,0.24,,Normal,147/236,Common,Fairy,40,Basic,"[2] Lost March (20x)
<br>This attack does 20 damage for each of your Pokemon, except Prism Star Pokemon, in the Lost Zone.",,Mx2,D-20,0
201191,Cottonee,Cottonee,https://tcgplayer-cdn.tcgplayer.com/product/201191_200w.jpg,3,2534,https://cpt.tcgcsv.com/RtD2,2025-02-07T19:50:27,1,,,0.1,0.39,3.0,0.4,,Reverse Holofoil,147/236,Common,Fairy,40,Basic,"[2] Lost March (20x)
<br>This attack does 20 damage for each of your Pokemon, except Prism Star Pokemon, in the Lost Zone.",,Mx2,D-20,0
201192,Whimsicott,Whimsicott,https://tcgplayer-cdn.tcgplayer.com/product/201192_200w.jpg,3,2534,https://cpt.tcgcsv.com/StD2,2025-11-25T03:25:07.183,1,,,0.17,0.42,10.0,0.43,0.49,Normal,148/236,Rare,Fairy,70,Stage 1,"[Y] Gap Pocket
<br>Put a card from your hand in the Lost Zone. Then, draw 3 cards.","[2] Lost March (20x)
<br>This attack does 20 damage for each of your Pokemon, except Prism Star Pokemon, in the Lost Zone.",Mx2,D-20,0
201192,Whimsicott,Whimsicott,https://tcgplayer-cdn.tcgplayer.com/product/201192_200w.jpg,3,2534,https://cpt.tcgcsv.com/StD2,2025-11-25T03:25:07.183,1,,,0.48,1.0,2.99,0.98,,Reverse Holofoil,148/236,Rare,Fairy,70,Stage 1,"[Y] Gap Pocket
<br>Put a card from your hand in the Lost Zone. Then, draw 3 cards.","[2] Lost March (20x)
<br>This attack does 20 damage for each of your Pokemon, except Prism Star Pokemon, in the Lost Zone.",Mx2,D-20,0
201193,Flabebe - 149/236,Flabebe 149 236,https://tcgplayer-cdn.tcgplayer.com/product/201193_200w.jpg,3,2534,https://cpt.tcgcsv.com/TtD2,2025-11-25T16:59:52.13,1,,,0.2,0.5,10.0,0.49,0.5,Reverse Holofoil,149/236,Common,Fairy,30,Basic,"[Y] Flower Invitation
<br>Search your deck for up to 2 Fairy Pokemon, reveal them, and put them into your hand. Then, shuffle your deck.",,Mx2,D-20,1
201193,Flabebe - 149/236,Flabebe 149 236,https://tcgplayer-cdn.tcgplayer.com/product/201193_200w.jpg,3,2534,https://cpt.tcgcsv.com/TtD2,2025-11-25T16:59:52.13,1,,,0.05,0.25,20.0,0.24,,Normal,149/236,Common,Fairy,30,Basic,"[Y] Flower Invitation
<br>Search your deck for up to 2 Fairy Pokemon, reveal them, and put them into your hand. Then, shuffle your deck.",,Mx2,D-20,1
201194,Flabebe - 150/236,Flabebe 150 236,https://tcgplayer-cdn.tcgplayer.com/product/201194_200w.jpg,3,2534,https://cpt.tcgcsv.com/VtD2,2025-02-07T19:50:27.127,1,,,0.05,0.25,10.0,0.25,,Normal,150/236,Common,Fairy,40,Basic,"[Y] Petal Blizzard
<br>This attack does 10 damage to each of your opponent's Pokemon. <em>(Don't apply Weakness and Resistance for Benched Pokemon.)</em>",,Mx2,D-20,1
201194,Flabebe - 150/236,Flabebe 150 236,https://tcgplayer-cdn.tcgplayer.com/product/201194_200w.jpg,3,2534,https://cpt.tcgcsv.com/VtD2,2025-02-07T19:50:27.127,1,,,0.14,0.41,10.0,0.37,,Reverse Holofoil,150/236,Common,Fairy,40,Basic,"[Y] Petal Blizzard
<br>This attack does 10 damage to each of your opponent's Pokemon. <em>(Don't apply Weakness and Resistance for Benched Pokemon.)</em>",,Mx2,D-20,1
201195,Rapidash,Rapidash,https://tcgplayer-cdn.tcgplayer.com/product/201195_200w.jpg,3,2534,https://cpt.tcgcsv.com/WtD2,2019-10-30T15:48:09.797,1,,,0.3,0.54,10.0,0.54,,Reverse Holofoil,24/236,Uncommon,Fire,100,Stage 1,"[R] Overrun (30)
<br>This attack does 30 damage to 1 of your opponent's Benched Pokémon. (Don't apply Weakness and Resistance for Benched Pokémon.)",[1R] Flame Tail (60),Wx2,None,0
201195,Rapidash,Rapidash,https://tcgplayer-cdn.tcgplayer.com/product/201195_200w.jpg,3,2534,https://cpt.tcgcsv.com/WtD2,2019-10-30T15:48:09.797,1,,,0.06,0.24,1.49,0.18,,Normal,24/236,Uncommon,Fire,100,Stage 1,"[R] Overrun (30)
<br>This attack does 30 damage to 1 of your opponent's Benched Pokémon. (Don't apply Weakness and Resistance for Benched Pokémon.)",[1R] Flame Tail (60),Wx2,None,0
201196,Floette,Floette,https://tcgplayer-cdn.tcgplayer.com/product/201196_200w.jpg,3,2534,https://cpt.tcgcsv.com/XtD2,2025-11-25T17:01:16.24,1,"<strong>Ability — Flower Picker</strong>
<br>When you play this Pokemon from your hand to evolve 1 of your Pokemon during your turn, you may choose a random card from your opponent's hand. Your opponent reveals that card and shuffles it into their deck.",,0.15,0.37,10.0,0.37,0.25,Normal,151/236,Uncommon,Fairy,70,Stage 1,[1Y] Magical Shot (30),,Mx2,D-20,1
201196,Floette,Floette,https://tcgplayer-cdn.tcgplayer.com/product/201196_200w.jpg,3,2534,https://cpt.tcgcsv.com/XtD2,2025-11-25T17:01:16.24,1,"<strong>Ability — Flower Picker</strong>
<br>When you play this Pokemon from your hand to evolve 1 of your Pokemon during your turn, you may choose a random card from your opponent's hand. Your opponent reveals that card and shuffles it into their deck.",,9.49,17.99,69.98,8.35,69.98,Reverse Holofoil,151/236,Uncommon,Fairy,70,Stage 1,[1Y] Magical Shot (30),,Mx2,D-20,1
201197,Flareon,Flareon,https://tcgplayer-cdn.tcgplayer.com/product/201197_200w.jpg,3,2534,https://cpt.tcgcsv.com/ZtD2,2023-06-10T18:30:25.197,1,"<strong>Ability — Power Cheer</strong>
<br>The attacks of your Pokémon-GX in play that evolve from Eevee do 30 more damage to your opponent's Active Pokémon <em>(before applying Weakness and Resistance)</em>. You can't apply more than 1 Power Cheer Ability at a time.",,0.3,0.76,10.0,0.76,0.95,Normal,25/236,Uncommon,Fire,110,Stage 1,"[2R] Flamethrower (90)
<br>Discard an Energy from this Pokémon.",,Wx2,None,2
201197,Flareon,Flareon,https://tcgplayer-cdn.tcgplayer.com/product/201197_200w.jpg,3,2534,https://cpt.tcgcsv.com/ZtD2,2023-06-10T18:30:25.197,1,"<strong>Ability — Power Cheer</strong>
<br>The attacks of your Pokémon-GX in play that evolve from Eevee do 30 more damage to your opponent's Active Pokémon <em>(before applying Weakness and Resistance)</em>. You can't apply more than 1 Power Cheer Ability at a time.",,4.63,5.95,25.23,5.25,6.56,Reverse Holofoil,25/236,Uncommon,Fire,110,Stage 1,"[2R] Flamethrower (90)
<br>Discard an Energy from this Pokémon.",,Wx2,None,2
201198,Slugma,Slugma,https://tcgplayer-cdn.tcgplayer.com/product/201198_200w.jpg,3,2534,https://cpt.tcgcsv.com/-tD2,2025-02-07T19:50:27.217,1,,,0.03,0.2,10.0,0.11,,Normal,26/236,Common,Fire,80,Basic,"[R] Singe
<br>Your opponent's Active Pokémon is now Burned.",,Wx2,None,3
201198,Slugma,Slugma,https://tcgplayer-cdn.tcgplayer.com/product/201198_200w.jpg,3,2534,https://cpt.tcgcsv.com/-tD2,2025-02-07T19:50:27.217,1,,,0.35,0.59,10.0,0.58,,Reverse Holofoil,26/236,Common,Fire,80,Basic,"[R] Singe
<br>Your opponent's Active Pokémon is now Burned.",,Wx2,None,3
201199,Magcargo,Magcargo,https://tcgplayer-cdn.tcgplayer.com/product/201199_200w.jpg,3,2534,https://cpt.tcgcsv.com/_tD2,2025-02-07T19:50:27.263,1,,,0.09,0.25,1.51,0.22,,Normal,27/236,Rare,Fire,120,Stage 1,"[R] Stomp Off
<br>Discard the top 2 cards of your opponent's deck.","[1R] Flamethrower (80)
<br>Discard an Energy from this Pokémon.",Wx2,None,3
201199,Magcargo,Magcargo,https://tcgplayer-cdn.tcgplayer.com/product/201199_200w.jpg,3,2534,https://cpt.tcgcsv.com/_tD2,2025-02-07T19:50:27.263,1,,,0.2,0.49,10.0,0.48,,Reverse Holofoil,27/236,Rare,Fire,120,Stage 1,"[R] Stomp Off
<br>Discard the top 2 cards of your opponent's deck.","[1R] Flamethrower (80)
<br>Discard an Energy from this Pokémon.",Wx2,None,3
201200,Swirlix,Swirlix,https://tcgplayer-cdn.tcgplayer.com/product/201200_200w.jpg,3,2534,https://cpt.tcgcsv.com/0vD2,2025-02-07T19:50:27.327,1,,,0.1,0.27,10.0,0.27,,Normal,153/236,Common,Fairy,60,Basic,"[Y] Cotton Guard (10)
<br>During your opponent's next turn, this Pokemon takes 10 less damage from attacks<em> (after applying Weakness and Resistance)</em>.",,Mx2,D-20,1
201200,Swirlix,Swirlix,https://tcgplayer-cdn.tcgplayer.com/product/201200_200w.jpg,3,2534,https://cpt.tcgcsv.com/0vD2,2025-02-07T19:50:27.327,1,,,0.25,0.5,2.0,0.5,,Reverse Holofoil,153/236,Common,Fairy,60,Basic,"[Y] Cotton Guard (10)
<br>During your opponent's next turn, this Pokemon takes 10 less damage from attacks<em> (after applying Weakness and Resistance)</em>.",,Mx2,D-20,1
201201,Entei,Entei,https://tcgplayer-cdn.tcgplayer.com/product/201201_200w.jpg,3,2534,https://cpt.tcgcsv.com/2vD2,2026-02-17T13:15:28,1,,,0.24,0.5,3.99,0.51,0.51,Normal,28/236,Rare,Fire,130,Basic,"[1R] Rally Back (30+)
<br>If any of your Pokémon were Knocked Out by damage from an opponent's attack during their last turn, this attack does 90 more damage.",[1RR] Fire Mane (100),Wx2,None,2
201201,Entei,Entei,https://tcgplayer-cdn.tcgplayer.com/product/201201_200w.jpg,3,2534,https://cpt.tcgcsv.com/2vD2,2026-02-17T13:15:28,1,,,0.49,0.78,2.5,0.78,0.49,Reverse Holofoil,28/236,Rare,Fire,130,Basic,"[1R] Rally Back (30+)
<br>If any of your Pokémon were Knocked Out by damage from an opponent's attack during their last turn, this attack does 90 more damage.",[1RR] Fire Mane (100),Wx2,None,2
201202,Slurpuff,Slurpuff,https://tcgplayer-cdn.tcgplayer.com/product/201202_200w.jpg,3,2534,https://cpt.tcgcsv.com/3vD2,2026-02-17T20:35:05.883,1,,,1.47,8.23,14.99,1.82,,Reverse Holofoil,154/236,Rare,Fairy,110,Stage 1,"[Y] Rapturous Odor
<br>Your opponent's Active Pokemon is now Confused.","[Y] Sweet Panic (110)
<br>If your opponent's Active Pokemon isn't Confused, this attack does nothing.",Mx2,D-20,1
201202,Slurpuff,Slurpuff,https://tcgplayer-cdn.tcgplayer.com/product/201202_200w.jpg,3,2534,https://cpt.tcgcsv.com/3vD2,2026-02-17T20:35:05.883,1,,,0.35,1.38,5.35,1.42,,Normal,154/236,Rare,Fairy,110,Stage 1,"[Y] Rapturous Odor
<br>Your opponent's Active Pokemon is now Confused.","[Y] Sweet Panic (110)
<br>If your opponent's Active Pokemon isn't Confused, this attack does nothing.",Mx2,D-20,1
201203,Sylveon,Sylveon,https://tcgplayer-cdn.tcgplayer.com/product/201203_200w.jpg,3,2534,https://cpt.tcgcsv.com/5vD2,2026-02-17T13:17:58.493,1,,,3.0,5.0,10.0,4.91,4.99,Normal,155/236,Rare,Fairy,110,Stage 1,"[Y] Moonblast (30)
<br>During your opponent's next turn, the Defending Pokemon's attacks do 30 less damage <em>(before applying Weakness and Resistance)</em>.","[2Y] Beloved Pulse (80+)
<br>If you played a Tag Team Supporter card from your hand during this turn, this attack does 80 more damage.",Mx2,D-20,2
201203,Sylveon,Sylveon,https://tcgplayer-cdn.tcgplayer.com/product/201203_200w.jpg,3,2534,https://cpt.tcgcsv.com/5vD2,2026-02-17T13:17:58.493,1,,,8.49,10.21,15.97,10.73,,Reverse Holofoil,155/236,Rare,Fairy,110,Stage 1,"[Y] Moonblast (30)
<br>During your opponent's next turn, the Defending Pokemon's attacks do 30 less damage <em>(before applying Weakness and Resistance)</em>.","[2Y] Beloved Pulse (80+)
<br>If you played a Tag Team Supporter card from your hand during this turn, this attack does 80 more damage.",Mx2,D-20,2
201204,Arceus & Dialga & Palkia GX,Arceus and Dialga and Palkia GX,https://tcgplayer-cdn.tcgplayer.com/product/201204_200w.jpg,3,2534,https://cpt.tcgcsv.com/6vD2,2024-12-06T21:13:48.73,1,,,14.0,25.0,100.0,21.89,30.49,Holofoil,156/236,Ultra Rare,Dragon,280,Basic,"[1WM] Ultimate Ray (150)
<br>Search your deck for up to 3 basic Energy cards and attach them to your Pokemon in any way you like. Then, shuffle your deck.","<span style=""color:Teal""><strong>[M+] Altered Creation GX</strong>
<br>For the rest of this game, your Pokemon's attacks do 30 more damage to your opponent's Active Pokemon<em> (before applying Weakness and Resistance)</em>. If this Pokemon has at least 1 extra Water Energy attached to it <em>(in addition to this attack's cost)</em>, when your opponent's Active Pokemon is Knocked Out by damage from those attacks, take 1 more Prize card.<em> (You can't use more than 1 GX attack in a game.)</em></span>",Yx2,None,3
201205,Reshiram & Zekrom GX,Reshiram and Zekrom GX,https://tcgplayer-cdn.tcgplayer.com/product/201205_200w.jpg,3,2534,https://cpt.tcgcsv.com/7vD2,2026-02-24T16:45:32.113,1,,,68.21,83.73,149.99,74.61,71.5,Holofoil,157/236,Ultra Rare,Dragon,270,Basic,"[RL] Fabled Flarebolts (90x)
<br>Discard up to 3 in any combination of basic Fire and basic Lightning Energy cards from your Benched Pokemon. This attack does 90 damage for each card you discarded in this way.","<span style=""color:Teal""><strong>[RRLL+] Cross Break GX</strong>
<br>This attack does 170 damage to 1 of your opponent's Benched Pokemon. If you played N's Resolve from your hand during this turn, this attack also does 170 damage to 1 of your opponent's other Benched Pokemon. <em>(Don't apply Weakness and Resistance for Benched Pokémon.)  (You can't use more than 1 GX attack in a game.)</em></span>",Yx2,None,3
201206,Torkoal,Torkoal,https://tcgplayer-cdn.tcgplayer.com/product/201206_200w.jpg,3,2534,https://cpt.tcgcsv.com/8vD2,2019-10-30T16:13:29.117,1,,,0.02,0.2,19.5,0.16,0.13,Normal,29/236,Uncommon,Fire,110,Basic,"[R] Fire Fling
<br>Put 4 Fire Energy cards from your discard pile into your hand.","[RRR] Kindle (100)
<br>Discard an Energy from this Pokémon. If you do, discard an Energy from your opponent's Active Pokémon.",Wx2,None,2
201206,Torkoal,Torkoal,https://tcgplayer-cdn.tcgplayer.com/product/201206_200w.jpg,3,2534,https://cpt.tcgcsv.com/8vD2,2019-10-30T16:13:29.117,1,,,0.25,0.51,10.0,0.53,,Reverse Holofoil,29/236,Uncommon,Fire,110,Basic,"[R] Fire Fling
<br>Put 4 Fire Energy cards from your discard pile into your hand.","[RRR] Kindle (100)
<br>Discard an Energy from this Pokémon. If you do, discard an Energy from your opponent's Active Pokémon.",Wx2,None,2
201207,Victini,Victini,https://tcgplayer-cdn.tcgplayer.com/product/201207_200w.jpg,3,2534,https://cpt.tcgcsv.com/9vD2,2025-11-25T17:26:47.3,1,"<strong>Ability — Victory Heal</strong>
<br>Once during your turn <em>(before your attack)</em>, you may heal 20 damage from 1 of your Benched Pokémon.",,0.4,0.94,2.99,0.94,2.71,Holofoil,30/236,Holo Rare,Fire,70,Basic,[1R] Combustion (30),,Wx2,None,1
201207,Victini,Victini,https://tcgplayer-cdn.tcgplayer.com/product/201207_200w.jpg,3,2534,https://cpt.tcgcsv.com/9vD2,2025-11-25T17:26:47.3,1,"<strong>Ability — Victory Heal</strong>
<br>Once during your turn <em>(before your attack)</em>, you may heal 20 damage from 1 of your Benched Pokémon.",,0.74,1.11,10.0,1.09,2.99,Reverse Holofoil,30/236,Holo Rare,Fire,70,Basic,[1R] Combustion (30),,Wx2,None,1
201208,Naganadel & Guzzlord GX,Naganadel and Guzzlord GX,https://tcgplayer-cdn.tcgplayer.com/product/201208_200w.jpg,3,2534,https://cpt.tcgcsv.com/bvD2,2026-01-05T21:49:20.313,1,"<strong>Ability — Violent Appetite</strong>
<br>Once during your turn<em> (before your attack)</em>, you may discard a Pokemon from your hand. If you do, heal 60 damage from this Pokemon.",,6.2,10.0,96.95,8.37,7.44,Holofoil,158/236,Ultra Rare,Dragon,280,Basic,[1PD] Jet Pierce (180),"<span style=""color:DarkRed""><strong>[1+] Chaotic Order GX </strong>
<br>Turn all of your Prize cards face up. <em>(Those Prize cards remain face up for the rest of the game.)</em> If this Pokemon has at least 1 extra Psychic Energy and 1 extra Darkness Energy attached to it <em>(in addition to this attack's cost)</em>, take 2 Prize cards. . <em>(You can't use more than 1 GX attack in a game.)</em></span>",Yx2,None,3
201209,Tepig,Tepig,https://tcgplayer-cdn.tcgplayer.com/product/201209_200w.jpg,3,2534,https://cpt.tcgcsv.com/cvD2,2019-10-30T16:12:26.79,1,,,0.71,1.32,6.95,1.42,,Reverse Holofoil,31/236,Common,Fire,80,Basic,[R] Live Coal (10),[2R] Rollout (40),Wx2,None,2
201209,Tepig,Tepig,https://tcgplayer-cdn.tcgplayer.com/product/201209_200w.jpg,3,2534,https://cpt.tcgcsv.com/cvD2,2019-10-30T16:12:26.79,1,,,0.05,0.25,10.0,0.25,0.18,Normal,31/236,Common,Fire,80,Basic,[R] Live Coal (10),[2R] Rollout (40),Wx2,None,2
201210,Pignite,Pignite,https://tcgplayer-cdn.tcgplayer.com/product/201210_200w.jpg,3,2534,https://cpt.tcgcsv.com/dvD2,2023-06-28T20:41:05.47,1,,,0.05,0.25,10.0,0.21,0.21,Normal,32/236,Uncommon,Fire,110,Stage 1,[1R] Tackle (30),[2R] Heat Crash (60),Wx2,None,4
201210,Pignite,Pignite,https://tcgplayer-cdn.tcgplayer.com/product/201210_200w.jpg,3,2534,https://cpt.tcgcsv.com/dvD2,2023-06-28T20:41:05.47,1,,,0.3,0.57,1.71,0.56,,Reverse Holofoil,32/236,Uncommon,Fire,110,Stage 1,[1R] Tackle (30),[2R] Heat Crash (60),Wx2,None,4
201211,Emboar,Emboar,https://tcgplayer-cdn.tcgplayer.com/product/201211_200w.jpg,3,2534,https://cpt.tcgcsv.com/fvD2,2026-01-15T06:22:37.357,1,"<strong>Ability — Explosive Fire Dance</strong>
<br>When you play this Pokémon from your hand to evolve 1 of your Pokémon during your turn, you may look at the top 8 cards of your deck and attach any number of basic Energy cards you find there to your Pokémon in any way you like. Shuffle the other cards back into your deck.",,0.19,0.43,10.0,0.39,0.35,Normal,33/236,Rare,Fire,170,Stage 2,[3R] Heat Blast (160),,Wx2,None,4
201211,Emboar,Emboar,https://tcgplayer-cdn.tcgplayer.com/product/201211_200w.jpg,3,2534,https://cpt.tcgcsv.com/fvD2,2026-01-15T06:22:37.357,1,"<strong>Ability — Explosive Fire Dance</strong>
<br>When you play this Pokémon from your hand to evolve 1 of your Pokémon during your turn, you may look at the top 8 cards of your deck and attach any number of basic Energy cards you find there to your Pokémon in any way you like. Shuffle the other cards back into your deck.",,0.37,0.79,1.99,0.76,,Reverse Holofoil,33/236,Rare,Fire,170,Stage 2,[3R] Heat Blast (160),,Wx2,None,4
201212,Larvesta,Larvesta,https://tcgplayer-cdn.tcgplayer.com/product/201212_200w.jpg,3,2534,https://cpt.tcgcsv.com/gvD2,2019-10-30T15:10:54.593,1,,,0.05,0.2,19.5,0.18,0.17,Normal,34/236,Uncommon,Fire,80,Basic,[1] Ram (10),[1RR] Combustion (50),Wx2,None,3
201212,Larvesta,Larvesta,https://tcgplayer-cdn.tcgplayer.com/product/201212_200w.jpg,3,2534,https://cpt.tcgcsv.com/gvD2,2019-10-30T15:10:54.593,1,,,0.23,0.46,10.0,0.38,0.42,Reverse Holofoil,34/236,Uncommon,Fire,80,Basic,[1] Ram (10),[1RR] Combustion (50),Wx2,None,3
201213,Litleo,Litleo,https://tcgplayer-cdn.tcgplayer.com/product/201213_200w.jpg,3,2534,https://cpt.tcgcsv.com/hvD2,2025-12-09T04:05:18.707,1,,,0.22,0.41,1.99,0.37,0.41,Reverse Holofoil,36/236,Common,Fire,70,Basic,[R] Tackle (10),[1R] Flame Tail (20),Wx2,None,2
201213,Litleo,Litleo,https://tcgplayer-cdn.tcgplayer.com/product/201213_200w.jpg,3,2534,https://cpt.tcgcsv.com/hvD2,2025-12-09T04:05:18.707,1,,,0.01,0.2,10.0,0.12,0.1,Normal,36/236,Common,Fire,70,Basic,[R] Tackle (10),[1R] Flame Tail (20),Wx2,None,2
201214,Pyroar,Pyroar,https://tcgplayer-cdn.tcgplayer.com/product/201214_200w.jpg,3,2534,https://cpt.tcgcsv.com/jvD2,2025-02-07T19:50:27.45,1,,,0.02,0.2,10.0,0.15,,Normal,37/236,Uncommon,Fire,130,Stage 1,"[1RR] Swirling Inferno (70)
<br>Discard all Pokémon Tool cards and Special Energy from each of your opponent's Pokémon.",[1RRR] Heat Blast (140),Wx2,None,2
201214,Pyroar,Pyroar,https://tcgplayer-cdn.tcgplayer.com/product/201214_200w.jpg,3,2534,https://cpt.tcgcsv.com/jvD2,2025-02-07T19:50:27.45,1,,,0.15,0.47,2.0,0.46,,Reverse Holofoil,37/236,Uncommon,Fire,130,Stage 1,"[1RR] Swirling Inferno (70)
<br>Discard all Pokémon Tool cards and Special Energy from each of your opponent's Pokémon.",[1RRR] Heat Blast (140),Wx2,None,2
201215,Alolan Vulpix,Alolan Vulpix,https://tcgplayer-cdn.tcgplayer.com/product/201215_200w.jpg,3,2534,https://cpt.tcgcsv.com/kvD2,2022-06-27T10:42:51.693,1,"<strong>Ability — Snowed In</strong>
<br>As long as this Pokémon is on your Bench, prevent all damage done to this Pokémon by attacks <em>(both yours and your opponent's)</em>.",,0.49,1.45,10.0,1.76,10.0,Reverse Holofoil,39/236,Common,Water,60,Basic,[0] Gnaw (10),,Mx2,None,1
201215,Alolan Vulpix,Alolan Vulpix,https://tcgplayer-cdn.tcgplayer.com/product/201215_200w.jpg,3,2534,https://cpt.tcgcsv.com/kvD2,2022-06-27T10:42:51.693,1,"<strong>Ability — Snowed In</strong>
<br>As long as this Pokémon is on your Bench, prevent all damage done to this Pokémon by attacks <em>(both yours and your opponent's)</em>.",,0.08,0.35,1.49,0.36,0.35,Normal,39/236,Common,Water,60,Basic,[0] Gnaw (10),,Mx2,None,1
201216,Psyduck,Psyduck,https://tcgplayer-cdn.tcgplayer.com/product/201216_200w.jpg,3,2534,https://cpt.tcgcsv.com/lvD2,2022-02-03T15:59:34.96,1,,,0.25,0.75,4.99,1.18,,Normal,40/236,Common,Water,60,Basic,[1] Scratch (10),"[1W] Confusion Wave (20)
<br>Both Active Pokémon are now Confused.",Gx2,None,1
201216,Psyduck,Psyduck,https://tcgplayer-cdn.tcgplayer.com/product/201216_200w.jpg,3,2534,https://cpt.tcgcsv.com/lvD2,2022-02-03T15:59:34.96,1,,,14.9,18.88,1000.0,14.51,,Reverse Holofoil,40/236,Common,Water,60,Basic,[1] Scratch (10),"[1W] Confusion Wave (20)
<br>Both Active Pokémon are now Confused.",Gx2,None,1
201217,Golduck,Golduck,https://tcgplayer-cdn.tcgplayer.com/product/201217_200w.jpg,3,2534,https://cpt.tcgcsv.com/mvD2,2025-02-07T19:50:27.497,1,,,0.25,0.46,2.0,0.42,,Reverse Holofoil,41/236,Uncommon,Water,110,Stage 1,[1] Scratch (30),"[1W] Energy Loop (80)
<br>Return an Energy from this Pokémon to your hand.",Gx2,None,1
201217,Golduck,Golduck,https://tcgplayer-cdn.tcgplayer.com/product/201217_200w.jpg,3,2534,https://cpt.tcgcsv.com/mvD2,2025-02-07T19:50:27.497,1,,,0.03,0.2,10.0,0.16,,Normal,41/236,Uncommon,Water,110,Stage 1,[1] Scratch (30),"[1W] Energy Loop (80)
<br>Return an Energy from this Pokémon to your hand.",Gx2,None,1
201218,Vaporeon,Vaporeon,https://tcgplayer-cdn.tcgplayer.com/product/201218_200w.jpg,3,2534,https://cpt.tcgcsv.com/nvD2,2025-11-12T22:54:45.967,1,"<strong>Ability — Vital Cheer</strong>
<br>As long as this Pokémon is in play, the maximum HP of each of your Pokémon-GX that evolve from Eevee is increased by 60. You can't use more than 1 Vital Cheer Ability each turn.",,0.45,0.97,100.0,0.94,,Normal,42/236,Uncommon,Water,110,Stage 1,"[2W] Refreshing Rain (60)
<br>Heal 30 damage from each of your Pokémon.",,Gx2,None,1
201218,Vaporeon,Vaporeon,https://tcgplayer-cdn.tcgplayer.com/product/201218_200w.jpg,3,2534,https://cpt.tcgcsv.com/nvD2,2025-11-12T22:54:45.967,1,"<strong>Ability — Vital Cheer</strong>
<br>As long as this Pokémon is in play, the maximum HP of each of your Pokémon-GX that evolve from Eevee is increased by 60. You can't use more than 1 Vital Cheer Ability each turn.",,4.18,5.57,9.0,5.75,,Reverse Holofoil,42/236,Uncommon,Water,110,Stage 1,"[2W] Refreshing Rain (60)
<br>Heal 30 damage from each of your Pokémon.",,Gx2,None,1
201219,Sneasel,Sneasel,https://tcgplayer-cdn.tcgplayer.com/product/201219_200w.jpg,3,2534,https://cpt.tcgcsv.com/pvD2,2025-02-07T19:50:27.623,1,,,0.02,0.2,3.0,0.15,,Normal,43/236,Common,Water,70,Basic,"[D] Agility (10)
<br>Flip a coin. If heads, prevent all effects of attacks, including damage, done to this Pokémon during your opponent's next turn.",,Mx2,None,1
201219,Sneasel,Sneasel,https://tcgplayer-cdn.tcgplayer.com/product/201219_200w.jpg,3,2534,https://cpt.tcgcsv.com/pvD2,2025-02-07T19:50:27.623,1,,,0.14,0.32,10.0,0.29,,Reverse Holofoil,43/236,Common,Water,70,Basic,"[D] Agility (10)
<br>Flip a coin. If heads, prevent all effects of attacks, including damage, done to this Pokémon during your opponent's next turn.",,Mx2,None,1
201220,Weavile,Weavile,https://tcgplayer-cdn.tcgplayer.com/product/201220_200w.jpg,3,2534,https://cpt.tcgcsv.com/qvD2,2025-02-07T19:50:27.677,1,,,0.25,0.47,2.47,0.38,,Reverse Holofoil,44/236,Rare,Water,90,Stage 1,"[D] Nasty Plot
<br>Search your deck for up to 2 cards and put them into your hand. Then, shuffle your deck.",[1DD] Slashing Claw (110),Mx2,None,0
201220,Weavile,Weavile,https://tcgplayer-cdn.tcgplayer.com/product/201220_200w.jpg,3,2534,https://cpt.tcgcsv.com/qvD2,2025-02-07T19:50:27.677,1,,,0.12,0.28,10.0,0.27,,Normal,44/236,Rare,Water,90,Stage 1,"[D] Nasty Plot
<br>Search your deck for up to 2 cards and put them into your hand. Then, shuffle your deck.",[1DD] Slashing Claw (110),Mx2,None,0
201221,Wailmer,Wailmer,https://tcgplayer-cdn.tcgplayer.com/product/201221_200w.jpg,3,2534,https://cpt.tcgcsv.com/rvD2,2025-10-31T19:03:58.623,1,,,0.1,0.32,10.0,0.38,,Normal,45/236,Common,Water,120,Basic,[2] Wave Splash (30),,Gx2,None,3
201221,Wailmer,Wailmer,https://tcgplayer-cdn.tcgplayer.com/product/201221_200w.jpg,3,2534,https://cpt.tcgcsv.com/rvD2,2025-10-31T19:03:58.623,1,,,0.5,0.85,2.0,0.87,,Reverse Holofoil,45/236,Common,Water,120,Basic,[2] Wave Splash (30),,Gx2,None,3
201222,Wailord,Wailord,https://tcgplayer-cdn.tcgplayer.com/product/201222_200w.jpg,3,2534,https://cpt.tcgcsv.com/svD2,2025-11-12T22:55:55.943,1,,,0.2,0.35,1.51,0.33,0.31,Normal,46/236,Rare,Water,200,Stage 1,[2W] heavy Impact (90),[2WW] Hydro Splash (140),Gx2,None,4
201222,Wailord,Wailord,https://tcgplayer-cdn.tcgplayer.com/product/201222_200w.jpg,3,2534,https://cpt.tcgcsv.com/svD2,2025-11-12T22:55:55.943,1,,,0.3,0.72,2.5,0.7,0.7,Reverse Holofoil,46/236,Rare,Water,200,Stage 1,[2W] heavy Impact (90),[2WW] Hydro Splash (140),Gx2,None,4
201223,Snorunt,Snorunt,https://tcgplayer-cdn.tcgplayer.com/product/201223_200w.jpg,3,2534,https://cpt.tcgcsv.com/tvD2,2025-11-12T22:51:18.62,1,,,0.09,0.45,2.0,0.41,0.36,Reverse Holofoil,47/236,Common,Water,60,Basic,"[W] Continuous Headbutt (20x)
<br>Flip a coin until you get tails. This attack does 20 damage for each heads.",,Mx2,None,2
201223,Snorunt,Snorunt,https://tcgplayer-cdn.tcgplayer.com/product/201223_200w.jpg,3,2534,https://cpt.tcgcsv.com/tvD2,2025-11-12T22:51:18.62,1,,,0.03,0.21,10.0,0.21,,Normal,47/236,Common,Water,60,Basic,"[W] Continuous Headbutt (20x)
<br>Flip a coin until you get tails. This attack does 20 damage for each heads.",,Mx2,None,2
201224,Glalie,Glalie,https://tcgplayer-cdn.tcgplayer.com/product/201224_200w.jpg,3,2534,https://cpt.tcgcsv.com/vvD2,2019-10-30T14:33:29.697,1,,,0.15,0.28,1.49,0.26,,Normal,48/236,Rare,Water,120,Stage 1,"[W] Ice Fang (30)
<br>Flip a coin. If heads, your opponent's Active Pokémon is now Paralyzed. Then, discard an Energy from your opponent's Active Pokémon.","[2W] Frost Typhoon (120)
<br>This Pokémon can't use Frost Typhoon during your next turn.",Mx2,None,3
201224,Glalie,Glalie,https://tcgplayer-cdn.tcgplayer.com/product/201224_200w.jpg,3,2534,https://cpt.tcgcsv.com/vvD2,2019-10-30T14:33:29.697,1,,,0.23,0.52,10.0,0.51,,Reverse Holofoil,48/236,Rare,Water,120,Stage 1,"[W] Ice Fang (30)
<br>Flip a coin. If heads, your opponent's Active Pokémon is now Paralyzed. Then, discard an Energy from your opponent's Active Pokémon.","[2W] Frost Typhoon (120)
<br>This Pokémon can't use Frost Typhoon during your next turn.",Mx2,None,3
201225,Spheal - 49/236,Spheal 49 236,https://tcgplayer-cdn.tcgplayer.com/product/201225_200w.jpg,3,2534,https://cpt.tcgcsv.com/wvD2,2025-02-07T19:50:27.867,1,,,0.03,0.22,10.0,0.21,,Normal,49/236,Common,Water,60,Basic,[W] Rollout (10),[1W] Icy Snow (20),Mx2,None,2
201225,Spheal - 49/236,Spheal 49 236,https://tcgplayer-cdn.tcgplayer.com/product/201225_200w.jpg,3,2534,https://cpt.tcgcsv.com/wvD2,2025-02-07T19:50:27.867,1,,,0.25,0.46,10.0,0.44,,Reverse Holofoil,49/236,Common,Water,60,Basic,[W] Rollout (10),[1W] Icy Snow (20),Mx2,None,2
201226,Spheal - 50/236,Spheal 50 236,https://tcgplayer-cdn.tcgplayer.com/product/201226_200w.jpg,3,2534,https://cpt.tcgcsv.com/xvD2,2025-02-07T19:50:27.92,1,,,0.02,0.22,10.0,0.23,,Normal,50/236,Common,Water,70,Basic,"[2W] Body Slam (30)
<br>Flip a coin. If heads, your opponent's Active Pokémon is now Paralyzed.",,Mx2,None,2
201226,Spheal - 50/236,Spheal 50 236,https://tcgplayer-cdn.tcgplayer.com/product/201226_200w.jpg,3,2534,https://cpt.tcgcsv.com/xvD2,2025-02-07T19:50:27.92,1,,,0.18,0.35,10.0,0.31,,Reverse Holofoil,50/236,Common,Water,70,Basic,"[2W] Body Slam (30)
<br>Flip a coin. If heads, your opponent's Active Pokémon is now Paralyzed.",,Mx2,None,2
201227,Sealeo,Sealeo,https://tcgplayer-cdn.tcgplayer.com/product/201227_200w.jpg,3,2534,https://cpt.tcgcsv.com/zvD2,2025-02-07T19:50:33.093,1,,,0.02,0.25,10.0,0.24,,Normal,51/236,Uncommon,Water,100,Stage 1,[W] Rollout (20),[3W] Ice Ball (90),Mx2,None,3
201227,Sealeo,Sealeo,https://tcgplayer-cdn.tcgplayer.com/product/201227_200w.jpg,3,2534,https://cpt.tcgcsv.com/zvD2,2025-02-07T19:50:33.093,1,,,0.25,0.47,1.56,0.39,,Reverse Holofoil,51/236,Uncommon,Water,100,Stage 1,[W] Rollout (20),[3W] Ice Ball (90),Mx2,None,3
201228,Walrein,Walrein,https://tcgplayer-cdn.tcgplayer.com/product/201228_200w.jpg,3,2534,https://cpt.tcgcsv.com/BvD2,2022-03-22T19:05:40.803,1,,,0.1,0.29,10.0,0.25,0.25,Normal,52/236,Rare,Water,160,Stage 2,"[W] Cold Wave (60)
<br>Your opponent can't play any Trainer cards from their hand during their next turn. If 1 of your Pokémon used Cold Wave during your last turn, this attack can't be used.","[3W] Blizzard (120)
<br>This attack does 10 damage to each of your opponent's Benched Pokémon. <em>(Don't apply Weakness and Resistance for Benched Pokémon.)</em>",Mx2,None,4
201228,Walrein,Walrein,https://tcgplayer-cdn.tcgplayer.com/product/201228_200w.jpg,3,2534,https://cpt.tcgcsv.com/BvD2,2022-03-22T19:05:40.803,1,,,0.25,0.52,2.99,0.52,,Reverse Holofoil,52/236,Rare,Water,160,Stage 2,"[W] Cold Wave (60)
<br>Your opponent can't play any Trainer cards from their hand during their next turn. If 1 of your Pokémon used Cold Wave during your last turn, this attack can't be used.","[3W] Blizzard (120)
<br>This attack does 10 damage to each of your opponent's Benched Pokémon. <em>(Don't apply Weakness and Resistance for Benched Pokémon.)</em>",Mx2,None,4
201229,Kyogre,Kyogre,https://tcgplayer-cdn.tcgplayer.com/product/201229_200w.jpg,3,2534,https://cpt.tcgcsv.com/CvD2,2023-04-13T10:30:39.093,1,,,0.2,0.5,10.0,0.55,0.33,Normal,53/236,Rare,Water,130,Basic,"[1] High Tide
<br>Attach 2 Water Energy cards from your discard pile to 1 of your Pokémon.","[2WW] Swirl Wave (130)
<br>Discard an Energy from this Pokémon.",Gx2,None,3
201229,Kyogre,Kyogre,https://tcgplayer-cdn.tcgplayer.com/product/201229_200w.jpg,3,2534,https://cpt.tcgcsv.com/CvD2,2023-04-13T10:30:39.093,1,,,0.5,1.01,4.5,0.95,0.96,Reverse Holofoil,53/236,Rare,Water,130,Basic,"[1] High Tide
<br>Attach 2 Water Energy cards from your discard pile to 1 of your Pokémon.","[2WW] Swirl Wave (130)
<br>Discard an Energy from this Pokémon.",Gx2,None,3
201230,Piplup,Piplup,https://tcgplayer-cdn.tcgplayer.com/product/201230_200w.jpg,3,2534,https://cpt.tcgcsv.com/DvD2,2025-02-07T19:50:27.983,1,,,0.03,0.25,1.5,0.27,,Normal,54/236,Common,Water,60,Basic,"[WWW] Bubble Hold (80)
<br>If the Defending Pokémon is a Basic Pokémon, it can't attack during your opponent's next turn.",,Lx2,None,1
201230,Piplup,Piplup,https://tcgplayer-cdn.tcgplayer.com/product/201230_200w.jpg,3,2534,https://cpt.tcgcsv.com/DvD2,2025-02-07T19:50:27.983,1,,,0.25,0.47,10.0,0.47,,Reverse Holofoil,54/236,Common,Water,60,Basic,"[WWW] Bubble Hold (80)
<br>If the Defending Pokémon is a Basic Pokémon, it can't attack during your opponent's next turn.",,Lx2,None,1
201231,Prinplup,Prinplup,https://tcgplayer-cdn.tcgplayer.com/product/201231_200w.jpg,3,2534,https://cpt.tcgcsv.com/FvD2,2025-02-07T19:50:28.077,1,,,0.02,0.22,1.49,0.19,,Normal,55/236,Uncommon,Water,80,Stage 1,[W] Water Drip (20),"[WWW] Direct Dive
<br>Discard all Energy from this Pokémon. This attack does 100 damage to 1 of your opponent's Benched Pokémon. <em>(Don't apply Weakness and Resistance for Benched Pokémon.)</em>",Lx2,None,2
201231,Prinplup,Prinplup,https://tcgplayer-cdn.tcgplayer.com/product/201231_200w.jpg,3,2534,https://cpt.tcgcsv.com/FvD2,2025-02-07T19:50:28.077,1,,,0.2,0.5,10.0,0.47,,Reverse Holofoil,55/236,Uncommon,Water,80,Stage 1,[W] Water Drip (20),"[WWW] Direct Dive
<br>Discard all Energy from this Pokémon. This attack does 100 damage to 1 of your opponent's Benched Pokémon. <em>(Don't apply Weakness and Resistance for Benched Pokémon.)</em>",Lx2,None,2
201232,Empoleon,Empoleon,https://tcgplayer-cdn.tcgplayer.com/product/201232_200w.jpg,3,2534,https://cpt.tcgcsv.com/GvD2,2026-03-06T18:49:59.457,1,,,0.25,0.7,10.0,0.73,0.89,Reverse Holofoil,56/236,Rare,Water,160,Stage 2,"[1] Recall
<br>Choose 1 of this Pokémon's attacks from its previous Evolutions and use it as this attack.","[2] Aquafall (130)
<br>Discard all Energy from this Pokémon.",Lx2,None,2
201232,Empoleon,Empoleon,https://tcgplayer-cdn.tcgplayer.com/product/201232_200w.jpg,3,2534,https://cpt.tcgcsv.com/GvD2,2026-03-06T18:49:59.457,1,,,0.07,0.34,10.0,0.33,0.29,Normal,56/236,Rare,Water,160,Stage 2,"[1] Recall
<br>Choose 1 of this Pokémon's attacks from its previous Evolutions and use it as this attack.","[2] Aquafall (130)
<br>Discard all Energy from this Pokémon.",Lx2,None,2
201233,Phione,Phione,https://tcgplayer-cdn.tcgplayer.com/product/201233_200w.jpg,3,2534,https://cpt.tcgcsv.com/HvD2,2025-02-07T19:50:28.137,1,"<strong>Ability — Whirlpool Suction</strong>
<br>Once during your turn <em>(before your attack)</em>, if this Pokémon is on your Bench, you may have your opponent switch their Active Pokémon with 1 of their Benched Pokémon. If you do, discard all cards attached to this Pokémon and put it on the bottom of your deck.",,0.4,0.76,2.79,0.72,,Reverse Holofoil,57/236,Rare,Water,70,Basic,[W] Rain Splash (10),,Gx2,None,1
201233,Phione,Phione,https://tcgplayer-cdn.tcgplayer.com/product/201233_200w.jpg,3,2534,https://cpt.tcgcsv.com/HvD2,2025-02-07T19:50:28.137,1,"<strong>Ability — Whirlpool Suction</strong>
<br>Once during your turn <em>(before your attack)</em>, if this Pokémon is on your Bench, you may have your opponent switch their Active Pokémon with 1 of their Benched Pokémon. If you do, discard all cards attached to this Pokémon and put it on the bottom of your deck.",,0.2,0.38,2.49,0.32,,Normal,57/236,Rare,Water,70,Basic,[W] Rain Splash (10),,Gx2,None,1
201234,Tympole,Tympole,https://tcgplayer-cdn.tcgplayer.com/product/201234_200w.jpg,3,2534,https://cpt.tcgcsv.com/JvD2,2025-12-29T14:12:47.127,1,,,0.25,0.58,2.99,0.57,,Reverse Holofoil,58/236,Common,Water,60,Basic,"[1] Flail Around (10x)
<br>Flip 3 coins. This attack does 10 damage for each heads.",,Gx2,None,1
201234,Tympole,Tympole,https://tcgplayer-cdn.tcgplayer.com/product/201234_200w.jpg,3,2534,https://cpt.tcgcsv.com/JvD2,2025-12-29T14:12:47.127,1,,,0.05,0.28,10.0,0.29,,Normal,58/236,Common,Water,60,Basic,"[1] Flail Around (10x)
<br>Flip 3 coins. This attack does 10 damage for each heads.",,Gx2,None,1
201235,Ducklett,Ducklett,https://tcgplayer-cdn.tcgplayer.com/product/201235_200w.jpg,3,2534,https://cpt.tcgcsv.com/KvD2,2026-01-29T18:05:07.277,1,,,0.03,0.19,1.49,0.12,,Normal,59/236,Common,Water,60,Basic,"[2] Aerial Ace (10+)
<br>Flip a coin. If heads, this attack does 30 more damage.",,Lx2,F-20,1
201235,Ducklett,Ducklett,https://tcgplayer-cdn.tcgplayer.com/product/201235_200w.jpg,3,2534,https://cpt.tcgcsv.com/KvD2,2026-01-29T18:05:07.277,1,,,0.1,0.35,10.0,0.35,,Reverse Holofoil,59/236,Common,Water,60,Basic,"[2] Aerial Ace (10+)
<br>Flip a coin. If heads, this attack does 30 more damage.",,Lx2,F-20,1
201236,Swanna,Swanna,https://tcgplayer-cdn.tcgplayer.com/product/201236_200w.jpg,3,2534,https://cpt.tcgcsv.com/LvD2,2025-02-07T19:50:28.27,1,,,0.04,0.25,10.0,0.22,,Normal,60/236,Rare,Water,110,Stage 1,"[1] Tailwind
<br>Attach an Energy card from your hand to 1 of your Pokémon.","[2] Air Slash (70)
<br>Discard an Energy from this Pokémon.",Lx2,F-20,1
201236,Swanna,Swanna,https://tcgplayer-cdn.tcgplayer.com/product/201236_200w.jpg,3,2534,https://cpt.tcgcsv.com/LvD2,2025-02-07T19:50:28.27,1,,,0.1,0.43,1.49,0.43,,Reverse Holofoil,60/236,Rare,Water,110,Stage 1,"[1] Tailwind
<br>Attach an Energy card from your hand to 1 of your Pokémon.","[2] Air Slash (70)
<br>Discard an Energy from this Pokémon.",Lx2,F-20,1
201237,Black Kyurem,Black Kyurem,https://tcgplayer-cdn.tcgplayer.com/product/201237_200w.jpg,3,2534,https://cpt.tcgcsv.com/MvD2,2026-01-15T01:30:24.783,1,,,0.66,1.1,5.95,1.1,,Reverse Holofoil,61/236,Holo Rare,Water,130,Basic,"[2] Frozen Wings (30)
<br>Discard a Special Energy from your opponent's Active Pokémon.","[2W] Dazzling Blizzard (100+)
<br>If you have any Stadium card in play, this attack does 100 more damage.",Mx2,None,3
201237,Black Kyurem,Black Kyurem,https://tcgplayer-cdn.tcgplayer.com/product/201237_200w.jpg,3,2534,https://cpt.tcgcsv.com/MvD2,2026-01-15T01:30:24.783,1,,,0.49,1.26,2.33,1.3,1.25,Holofoil,61/236,Holo Rare,Water,130,Basic,"[2] Frozen Wings (30)
<br>Discard a Special Energy from your opponent's Active Pokémon.","[2W] Dazzling Blizzard (100+)
<br>If you have any Stadium card in play, this attack does 100 more damage.",Mx2,None,3
201238,Wishiwashi,Wishiwashi,https://tcgplayer-cdn.tcgplayer.com/product/201238_200w.jpg,3,2534,https://cpt.tcgcsv.com/NvD2,2021-11-10T14:34:35.99,1,"<strong>Ability — Scatter</strong>
<br>At the end of your opponent's turn, if this Pokémon has any damage counters on it, flip a coin. If tails, shuffle this Pokémon and all cards attached to it into your deck.",,1.77,2.75,3.99,2.75,2.89,Reverse Holofoil,62/236,Holo Rare,Water,180,Basic,[1WW] Hydro Splash (130),,Lx2,None,3
201238,Wishiwashi,Wishiwashi,https://tcgplayer-cdn.tcgplayer.com/product/201238_200w.jpg,3,2534,https://cpt.tcgcsv.com/NvD2,2021-11-10T14:34:35.99,1,"<strong>Ability — Scatter</strong>
<br>At the end of your opponent's turn, if this Pokémon has any damage counters on it, flip a coin. If tails, shuffle this Pokémon and all cards attached to it into your deck.",,1.95,2.25,3.59,2.08,1.97,Holofoil,62/236,Holo Rare,Water,180,Basic,[1WW] Hydro Splash (130),,Lx2,None,3
201239,Dewpider,Dewpider,https://tcgplayer-cdn.tcgplayer.com/product/201239_200w.jpg,3,2534,https://cpt.tcgcsv.com/PvD2,2025-02-07T19:50:28.367,1,,,0.02,0.17,10.0,0.15,0.08,Normal,64/236,Common,Water,60,Basic,[2] Ram (20),[2W] Wave Splash (40),Gx2,None,1
201239,Dewpider,Dewpider,https://tcgplayer-cdn.tcgplayer.com/product/201239_200w.jpg,3,2534,https://cpt.tcgcsv.com/PvD2,2025-02-07T19:50:28.367,1,,,0.1,0.35,10.0,0.28,0.27,Reverse Holofoil,64/236,Common,Water,60,Basic,[2] Ram (20),[2W] Wave Splash (40),Gx2,None,1
201240,Araquanid,Araquanid,https://tcgplayer-cdn.tcgplayer.com/product/201240_200w.jpg,3,2534,https://cpt.tcgcsv.com/QvD2,2025-02-07T19:50:28.46,1,,,0.07,0.26,10.0,0.26,,Normal,65/236,Uncommon,Water,100,Stage 1,[2] Headstrike (40),"[2W] Liquidation (80)
<br>During your next turn, the Defending Pokémon takes 60 more damage from attacks <em>(after applying Weakness and Resistance)</em>.",Gx2,None,2
201240,Araquanid,Araquanid,https://tcgplayer-cdn.tcgplayer.com/product/201240_200w.jpg,3,2534,https://cpt.tcgcsv.com/QvD2,2025-02-07T19:50:28.46,1,,,0.34,0.62,1.99,0.56,,Reverse Holofoil,65/236,Uncommon,Water,100,Stage 1,[2] Headstrike (40),"[2W] Liquidation (80)
<br>During your next turn, the Defending Pokémon takes 60 more damage from attacks <em>(after applying Weakness and Resistance)</em>.",Gx2,None,2
201241,Pikachu,Pikachu,https://tcgplayer-cdn.tcgplayer.com/product/201241_200w.jpg,3,2534,https://cpt.tcgcsv.com/RvD2,2025-11-25T17:19:26.183,1,,,0.47,0.99,10.0,0.87,0.87,Normal,66/236,Common,Lightning,70,Basic,"[L] Nuzzle
<br>Flip a coin. If heads, your opponent's Active Pokémon is now Paralyzed.","[1LL] Volt Tackle (70)
<br>This Pokémon does 10 damage to itself.",Fx2,M-20,1
201241,Pikachu,Pikachu,https://tcgplayer-cdn.tcgplayer.com/product/201241_200w.jpg,3,2534,https://cpt.tcgcsv.com/RvD2,2025-11-25T17:19:26.183,1,,,2.99,4.5,7.0,4.69,,Reverse Holofoil,66/236,Common,Lightning,70,Basic,"[L] Nuzzle
<br>Flip a coin. If heads, your opponent's Active Pokémon is now Paralyzed.","[1LL] Volt Tackle (70)
<br>This Pokémon does 10 damage to itself.",Fx2,M-20,1
201242,Magnemite,Magnemite,https://tcgplayer-cdn.tcgplayer.com/product/201242_200w.jpg,3,2534,https://cpt.tcgcsv.com/SvD2,2025-11-20T23:04:31.77,1,,,0.02,0.2,10.0,0.19,,Normal,68/236,Common,Lightning,60,Basic,"[L] Mirror Shot (10)
<br>If the Defending Pokémon tries to attack during your opponent's next turn, your opponent flips a coin. If tails, that attack does nothing.",,Fx2,M-20,1
201242,Magnemite,Magnemite,https://tcgplayer-cdn.tcgplayer.com/product/201242_200w.jpg,3,2534,https://cpt.tcgcsv.com/SvD2,2025-11-20T23:04:31.77,1,,,0.1,0.36,10.0,0.33,,Reverse Holofoil,68/236,Common,Lightning,60,Basic,"[L] Mirror Shot (10)
<br>If the Defending Pokémon tries to attack during your opponent's next turn, your opponent flips a coin. If tails, that attack does nothing.",,Fx2,M-20,1
201243,Magneton,Magneton,https://tcgplayer-cdn.tcgplayer.com/product/201243_200w.jpg,3,2534,https://cpt.tcgcsv.com/TvD2,2025-12-09T04:06:10.767,1,"<strong>Ability — Call Signal</strong>
<br>Once during your turn <em>(before your attack)</em>, you may search your deck for up to 3 Supporter cards, reveal them, and put them into your hand. Then, shuffle your deck. If you searched your deck in this way, this Pokemon is Knocked Out.",,0.65,1.0,89.0,0.92,0.68,Holofoil,69/236,Holo Rare,Lightning,80,Stage 1,[1LL] Magnetic Blast (50),,Fx2,M-20,2
201243,Magneton,Magneton,https://tcgplayer-cdn.tcgplayer.com/product/201243_200w.jpg,3,2534,https://cpt.tcgcsv.com/TvD2,2025-12-09T04:06:10.767,1,"<strong>Ability — Call Signal</strong>
<br>Once during your turn <em>(before your attack)</em>, you may search your deck for up to 3 Supporter cards, reveal them, and put them into your hand. Then, shuffle your deck. If you searched your deck in this way, this Pokemon is Knocked Out.",,0.8,1.29,4.0,1.31,0.89,Reverse Holofoil,69/236,Holo Rare,Lightning,80,Stage 1,[1LL] Magnetic Blast (50),,Fx2,M-20,2
201244,Jolteon,Jolteon,https://tcgplayer-cdn.tcgplayer.com/product/201244_200w.jpg,3,2534,https://cpt.tcgcsv.com/VvD2,2022-02-05T16:35:45.57,1,"<strong>Ability — Speed Cheer</strong>
<br>For each of your Pokémon-GX in play that evolves from Eevee, the attack cost is 1 less.",,0.2,0.5,10.0,0.5,0.51,Normal,70/236,Uncommon,Lightning,100,Stage 1,[1L] Head Bolt (70),,Fx2,M-20,1
201244,Jolteon,Jolteon,https://tcgplayer-cdn.tcgplayer.com/product/201244_200w.jpg,3,2534,https://cpt.tcgcsv.com/VvD2,2022-02-05T16:35:45.57,1,"<strong>Ability — Speed Cheer</strong>
<br>For each of your Pokémon-GX in play that evolves from Eevee, the attack cost is 1 less.",,1.65,2.04,6.0,2.1,,Reverse Holofoil,70/236,Uncommon,Lightning,100,Stage 1,[1L] Head Bolt (70),,Fx2,M-20,1
201245,Chinchou,Chinchou,https://tcgplayer-cdn.tcgplayer.com/product/201245_200w.jpg,3,2534,https://cpt.tcgcsv.com/WvD2,2025-02-07T19:50:28.683,1,,,0.08,0.31,1.49,0.3,0.23,Reverse Holofoil,71/236,Common,Lightning,60,Basic,[1] Scout,[L] Razor Fin (10),Fx2,M-20,1
201245,Chinchou,Chinchou,https://tcgplayer-cdn.tcgplayer.com/product/201245_200w.jpg,3,2534,https://cpt.tcgcsv.com/WvD2,2025-02-07T19:50:28.683,1,,,0.02,0.2,10.0,0.13,,Normal,71/236,Common,Lightning,60,Basic,[1] Scout,[L] Razor Fin (10),Fx2,M-20,1
201246,Lanturn,Lanturn,https://tcgplayer-cdn.tcgplayer.com/product/201246_200w.jpg,3,2534,https://cpt.tcgcsv.com/XvD2,2025-11-12T22:44:43.633,1,"<strong>Ability — Blinking Light</strong>
<br>As often as you like during your turn <em>(before your attack)</em>, you may look at the top card of your opponent's deck.",,0.22,0.48,2.31,0.44,0.44,Reverse Holofoil,72/236,Rare,Lightning,110,Stage 1,"[1L] Swirling Flow (50)
<br>You may have your opponent shuffle their deck.",,Fx2,M-20,2
201246,Lanturn,Lanturn,https://tcgplayer-cdn.tcgplayer.com/product/201246_200w.jpg,3,2534,https://cpt.tcgcsv.com/XvD2,2025-11-12T22:44:43.633,1,"<strong>Ability — Blinking Light</strong>
<br>As often as you like during your turn <em>(before your attack)</em>, you may look at the top card of your opponent's deck.",,0.15,0.29,1.49,0.29,,Normal,72/236,Rare,Lightning,110,Stage 1,"[1L] Swirling Flow (50)
<br>You may have your opponent shuffle their deck.",,Fx2,M-20,2
201247,Togedemaru - 73/236,Togedemaru 73 236,https://tcgplayer-cdn.tcgplayer.com/product/201247_200w.jpg,3,2534,https://cpt.tcgcsv.com/ZvD2,2026-02-04T18:52:20.91,1,,,0.4,0.75,1.99,0.76,0.99,Reverse Holofoil,73/236,Uncommon,Lightning,80,Basic,"[1] Call for Family
<br>Search your deck for up to 2 Basic Pokémon and put them onto your Bench. Then, shuffle your deck.","[L] Random Spark
<br>This attack does 20 damage to 1 of your opponent's Pokémon. <em>(Don't apply Weakness and Resistance for Benched Pokémon.)<em>",Fx2,M-20,1
201247,Togedemaru - 73/236,Togedemaru 73 236,https://tcgplayer-cdn.tcgplayer.com/product/201247_200w.jpg,3,2534,https://cpt.tcgcsv.com/ZvD2,2026-02-04T18:52:20.91,1,,,0.09,0.25,10.0,0.22,0.18,Normal,73/236,Uncommon,Lightning,80,Basic,"[1] Call for Family
<br>Search your deck for up to 2 Basic Pokémon and put them onto your Bench. Then, shuffle your deck.","[L] Random Spark
<br>This attack does 20 damage to 1 of your opponent's Pokémon. <em>(Don't apply Weakness and Resistance for Benched Pokémon.)<em>",Fx2,M-20,1
201248,Togedemaru - 74/236,Togedemaru 74 236,https://tcgplayer-cdn.tcgplayer.com/product/201248_200w.jpg,3,2534,https://cpt.tcgcsv.com/-vD2,2025-11-21T22:27:30.987,1,,,0.02,0.2,10.0,0.14,0.13,Normal,74/236,Common,Lightning,70,Basic,"[1L] Thunder Shock (30)
<br>Flip a coin. If heads, your opponent's Active Pokémon is now Paralyzed.",,Fx2,M-20,1
201248,Togedemaru - 74/236,Togedemaru 74 236,https://tcgplayer-cdn.tcgplayer.com/product/201248_200w.jpg,3,2534,https://cpt.tcgcsv.com/-vD2,2025-11-21T22:27:30.987,1,,,0.11,0.32,2.99,0.32,0.25,Reverse Holofoil,74/236,Common,Lightning,70,Basic,"[1L] Thunder Shock (30)
<br>Flip a coin. If heads, your opponent's Active Pokémon is now Paralyzed.",,Fx2,M-20,1
201249,Solgaleo & Lunala GX,Solgaleo and Lunala GX,https://tcgplayer-cdn.tcgplayer.com/product/201249_200w.jpg,3,2534,https://cpt.tcgcsv.com/_vD2,2026-02-10T23:14:20.953,1,,,24.3,35.1,4321.0,30.76,32.0,Holofoil,75/236,Ultra Rare,Psychic,270,Basic,"[1PPP] Cosmic Burn (230)
<br>This Pokémon can't use Cosmic Burn during your next turn.","<span style=""color:Teal""><strong>[1PP+] Light of the Protector GX (200)</strong>
<br>If you played Lillie's Full Force from your hand during this turn, prevent all effects of attacks, including damage, done to each of your Pokémon during your opponent's next turn. <em>(You can't use more than 1 GX attack in a game.)</em></span>",Px2,None,2
201250,Solgaleo & Lunala GX (Full Art),Solgaleo and Lunala GX Full Art,https://tcgplayer-cdn.tcgplayer.com/product/201250_200w.jpg,3,2534,https://cpt.tcgcsv.com/0wD2,2025-03-24T14:42:23.013,1,,,259.68,327.23,699.69,314.46,263.37,Holofoil,216/236,Ultra Rare,Psychic,270,Basic,"[1PPP] Cosmic Burn (230)
<br>This Pokémon can't use Cosmic Burn during your next turn.","<span style=""color:Teal""><strong>[1PP+] Light of the Protector GX (200)</strong>
<br>If you played Lillie's Full Force from your hand during this turn, prevent all effects of attacks, including damage, done to each of your Pokémon during your opponent's next turn. <em>(You can't use more than 1 GX attack in a game.)</em></span>",Px2,None,2
201251,Koffing,Koffing,https://tcgplayer-cdn.tcgplayer.com/product/201251_200w.jpg,3,2534,https://cpt.tcgcsv.com/2wD2,2025-02-07T19:50:28.907,1,"<strong>Ability — Blow-Away Bomb</strong>
<br>Once during your turn <em>(before your attack)</em>, if this Pokémon is discarded by the effect of Roxie, put 1 damage counter on each of your opponent's Pokémon. (Apply the effect of Roxie first.)",,0.17,0.34,10.0,0.34,,Reverse Holofoil,76/236,Common,Psychic,60,Basic,"[1P] Poison Gas (10)
<br>Your opponent's Active Pokémon is now Poisoned.",,Px2,None,1
201251,Koffing,Koffing,https://tcgplayer-cdn.tcgplayer.com/product/201251_200w.jpg,3,2534,https://cpt.tcgcsv.com/2wD2,2025-02-07T19:50:28.907,1,"<strong>Ability — Blow-Away Bomb</strong>
<br>Once during your turn <em>(before your attack)</em>, if this Pokémon is discarded by the effect of Roxie, put 1 damage counter on each of your opponent's Pokémon. (Apply the effect of Roxie first.)",,0.02,0.2,10.0,0.14,,Normal,76/236,Common,Psychic,60,Basic,"[1P] Poison Gas (10)
<br>Your opponent's Active Pokémon is now Poisoned.",,Px2,None,1
201252,Weezing,Weezing,https://tcgplayer-cdn.tcgplayer.com/product/201252_200w.jpg,3,2534,https://cpt.tcgcsv.com/3wD2,2025-11-25T18:05:30.31,1,"<strong>Ability — Blow-Away Bomb</strong>
<br>Once during your turn <em>(before your attack)</em>, if this Pokémon is discarded by the effect of Roxie, put 1 damage counter on each of your opponent's Pokémon. (Apply the effect of Roxie first.)",,0.25,0.64,75.0,0.6,0.99,Reverse Holofoil,77/236,Rare,Psychic,100,Stage 1,"[1P] Balloon Burst (90)
<br>Discard this Pokémon and all cards attached to it.",,Px2,None,2
201252,Weezing,Weezing,https://tcgplayer-cdn.tcgplayer.com/product/201252_200w.jpg,3,2534,https://cpt.tcgcsv.com/3wD2,2025-11-25T18:05:30.31,1,"<strong>Ability — Blow-Away Bomb</strong>
<br>Once during your turn <em>(before your attack)</em>, if this Pokémon is discarded by the effect of Roxie, put 1 damage counter on each of your opponent's Pokémon. (Apply the effect of Roxie first.)",,0.19,0.35,10.0,0.34,0.34,Normal,77/236,Rare,Psychic,100,Stage 1,"[1P] Balloon Burst (90)
<br>Discard this Pokémon and all cards attached to it.",,Px2,None,2
201253,Natu,Natu,https://tcgplayer-cdn.tcgplayer.com/product/201253_200w.jpg,3,2534,https://cpt.tcgcsv.com/5wD2,2025-02-07T19:50:28.97,1,,,0.02,0.2,10.0,0.15,,Normal,78/236,Common,Psychic,60,Basic,"[P] Future Sight
<br>Look at the top 4 cards of either player's deck and put them back in any order.",,Lx2,F-20,1
201253,Natu,Natu,https://tcgplayer-cdn.tcgplayer.com/product/201253_200w.jpg,3,2534,https://cpt.tcgcsv.com/5wD2,2025-02-07T19:50:28.97,1,,,0.15,0.36,2.0,0.34,0.34,Reverse Holofoil,78/236,Common,Psychic,60,Basic,"[P] Future Sight
<br>Look at the top 4 cards of either player's deck and put them back in any order.",,Lx2,F-20,1
201254,Xatu,Xatu,https://tcgplayer-cdn.tcgplayer.com/product/201254_200w.jpg,3,2534,https://cpt.tcgcsv.com/6wD2,2026-02-04T18:50:50.677,1,,,0.1,0.46,2.99,0.44,0.49,Reverse Holofoil,79/236,Rare,Psychic,80,Stage 1,"[P] Creepy Wind
<br>Your opponent's Active Pokémon is now Confused.","[1P] Life Drain
<br>Flip a coin. If heads, put damage counters on your opponent's Active Pokémon until its remaining HP is 10.",Lx2,F-20,2
201254,Xatu,Xatu,https://tcgplayer-cdn.tcgplayer.com/product/201254_200w.jpg,3,2534,https://cpt.tcgcsv.com/6wD2,2026-02-04T18:50:50.677,1,,,0.12,0.29,10.0,0.28,,Normal,79/236,Rare,Psychic,80,Stage 1,"[P] Creepy Wind
<br>Your opponent's Active Pokémon is now Confused.","[1P] Life Drain
<br>Flip a coin. If heads, put damage counters on your opponent's Active Pokémon until its remaining HP is 10.",Lx2,F-20,2
201255,Ralts,Ralts,https://tcgplayer-cdn.tcgplayer.com/product/201255_200w.jpg,3,2534,https://cpt.tcgcsv.com/7wD2,2025-02-07T19:50:29.097,1,,,0.19,0.49,1.49,0.52,,Reverse Holofoil,80/236,Common,Psychic,60,Basic,"[1] Teleport
<br>Switch this Pokémon with 1 of your Benched Pokémon.",[1] Ram (10),Px2,None,1
201255,Ralts,Ralts,https://tcgplayer-cdn.tcgplayer.com/product/201255_200w.jpg,3,2534,https://cpt.tcgcsv.com/7wD2,2025-02-07T19:50:29.097,1,,,0.09,0.24,10.0,0.21,,Normal,80/236,Common,Psychic,60,Basic,"[1] Teleport
<br>Switch this Pokémon with 1 of your Benched Pokémon.",[1] Ram (10),Px2,None,1
201256,Kirlia,Kirlia,https://tcgplayer-cdn.tcgplayer.com/product/201256_200w.jpg,3,2534,https://cpt.tcgcsv.com/8wD2,2025-11-12T22:44:09.593,1,,,0.35,1.02,2.0,1.25,,Reverse Holofoil,81/236,Uncommon,Psychic,80,Stage 1,"[1] Hypnosis
<br>Your opponent's Active Pokémon is now Asleep.",[2] Spiral Kick (20),Px2,None,1
201256,Kirlia,Kirlia,https://tcgplayer-cdn.tcgplayer.com/product/201256_200w.jpg,3,2534,https://cpt.tcgcsv.com/8wD2,2025-11-12T22:44:09.593,1,,,0.14,0.26,10.0,0.26,,Normal,81/236,Uncommon,Psychic,80,Stage 1,"[1] Hypnosis
<br>Your opponent's Active Pokémon is now Asleep.",[2] Spiral Kick (20),Px2,None,1
201257,Gallade,Gallade,https://tcgplayer-cdn.tcgplayer.com/product/201257_200w.jpg,3,2534,https://cpt.tcgcsv.com/9wD2,2025-11-12T22:42:46.94,1,"<strong>Ability — Double Type</strong>
<br>As long as this Pokémon is in play, it is Psychic and Fighting type.",,0.61,0.86,3.95,0.78,,Reverse Holofoil,82/236,Holo Rare,Psychic,160,Stage 2,"[2] Power Cyclone (120)
<br>Move an Energy from this Pokémon to 1 of your Benched Pokémon.",,Px2,None,2
201257,Gallade,Gallade,https://tcgplayer-cdn.tcgplayer.com/product/201257_200w.jpg,3,2534,https://cpt.tcgcsv.com/9wD2,2025-11-12T22:42:46.94,1,"<strong>Ability — Double Type</strong>
<br>As long as this Pokémon is in play, it is Psychic and Fighting type.",,0.45,0.75,3.95,0.75,0.97,Holofoil,82/236,Holo Rare,Psychic,160,Stage 2,"[2] Power Cyclone (120)
<br>Move an Energy from this Pokémon to 1 of your Benched Pokémon.",,Px2,None,2
201258,Duskull,Duskull,https://tcgplayer-cdn.tcgplayer.com/product/201258_200w.jpg,3,2534,https://cpt.tcgcsv.com/bwD2,2025-02-07T19:50:29.297,1,"<strong>Ability — Spiritborne Evolution</strong>
<br>Once during your turn <em>(before your attack)</em>, you may discard 3 cards from your hand. If you do, search your deck for a card that evolves from this Pokémon and put it onto this Pokémon to evolve it. Then, shuffle your deck.",,0.25,0.49,10.0,0.44,,Reverse Holofoil,83/236,Common,Psychic,40,Basic,"[P] Ominous Eyes
<br>Put 2 damage counters on 1 of your opponent's Pokémon.",,Dx2,F-20,1
201258,Duskull,Duskull,https://tcgplayer-cdn.tcgplayer.com/product/201258_200w.jpg,3,2534,https://cpt.tcgcsv.com/bwD2,2025-02-07T19:50:29.297,1,"<strong>Ability — Spiritborne Evolution</strong>
<br>Once during your turn <em>(before your attack)</em>, you may discard 3 cards from your hand. If you do, search your deck for a card that evolves from this Pokémon and put it onto this Pokémon to evolve it. Then, shuffle your deck.",,0.09,0.2,2.0,0.19,,Normal,83/236,Common,Psychic,40,Basic,"[P] Ominous Eyes
<br>Put 2 damage counters on 1 of your opponent's Pokémon.",,Dx2,F-20,1
201259,Dusclops,Dusclops,https://tcgplayer-cdn.tcgplayer.com/product/201259_200w.jpg,3,2534,https://cpt.tcgcsv.com/cwD2,2025-02-07T19:50:29.773,1,,,0.14,0.47,1.99,0.46,,Reverse Holofoil,84/236,Uncommon,Psychic,90,Stage 1,"[P] Disable (20)
<br>Choose 1 of your opponent's Active Pokémon's attacks. That Pokémon can't use that attack during your opponent's next turn.",,Dx2,F-20,3
201259,Dusclops,Dusclops,https://tcgplayer-cdn.tcgplayer.com/product/201259_200w.jpg,3,2534,https://cpt.tcgcsv.com/cwD2,2025-02-07T19:50:29.773,1,,,0.03,0.2,10.0,0.16,,Normal,84/236,Uncommon,Psychic,90,Stage 1,"[P] Disable (20)
<br>Choose 1 of your opponent's Active Pokémon's attacks. That Pokémon can't use that attack during your opponent's next turn.",,Dx2,F-20,3
201260,Rotom,Rotom,https://tcgplayer-cdn.tcgplayer.com/product/201260_200w.jpg,3,2534,https://cpt.tcgcsv.com/dwD2,2025-02-07T19:50:29.85,1,,,0.03,0.23,10.0,0.2,,Normal,86/236,Uncommon,Psychic,70,Basic,"[1] Cycle Draw
<br>Discard a card from your hand. Then, draw 2 cards.","[P] Energy Assist
<br>Attach 2 basic Energy cards from your discard pile to your Benched Pokémon in any way you like.",Dx2,F-20,1
201260,Rotom,Rotom,https://tcgplayer-cdn.tcgplayer.com/product/201260_200w.jpg,3,2534,https://cpt.tcgcsv.com/dwD2,2025-02-07T19:50:29.85,1,,,0.29,0.51,1.99,0.51,,Reverse Holofoil,86/236,Uncommon,Psychic,70,Basic,"[1] Cycle Draw
<br>Discard a card from your hand. Then, draw 2 cards.","[P] Energy Assist
<br>Attach 2 basic Energy cards from your discard pile to your Benched Pokémon in any way you like.",Dx2,F-20,1
201261,Woobat,Woobat,https://tcgplayer-cdn.tcgplayer.com/product/201261_200w.jpg,3,2534,https://cpt.tcgcsv.com/fwD2,2025-11-20T23:08:25.773,1,,,0.02,0.2,1.49,0.16,,Normal,87/236,Common,Psychic,60,Basic,"[1] Nose Cling
<br>The Defending Pokémon can't retreat during your opponent's next turn.","[P] Air Cutter (30)
<br>Flip a coin. If tails, this attack does nothing.",Lx2,F-20,1
201261,Woobat,Woobat,https://tcgplayer-cdn.tcgplayer.com/product/201261_200w.jpg,3,2534,https://cpt.tcgcsv.com/fwD2,2025-11-20T23:08:25.773,1,,,0.11,0.35,10.0,0.34,0.35,Reverse Holofoil,87/236,Common,Psychic,60,Basic,"[1] Nose Cling
<br>The Defending Pokémon can't retreat during your opponent's next turn.","[P] Air Cutter (30)
<br>Flip a coin. If tails, this attack does nothing.",Lx2,F-20,1
201262,Swoobat,Swoobat,https://tcgplayer-cdn.tcgplayer.com/product/201262_200w.jpg,3,2534,https://cpt.tcgcsv.com/gwD2,2025-12-11T21:50:17.787,1,,,0.1,0.42,10.0,0.44,,Normal,88/236,Rare,Psychic,90,Stage 1,"[1] Supersonic
<br>Your opponent's Active Pokémon is now Confused.","[P] Charm Stamp
<br>Your opponent chooses 1 of their Pokémon. This attack does 90 damage to that Pokémon. <em>(Don't apply Weakness and Resistance for Benched Pokémon.)<?em>",Lx2,F-20,1
201262,Swoobat,Swoobat,https://tcgplayer-cdn.tcgplayer.com/product/201262_200w.jpg,3,2534,https://cpt.tcgcsv.com/gwD2,2025-12-11T21:50:17.787,1,,,0.35,0.78,1.99,0.77,,Reverse Holofoil,88/236,Rare,Psychic,90,Stage 1,"[1] Supersonic
<br>Your opponent's Active Pokémon is now Confused.","[P] Charm Stamp
<br>Your opponent chooses 1 of their Pokémon. This attack does 90 damage to that Pokémon. <em>(Don't apply Weakness and Resistance for Benched Pokémon.)<?em>",Lx2,F-20,1
201263,Golett,Golett,https://tcgplayer-cdn.tcgplayer.com/product/201263_200w.jpg,3,2534,https://cpt.tcgcsv.com/hwD2,2025-02-07T19:50:29.93,1,,,0.02,0.18,10.0,0.13,,Normal,89/236,Common,Psychic,90,Basic,"[P] Return (10)
<br>You may draw cards until you have 5 cards in your hand.",,Mx2,F-20,3
201263,Golett,Golett,https://tcgplayer-cdn.tcgplayer.com/product/201263_200w.jpg,3,2534,https://cpt.tcgcsv.com/hwD2,2025-02-07T19:50:29.93,1,,,0.1,0.33,10.0,0.33,,Reverse Holofoil,89/236,Common,Psychic,90,Basic,"[P] Return (10)
<br>You may draw cards until you have 5 cards in your hand.",,Mx2,F-20,3
201264,Golurk,Golurk,https://tcgplayer-cdn.tcgplayer.com/product/201264_200w.jpg,3,2534,https://cpt.tcgcsv.com/jwD2,2025-02-07T19:50:30.007,1,,,0.25,0.52,2.5,0.52,,Reverse Holofoil,90/236,Rare,Psychic,140,Stage 1,"[P] Rock Tumble (40)
<br>This attack's damage isn't affected by Resistance.","[2] Ancient Fist (160)
<br>If you have a Supporter card in your discard pile, this attack does nothing.",Mx2,F-20,4
201264,Golurk,Golurk,https://tcgplayer-cdn.tcgplayer.com/product/201264_200w.jpg,3,2534,https://cpt.tcgcsv.com/jwD2,2025-02-07T19:50:30.007,1,,,0.1,0.25,10.0,0.25,,Normal,90/236,Rare,Psychic,140,Stage 1,"[P] Rock Tumble (40)
<br>This attack's damage isn't affected by Resistance.","[2] Ancient Fist (160)
<br>If you have a Supporter card in your discard pile, this attack does nothing.",Mx2,F-20,4
201265,Skrelp,Skrelp,https://tcgplayer-cdn.tcgplayer.com/product/201265_200w.jpg,3,2534,https://cpt.tcgcsv.com/kwD2,2025-11-25T17:23:22.997,1,,,0.15,0.38,10.0,0.36,0.3,Reverse Holofoil,91/236,Common,Psychic,60,Basic,"[P] Poison Breath
<br>Your opponent's Active Pokémon is now Poisoned.",,Px2,None,2
201265,Skrelp,Skrelp,https://tcgplayer-cdn.tcgplayer.com/product/201265_200w.jpg,3,2534,https://cpt.tcgcsv.com/kwD2,2025-11-25T17:23:22.997,1,,,0.03,0.2,10.0,0.16,0.15,Normal,91/236,Common,Psychic,60,Basic,"[P] Poison Breath
<br>Your opponent's Active Pokémon is now Poisoned.",,Px2,None,2
201266,Dragalge,Dragalge,https://tcgplayer-cdn.tcgplayer.com/product/201266_200w.jpg,3,2534,https://cpt.tcgcsv.com/lwD2,2025-02-07T19:50:30.203,1,,,0.5,0.76,1.95,0.66,,Reverse Holofoil,92/236,Rare,Psychic,120,Stage 1,"[P] Poison Cultivation
<br>If your opponent's Active Pokémon is Poisoned, put 10 damage counters instead of 1 on that Pokémon between turns.",[P] Sharp Fin (40),Px2,None,1
201266,Dragalge,Dragalge,https://tcgplayer-cdn.tcgplayer.com/product/201266_200w.jpg,3,2534,https://cpt.tcgcsv.com/lwD2,2025-02-07T19:50:30.203,1,,,0.22,0.35,10.0,0.35,,Normal,92/236,Rare,Psychic,120,Stage 1,"[P] Poison Cultivation
<br>If your opponent's Active Pokémon is Poisoned, put 10 damage counters instead of 1 on that Pokémon between turns.",[P] Sharp Fin (40),Px2,None,1
201267,Phantump,Phantump,https://tcgplayer-cdn.tcgplayer.com/product/201267_200w.jpg,3,2534,https://cpt.tcgcsv.com/mwD2,2025-02-07T19:50:30.267,1,,,0.15,0.35,10.0,0.34,,Reverse Holofoil,93/236,Common,Psychic,60,Basic,[1] Mumble (10),[1P] Spooky Shot (20),Dx2,F-20,1
201267,Phantump,Phantump,https://tcgplayer-cdn.tcgplayer.com/product/201267_200w.jpg,3,2534,https://cpt.tcgcsv.com/mwD2,2025-02-07T19:50:30.267,1,,,0.03,0.2,10.0,0.15,,Normal,93/236,Common,Psychic,60,Basic,[1] Mumble (10),[1P] Spooky Shot (20),Dx2,F-20,1
201268,Trevenant,Trevenant,https://tcgplayer-cdn.tcgplayer.com/product/201268_200w.jpg,3,2534,https://cpt.tcgcsv.com/nwD2,2025-02-07T19:50:30.33,1,,,0.2,0.47,2.5,0.39,,Reverse Holofoil,94/236,Rare,Psychic,120,Stage 1,"[1] Perplexing Forest (20)
<br>You may have your opponent switch their Active Pokémon with 1 of their Benched Pokémon.","[2P] Shadow Impact (120)
<br>Put 4 damage counters on 1 of your Pokémon.",Dx2,F-20,2
201268,Trevenant,Trevenant,https://tcgplayer-cdn.tcgplayer.com/product/201268_200w.jpg,3,2534,https://cpt.tcgcsv.com/nwD2,2025-02-07T19:50:30.33,1,,,0.09,0.25,4.03,0.25,,Normal,94/236,Rare,Psychic,120,Stage 1,"[1] Perplexing Forest (20)
<br>You may have your opponent switch their Active Pokémon with 1 of their Benched Pokémon.","[2P] Shadow Impact (120)
<br>Put 4 damage counters on 1 of your Pokémon.",Dx2,F-20,2
201269,Oricorio GX,Oricorio GX,https://tcgplayer-cdn.tcgplayer.com/product/201269_200w.jpg,3,2534,https://cpt.tcgcsv.com/pwD2,2022-08-22T20:01:31.42,0,"<strong>Ability — Dance of Tribute</strong>
<br>If 1 of your Pokémon was Knocked Out during your opponent's last turn, once during your turn <em>(before your attack)</em>, you may draw 3 cards. You can't use more than 1 Tribute Dance Ability each turn.",,0.99,2.07,9.95,2.07,2.07,Holofoil,95/236,Ultra Rare,Psychic,170,Basic,[2P] Razor Wing (80),"<span style=""color:Teal""><strong>[2P] Strafe GX (100)</strong>
<br>You may switch this Pokémon with 1 of your Benched Pokémon. <em>(You can't use more than 1 GX attack in a game.)</em></span>",Dx2,F-20,1
201270,Oricorio GX (Full Art),Oricorio GX Full Art,https://tcgplayer-cdn.tcgplayer.com/product/201270_200w.jpg,3,2534,https://cpt.tcgcsv.com/qwD2,2024-08-15T19:15:03.26,1,"<strong>Ability — Dance of Tribute</strong>
<br>If 1 of your Pokémon was Knocked Out during your opponent's last turn, once during your turn <em>(before your attack)</em>, you may draw 3 cards. You can't use more than 1 Tribute Dance Ability each turn.",,4.25,6.05,29.95,5.17,,Holofoil,217/236,Ultra Rare,Psychic,170,Basic,[2P] Razor Wing (80),"<span style=""color:Teal""><strong>[2P] Strafe GX (100)</strong>
<br>You may switch this Pokémon with 1 of your Benched Pokémon. <em>(You can't use more than 1 GX attack in a game.)</em></span>",Dx2,F-20,1
201271,Mimikyu (96),Mimikyu 96,https://tcgplayer-cdn.tcgplayer.com/product/201271_200w.jpg,3,2534,https://cpt.tcgcsv.com/rwD2,2025-10-31T19:03:58.5,1,,,9.14,11.99,19.99,10.76,11.84,Reverse Holofoil,96/236,Uncommon,Psychic,70,Basic,"[1] Impersonate
<br>Discard a Supporter card from your hand and use the effect of that card as the effect of this attack.","[P] Mischievous Hands
<br>Put 2 damage counters on 2 of your opponent's Pokémon.",None,None,1
201271,Mimikyu (96),Mimikyu 96,https://tcgplayer-cdn.tcgplayer.com/product/201271_200w.jpg,3,2534,https://cpt.tcgcsv.com/rwD2,2025-10-31T19:03:58.5,1,,,0.4,1.47,3.5,1.43,1.72,Normal,96/236,Uncommon,Psychic,70,Basic,"[1] Impersonate
<br>Discard a Supporter card from your hand and use the effect of that card as the effect of this attack.","[P] Mischievous Hands
<br>Put 2 damage counters on 2 of your opponent's Pokémon.",None,None,1
201272,Mimikyu (97),Mimikyu 97,https://tcgplayer-cdn.tcgplayer.com/product/201272_200w.jpg,3,2534,https://cpt.tcgcsv.com/swD2,2021-08-12T18:16:05.757,1,"<strong>Ability — Shadow Box</strong>
<br>As long as this Pokémon is in play, each player's Pokémon-GX that has any damage counters on it has no Abilities.",,1.5,6.48,10.86,6.64,,Normal,97/236,Rare,Psychic,70,Basic,"[2] Tail Trickery (20)
<br>Flip a coin. If heads, your opponent's Active Pokémon is now Confused.",,None,None,1
201272,Mimikyu (97),Mimikyu 97,https://tcgplayer-cdn.tcgplayer.com/product/201272_200w.jpg,3,2534,https://cpt.tcgcsv.com/swD2,2021-08-12T18:16:05.757,1,"<strong>Ability — Shadow Box</strong>
<br>As long as this Pokémon is in play, each player's Pokémon-GX that has any damage counters on it has no Abilities.",,9.87,19.47,99.99,13.65,,Reverse Holofoil,97/236,Rare,Psychic,70,Basic,"[2] Tail Trickery (20)
<br>Flip a coin. If heads, your opponent's Active Pokémon is now Confused.",,None,None,1
201273,Dhelmise,Dhelmise,https://tcgplayer-cdn.tcgplayer.com/product/201273_200w.jpg,3,2534,https://cpt.tcgcsv.com/twD2,2025-02-07T19:50:30.39,1,,,0.23,0.47,1.49,0.32,,Reverse Holofoil,98/236,Uncommon,Psychic,130,Basic,"[1] Seaweed Grab
<br>Put a Trainer card from your discard pile into your hand.","[1PP] Buster Swing (100)
<br>This attack's damage isn't affected by Resistance.",Dx2,F-20,3
201273,Dhelmise,Dhelmise,https://tcgplayer-cdn.tcgplayer.com/product/201273_200w.jpg,3,2534,https://cpt.tcgcsv.com/twD2,2025-02-07T19:50:30.39,1,,,0.03,0.2,10.0,0.13,,Normal,98/236,Uncommon,Psychic,130,Basic,"[1] Seaweed Grab
<br>Put a Trainer card from your discard pile into your hand.","[1PP] Buster Swing (100)
<br>This attack's damage isn't affected by Resistance.",Dx2,F-20,3
201274,Cosmog - 99/236,Cosmog 99 236,https://tcgplayer-cdn.tcgplayer.com/product/201274_200w.jpg,3,2534,https://cpt.tcgcsv.com/vwD2,2025-02-07T19:50:30.46,1,,,0.04,0.2,10.0,0.17,0.15,Normal,99/236,Common,Psychic,50,Basic,"[P] Ascension
<br>Search your deck for a card that evolves from this Pokémon and put it onto this Pokémon to evolve it. Then, shuffle your deck.",,Px2,None,1
201274,Cosmog - 99/236,Cosmog 99 236,https://tcgplayer-cdn.tcgplayer.com/product/201274_200w.jpg,3,2534,https://cpt.tcgcsv.com/vwD2,2025-02-07T19:50:30.46,1,,,0.16,0.34,10.0,0.34,,Reverse Holofoil,99/236,Common,Psychic,50,Basic,"[P] Ascension
<br>Search your deck for a card that evolves from this Pokémon and put it onto this Pokémon to evolve it. Then, shuffle your deck.",,Px2,None,1
201275,Cosmog - 100/236,Cosmog 100 236,https://tcgplayer-cdn.tcgplayer.com/product/201275_200w.jpg,3,2534,https://cpt.tcgcsv.com/wwD2,2025-02-18T11:39:04.543,1,"<strong>Ability — Unaware</strong>
<br>Prevent all effects of your opponent's attacks, except damage, done to this Pokémon.",,0.18,0.34,10.0,0.34,0.3,Reverse Holofoil,100/236,Common,Psychic,60,Basic,"[1] Surprise Attack (10)
<br>Flip a coin. If tails, this attack does nothing.",,Px2,None,1
201275,Cosmog - 100/236,Cosmog 100 236,https://tcgplayer-cdn.tcgplayer.com/product/201275_200w.jpg,3,2534,https://cpt.tcgcsv.com/wwD2,2025-02-18T11:39:04.543,1,"<strong>Ability — Unaware</strong>
<br>Prevent all effects of your opponent's attacks, except damage, done to this Pokémon.",,0.02,0.21,10.0,0.22,0.19,Normal,100/236,Common,Psychic,60,Basic,"[1] Surprise Attack (10)
<br>Flip a coin. If tails, this attack does nothing.",,Px2,None,1
201276,Cosmoem,Cosmoem,https://tcgplayer-cdn.tcgplayer.com/product/201276_200w.jpg,3,2534,https://cpt.tcgcsv.com/xwD2,2020-07-20T18:57:39.24,1,,,0.05,0.23,10.0,0.22,,Normal,101/236,Uncommon,Psychic,90,Stage 1,"[1] Stiffen
<br>During your opponent's next turn, this Pokémon takes 40 less damage from attacks <em>(after applying Weakness and Resistance)</em>.",,Px2,None,3
201276,Cosmoem,Cosmoem,https://tcgplayer-cdn.tcgplayer.com/product/201276_200w.jpg,3,2534,https://cpt.tcgcsv.com/xwD2,2020-07-20T18:57:39.24,1,,,0.3,0.54,1.99,0.54,0.51,Reverse Holofoil,101/236,Uncommon,Psychic,90,Stage 1,"[1] Stiffen
<br>During your opponent's next turn, this Pokémon takes 40 less damage from attacks <em>(after applying Weakness and Resistance)</em>.",,Px2,None,3
201277,Lunala,Lunala,https://tcgplayer-cdn.tcgplayer.com/product/201277_200w.jpg,3,2534,https://cpt.tcgcsv.com/zwD2,2025-11-25T17:15:22.663,1,"<strong>Ability — Blessing of the Moone</strong>
<br>Once during your turn <em>(before your attack)</em>, if you have Solgaleo in play, you may search your deck for up to 2 Energy cards and attach them to your Solgaleo and Lunala in any way you like. Then, shuffle your deck.",,0.65,1.03,2.99,1.31,,Holofoil,102/236,Holo Rare,Psychic,160,Stage 2,[1PP] Lunar Blast (130),,Dx2,F-20,2
201277,Lunala,Lunala,https://tcgplayer-cdn.tcgplayer.com/product/201277_200w.jpg,3,2534,https://cpt.tcgcsv.com/zwD2,2025-11-25T17:15:22.663,1,"<strong>Ability — Blessing of the Moone</strong>
<br>Once during your turn <em>(before your attack)</em>, if you have Solgaleo in play, you may search your deck for up to 2 Energy cards and attach them to your Solgaleo and Lunala in any way you like. Then, shuffle your deck.",,0.79,1.22,4.99,1.19,,Reverse Holofoil,102/236,Holo Rare,Psychic,160,Stage 2,[1PP] Lunar Blast (130),,Dx2,F-20,2
201278,Marshadow,Marshadow,https://tcgplayer-cdn.tcgplayer.com/product/201278_200w.jpg,3,2534,https://cpt.tcgcsv.com/BwD2,2019-10-30T15:18:31.01,1,,,3.5,6.77,45.0,6.11,,Normal,103/236,Rare,Psychic,60,Basic,"[2P] Imitation Shadow
<br>Choose 1 of your opponent's Active Pokémon's attacks <em>(excluding GX attack)</em> and use it as this attack.",,Dx2,F-20,1
201278,Marshadow,Marshadow,https://tcgplayer-cdn.tcgplayer.com/product/201278_200w.jpg,3,2534,https://cpt.tcgcsv.com/BwD2,2019-10-30T15:18:31.01,1,,,13.97,19.99,99.99,18.02,18.11,Reverse Holofoil,103/236,Rare,Psychic,60,Basic,"[2P] Imitation Shadow
<br>Choose 1 of your opponent's Active Pokémon's attacks <em>(excluding GX attack)</em> and use it as this attack.",,Dx2,F-20,1
201279,Blacephalon,Blacephalon,https://tcgplayer-cdn.tcgplayer.com/product/201279_200w.jpg,3,2534,https://cpt.tcgcsv.com/CwD2,2025-11-29T04:19:06.947,1,,,4.71,5.43,8.96,5.47,,Holofoil,104/236,Holo Rare,Psychic,104,Basic,"[1P] Fireworks Bomb
<br>Put 4 damage counters on your opponent's Pokémon in any way you like. If your opponent has exactly 3 Prize cards remaining, put 12 damage counters on them instead.",,Dx2,F-20,2
201279,Blacephalon,Blacephalon,https://tcgplayer-cdn.tcgplayer.com/product/201279_200w.jpg,3,2534,https://cpt.tcgcsv.com/CwD2,2025-11-29T04:19:06.947,1,,,5.08,6.08,4321.0,6.08,7.5,Reverse Holofoil,104/236,Holo Rare,Psychic,104,Basic,"[1P] Fireworks Bomb
<br>Put 4 damage counters on your opponent's Pokémon in any way you like. If your opponent has exactly 3 Prize cards remaining, put 12 damage counters on them instead.",,Dx2,F-20,2
201280,Drampa,Drampa,https://tcgplayer-cdn.tcgplayer.com/product/201280_200w.jpg,3,2534,https://cpt.tcgcsv.com/DwD2,2019-10-30T14:16:29.987,1,,,0.25,0.8,2.02,0.77,,Reverse Holofoil,159/236,Rare,Dragon,120,Basic,[1] Dragon Claw (20),"[3] Dragon Arcana (70+)
<br>If this Pokémon has at least 2 different types of basic Energy attached to it, this attack does 70 more damage.",Yx2,None,1
201280,Drampa,Drampa,https://tcgplayer-cdn.tcgplayer.com/product/201280_200w.jpg,3,2534,https://cpt.tcgcsv.com/DwD2,2019-10-30T14:16:29.987,1,,,0.2,0.37,10.0,0.33,0.25,Normal,159/236,Rare,Dragon,120,Basic,[1] Dragon Claw (20),"[3] Dragon Arcana (70+)
<br>If this Pokémon has at least 2 different types of basic Energy attached to it, this attack does 70 more damage.",Yx2,None,1
201281,Jangmo-o - 160/236,Jangmo o 160 236,https://tcgplayer-cdn.tcgplayer.com/product/201281_200w.jpg,3,2534,https://cpt.tcgcsv.com/FwD2,2025-11-29T03:00:23.893,1,,,0.05,0.24,10.0,0.22,0.2,Normal,160/236,Common,Dragon,60,Basic,"[LF] Raging Claws (20+)
<br>This attack does 10 more damage for each damage counter on this Pokémon.",,Yx2,None,1
201281,Jangmo-o - 160/236,Jangmo o 160 236,https://tcgplayer-cdn.tcgplayer.com/product/201281_200w.jpg,3,2534,https://cpt.tcgcsv.com/FwD2,2025-11-29T03:00:23.893,1,,,0.1,0.36,2.0,0.34,,Reverse Holofoil,160/236,Common,Dragon,60,Basic,"[LF] Raging Claws (20+)
<br>This attack does 10 more damage for each damage counter on this Pokémon.",,Yx2,None,1
201282,Jangmo-o - 161/236,Jangmo o 161 236,https://tcgplayer-cdn.tcgplayer.com/product/201282_200w.jpg,3,2534,https://cpt.tcgcsv.com/GwD2,2019-10-30T15:02:04.453,1,,,0.14,0.26,1.49,0.25,,Normal,161/236,Common,Dragon,70,Basic,[F] Gnaw (10),[1LF] Dragon Headbutt (50),Yx2,None,2
201282,Jangmo-o - 161/236,Jangmo o 161 236,https://tcgplayer-cdn.tcgplayer.com/product/201282_200w.jpg,3,2534,https://cpt.tcgcsv.com/GwD2,2019-10-30T15:02:04.453,1,,,0.24,0.5,10.0,0.46,,Reverse Holofoil,161/236,Common,Dragon,70,Basic,[F] Gnaw (10),[1LF] Dragon Headbutt (50),Yx2,None,2
201283,Hakamo-o,Hakamo o,https://tcgplayer-cdn.tcgplayer.com/product/201283_200w.jpg,3,2534,https://cpt.tcgcsv.com/HwD2,2019-10-30T14:55:44.263,1,"<strong>Ability — Warrior's Roar</strong>
<br>If your opponent's Active Pokémon is a Pokémon-GX or Pokémon-EX, this Pokémon can evolve during the turn you play it.",,0.05,0.23,10.0,0.21,,Normal,162/236,Uncommon,Dragon,80,Stage 1,[LF] Dragonslice (30),,Yx2,None,2
201283,Hakamo-o,Hakamo o,https://tcgplayer-cdn.tcgplayer.com/product/201283_200w.jpg,3,2534,https://cpt.tcgcsv.com/HwD2,2019-10-30T14:55:44.263,1,"<strong>Ability — Warrior's Roar</strong>
<br>If your opponent's Active Pokémon is a Pokémon-GX or Pokémon-EX, this Pokémon can evolve during the turn you play it.",,0.25,0.55,2.47,0.55,,Reverse Holofoil,162/236,Uncommon,Dragon,80,Stage 1,[LF] Dragonslice (30),,Yx2,None,2
201284,Mega Lopunny & Jigglypuff GX,Mega Lopunny and Jigglypuff GX,https://tcgplayer-cdn.tcgplayer.com/product/201284_200w.jpg,3,2534,https://cpt.tcgcsv.com/JwD2,2026-02-02T19:07:58.813,1,,,15.0,21.08,69.95,19.1,21.96,Holofoil,165/236,Ultra Rare,Colorless,240,Basic,"[3] Jumping Balloon (60+)
<br>This attack does 60 more damage for each of your opponent's Pokémon-GX and Pokémon-EX in play.","<span style=""color:Teal""><strong>[1+] Puffy Smashers GX</strong>
<br>Your opponent's Active Pokémon is now Asleep. If this Pokémon has at least 4 extra Energy attached to it <em>(in addition to this attack's cost)</em>, this attack does 200 damage to 1 of your opponent's Benched Pokémon. <em>(Don't apply Weakness and Resistance for Benched Pokémon.) (You can't use more than 1 GX attack in a game.)</em></span>",Fx2,None,1
201285,Mega Lopunny & Jigglypuff GX (Full Art),Mega Lopunny and Jigglypuff GX Full Art,https://tcgplayer-cdn.tcgplayer.com/product/201285_200w.jpg,3,2534,https://cpt.tcgcsv.com/KwD2,2026-02-02T19:16:40.137,1,,,40.0,53.82,99.0,47.83,54.99,Holofoil,225/236,Ultra Rare,Colorless,240,Basic,"[3] Jumping Balloon (60+)
<br>This attack does 60 more damage for each of your opponent's Pokémon-GX and Pokémon-EX in play.","<span style=""color:Teal""><strong>[1+] Puffy Smashers GX</strong>
<br>Your opponent's Active Pokémon is now Asleep. If this Pokémon has at least 4 extra Energy attached to it <em>(in addition to this attack's cost)</em>, this attack does 200 damage to 1 of your opponent's Benched Pokémon. <em>(Don't apply Weakness and Resistance for Benched Pokémon.) (You can't use more than 1 GX attack in a game.)</em></span>",Fx2,None,1
201286,Mega Lopunny & Jigglypuff GX (Alternate Full Art),Mega Lopunny and Jigglypuff GX Alternate Full Art,https://tcgplayer-cdn.tcgplayer.com/product/201286_200w.jpg,3,2534,https://cpt.tcgcsv.com/LwD2,2023-04-18T12:55:46.43,1,,,182.0,240.51,1000.0,222.57,238.95,Holofoil,226/236,Ultra Rare,Colorless,240,Basic,"[3] Jumping Balloon (60+)
<br>This attack does 60 more damage for each of your opponent's Pokémon-GX and Pokémon-EX in play.","<span style=""color:Teal""><strong>[1+] Puffy Smashers GX</strong>
<br>Your opponent's Active Pokémon is now Asleep. If this Pokémon has at least 4 extra Energy attached to it <em>(in addition to this attack's cost)</em>, this attack does 200 damage to 1 of your opponent's Benched Pokémon. <em>(Don't apply Weakness and Resistance for Benched Pokémon.) (You can't use more than 1 GX attack in a game.)</em></span>",Fx2,None,1
201287,Mega Lopunny & Jigglypuff GX (Secret),Mega Lopunny and Jigglypuff GX Secret,https://tcgplayer-cdn.tcgplayer.com/product/201287_200w.jpg,3,2534,https://cpt.tcgcsv.com/MwD2,2026-03-04T21:24:22.793,1,,,60.0,67.67,149.95,62.15,71.47,Holofoil,261/236,Rainbow Rare,Colorless,240,Basic,"[3] Jumping Balloon (60+)
<br>This attack does 60 more damage for each of your opponent's Pokémon-GX and Pokémon-EX in play.","<span style=""color:Teal""><strong>[1+] Puffy Smashers GX</strong>
<br>Your opponent's Active Pokémon is now Asleep. If this Pokémon has at least 4 extra Energy attached to it <em>(in addition to this attack's cost)</em>, this attack does 200 damage to 1 of your opponent's Benched Pokémon. <em>(Don't apply Weakness and Resistance for Benched Pokémon.) (You can't use more than 1 GX attack in a game.)</em></span>",Fx2,None,1
201288,Eevee - 166/236,Eevee 166 236,https://tcgplayer-cdn.tcgplayer.com/product/201288_200w.jpg,3,2534,https://cpt.tcgcsv.com/NwD2,2026-03-06T18:47:15.21,1,,,0.75,1.64,2.07,1.59,,Reverse Holofoil,166/236,Common,Colorless,60,Basic,"[1] Lead
<br>Search your deck for a Supporter card, reveal it, and put it into your hand. Then, shuffle your deck.",[2] Bite (20),Fx2,None,1
201288,Eevee - 166/236,Eevee 166 236,https://tcgplayer-cdn.tcgplayer.com/product/201288_200w.jpg,3,2534,https://cpt.tcgcsv.com/NwD2,2026-03-06T18:47:15.21,1,,,0.05,0.45,10.0,0.53,,Normal,166/236,Common,Colorless,60,Basic,"[1] Lead
<br>Search your deck for a Supporter card, reveal it, and put it into your hand. Then, shuffle your deck.",[2] Bite (20),Fx2,None,1
201289,Eevee - 167/236,Eevee 167 236,https://tcgplayer-cdn.tcgplayer.com/product/201289_200w.jpg,3,2534,https://cpt.tcgcsv.com/PwD2,2025-11-25T16:58:20.977,1,,,1.04,2.24,3.99,2.08,2.49,Reverse Holofoil,167/236,Common,Colorless,60,Basic,"[1] Tail Stop
<br>Search your deck for any number of Eevee and Eevee-GX and put them onto your Bench. Then, shuffle your deck.",[1] Tackle (10),Fx2,None,1
201289,Eevee - 167/236,Eevee 167 236,https://tcgplayer-cdn.tcgplayer.com/product/201289_200w.jpg,3,2534,https://cpt.tcgcsv.com/PwD2,2025-11-25T16:58:20.977,1,,,0.32,0.68,10.0,0.75,1.04,Normal,167/236,Common,Colorless,60,Basic,"[1] Tail Stop
<br>Search your deck for any number of Eevee and Eevee-GX and put them onto your Bench. Then, shuffle your deck.",[1] Tackle (10),Fx2,None,1
201290,Igglybuff,Igglybuff,https://tcgplayer-cdn.tcgplayer.com/product/201290_200w.jpg,3,2534,https://cpt.tcgcsv.com/QwD2,2022-01-09T11:48:52.073,1,"<strong>Ability — Sleepy Voice</strong>
<br>Once during your turn <em>(before your attack)</em>, you may flip a coin. If heads, your opponent's Active Pokémon is now Asleep. If you use this Ability, your turn ends.",,3.2,12.72,69.19,8.69,,Reverse Holofoil,168/236,Uncommon,Colorless,60,Basic,,,None,None,0
201290,Igglybuff,Igglybuff,https://tcgplayer-cdn.tcgplayer.com/product/201290_200w.jpg,3,2534,https://cpt.tcgcsv.com/QwD2,2022-01-09T11:48:52.073,1,"<strong>Ability — Sleepy Voice</strong>
<br>Once during your turn <em>(before your attack)</em>, you may flip a coin. If heads, your opponent's Active Pokémon is now Asleep. If you use this Ability, your turn ends.",,1.15,2.5,29.99,1.87,11.49,Normal,168/236,Uncommon,Colorless,60,Basic,,,None,None,0
201291,Aipom,Aipom,https://tcgplayer-cdn.tcgplayer.com/product/201291_200w.jpg,3,2534,https://cpt.tcgcsv.com/RwD2,2025-02-07T19:50:30.763,1,"<strong>Ability — Darting Tail</strong>
<br>Once during your turn <em>(before your attack)</em>, you may put the top card of your opponent's deck on the bottom of their deck.",,0.02,0.2,10.0,0.14,0.12,Normal,169/236,Common,Colorless,60,Basic,[2] Tail Smack (20),,Fx2,None,1
201291,Aipom,Aipom,https://tcgplayer-cdn.tcgplayer.com/product/201291_200w.jpg,3,2534,https://cpt.tcgcsv.com/RwD2,2025-02-07T19:50:30.763,1,"<strong>Ability — Darting Tail</strong>
<br>Once during your turn <em>(before your attack)</em>, you may put the top card of your opponent's deck on the bottom of their deck.",,0.01,0.35,2.39,0.35,0.35,Reverse Holofoil,169/236,Common,Colorless,60,Basic,[2] Tail Smack (20),,Fx2,None,1
201292,Ambipom,Ambipom,https://tcgplayer-cdn.tcgplayer.com/product/201292_200w.jpg,3,2534,https://cpt.tcgcsv.com/SwD2,2025-11-20T04:11:51.35,1,,,0.25,0.49,1.6,0.42,,Reverse Holofoil,170/236,Uncommon,Colorless,100,Stage 1,"[1] Nice-Nice Catch
<br>Draw 2 cards.","[2] Bye-Bye Throw (60x)
<br>Discard up to 2 cards from your hand. This attack does 60 damage for each card you discarded in this way.",Fx2,None,1
201292,Ambipom,Ambipom,https://tcgplayer-cdn.tcgplayer.com/product/201292_200w.jpg,3,2534,https://cpt.tcgcsv.com/SwD2,2025-11-20T04:11:51.35,1,,,0.03,0.2,10.0,0.17,0.14,Normal,170/236,Uncommon,Colorless,100,Stage 1,"[1] Nice-Nice Catch
<br>Draw 2 cards.","[2] Bye-Bye Throw (60x)
<br>Discard up to 2 cards from your hand. This attack does 60 damage for each card you discarded in this way.",Fx2,None,1
201293,Teddiursa,Teddiursa,https://tcgplayer-cdn.tcgplayer.com/product/201293_200w.jpg,3,2534,https://cpt.tcgcsv.com/TwD2,2025-02-07T19:50:30.837,1,,,0.22,0.5,1.49,0.44,,Reverse Holofoil,171/236,Common,Colorless,60,Basic,[1] Scratch (10),[2] Slash (20),Fx2,None,1
201293,Teddiursa,Teddiursa,https://tcgplayer-cdn.tcgplayer.com/product/201293_200w.jpg,3,2534,https://cpt.tcgcsv.com/TwD2,2025-02-07T19:50:30.837,1,,,0.05,0.23,10.0,0.21,,Normal,171/236,Common,Colorless,60,Basic,[1] Scratch (10),[2] Slash (20),Fx2,None,1
201294,Ursaring,Ursaring,https://tcgplayer-cdn.tcgplayer.com/product/201294_200w.jpg,3,2534,https://cpt.tcgcsv.com/VwD2,2025-02-07T19:50:30.903,1,,,0.11,0.26,10.0,0.26,,Normal,172/236,Rare,Colorless,140,Stage 1,[2] Hammer In (50),"[4] Heavy Hold (120)
<br>The Defending Pokémon can't attack during your opponent's next turn.",Fx2,None,3
201294,Ursaring,Ursaring,https://tcgplayer-cdn.tcgplayer.com/product/201294_200w.jpg,3,2534,https://cpt.tcgcsv.com/VwD2,2025-02-07T19:50:30.903,1,,,0.25,0.5,10.0,0.57,,Reverse Holofoil,172/236,Rare,Colorless,140,Stage 1,[2] Hammer In (50),"[4] Heavy Hold (120)
<br>The Defending Pokémon can't attack during your opponent's next turn.",Fx2,None,3
201295,Zangoose,Zangoose,https://tcgplayer-cdn.tcgplayer.com/product/201295_200w.jpg,3,2534,https://cpt.tcgcsv.com/WwD2,2025-02-07T19:50:30.98,1,,,0.25,0.44,10.0,0.37,,Reverse Holofoil,173/236,Uncommon,Colorless,100,Basic,[1] Corkscrew Punch (10),"[2] Brutal Edge (20+)
<br>This attack does 10 more damage for each damage counter on your opponent's Active Pokémon.",Fx2,None,1
201295,Zangoose,Zangoose,https://tcgplayer-cdn.tcgplayer.com/product/201295_200w.jpg,3,2534,https://cpt.tcgcsv.com/WwD2,2025-02-07T19:50:30.98,1,,,0.03,0.2,10.0,0.15,0.15,Normal,173/236,Uncommon,Colorless,100,Basic,[1] Corkscrew Punch (10),"[2] Brutal Edge (20+)
<br>This attack does 10 more damage for each damage counter on your opponent's Active Pokémon.",Fx2,None,1
201296,Lillipup,Lillipup,https://tcgplayer-cdn.tcgplayer.com/product/201296_200w.jpg,3,2534,https://cpt.tcgcsv.com/XwD2,2025-02-07T19:50:31.06,1,,,0.03,0.2,10.0,0.16,,Normal,174/236,Common,Colorless,60,Basic,"[1] Baby-Doll Eyes
<br>The Defending Pokémon can't retreat during your opponent's next turn.",[3] Tackle (40),Fx2,None,1
201296,Lillipup,Lillipup,https://tcgplayer-cdn.tcgplayer.com/product/201296_200w.jpg,3,2534,https://cpt.tcgcsv.com/XwD2,2025-02-07T19:50:31.06,1,,,0.13,0.41,2.47,0.42,0.69,Reverse Holofoil,174/236,Common,Colorless,60,Basic,"[1] Baby-Doll Eyes
<br>The Defending Pokémon can't retreat during your opponent's next turn.",[3] Tackle (40),Fx2,None,1
201297,Herdier,Herdier,https://tcgplayer-cdn.tcgplayer.com/product/201297_200w.jpg,3,2534,https://cpt.tcgcsv.com/ZwD2,2025-11-20T23:03:24.93,1,,,0.04,0.2,10.0,0.16,,Normal,175/236,Uncommon,Colorless,100,Stage 1,"[1] Work Up
<br>During your next turn, this Pokémon's attacks do 60 more damage to your opponent's Active Pokémon <em>(before applying Weakness and Resistance)</em>.",[3] Headbutt Bounce (60),Fx2,None,2
201297,Herdier,Herdier,https://tcgplayer-cdn.tcgplayer.com/product/201297_200w.jpg,3,2534,https://cpt.tcgcsv.com/ZwD2,2025-11-20T23:03:24.93,1,,,0.23,0.47,1.54,0.45,,Reverse Holofoil,175/236,Uncommon,Colorless,100,Stage 1,"[1] Work Up
<br>During your next turn, this Pokémon's attacks do 60 more damage to your opponent's Active Pokémon <em>(before applying Weakness and Resistance)</em>.",[3] Headbutt Bounce (60),Fx2,None,2
201298,Stoutland,Stoutland,https://tcgplayer-cdn.tcgplayer.com/product/201298_200w.jpg,3,2534,https://cpt.tcgcsv.com/-wD2,2020-11-29T19:56:45.97,1,"<strong>Ability — Arf Arf Bark</strong>
<br>When you play this Pokémon from your hand to evolve 1 of your Pokémon during your turn, you may discard an Energy from your opponent's Active Pokémon. If this Pokémon is your Active Pokémon and is Knocked Out by damage from an opponent's attack, you may discard an Energy from your opponent's Active Pokémon.",,0.22,0.6,2.47,0.59,,Reverse Holofoil,176/236,Holo Rare,Colorless,150,Stage 2,"[3] Overrun (110)
<br>This attack does 30 damage to 1 of your opponent's Benched Pokémon. (Don't apply Weakness and Resistance for Benched Pokémon.)",,Fx2,None,3
201298,Stoutland,Stoutland,https://tcgplayer-cdn.tcgplayer.com/product/201298_200w.jpg,3,2534,https://cpt.tcgcsv.com/-wD2,2020-11-29T19:56:45.97,1,"<strong>Ability — Arf Arf Bark</strong>
<br>When you play this Pokémon from your hand to evolve 1 of your Pokémon during your turn, you may discard an Energy from your opponent's Active Pokémon. If this Pokémon is your Active Pokémon and is Knocked Out by damage from an opponent's attack, you may discard an Energy from your opponent's Active Pokémon.",,0.25,0.5,2.99,0.48,0.49,Holofoil,176/236,Holo Rare,Colorless,150,Stage 2,"[3] Overrun (110)
<br>This attack does 30 damage to 1 of your opponent's Benched Pokémon. (Don't apply Weakness and Resistance for Benched Pokémon.)",,Fx2,None,3
201299,Rufflet,Rufflet,https://tcgplayer-cdn.tcgplayer.com/product/201299_200w.jpg,3,2534,https://cpt.tcgcsv.com/_wD2,2025-02-07T19:50:31.26,1,,,0.1,0.29,2.0,0.24,,Reverse Holofoil,177/236,Common,Colorless,60,Basic,"[1] Fury Attack (10x)
<br>Flip 3 coins. This attack does 10 damage for each heads.",,Lx2,F-20,1
201299,Rufflet,Rufflet,https://tcgplayer-cdn.tcgplayer.com/product/201299_200w.jpg,3,2534,https://cpt.tcgcsv.com/_wD2,2025-02-07T19:50:31.26,1,,,0.01,0.19,19.5,0.1,0.05,Normal,177/236,Common,Colorless,60,Basic,"[1] Fury Attack (10x)
<br>Flip 3 coins. This attack does 10 damage for each heads.",,Lx2,F-20,1
201300,Braviary,Braviary,https://tcgplayer-cdn.tcgplayer.com/product/201300_200w.jpg,3,2534,https://cpt.tcgcsv.com/0xD2,2021-11-15T16:16:06.317,1,,,0.13,0.25,19.5,0.23,0.2,Normal,178/236,Rare,Colorless,130,Stage 1,"[1] Clutch (30)
<br>The Defending Pokémon can't retreat during your opponent's next turn.","[4] Aero Fall (140)
<br>Discard 2 Energy from this Pokémon.",Lx2,F-20,1
201300,Braviary,Braviary,https://tcgplayer-cdn.tcgplayer.com/product/201300_200w.jpg,3,2534,https://cpt.tcgcsv.com/0xD2,2021-11-15T16:16:06.317,1,,,0.2,0.53,2.63,0.53,,Reverse Holofoil,178/236,Rare,Colorless,130,Stage 1,"[1] Clutch (30)
<br>The Defending Pokémon can't retreat during your opponent's next turn.","[4] Aero Fall (140)
<br>Discard 2 Energy from this Pokémon.",Lx2,F-20,1
201301,Helioptile,Helioptile,https://tcgplayer-cdn.tcgplayer.com/product/201301_200w.jpg,3,2534,https://cpt.tcgcsv.com/2xD2,2025-02-07T19:50:31.323,1,,,0.14,0.32,10.0,0.32,,Reverse Holofoil,179/236,Common,Colorless,60,Basic,"[1] Tail Whip
<br>Flip a coin. If heads, the Defending Pokémon can't attack during your opponent's next turn.",[3] Rear Kick (30),Fx2,None,1
201301,Helioptile,Helioptile,https://tcgplayer-cdn.tcgplayer.com/product/201301_200w.jpg,3,2534,https://cpt.tcgcsv.com/2xD2,2025-02-07T19:50:31.323,1,,,0.02,0.16,10.0,0.13,0.12,Normal,179/236,Common,Colorless,60,Basic,"[1] Tail Whip
<br>Flip a coin. If heads, the Defending Pokémon can't attack during your opponent's next turn.",[3] Rear Kick (30),Fx2,None,1
201302,Heliolisk,Heliolisk,https://tcgplayer-cdn.tcgplayer.com/product/201302_200w.jpg,3,2534,https://cpt.tcgcsv.com/3xD2,2025-11-20T23:01:48.183,1,,,0.09,0.25,10.0,0.21,0.21,Normal,180/236,Rare,Colorless,100,Stage 1,"[1] Parabolic Counter (30+)
<br>If your opponent has any Lightning Pokémon in play, this attack does 90 more damage.",[3] Zap Kick (80),Fx2,None,1
201302,Heliolisk,Heliolisk,https://tcgplayer-cdn.tcgplayer.com/product/201302_200w.jpg,3,2534,https://cpt.tcgcsv.com/3xD2,2025-11-20T23:01:48.183,1,,,0.15,0.45,1.55,0.44,0.36,Reverse Holofoil,180/236,Rare,Colorless,100,Stage 1,"[1] Parabolic Counter (30+)
<br>If your opponent has any Lightning Pokémon in play, this attack does 90 more damage.",[3] Zap Kick (80),Fx2,None,1
201303,Stufful,Stufful,https://tcgplayer-cdn.tcgplayer.com/product/201303_200w.jpg,3,2534,https://cpt.tcgcsv.com/5xD2,2025-11-12T22:52:09.207,1,,,0.03,0.2,10.0,0.16,0.1,Normal,181/236,Common,Colorless,80,Basic,"[2] Continuous Tumble (10+)
<br>Flip a coin until you get tails. This attack does 30 more damage for each heads.",,Fx2,None,2
201303,Stufful,Stufful,https://tcgplayer-cdn.tcgplayer.com/product/201303_200w.jpg,3,2534,https://cpt.tcgcsv.com/5xD2,2025-11-12T22:52:09.207,1,,,0.09,0.35,2.31,0.35,0.3,Reverse Holofoil,181/236,Common,Colorless,80,Basic,"[2] Continuous Tumble (10+)
<br>Flip a coin until you get tails. This attack does 30 more damage for each heads.",,Fx2,None,2
201304,Bewear,Bewear,https://tcgplayer-cdn.tcgplayer.com/product/201304_200w.jpg,3,2534,https://cpt.tcgcsv.com/6xD2,2025-02-07T19:50:31.48,1,"<strong>Ability — Carry and Run</strong>
<br>As long as this Pokémon is on your Bench, your Active Pokémon's Retreat Cost is 2 less.",,0.14,0.3,10.0,0.28,,Normal,182/236,Rare,Colorless,120,Stage 1,"[3] Lariat (120)
<br>Flip a coin. If tails, this attack does nothing.",,Fx2,None,2
201304,Bewear,Bewear,https://tcgplayer-cdn.tcgplayer.com/product/201304_200w.jpg,3,2534,https://cpt.tcgcsv.com/6xD2,2025-02-07T19:50:31.48,1,"<strong>Ability — Carry and Run</strong>
<br>As long as this Pokémon is on your Bench, your Active Pokémon's Retreat Cost is 2 less.",,0.15,0.53,2.99,0.56,,Reverse Holofoil,182/236,Rare,Colorless,120,Stage 1,"[3] Lariat (120)
<br>Flip a coin. If tails, this attack does nothing.",,Fx2,None,2
201305,Type: Null,Type Null,https://tcgplayer-cdn.tcgplayer.com/product/201305_200w.jpg,3,2534,https://cpt.tcgcsv.com/7xD2,2025-02-07T19:50:31.553,1,,,0.05,0.3,10.0,0.27,,Normal,183/236,Uncommon,Colorless,110,Basic,"[2] Air Slash (50)
<br>Discard an Energy from this Pokémon.",,Fx2,None,2
201305,Type: Null,Type Null,https://tcgplayer-cdn.tcgplayer.com/product/201305_200w.jpg,3,2534,https://cpt.tcgcsv.com/7xD2,2025-02-07T19:50:31.553,1,,,0.2,0.5,1.99,0.46,,Reverse Holofoil,183/236,Uncommon,Colorless,110,Basic,"[2] Air Slash (50)
<br>Discard an Energy from this Pokémon.",,Fx2,None,2
201306,Silvally GX,Silvally GX,https://tcgplayer-cdn.tcgplayer.com/product/201306_200w.jpg,3,2534,https://cpt.tcgcsv.com/8xD2,2026-02-02T19:09:07.66,0,"<strong>Ability — Disk Reload</strong>
<br>Once during your turn <em>(before your attack)</em>, you may draw cards until you have 5 cards in your hand.",,4.1,5.99,19.5,5.39,8.0,Holofoil,184/236,Ultra Rare,Colorless,210,Stage 1,"[2] Brave Buddies (50+)
<br>If you played a Supporter card from your hand during this turn, this attack does 70 more damage.","<span style=""color:Teal""><strong>[2] Silver Knight GX</strong>
<br>If your opponent's Active Pokémon is an Ultra Beast, that Pokémon is Knocked Out. <em>(You can't use more than 1 GX attack in a game.)</em></span",Fx2,None,2
201307,Silvally GX (Full Art),Silvally GX Full Art,https://tcgplayer-cdn.tcgplayer.com/product/201307_200w.jpg,3,2534,https://cpt.tcgcsv.com/9xD2,2021-06-14T12:23:45.83,0,"<strong>Ability — Disk Reload</strong>
<br>Once during your turn <em>(before your attack)</em>, you may draw cards until you have 5 cards in your hand.",,44.0,52.98,129.95,52.85,48.96,Holofoil,227/236,Ultra Rare,Colorless,210,Stage 1,"[2] Brave Buddies (50+)
<br>If you played a Supporter card from your hand during this turn, this attack does 70 more damage.","<span style=""color:Teal""><strong>[2] Silver Knight GX</strong>
<br>If your opponent's Active Pokémon is an Ultra Beast, that Pokémon is Knocked Out. <em>(You can't use more than 1 GX attack in a game.)</em></span",Fx2,None,2
201308,Beastite,Beastite,https://tcgplayer-cdn.tcgplayer.com/product/201308_200w.jpg,3,2534,https://cpt.tcgcsv.com/bxD2,2026-02-04T18:57:44.423,1,The attacks of the Ultra Beast this card is attached to do 10 more damage to your opponent's Active Pokémon for each Prize card you have already taken.,,0.2,0.35,10.0,0.33,0.33,Reverse Holofoil,185/236,Uncommon,Item,,,,,,,
201308,Beastite,Beastite,https://tcgplayer-cdn.tcgplayer.com/product/201308_200w.jpg,3,2534,https://cpt.tcgcsv.com/bxD2,2026-02-04T18:57:44.423,1,The attacks of the Ultra Beast this card is attached to do 10 more damage to your opponent's Active Pokémon for each Prize card you have already taken.,,0.03,0.2,10.0,0.13,0.1,Normal,185/236,Uncommon,Item,,,,,,,
201309,Bellelba & Brycen-Man,Bellelba and Brycen Man,https://tcgplayer-cdn.tcgplayer.com/product/201309_200w.jpg,3,2534,https://cpt.tcgcsv.com/cxD2,2023-08-17T14:26:43.723,1,"Both players discard the top 3 cards of their deck.
<br>When you play this card, you may discard 3 other cards from your hand. If you do, both players discard their Benched Pokemon until they have 3 Benched Pokémon. Your opponent discards first.",,0.25,0.61,2.0,0.61,0.97,Reverse Holofoil,186/236,Uncommon,Supporter,,,,,,,
201309,Bellelba & Brycen-Man,Bellelba and Brycen Man,https://tcgplayer-cdn.tcgplayer.com/product/201309_200w.jpg,3,2534,https://cpt.tcgcsv.com/cxD2,2023-08-17T14:26:43.723,1,"Both players discard the top 3 cards of their deck.
<br>When you play this card, you may discard 3 other cards from your hand. If you do, both players discard their Benched Pokemon until they have 3 Benched Pokémon. Your opponent discards first.",,0.09,0.29,10.0,0.29,0.2,Normal,186/236,Uncommon,Supporter,,,,,,,
201310,Chaotic Swell,Chaotic Swell,https://tcgplayer-cdn.tcgplayer.com/product/201310_200w.jpg,3,2534,https://cpt.tcgcsv.com/dxD2,2025-02-07T19:50:31.633,1,"When either players play a new Stadium card from their hand to discard this Stadium card, discard the new Stadium card as well. (Ignore all effects of the new Stadium card.)",,0.1,0.29,10.0,0.23,,Normal,187/236,Uncommon,Stadium,,,,,,,
201310,Chaotic Swell,Chaotic Swell,https://tcgplayer-cdn.tcgplayer.com/product/201310_200w.jpg,3,2534,https://cpt.tcgcsv.com/dxD2,2025-02-07T19:50:31.633,1,"When either players play a new Stadium card from their hand to discard this Stadium card, discard the new Stadium card as well. (Ignore all effects of the new Stadium card.)",,0.95,1.39,3.99,1.37,,Reverse Holofoil,187/236,Uncommon,Stadium,,,,,,,
201311,Clay,Clay,https://tcgplayer-cdn.tcgplayer.com/product/201311_200w.jpg,3,2534,https://cpt.tcgcsv.com/fxD2,2020-10-28T11:43:44.227,1,Discard the top 7 cards of your deck. Put any Item cards discarded in this way into your hand.,,0.1,0.23,19.5,0.18,0.1,Normal,188/236,Uncommon,Supporter,,,,,,,
201311,Clay,Clay,https://tcgplayer-cdn.tcgplayer.com/product/201311_200w.jpg,3,2534,https://cpt.tcgcsv.com/fxD2,2020-10-28T11:43:44.227,1,Discard the top 7 cards of your deck. Put any Item cards discarded in this way into your hand.,,0.1,0.63,1.99,0.7,,Reverse Holofoil,188/236,Uncommon,Supporter,,,,,,,
201312,Cynthia & Caitlin,Cynthia and Caitlin,https://tcgplayer-cdn.tcgplayer.com/product/201312_200w.jpg,3,2534,https://cpt.tcgcsv.com/gxD2,2026-03-11T10:52:36.687,1,"Put a Supporter card from your discard pile into your hand. You can't choose Cynthia & Caitlin or a card you discarded with the effect of this card.
<br>When you play this card, you may discard another card from your hand. If you do, draw 3 cards.",,2.96,3.66,7.99,3.72,4.25,Reverse Holofoil,189/236,Uncommon,Supporter,,,,,,,
201312,Cynthia & Caitlin,Cynthia and Caitlin,https://tcgplayer-cdn.tcgplayer.com/product/201312_200w.jpg,3,2534,https://cpt.tcgcsv.com/gxD2,2026-03-11T10:52:36.687,1,"Put a Supporter card from your discard pile into your hand. You can't choose Cynthia & Caitlin or a card you discarded with the effect of this card.
<br>When you play this card, you may discard another card from your hand. If you do, draw 3 cards.",,0.99,1.99,10.0,1.87,2.91,Normal,189/236,Uncommon,Supporter,,,,,,,
201313,Great Catcher,Great Catcher,https://tcgplayer-cdn.tcgplayer.com/product/201313_200w.jpg,3,2534,https://cpt.tcgcsv.com/hxD2,2025-11-25T17:04:28.097,1,"You can play this card only if you discard 2 other cards from your hand.
<br>Switch 1 of your opponent's Benched Pokémon-GX or Pokémon-EX with their Active Pokémon.",,0.02,0.2,10.0,0.11,0.05,Normal,192/236,Uncommon,Item,,,,,,,
201313,Great Catcher,Great Catcher,https://tcgplayer-cdn.tcgplayer.com/product/201313_200w.jpg,3,2534,https://cpt.tcgcsv.com/hxD2,2025-11-25T17:04:28.097,1,"You can play this card only if you discard 2 other cards from your hand.
<br>Switch 1 of your opponent's Benched Pokémon-GX or Pokémon-EX with their Active Pokémon.",,0.14,0.46,10.0,0.33,0.3,Reverse Holofoil,192/236,Uncommon,Item,,,,,,,
201314,Guzma & Hala,Guzma and Hala,https://tcgplayer-cdn.tcgplayer.com/product/201314_200w.jpg,3,2534,https://cpt.tcgcsv.com/jxD2,2026-03-06T18:53:32.143,1,"Search your deck for a Stadium card, reveal it, and put it into your hand. Then, shuffle your deck.
<br>When you play this card, you may discard 2 other cards from your hand. If you do, you may also search for a Pokémon Tool card and a Special Energy card in this way.",,4.0,6.0,96.95,5.37,7.34,Normal,193/236,Uncommon,Supporter,,,,,,,
201314,Guzma & Hala,Guzma and Hala,https://tcgplayer-cdn.tcgplayer.com/product/201314_200w.jpg,3,2534,https://cpt.tcgcsv.com/jxD2,2026-03-06T18:53:32.143,1,"Search your deck for a Stadium card, reveal it, and put it into your hand. Then, shuffle your deck.
<br>When you play this card, you may discard 2 other cards from your hand. If you do, you may also search for a Pokémon Tool card and a Special Energy card in this way.",,4.68,7.15,14.99,6.77,7.27,Reverse Holofoil,193/236,Uncommon,Supporter,,,,,,,
201315,Island Challenge Amulet,Island Challenge Amulet,https://tcgplayer-cdn.tcgplayer.com/product/201315_200w.jpg,3,2534,https://cpt.tcgcsv.com/kxD2,2019-10-30T14:59:12.62,1,"The Pokemon-GX or Pokemon-EX this card is attached to gets -100 HP, and when it is Knocked Out by damage from an opponent's attack, that player takes 1 fewer Prize cards.",,0.19,0.4,2.0,0.37,,Reverse Holofoil,194/236,Uncommon,Item,,,,,,,
201315,Island Challenge Amulet,Island Challenge Amulet,https://tcgplayer-cdn.tcgplayer.com/product/201315_200w.jpg,3,2534,https://cpt.tcgcsv.com/kxD2,2019-10-30T14:59:12.62,1,"The Pokemon-GX or Pokemon-EX this card is attached to gets -100 HP, and when it is Knocked Out by damage from an opponent's attack, that player takes 1 fewer Prize cards.",,0.04,0.2,19.5,0.14,0.04,Normal,194/236,Uncommon,Item,,,,,,,
201316,Lana's Fishing Rod,Lanas Fishing Rod,https://tcgplayer-cdn.tcgplayer.com/product/201316_200w.jpg,3,2534,https://cpt.tcgcsv.com/lxD2,2025-02-07T19:50:32.043,1,Shuffle a Pokémon and a Pokémon Tool card from your discard pile into your deck.,,0.3,0.55,2.99,0.59,,Reverse Holofoil,195/236,Uncommon,Item,,,,,,,
201316,Lana's Fishing Rod,Lanas Fishing Rod,https://tcgplayer-cdn.tcgplayer.com/product/201316_200w.jpg,3,2534,https://cpt.tcgcsv.com/lxD2,2025-02-07T19:50:32.043,1,Shuffle a Pokémon and a Pokémon Tool card from your discard pile into your deck.,,0.11,0.27,2.15,0.27,,Normal,195/236,Uncommon,Item,,,,,,,
201317,Lillie's Full Force,Lillies Full Force,https://tcgplayer-cdn.tcgplayer.com/product/201317_200w.jpg,3,2534,https://cpt.tcgcsv.com/mxD2,2025-11-12T22:45:48.487,1,"Draw 4 cards. If you have 3 or more cards in your hand at the end of this turn, shuffle cards into your deck until you have 2 cards in your hand.",,0.4,0.8,2.25,0.84,0.75,Reverse Holofoil,196/236,Uncommon,Item,,,,,,,
201317,Lillie's Full Force,Lillies Full Force,https://tcgplayer-cdn.tcgplayer.com/product/201317_200w.jpg,3,2534,https://cpt.tcgcsv.com/mxD2,2025-11-12T22:45:48.487,1,"Draw 4 cards. If you have 3 or more cards in your hand at the end of this turn, shuffle cards into your deck until you have 2 cards in your hand.",,0.08,0.25,10.0,0.24,,Normal,196/236,Uncommon,Item,,,,,,,
201318,Lillie's Poke Doll,Lillies Poke Doll,https://tcgplayer-cdn.tcgplayer.com/product/201318_200w.jpg,3,2534,https://cpt.tcgcsv.com/nxD2,2025-02-07T19:50:32.223,1,"Play this card as if it were a 30-HP Colorless Basic Pokémon. At any time during your turn <em>(before your attack)</em>, you may put this card on the bottom of your deck. If you do, discard all cards from it.
<br>This card can't retreat. If this card is Knocked Out, your opponent can't take any Prize Cards for it.",,0.14,0.42,10.0,0.41,,Normal,197/236,Uncommon,Item,,,,,,,
201318,Lillie's Poke Doll,Lillies Poke Doll,https://tcgplayer-cdn.tcgplayer.com/product/201318_200w.jpg,3,2534,https://cpt.tcgcsv.com/nxD2,2025-02-07T19:50:32.223,1,"Play this card as if it were a 30-HP Colorless Basic Pokémon. At any time during your turn <em>(before your attack)</em>, you may put this card on the bottom of your deck. If you do, discard all cards from it.
<br>This card can't retreat. If this card is Knocked Out, your opponent can't take any Prize Cards for it.",,0.9,1.49,4.03,1.44,,Reverse Holofoil,197/236,Uncommon,Item,,,,,,,
201319,Mallow & Lana,Mallow and Lana,https://tcgplayer-cdn.tcgplayer.com/product/201319_200w.jpg,3,2534,https://cpt.tcgcsv.com/pxD2,2025-05-10T05:41:09.923,1,"Switch your Active Pokémon with 1 of your Benched Pokémon.
<br>When you play this card, you may discard 2 other cards from your hand. If you do, heal 120 damage from the Pokémon you moved to your Bench.",,0.6,1.27,2.99,1.27,,Reverse Holofoil,198/236,Uncommon,Supporter,,,,,,,
201319,Mallow & Lana,Mallow and Lana,https://tcgplayer-cdn.tcgplayer.com/product/201319_200w.jpg,3,2534,https://cpt.tcgcsv.com/pxD2,2025-05-10T05:41:09.923,1,"Switch your Active Pokémon with 1 of your Benched Pokémon.
<br>When you play this card, you may discard 2 other cards from your hand. If you do, heal 120 damage from the Pokémon you moved to your Bench.",,0.15,0.35,10.0,0.35,0.24,Normal,198/236,Uncommon,Supporter,,,,,,,
201320,Misty & Lorelei,Misty and Lorelei,https://tcgplayer-cdn.tcgplayer.com/product/201320_200w.jpg,3,2534,https://cpt.tcgcsv.com/qxD2,2025-10-22T00:47:15.727,1,"Search your deck for up to 3 Water Energy cards, reveal them, and put them into your hand. Then, shuffle your deck.
<br>When you play this card, you may discard 5 other cards from your hand. If you do, during this turn, your Water Pokemon may use their GX attack even if you have used your GX attack.",,0.25,0.5,10.0,0.46,,Normal,199/236,Uncommon,Supporter,,,,,,,
201320,Misty & Lorelei,Misty and Lorelei,https://tcgplayer-cdn.tcgplayer.com/product/201320_200w.jpg,3,2534,https://cpt.tcgcsv.com/qxD2,2025-10-22T00:47:15.727,1,"Search your deck for up to 3 Water Energy cards, reveal them, and put them into your hand. Then, shuffle your deck.
<br>When you play this card, you may discard 5 other cards from your hand. If you do, during this turn, your Water Pokemon may use their GX attack even if you have used your GX attack.",,1.8,3.19,6.99,2.76,,Reverse Holofoil,199/236,Uncommon,Supporter,,,,,,,
201321,N's Resolve,Ns Resolve,https://tcgplayer-cdn.tcgplayer.com/product/201321_200w.jpg,3,2534,https://cpt.tcgcsv.com/rxD2,2025-02-07T19:50:32.34,1,Discard the top 6 cards of your deck. Attach all basic Energy discarded in this way to 1 of your Benched Dragon Pokémon.,,0.05,0.25,10.0,0.25,,Normal,200/236,Uncommon,Supporter,,,,,,,
201321,N's Resolve,Ns Resolve,https://tcgplayer-cdn.tcgplayer.com/product/201321_200w.jpg,3,2534,https://cpt.tcgcsv.com/rxD2,2025-02-07T19:50:32.34,1,Discard the top 6 cards of your deck. Attach all basic Energy discarded in this way to 1 of your Benched Dragon Pokémon.,,0.55,1.05,5.98,1.05,,Reverse Holofoil,200/236,Uncommon,Supporter,,,,,,,
201322,Professor Oak's Setup,Professor Oaks Setup,https://tcgplayer-cdn.tcgplayer.com/product/201322_200w.jpg,3,2534,https://cpt.tcgcsv.com/sxD2,2025-02-07T19:50:32.433,1,"Search your deck for up to 3 Basic Pokémon of different types and put them onto your Bench. Then, shuffle your deck.",,0.08,0.22,10.0,0.21,,Normal,201/236,Uncommon,Supporter,,,,,,,
201322,Professor Oak's Setup,Professor Oaks Setup,https://tcgplayer-cdn.tcgplayer.com/product/201322_200w.jpg,3,2534,https://cpt.tcgcsv.com/sxD2,2025-02-07T19:50:32.433,1,"Search your deck for up to 3 Basic Pokémon of different types and put them onto your Bench. Then, shuffle your deck.",,0.2,0.58,2.99,0.64,,Reverse Holofoil,201/236,Uncommon,Supporter,,,,,,,
201323,Red & Blue,Red and Blue,https://tcgplayer-cdn.tcgplayer.com/product/201323_200w.jpg,3,2534,https://cpt.tcgcsv.com/txD2,2021-07-14T13:18:23.813,1,"Search your deck for a Pokémon-GX that evolves from 1 of your Pokémon and put it onto that Pokémon to evolve it. Then, shuffle your deck. <em>(You can't use this card during your first turn or on a Pokémon that was put into play this turn.)</em>
<br>When you play this card, you may discard 2 other cards from your hand. If you do, search your deck for up to 2 basic Energy cards and attach them to the Pokémon you evolved in this way.",,0.11,0.4,10.0,0.38,,Normal,202/236,Uncommon,Supporter,,,,,,,
201323,Red & Blue,Red and Blue,https://tcgplayer-cdn.tcgplayer.com/product/201323_200w.jpg,3,2534,https://cpt.tcgcsv.com/txD2,2021-07-14T13:18:23.813,1,"Search your deck for a Pokémon-GX that evolves from 1 of your Pokémon and put it onto that Pokémon to evolve it. Then, shuffle your deck. <em>(You can't use this card during your first turn or on a Pokémon that was put into play this turn.)</em>
<br>When you play this card, you may discard 2 other cards from your hand. If you do, search your deck for up to 2 basic Energy cards and attach them to the Pokémon you evolved in this way.",,0.5,1.04,2.5,1.01,,Reverse Holofoil,202/236,Uncommon,Supporter,,,,,,,
201324,Roller Skater,Roller Skater,https://tcgplayer-cdn.tcgplayer.com/product/201324_200w.jpg,3,2534,https://cpt.tcgcsv.com/vxD2,2025-02-07T19:50:32.543,1,"Discard a card from your hand. Then, draw 2 cards. If you discarded an Energy card, draw 2 more cards.",,0.05,0.2,10.0,0.14,,Normal,203/236,Uncommon,Supporter,,,,,,,
201324,Roller Skater,Roller Skater,https://tcgplayer-cdn.tcgplayer.com/product/201324_200w.jpg,3,2534,https://cpt.tcgcsv.com/vxD2,2025-02-07T19:50:32.543,1,"Discard a card from your hand. Then, draw 2 cards. If you discarded an Energy card, draw 2 more cards.",,0.11,0.44,3.0,0.44,0.48,Reverse Holofoil,203/236,Uncommon,Supporter,,,,,,,
201325,Roxie,Roxie,https://tcgplayer-cdn.tcgplayer.com/product/201325_200w.jpg,3,2534,https://cpt.tcgcsv.com/wxD2,2025-11-25T17:22:25.44,1,Discard up to 2 Pokémon from your hand (except Pokémon-GX or Pokémon-EX). Draw 3 cards for each card you discarded in this way.,,0.2,0.5,1.99,0.49,0.66,Reverse Holofoil,205/236,Uncommon,Supporter,,,,,,,
201325,Roxie,Roxie,https://tcgplayer-cdn.tcgplayer.com/product/201325_200w.jpg,3,2534,https://cpt.tcgcsv.com/wxD2,2025-11-25T17:22:25.44,1,Discard up to 2 Pokémon from your hand (except Pokémon-GX or Pokémon-EX). Draw 3 cards for each card you discarded in this way.,,0.02,0.23,10.0,0.22,,Normal,205/236,Uncommon,Supporter,,,,,,,
201326,Tag Call,Tag Call,https://tcgplayer-cdn.tcgplayer.com/product/201326_200w.jpg,3,2534,https://cpt.tcgcsv.com/xxD2,2025-12-09T04:15:05.61,1,"Search your deck for up to 2 TAG TEAM cards, reveal them, and put them into your hand. Then, shuffle your deck.",,0.15,0.41,10.0,0.41,0.26,Normal,206/236,Uncommon,Item,,,,,,,
201326,Tag Call,Tag Call,https://tcgplayer-cdn.tcgplayer.com/product/201326_200w.jpg,3,2534,https://cpt.tcgcsv.com/xxD2,2025-12-09T04:15:05.61,1,"Search your deck for up to 2 TAG TEAM cards, reveal them, and put them into your hand. Then, shuffle your deck.",,1.19,1.83,3.39,1.83,1.89,Reverse Holofoil,206/236,Uncommon,Item,,,,,,,
201327,Unidentified Fossil,Unidentified Fossil,https://tcgplayer-cdn.tcgplayer.com/product/201327_200w.jpg,3,2534,https://cpt.tcgcsv.com/zxD2,2025-02-07T19:50:32.807,1,"Play this card as if it were a 60-HP Colorless Basic Pokémon. At any time during your turn <em>(before your attack)</em>, you may discard this card from play.
<br>This card can't retreat.",,0.01,0.2,10.0,0.12,,Normal,207/236,Uncommon,Item,,,,,,,
201327,Unidentified Fossil,Unidentified Fossil,https://tcgplayer-cdn.tcgplayer.com/product/201327_200w.jpg,3,2534,https://cpt.tcgcsv.com/zxD2,2025-02-07T19:50:32.807,1,"Play this card as if it were a 60-HP Colorless Basic Pokémon. At any time during your turn <em>(before your attack)</em>, you may discard this card from play.
<br>This card can't retreat.",,0.23,0.4,5.0,0.37,0.41,Reverse Holofoil,207/236,Uncommon,Item,,,,,,,
201328,Will,Will,https://tcgplayer-cdn.tcgplayer.com/product/201328_200w.jpg,3,2534,https://cpt.tcgcsv.com/BxD2,2025-02-07T19:50:32.87,1,"After playing this card, the next time you flip any coins for an attack, Ability, or Trainer card during this turn, you may choose to make the result heads or tails.",,0.4,0.59,2.99,0.54,,Reverse Holofoil,208/236,Uncommon,Supporter,,,,,,,
201328,Will,Will,https://tcgplayer-cdn.tcgplayer.com/product/201328_200w.jpg,3,2534,https://cpt.tcgcsv.com/BxD2,2025-02-07T19:50:32.87,1,"After playing this card, the next time you flip any coins for an attack, Ability, or Trainer card during this turn, you may choose to make the result heads or tails.",,0.04,0.22,10.0,0.19,,Normal,208/236,Uncommon,Supporter,,,,,,,
201329,Draw Energy,Draw Energy,https://tcgplayer-cdn.tcgplayer.com/product/201329_200w.jpg,3,2534,https://cpt.tcgcsv.com/CxD2,2025-11-25T21:52:39.973,1,"This card provides Colorless Energy.
<br>When you attach this card from your hand to a Pokémon, you may draw a card.",,0.09,0.27,10.0,0.28,0.15,Normal,209/236,Uncommon,Energy,,,,,,,
201329,Draw Energy,Draw Energy,https://tcgplayer-cdn.tcgplayer.com/product/201329_200w.jpg,3,2534,https://cpt.tcgcsv.com/CxD2,2025-11-25T21:52:39.973,1,"This card provides Colorless Energy.
<br>When you attach this card from your hand to a Pokémon, you may draw a card.",,0.45,0.69,10.0,0.69,0.68,Reverse Holofoil,209/236,Uncommon,Energy,,,,,,,
201330,Venusaur & Snivy GX (Full Art),Venusaur and Snivy GX Full Art,https://tcgplayer-cdn.tcgplayer.com/product/201330_200w.jpg,3,2534,https://cpt.tcgcsv.com/DxD2,2021-12-01T15:02:22.163,1,"<strong>Ability — Shining Vine</strong>
<br>Once during your turn, if this Pokemon is your Active Pokemon, when you attach a Grass Energy card from your hand to it, you may switch 1 of your opponent's Benched Pokemon with their Active Pokemon.",,29.98,40.01,129.95,36.35,39.31,Holofoil,210/236,Ultra Rare,Grass,270,Basic,[3G] Forest Dump (160),"<span style=""color:Teal""><strong>[3+] Solar Planet GX</strong>
<br>This attack does 50 damage to each of your opponent's Pokemon. IF this Pokemon has at least 2 extra Energy attached to it in addition to this attack's cost, heal all damage from all of your Pokemon. <em>(Don't apply Weakness and Resistance for Benched Pokemon) (You can't use more than 1 GX attack in a game.)</em></span>",Rx2,None,3
201331,Vileplume GX (Full Art),Vileplume GX Full Art,https://tcgplayer-cdn.tcgplayer.com/product/201331_200w.jpg,3,2534,https://cpt.tcgcsv.com/FxD2,2022-07-25T04:51:00.397,1,"<strong>Ability — Fragrant Flower Garden</strong>
<br>Once during your turn <em>(before your attack)</em>, you may heal 30 damage from each of your Pokémon.",,100.0,124.99,249.99,108.66,199.95,Holofoil,211/236,Ultra Rare,Grass,240,Stage 2,"[1G] Massive Bloom (180-)
<br>This attack does 10 less damage for each damage counter on this Pokémon.","<span style=""color:Teal""><strong>[G] Allergic Explosion GX (50)</strong>
<br>Your opponent's Active Pokémon is now Burned, Paralyzed, and Poisoned. <em>(You can't use more than 1 GX attack in a game.)</em></span>",Rx2,None,2
201332,Charizard & Braixen GX (Full Art),Charizard and Braixen GX Full Art,https://tcgplayer-cdn.tcgplayer.com/product/201332_200w.jpg,3,2534,https://cpt.tcgcsv.com/GxD2,2019-10-30T14:08:13.243,1,,,59.0,82.5,169.0,78.24,90.54,Holofoil,212/236,Ultra Rare,Fire,270,Basic,"[1RRR] Brilliant Flare (180)
<br>You may search your deck for up to 3 cards and put them into your hand. Then, shuffle your deck.","<span style=""color:Teal""><strong>[R+] Crimson Flame Pillar GX</strong>
<br>Attach 5 basic Energy cards from your discard pile to your Pokemon in any way you like. If this Pokemon has at least 1 extra Energy attached to it in addition to this attack's cost, your opponent's Active Pokemon is now Burned and Confused.<em> (You can't use more than 1 GX attack in a game.)</em></span>",Wx2,None,3
201333,Blastoise & Piplup GX (Full Art),Blastoise and Piplup GX Full Art,https://tcgplayer-cdn.tcgplayer.com/product/201333_200w.jpg,3,2534,https://cpt.tcgcsv.com/HxD2,2021-06-24T13:32:20.247,1,,,63.75,80.34,149.95,67.39,,Holofoil,214/236,Ultra Rare,Water,270,Basic,"[1WW] Splash Maker (150)
<br>You may attach up to 3 Water Energy from your hand to your Pokemon in any way you like. If you do, heal 50 damage from those Pokemon for each card you attached to them in this way.","<span style=""color:Teal""><strong>[1WW+] Bubble Launcher GX (100+)</strong>
<br>Your opponent's Active Pokemon is now Paralyzed. If this Pokemon has at least 3 extra Water Energy attached to it <em>(in addition to this attack's cost)</em>, this attack does 150 more damage..<em> (You can't use more than 1 GX attack in a game.)</em></span>",Gx2,None,3
201334,Blastoise & Piplup GX (Alternate Full Art),Blastoise and Piplup GX Alternate Full Art,https://tcgplayer-cdn.tcgplayer.com/product/201334_200w.jpg,3,2534,https://cpt.tcgcsv.com/JxD2,2022-06-10T17:34:21.807,1,,,280.99,399.0,1000.0,361.59,424.99,Holofoil,215/236,Ultra Rare,Water,270,Basic,"[1WW] Splash Maker (150)
<br>You may attach up to 3 Water Energy from your hand to your Pokemon in any way you like. If you do, heal 50 damage from those Pokemon for each card you attached to them in this way.","<span style=""color:Teal""><strong>[1WW+] Bubble Launcher GX (100+)</strong>
<br>Your opponent's Active Pokemon is now Paralyzed. If this Pokemon has at least 3 extra Water Energy attached to it <em>(in addition to this attack's cost)</em>, this attack does 150 more damage..<em> (You can't use more than 1 GX attack in a game.)</em></span>",Gx2,None,3
201335,Flygon GX (Full Art),Flygon GX Full Art,https://tcgplayer-cdn.tcgplayer.com/product/201335_200w.jpg,3,2534,https://cpt.tcgcsv.com/KxD2,2026-03-16T11:36:54.133,1,"<strong>Ability — Sandstorm Guard</strong>
<br>As long as this Pokemon is your Active Pokemon, all of your Pokemon take 30 less damage from your opponent's attacks <em>(after applying Weakness and Resistance)</em>.",,9.99,11.5,69.95,10.86,,Holofoil,218/236,Ultra Rare,Fighting,240,Stage 2,"[FFF] Desert Hurricane (120+)
<br>If there is any Stadium card in play, this attack does 120 more damage. Then, discard that Stadium card.","<span style=""color:Teal""><strong>[FFF] Sonic Edge GX (220)</strong>
<br>This attack's damage isn't affected by any effects on your opponent's Active Pokemon. <em>(You can't use more than 1 GX attack in a game.)</em></span>",Gx2,None,2
201336,Alolan Persian GX (Full Art),Alolan Persian GX Full Art,https://tcgplayer-cdn.tcgplayer.com/product/201336_200w.jpg,3,2534,https://cpt.tcgcsv.com/LxD2,2024-11-20T16:10:10.82,1,"<strong>Ability — Smug Face</strong>
<br>Prevent all effects of attacks, including damage, done to this Pokemon by your opponent's TAG TEAM Pokémon, Ultra Beasts, and Pokemon with Special Energy attached to them.",,4.75,6.0,29.95,6.06,,Holofoil,219/236,Ultra Rare,Darkness,200,Stage 1,[2D] Claw Slash (120),"<span style=""color:Teal""><strong>[2D] Stalking Claw GX (Damage)</strong>
<br>This attack does 120 damage to 1 of your opponent's Pokemon. This damage isn't affected by Weakness, Resistance, or any other effects on that Pokemon. <em>(You can't use more than 1 GX attack in a game.)</em></span>",Fx2,P-20,2
201337,Arceus & Dialga & Palkia GX (Full Art),Arceus and Dialga and Palkia GX Full Art,https://tcgplayer-cdn.tcgplayer.com/product/201337_200w.jpg,3,2534,https://cpt.tcgcsv.com/MxD2,2026-03-17T14:04:25.823,1,,,48.9,63.27,150.0,52.04,57.84,Holofoil,220/236,Ultra Rare,Dragon,280,Basic,"[1WM] Ultimate Ray (150)
<br>Search your deck for up to 3 basic Energy cards and attach them to your Pokemon in any way you like. Then, shuffle your deck.","<span style=""color:Teal""><strong>[M+] Altered Creation GX</strong>
<br>For the rest of this game, your Pokemon's attacks do 30 more damage to your opponent's Active Pokemon<em> (before applying Weakness and Resistance)</em>. If this Pokemon has at least 1 extra Water Energy attached to it <em>(in addition to this attack's cost)</em>, when your opponent's Active Pokemon is Knocked Out by damage from those attacks, take 1 more Prize card.<em> (You can't use more than 1 GX attack in a game.)</em></span>",Yx2,None,3
201338,Arceus & Dialga & Palkia GX (Alternate Full Art),Arceus and Dialga and Palkia GX Alternate Full Art,https://tcgplayer-cdn.tcgplayer.com/product/201338_200w.jpg,3,2534,https://cpt.tcgcsv.com/NxD2,2023-06-29T11:27:48.5,1,,,374.99,454.6,599.75,468.52,562.22,Holofoil,221/236,Ultra Rare,Dragon,280,Basic,"[1WM] Ultimate Ray (150)
<br>Search your deck for up to 3 basic Energy cards and attach them to your Pokemon in any way you like. Then, shuffle your deck.","<span style=""color:Teal""><strong>[M+] Altered Creation GX</strong>
<br>For the rest of this game, your Pokemon's attacks do 30 more damage to your opponent's Active Pokemon<em> (before applying Weakness and Resistance)</em>. If this Pokemon has at least 1 extra Water Energy attached to it <em>(in addition to this attack's cost)</em>, when your opponent's Active Pokemon is Knocked Out by damage from those attacks, take 1 more Prize card.<em> (You can't use more than 1 GX attack in a game.)</em></span>",Yx2,None,3
201339,Reshiram & Zekrom GX (Full Art),Reshiram and Zekrom GX Full Art,https://tcgplayer-cdn.tcgplayer.com/product/201339_200w.jpg,3,2534,https://cpt.tcgcsv.com/PxD2,2021-07-26T14:13:26.727,1,,,289.99,435.09,767.69,425.34,439.89,Holofoil,222/236,Ultra Rare,Dragon,270,Basic,"[RL] Fabled Flarebolts (90x)
<br>Discard up to 3 in any combination of basic Fire and basic Lightning Energy cards from your Benched Pokemon. This attack does 90 damage for each card you discarded in this way.","<span style=""color:Teal""><strong>[RRLL+] Cross Break GX</strong>
<br>This attack does 170 damage to 1 of your opponent's Benched Pokemon. If you played N's Resolve from your hand during this turn, this attack also does 170 damage to 1 of your opponent's other Benched Pokemon. <em>(Don't apply Weakness and Resistance for Benched Pokémon.)  (You can't use more than 1 GX attack in a game.)</em></span>",Yx2,None,3
201340,Naganadel & Guzzlord GX (Full Art),Naganadel and Guzzlord GX Full Art,https://tcgplayer-cdn.tcgplayer.com/product/201340_200w.jpg,3,2534,https://cpt.tcgcsv.com/QxD2,2019-10-30T15:27:26.487,1,"<strong>Ability — Violent Appetite</strong>
<br>Once during your turn<em> (before your attack)</em>, you may discard a Pokemon from your hand. If you do, heal 60 damage from this Pokemon.",,14.59,21.96,79.95,19.1,,Holofoil,223/236,Ultra Rare,Dragon,280,Basic,[1PD] Jet Pierce (180),"<span style=""color:DarkRed""><strong>[1+] Chaotic Order GX </strong>
<br>Turn all of your Prize cards face up. <em>(Those Prize cards remain face up for the rest of the game.)</em> If this Pokemon has at least 1 extra Psychic Energy and 1 extra Darkness Energy attached to it <em>(in addition to this attack's cost)</em>, take 2 Prize cards. . <em>(You can't use more than 1 GX attack in a game.)</em></span>",Yx2,None,3
201341,Naganadel & Guzzlord GX (Alternate Full Art),Naganadel and Guzzlord GX Alternate Full Art,https://tcgplayer-cdn.tcgplayer.com/product/201341_200w.jpg,3,2534,https://cpt.tcgcsv.com/RxD2,2022-06-10T17:34:30.55,1,"<strong>Ability — Violent Appetite</strong>
<br>Once during your turn<em> (before your attack)</em>, you may discard a Pokemon from your hand. If you do, heal 60 damage from this Pokemon.",,74.0,102.78,250.0,102.66,104.99,Holofoil,224/236,Ultra Rare,Dragon,280,Basic,[1PD] Jet Pierce (180),"<span style=""color:DarkRed""><strong>[1+] Chaotic Order GX </strong>
<br>Turn all of your Prize cards face up. <em>(Those Prize cards remain face up for the rest of the game.)</em> If this Pokemon has at least 1 extra Psychic Energy and 1 extra Darkness Energy attached to it <em>(in addition to this attack's cost)</em>, take 2 Prize cards. . <em>(You can't use more than 1 GX attack in a game.)</em></span>",Yx2,None,3
201342,Cynthia & Caitlin (Full Art),Cynthia and Caitlin Full Art,https://tcgplayer-cdn.tcgplayer.com/product/201342_200w.jpg,3,2534,https://cpt.tcgcsv.com/SxD2,2026-02-07T04:57:19.493,1,"Put a Supporter card from your discard pile into your hand. You can't choose Cynthia & Caitlin or a card you discarded with the effect of this card.
<br>When you play this card, you may discard another card from your hand. If you do, draw 3 cards.",,180.0,203.81,249.94,193.24,,Holofoil,228/236,Ultra Rare,Supporter,,,,,,,
201343,Guzma & Hala (Full Art),Guzma and Hala Full Art,https://tcgplayer-cdn.tcgplayer.com/product/201343_200w.jpg,3,2534,https://cpt.tcgcsv.com/TxD2,2023-06-13T15:50:40.673,1,"Search your deck for a Stadium card, reveal it, and put it into your hand. Then, shuffle your deck.
<br>When you play this card, you may discard 2 other cards from your hand. If you do, you may also search for a Pokémon Tool card and a Special Energy card in this way.",,36.14,44.0,99.95,41.83,,Holofoil,229/236,Ultra Rare,Supporter,,,,,,,
201344,Lillie's Full Force (Full Art),Lillies Full Force Full Art,https://tcgplayer-cdn.tcgplayer.com/product/201344_200w.jpg,3,2534,https://cpt.tcgcsv.com/VxD2,2021-10-09T12:49:06.4,1,"Draw 4 cards. If you have 3 or more cards in your hand at the end of this turn, shuffle cards into your deck until you have 2 cards in your hand.",,154.89,199.0,299.99,173.41,154.89,Holofoil,230/236,Ultra Rare,Supporter,,,,,,,
201345,Mallow & Lana (Full Art),Mallow and Lana Full Art,https://tcgplayer-cdn.tcgplayer.com/product/201345_200w.jpg,3,2534,https://cpt.tcgcsv.com/WxD2,2022-07-06T08:20:40.72,1,"Switch your Active Pokémon with 1 of your Benched Pokémon.
<br>When you play this card, you may discard 2 other cards from your hand. If you do, heal 120 damage from the Pokémon you moved to your Bench.",,84.95,95.53,149.99,90.18,119.69,Holofoil,231/236,Ultra Rare,Supporter,,,,,,,
201346,Red & Blue (Full Art),Red and Blue Full Art,https://tcgplayer-cdn.tcgplayer.com/product/201346_200w.jpg,3,2534,https://cpt.tcgcsv.com/XxD2,2019-11-21T12:59:22.737,1,"Search your deck for a Pokémon-GX that evolves from 1 of your Pokémon and put it onto that Pokémon to evolve it. Then, shuffle your deck. <em>(You can't use this card during your first turn or on a Pokémon that was put into play this turn.)</em>
<br>When you play this card, you may discard 2 other cards from your hand. If you do, search your deck for up to 2 basic Energy cards and attach them to the Pokémon you evolved in this way.",,213.0,475.0,4321.0,156.3,399.69,Holofoil,234/236,Ultra Rare,Supporter,,,,,,,
201347,Roller Skater (Full Art),Roller Skater Full Art,https://tcgplayer-cdn.tcgplayer.com/product/201347_200w.jpg,3,2534,https://cpt.tcgcsv.com/ZxD2,2024-06-12T19:14:49.277,1,"Discard a card from your hand. Then, draw 2 cards. If you discarded an Energy card, draw 2 more cards.",,16.19,22.05,149.95,19.36,16.97,Holofoil,235/236,Ultra Rare,Supporter,,,,,,,
201348,Torkoal (Secret),Torkoal Secret,https://tcgplayer-cdn.tcgplayer.com/product/201348_200w.jpg,3,2534,https://cpt.tcgcsv.com/-xD2,2025-01-15T20:33:03.117,1,,,7.25,10.25,96.95,9.01,7.82,Holofoil,237/236,Secret Rare,Fire,110,Basic,"[R] Fire Fling
<br>Put 4 Fire Energy cards from your discard pile into your hand.","[RRR] Kindle (100)
<br>Discard an Energy from this Pokémon. If you do, discard an Energy from your opponent's Active Pokémon.",Wx2,None,2
201349,Weavile (Secret),Weavile Secret,https://tcgplayer-cdn.tcgplayer.com/product/201349_200w.jpg,3,2534,https://cpt.tcgcsv.com/_xD2,2026-02-02T19:10:50.027,1,,,6.1,7.67,100.0,7.24,6.95,Holofoil,238/236,Secret Rare,Water,90,Stage 1,"[D] Nasty Plot
<br>Search your deck for up to 2 cards and put them into your hand. Then, shuffle your deck.",[1DD] Slashing Claw (110),Mx2,None,0
201350,Piplup (Secret),Piplup Secret,https://tcgplayer-cdn.tcgplayer.com/product/201350_200w.jpg,3,2534,https://cpt.tcgcsv.com/0zD2,2026-01-29T18:09:54.35,1,,,42.0,70.57,110.71,55.41,64.07,Holofoil,239/236,Secret Rare,Water,60,Basic,"[WWW] Bubble Hold (80)
<br>If the Defending Pokémon is a Basic Pokémon, it can't attack during your opponent's next turn.",,Lx2,None,1
201351,Wishiwashi (Secret),Wishiwashi Secret,https://tcgplayer-cdn.tcgplayer.com/product/201351_200w.jpg,3,2534,https://cpt.tcgcsv.com/2zD2,2026-02-17T11:48:50.46,1,"<strong>Ability — Scatter</strong>
<br>At the end of your opponent's turn, if this Pokémon has any damage counters on it, flip a coin. If tails, shuffle this Pokémon and all cards attached to it into your deck.",,8.99,13.13,70.0,11.76,9.95,Holofoil,240/236,Secret Rare,Water,180,Basic,[1WW] Hydro Splash (130),,Lx2,None,3
201352,Pikachu (Secret),Pikachu Secret,https://tcgplayer-cdn.tcgplayer.com/product/201352_200w.jpg,3,2534,https://cpt.tcgcsv.com/3zD2,2026-01-29T18:09:09.027,1,,,92.79,148.7,300.0,142.12,192.0,Holofoil,241/236,Secret Rare,Lightning,70,Basic,"[L] Nuzzle
<br>Flip a coin. If heads, your opponent's Active Pokémon is now Paralyzed.","[1LL] Volt Tackle (70)
<br>This Pokémon does 10 damage to itself.",Fx2,M-20,1
201353,Magnemite (Secret),Magnemite Secret,https://tcgplayer-cdn.tcgplayer.com/product/201353_200w.jpg,3,2534,https://cpt.tcgcsv.com/5zD2,2026-02-04T18:59:35.273,1,,,9.45,15.0,70.0,14.57,22.95,Holofoil,242/236,Secret Rare,Lightning,60,Basic,"[L] Mirror Shot (10)
<br>If the Defending Pokémon tries to attack during your opponent's next turn, your opponent flips a coin. If tails, that attack does nothing.",,Fx2,M-20,1
201354,Koffing (Secret),Koffing Secret,https://tcgplayer-cdn.tcgplayer.com/product/201354_200w.jpg,3,2534,https://cpt.tcgcsv.com/6zD2,2026-02-12T01:26:30.6,1,"<strong>Ability — Blow-Away Bomb</strong>
<br>Once during your turn <em>(before your attack)</em>, if this Pokémon is discarded by the effect of Roxie, put 1 damage counter on each of your opponent's Pokémon. (Apply the effect of Roxie first.)",,18.08,23.5,90.0,21.58,25.99,Holofoil,243/236,Secret Rare,Psychic,60,Basic,"[1P] Poison Gas (10)
<br>Your opponent's Active Pokémon is now Poisoned.",,Px2,None,1
201355,Gallade (Secret),Gallade Secret,https://tcgplayer-cdn.tcgplayer.com/product/201355_200w.jpg,3,2534,https://cpt.tcgcsv.com/7zD2,2026-01-05T21:48:11.087,1,"<strong>Ability — Double Type</strong>
<br>As long as this Pokémon is in play, it is Psychic and Fighting type.",,6.0,9.84,50.0,8.2,9.99,Holofoil,244/236,Secret Rare,Psychic,160,Stage 2,"[2] Power Cyclone (120)
<br>Move an Energy from this Pokémon to 1 of your Benched Pokémon.",,Px2,None,2
201356,Mimikyu (Secret),Mimikyu Secret,https://tcgplayer-cdn.tcgplayer.com/product/201356_200w.jpg,3,2534,https://cpt.tcgcsv.com/8zD2,2026-02-12T01:28:08.827,1,,,36.6,44.0,149.99,41.69,55.91,Holofoil,245/236,Secret Rare,Psychic,70,Basic,"[1] Impersonate
<br>Discard a Supporter card from your hand and use the effect of that card as the effect of this attack.","[P] Mischievous Hands
<br>Put 2 damage counters on 2 of your opponent's Pokémon.",None,None,1
201357,Excadrill (Secret),Excadrill Secret,https://tcgplayer-cdn.tcgplayer.com/product/201357_200w.jpg,3,2534,https://cpt.tcgcsv.com/9zD2,2026-02-02T20:35:27.267,1,,,2.99,4.58,45.0,4.24,5.45,Holofoil,246/236,Secret Rare,Fighting,140,Stage 1,"[F] Eleventh Hour Tackle (30+)
<br>If there are 3 or fewer cards in your deck, this attack does 150 more damage.","[F] Drill Bazooka (120)
<br>Discard the top 4 cards of your deck.",Gx2,None,4
201358,Steelix (Secret),Steelix Secret,https://tcgplayer-cdn.tcgplayer.com/product/201358_200w.jpg,3,2534,https://cpt.tcgcsv.com/bzD2,2026-02-24T16:46:19.4,1,,,11.0,16.11,100.0,14.95,16.95,Holofoil,247/236,Secret Rare,Metal,170,Stage 1,"[2] Thumping Fall (50x)
<br>You may discard any number of Pokemon from your hand that have a Retreat Cost of 4. This attack does 50 damage for each card you discarded in this way.","[3M] Iron Tail (100x)
<br>Flip a coin until you get tails. This attack does 100 damage for each heads.",Rx2,P-20,4
201359,Stoutland (Secret),Stoutland Secret,https://tcgplayer-cdn.tcgplayer.com/product/201359_200w.jpg,3,2534,https://cpt.tcgcsv.com/czD2,2026-02-11T00:11:30.033,1,"<strong>Ability — Arf Arf Bark</strong>
<br>When you play this Pokémon from your hand to evolve 1 of your Pokémon during your turn, you may discard an Energy from your opponent's Active Pokémon. If this Pokémon is your Active Pokémon and is Knocked Out by damage from an opponent's attack, you may discard an Energy from your opponent's Active Pokémon.",,4.22,7.26,55.0,6.49,5.35,Holofoil,248/236,Secret Rare,Colorless,150,Stage 2,"[3] Overrun (110)
<br>This attack does 30 damage to 1 of your opponent's Benched Pokémon. (Don't apply Weakness and Resistance for Benched Pokémon.)",,Fx2,None,3
201360,Arceus & Dialga & Palkia GX (Secret),Arceus and Dialga and Palkia GX Secret,https://tcgplayer-cdn.tcgplayer.com/product/201360_200w.jpg,3,2534,https://cpt.tcgcsv.com/dzD2,2026-03-04T21:23:12.447,1,,,69.83,80.52,99.95,73.98,,Holofoil,258/236,Rainbow Rare,Dragon,280,Basic,"[1WM] Ultimate Ray (150)
<br>Search your deck for up to 3 basic Energy cards and attach them to your Pokemon in any way you like. Then, shuffle your deck.","<span style=""color:Teal""><strong>[M+] Altered Creation GX</strong>
<br>For the rest of this game, your Pokemon's attacks do 30 more damage to your opponent's Active Pokemon<em> (before applying Weakness and Resistance)</em>. If this Pokemon has at least 1 extra Water Energy attached to it <em>(in addition to this attack's cost)</em>, when your opponent's Active Pokemon is Knocked Out by damage from those attacks, take 1 more Prize card.<em> (You can't use more than 1 GX attack in a game.)</em></span>",Yx2,None,3
201361,Power Plant (Secret),Power Plant Secret,https://tcgplayer-cdn.tcgplayer.com/product/201361_200w.jpg,3,2534,https://cpt.tcgcsv.com/fzD2,2026-01-05T21:49:56.387,1,Pokémon-GX and Pokémon-EX in play <em>(both yours and your opponent's)</em> have no Abilities.,,8.42,10.52,69.9,9.89,12.71,Holofoil,269/236,Secret Rare,Stadium,,,,,,,
201609,Venusaur & Snivy GX (Secret),Venusaur and Snivy GX Secret,https://tcgplayer-cdn.tcgplayer.com/product/201609_200w.jpg,3,2534,https://cpt.tcgcsv.com/cGD2,2026-03-04T17:00:43.14,1,"<strong>Ability — Shining Vine</strong>
<br>Once during your turn, if this Pokemon is your Active Pokemon, when you attach a Grass Energy card from your hand to it, you may switch 1 of your opponent's Benched Pokemon with their Active Pokemon.",,42.0,55.13,99.95,50.31,69.69,Holofoil,249/236,Rainbow Rare,Grass,270,Basic,[3G] Forest Dump (160),"<span style=""color:Teal""><strong>[3+] Solar Planet GX</strong>
<br>This attack does 50 damage to each of your opponent's Pokemon. IF this Pokemon has at least 2 extra Energy attached to it in addition to this attack's cost, heal all damage from all of your Pokemon. <em>(Don't apply Weakness and Resistance for Benched Pokemon) (You can't use more than 1 GX attack in a game.)</em></span>",Rx2,None,3
201610,Vileplume GX (Secret),Vileplume GX Secret,https://tcgplayer-cdn.tcgplayer.com/product/201610_200w.jpg,3,2534,https://cpt.tcgcsv.com/dGD2,2026-03-04T17:01:05.61,1,"<strong>Ability — Fragrant Flower Garden</strong>
<br>Once during your turn <em>(before your attack)</em>, you may heal 30 damage from each of your Pokémon.",,47.0,71.59,274.94,50.61,69.97,Holofoil,250/236,Rainbow Rare,Grass,240,Stage 2,"[1G] Massive Bloom (180-)
<br>This attack does 10 less damage for each damage counter on this Pokémon.","<span style=""color:Teal""><strong>[G] Allergic Explosion GX (50)</strong>
<br>Your opponent's Active Pokémon is now Burned, Paralyzed, and Poisoned. <em>(You can't use more than 1 GX attack in a game.)</em></span>",Rx2,None,2
201611,Charizard & Braixen GX (Secret),Charizard and Braixen GX Secret,https://tcgplayer-cdn.tcgplayer.com/product/201611_200w.jpg,3,2534,https://cpt.tcgcsv.com/fGD2,2026-03-04T20:08:03.767,1,,,94.36,118.13,199.99,96.29,118.25,Holofoil,251/236,Rainbow Rare,Fire,270,Basic,"[1RRR] Brilliant Flare (180)
<br>You may search your deck for up to 3 cards and put them into your hand. Then, shuffle your deck.","<span style=""color:Teal""><strong>[R+] Crimson Flame Pillar GX</strong>
<br>Attach 5 basic Energy cards from your discard pile to your Pokemon in any way you like. If this Pokemon has at least 1 extra Energy attached to it in addition to this attack's cost, your opponent's Active Pokemon is now Burned and Confused.<em> (You can't use more than 1 GX attack in a game.)</em></span>",Wx2,None,3
201612,Blastoise & Piplup GX (Secret),Blastoise and Piplup GX Secret,https://tcgplayer-cdn.tcgplayer.com/product/201612_200w.jpg,3,2534,https://cpt.tcgcsv.com/gGD2,2026-03-04T20:09:01.937,1,,,83.66,89.76,119.97,89.95,,Holofoil,253/236,Rainbow Rare,Water,270,Basic,"[1WW] Splash Maker (150)
<br>You may attach up to 3 Water Energy from your hand to your Pokemon in any way you like. If you do, heal 50 damage from those Pokemon for each card you attached to them in this way.","<span style=""color:Teal""><strong>[1WW+] Bubble Launcher GX (100+)</strong>
<br>Your opponent's Active Pokemon is now Paralyzed. If this Pokemon has at least 3 extra Water Energy attached to it <em>(in addition to this attack's cost)</em>, this attack does 150 more damage..<em> (You can't use more than 1 GX attack in a game.)</em></span>",Gx2,None,3
201614,Solgaleo & Lunala GX (Secret),Solgaleo and Lunala GX Secret,https://tcgplayer-cdn.tcgplayer.com/product/201614_200w.jpg,3,2534,https://cpt.tcgcsv.com/jGD2,2026-03-04T20:35:54.707,1,,,81.5,157.98,249.95,117.31,159.91,Holofoil,254/236,Rainbow Rare,Psychic,270,Basic,"[1PPP] Cosmic Burn (230)
<br>This Pokémon can't use Cosmic Burn during your next turn.","<span style=""color:Teal""><strong>[1PP+] Light of the Protector GX (200)</strong>
<br>If you played Lillie's Full Force from your hand during this turn, prevent all effects of attacks, including damage, done to each of your Pokémon during your opponent's next turn. <em>(You can't use more than 1 GX attack in a game.)</em></span>",Px2,None,2
201615,Oricorio GX (Secret),Oricorio GX Secret,https://tcgplayer-cdn.tcgplayer.com/product/201615_200w.jpg,3,2534,https://cpt.tcgcsv.com/kGD2,2026-03-04T20:57:57.84,1,"<strong>Ability — Dance of Tribute</strong>
<br>If 1 of your Pokémon was Knocked Out during your opponent's last turn, once during your turn <em>(before your attack)</em>, you may draw 3 cards. You can't use more than 1 Tribute Dance Ability each turn.",,6.99,44.97,99.99,10.75,89.69,Holofoil,255/236,Rainbow Rare,Psychic,170,Basic,[2P] Razor Wing (80),"<span style=""color:Teal""><strong>[2P] Strafe GX (100)</strong>
<br>You may switch this Pokémon with 1 of your Benched Pokémon. <em>(You can't use more than 1 GX attack in a game.)</em></span>",Dx2,F-20,1
201617,Flygon GX (Secret),Flygon GX Secret,https://tcgplayer-cdn.tcgplayer.com/product/201617_200w.jpg,3,2534,https://cpt.tcgcsv.com/mGD2,2026-03-04T21:15:35.167,1,"<strong>Ability — Dusty Defense</strong>
<br>As long as this Pokemon is your Active Pokemon, all of your Pokemon take 30 less damage from your opponent's attacks <em>(after applying Weakness and Resistance)</em>.",,15.35,39.51,200.0,24.79,,Holofoil,256/236,Rainbow Rare,Fighting,240,Stage 2,"[FFF] Desert Hurricane (120+)
<br>If there is any Stadium card in play, this attack does 120 more damage. Then, discard that Stadium card.","<span style=""color:Teal""><strong>[FFF] Sonic Edge GX (220)</strong>
<br>This attack's damage isn't affected by any effects on your opponent's Active Pokemon. <em>(You can't use more than 1 GX attack in a game.)</em></span>",Gx2,None,2
201619,Alolan Persian GX (Secret),Alolan Persian GX Secret,https://tcgplayer-cdn.tcgplayer.com/product/201619_200w.jpg,3,2534,https://cpt.tcgcsv.com/pGD2,2026-03-04T21:22:57.61,1,"<strong>Ability — Smug Face</strong>
<br>Prevent all effects of attacks, including damage, done to this Pokemon by your opponent's TAG TEAM Pokémon, Ultra Beasts, and Pokemon with Special Energy attached to them.",,8.24,12.79,59.95,11.43,,Holofoil,257/236,Rainbow Rare,Darkness,200,Stage 1,[2D] Claw Slash (120),"<span style=""color:Teal""><strong>[2D] Stalking Claw GX (Damage)</strong>
<br>This attack does 120 damage to 1 of your opponent's Pokemon. This damage isn't affected by Weakness, Resistance, or any other effects on that Pokemon. <em>(You can't use more than 1 GX attack in a game.)</em></span>",Fx2,P-20,2
201620,Reshiram & Zekrom GX (Secret),Reshiram and Zekrom GX Secret,https://tcgplayer-cdn.tcgplayer.com/product/201620_200w.jpg,3,2534,https://cpt.tcgcsv.com/qGD2,2026-03-04T21:23:37.043,1,,,170.0,205.69,299.95,184.12,244.6,Holofoil,259/236,Rainbow Rare,Dragon,270,Basic,"[RL] Fabled Flarebolts (90x)
<br>Discard up to 3 in any combination of basic Fire and basic Lightning Energy cards from your Benched Pokemon. This attack does 90 damage for each card you discarded in this way.","<span style=""color:Teal""><strong>[RRLL+] Cross Break GX</strong>
<br>This attack does 170 damage to 1 of your opponent's Benched Pokemon. If you played N's Resolve from your hand during this turn, this attack also does 170 damage to 1 of your opponent's other Benched Pokemon. <em>(Don't apply Weakness and Resistance for Benched Pokémon.)  (You can't use more than 1 GX attack in a game.)</em></span>",Yx2,None,3
201622,Naganadel & Guzzlord GX (Secret),Naganadel and Guzzlord GX Secret,https://tcgplayer-cdn.tcgplayer.com/product/201622_200w.jpg,3,2534,https://cpt.tcgcsv.com/sGD2,2026-03-04T21:23:49.507,1,"<strong>Ability — Violent Appetite</strong>
<br>Once during your turn<em> (before your attack)</em>, you may discard a Pokemon from your hand. If you do, heal 60 damage from this Pokemon.",,22.5,27.2,79.95,27.2,,Holofoil,260/236,Rainbow Rare,Dragon,280,Basic,[1PD] Jet Pierce (180),"<span style=""color:DarkRed""><strong>[1+] Chaotic Order GX </strong>
<br>Turn all of your Prize cards face up. <em>(Those Prize cards remain face up for the rest of the game.)</em> If this Pokemon has at least 1 extra Psychic Energy and 1 extra Darkness Energy attached to it <em>(in addition to this attack's cost)</em>, take 2 Prize cards. . <em>(You can't use more than 1 GX attack in a game.)</em></span>",Yx2,None,3
201623,Silvally GX (Secret),Silvally GX Secret,https://tcgplayer-cdn.tcgplayer.com/product/201623_200w.jpg,3,2534,https://cpt.tcgcsv.com/tGD2,2026-03-04T21:24:33.987,1,"<strong>Ability — Disk Reload</strong>
<br>Once during your turn <em>(before your attack)</em>, you may draw cards until you have 5 cards in your hand.",,19.49,28.75,99.95,27.06,,Holofoil,262/236,Rainbow Rare,Colorless,210,Stage 1,"[2] Brave Buddies (50+)
<br>If you played a Supporter card from your hand during this turn, this attack does 70 more damage.","<span style=""color:Teal""><strong>[2] Silver Knight GX</strong>
<br>If your opponent's Active Pokémon is an Ultra Beast, that Pokémon is Knocked Out. <em>(You can't use more than 1 GX attack in a game.)</em></span",Fx2,None,2
201626,Giant Hearth (Secret),Giant Hearth Secret,https://tcgplayer-cdn.tcgplayer.com/product/201626_200w.jpg,3,2534,https://cpt.tcgcsv.com/xGD2,2021-06-24T13:37:23.37,1,"Once during each player’s turn, that player may discard a card from their hand. If they do, that player searches their deck for up to 2 Fire Energy cards, reveals them, and puts them into their hand. Then, that player shuffles their deck.",,8.5,10.0,69.9,9.15,11.0,Holofoil,263/236,Secret Rare,Stadium,,,,,,,
201627,Great Catcher (Secret),Great Catcher Secret,https://tcgplayer-cdn.tcgplayer.com/product/201627_200w.jpg,3,2534,https://cpt.tcgcsv.com/zGD2,2021-05-24T19:45:02.37,1,"You can play this card only if you discard 2 other cards from your hand.
<br>Switch 1 of your opponent's Benched Pokémon-GX or Pokémon-EX with their Active Pokémon.",,3.32,5.05,69.95,5.02,5.02,Holofoil,264/236,Secret Rare,Item,,,,,,,
201629,Island Challenge Amulet (Secret),Island Challenge Amulet Secret,https://tcgplayer-cdn.tcgplayer.com/product/201629_200w.jpg,3,2534,https://cpt.tcgcsv.com/CGD2,2026-02-02T19:07:26.133,1,"The Pokemon-GX or Pokemon-EX this card is attached to gets -100 HP, and when it is Knocked Out by damage from an opponent's attack, that player takes 1 fewer Prize cards.",,3.83,5.0,69.95,4.85,6.24,Holofoil,265/236,Secret Rare,Item,,,,,,,
201631,Lana's Fishing Rod (Secret),Lanas Fishing Rod Secret,https://tcgplayer-cdn.tcgplayer.com/product/201631_200w.jpg,3,2534,https://cpt.tcgcsv.com/FGD2,2019-10-30T15:09:31.573,1,Shuffle a Pokémon and a Pokémon Tool card from your discard pile into your deck.,,7.34,9.92,96.95,9.66,9.75,Holofoil,266/236,Secret Rare,Item,,,,,,,
201632,Lillie's Poke Doll (Secret),Lillies Poke Doll Secret,https://tcgplayer-cdn.tcgplayer.com/product/201632_200w.jpg,3,2534,https://cpt.tcgcsv.com/GGD2,2023-01-31T20:22:12.887,1,"Play this card as if it were a 30-HP Colorless Basic Pokémon. At any time during your turn <em>(before your attack)</em>, you may put this card on the bottom of your deck. If you do, discard all cards from it.
<br>This card can't retreat. If this card is Knocked Out, your opponent can't take any Prize Cards for it.",,19.97,35.99,100.0,20.98,35.99,Holofoil,267/236,Secret Rare,Item,,,,,,,
201634,Martial Arts Dojo (Secret),Martial Arts Dojo Secret,https://tcgplayer-cdn.tcgplayer.com/product/201634_200w.jpg,3,2534,https://cpt.tcgcsv.com/JGD2,2026-02-11T00:10:45.303,1,"The attacks of non-Ultra Beast Pokémon that have any basic F Energy attached to them (both yours and your opponent's) do 10 more damage to the opponent's Active Pokémon (before applying Weakness and Resistance). If the attacking player has more Prize cards remaining than their opponent, those attacks do 40 more damage instead.",,7.0,10.77,69.9,10.14,,Holofoil,268/236,Secret Rare,Stadium,,,,,,,
201635,Tag Call (Secret),Tag Call Secret,https://tcgplayer-cdn.tcgplayer.com/product/201635_200w.jpg,3,2534,https://cpt.tcgcsv.com/KGD2,2019-10-30T16:10:31.377,1,"Search your deck for up to 2 TAG TEAM cards, reveal them, and put them into your hand. Then, shuffle your deck.",,8.39,11.36,96.95,10.33,11.72,Holofoil,270/236,Secret Rare,Item,,,,,,,
201636,Draw Energy (Secret),Draw Energy Secret,https://tcgplayer-cdn.tcgplayer.com/product/201636_200w.jpg,3,2534,https://cpt.tcgcsv.com/LGD2,2019-10-30T14:17:07.313,1,"This card provides Colorless Energy.
<br>When you attach this card from your hand to a Pokémon, you may draw a card.",,6.19,7.57,4321.0,7.41,,Holofoil,271/236,Secret Rare,Energy,,,,,,,
201639,Volcarona GX,Volcarona GX,https://tcgplayer-cdn.tcgplayer.com/product/201639_200w.jpg,3,2534,https://cpt.tcgcsv.com/PGD2,2026-01-15T03:38:33.887,1,"<strong>Ability — Flaming Shot</strong>
<br>Once during your turn <em>(before your attack)</em>, you may discard a Fire energy card from your hand. If you do, put 2 damage counters on 1 of your opponent's Pokemon.",,1.32,2.18,10.0,2.18,2.49,Holofoil,35/236,Ultra Rare,Fire,210,Stage 1,"[1RR] Backfire (160)
<br>Put 2 Fire Energy attached to this Pokemon into your hand.","<span style=""color:Teal""><strong>[R] Massive Heat Wave GX</strong>
<br>Discard an Energy from each of your opponent's Pokemon. <em>(You can't use more than 1 GX attack in a game.)</em></span>",Wx2,None,3
201640,Volcarona GX (Full Art),Volcarona GX Full Art,https://tcgplayer-cdn.tcgplayer.com/product/201640_200w.jpg,3,2534,https://cpt.tcgcsv.com/QGD2,2023-10-23T09:36:16.473,1,"<strong>Ability — Flaming Shot</strong>
<br>Once during your turn <em>(before your attack)</em>, you may discard a Fire energy card from your hand. If you do, put 2 damage counters on 1 of your opponent's Pokemon.",,4.74,6.0,49.95,5.71,6.8,Holofoil,213/236,Ultra Rare,Fire,210,Stage 1,"[1RR] Backfire (160)
<br>Put 2 Fire Energy attached to this Pokemon into your hand.","<span style=""color:Teal""><strong>[R] Massive Heat Wave GX</strong>
<br>Discard an Energy from each of your opponent's Pokemon. <em>(You can't use more than 1 GX attack in a game.)</em></span>",Wx2,None,3
201641,Volcarona GX (Secret),Volcarona GX Secret,https://tcgplayer-cdn.tcgplayer.com/product/201641_200w.jpg,3,2534,https://cpt.tcgcsv.com/RGD2,2026-03-04T20:08:14.61,1,"<strong>Ability — Flaming Shot</strong>
<br>Once during your turn <em>(before your attack)</em>, you may discard a Fire energy card from your hand. If you do, put 2 damage counters on 1 of your opponent's Pokemon.",,14.99,19.0,59.95,17.14,24.25,Holofoil,252/236,Rainbow Rare,Fire,210,Stage 1,"[1RR] Backfire (160)
<br>Put 2 Fire Energy attached to this Pokemon into your hand.","<span style=""color:Teal""><strong>[R] Massive Heat Wave GX</strong>
<br>Discard an Energy from each of your opponent's Pokemon. <em>(You can't use more than 1 GX attack in a game.)</em></span>",Wx2,None,3
201643,Wishiwashi GX,Wishiwashi GX,https://tcgplayer-cdn.tcgplayer.com/product/201643_200w.jpg,3,2534,https://cpt.tcgcsv.com/TGD2,2026-02-17T11:47:22.737,1,,,0.9,1.71,9.95,1.54,1.2,Holofoil,63/236,Ultra Rare,Water,130,Basic,"[1W] School Storm (20x)
<br>This attack does 20 damage for each of your Wishiwashi and Wishiwashi GX in play.","<span style=""color:Teal""><strong>[1] Massive Catch GX</strong>
<br>Look at the top 12 cards of your deck and put any number of Basic Pokemon you find there onto your Bench. Shuffle the other cards back into your deck. <em>(You can't use more than 1 GX attack in a game.)</em></span>",Lx2,None,1
201646,Florges,Florges,https://tcgplayer-cdn.tcgplayer.com/product/201646_200w.jpg,3,2534,https://cpt.tcgcsv.com/XGD2,2025-11-25T17:02:51.193,1,"<strong>Ability — Flower Picking</strong>
<br>When you play this Pokemon from your hand to evolve 1 of your Pokemon during your turn, you may choose 2 random cards from your opponent's hand. Your opponent reveals those cards and shuffles them into their deck.",,0.5,0.99,19.97,0.81,1.81,Reverse Holofoil,152/236,Holo Rare,Fairy,130,Stage 2,"[1Y] Petal Dance (60x)
<br>Flip 3 coins. This attack does 60 damage for each heads. This Pokemon is now confused.",,Mx2,D-20,2
201646,Florges,Florges,https://tcgplayer-cdn.tcgplayer.com/product/201646_200w.jpg,3,2534,https://cpt.tcgcsv.com/XGD2,2025-11-25T17:02:51.193,1,"<strong>Ability — Flower Picking</strong>
<br>When you play this Pokemon from your hand to evolve 1 of your Pokemon during your turn, you may choose 2 random cards from your opponent's hand. Your opponent reveals those cards and shuffles them into their deck.",,0.25,0.72,2.99,0.71,0.99,Holofoil,152/236,Holo Rare,Fairy,130,Stage 2,"[1Y] Petal Dance (60x)
<br>Flip 3 coins. This attack does 60 damage for each heads. This Pokemon is now confused.",,Mx2,D-20,2
201647,Kommo-o,Kommo o,https://tcgplayer-cdn.tcgplayer.com/product/201647_200w.jpg,3,2534,https://cpt.tcgcsv.com/ZGD2,2026-02-04T18:56:12.497,1,,,0.49,1.52,3.0,1.76,1.99,Reverse Holofoil,163/236,Holo Rare,Dragon,160,Stage 2,"[F] Shout of Power (60)
<br>Attach a basic Energy card from your discard pile to 1 of your Benched Pokemon.","[LF] Scaly Uppercut (90+)
<br>You may discard a Pokemon Tool card from this Pokemon. If you do, this attack does 90 more damage.",Yx2,None,2
201647,Kommo-o,Kommo o,https://tcgplayer-cdn.tcgplayer.com/product/201647_200w.jpg,3,2534,https://cpt.tcgcsv.com/ZGD2,2026-02-04T18:56:12.497,1,,,0.47,1.1,10.0,1.18,7.95,Holofoil,163/236,Holo Rare,Dragon,160,Stage 2,"[F] Shout of Power (60)
<br>Attach a basic Energy card from your discard pile to 1 of your Benched Pokemon.","[LF] Scaly Uppercut (90+)
<br>You may discard a Pokemon Tool card from this Pokemon. If you do, this attack does 90 more damage.",Yx2,None,2
201648,Ultra Necrozma,Ultra Necrozma,https://tcgplayer-cdn.tcgplayer.com/product/201648_200w.jpg,3,2534,https://cpt.tcgcsv.com/-GD2,2025-11-25T17:24:38.217,1,"<strong>Ability — Ultra Burst</strong>
<br>This Pokemon can't attack unless your opponent has 2 or fewer Prize cards remaining.",,2.25,4.24,96.95,4.24,4.65,Reverse Holofoil,164/236,Holo Rare,Dragon,110,Basic,"[PM] Luster of Downfall (170)
<br>Discard an Energy from your opponent's Active Pokemon.",,Yx2,None,2
201648,Ultra Necrozma,Ultra Necrozma,https://tcgplayer-cdn.tcgplayer.com/product/201648_200w.jpg,3,2534,https://cpt.tcgcsv.com/-GD2,2025-11-25T17:24:38.217,1,"<strong>Ability — Ultra Burst</strong>
<br>This Pokemon can't attack unless your opponent has 2 or fewer Prize cards remaining.",,2.35,3.6,9.95,3.6,4.77,Holofoil,164/236,Holo Rare,Dragon,110,Basic,"[PM] Luster of Downfall (170)
<br>Discard an Energy from your opponent's Active Pokemon.",,Yx2,None,2
201649,Dragonium Z: Dragon Claw,Dragonium Z Dragon Claw,https://tcgplayer-cdn.tcgplayer.com/product/201649_200w.jpg,3,2534,https://cpt.tcgcsv.com/_GD2,2025-02-07T19:50:32.937,1,"If the Pokemon this card is attached to has the Dragon Claw attack, it can use the GX attack on this card. <em>(You still need the Energy to use this attack.)</em>",,0.04,0.2,10.0,0.17,,Normal,190/236,Uncommon,Item,,,"<span style=""color:Teal""><strong>[3] Destructive Drake GX (80x)</strong>
<br>Discard all basic Energy from this Pokemon. This attack does 80 damage for each card you discarded this way. <em>(You can't use more than 1 GX attack in a game.)</em></span>",,,,
201649,Dragonium Z: Dragon Claw,Dragonium Z Dragon Claw,https://tcgplayer-cdn.tcgplayer.com/product/201649_200w.jpg,3,2534,https://cpt.tcgcsv.com/_GD2,2025-02-07T19:50:32.937,1,"If the Pokemon this card is attached to has the Dragon Claw attack, it can use the GX attack on this card. <em>(You still need the Energy to use this attack.)</em>",,0.11,0.5,1.61,0.45,,Reverse Holofoil,190/236,Uncommon,Item,,,"<span style=""color:Teal""><strong>[3] Destructive Drake GX (80x)</strong>
<br>Discard all basic Energy from this Pokemon. This attack does 80 damage for each card you discarded this way. <em>(You can't use more than 1 GX attack in a game.)</em></span>",,,,
201650,Rosa,Rosa,https://tcgplayer-cdn.tcgplayer.com/product/201650_200w.jpg,3,2534,https://cpt.tcgcsv.com/0HD2,2025-11-12T22:47:47.16,1,"You can play this card only if 1 of your Pokemon was Knocked Out during your opponent's last turn.
<br>Search your deck for a Pokemon, a Trainer card, and a basic Energy card, reveal them, and put them into your hand. then, shuffle your deck.",,2.75,3.31,10.0,3.2,3.95,Holofoil,204/236,Holo Rare,Supporter,,,,,,,
201650,Rosa,Rosa,https://tcgplayer-cdn.tcgplayer.com/product/201650_200w.jpg,3,2534,https://cpt.tcgcsv.com/0HD2,2025-11-12T22:47:47.16,1,"You can play this card only if 1 of your Pokemon was Knocked Out during your opponent's last turn.
<br>Search your deck for a Pokemon, a Trainer card, and a basic Energy card, reveal them, and put them into your hand. then, shuffle your deck.",,1.99,3.83,7.99,3.64,,Reverse Holofoil,204/236,Holo Rare,Supporter,,,,,,,
201651,Rosa (Full Art),Rosa Full Art,https://tcgplayer-cdn.tcgplayer.com/product/201651_200w.jpg,3,2534,https://cpt.tcgcsv.com/2HD2,2019-11-07T14:41:53.89,1,"You can play this card only if 1 of your Pokemon was Knocked Out during your opponent's last turn.
<br>Search your deck for a Pokemon, a Trainer card, and a basic Energy card, reveal them, and put them into your hand. then, shuffle your deck.",,239.99,280.84,600.0,280.66,,Holofoil,236/236,Ultra Rare,Supporter,,,,,,,
201925,Sawsbuck,Sawsbuck,https://tcgplayer-cdn.tcgplayer.com/product/201925_200w.jpg,3,2534,https://cpt.tcgcsv.com/wND2,2025-11-27T08:21:16.403,1,"<strong>Ability — Seasonal Blessing</strong>
<br>Once during your turn <em>(before your attack)</em>, you may draw a card.",,0.85,1.43,3.24,1.43,3.24,Holofoil,16/236,Holo Rare,Grass,100,Stage 1,"[1G] Bounce (60)
<br>Switch this Pokémon with 1 of your Benched Pokémon.",,Rx2,None,2
201925,Sawsbuck,Sawsbuck,https://tcgplayer-cdn.tcgplayer.com/product/201925_200w.jpg,3,2534,https://cpt.tcgcsv.com/wND2,2025-11-27T08:21:16.403,1,"<strong>Ability — Seasonal Blessing</strong>
<br>Once during your turn <em>(before your attack)</em>, you may draw a card.",,1.0,1.34,2.8,1.16,,Reverse Holofoil,16/236,Holo Rare,Grass,100,Stage 1,"[1G] Bounce (60)
<br>Switch this Pokémon with 1 of your Benched Pokémon.",,Rx2,None,2
201926,Decidueye,Decidueye,https://tcgplayer-cdn.tcgplayer.com/product/201926_200w.jpg,3,2534,https://cpt.tcgcsv.com/xND2,2022-12-12T20:25:24.19,1,,,0.7,1.04,2.5,0.96,,Reverse Holofoil,20/236,Holo Rare,Grass,140,Stage 2,"[G] Skill Dive
<br>This attack does 40 damage to 1 of your opponent's Pokémon. <em>(Don't apply Weakness and Resistance for Benched Pokémon.)</em>","[2] Tracking Shot (80)
<br>This attack does 80 damage to 1 of your opponent's Pokémon that has any damage counters on it. <em>(Don't apply Weakness and Resistance for Benched Pokémon.)</em>",Rx2,None,1
201926,Decidueye,Decidueye,https://tcgplayer-cdn.tcgplayer.com/product/201926_200w.jpg,3,2534,https://cpt.tcgcsv.com/xND2,2022-12-12T20:25:24.19,1,,,0.5,0.94,10.0,0.78,0.97,Holofoil,20/236,Holo Rare,Grass,140,Stage 2,"[G] Skill Dive
<br>This attack does 40 damage to 1 of your opponent's Pokémon. <em>(Don't apply Weakness and Resistance for Benched Pokémon.)</em>","[2] Tracking Shot (80)
<br>This attack does 80 damage to 1 of your opponent's Pokémon that has any damage counters on it. <em>(Don't apply Weakness and Resistance for Benched Pokémon.)</em>",Rx2,None,1
201928,Dusknoir,Dusknoir,https://tcgplayer-cdn.tcgplayer.com/product/201928_200w.jpg,3,2534,https://cpt.tcgcsv.com/BND2,2026-02-17T13:18:42.76,1,"<strong>Ability — Grim Marking</strong>
<br>If this Pokémon is your Active Pokémon and is Knocked Out by damage from an opponent's attack, put 4 damage counters on your opponent's Pokémon in any way you like.",,0.29,0.58,2.63,0.58,,Reverse Holofoil,85/236,Holo Rare,Psychic,160,Stage 2,"[P] Psych Up (60)
<br>During your next turn, this Pokémon's Psych Up attack does 60 more damage <em>(before applying Weakness and Resistance)</em>.",,Dx2,F-20,3
201928,Dusknoir,Dusknoir,https://tcgplayer-cdn.tcgplayer.com/product/201928_200w.jpg,3,2534,https://cpt.tcgcsv.com/BND2,2026-02-17T13:18:42.76,1,"<strong>Ability — Grim Marking</strong>
<br>If this Pokémon is your Active Pokémon and is Knocked Out by damage from an opponent's attack, put 4 damage counters on your opponent's Pokémon in any way you like.",,0.2,0.5,10.0,0.42,,Holofoil,85/236,Holo Rare,Psychic,160,Stage 2,"[P] Psych Up (60)
<br>During your next turn, this Pokémon's Psych Up attack does 60 more damage <em>(before applying Weakness and Resistance)</em>.",,Dx2,F-20,3
201930,Erika,Erika,https://tcgplayer-cdn.tcgplayer.com/product/201930_200w.jpg,3,2534,https://cpt.tcgcsv.com/DND2,2024-12-21T14:58:48.11,1,Each player may draw up to 3 cards. You draw first.,,0.2,0.6,2.74,0.61,,Reverse Holofoil,191/236,Uncommon,Supporter,,,,,,,
201930,Erika,Erika,https://tcgplayer-cdn.tcgplayer.com/product/201930_200w.jpg,3,2534,https://cpt.tcgcsv.com/DND2,2024-12-21T14:58:48.11,1,Each player may draw up to 3 cards. You draw first.,,0.04,0.25,2.18,0.23,0.1,Normal,191/236,Uncommon,Supporter,,,,,,,
201965,Alolan Ninetales,Alolan Ninetales,https://tcgplayer-cdn.tcgplayer.com/product/201965_200w.jpg,3,2534,https://cpt.tcgcsv.com/kPD2,2025-11-12T22:39:20.363,1,,,2.41,4.95,5.85,3.64,,Reverse Holofoil,145/236,Holo Rare,Fairy,110,Stage 1,"[0] Rubbish Blizzard (10x)
<br>This attack does 10 damage for each Pokemon Tool card in your discard pile.",,Mx2,D-20,1
201965,Alolan Ninetales,Alolan Ninetales,https://tcgplayer-cdn.tcgplayer.com/product/201965_200w.jpg,3,2534,https://cpt.tcgcsv.com/kPD2,2025-11-12T22:39:20.363,1,,,2.14,3.0,4.95,3.03,2.97,Holofoil,145/236,Holo Rare,Fairy,110,Stage 1,"[0] Rubbish Blizzard (10x)
<br>This attack does 10 damage for each Pokemon Tool card in your discard pile.",,Mx2,D-20,1
201979,N's Resolve (Full Art),Ns Resolve Full Art,https://tcgplayer-cdn.tcgplayer.com/product/201979_200w.jpg,3,2534,https://cpt.tcgcsv.com/CPD2,2026-01-29T18:07:19.22,1,Discard the top 6 cards of your deck. Attach all basic Energy discarded in this way to 1 of your Benched Dragon Pokémon.,,92.0,132.95,169.69,97.7,169.69,Holofoil,232/236,Ultra Rare,Supporter,,,,,,,
201981,Professor Oak's Setup (Full Art),Professor Oaks Setup Full Art,https://tcgplayer-cdn.tcgplayer.com/product/201981_200w.jpg,3,2534,https://cpt.tcgcsv.com/FPD2,2026-01-05T21:50:41.863,1,"Search your deck for up to 3 Basic Pokémon of different types and put them onto your Bench. Then, shuffle your deck.",,54.99,74.25,100.0,60.84,79.69,Holofoil,233/236,Ultra Rare,Supporter,,,,,,,
201983,Raichu,Raichu,https://tcgplayer-cdn.tcgplayer.com/product/201983_200w.jpg,3,2534,https://cpt.tcgcsv.com/HPD2,2025-02-07T19:50:33,1,,,0.25,0.84,10.0,0.8,,Normal,67/236,Rare,Lightning,120,Stage 1,"[1] Nuzzle
<br>Flip a coin. If heads, your opponent's Active Pokemon is now Paralyzed.","[L] Powerful Spark (20x)
<br>This attack does 20 damage times the amount of Lightning Energy attached to all of your Pokemon.",Fx2,M-20,2
201983,Raichu,Raichu,https://tcgplayer-cdn.tcgplayer.com/product/201983_200w.jpg,3,2534,https://cpt.tcgcsv.com/HPD2,2025-02-07T19:50:33,1,,,1.14,1.86,5.99,1.86,,Reverse Holofoil,67/236,Rare,Lightning,120,Stage 1,"[1] Nuzzle
<br>Flip a coin. If heads, your opponent's Active Pokemon is now Paralyzed.","[L] Powerful Spark (20x)
<br>This attack does 20 damage times the amount of Lightning Energy attached to all of your Pokemon.",Fx2,M-20,2
257539,Code Card - Cosmic Eclipse Booster Pack,Code Card Cosmic Eclipse Booster Pack,https://tcgplayer-cdn.tcgplayer.com/product/257539_200w.jpg,3,2534,https://cpt.tcgcsv.com/P053,2022-07-20T19:23:43.913,1,"This listing is <strong>not</strong> a physical item. Please keep in mind that this <strong>Code Card</strong> listing represents a digital copy of the stated item for the Pokémon TCG Online <strong>and/or</strong> the Pokémon TCG Live games. You may receive the physical <strong>Code Card</strong>. Upon purchase, please work with your specific Seller by sending them a message using the <strong>Contact Seller</strong> button on the order details in your <a href=https://store.tcgplayer.com/myaccount/orderhistory>Order History</a> to opt in to having your <strong>Code Card</strong> code delivered digitally due to the nature of the product.",,0.01,0.06,0.9,0.05,,Normal,,Code Card,,,,,,,,
266438,Code Card - Cosmic Eclilpse Theme Deck [Kyogre],Code Card Cosmic Eclilpse Theme Deck Kyogre,https://tcgplayer-cdn.tcgplayer.com/product/266438_200w.jpg,3,2534,https://cpt.tcgcsv.com/NB83,2022-07-20T19:23:37.357,1,"This listing is <strong>not</strong> a physical item. Please keep in mind that this <strong>Code Card</strong> listing represents a digital copy of the stated item for the Pokémon TCG Online <strong>and/or</strong> the Pokémon TCG Live games. You may receive the physical <strong>Code Card</strong>. Upon purchase, please work with your specific Seller by sending them a message using the <strong>Contact Seller</strong> button on the order details in your <a href=https://store.tcgplayer.com/myaccount/orderhistory>Order History</a> to opt in to having your <strong>Code Card</strong> code delivered digitally due to the nature of the product.",,,,,,,,,Code Card,,,,,,,,
266439,Code Card - Cosmic Eclipse 3 Pack Blister [Celebi],Code Card Cosmic Eclipse 3 Pack Blister Celebi,https://tcgplayer-cdn.tcgplayer.com/product/266439_200w.jpg,3,2534,https://cpt.tcgcsv.com/PB83,2022-07-20T19:23:40.887,1,"This listing is <strong>not</strong> a physical item. Please keep in mind that this <strong>Code Card</strong> listing represents a digital copy of the stated item for the Pokémon TCG Online <strong>and/or</strong> the Pokémon TCG Live games. You may receive the physical <strong>Code Card</strong>. Upon purchase, please work with your specific Seller by sending them a message using the <strong>Contact Seller</strong> button on the order details in your <a href=https://store.tcgplayer.com/myaccount/orderhistory>Order History</a> to opt in to having your <strong>Code Card</strong> code delivered digitally due to the nature of the product.",,0.19,0.25,0.25,,,Normal,,Code Card,,,,,,,,
266440,Code Card - Cosmic Eclipse 3 Pack Blister [Victini],Code Card Cosmic Eclipse 3 Pack Blister Victini,https://tcgplayer-cdn.tcgplayer.com/product/266440_200w.jpg,3,2534,https://cpt.tcgcsv.com/QB83,2022-07-20T19:23:42.433,1,"This listing is <strong>not</strong> a physical item. Please keep in mind that this <strong>Code Card</strong> listing represents a digital copy of the stated item for the Pokémon TCG Online <strong>and/or</strong> the Pokémon TCG Live games. You may receive the physical <strong>Code Card</strong>. Upon purchase, please work with your specific Seller by sending them a message using the <strong>Contact Seller</strong> button on the order details in your <a href=https://store.tcgplayer.com/myaccount/orderhistory>Order History</a> to opt in to having your <strong>Code Card</strong> code delivered digitally due to the nature of the product.",,0.1,0.24,0.25,,,Normal,,Code Card,,,,,,,,
266441,Code Card - Cosmic Eclipse Build & Battle Box,Code Card Cosmic Eclipse Build and Battle Box,https://tcgplayer-cdn.tcgplayer.com/product/266441_200w.jpg,3,2534,https://cpt.tcgcsv.com/RB83,2022-07-20T19:23:45.467,1,"This listing is <strong>not</strong> a physical item. Please keep in mind that this <strong>Code Card</strong> listing represents a digital copy of the stated item for the Pokémon TCG Online <strong>and/or</strong> the Pokémon TCG Live games. You may receive the physical <strong>Code Card</strong>. Upon purchase, please work with your specific Seller by sending them a message using the <strong>Contact Seller</strong> button on the order details in your <a href=https://store.tcgplayer.com/myaccount/orderhistory>Order History</a> to opt in to having your <strong>Code Card</strong> code delivered digitally due to the nature of the product.",,0.03,2.52,5.0,,,Normal,,Code Card,,,,,,,,
266442,Code Card - Cosmic Eclipse Elite Trainer Box,Code Card Cosmic Eclipse Elite Trainer Box,https://tcgplayer-cdn.tcgplayer.com/product/266442_200w.jpg,3,2534,https://cpt.tcgcsv.com/SB83,2022-07-20T19:23:47.07,1,"This listing is <strong>not</strong> a physical item. Please keep in mind that this <strong>Code Card</strong> listing represents a digital copy of the stated item for the Pokémon TCG Online <strong>and/or</strong> the Pokémon TCG Live games. You may receive the physical <strong>Code Card</strong>. Upon purchase, please work with your specific Seller by sending them a message using the <strong>Contact Seller</strong> button on the order details in your <a href=https://store.tcgplayer.com/myaccount/orderhistory>Order History</a> to opt in to having your <strong>Code Card</strong> code delivered digitally due to the nature of the product.",,2.0,2.0,2.0,,,Normal,,Code Card,,,,,,,,
266443,Code Card - Cosmic Eclipse Single Pack Blister [Mismagius],Code Card Cosmic Eclipse Single Pack Blister Mismagius,https://tcgplayer-cdn.tcgplayer.com/product/266443_200w.jpg,3,2534,https://cpt.tcgcsv.com/TB83,2022-07-20T19:23:48.53,1,"This listing is <strong>not</strong> a physical item. Please keep in mind that this <strong>Code Card</strong> listing represents a digital copy of the stated item for the Pokémon TCG Online <strong>and/or</strong> the Pokémon TCG Live games. You may receive the physical <strong>Code Card</strong>. Upon purchase, please work with your specific Seller by sending them a message using the <strong>Contact Seller</strong> button on the order details in your <a href=https://store.tcgplayer.com/myaccount/orderhistory>Order History</a> to opt in to having your <strong>Code Card</strong> code delivered digitally due to the nature of the product.",,0.15,0.33,1.03,,,Normal,,Code Card,,,,,,,,
266445,Code Card - Cosmic Eclipse Single Pack Blister [Terrakion],Code Card Cosmic Eclipse Single Pack Blister Terrakion,https://tcgplayer-cdn.tcgplayer.com/product/266445_200w.jpg,3,2534,https://cpt.tcgcsv.com/WB83,2022-07-20T19:23:50.033,1,"This listing is <strong>not</strong> a physical item. Please keep in mind that this <strong>Code Card</strong> listing represents a digital copy of the stated item for the Pokémon TCG Online <strong>and/or</strong> the Pokémon TCG Live games. You may receive the physical <strong>Code Card</strong>. Upon purchase, please work with your specific Seller by sending them a message using the <strong>Contact Seller</strong> button on the order details in your <a href=https://store.tcgplayer.com/myaccount/orderhistory>Order History</a> to opt in to having your <strong>Code Card</strong> code delivered digitally due to the nature of the product.",,0.15,0.15,0.2,,,Normal,,Code Card,,,,,,,,
266446,Code Card - Cosmic Eclipse Theme Deck [Groudon],Code Card Cosmic Eclipse Theme Deck Groudon,https://tcgplayer-cdn.tcgplayer.com/product/266446_200w.jpg,3,2534,https://cpt.tcgcsv.com/XB83,2022-07-20T19:23:51.557,1,"This listing is <strong>not</strong> a physical item. Please keep in mind that this <strong>Code Card</strong> listing represents a digital copy of the stated item for the Pokémon TCG Online <strong>and/or</strong> the Pokémon TCG Live games. You may receive the physical <strong>Code Card</strong>. Upon purchase, please work with your specific Seller by sending them a message using the <strong>Contact Seller</strong> button on the order details in your <a href=https://store.tcgplayer.com/myaccount/orderhistory>Order History</a> to opt in to having your <strong>Code Card</strong> code delivered digitally due to the nature of the product.",,,,,,,,,Code Card,,,,,,,,
266521,Code Card - Pikachu GX & Eevee GX Special Collection,Code Card Pikachu GX and Eevee GX Special Collection,https://tcgplayer-cdn.tcgplayer.com/product/266521_200w.jpg,3,2534,https://cpt.tcgcsv.com/rD83,2022-07-20T19:42:02.84,1,"This listing is <strong>not</strong> a physical item. Please keep in mind that this <strong>Code Card</strong> listing represents a digital copy of the stated item for the Pokémon TCG Online <strong>and/or</strong> the Pokémon TCG Live games. You may receive the physical <strong>Code Card</strong>. Upon purchase, please work with your specific Seller by sending them a message using the <strong>Contact Seller</strong> button on the order details in your <a href=https://store.tcgplayer.com/myaccount/orderhistory>Order History</a> to opt in to having your <strong>Code Card</strong> code delivered digitally due to the nature of the product.",,0.35,1.0,4.95,,,Normal,,Code Card,,,,,,,,
267047,Cosmic Eclipse Booster Pack Art Bundle [Set of 4],Cosmic Eclipse Booster Pack Art Bundle Set of 4,https://tcgplayer-cdn.tcgplayer.com/product/267047_200w.jpg,3,2534,https://cpt.tcgcsv.com/ZQ83,2022-06-07T19:59:35.893,1,"Collect each of the 4 unique art packs for Sun & Moon—Cosmic Eclipse.
<br>Each Sun & Moon—Cosmic Eclipse booster pack contains 10 random cards.",,269.99,299.95,599.95,244.98,,Normal,,,,,,,,,,
276587,Cosmic Eclipse Sleeved Booster Pack Art Bundle [Set of 4],Cosmic Eclipse Sleeved Booster Pack Art Bundle Set of 4,https://tcgplayer-cdn.tcgplayer.com/product/276587_200w.jpg,3,2534,https://cpt.tcgcsv.com/MFd3,2022-06-20T19:06:30.957,1,"Collect each of the 4 unique art packs for Cosmic Eclipse.
<br>Each Cosmic Eclipse sleeved booster pack contains 10 random cards.",,437.01,452.47,999.95,434.99,,Normal,,,,,,,,,,
546609,SM - Cosmic Eclipse Sleeved Booster Pack,SM Cosmic Eclipse Sleeved Booster Pack,https://tcgplayer-cdn.tcgplayer.com/product/546609_200w.jpg,3,2534,https://cpt.tcgcsv.com/cGn6,2024-04-16T12:37:08.283,1,"At the apex of the Sun & Moon Series, the Pokémon TCG: Sun & Moon—Cosmic Eclipse expansion boosts the connection of Pokémon and Trainers, and it launches TAG TEAM combinations to new levels! Jump into battle with Charizard & Braixen-GX, Venusaur & Snivy-GX, Blastoise & Piplup-GX, and Solgaleo & Lunala-GX, along with the triple TAG TEAM of Arceus & Dialga & Palkia-GX, plus many more! Feel the stellar power of Pokémon with the Sun & Moon—Cosmic Eclipse expansion!
<br>Each SM Cosmic Eclipse Sleeved Booster Pack contains 10 random cards.
<br>Cards vary by pack. Booster packs may vary by product.",,119.99,144.99,200.0,100.63,,Normal,,,,,,,,,,
656706,Cosmic Eclipse Sleeved Booster Case,Cosmic Eclipse Sleeved Booster Case,https://tcgplayer-cdn.tcgplayer.com/product/656706_200w.jpg,3,2534,https://cpt.tcgcsv.com/8Jg7,2025-10-02T12:41:55.72,0,"A Supreme Connection of Stars and Pokémon!
<br>
At the apex of the Sun & Moon Series, the Pokémon TCG: Sun & Moon—Cosmic Eclipse expansion boosts the connection of Pokémon and Trainers, and it launches TAG TEAM combinations to new levels! Jump into battle with Charizard & Braixen-GX, Venusaur & Snivy-GX, Blastoise & Piplup-GX, and Solgaleo & Lunala-GX, along with the triple TAG TEAM of Arceus & Dialga & Palkia-GX, plus many more! Feel the stellar power of Pokémon with the Sun & Moon—Cosmic Eclipse expansion!
<br><br>
Each Cosmic Eclipse sleeved booster pack case contains 144 booster packs.",,29999.95,34999.95,39999.95,,,Normal,,,,,,,,,,
668510,Sun & Moon Single Blister Pack [Meltan & Melmetal],Sun and Moon Single Blister Pack Meltan and Melmetal,https://tcgplayer-cdn.tcgplayer.com/product/668510_200w.jpg,3,2534,https://cpt.tcgcsv.com/dqm7,2025-12-10T17:24:59.517,1,"Each blister comes with a booster pack containing 10 cards, a promotional foil Meltan, Melmetal, and a collectible Pokemon coin!",,,,,,,,,,,,,,,,,
668512,Sun & Moon Single Blister Pack [Growlithe & Arcanine],Sun and Moon Single Blister Pack Growlithe and Arcanine,https://tcgplayer-cdn.tcgplayer.com/product/668512_200w.jpg,3,2534,https://cpt.tcgcsv.com/gqm7,2025-12-10T17:26:38.693,1,"Each blister comes with a booster pack containing 10 cards, a promotional foil Meltan, Melmetal, and a collectible Pokemon coin!",,,,,,,,,,,,,,,,,
