productId,name,cleanName,imageUrl,categoryId,groupId,url,modifiedOn,imageCount,extCardText,extUPC,lowPrice,midPrice,highPrice,marketPrice,directLowPrice,subTypeName,extNumber,extRarity,extCardType,extHP,extStage,extAttack1,extWeakness,extResistance,extRetreatCost,extAttack2,extAttack3
164296,Forbidden Light Booster Box,Forbidden Light Booster Box,https://tcgplayer-cdn.tcgplayer.com/product/164296_200w.jpg,3,2209,https://cpt.tcgcsv.com/XKk2,2018-04-05T18:29:56.94,1,"Each booster box contains 36 packs. Each pack contains 10 cards.
<br>Taking the Pokemon world by surprise, Necrozma has absorbed a Legendary Pokemon and taken on a new form as Ultra Necrozma-GX! Other Pokemon gather to welcome this new light...or to resist it. Lucario-GX, Greninja-GX, Zygarde-GX, Yveltal-GX, Naganadel-GX, even Volcanion and the majestic Arceus must choose a side. Discover awesome Pokemon and mysterious treasures in the Pokemon TCG: Sun & Moon - Forbidden Light expansion!
<br>
<br><strong>Details:</strong> 
<br>• Over 130 cards 
<br>• 5 Prism Star cards featuring a new game mechanic 
<br>• 8 Pokemon-GX and 6 Ultra Beasts 
<br>• 15 Trainer cards and 2 Special Energy cards",0820650814211,1398.0,1595.99,1999.97,1401.67,,Normal,,,,,,,,,,,
164297,Forbidden Light Booster Pack,Forbidden Light Booster Pack,https://tcgplayer-cdn.tcgplayer.com/product/164297_200w.jpg,3,2209,https://cpt.tcgcsv.com/ZKk2,2018-04-05T18:36:33.897,1,"Each pack contains 10 cards.
<br>Taking the Pokemon world by surprise, Necrozma has absorbed a Legendary Pokemon and taken on a new form as Ultra Necrozma-GX! Other Pokemon gather to welcome this new light...or to resist it. Lucario-GX, Greninja-GX, Zygarde-GX, Yveltal-GX, Naganadel-GX, even Volcanion and the majestic Arceus must choose a side. Discover awesome Pokemon and mysterious treasures in the Pokemon TCG: Sun & Moon - Forbidden Light expansion!
<br>
<br><strong>Set Details:</strong> 
<br>• Over 130 cards 
<br>• 5 Prism Star cards featuring a new game mechanic 
<br>• 8 Pokemon-GX and 6 Ultra Beasts 
<br>• 15 Trainer cards and 2 Special Energy cards",,40.0,43.99,51.97,35.49,,Normal,,,,,,,,,,,
164298,Forbidden Light 3 Pack Blister [Garbodor],Forbidden Light 3 Pack Blister Garbodor,https://tcgplayer-cdn.tcgplayer.com/product/164298_200w.jpg,3,2209,https://cpt.tcgcsv.com/-Kk2,2018-10-10T15:13:55.873,1,"3 Pack Blister includes 3 Sun & Moon Forbidden Light Booster Packs, a promotional foil Garbodor, and a collectible Pokemon coin! Each pack contains 10 cards.",,,,,,,,,,,,,,,,,,
164299,Forbidden Light 3 Pack Blister [Regigigas],Forbidden Light 3 Pack Blister Regigigas,https://tcgplayer-cdn.tcgplayer.com/product/164299_200w.jpg,3,2209,https://cpt.tcgcsv.com/_Kk2,2018-10-10T15:14:00.44,1,"3 Pack Blister includes 3 Sun & Moon Forbidden Light Booster Packs, a promotional foil Regigigas, and a collectible Pokemon coin! Each pack contains 10 cards.",,,,,,,,,,,,,,,,,,
164300,Forbidden Light Sleeved Booster Pack,Forbidden Light Sleeved Booster Pack,https://tcgplayer-cdn.tcgplayer.com/product/164300_200w.jpg,3,2209,https://cpt.tcgcsv.com/0Lk2,2021-07-23T13:16:56.1,1,"Each pack contains 10 cards.
<br>Taking the Pokemon world by surprise, Necrozma has absorbed a Legendary Pokemon and taken on a new form as Ultra Necrozma-GX! Other Pokemon gather to welcome this new light...or to resist it. Lucario-GX, Greninja-GX, Zygarde-GX, Yveltal-GX, Naganadel-GX, even Volcanion and the majestic Arceus must choose a side. Discover awesome Pokemon and mysterious treasures in the Pokemon TCG: Sun & Moon - Forbidden Light expansion!
<br>
<br><strong>Set Details:</strong> 
<br>• Over 130 cards 
<br>• 5 Prism Star cards featuring a new game mechanic 
<br>• 8 Pokemon-GX and 6 Ultra Beasts 
<br>• 15 Trainer cards and 2 Special Energy cards",,,,,,,,,,,,,,,,,,
164301,Forbidden Light Single Pack Blister [Exeggcute],Forbidden Light Single Pack Blister Exeggcute,https://tcgplayer-cdn.tcgplayer.com/product/164301_200w.jpg,3,2209,https://cpt.tcgcsv.com/2Lk2,2022-03-16T13:21:44.177,1,"Each blister comes with a booster pack containing 10 cards, a promotional foil Exeggcute, and a collectible Pokemon coin!",,72.0,72.0,72.0,,,Normal,,,,,,,,,,,
164302,Forbidden Light Single Pack Blister [Rockruff],Forbidden Light Single Pack Blister Rockruff,https://tcgplayer-cdn.tcgplayer.com/product/164302_200w.jpg,3,2209,https://cpt.tcgcsv.com/3Lk2,2022-03-16T13:21:48.27,1,"Each blister comes with a booster pack containing 10 cards, a promotional foil Rockruff, and a collectible Pokemon coin!",,72.0,72.0,72.0,,,Normal,,,,,,,,,,,
164303,Forbidden Light Elite Trainer Box,Forbidden Light Elite Trainer Box,https://tcgplayer-cdn.tcgplayer.com/product/164303_200w.jpg,3,2209,https://cpt.tcgcsv.com/5Lk2,2018-04-05T19:18:20.363,1,"Necrozma’s Power Knows No Limits!
<br>
<br>Taking the Pokemon world by surprise, Necrozma has absorbed a Legendary Pokemon and taken on a new form as Ultra Necrozma-GX! Other Pokemon gather to welcome this new light...or to resist it. Lucario-GX, Greninja-GX, Zygarde-GX, Yveltal-GX, Naganadel-GX, even Volcanion and the majestic Arceus must choose a side. Discover awesome Pokemon.
<br>
<br><strong>Elite Trainer Box includes:</strong>
<br>• 8 Pokemon TCG: Sun & Moon - Forbidden Light booster packs 
<br>• 65 card sleeves featuring Ultra Necrozma! 
<br>• 45 Pokemon TCG Energy cards 
<br>• A player’s guide to the Sun & Moon - Forbidden Light expansion 
<br>• 6 damage-counter dice 
<br>• 1 competition-legal coin-flip die 
<br>• 2 acrylic condition markers and 1 acrylic GX marker 
<br>• A collector’s box to hold everything, with 4 dividers to keep it organized 
<br>• A code card for the Pokemon Trading Card Game Online",0820650804335,898.0,3999.0,4999.99,638.49,,Normal,,,,,,,,,,,
164304,Forbidden Light Theme Deck Display,Forbidden Light Theme Deck Display,https://tcgplayer-cdn.tcgplayer.com/product/164304_200w.jpg,3,2209,https://cpt.tcgcsv.com/6Lk2,2018-04-05T20:03:25.077,1,"Display contains 8 Theme Decks. Each Theme Deck contains a preconstructed 60-card deck, card checklist, collectible Pokemon coin, playmat/rulesheet, deck box, damage counters, and a code card for the Pokemon TCG Online.
<br>Taking the Pokemon world by surprise, Necrozma has absorbed a Legendary Pokemon and taken on a new form as Ultra Necrozma-GX! Other Pokemon gather to welcome this new light...or to resist it. Lucario-GX, Greninja-GX, Zygarde-GX, Yveltal-GX, Naganadel-GX, even Volcanion and the majestic Arceus must choose a side. Discover awesome Pokemon and mysterious treasures in the Pokemon TCG: Sun & Moon - Forbidden Light expansion!
<br>
<br><strong>Set Details:</strong>
<br>• Over 130 cards 
<br>• 5 Prism Star cards featuring a new game mechanic 
<br>• 8 Pokemon-GX and 6 Ultra Beasts 
<br>• 15 Trainer cards and 2 Special Energy cards",0820650814273,,,,,,,,,,,,,,,,,
164305,"Forbidden Light Theme Deck - ""Tropical Takedown"" [Alolan Exeggutor]",Forbidden Light Theme Deck Tropical Takedown Alolan Exeggutor,https://tcgplayer-cdn.tcgplayer.com/product/164305_200w.jpg,3,2209,https://cpt.tcgcsv.com/7Lk2,2018-10-03T12:30:31.467,1,"Each Theme Deck contains a preconstructed 60-card deck, card checklist, collectible Pokemon coin, playmat/rulesheet, deck box, damage counters, and a code card for the Pokemon TCG Online.
<br>Taking the Pokemon world by surprise, Necrozma has absorbed a Legendary Pokemon and taken on a new form as Ultra Necrozma GX! Other Pokemon gather to welcome this new light...or to resist it. Lucario GX, Greninja GX, Zygarde GX, Yveltal GX, Naganadel GX, even Volcanion and the majestic Arceus must choose a side. Discover awesome Pokemon and mysterious treasures in the Pokemon TCG: Sun & Moon - Forbidden Light expansion!",,21.08,25.0,25.0,21.08,,Normal,,,,,,,,,,,
164306,"Forbidden Light Theme Deck - ""Twilight Rogue"" [Lycanroc]",Forbidden Light Theme Deck Twilight Rogue Lycanroc,https://tcgplayer-cdn.tcgplayer.com/product/164306_200w.jpg,3,2209,https://cpt.tcgcsv.com/8Lk2,2018-10-03T12:32:10.063,1,"Each Theme Deck contains a preconstructed 60-card deck, card checklist, collectible Pokemon coin, playmat/rulesheet, deck box, damage counters, and a code card for the Pokemon TCG Online.
<br>Taking the Pokemon world by surprise, Necrozma has absorbed a Legendary Pokemon and taken on a new form as Ultra Necrozma GX! Other Pokemon gather to welcome this new light...or to resist it. Lucario GX, Greninja GX, Zygarde GX, Yveltal GX, Naganadel GX, even Volcanion and the majestic Arceus must choose a side. Discover awesome Pokemon and mysterious treasures in the Pokemon TCG: Sun & Moon - Forbidden Light expansion!",,25.0,25.0,25.0,25.0,,Normal,,,,,,,,,,,
164314,Dawn Wings Necrozma Premium Collection,Dawn Wings Necrozma Premium Collection,https://tcgplayer-cdn.tcgplayer.com/product/164314_200w.jpg,3,2209,https://cpt.tcgcsv.com/jLk2,2018-04-06T13:09:09.327,1,"Dawn Wings Necrozma Premium Collection includes:
<br>• Never-before-seen foil promo cards of Dawn Wings Necrozma (SM123) and Dusk Mane Necrozma (SM124).
<br>• Jumbo foil Dawn Wings Necrozma-GX
<br>• Figurine of Dawn Wings Necrozma
<br>• Pin of Dawn Wings Necrozma
<br>• Five booster packs
<br>• Code Card",,,,,,,,,,,,,,,,,,
164315,Dusk Mane Necrozma Premium Collection,Dusk Mane Necrozma Premium Collection,https://tcgplayer-cdn.tcgplayer.com/product/164315_200w.jpg,3,2209,https://cpt.tcgcsv.com/kLk2,2018-05-09T20:23:14.71,1,"Dusk Mane Necrozma Premium Collection includes:
<br>• Never-before-seen foil promo cards of Dawn Wings Necrozma (SM123) and Dusk Mane Necrozma (SM124).
<br>• Jumbo foil Dusk Mane Necrozma-GX
<br>• Figurine of Dusk Mane Necrozma
<br>• Pin of Dusk Mane Necrozma
<br>• Five booster packs
<br>• Code Card",,,,,,,,,,,,,,,,,,
165648,Exeggcute,Exeggcute,https://tcgplayer-cdn.tcgplayer.com/product/165648_200w.jpg,3,2209,https://cpt.tcgcsv.com/-gl2,2026-01-14T15:48:56.953,1,,,0.33,0.55,2.95,0.53,,Reverse Holofoil,1/131,Common,Grass,40,Basic,"[1] Multiply
<br>Search your deck for Exeggcute and put it onto your Bench. Then, shuffle your deck.",Rx2,None,1,,
165648,Exeggcute,Exeggcute,https://tcgplayer-cdn.tcgplayer.com/product/165648_200w.jpg,3,2209,https://cpt.tcgcsv.com/-gl2,2026-01-14T15:48:56.953,1,,,0.14,0.33,1.49,0.33,,Normal,1/131,Common,Grass,40,Basic,"[1] Multiply
<br>Search your deck for Exeggcute and put it onto your Bench. Then, shuffle your deck.",Rx2,None,1,,
165649,Alolan Exeggutor,Alolan Exeggutor,https://tcgplayer-cdn.tcgplayer.com/product/165649_200w.jpg,3,2209,https://cpt.tcgcsv.com/_gl2,2026-02-05T18:06:55.8,1,,,0.3,0.78,3.95,0.92,,Reverse Holofoil,2/131,Rare,Grass,160,Stage 1,"[G] Tropical Shake (20+)
<br>This attack does 20 more damage for each type of basic Energy card in your discard pile. You can't add more than 100 damage in this way.",Rx2,None,3,,
165649,Alolan Exeggutor,Alolan Exeggutor,https://tcgplayer-cdn.tcgplayer.com/product/165649_200w.jpg,3,2209,https://cpt.tcgcsv.com/_gl2,2026-02-05T18:06:55.8,1,,,0.15,0.51,2.47,0.51,0.54,Normal,2/131,Rare,Grass,160,Stage 1,"[G] Tropical Shake (20+)
<br>This attack does 20 more damage for each type of basic Energy card in your discard pile. You can't add more than 100 damage in this way.",Rx2,None,3,,
165650,Snover,Snover,https://tcgplayer-cdn.tcgplayer.com/product/165650_200w.jpg,3,2209,https://cpt.tcgcsv.com/0hl2,2025-02-07T20:01:08.257,1,,,0.13,0.35,2.25,0.36,,Reverse Holofoil,3/131,Common,Grass,80,Basic,"[1G] Ice Shard  (20+)
<br>If your opponent's Active Pokémon is a Fighting Pokémon, this attack does 40 more damage.",Rx2,None,3,,
165650,Snover,Snover,https://tcgplayer-cdn.tcgplayer.com/product/165650_200w.jpg,3,2209,https://cpt.tcgcsv.com/0hl2,2025-02-07T20:01:08.257,1,,,0.02,0.18,1.49,0.09,,Normal,3/131,Common,Grass,80,Basic,"[1G] Ice Shard  (20+)
<br>If your opponent's Active Pokémon is a Fighting Pokémon, this attack does 40 more damage.",Rx2,None,3,,
165651,Abomasnow,Abomasnow,https://tcgplayer-cdn.tcgplayer.com/product/165651_200w.jpg,3,2209,https://cpt.tcgcsv.com/2hl2,2023-02-07T06:04:26.857,1,"<strong>Ability — Blessings of the Frost</strong>
<br>When you play this Pokémon from your hand to evolve 1 of your Pokémon during your turn, you may attach a Grass Energy card from your discard pile to 1 of your Pokémon.",,0.15,0.5,1.49,0.47,,Reverse Holofoil,4/131,Rare,Grass,130,Stage 1,"[3G] Hypno Hammer (80)
<br>Your opponent's Active Pokémon is now Asleep.",Rx2,None,3,,
165651,Abomasnow,Abomasnow,https://tcgplayer-cdn.tcgplayer.com/product/165651_200w.jpg,3,2209,https://cpt.tcgcsv.com/2hl2,2023-02-07T06:04:26.857,1,"<strong>Ability — Blessings of the Frost</strong>
<br>When you play this Pokémon from your hand to evolve 1 of your Pokémon during your turn, you may attach a Grass Energy card from your discard pile to 1 of your Pokémon.",,0.09,0.26,1.49,0.25,,Normal,4/131,Rare,Grass,130,Stage 1,"[3G] Hypno Hammer (80)
<br>Your opponent's Active Pokémon is now Asleep.",Rx2,None,3,,
165652,Scatterbug (5),Scatterbug 5,https://tcgplayer-cdn.tcgplayer.com/product/165652_200w.jpg,3,2209,https://cpt.tcgcsv.com/3hl2,2022-12-05T20:51:00.79,1,"<strong>Ability — Abnormal Outbreak</strong>
<br>You can use this Ability only if you go second. Once during your first turn <em>(before your attack)</em>, you may search your deck for a Spewpa and a Vivillon, reveal them, and put them into your hand. Then, shuffle your deck.",,0.02,0.2,1.49,0.12,0.15,Normal,5/131,Common,Grass,30,Basic,[1] Tackle (10),Rx2,None,1,,
165652,Scatterbug (5),Scatterbug 5,https://tcgplayer-cdn.tcgplayer.com/product/165652_200w.jpg,3,2209,https://cpt.tcgcsv.com/3hl2,2022-12-05T20:51:00.79,1,"<strong>Ability — Abnormal Outbreak</strong>
<br>You can use this Ability only if you go second. Once during your first turn <em>(before your attack)</em>, you may search your deck for a Spewpa and a Vivillon, reveal them, and put them into your hand. Then, shuffle your deck.",,0.2,0.36,2.2,0.38,,Reverse Holofoil,5/131,Common,Grass,30,Basic,[1] Tackle (10),Rx2,None,1,,
165653,Scatterbug (6),Scatterbug 6,https://tcgplayer-cdn.tcgplayer.com/product/165653_200w.jpg,3,2209,https://cpt.tcgcsv.com/5hl2,2025-01-19T11:00:57.65,1,,,0.04,0.2,1.49,0.08,,Normal,6/131,Common,Grass,40,Basic,"[G] Ultra Evolution 
<br>Flip a coin. If heads, search your deck for Vivillon and put it onto this Scatterbug to evolve it. Then, shuffle your deck.",Rx2,None,1,,
165653,Scatterbug (6),Scatterbug 6,https://tcgplayer-cdn.tcgplayer.com/product/165653_200w.jpg,3,2209,https://cpt.tcgcsv.com/5hl2,2025-01-19T11:00:57.65,1,,,0.23,0.36,2.0,0.31,,Reverse Holofoil,6/131,Common,Grass,40,Basic,"[G] Ultra Evolution 
<br>Flip a coin. If heads, search your deck for Vivillon and put it onto this Scatterbug to evolve it. Then, shuffle your deck.",Rx2,None,1,,
165654,Spewpa,Spewpa,https://tcgplayer-cdn.tcgplayer.com/product/165654_200w.jpg,3,2209,https://cpt.tcgcsv.com/6hl2,2025-02-07T20:01:08.303,1,,,0.04,0.24,1.49,0.18,,Normal,7/131,Uncommon,Grass,70,Stage 1,"[G] String Shot (20)
<br>Flip a coin. If heads, your opponent's Active Pokémon is now Paralyzed.",Rx2,None,2,,
165654,Spewpa,Spewpa,https://tcgplayer-cdn.tcgplayer.com/product/165654_200w.jpg,3,2209,https://cpt.tcgcsv.com/6hl2,2025-02-07T20:01:08.303,1,,,0.25,0.39,2.99,0.36,,Reverse Holofoil,7/131,Uncommon,Grass,70,Stage 1,"[G] String Shot (20)
<br>Flip a coin. If heads, your opponent's Active Pokémon is now Paralyzed.",Rx2,None,2,,
165655,Vivillon,Vivillon,https://tcgplayer-cdn.tcgplayer.com/product/165655_200w.jpg,3,2209,https://cpt.tcgcsv.com/7hl2,2025-11-21T02:55:05.95,1,,,0.15,0.27,1.53,0.25,,Normal,8/131,Rare,Grass,130,Stage 2,"[G] Vivid Powder (50)
<br>Your opponent's Active Pokémon is now Asleep and Poisoned.",Lx2,F-20,1,,
165655,Vivillon,Vivillon,https://tcgplayer-cdn.tcgplayer.com/product/165655_200w.jpg,3,2209,https://cpt.tcgcsv.com/7hl2,2025-11-21T02:55:05.95,1,,,0.35,0.62,1.25,0.63,0.62,Reverse Holofoil,8/131,Rare,Grass,130,Stage 2,"[G] Vivid Powder (50)
<br>Your opponent's Active Pokémon is now Asleep and Poisoned.",Lx2,F-20,1,,
165656,Skiddo,Skiddo,https://tcgplayer-cdn.tcgplayer.com/product/165656_200w.jpg,3,2209,https://cpt.tcgcsv.com/8hl2,2026-02-17T14:11:14.747,1,,,0.08,0.35,2.31,0.33,,Reverse Holofoil,9/131,Common,Grass,70,Basic,"[G] Growth
<br>Attach a Grass Energy card from your hand to this Pokémon.",Fx2,None,2,[2G] Razor Leaf (40),
165656,Skiddo,Skiddo,https://tcgplayer-cdn.tcgplayer.com/product/165656_200w.jpg,3,2209,https://cpt.tcgcsv.com/8hl2,2026-02-17T14:11:14.747,1,,,0.01,0.18,1.49,0.12,,Normal,9/131,Common,Grass,70,Basic,"[G] Growth
<br>Attach a Grass Energy card from your hand to this Pokémon.",Fx2,None,2,[2G] Razor Leaf (40),
165657,Gogoat,Gogoat,https://tcgplayer-cdn.tcgplayer.com/product/165657_200w.jpg,3,2209,https://cpt.tcgcsv.com/9hl2,2025-02-07T20:01:08.417,1,,,0.19,0.49,1.57,0.48,,Reverse Holofoil,10/131,Uncommon,Grass,120,Stage 1,"[G] Milk Drink 
<br>Flip 2 coins. For each heads, heal 40 damage from this Pokémon.",Rx2,None,2,"[2G] Double-Edge (120)
<br>This Pokémon does 30 damage to itself.",
165657,Gogoat,Gogoat,https://tcgplayer-cdn.tcgplayer.com/product/165657_200w.jpg,3,2209,https://cpt.tcgcsv.com/9hl2,2025-02-07T20:01:08.417,1,,,0.02,0.24,1.98,0.14,,Normal,10/131,Uncommon,Grass,120,Stage 1,"[G] Milk Drink 
<br>Flip 2 coins. For each heads, heal 40 damage from this Pokémon.",Rx2,None,2,"[2G] Double-Edge (120)
<br>This Pokémon does 30 damage to itself.",
165658,Pheromosa,Pheromosa,https://tcgplayer-cdn.tcgplayer.com/product/165658_200w.jpg,3,2209,https://cpt.tcgcsv.com/bhl2,2026-01-06T15:08:08.017,1,,,6.0,9.84,50.88,9.88,,Reverse Holofoil,11/131,Holo Rare,Grass,110,Basic,[1] High Jump Kick (20),Rx2,None,,"[2G] White Ray (90+)
<br>If you have only 1 Prize card remaining, this attack does 90 more damage.",
165658,Pheromosa,Pheromosa,https://tcgplayer-cdn.tcgplayer.com/product/165658_200w.jpg,3,2209,https://cpt.tcgcsv.com/bhl2,2026-01-06T15:08:08.017,1,,,6.0,7.97,96.95,7.61,69.72,Holofoil,11/131,Holo Rare,Grass,110,Basic,[1] High Jump Kick (20),Rx2,None,,"[2G] White Ray (90+)
<br>If you have only 1 Prize card remaining, this attack does 90 more damage.",
165659,Alolan Marowak,Alolan Marowak,https://tcgplayer-cdn.tcgplayer.com/product/165659_200w.jpg,3,2209,https://cpt.tcgcsv.com/chl2,2022-12-05T20:51:58.08,1,,,0.25,0.59,2.95,0.71,0.47,Normal,12/131,Rare,Fire,120,Stage 1,"[0] Limbo Limbo
<br>Search your deck for up to 2 basic Energy cards and attach them to your Pokémon in any way you like. Then, shuffle your deck.",Wx2,None,2,"[2] Alolan Club (20x)
<br>This attack does 20 damage for each of your Pokémon in play that has Alolan in its name.",
165659,Alolan Marowak,Alolan Marowak,https://tcgplayer-cdn.tcgplayer.com/product/165659_200w.jpg,3,2209,https://cpt.tcgcsv.com/chl2,2022-12-05T20:51:58.08,1,,,0.5,1.08,3.95,1.17,,Reverse Holofoil,12/131,Rare,Fire,120,Stage 1,"[0] Limbo Limbo
<br>Search your deck for up to 2 basic Energy cards and attach them to your Pokémon in any way you like. Then, shuffle your deck.",Wx2,None,2,"[2] Alolan Club (20x)
<br>This attack does 20 damage for each of your Pokémon in play that has Alolan in its name.",
165660,Heatran,Heatran,https://tcgplayer-cdn.tcgplayer.com/product/165660_200w.jpg,3,2209,https://cpt.tcgcsv.com/dhl2,2022-12-05T20:52:03.263,1,,,0.07,0.29,19.5,0.25,0.23,Normal,13/131,Rare,Fire,130,Basic,"[1R] Guard Press (30)
<br>During your opponent's next turn, this Pokémon takes 30 less damage from attacks <em>(after applying Weakness and Resistance)</em>.",Wx2,None,3,"[1RR] Boiling Impact (130)
<br>Discard 2 Energy from this Pokémon.",
165660,Heatran,Heatran,https://tcgplayer-cdn.tcgplayer.com/product/165660_200w.jpg,3,2209,https://cpt.tcgcsv.com/dhl2,2022-12-05T20:52:03.263,1,,,0.22,0.38,2.3,0.36,,Reverse Holofoil,13/131,Rare,Fire,130,Basic,"[1R] Guard Press (30)
<br>During your opponent's next turn, this Pokémon takes 30 less damage from attacks <em>(after applying Weakness and Resistance)</em>.",Wx2,None,3,"[1RR] Boiling Impact (130)
<br>Discard 2 Energy from this Pokémon.",
165661,Fennekin (14),Fennekin 14,https://tcgplayer-cdn.tcgplayer.com/product/165661_200w.jpg,3,2209,https://cpt.tcgcsv.com/fhl2,2025-12-10T23:00:18.303,1,,,0.05,0.24,1.49,0.22,,Normal,14/131,Common,Fire,60,Basic,"[R] Ember (30)
<br>Discard an Energy from this Pokémon.",Wx2,None,1,,
165661,Fennekin (14),Fennekin 14,https://tcgplayer-cdn.tcgplayer.com/product/165661_200w.jpg,3,2209,https://cpt.tcgcsv.com/fhl2,2025-12-10T23:00:18.303,1,,,0.28,0.5,2.0,0.45,0.49,Reverse Holofoil,14/131,Common,Fire,60,Basic,"[R] Ember (30)
<br>Discard an Energy from this Pokémon.",Wx2,None,1,,
165662,Fennekin (15),Fennekin 15,https://tcgplayer-cdn.tcgplayer.com/product/165662_200w.jpg,3,2209,https://cpt.tcgcsv.com/ghl2,2026-02-17T14:13:13.293,1,,,0.05,0.25,3.0,0.24,0.19,Normal,15/131,Common,Fire,70,Basic,[R] Live Coal (10),Wx2,None,1,[R] Rear Kick (20),
165662,Fennekin (15),Fennekin 15,https://tcgplayer-cdn.tcgplayer.com/product/165662_200w.jpg,3,2209,https://cpt.tcgcsv.com/ghl2,2026-02-17T14:13:13.293,1,,,0.14,0.55,1.49,0.52,,Reverse Holofoil,15/131,Common,Fire,70,Basic,[R] Live Coal (10),Wx2,None,1,[R] Rear Kick (20),
165663,Braixen,Braixen,https://tcgplayer-cdn.tcgplayer.com/product/165663_200w.jpg,3,2209,https://cpt.tcgcsv.com/hhl2,2025-02-07T20:01:08.527,1,,,0.37,0.53,1.5,0.67,,Reverse Holofoil,16/131,Uncommon,Fire,90,Stage 1,[R] Flare (20),Wx2,None,2,"[1RR] Flamethrower (80)
<br>Discard an Energy from this Pokémon.",
165663,Braixen,Braixen,https://tcgplayer-cdn.tcgplayer.com/product/165663_200w.jpg,3,2209,https://cpt.tcgcsv.com/hhl2,2025-02-07T20:01:08.527,1,,,0.05,0.25,1.52,0.2,,Normal,16/131,Uncommon,Fire,90,Stage 1,[R] Flare (20),Wx2,None,2,"[1RR] Flamethrower (80)
<br>Discard an Energy from this Pokémon.",
165664,Delphox,Delphox,https://tcgplayer-cdn.tcgplayer.com/product/165664_200w.jpg,3,2209,https://cpt.tcgcsv.com/jhl2,2024-05-08T11:36:28.49,1,"<strong>Ability — Mystical Torch</strong>
<br>Once during your turn <em>(before your attack)</em>, you may leave your opponent's Active Pokémon Burned.",,0.67,1.26,2.22,1.48,,Holofoil,17/131,Holo Rare,Fire,150,Stage 2,"[2RR] Fire Spin (150)
<br>Discard 2 Energy from this Pokémon.",Wx2,None,2,,
165664,Delphox,Delphox,https://tcgplayer-cdn.tcgplayer.com/product/165664_200w.jpg,3,2209,https://cpt.tcgcsv.com/jhl2,2024-05-08T11:36:28.49,1,"<strong>Ability — Mystical Torch</strong>
<br>Once during your turn <em>(before your attack)</em>, you may leave your opponent's Active Pokémon Burned.",,0.99,1.5,4.95,1.59,,Reverse Holofoil,17/131,Holo Rare,Fire,150,Stage 2,"[2RR] Fire Spin (150)
<br>Discard 2 Energy from this Pokémon.",Wx2,None,2,,
165665,Litleo,Litleo,https://tcgplayer-cdn.tcgplayer.com/product/165665_200w.jpg,3,2209,https://cpt.tcgcsv.com/khl2,2025-02-07T20:01:08.827,1,,,0.38,0.68,0.99,0.63,,Reverse Holofoil,18/131,Common,Fire,70,Basic,[2] Headbutt (20),Wx2,None,2,,
165665,Litleo,Litleo,https://tcgplayer-cdn.tcgplayer.com/product/165665_200w.jpg,3,2209,https://cpt.tcgcsv.com/khl2,2025-02-07T20:01:08.827,1,,,0.09,0.3,1.99,0.3,,Normal,18/131,Common,Fire,70,Basic,[2] Headbutt (20),Wx2,None,2,,
165666,Pyroar,Pyroar,https://tcgplayer-cdn.tcgplayer.com/product/165666_200w.jpg,3,2209,https://cpt.tcgcsv.com/lhl2,2025-11-21T02:54:18.757,1,"<strong>Ability — Unnerve</strong>
<br>Whenever your opponent plays an Item or Supporter card from their hand, prevent all effects of that card done to this Pokémon.",,0.15,0.5,1.99,0.46,0.49,Holofoil,19/131,Holo Rare,Fire,120,Stage 1,"[2R] Dominating Fangs (80+)
<br>If Lysandre Labs is in play, this attack does 60 more damage.",Wx2,None,2,,
165666,Pyroar,Pyroar,https://tcgplayer-cdn.tcgplayer.com/product/165666_200w.jpg,3,2209,https://cpt.tcgcsv.com/lhl2,2025-11-21T02:54:18.757,1,"<strong>Ability — Unnerve</strong>
<br>Whenever your opponent plays an Item or Supporter card from their hand, prevent all effects of that card done to this Pokémon.",,0.15,0.5,1.49,0.46,,Reverse Holofoil,19/131,Holo Rare,Fire,120,Stage 1,"[2R] Dominating Fangs (80+)
<br>If Lysandre Labs is in play, this attack does 60 more damage.",Wx2,None,2,,
165667,Palkia GX,Palkia GX,https://tcgplayer-cdn.tcgplayer.com/product/165667_200w.jpg,3,2209,https://cpt.tcgcsv.com/mhl2,2023-02-07T15:45:37.597,1,,,3.5,4.96,9.99,5.01,9.99,Holofoil,20/131,Ultra Rare,Water,180,Basic,"[W] Spatial Control 
<br>Move any number of Energy from your Benched Pokémon to this Pokémon.",Gx2,None,3,"[3] Hydro Pressure (60+)
<br>This attack does 20 more damage times the amount of Water Energy attached to this Pokémon.","<span style=""color:Teal""><strong>[2WWW] Zero Vanish GX (150)</strong>
<br> Shuffle all Energy from each of your opponent's Pokémon into their deck. <em>(You can't use more than 1 GX attack in a game.)</em></span>"
165668,Palkia GX (Full Art),Palkia GX Full Art,https://tcgplayer-cdn.tcgplayer.com/product/165668_200w.jpg,3,2209,https://cpt.tcgcsv.com/nhl2,2022-12-05T21:06:47.233,1,,,13.0,18.8,55.0,18.17,16.35,Holofoil,119/131,Ultra Rare,Water,180,Basic,"[W] Spatial Control 
<br>Move any number of Energy from your Benched Pokémon to this Pokémon.",Gx2,None,3,"[3] Hydro Pressure (60+)
<br>This attack does 20 more damage times the amount of Water Energy attached to this Pokémon.","<span style=""color:Teal""><strong>[2WWW] Zero Vanish GX (150)</strong>
<br> Shuffle all Energy from each of your opponent's Pokémon into their deck. <em>(You can't use more than 1 GX attack in a game.)</em></span>"
165669,Palkia GX (Secret),Palkia GX Secret,https://tcgplayer-cdn.tcgplayer.com/product/165669_200w.jpg,3,2209,https://cpt.tcgcsv.com/phl2,2022-12-05T21:08:52.247,1,,,26.99,40.04,4321.0,39.0,,Holofoil,132/131,Secret Rare,Water,180,Basic,"[W] Spatial Control 
<br>Move any number of Energy from your Benched Pokémon to this Pokémon.",Gx2,None,3,"[3] Hydro Pressure (60+)
<br>This attack does 20 more damage times the amount of Water Energy attached to this Pokémon.","<span style=""color:Teal""><strong>[2WWW] Zero Vanish GX (150)</strong>
<br> Shuffle all Energy from each of your opponent's Pokémon into their deck. <em>(You can't use more than 1 GX attack in a game.)</em></span>"
165670,Froakie (21),Froakie 21,https://tcgplayer-cdn.tcgplayer.com/product/165670_200w.jpg,3,2209,https://cpt.tcgcsv.com/qhl2,2025-11-25T23:19:42.52,1,"<strong>Ability — Frubbles</strong>
<br>If this Pokémon has any Water Energy attached to it, it has no Retreat Cost.",,0.08,0.24,1.5,0.19,,Normal,21/131,Common,Water,50,Basic,[2] Flop (20),Gx2,None,1,,
165670,Froakie (21),Froakie 21,https://tcgplayer-cdn.tcgplayer.com/product/165670_200w.jpg,3,2209,https://cpt.tcgcsv.com/qhl2,2025-11-25T23:19:42.52,1,"<strong>Ability — Frubbles</strong>
<br>If this Pokémon has any Water Energy attached to it, it has no Retreat Cost.",,0.3,0.59,5.95,0.6,,Reverse Holofoil,21/131,Common,Water,50,Basic,[2] Flop (20),Gx2,None,1,,
165671,Froakie (22),Froakie 22,https://tcgplayer-cdn.tcgplayer.com/product/165671_200w.jpg,3,2209,https://cpt.tcgcsv.com/rhl2,2022-12-05T20:53:07.183,1,,,0.06,0.23,1.49,0.22,,Normal,22/131,Common,Water,70,Basic,[W] Rain Splash (10),Gx2,None,1,[1W] Wave Splash (20),
165671,Froakie (22),Froakie 22,https://tcgplayer-cdn.tcgplayer.com/product/165671_200w.jpg,3,2209,https://cpt.tcgcsv.com/rhl2,2022-12-05T20:53:07.183,1,,,0.5,0.9,2.75,1.04,,Reverse Holofoil,22/131,Common,Water,70,Basic,[W] Rain Splash (10),Gx2,None,1,[1W] Wave Splash (20),
165672,Frogadier,Frogadier,https://tcgplayer-cdn.tcgplayer.com/product/165672_200w.jpg,3,2209,https://cpt.tcgcsv.com/shl2,2026-02-05T18:08:51.113,1,"<strong>Ability — Gale Shuriken</strong>
<br>When you play this Pokémon from your hand to evolve 1 of your Pokémon during your turn, you may put 2 damage counters on 1 of your opponent's Pokémon.",,0.22,0.5,1.95,0.56,0.4,Normal,23/131,Uncommon,Water,80,Stage 1,[W] Water Drip (20),Gx2,None,1,,
165672,Frogadier,Frogadier,https://tcgplayer-cdn.tcgplayer.com/product/165672_200w.jpg,3,2209,https://cpt.tcgcsv.com/shl2,2026-02-05T18:08:51.113,1,"<strong>Ability — Gale Shuriken</strong>
<br>When you play this Pokémon from your hand to evolve 1 of your Pokémon during your turn, you may put 2 damage counters on 1 of your opponent's Pokémon.",,0.25,1.08,3.59,1.09,,Reverse Holofoil,23/131,Uncommon,Water,80,Stage 1,[W] Water Drip (20),Gx2,None,1,,
165673,Greninja GX,Greninja GX,https://tcgplayer-cdn.tcgplayer.com/product/165673_200w.jpg,3,2209,https://cpt.tcgcsv.com/thl2,2026-01-14T16:09:18.65,1,"<strong>Ability — Shuriken Flurry</strong>
<br>When you play this Pokémon from your hand to evolve 1 of your Pokémon during your turn, you may put 3 damage counters on 1 of your opponent's Pokémon.",,8.99,13.5,39.42,13.08,29.47,Holofoil,24/131,Ultra Rare,Water,230,Stage 2,"[2W] Haze Slash (110)
<br>You may shuffle this Pokémon and all cards attached to it into your deck.",Gx2,None,2,"<span style=""color:Teal""><strong>[2W] Shadowy Hunter GX</strong>
<br>This attack does 130 damage to 1 of your opponent's Benched Pokémon. <em>(Don't apply Weakness and Resistance for Benched Pokémon.) (You can't use more than 1 GX attack in a game.)</em></span>",
165674,Greninja GX (Full Art),Greninja GX Full Art,https://tcgplayer-cdn.tcgplayer.com/product/165674_200w.jpg,3,2209,https://cpt.tcgcsv.com/vhl2,2026-02-16T15:04:12.3,1,"<strong>Ability — Shuriken Flurry</strong>
<br>When you play this Pokémon from your hand to evolve 1 of your Pokémon during your turn, you may put 3 damage counters on 1 of your opponent's Pokémon.",,35.07,55.99,88.14,53.93,61.99,Holofoil,120/131,Ultra Rare,Water,230,Stage 2,"[2W] Haze Slash (110)
<br>You may shuffle this Pokémon and all cards attached to it into your deck.",Gx2,None,2,"<span style=""color:Teal""><strong>[2W] Shadowy Hunter GX</strong>
<br>This attack does 130 damage to 1 of your opponent's Benched Pokémon. <em>(Don't apply Weakness and Resistance for Benched Pokémon.) (You can't use more than 1 GX attack in a game.)</em></span>",
165675,Greninja GX (Secret),Greninja GX Secret,https://tcgplayer-cdn.tcgplayer.com/product/165675_200w.jpg,3,2209,https://cpt.tcgcsv.com/whl2,2022-12-05T21:08:58.633,1,"<strong>Ability — Shuriken Flurry</strong>
<br>When you play this Pokémon from your hand to evolve 1 of your Pokémon during your turn, you may put 3 damage counters on 1 of your opponent's Pokémon.",,81.65,102.37,168.78,103.34,,Holofoil,133/131,Secret Rare,Water,230,Stage 2,"[2W] Haze Slash (110)
<br>You may shuffle this Pokémon and all cards attached to it into your deck.",Gx2,None,2,"<span style=""color:Teal""><strong>[2W] Shadowy Hunter GX</strong>
<br>This attack does 130 damage to 1 of your opponent's Benched Pokémon. <em>(Don't apply Weakness and Resistance for Benched Pokémon.) (You can't use more than 1 GX attack in a game.)</em></span>",
165676,Clauncher,Clauncher,https://tcgplayer-cdn.tcgplayer.com/product/165676_200w.jpg,3,2209,https://cpt.tcgcsv.com/xhl2,2022-12-14T15:13:40.697,1,,,0.04,0.2,1.49,0.15,,Normal,25/131,Common,Water,60,Basic,[W] Water Gun (10),Gx2,None,1,,
165676,Clauncher,Clauncher,https://tcgplayer-cdn.tcgplayer.com/product/165676_200w.jpg,3,2209,https://cpt.tcgcsv.com/xhl2,2022-12-14T15:13:40.697,1,,,0.13,0.37,2.5,0.34,,Reverse Holofoil,25/131,Common,Water,60,Basic,[W] Water Gun (10),Gx2,None,1,,
165677,Clawitzer,Clawitzer,https://tcgplayer-cdn.tcgplayer.com/product/165677_200w.jpg,3,2209,https://cpt.tcgcsv.com/zhl2,2022-12-05T20:54:35.567,1,,,0.13,0.49,3.95,0.4,,Reverse Holofoil,26/131,Rare,Water,100,Stage 1,"[W] Standing By
<br>During your next turn, this Pokémon's Sharpshooting attack does 120 damage instead of 40.",Gx2,None,1,"[W] Sharpshooting
<br>This attack does 40 damage to 1 of your opponent's Pokémon. <em>(Don't apply Weakness and Resistance for Benched Pokémon.)</em>",
165677,Clawitzer,Clawitzer,https://tcgplayer-cdn.tcgplayer.com/product/165677_200w.jpg,3,2209,https://cpt.tcgcsv.com/zhl2,2022-12-05T20:54:35.567,1,,,0.15,0.35,1.95,0.34,,Normal,26/131,Rare,Water,100,Stage 1,"[W] Standing By
<br>During your next turn, this Pokémon's Sharpshooting attack does 120 damage instead of 40.",Gx2,None,1,"[W] Sharpshooting
<br>This attack does 40 damage to 1 of your opponent's Pokémon. <em>(Don't apply Weakness and Resistance for Benched Pokémon.)</em>",
165678,Amaura,Amaura,https://tcgplayer-cdn.tcgplayer.com/product/165678_200w.jpg,3,2209,https://cpt.tcgcsv.com/Bhl2,2022-12-05T20:54:44.12,1,,,7.27,10.27,29.99,9.6,,Reverse Holofoil,27/131,Uncommon,Water,90,Stage 1,"[1W] Powder Snow (30)
<br>Your opponent's Active Pokémon is now Asleep.",Mx2,None,3,[1WW] Aurora Beam (60),
165678,Amaura,Amaura,https://tcgplayer-cdn.tcgplayer.com/product/165678_200w.jpg,3,2209,https://cpt.tcgcsv.com/Bhl2,2022-12-05T20:54:44.12,1,,,1.2,1.82,6.0,1.81,,Normal,27/131,Uncommon,Water,90,Stage 1,"[1W] Powder Snow (30)
<br>Your opponent's Active Pokémon is now Asleep.",Mx2,None,3,[1WW] Aurora Beam (60),
165679,Aurorus,Aurorus,https://tcgplayer-cdn.tcgplayer.com/product/165679_200w.jpg,3,2209,https://cpt.tcgcsv.com/Chl2,2026-02-16T15:03:02.443,1,,,7.99,9.23,15.01,9.19,,Reverse Holofoil,28/131,Holo Rare,Water,160,Stage 1,"[2W] Frost Wall (50)
<br>During your opponent's next turn, prevent all damage done to this Pokémon by attacks from Evolution Pokémon.",Mx2,None,4,"[2WW] Blizzard Burn (150)
<br>This Pokémon can't attack during your next turn.",
165679,Aurorus,Aurorus,https://tcgplayer-cdn.tcgplayer.com/product/165679_200w.jpg,3,2209,https://cpt.tcgcsv.com/Chl2,2026-02-16T15:03:02.443,1,,,7.98,9.66,19.99,9.16,,Holofoil,28/131,Holo Rare,Water,160,Stage 1,"[2W] Frost Wall (50)
<br>During your opponent's next turn, prevent all damage done to this Pokémon by attacks from Evolution Pokémon.",Mx2,None,4,"[2WW] Blizzard Burn (150)
<br>This Pokémon can't attack during your next turn.",
165680,Bergmite,Bergmite,https://tcgplayer-cdn.tcgplayer.com/product/165680_200w.jpg,3,2209,https://cpt.tcgcsv.com/Dhl2,2025-02-07T20:01:08.867,1,,,0.13,0.37,1.5,0.37,,Reverse Holofoil,29/131,Common,Water,60,Basic,"[W] Break Open (10)
<br>If your opponent has a Stadium card in play, discard it. If you do, your opponent's Active Pokémon is now Paralyzed.",Mx2,None,2,,
165680,Bergmite,Bergmite,https://tcgplayer-cdn.tcgplayer.com/product/165680_200w.jpg,3,2209,https://cpt.tcgcsv.com/Dhl2,2025-02-07T20:01:08.867,1,,,0.02,0.2,1.49,0.16,,Normal,29/131,Common,Water,60,Basic,"[W] Break Open (10)
<br>If your opponent has a Stadium card in play, discard it. If you do, your opponent's Active Pokémon is now Paralyzed.",Mx2,None,2,,
165681,Avalugg,Avalugg,https://tcgplayer-cdn.tcgplayer.com/product/165681_200w.jpg,3,2209,https://cpt.tcgcsv.com/Fhl2,2025-11-21T01:16:01.35,1,,,0.25,0.5,1.25,0.53,,Normal,30/131,Rare,Water,140,Stage 1,"[2W] Frozen Ground (80)
<br>Your opponent can't play any Stadium cards from their hand during their next turn.",Mx2,None,4,[3W] Skull Bash (100),
165681,Avalugg,Avalugg,https://tcgplayer-cdn.tcgplayer.com/product/165681_200w.jpg,3,2209,https://cpt.tcgcsv.com/Fhl2,2025-11-21T01:16:01.35,1,,,0.45,0.7,1.49,0.71,0.5,Reverse Holofoil,30/131,Rare,Water,140,Stage 1,"[2W] Frozen Ground (80)
<br>Your opponent can't play any Stadium cards from their hand during their next turn.",Mx2,None,4,[3W] Skull Bash (100),
165682,Volcanion Prism Star,Volcanion Prism Star,https://tcgplayer-cdn.tcgplayer.com/product/165682_200w.jpg,3,2209,https://cpt.tcgcsv.com/Ghl2,2023-08-14T18:41:58.687,1,"<strong>Ability — Jet Geyser</strong>
<br>Once during your turn <em>(before your attack)</em>, you may discard a Water Energy card from your hand. If you do, your opponent switches their Active Pokémon with 1 of their Benched Pokémon.",,1.5,2.84,49.0,2.55,3.3,Holofoil,31/131,Prism Rare,Water,160,Basic,"[WWW] Sauna Blast (100)
<br>This attack does 20 damage to each of your opponent's Benched Pokémon. <em>(Don't apply Weakness and Resistance for Benched Pokémon.)</em>",Lx2,None,3,,
165683,Dewpider,Dewpider,https://tcgplayer-cdn.tcgplayer.com/product/165683_200w.jpg,3,2209,https://cpt.tcgcsv.com/Hhl2,2026-02-17T14:13:40.907,1,,,0.15,0.39,1.58,0.35,,Reverse Holofoil,32/131,Common,Water,60,Basic,[1] Gnaw (10),Gx2,None,1,"[W] Spider Web
<br>The Defending Pokémon can't retreat during your opponent's next turn.",
165683,Dewpider,Dewpider,https://tcgplayer-cdn.tcgplayer.com/product/165683_200w.jpg,3,2209,https://cpt.tcgcsv.com/Hhl2,2026-02-17T14:13:40.907,1,,,0.02,0.19,19.5,0.16,0.14,Normal,32/131,Common,Water,60,Basic,[1] Gnaw (10),Gx2,None,1,"[W] Spider Web
<br>The Defending Pokémon can't retreat during your opponent's next turn.",
165684,Araquanid,Araquanid,https://tcgplayer-cdn.tcgplayer.com/product/165684_200w.jpg,3,2209,https://cpt.tcgcsv.com/Jhl2,2026-02-05T18:08:19.453,1,,,0.25,0.42,2.36,0.38,,Reverse Holofoil,33/131,Uncommon,Water,100,Stage 1,"[1] Bubble (30)
<br>Flip a coin. If heads, your opponent's Active Pokémon is now Paralyzed.",Gx2,None,1,"[2] Bubble Trap (40+)
<br>If 1 of your Pokémon used Bubble during your last turn, this attack does 80 more damage.",
165684,Araquanid,Araquanid,https://tcgplayer-cdn.tcgplayer.com/product/165684_200w.jpg,3,2209,https://cpt.tcgcsv.com/Jhl2,2026-02-05T18:08:19.453,1,,,0.04,0.23,1.49,0.15,,Normal,33/131,Uncommon,Water,100,Stage 1,"[1] Bubble (30)
<br>Flip a coin. If heads, your opponent's Active Pokémon is now Paralyzed.",Gx2,None,1,"[2] Bubble Trap (40+)
<br>If 1 of your Pokémon used Bubble during your last turn, this attack does 80 more damage.",
165685,Magnemite,Magnemite,https://tcgplayer-cdn.tcgplayer.com/product/165685_200w.jpg,3,2209,https://cpt.tcgcsv.com/Khl2,2022-12-05T20:55:33.25,1,,,0.01,0.25,1.49,0.28,0.16,Normal,34/131,Common,Lightning,60,Basic,"[1] Searching Magnet
<br>Search your deck for up to 3 Lightning Energy cards, reveal them, and put them into your hand. Then, shuffle your deck.",Fx2,M-20,1,[L] Tackle (10),
165685,Magnemite,Magnemite,https://tcgplayer-cdn.tcgplayer.com/product/165685_200w.jpg,3,2209,https://cpt.tcgcsv.com/Khl2,2022-12-05T20:55:33.25,1,,,0.21,0.39,1.59,0.43,,Reverse Holofoil,34/131,Common,Lightning,60,Basic,"[1] Searching Magnet
<br>Search your deck for up to 3 Lightning Energy cards, reveal them, and put them into your hand. Then, shuffle your deck.",Fx2,M-20,1,[L] Tackle (10),
165686,Magneton,Magneton,https://tcgplayer-cdn.tcgplayer.com/product/165686_200w.jpg,3,2209,https://cpt.tcgcsv.com/Lhl2,2022-12-05T20:55:40.697,1,,,0.04,0.25,19.5,0.25,0.2,Normal,35/131,Uncommon,Lightning,90,Stage 1,[L] Ram (20),Fx2,M-20,2,"[1LL] Zap Cannon (80)
<br>This Pokémon can't use Zap Cannon during your next turn.",
165686,Magneton,Magneton,https://tcgplayer-cdn.tcgplayer.com/product/165686_200w.jpg,3,2209,https://cpt.tcgcsv.com/Lhl2,2022-12-05T20:55:40.697,1,,,0.25,0.44,1.99,0.41,,Reverse Holofoil,35/131,Uncommon,Lightning,90,Stage 1,[L] Ram (20),Fx2,M-20,2,"[1LL] Zap Cannon (80)
<br>This Pokémon can't use Zap Cannon during your next turn.",
165687,Magnezone,Magnezone,https://tcgplayer-cdn.tcgplayer.com/product/165687_200w.jpg,3,2209,https://cpt.tcgcsv.com/Mhl2,2025-11-21T02:53:07.023,1,"<strong>Ability — Magnetic Circuit</strong>
<br>As often as you like during your turn <em>(before your attack)</em>, you may attach a Lightning Energy card from your hand to 1 of your Pokémon.",,0.15,0.67,2.95,0.64,0.51,Holofoil,36/131,Holo Rare,Lightning,150,Stage 2,"[1LLL] Zap Cannon (130)
<br>This Pokémon can't use Zap Cannon during your next turn.",Fx2,M-20,2,,
165687,Magnezone,Magnezone,https://tcgplayer-cdn.tcgplayer.com/product/165687_200w.jpg,3,2209,https://cpt.tcgcsv.com/Mhl2,2025-11-21T02:53:07.023,1,"<strong>Ability — Magnetic Circuit</strong>
<br>As often as you like during your turn <em>(before your attack)</em>, you may attach a Lightning Energy card from your hand to 1 of your Pokémon.",,0.6,0.92,2.89,0.9,0.97,Reverse Holofoil,36/131,Holo Rare,Lightning,150,Stage 2,"[1LLL] Zap Cannon (130)
<br>This Pokémon can't use Zap Cannon during your next turn.",Fx2,M-20,2,,
165688,Helioptile,Helioptile,https://tcgplayer-cdn.tcgplayer.com/product/165688_200w.jpg,3,2209,https://cpt.tcgcsv.com/Nhl2,2022-12-05T20:55:55.617,1,,,0.03,0.2,1.49,0.17,,Normal,37/131,Common,Lightning,60,Basic,[1] Gnaw (10),Fx2,M-20,1,[2] Tail Whip (20),
165688,Helioptile,Helioptile,https://tcgplayer-cdn.tcgplayer.com/product/165688_200w.jpg,3,2209,https://cpt.tcgcsv.com/Nhl2,2022-12-05T20:55:55.617,1,,,0.15,0.43,1.5,0.43,,Reverse Holofoil,37/131,Common,Lightning,60,Basic,[1] Gnaw (10),Fx2,M-20,1,[2] Tail Whip (20),
165689,Heliolisk,Heliolisk,https://tcgplayer-cdn.tcgplayer.com/product/165689_200w.jpg,3,2209,https://cpt.tcgcsv.com/Phl2,2025-02-07T20:01:08.977,1,,,0.25,0.42,1.49,0.38,,Reverse Holofoil,38/131,Uncommon,Lightning,100,Stage 1,[1] Gnaw (20),Fx2,M-20,1,"[3] Volt Wave (80)
<br>Flip a coin. If heads, your opponent's Active Pokémon is now Paralyzed.",
165689,Heliolisk,Heliolisk,https://tcgplayer-cdn.tcgplayer.com/product/165689_200w.jpg,3,2209,https://cpt.tcgcsv.com/Phl2,2025-02-07T20:01:08.977,1,,,0.05,0.2,1.49,0.16,,Normal,38/131,Uncommon,Lightning,100,Stage 1,[1] Gnaw (20),Fx2,M-20,1,"[3] Volt Wave (80)
<br>Flip a coin. If heads, your opponent's Active Pokémon is now Paralyzed.",
165690,Xurkitree,Xurkitree,https://tcgplayer-cdn.tcgplayer.com/product/165690_200w.jpg,3,2209,https://cpt.tcgcsv.com/Qhl2,2026-02-16T15:05:24.81,1,,,1.0,4.98,18.99,4.55,18.98,Reverse Holofoil,39/131,Rare,Lightning,120,Basic,"[L] Dazzle Blast (20)
<br>Your opponent's Active Pokémon is now Confused.",Fx2,M-20,1,"[1LL] Cablegram (100)
<br>If you have exactly 3 Prize cards remaining, your opponent's Active Pokémon is now Paralyzed.",
165690,Xurkitree,Xurkitree,https://tcgplayer-cdn.tcgplayer.com/product/165690_200w.jpg,3,2209,https://cpt.tcgcsv.com/Qhl2,2026-02-16T15:05:24.81,1,,,0.99,1.38,2.99,1.36,2.99,Normal,39/131,Rare,Lightning,120,Basic,"[L] Dazzle Blast (20)
<br>Your opponent's Active Pokémon is now Confused.",Fx2,M-20,1,"[1LL] Cablegram (100)
<br>If you have exactly 3 Prize cards remaining, your opponent's Active Pokémon is now Paralyzed.",
165691,Rotom,Rotom,https://tcgplayer-cdn.tcgplayer.com/product/165691_200w.jpg,3,2209,https://cpt.tcgcsv.com/Rhl2,2024-07-20T11:07:10.59,1,"<strong>Ability — Roto Motor</strong>
<br>If you have 9 or more Pokémon Tool cards in your discard pile, ignore all Energy in the attack cost of each of this Pokémon's attacks.",,0.15,0.43,2.84,0.43,,Normal,40/131,Rare,Psychic,70,Basic,"[PPP] Plasma Slice (120)
<br>This Pokémon can't attack during your next turn.",Dx2,F-20,1,,
165691,Rotom,Rotom,https://tcgplayer-cdn.tcgplayer.com/product/165691_200w.jpg,3,2209,https://cpt.tcgcsv.com/Rhl2,2024-07-20T11:07:10.59,1,"<strong>Ability — Roto Motor</strong>
<br>If you have 9 or more Pokémon Tool cards in your discard pile, ignore all Energy in the attack cost of each of this Pokémon's attacks.",,0.41,0.67,1.49,0.61,0.66,Reverse Holofoil,40/131,Rare,Psychic,70,Basic,"[PPP] Plasma Slice (120)
<br>This Pokémon can't attack during your next turn.",Dx2,F-20,1,,
165692,Uxie,Uxie,https://tcgplayer-cdn.tcgplayer.com/product/165692_200w.jpg,3,2209,https://cpt.tcgcsv.com/Shl2,2025-02-07T20:01:09.023,1,,,0.29,0.61,2.0,0.61,,Reverse Holofoil,41/131,Uncommon,Psychic,60,Basic,"[P] Memory Skip (30)
<br>Choose 1 of your opponent's Active Pokémon's attacks. That Pokémon can't use that attack during your opponent's next turn.",Px2,None,1,,
165692,Uxie,Uxie,https://tcgplayer-cdn.tcgplayer.com/product/165692_200w.jpg,3,2209,https://cpt.tcgcsv.com/Shl2,2025-02-07T20:01:09.023,1,,,0.05,0.25,1.49,0.24,,Normal,41/131,Uncommon,Psychic,60,Basic,"[P] Memory Skip (30)
<br>Choose 1 of your opponent's Active Pokémon's attacks. That Pokémon can't use that attack during your opponent's next turn.",Px2,None,1,,
165693,Mesprit,Mesprit,https://tcgplayer-cdn.tcgplayer.com/product/165693_200w.jpg,3,2209,https://cpt.tcgcsv.com/Thl2,2025-12-10T05:44:35.89,1,"<strong>Ability — Silent Waves</strong>
<br>If you have Azelf in play, your opponent's Pokémon in play have no Resistance.",,0.05,0.26,3.49,0.25,0.26,Normal,42/131,Uncommon,Psychic,70,Basic,"[2] Mind Splash (20+)
<br>If Uxie is on your Bench, this attack does 50 more damage.",Px2,None,1,,
165693,Mesprit,Mesprit,https://tcgplayer-cdn.tcgplayer.com/product/165693_200w.jpg,3,2209,https://cpt.tcgcsv.com/Thl2,2025-12-10T05:44:35.89,1,"<strong>Ability — Silent Waves</strong>
<br>If you have Azelf in play, your opponent's Pokémon in play have no Resistance.",,0.5,0.72,1.24,0.62,0.65,Reverse Holofoil,42/131,Uncommon,Psychic,70,Basic,"[2] Mind Splash (20+)
<br>If Uxie is on your Bench, this attack does 50 more damage.",Px2,None,1,,
165694,Azelf,Azelf,https://tcgplayer-cdn.tcgplayer.com/product/165694_200w.jpg,3,2209,https://cpt.tcgcsv.com/Vhl2,2025-11-25T23:17:34.847,1,,,0.47,0.63,2.99,0.59,0.53,Reverse Holofoil,43/131,Uncommon,Psychic,60,Basic,"[1] Psychic Abduction
<br>You can use this attack only if you go second, and only on your first turn. Shuffle 1 of your opponent's Benched Pokémon and all cards attached to it into their deck.",Px2,None,1,"[1] Hypno Blast (10)
<br>Your opponent's Active Pokémon is now Asleep.",
165694,Azelf,Azelf,https://tcgplayer-cdn.tcgplayer.com/product/165694_200w.jpg,3,2209,https://cpt.tcgcsv.com/Vhl2,2025-11-25T23:17:34.847,1,,,0.08,0.25,19.5,0.23,0.2,Normal,43/131,Uncommon,Psychic,60,Basic,"[1] Psychic Abduction
<br>You can use this attack only if you go second, and only on your first turn. Shuffle 1 of your opponent's Benched Pokémon and all cards attached to it into their deck.",Px2,None,1,"[1] Hypno Blast (10)
<br>Your opponent's Active Pokémon is now Asleep.",
165695,Espurr,Espurr,https://tcgplayer-cdn.tcgplayer.com/product/165695_200w.jpg,3,2209,https://cpt.tcgcsv.com/Whl2,2023-05-10T08:42:21.023,1,,,0.12,0.31,1.51,0.32,0.25,Normal,44/131,Common,Psychic,60,Basic,"[P] Energy Teaser 
<br>Move an Energy from 1 of your opponent's Benched Pokémon to another of their Pokémon.",Px2,None,1,,
165695,Espurr,Espurr,https://tcgplayer-cdn.tcgplayer.com/product/165695_200w.jpg,3,2209,https://cpt.tcgcsv.com/Whl2,2023-05-10T08:42:21.023,1,,,0.79,2.21,5.99,2.62,,Reverse Holofoil,44/131,Common,Psychic,60,Basic,"[P] Energy Teaser 
<br>Move an Energy from 1 of your opponent's Benched Pokémon to another of their Pokémon.",Px2,None,1,,
165696,Meowstic,Meowstic,https://tcgplayer-cdn.tcgplayer.com/product/165696_200w.jpg,3,2209,https://cpt.tcgcsv.com/Xhl2,2022-12-07T09:11:50.18,1,,,0.44,0.74,1.5,0.74,,Reverse Holofoil,45/131,Rare,Psychic,90,Stage 1,"[P] Teleportation Burst (20)
<br>Switch this Pokémon with 1 of your Benched Pokémon.",Px2,None,1,"[1P] Psychic (30+)
<br>This attack does 30 more damage times the amount of Energy attached to your opponent's Active Pokémon.",
165696,Meowstic,Meowstic,https://tcgplayer-cdn.tcgplayer.com/product/165696_200w.jpg,3,2209,https://cpt.tcgcsv.com/Xhl2,2022-12-07T09:11:50.18,1,,,0.16,0.55,1.49,0.55,,Normal,45/131,Rare,Psychic,90,Stage 1,"[P] Teleportation Burst (20)
<br>Switch this Pokémon with 1 of your Benched Pokémon.",Px2,None,1,"[1P] Psychic (30+)
<br>This attack does 30 more damage times the amount of Energy attached to your opponent's Active Pokémon.",
165697,Honedge (46),Honedge 46,https://tcgplayer-cdn.tcgplayer.com/product/165697_200w.jpg,3,2209,https://cpt.tcgcsv.com/Zhl2,2022-12-05T20:56:53.043,1,"<strong>Ability — Final Hour</strong>
<br>If this Pokémon is your Active Pokémon and is Knocked Out by damage from an opponent's attack, put 3 damage counters on 1 of your opponent's Pokémon.",,0.03,0.2,1.49,0.17,0.1,Normal,46/131,Common,Psychic,50,Basic,[PPP] Slash (50),Dx2,F-20,2,,
165697,Honedge (46),Honedge 46,https://tcgplayer-cdn.tcgplayer.com/product/165697_200w.jpg,3,2209,https://cpt.tcgcsv.com/Zhl2,2022-12-05T20:56:53.043,1,"<strong>Ability — Final Hour</strong>
<br>If this Pokémon is your Active Pokémon and is Knocked Out by damage from an opponent's attack, put 3 damage counters on 1 of your opponent's Pokémon.",,0.28,0.57,1.64,0.43,0.47,Reverse Holofoil,46/131,Common,Psychic,50,Basic,[PPP] Slash (50),Dx2,F-20,2,,
165698,Honedge (47),Honedge 47,https://tcgplayer-cdn.tcgplayer.com/product/165698_200w.jpg,3,2209,https://cpt.tcgcsv.com/-hl2,2025-02-07T20:01:09.083,1,,,0.04,0.2,1.49,0.13,,Normal,47/131,Common,Psychic,60,Basic,"[P] Metal Sound 
<br>Your opponent's Active Pokémon is now Confused.",Dx2,F-20,2,,
165698,Honedge (47),Honedge 47,https://tcgplayer-cdn.tcgplayer.com/product/165698_200w.jpg,3,2209,https://cpt.tcgcsv.com/-hl2,2025-02-07T20:01:09.083,1,,,0.21,0.38,1.0,0.37,,Reverse Holofoil,47/131,Common,Psychic,60,Basic,"[P] Metal Sound 
<br>Your opponent's Active Pokémon is now Confused.",Dx2,F-20,2,,
165699,Doublade,Doublade,https://tcgplayer-cdn.tcgplayer.com/product/165699_200w.jpg,3,2209,https://cpt.tcgcsv.com/_hl2,2022-12-05T20:57:06.717,1,,,0.25,0.47,1.95,0.41,0.36,Reverse Holofoil,48/131,Uncommon,Psychic,80,Stage 1,"[P] Curse of the Blade 
<br>Put 3 damage counters on each of your opponent's Pokémon that has a Pokémon Tool card attached to it.",Dx2,F-20,2,,
165699,Doublade,Doublade,https://tcgplayer-cdn.tcgplayer.com/product/165699_200w.jpg,3,2209,https://cpt.tcgcsv.com/_hl2,2022-12-05T20:57:06.717,1,,,0.02,0.2,1.49,0.19,,Normal,48/131,Uncommon,Psychic,80,Stage 1,"[P] Curse of the Blade 
<br>Put 3 damage counters on each of your opponent's Pokémon that has a Pokémon Tool card attached to it.",Dx2,F-20,2,,
165700,Aegislash,Aegislash,https://tcgplayer-cdn.tcgplayer.com/product/165700_200w.jpg,3,2209,https://cpt.tcgcsv.com/0jl2,2025-11-25T23:17:08.637,1,,,0.27,0.59,1.5,0.62,,Reverse Holofoil,49/131,Rare,Psychic,150,Stage 2,"[1] Ticking Knock Out 
<br>During your next turn, if the Defending Pokémon is damaged by an attack, it will be Knocked Out.",Dx2,F-20,2,"[PPP] Draining Blade (90)
<br>Heal 30 damage from this Pokémon.",
165700,Aegislash,Aegislash,https://tcgplayer-cdn.tcgplayer.com/product/165700_200w.jpg,3,2209,https://cpt.tcgcsv.com/0jl2,2025-11-25T23:17:08.637,1,,,0.09,0.4,3.95,0.36,0.3,Normal,49/131,Rare,Psychic,150,Stage 2,"[1] Ticking Knock Out 
<br>During your next turn, if the Defending Pokémon is damaged by an attack, it will be Knocked Out.",Dx2,F-20,2,"[PPP] Draining Blade (90)
<br>Heal 30 damage from this Pokémon.",
165701,Malamar,Malamar,https://tcgplayer-cdn.tcgplayer.com/product/165701_200w.jpg,3,2209,https://cpt.tcgcsv.com/2jl2,2025-11-20T07:17:44.317,1,"<strong>Ability — Psychic Recharge</strong>
<br>Once during your turn <em>(before your attack)</em>, you may attach a Psychic Energy card from your discard pile to 1 of your Benched Pokémon.",,0.7,1.07,6.75,1.07,1.29,Reverse Holofoil,51/131,Rare,Psychic,90,Stage 1,[1PP] Psychic Sphere (60),Px2,None,2,,
165701,Malamar,Malamar,https://tcgplayer-cdn.tcgplayer.com/product/165701_200w.jpg,3,2209,https://cpt.tcgcsv.com/2jl2,2025-11-20T07:17:44.317,1,"<strong>Ability — Psychic Recharge</strong>
<br>Once during your turn <em>(before your attack)</em>, you may attach a Psychic Energy card from your discard pile to 1 of your Benched Pokémon.",,0.3,0.54,6.75,0.54,,Normal,51/131,Rare,Psychic,90,Stage 1,[1PP] Psychic Sphere (60),Px2,None,2,,
165702,Skrelp,Skrelp,https://tcgplayer-cdn.tcgplayer.com/product/165702_200w.jpg,3,2209,https://cpt.tcgcsv.com/3jl2,2022-12-05T20:58:33.79,1,,,0.03,0.2,2.16,0.18,0.14,Normal,52/131,Common,Psychic,60,Basic,[P] Hook (10),Px2,None,1,,
165702,Skrelp,Skrelp,https://tcgplayer-cdn.tcgplayer.com/product/165702_200w.jpg,3,2209,https://cpt.tcgcsv.com/3jl2,2022-12-05T20:58:33.79,1,,,0.1,0.37,1.99,0.36,,Reverse Holofoil,52/131,Common,Psychic,60,Basic,[P] Hook (10),Px2,None,1,,
165703,Dragalge,Dragalge,https://tcgplayer-cdn.tcgplayer.com/product/165703_200w.jpg,3,2209,https://cpt.tcgcsv.com/5jl2,2026-02-16T15:03:15.81,1,"<strong>Ability — Poison Point</strong>
<br>If this Pokémon is your Active Pokémon and is damaged by an opponent's attack <em>(even if this Pokémon is Knocked Out)</em>, the Attacking Pokémon is now Poisoned.",,0.15,0.39,1.49,0.36,,Normal,53/131,Rare,Psychic,120,Stage 1,"[1P] Twister (60)
<br>Flip 2 coins. For each heads, discard an Energy from your opponent's Active Pokémon. If both of them are tails, this attack does nothing.",Px2,None,1,,
165703,Dragalge,Dragalge,https://tcgplayer-cdn.tcgplayer.com/product/165703_200w.jpg,3,2209,https://cpt.tcgcsv.com/5jl2,2026-02-16T15:03:15.81,1,"<strong>Ability — Poison Point</strong>
<br>If this Pokémon is your Active Pokémon and is damaged by an opponent's attack <em>(even if this Pokémon is Knocked Out)</em>, the Attacking Pokémon is now Poisoned.",,0.34,0.54,1.95,0.5,0.5,Reverse Holofoil,53/131,Rare,Psychic,120,Stage 1,"[1P] Twister (60)
<br>Flip 2 coins. For each heads, discard an Energy from your opponent's Active Pokémon. If both of them are tails, this attack does nothing.",Px2,None,1,,
165704,Hoopa,Hoopa,https://tcgplayer-cdn.tcgplayer.com/product/165704_200w.jpg,3,2209,https://cpt.tcgcsv.com/6jl2,2025-02-07T20:01:09.183,1,,,0.15,0.44,2.95,0.43,0.29,Normal,54/131,Uncommon,Psychic,80,Basic,"[P] Hyperspace Ring 
<br>Search your deck for up to 2 Item cards, reveal them, and put them into your hand. Then, shuffle your deck.",Px2,None,1,"[P] Psy Bolt (10)
<br>Flip a coin. If heads, your opponent's Active Pokémon is now Paralyzed.",
165704,Hoopa,Hoopa,https://tcgplayer-cdn.tcgplayer.com/product/165704_200w.jpg,3,2209,https://cpt.tcgcsv.com/6jl2,2025-02-07T20:01:09.183,1,,,1.0,1.34,4.59,2.76,,Reverse Holofoil,54/131,Uncommon,Psychic,80,Basic,"[P] Hyperspace Ring 
<br>Search your deck for up to 2 Item cards, reveal them, and put them into your hand. Then, shuffle your deck.",Px2,None,1,"[P] Psy Bolt (10)
<br>Flip a coin. If heads, your opponent's Active Pokémon is now Paralyzed.",
165705,Poipole,Poipole,https://tcgplayer-cdn.tcgplayer.com/product/165705_200w.jpg,3,2209,https://cpt.tcgcsv.com/7jl2,2026-03-09T14:55:15.283,1,,,0.26,0.79,4.95,0.91,0.69,Normal,55/131,Uncommon,Psychic,70,Basic,"[1] Spit Poison 
<br>Your opponent's Active Pokémon is now Poisoned.",Px2,None,1,"[1P] Knockout Reviver 
<br>During your opponent's next turn, if this Pokémon is Knocked Out, your opponent can't take any Prize cards for it.",
165705,Poipole,Poipole,https://tcgplayer-cdn.tcgplayer.com/product/165705_200w.jpg,3,2209,https://cpt.tcgcsv.com/7jl2,2026-03-09T14:55:15.283,1,,,0.98,2.13,4.0,2.62,,Reverse Holofoil,55/131,Uncommon,Psychic,70,Basic,"[1] Spit Poison 
<br>Your opponent's Active Pokémon is now Poisoned.",Px2,None,1,"[1P] Knockout Reviver 
<br>During your opponent's next turn, if this Pokémon is Knocked Out, your opponent can't take any Prize cards for it.",
165706,Naganadel GX,Naganadel GX,https://tcgplayer-cdn.tcgplayer.com/product/165706_200w.jpg,3,2209,https://cpt.tcgcsv.com/8jl2,2026-02-16T15:05:17.31,1,,,2.99,3.99,5.99,3.6,,Holofoil,56/131,Ultra Rare,Psychic,210,Stage 1,"[1] Beast Raid (20×)
<br>This attack does 20 damage for each of your Ultra Beasts in play.",Px2,None,1,"[2P] Jet Needle (110)
<br>This attack's damage isn't affected by Weakness or Resistance.","<span style=""color:DarkRed""><strong>[3] Stinger GX</strong>
<br>Both players shuffle their Prize cards into their decks. Then, each player puts the top 3 cards of their deck face down as their Prize cards. <em>(You can't use more than 1 GX attack in a game.)</em></span>"
165707,Naganadel GX (Full Art),Naganadel GX Full Art,https://tcgplayer-cdn.tcgplayer.com/product/165707_200w.jpg,3,2209,https://cpt.tcgcsv.com/9jl2,2025-12-10T05:45:03.187,1,,,7.01,7.52,96.94,7.54,96.94,Holofoil,121/131,Ultra Rare,Psychic,210,Stage 1,"[1] Beast Raid (20×)
<br>This attack does 20 damage for each of your Ultra Beasts in play.",Px2,None,1,"[2P] Jet Needle (110)
<br>This attack's damage isn't affected by Weakness or Resistance.","<span style=""color:DarkRed""><strong>[3] Stinger GX</strong>
<br>Both players shuffle their Prize cards into their decks. Then, each player puts the top 3 cards of their deck face down as their Prize cards. <em>(You can't use more than 1 GX attack in a game.)</em></span>"
165708,Naganadel GX (Secret),Naganadel GX Secret,https://tcgplayer-cdn.tcgplayer.com/product/165708_200w.jpg,3,2209,https://cpt.tcgcsv.com/bjl2,2022-12-05T21:09:04.553,1,,,10.49,18.19,27.0,14.24,,Holofoil,134/131,Secret Rare,Psychic,210,Stage 1,"[1] Beast Raid (20×)
<br>This attack does 20 damage for each of your Ultra Beasts in play.",Px2,None,1,"[2P] Jet Needle (110)
<br>This attack's damage isn't affected by Weakness or Resistance.","<span style=""color:DarkRed""><strong>[3] Stinger GX</strong>
<br>Both players shuffle their Prize cards into their decks. Then, each player puts the top 3 cards of their deck face down as their Prize cards. <em>(You can't use more than 1 GX attack in a game.)</em></span>"
165709,Cubone,Cubone,https://tcgplayer-cdn.tcgplayer.com/product/165709_200w.jpg,3,2209,https://cpt.tcgcsv.com/cjl2,2023-04-20T13:37:06.37,1,,,0.15,0.37,19.5,0.51,0.26,Normal,57/131,Common,Fighting,60,Basic,"[2] Burdensome Bone (40)
<br>This Pokémon can't attack during your next turn.",Gx2,None,1,,
165709,Cubone,Cubone,https://tcgplayer-cdn.tcgplayer.com/product/165709_200w.jpg,3,2209,https://cpt.tcgcsv.com/cjl2,2023-04-20T13:37:06.37,1,,,0.75,2.06,96.95,1.83,,Reverse Holofoil,57/131,Common,Fighting,60,Basic,"[2] Burdensome Bone (40)
<br>This Pokémon can't attack during your next turn.",Gx2,None,1,,
165710,Torterra,Torterra,https://tcgplayer-cdn.tcgplayer.com/product/165710_200w.jpg,3,2209,https://cpt.tcgcsv.com/djl2,2025-12-10T23:01:31.97,1,,,0.35,0.6,1.8,0.54,,Normal,58/131,Rare,Fighting,180,Stage 2,"[1FF] Giga Drain (50)
<br>Heal from this Pokémon the same amount of damage you did to your opponent's Active Pokémon.",Gx2,None,4,"[1FFF] Earthquake (180)
<br>This attack does 20 damage to each of your Benched Pokémon. <em>(Don't apply Weakness and Resistance for Benched Pokémon.)</em>",
165710,Torterra,Torterra,https://tcgplayer-cdn.tcgplayer.com/product/165710_200w.jpg,3,2209,https://cpt.tcgcsv.com/djl2,2025-12-10T23:01:31.97,1,,,0.4,0.99,1.99,1.0,,Reverse Holofoil,58/131,Rare,Fighting,180,Stage 2,"[1FF] Giga Drain (50)
<br>Heal from this Pokémon the same amount of damage you did to your opponent's Active Pokémon.",Gx2,None,4,"[1FFF] Earthquake (180)
<br>This attack does 20 damage to each of your Benched Pokémon. <em>(Don't apply Weakness and Resistance for Benched Pokémon.)</em>",
165711,Infernape,Infernape,https://tcgplayer-cdn.tcgplayer.com/product/165711_200w.jpg,3,2209,https://cpt.tcgcsv.com/fjl2,2023-07-31T10:30:31.76,1,"<strong>Ability — Flaming Fighter</strong>
<br>Put 6 damage counters instead of 2 on your opponent's Burned Pokémon between turns.",,0.49,0.9,9.95,0.9,,Reverse Holofoil,59/131,Holo Rare,Fighting,130,Stage 2,"[1F] Burst Punch (50)
<br>Your opponent's Active Pokémon is now Burned.",Px2,None,1,,
165711,Infernape,Infernape,https://tcgplayer-cdn.tcgplayer.com/product/165711_200w.jpg,3,2209,https://cpt.tcgcsv.com/fjl2,2023-07-31T10:30:31.76,1,"<strong>Ability — Flaming Fighter</strong>
<br>Put 6 damage counters instead of 2 on your opponent's Burned Pokémon between turns.",,0.4,0.76,2.99,0.73,1.13,Holofoil,59/131,Holo Rare,Fighting,130,Stage 2,"[1F] Burst Punch (50)
<br>Your opponent's Active Pokémon is now Burned.",Px2,None,1,,
165712,Gible,Gible,https://tcgplayer-cdn.tcgplayer.com/product/165712_200w.jpg,3,2209,https://cpt.tcgcsv.com/gjl2,2022-12-05T20:59:27.523,1,,,0.08,0.27,19.5,0.27,0.21,Normal,60/131,Common,Fighting,50,Basic,"[F] Ascension 
<br>Search your deck for a card that evolves from this Pokémon and put it onto this Pokémon to evolve it. Then, shuffle your deck.",Gx2,None,1,,
165712,Gible,Gible,https://tcgplayer-cdn.tcgplayer.com/product/165712_200w.jpg,3,2209,https://cpt.tcgcsv.com/gjl2,2022-12-05T20:59:27.523,1,,,0.15,0.42,1.99,0.44,,Reverse Holofoil,60/131,Common,Fighting,50,Basic,"[F] Ascension 
<br>Search your deck for a card that evolves from this Pokémon and put it onto this Pokémon to evolve it. Then, shuffle your deck.",Gx2,None,1,,
165713,Gabite,Gabite,https://tcgplayer-cdn.tcgplayer.com/product/165713_200w.jpg,3,2209,https://cpt.tcgcsv.com/hjl2,2022-12-05T20:59:34.187,1,,,0.15,0.4,19.5,0.34,0.33,Normal,61/131,Uncommon,Fighting,80,Stage 1,"[F] Ascension 
<br>Search your deck for a card that evolves from this Pokémon and put it onto this Pokémon to evolve it. Then, shuffle your deck.",Gx2,None,1,[2] Slash (40),
165713,Gabite,Gabite,https://tcgplayer-cdn.tcgplayer.com/product/165713_200w.jpg,3,2209,https://cpt.tcgcsv.com/hjl2,2022-12-05T20:59:34.187,1,,,0.55,0.79,1.5,0.81,,Reverse Holofoil,61/131,Uncommon,Fighting,80,Stage 1,"[F] Ascension 
<br>Search your deck for a card that evolves from this Pokémon and put it onto this Pokémon to evolve it. Then, shuffle your deck.",Gx2,None,1,[2] Slash (40),
165714,Garchomp,Garchomp,https://tcgplayer-cdn.tcgplayer.com/product/165714_200w.jpg,3,2209,https://cpt.tcgcsv.com/jjl2,2025-11-29T00:42:47.24,1,,,1.93,2.49,9.99,2.58,,Reverse Holofoil,62/131,Holo Rare,Fighting,150,Stage 2,"[2] Quick Dive 
<br>This attack does 50 damage to 1 of your opponent's Pokémon. <em>(Don't apply Weakness and Resistance for Benched Pokémon)</em>",Gx2,None,,"[2F] Royal Blades (100+)
<br>If you played Cynthia from your hand during this turn, this attack does 100 more damage.",
165714,Garchomp,Garchomp,https://tcgplayer-cdn.tcgplayer.com/product/165714_200w.jpg,3,2209,https://cpt.tcgcsv.com/jjl2,2025-11-29T00:42:47.24,1,,,0.98,1.99,96.95,2.48,0.98,Holofoil,62/131,Holo Rare,Fighting,150,Stage 2,"[2] Quick Dive 
<br>This attack does 50 damage to 1 of your opponent's Pokémon. <em>(Don't apply Weakness and Resistance for Benched Pokémon)</em>",Gx2,None,,"[2F] Royal Blades (100+)
<br>If you played Cynthia from your hand during this turn, this attack does 100 more damage.",
165715,Croagunk,Croagunk,https://tcgplayer-cdn.tcgplayer.com/product/165715_200w.jpg,3,2209,https://cpt.tcgcsv.com/kjl2,2025-11-21T01:45:35.123,1,,,0.16,0.35,2.74,0.33,0.2,Reverse Holofoil,63/131,Common,Fighting,60,Basic,"[F] Swagger (10)
<br>Flip a coin. If heads, discard an Energy from your opponent's Active Pokémon.",Px2,None,1,,
165715,Croagunk,Croagunk,https://tcgplayer-cdn.tcgplayer.com/product/165715_200w.jpg,3,2209,https://cpt.tcgcsv.com/kjl2,2025-11-21T01:45:35.123,1,,,0.02,0.18,1.49,0.13,0.1,Normal,63/131,Common,Fighting,60,Basic,"[F] Swagger (10)
<br>Flip a coin. If heads, discard an Energy from your opponent's Active Pokémon.",Px2,None,1,,
165716,Toxicroak,Toxicroak,https://tcgplayer-cdn.tcgplayer.com/product/165716_200w.jpg,3,2209,https://cpt.tcgcsv.com/ljl2,2022-12-05T20:59:52.86,1,,,0.25,0.48,3.95,0.44,,Reverse Holofoil,64/131,Rare,Fighting,100,Stage 1,"[F] Poison Jab (30)
<br>Your opponent's Active Pokémon is now Poisoned.",Px2,None,2,"[2] Exact Revenge (50+)
<br>If any of your Psychic Pokémon were Knocked Out by damage from an opponent's attack during their last turn, this attack does 70 more damage.",
165716,Toxicroak,Toxicroak,https://tcgplayer-cdn.tcgplayer.com/product/165716_200w.jpg,3,2209,https://cpt.tcgcsv.com/ljl2,2022-12-05T20:59:52.86,1,,,0.09,0.29,1.49,0.26,0.22,Normal,64/131,Rare,Fighting,100,Stage 1,"[F] Poison Jab (30)
<br>Your opponent's Active Pokémon is now Poisoned.",Px2,None,2,"[2] Exact Revenge (50+)
<br>If any of your Psychic Pokémon were Knocked Out by damage from an opponent's attack during their last turn, this attack does 70 more damage.",
165717,Pancham,Pancham,https://tcgplayer-cdn.tcgplayer.com/product/165717_200w.jpg,3,2209,https://cpt.tcgcsv.com/mjl2,2026-02-17T14:11:41.86,1,,,0.09,0.35,2.35,0.3,,Reverse Holofoil,65/131,Common,Fighting,70,Basic,"[F] Act Tough (10+)
<br>If this Pokémon has any Darkness Energy attached to it, this attack does 30 more damage.",Px2,None,2,,
165717,Pancham,Pancham,https://tcgplayer-cdn.tcgplayer.com/product/165717_200w.jpg,3,2209,https://cpt.tcgcsv.com/mjl2,2026-02-17T14:11:41.86,1,,,0.03,0.2,1.49,0.17,,Normal,65/131,Common,Fighting,70,Basic,"[F] Act Tough (10+)
<br>If this Pokémon has any Darkness Energy attached to it, this attack does 30 more damage.",Px2,None,2,,
165718,Binacle,Binacle,https://tcgplayer-cdn.tcgplayer.com/product/165718_200w.jpg,3,2209,https://cpt.tcgcsv.com/njl2,2022-12-05T21:00:04.787,1,,,0.25,0.49,2.0,0.46,0.35,Reverse Holofoil,66/131,Common,Fighting,70,Basic,"[F] Allotment (10)
<br>Draw a card.",Px2,None,3,,
165718,Binacle,Binacle,https://tcgplayer-cdn.tcgplayer.com/product/165718_200w.jpg,3,2209,https://cpt.tcgcsv.com/njl2,2022-12-05T21:00:04.787,1,,,0.09,0.3,1.49,0.3,,Normal,66/131,Common,Fighting,70,Basic,"[F] Allotment (10)
<br>Draw a card.",Px2,None,3,,
165719,Barbaracle,Barbaracle,https://tcgplayer-cdn.tcgplayer.com/product/165719_200w.jpg,3,2209,https://cpt.tcgcsv.com/pjl2,2025-11-25T23:17:58.687,1,,,0.2,0.35,4.0,0.33,,Normal,67/131,Rare,Fighting,130,Stage 1,"[1F] Seven Shock (30)
<br>If you have exactly 7 cards in your hand, your opponent's Active Pokémon is now Paralyzed.",Gx2,None,3,[2F] Claw Slash (90),
165719,Barbaracle,Barbaracle,https://tcgplayer-cdn.tcgplayer.com/product/165719_200w.jpg,3,2209,https://cpt.tcgcsv.com/pjl2,2025-11-25T23:17:58.687,1,,,0.13,0.44,2.78,0.43,,Reverse Holofoil,67/131,Rare,Fighting,130,Stage 1,"[1F] Seven Shock (30)
<br>If you have exactly 7 cards in your hand, your opponent's Active Pokémon is now Paralyzed.",Gx2,None,3,[2F] Claw Slash (90),
165720,Tyrunt,Tyrunt,https://tcgplayer-cdn.tcgplayer.com/product/165720_200w.jpg,3,2209,https://cpt.tcgcsv.com/qjl2,2023-03-08T20:23:10.653,1,,,2.0,4.0,96.95,3.39,,Normal,68/131,Uncommon,Fighting,90,Stage 1,"[F] Crunch (20)
<br>Flip a coin. If heads, discard an Energy from your opponent's Active Pokémon.",Gx2,None,2,[1F] Hammer In (40),
165720,Tyrunt,Tyrunt,https://tcgplayer-cdn.tcgplayer.com/product/165720_200w.jpg,3,2209,https://cpt.tcgcsv.com/qjl2,2023-03-08T20:23:10.653,1,,,6.92,9.86,19.99,10.45,14.98,Reverse Holofoil,68/131,Uncommon,Fighting,90,Stage 1,"[F] Crunch (20)
<br>Flip a coin. If heads, discard an Energy from your opponent's Active Pokémon.",Gx2,None,2,[1F] Hammer In (40),
165721,Tyrantrum,Tyrantrum,https://tcgplayer-cdn.tcgplayer.com/product/165721_200w.jpg,3,2209,https://cpt.tcgcsv.com/rjl2,2026-02-03T03:51:32.823,1,"<strong>Ability — Tyrannical Heart</strong>
<br>As long as you don't have more Pokémon in play than your opponent, this Pokémon's attacks do 60 more damage <em>(before applying Weakness and Resistance)</em>, and it takes 30 less damage from attacks <em>(after applying Weakness and Resistance)</em>.",,8.9,10.9,17.81,10.9,,Holofoil,69/131,Holo Rare,Fighting,150,Stage 1,"[1FF] Crunch (100)
<br>Discard an Energy from your opponent's Active Pokémon.",Gx2,None,3,,
165721,Tyrantrum,Tyrantrum,https://tcgplayer-cdn.tcgplayer.com/product/165721_200w.jpg,3,2209,https://cpt.tcgcsv.com/rjl2,2026-02-03T03:51:32.823,1,"<strong>Ability — Tyrannical Heart</strong>
<br>As long as you don't have more Pokémon in play than your opponent, this Pokémon's attacks do 60 more damage <em>(before applying Weakness and Resistance)</em>, and it takes 30 less damage from attacks <em>(after applying Weakness and Resistance)</em>.",,9.0,12.72,20.38,12.46,,Reverse Holofoil,69/131,Holo Rare,Fighting,150,Stage 1,"[1FF] Crunch (100)
<br>Discard an Energy from your opponent's Active Pokémon.",Gx2,None,3,,
165722,Hawlucha,Hawlucha,https://tcgplayer-cdn.tcgplayer.com/product/165722_200w.jpg,3,2209,https://cpt.tcgcsv.com/sjl2,2025-11-21T02:52:39.047,1,,,0.25,0.5,4.95,0.41,0.47,Reverse Holofoil,70/131,Uncommon,Fighting,80,Basic,[F] High Jump Kick (20),Lx2,F-20,1,"[3] Sky Drop (80-)
<br>This attack does 20 less damage for each Colorless Energy in your opponent's Active Pokémon's Retreat Cost.",
165722,Hawlucha,Hawlucha,https://tcgplayer-cdn.tcgplayer.com/product/165722_200w.jpg,3,2209,https://cpt.tcgcsv.com/sjl2,2025-11-21T02:52:39.047,1,,,0.07,0.25,1.49,0.22,,Normal,70/131,Uncommon,Fighting,80,Basic,[F] High Jump Kick (20),Lx2,F-20,1,"[3] Sky Drop (80-)
<br>This attack does 20 less damage for each Colorless Energy in your opponent's Active Pokémon's Retreat Cost.",
165723,Zygarde (71),Zygarde 71,https://tcgplayer-cdn.tcgplayer.com/product/165723_200w.jpg,3,2209,https://cpt.tcgcsv.com/tjl2,2022-12-05T21:00:39.517,1,"<strong>Ability — Earthen Aura</strong>
<br>Damage from this Pokémon's attacks isn't affected by Weakness or Resistance.",,0.08,0.25,3.95,0.17,,Normal,71/131,Uncommon,Fighting,90,Basic,"[F] Peace Maker (30+)
<br>If your opponent has an Ultra Beast in play, this attack does 30 more damage.",Gx2,None,1,,
165723,Zygarde (71),Zygarde 71,https://tcgplayer-cdn.tcgplayer.com/product/165723_200w.jpg,3,2209,https://cpt.tcgcsv.com/tjl2,2022-12-05T21:00:39.517,1,"<strong>Ability — Earthen Aura</strong>
<br>Damage from this Pokémon's attacks isn't affected by Weakness or Resistance.",,0.18,0.44,1.0,0.44,,Reverse Holofoil,71/131,Uncommon,Fighting,90,Basic,"[F] Peace Maker (30+)
<br>If your opponent has an Ultra Beast in play, this attack does 30 more damage.",Gx2,None,1,,
165724,Zygarde (72),Zygarde 72,https://tcgplayer-cdn.tcgplayer.com/product/165724_200w.jpg,3,2209,https://cpt.tcgcsv.com/vjl2,2022-12-05T21:00:47.427,1,,,0.35,0.49,1.0,0.45,,Reverse Holofoil,72/131,Rare,Fighting,130,Basic,"[2] Glare (20)
<br>Flip a coin. If heads, your opponent's Active Pokémon is now Paralyzed.",Gx2,None,2,"[1FF] Calm Strike (60+)
<br>If you have used your GX attack, this attack does 60 more damage.",
165724,Zygarde (72),Zygarde 72,https://tcgplayer-cdn.tcgplayer.com/product/165724_200w.jpg,3,2209,https://cpt.tcgcsv.com/vjl2,2022-12-05T21:00:47.427,1,,,0.24,0.42,1.49,0.39,,Normal,72/131,Rare,Fighting,130,Basic,"[2] Glare (20)
<br>Flip a coin. If heads, your opponent's Active Pokémon is now Paralyzed.",Gx2,None,2,"[1FF] Calm Strike (60+)
<br>If you have used your GX attack, this attack does 60 more damage.",
165725,Zygarde GX,Zygarde GX,https://tcgplayer-cdn.tcgplayer.com/product/165725_200w.jpg,3,2209,https://cpt.tcgcsv.com/wjl2,2026-02-16T15:05:46.13,1,,,5.99,11.0,218.4,11.09,13.99,Holofoil,73/131,Ultra Rare,Fighting,200,Basic,"[2] Cell Connector (50)
<br>Attach 2 Fighting Energy cards from your discard pile to this Pokémon.",Gx2,None,3,[2FF] Land's Wrath (130),"<span style=""color:Teal""><strong>[2FF] Verdict GX (150)</strong>
<br>Prevent all damage done to this Pokémon by attacks from Pokémon-GX and Pokémon-EX during your opponent's next turn. <em>(You can't use more than 1 GX attack in a game.)</em></span>"
165726,Zygarde GX (Full Art),Zygarde GX Full Art,https://tcgplayer-cdn.tcgplayer.com/product/165726_200w.jpg,3,2209,https://cpt.tcgcsv.com/xjl2,2022-12-05T21:07:11.773,1,,,6.69,23.34,34.05,20.84,,Holofoil,123/131,Ultra Rare,Fighting,200,Basic,"[2] Cell Connector (50)
<br>Attach 2 Fighting Energy cards from your discard pile to this Pokémon.",Gx2,None,3,[2FF] Land's Wrath (130),"<span style=""color:Teal""><strong>[2FF] Verdict GX (150)</strong>
<br>Prevent all damage done to this Pokémon by attacks from Pokémon-GX and Pokémon-EX during your opponent's next turn. <em>(You can't use more than 1 GX attack in a game.)</em></span>"
165727,Zygarde GX (Secret),Zygarde GX Secret,https://tcgplayer-cdn.tcgplayer.com/product/165727_200w.jpg,3,2209,https://cpt.tcgcsv.com/zjl2,2022-12-05T21:09:15.997,1,,,69.99,74.87,75.0,52.55,,Holofoil,136/131,Secret Rare,Fighting,200,Basic,"[2] Cell Connector (50)
<br>Attach 2 Fighting Energy cards from your discard pile to this Pokémon.",Gx2,None,3,[2FF] Land's Wrath (130),"<span style=""color:Teal""><strong>[2FF] Verdict GX (150)</strong>
<br>Prevent all damage done to this Pokémon by attacks from Pokémon-GX and Pokémon-EX during your opponent's next turn. <em>(You can't use more than 1 GX attack in a game.)</em></span>"
165728,Diancie Prism Star,Diancie Prism Star,https://tcgplayer-cdn.tcgplayer.com/product/165728_200w.jpg,3,2209,https://cpt.tcgcsv.com/Bjl2,2022-12-05T21:01:01.193,1,"<strong>Ability — Princess's Cheers</strong>
<br>As long as this Pokémon is on your Bench, your Fighting Pokémon's attacks do 20 more damage to your opponent's Active Pokémon <em>(before applying Weakness and Resistance)</em>.",,3.65,4.92,96.95,4.66,19.97,Holofoil,74/131,Prism Rare,Fighting,120,Basic,"[FFF] Diamond Rain (90)
<br>Heal 30 damage from each of your Benched Pokémon.",Gx2,None,2,,
165729,Rockruff,Rockruff,https://tcgplayer-cdn.tcgplayer.com/product/165729_200w.jpg,3,2209,https://cpt.tcgcsv.com/Cjl2,2026-02-17T12:37:53.257,1,,,0.06,0.25,1.49,0.25,,Normal,75/131,Common,Fighting,70,Basic,"[1F] Surprise Attack (50)
<br>Flip a coin. If tails, this attack does nothing.",Gx2,None,1,,
165729,Rockruff,Rockruff,https://tcgplayer-cdn.tcgplayer.com/product/165729_200w.jpg,3,2209,https://cpt.tcgcsv.com/Cjl2,2026-02-17T12:37:53.257,1,,,0.5,0.73,2.57,0.65,0.5,Reverse Holofoil,75/131,Common,Fighting,70,Basic,"[1F] Surprise Attack (50)
<br>Flip a coin. If tails, this attack does nothing.",Gx2,None,1,,
165730,Lycanroc,Lycanroc,https://tcgplayer-cdn.tcgplayer.com/product/165730_200w.jpg,3,2209,https://cpt.tcgcsv.com/Djl2,2022-12-05T21:01:34.773,1,,,0.93,1.33,2.06,1.33,0.97,Reverse Holofoil,76/131,Rare,Fighting,120,Stage 1,"[1F] Dangerous Rogue (20+)
<br>This attack does 20 more damage for each of your opponent's Benched Pokémon.",Gx2,None,2,[1FF] Accelerock (100),
165730,Lycanroc,Lycanroc,https://tcgplayer-cdn.tcgplayer.com/product/165730_200w.jpg,3,2209,https://cpt.tcgcsv.com/Djl2,2022-12-05T21:01:34.773,1,,,0.5,0.96,1.95,0.93,,Normal,76/131,Rare,Fighting,120,Stage 1,"[1F] Dangerous Rogue (20+)
<br>This attack does 20 more damage for each of your opponent's Benched Pokémon.",Gx2,None,2,[1FF] Accelerock (100),
165731,Buzzwole,Buzzwole,https://tcgplayer-cdn.tcgplayer.com/product/165731_200w.jpg,3,2209,https://cpt.tcgcsv.com/Fjl2,2026-01-30T14:27:14.66,1,,,0.95,1.93,4.99,1.93,1.93,Normal,77/131,Rare,Fighting,130,Basic,"[F] Sledgehammer (30+)
<br>If your opponent has exactly 4 Prize cards remaining, this attack does 90 more damage.",Px2,None,2,"[1FF] Swing Around (80+)
<br>Flip 2 coins. This attack does 20 more damage for each heads.",
165731,Buzzwole,Buzzwole,https://tcgplayer-cdn.tcgplayer.com/product/165731_200w.jpg,3,2209,https://cpt.tcgcsv.com/Fjl2,2026-01-30T14:27:14.66,1,,,1.8,2.28,9.99,2.2,2.2,Reverse Holofoil,77/131,Rare,Fighting,130,Basic,"[F] Sledgehammer (30+)
<br>If your opponent has exactly 4 Prize cards remaining, this attack does 90 more damage.",Px2,None,2,"[1FF] Swing Around (80+)
<br>Flip 2 coins. This attack does 20 more damage for each heads.",
165732,Pangoro,Pangoro,https://tcgplayer-cdn.tcgplayer.com/product/165732_200w.jpg,3,2209,https://cpt.tcgcsv.com/Gjl2,2025-02-07T20:01:09.5,1,,,0.2,0.5,1.55,0.45,,Reverse Holofoil,78/131,Rare,Darkness,130,Stage 1,"[1D] Untamed Punch (50+)
<br>If this Pokémon has any damage counters on it, this attack does 50 more damage, and both Active Pokémon are now Confused.",Fx2,P-20,3,"[1DD] Double Stomp (80+)
<br>Flip 2 coins. This attack does 40 more damage for each heads.",
165732,Pangoro,Pangoro,https://tcgplayer-cdn.tcgplayer.com/product/165732_200w.jpg,3,2209,https://cpt.tcgcsv.com/Gjl2,2025-02-07T20:01:09.5,1,,,0.09,0.33,1.0,0.34,,Normal,78/131,Rare,Darkness,130,Stage 1,"[1D] Untamed Punch (50+)
<br>If this Pokémon has any damage counters on it, this attack does 50 more damage, and both Active Pokémon are now Confused.",Fx2,P-20,3,"[1DD] Double Stomp (80+)
<br>Flip 2 coins. This attack does 40 more damage for each heads.",
165733,Yveltal GX,Yveltal GX,https://tcgplayer-cdn.tcgplayer.com/product/165733_200w.jpg,3,2209,https://cpt.tcgcsv.com/Hjl2,2026-02-16T15:05:31.103,1,,,7.99,10.67,33.87,10.72,9.14,Holofoil,79/131,Ultra Rare,Darkness,180,Basic,"[D] Absorb Vitality (20)
<br>Heal from this Pokémon the same amount of damage you did to your opponent's Active Pokémon.",Fx2,P-20,3,"[3] Sonic Evil (100)
<br>This attack's damage isn't affected by Weakness or Resistance.","<span style=""color:Teal""><strong>[D] Doom Count GX</strong>
<br>If your opponent's Active Pokémon has exactly 4 damage counters on it, that Pokémon is Knocked Out. <em>(You can't use more than 1 GX attack in a game.)</em></span>"
165734,Yveltal GX (Full Art),Yveltal GX Full Art,https://tcgplayer-cdn.tcgplayer.com/product/165734_200w.jpg,3,2209,https://cpt.tcgcsv.com/Jjl2,2026-02-16T15:05:39.983,1,,,14.99,18.94,43.5,17.99,39.92,Holofoil,124/131,Ultra Rare,Darkness,130,Stage 1,"[D] Absorb Vitality (20)
<br>Heal from this Pokémon the same amount of damage you did to your opponent's Active Pokémon.",Fx2,P-20,3,"[3] Sonic Evil (100)
<br>This attack's damage isn't affected by Weakness or Resistance.","<span style=""color:Teal""><strong>[D] Doom Count GX</strong>
<br>If your opponent's Active Pokémon has exactly 4 damage counters on it, that Pokémon is Knocked Out. <em>(You can't use more than 1 GX attack in a game.)</em></span>"
165735,Yveltal GX (Secret),Yveltal GX Secret,https://tcgplayer-cdn.tcgplayer.com/product/165735_200w.jpg,3,2209,https://cpt.tcgcsv.com/Kjl2,2024-07-25T15:56:17.907,1,,,28.54,45.05,72.46,44.31,49.99,Holofoil,137/131,Secret Rare,Darkness,130,Stage 1,"[D] Absorb Vitality (20)
<br>Heal from this Pokémon the same amount of damage you did to your opponent's Active Pokémon.",Fx2,P-20,3,"[3] Sonic Evil (100)
<br>This attack's damage isn't affected by Weakness or Resistance.","<span style=""color:Teal""><strong>[D] Doom Count GX</strong>
<br>If your opponent's Active Pokémon has exactly 4 damage counters on it, that Pokémon is Knocked Out. <em>(You can't use more than 1 GX attack in a game.)</em></span>"
165736,Guzzlord,Guzzlord,https://tcgplayer-cdn.tcgplayer.com/product/165736_200w.jpg,3,2209,https://cpt.tcgcsv.com/Ljl2,2022-12-05T21:01:59.283,1,,,1.74,2.44,8.0,2.44,3.44,Holofoil,80/131,Holo Rare,Darkness,160,Basic,"[DDDD] Lord's Valley (160)
<br>If you have exactly 2, 4, or 6 Prize cards remaining, discard the top 10 cards of your deck.",Fx2,P-20,4,,
165736,Guzzlord,Guzzlord,https://tcgplayer-cdn.tcgplayer.com/product/165736_200w.jpg,3,2209,https://cpt.tcgcsv.com/Ljl2,2022-12-05T21:01:59.283,1,,,1.8,2.44,3.5,2.17,2.76,Reverse Holofoil,80/131,Holo Rare,Darkness,160,Basic,"[DDDD] Lord's Valley (160)
<br>If you have exactly 2, 4, or 6 Prize cards remaining, discard the top 10 cards of your deck.",Fx2,P-20,4,,
165737,Empoleon,Empoleon,https://tcgplayer-cdn.tcgplayer.com/product/165737_200w.jpg,3,2209,https://cpt.tcgcsv.com/Mjl2,2026-02-16T15:04:02.26,1,,,0.35,0.69,1.99,0.64,0.69,Holofoil,81/131,Holo Rare,Metal,160,Stage 2,"[1M] Total Command (20×)
<br>This attack does 20 damage for each Benched Pokémon <em>(both yours and your opponent's)</em>.",Rx2,P-20,2,"[1MM] Whirlpool (90)
<br>Discard an Energy from your opponent's Active Pokémon.",
165737,Empoleon,Empoleon,https://tcgplayer-cdn.tcgplayer.com/product/165737_200w.jpg,3,2209,https://cpt.tcgcsv.com/Mjl2,2026-02-16T15:04:02.26,1,,,0.46,0.84,5.95,0.73,0.75,Reverse Holofoil,81/131,Holo Rare,Metal,160,Stage 2,"[1M] Total Command (20×)
<br>This attack does 20 damage for each Benched Pokémon <em>(both yours and your opponent's)</em>.",Rx2,P-20,2,"[1MM] Whirlpool (90)
<br>Discard an Energy from your opponent's Active Pokémon.",
165738,Dialga GX,Dialga GX,https://tcgplayer-cdn.tcgplayer.com/product/165738_200w.jpg,3,2209,https://cpt.tcgcsv.com/Njl2,2025-12-10T22:59:38.563,1,,,4.99,6.7,11.0,6.61,,Holofoil,82/131,Ultra Rare,Metal,180,Basic,"[M] Overclock 	
<br>Draw cards until you have 6 cards in your hand.",Rx2,P-20,3,"[2M] Shred (80)
<br>This attack's damage isn't affected by any effects on your opponent's Active Pokémon.","<span style=""color:Teal""><strong>[2MMM] Timeless GX (150)</strong>
<br>Take another turn after this one. <em>(Skip the between turns step.) (You can't use more than 1 GX attack in a game.)</em></span>"
165739,Dialga GX (Full Art),Dialga GX Full Art,https://tcgplayer-cdn.tcgplayer.com/product/165739_200w.jpg,3,2209,https://cpt.tcgcsv.com/Pjl2,2022-12-05T21:07:25.597,1,,,25.15,49.62,100.59,34.07,100.59,Holofoil,125/131,Ultra Rare,Metal,180,Basic,"[M] Overclock 	
<br>Draw cards until you have 6 cards in your hand.",Rx2,P-20,3,"[2M] Shred (80)
<br>This attack's damage isn't affected by any effects on your opponent's Active Pokémon.","<span style=""color:Teal""><strong>[2MMM] Timeless GX (150)</strong>
<br>Take another turn after this one. <em>(Skip the between turns step.) (You can't use more than 1 GX attack in a game.)</em></span>"
165740,Dialga GX (Secret),Dialga GX Secret,https://tcgplayer-cdn.tcgplayer.com/product/165740_200w.jpg,3,2209,https://cpt.tcgcsv.com/Qjl2,2022-12-05T21:09:28.28,1,,,70.98,80.27,114.13,80.54,,Holofoil,138/131,Secret Rare,Metal,180,Basic,"[M] Overclock 	
<br>Draw cards until you have 6 cards in your hand.",Rx2,P-20,3,"[2M] Shred (80)
<br>This attack's damage isn't affected by any effects on your opponent's Active Pokémon.","<span style=""color:Teal""><strong>[2MMM] Timeless GX (150)</strong>
<br>Take another turn after this one. <em>(Skip the between turns step.) (You can't use more than 1 GX attack in a game.)</em></span>"
165741,Flabebe (83),Flabebe 83,https://tcgplayer-cdn.tcgplayer.com/product/165741_200w.jpg,3,2209,https://cpt.tcgcsv.com/Rjl2,2025-10-22T00:48:29.85,1,"<strong>Ability — Evolutionary Advantage</strong>
<br>If you go second, this Pokémon can evolve during your first turn.",,0.75,1.27,2.01,1.34,,Reverse Holofoil,83/131,Common,Fairy,30,Basic,[Y] Tackle (10),Mx2,D-20,1,,
165741,Flabebe (83),Flabebe 83,https://tcgplayer-cdn.tcgplayer.com/product/165741_200w.jpg,3,2209,https://cpt.tcgcsv.com/Rjl2,2025-10-22T00:48:29.85,1,"<strong>Ability — Evolutionary Advantage</strong>
<br>If you go second, this Pokémon can evolve during your first turn.",,0.09,0.29,19.5,0.29,0.23,Normal,83/131,Common,Fairy,30,Basic,[Y] Tackle (10),Mx2,D-20,1,,
165742,Flabebe (84),Flabebe 84,https://tcgplayer-cdn.tcgplayer.com/product/165742_200w.jpg,3,2209,https://cpt.tcgcsv.com/Sjl2,2022-12-05T21:02:27.04,1,,,0.65,1.0,2.06,0.76,1.49,Reverse Holofoil,84/131,Common,Fairy,40,Basic,"[Y] Secret Blessings
<br>Shuffle 3 in any combination of Pokémon and basic Energy cards from your discard pile into your deck.",Mx2,D-20,1,,
165742,Flabebe (84),Flabebe 84,https://tcgplayer-cdn.tcgplayer.com/product/165742_200w.jpg,3,2209,https://cpt.tcgcsv.com/Sjl2,2022-12-05T21:02:27.04,1,,,0.09,0.27,1.54,0.29,0.19,Normal,84/131,Common,Fairy,40,Basic,"[Y] Secret Blessings
<br>Shuffle 3 in any combination of Pokémon and basic Energy cards from your discard pile into your deck.",Mx2,D-20,1,,
165743,Floette,Floette,https://tcgplayer-cdn.tcgplayer.com/product/165743_200w.jpg,3,2209,https://cpt.tcgcsv.com/Tjl2,2022-12-05T21:02:33.8,1,,,0.1,0.33,1.57,0.34,0.25,Normal,85/131,Uncommon,Fairy,70,Stage 1,"[Y] Swirling Petals 
<br>Switch 1 of your opponent's Benched Pokémon with their Active Pokémon. If you do, switch this Pokémon with 1 of your Benched Pokémon.",Mx2,D-20,1,,
165743,Floette,Floette,https://tcgplayer-cdn.tcgplayer.com/product/165743_200w.jpg,3,2209,https://cpt.tcgcsv.com/Tjl2,2022-12-05T21:02:33.8,1,,,0.27,0.6,3.95,0.52,,Reverse Holofoil,85/131,Uncommon,Fairy,70,Stage 1,"[Y] Swirling Petals 
<br>Switch 1 of your opponent's Benched Pokémon with their Active Pokémon. If you do, switch this Pokémon with 1 of your Benched Pokémon.",Mx2,D-20,1,,
165744,Florges,Florges,https://tcgplayer-cdn.tcgplayer.com/product/165744_200w.jpg,3,2209,https://cpt.tcgcsv.com/Vjl2,2025-02-07T20:01:09.593,1,"<strong>Ability — Wondrous Gift</strong>
<br>Once during your turn <em>(before your attack)</em>, you may flip a coin. If heads, put an Item card from your discard pile on top of your deck.",,0.59,1.0,3.47,0.87,,Reverse Holofoil,86/131,Rare,Fairy,120,Stage 2,"[1YY] Mist Guard (70)
<br>Prevent all damage done to this Pokémon by attacks from Dragon Pokémon during your opponent's next turn.",Mx2,D-20,2,,
165744,Florges,Florges,https://tcgplayer-cdn.tcgplayer.com/product/165744_200w.jpg,3,2209,https://cpt.tcgcsv.com/Vjl2,2025-02-07T20:01:09.593,1,"<strong>Ability — Wondrous Gift</strong>
<br>Once during your turn <em>(before your attack)</em>, you may flip a coin. If heads, put an Item card from your discard pile on top of your deck.",,0.25,0.65,1.99,0.64,,Normal,86/131,Rare,Fairy,120,Stage 2,"[1YY] Mist Guard (70)
<br>Prevent all damage done to this Pokémon by attacks from Dragon Pokémon during your opponent's next turn.",Mx2,D-20,2,,
165745,Sylveon,Sylveon,https://tcgplayer-cdn.tcgplayer.com/product/165745_200w.jpg,3,2209,https://cpt.tcgcsv.com/Wjl2,2026-02-13T13:54:21.707,1,,,3.35,5.35,12.86,5.18,,Normal,87/131,Rare,Fairy,90,Stage 1,"[1] Wink Wink 
<br>Your opponent reveals their hand. You may discard a Supporter card you find there and use the effect of that card as the effect of this attack.",Mx2,D-20,1,[1Y] Magical Shot (40),
165745,Sylveon,Sylveon,https://tcgplayer-cdn.tcgplayer.com/product/165745_200w.jpg,3,2209,https://cpt.tcgcsv.com/Wjl2,2026-02-13T13:54:21.707,1,,,14.95,20.93,55.99,14.49,,Reverse Holofoil,87/131,Rare,Fairy,90,Stage 1,"[1] Wink Wink 
<br>Your opponent reveals their hand. You may discard a Supporter card you find there and use the effect of that card as the effect of this attack.",Mx2,D-20,1,[1Y] Magical Shot (40),
165746,Dedenne,Dedenne,https://tcgplayer-cdn.tcgplayer.com/product/165746_200w.jpg,3,2209,https://cpt.tcgcsv.com/Xjl2,2025-02-07T20:01:09.687,1,,,3.41,6.64,19.99,5.46,,Normal,88/131,Uncommon,Fairy,60,Basic,"[Y] Find a Friend 
<br>Search your deck for a Pokémon, reveal it, and put it into your hand. Then, shuffle your deck.",Mx2,D-20,1,"[2] Electrichain (30+)
<br>If you have any Lightning Pokémon on your Bench, this attack does 30 more damage.",
165746,Dedenne,Dedenne,https://tcgplayer-cdn.tcgplayer.com/product/165746_200w.jpg,3,2209,https://cpt.tcgcsv.com/Xjl2,2025-02-07T20:01:09.687,1,,,8.55,18.8,39.99,22.25,24.09,Reverse Holofoil,88/131,Uncommon,Fairy,60,Basic,"[Y] Find a Friend 
<br>Search your deck for a Pokémon, reveal it, and put it into your hand. Then, shuffle your deck.",Mx2,D-20,1,"[2] Electrichain (30+)
<br>If you have any Lightning Pokémon on your Bench, this attack does 30 more damage.",
165747,Klefki,Klefki,https://tcgplayer-cdn.tcgplayer.com/product/165747_200w.jpg,3,2209,https://cpt.tcgcsv.com/Zjl2,2026-02-05T18:09:30.903,1,,,0.08,0.3,1.49,0.28,0.27,Normal,89/131,Uncommon,Fairy,70,Basic,"[1] Metal Sound 
<br>Your opponent's Active Pokémon is now Confused.",Mx2,D-20,1,"[1] Fairy Lock (20)
<br>The Defending Pokémon can't retreat during your opponent's next turn.",
165747,Klefki,Klefki,https://tcgplayer-cdn.tcgplayer.com/product/165747_200w.jpg,3,2209,https://cpt.tcgcsv.com/Zjl2,2026-02-05T18:09:30.903,1,,,0.35,0.75,1.5,0.65,,Reverse Holofoil,89/131,Uncommon,Fairy,70,Basic,"[1] Metal Sound 
<br>Your opponent's Active Pokémon is now Confused.",Mx2,D-20,1,"[1] Fairy Lock (20)
<br>The Defending Pokémon can't retreat during your opponent's next turn.",
165748,Xerneas GX,Xerneas GX,https://tcgplayer-cdn.tcgplayer.com/product/165748_200w.jpg,3,2209,https://cpt.tcgcsv.com/-jl2,2026-02-17T12:38:26.46,1,,,7.12,8.35,10.05,8.34,,Holofoil,90/131,Ultra Rare,Fairy,180,Basic,"[1] Overrun (20)
<br>This attack does 20 damage to 1 of your opponent's Benched Pokémon. <em>(Don't apply Weakness and Resistance for Benched Pokémon.)</em>",Mx2,D-20,2,[1YY] Aurora Horns (120),"<span style=""color:Teal""><strong>[1YY] Sanctuary GX</strong>
<br>Move all damage counters from each of your Pokémon to your opponent's Active Pokémon. <em>(You can't use more than 1 GX attack in a game.)</em></span>"
165749,Xerneas GX (Full Art),Xerneas GX Full Art,https://tcgplayer-cdn.tcgplayer.com/product/165749_200w.jpg,3,2209,https://cpt.tcgcsv.com/_jl2,2022-12-05T21:08:01.047,1,,,21.0,24.12,69.65,22.45,,Holofoil,126/131,Ultra Rare,Fairy,180,Basic,"[1] Overrun (20)
<br>This attack does 20 damage to 1 of your opponent's Benched Pokémon. <em>(Don't apply Weakness and Resistance for Benched Pokémon.)</em>",Mx2,D-20,2,[1YY] Aurora Horns (120),"<span style=""color:Teal""><strong>[1YY] Sanctuary GX</strong>
<br>Move all damage counters from each of your Pokémon to your opponent's Active Pokémon. <em>(You can't use more than 1 GX attack in a game.)</em></span>"
165750,Xerneas GX (Secret),Xerneas GX Secret,https://tcgplayer-cdn.tcgplayer.com/product/165750_200w.jpg,3,2209,https://cpt.tcgcsv.com/0kl2,2025-10-23T17:38:26.337,1,,,56.34,64.49,185.0,69.84,128.0,Holofoil,139/131,Secret Rare,Fairy,180,Basic,"[1] Overrun (20)
<br>This attack does 20 damage to 1 of your opponent's Benched Pokémon. <em>(Don't apply Weakness and Resistance for Benched Pokémon.)</em>",Mx2,D-20,2,[1YY] Aurora Horns (120),"<span style=""color:Teal""><strong>[1YY] Sanctuary GX</strong>
<br>Move all damage counters from each of your Pokémon to your opponent's Active Pokémon. <em>(You can't use more than 1 GX attack in a game.)</em></span>"
165751,Goomy (91),Goomy 91,https://tcgplayer-cdn.tcgplayer.com/product/165751_200w.jpg,3,2209,https://cpt.tcgcsv.com/2kl2,2022-12-05T21:03:15.53,1,"<strong>Ability — Sticky Membrane</strong>
<br>As long as this Pokémon is your Active Pokémon, your opponent's Pokémon's attacks cost Colorless Energy more.",,0.5,0.82,3.0,1.12,,Reverse Holofoil,91/131,Common,Dragon,40,Basic,[Y] Ram (10),Yx2,None,1,,
165751,Goomy (91),Goomy 91,https://tcgplayer-cdn.tcgplayer.com/product/165751_200w.jpg,3,2209,https://cpt.tcgcsv.com/2kl2,2022-12-05T21:03:15.53,1,"<strong>Ability — Sticky Membrane</strong>
<br>As long as this Pokémon is your Active Pokémon, your opponent's Pokémon's attacks cost Colorless Energy more.",,0.05,0.25,1.49,0.2,,Normal,91/131,Common,Dragon,40,Basic,[Y] Ram (10),Yx2,None,1,,
165752,Goomy (92),Goomy 92,https://tcgplayer-cdn.tcgplayer.com/product/165752_200w.jpg,3,2209,https://cpt.tcgcsv.com/3kl2,2026-02-17T14:12:37.313,1,,,0.05,0.21,1.49,0.21,,Normal,92/131,Common,Dragon,50,Basic,[W] Rain Splash (10),Yx2,None,2,"[2] Flail (10×)
<br>This attack does 10 damage for each damage counter on this Pokémon",
165752,Goomy (92),Goomy 92,https://tcgplayer-cdn.tcgplayer.com/product/165752_200w.jpg,3,2209,https://cpt.tcgcsv.com/3kl2,2026-02-17T14:12:37.313,1,,,0.2,0.42,0.86,0.43,,Reverse Holofoil,92/131,Common,Dragon,50,Basic,[W] Rain Splash (10),Yx2,None,2,"[2] Flail (10×)
<br>This attack does 10 damage for each damage counter on this Pokémon",
165753,Sliggoo,Sliggoo,https://tcgplayer-cdn.tcgplayer.com/product/165753_200w.jpg,3,2209,https://cpt.tcgcsv.com/5kl2,2025-02-07T20:01:09.83,1,,,0.09,0.28,1.49,0.27,,Normal,93/131,Uncommon,Dragon,50,Stage 1,"[1W] Absorb (30)
<br>Heal 30 damage from this Pokémon.",Yx2,None,2,[1WY] Hammer In (50),
165753,Sliggoo,Sliggoo,https://tcgplayer-cdn.tcgplayer.com/product/165753_200w.jpg,3,2209,https://cpt.tcgcsv.com/5kl2,2025-02-07T20:01:09.83,1,,,0.57,0.83,6.03,0.71,,Reverse Holofoil,93/131,Uncommon,Dragon,50,Stage 1,"[1W] Absorb (30)
<br>Heal 30 damage from this Pokémon.",Yx2,None,2,[1WY] Hammer In (50),
165754,Goodra,Goodra,https://tcgplayer-cdn.tcgplayer.com/product/165754_200w.jpg,3,2209,https://cpt.tcgcsv.com/6kl2,2024-04-05T09:00:40.603,1,"<strong>Ability — Hydration</strong>
<br>Whenever you attach a Water Energy card from your hand to this Pokémon, heal 20 damage from it.",,0.48,0.91,2.0,0.87,0.99,Holofoil,94/131,Holo Rare,Dragon,160,Stage 2,"[1WY] Soaking Horn (80+)
<br>If this Pokémon was healed during this turn, this attack does 80 more damage.",Yx2,None,3,,
165754,Goodra,Goodra,https://tcgplayer-cdn.tcgplayer.com/product/165754_200w.jpg,3,2209,https://cpt.tcgcsv.com/6kl2,2024-04-05T09:00:40.603,1,"<strong>Ability — Hydration</strong>
<br>Whenever you attach a Water Energy card from your hand to this Pokémon, heal 20 damage from it.",,0.44,0.75,3.95,0.69,,Reverse Holofoil,94/131,Holo Rare,Dragon,160,Stage 2,"[1WY] Soaking Horn (80+)
<br>If this Pokémon was healed during this turn, this attack does 80 more damage.",Yx2,None,3,,
165755,Ultra Necrozma GX,Ultra Necrozma GX,https://tcgplayer-cdn.tcgplayer.com/product/165755_200w.jpg,3,2209,https://cpt.tcgcsv.com/7kl2,2026-01-29T19:03:43.327,1,,,1.0,7.12,131.8,7.12,5.69,Holofoil,95/131,Ultra Rare,Dragon,190,Basic,"[PM] Photon Geyser (20+)
<br>Discard all basic Psychic Energy from this Pokémon. This attack does 80 more damage for each card you discarded in this way.",Yx2,None,2,"<span style=""color:DarkRed""><strong>[PM] Sky-Scorching Light GX (Damage)</strong>
<br>You can use this attack only if the total of both players' remaining Prize cards is 6 or less. Put 6 damage counters on each of your opponent's Pokémon. <em>(You can't use more than 1 GX attack in a game.)</em></span>",
165756,Ultra Necrozma GX (Full Art),Ultra Necrozma GX Full Art,https://tcgplayer-cdn.tcgplayer.com/product/165756_200w.jpg,3,2209,https://cpt.tcgcsv.com/8kl2,2022-12-05T21:08:07.1,1,,,16.43,22.45,44.49,21.38,44.49,Holofoil,127/131,Ultra Rare,Dragon,190,Basic,"[PM] Photon Geyser (20+)
<br>Discard all basic Psychic Energy from this Pokémon. This attack does 80 more damage for each card you discarded in this way.",Yx2,None,2,"<span style=""color:DarkRed""><strong>[PM] Sky-Scorching Light GX (Damage)</strong>
<br>You can use this attack only if the total of both players' remaining Prize cards is 6 or less. Put 6 damage counters on each of your opponent's Pokémon. <em>(You can't use more than 1 GX attack in a game.)</em></span>",
165757,Ultra Necrozma GX (Secret),Ultra Necrozma GX Secret,https://tcgplayer-cdn.tcgplayer.com/product/165757_200w.jpg,3,2209,https://cpt.tcgcsv.com/9kl2,2022-12-05T21:09:42.27,1,,,37.24,42.34,48.88,41.59,,Holofoil,140/131,Secret Rare,Dragon,190,Basic,"[PM] Photon Geyser (20+)
<br>Discard all basic Psychic Energy from this Pokémon. This attack does 80 more damage for each card you discarded in this way.",Yx2,None,2,"<span style=""color:DarkRed""><strong>[PM] Sky-Scorching Light GX (Damage)</strong>
<br>You can use this attack only if the total of both players' remaining Prize cards is 6 or less. Put 6 damage counters on each of your opponent's Pokémon. <em>(You can't use more than 1 GX attack in a game.)</em></span>",
165758,Arceus Prism Star,Arceus Prism Star,https://tcgplayer-cdn.tcgplayer.com/product/165758_200w.jpg,3,2209,https://cpt.tcgcsv.com/bkl2,2026-02-16T15:02:52.97,1,"<strong>Ability — First Law</strong>
<br>Prevent all effects of your opponent's attacks, except damage, done to this Pokémon.",,7.5,14.9,49.99,11.62,13.46,Holofoil,96/131,Prism Rare,Colorless,160,Basic,"[1] Trinity Star (30)
<br>You can use this attack only if you have Grass, Water, and Lightning Pokémon on your Bench. Search your deck for up to 3 basic Energy cards and attach them to your Pokémon in any way you like. Then, shuffle your deck.",Fx2,None,1,,
165759,Bunnelby,Bunnelby,https://tcgplayer-cdn.tcgplayer.com/product/165759_200w.jpg,3,2209,https://cpt.tcgcsv.com/ckl2,2023-01-03T11:10:33.417,1,,,0.02,0.2,1.49,0.15,,Normal,97/131,Common,Colorless,70,Basic,"[1] Collect 
<br>Draw a card.",Fx2,None,2,[2] Gnaw (20),
165759,Bunnelby,Bunnelby,https://tcgplayer-cdn.tcgplayer.com/product/165759_200w.jpg,3,2209,https://cpt.tcgcsv.com/ckl2,2023-01-03T11:10:33.417,1,,,0.1,0.35,2.99,0.24,0.26,Reverse Holofoil,97/131,Common,Colorless,70,Basic,"[1] Collect 
<br>Draw a card.",Fx2,None,2,[2] Gnaw (20),
165760,Diggersby,Diggersby,https://tcgplayer-cdn.tcgplayer.com/product/165760_200w.jpg,3,2209,https://cpt.tcgcsv.com/dkl2,2025-02-07T20:01:09.877,1,,,0.25,0.45,1.95,0.43,,Reverse Holofoil,98/131,Uncommon,Colorless,130,Stage 1,"[3] Mountaintop Mining (60+)
<br>You may do 40 more damage. If you do, discard the top 2 cards of your deck.",Fx2,None,3,"[4] Rock Cannon (80×)
<br>Flip a coin until you get tails. This attack does 80 damage for each heads.",
165760,Diggersby,Diggersby,https://tcgplayer-cdn.tcgplayer.com/product/165760_200w.jpg,3,2209,https://cpt.tcgcsv.com/dkl2,2025-02-07T20:01:09.877,1,,,0.04,0.23,1.49,0.18,,Normal,98/131,Uncommon,Colorless,130,Stage 1,"[3] Mountaintop Mining (60+)
<br>You may do 40 more damage. If you do, discard the top 2 cards of your deck.",Fx2,None,3,"[4] Rock Cannon (80×)
<br>Flip a coin until you get tails. This attack does 80 damage for each heads.",
165761,Furfrou,Furfrou,https://tcgplayer-cdn.tcgplayer.com/product/165761_200w.jpg,3,2209,https://cpt.tcgcsv.com/fkl2,2022-12-05T21:04:09.33,1,,,0.2,0.4,2.95,0.35,,Reverse Holofoil,99/131,Common,Colorless,90,Basic,"[1] Return (20)
<br>You may draw cards until you have 5 cards in your hand.",Fx2,None,1,,
165761,Furfrou,Furfrou,https://tcgplayer-cdn.tcgplayer.com/product/165761_200w.jpg,3,2209,https://cpt.tcgcsv.com/fkl2,2022-12-05T21:04:09.33,1,,,0.04,0.23,1.49,0.23,0.1,Normal,99/131,Common,Colorless,90,Basic,"[1] Return (20)
<br>You may draw cards until you have 5 cards in your hand.",Fx2,None,1,,
165762,Noibat,Noibat,https://tcgplayer-cdn.tcgplayer.com/product/165762_200w.jpg,3,2209,https://cpt.tcgcsv.com/gkl2,2022-12-05T21:04:16.967,1,,,0.1,0.35,2.99,0.29,0.29,Reverse Holofoil,100/131,Common,Colorless,50,Basic,[1] Ram (10),Lx2,F-20,1,"[2] Destructive Sound 
<br>Your opponent reveals their hand. Discard all Item cards you find there.",
165762,Noibat,Noibat,https://tcgplayer-cdn.tcgplayer.com/product/165762_200w.jpg,3,2209,https://cpt.tcgcsv.com/gkl2,2022-12-05T21:04:16.967,1,,,0.04,0.2,1.49,0.16,0.15,Normal,100/131,Common,Colorless,50,Basic,[1] Ram (10),Lx2,F-20,1,"[2] Destructive Sound 
<br>Your opponent reveals their hand. Discard all Item cards you find there.",
165763,Noivern,Noivern,https://tcgplayer-cdn.tcgplayer.com/product/165763_200w.jpg,3,2209,https://cpt.tcgcsv.com/hkl2,2022-12-05T21:04:46.817,1,,,0.29,0.75,2.42,0.77,,Reverse Holofoil,101/131,Rare,Colorless,120,Stage 1,"[1] Supersonic (20)
<br>Your opponent's Active Pokémon is now Confused.",Lx2,F-20,1,"[3] Resonance (70+)
<br>If your opponent's Active Pokémon is Confused, this attack does 70 more damage.",
165763,Noivern,Noivern,https://tcgplayer-cdn.tcgplayer.com/product/165763_200w.jpg,3,2209,https://cpt.tcgcsv.com/hkl2,2022-12-05T21:04:46.817,1,,,0.23,0.49,2.99,0.49,,Normal,101/131,Rare,Colorless,120,Stage 1,"[1] Supersonic (20)
<br>Your opponent's Active Pokémon is now Confused.",Lx2,F-20,1,"[3] Resonance (70+)
<br>If your opponent's Active Pokémon is Confused, this attack does 70 more damage.",
165764,Beast Ring,Beast Ring,https://tcgplayer-cdn.tcgplayer.com/product/165764_200w.jpg,3,2209,https://cpt.tcgcsv.com/jkl2,2025-12-01T22:52:21.86,1,"You can play this card only if your opponent has exactly 3 or 4 Prize cards remaining.
<br>Search your deck for up to 2 basic Energy cards and attach them to 1 of your Ultra Beasts. Then, shuffle your deck.",,0.38,0.62,13.99,0.61,,Normal,102/131,Rare,Item,,,,,,,,
165764,Beast Ring,Beast Ring,https://tcgplayer-cdn.tcgplayer.com/product/165764_200w.jpg,3,2209,https://cpt.tcgcsv.com/jkl2,2025-12-01T22:52:21.86,1,"You can play this card only if your opponent has exactly 3 or 4 Prize cards remaining.
<br>Search your deck for up to 2 basic Energy cards and attach them to 1 of your Ultra Beasts. Then, shuffle your deck.",,0.6,0.75,5.0,0.74,0.66,Reverse Holofoil,102/131,Rare,Item,,,,,,,,
165765,Beast Ring (Secret),Beast Ring Secret,https://tcgplayer-cdn.tcgplayer.com/product/165765_200w.jpg,3,2209,https://cpt.tcgcsv.com/kkl2,2022-12-05T21:09:48.58,1,"You can play this card only if your opponent has exactly 3 or 4 Prize cards remaining.
<br>Search your deck for up to 2 basic Energy cards and attach them to 1 of your Ultra Beasts. Then, shuffle your deck.",,8.28,9.92,130.0,9.83,10.45,Holofoil,141/131,Secret Rare,Item,,,,,,,,
165766,Bonnie (Full Art),Bonnie Full Art,https://tcgplayer-cdn.tcgplayer.com/product/165766_200w.jpg,3,2209,https://cpt.tcgcsv.com/lkl2,2025-11-21T01:19:09.34,1,"You can play this card only if there is any Stadium card in play.
<br>Discard that Stadium card. During this turn, your Zygarde-GX can use its GX attack even if you have used your GX attack.",,16.92,19.07,24.95,18.49,17.35,Holofoil,128/131,Ultra Rare,Supporter,,,,,,,,
165767,Bonnie,Bonnie,https://tcgplayer-cdn.tcgplayer.com/product/165767_200w.jpg,3,2209,https://cpt.tcgcsv.com/mkl2,2025-02-07T20:01:09.94,1,"You can play this card only if there is any Stadium card in play.
<br>Discard that Stadium card. During this turn, your Zygarde-GX can use its GX attack even if you have used your GX attack.",,0.05,0.25,1.49,0.22,,Normal,103/131,Uncommon,Supporter,,,,,,,,
165767,Bonnie,Bonnie,https://tcgplayer-cdn.tcgplayer.com/product/165767_200w.jpg,3,2209,https://cpt.tcgcsv.com/mkl2,2025-02-07T20:01:09.94,1,"You can play this card only if there is any Stadium card in play.
<br>Discard that Stadium card. During this turn, your Zygarde-GX can use its GX attack even if you have used your GX attack.",,0.19,0.4,1.5,0.35,,Reverse Holofoil,103/131,Uncommon,Supporter,,,,,,,,
165768,Diantha,Diantha,https://tcgplayer-cdn.tcgplayer.com/product/165768_200w.jpg,3,2209,https://cpt.tcgcsv.com/nkl2,2022-12-05T21:05:16.687,1,"You can play this card only if 1 of your Fairy Pokémon was Knocked Out during your opponent's last turn.
<br>Put 2 cards from your discard pile into your hand.",,0.5,1.0,96.95,0.93,96.94,Reverse Holofoil,105/131,Holo Rare,Supporter,,,,,,,,
165768,Diantha,Diantha,https://tcgplayer-cdn.tcgplayer.com/product/165768_200w.jpg,3,2209,https://cpt.tcgcsv.com/nkl2,2022-12-05T21:05:16.687,1,"You can play this card only if 1 of your Fairy Pokémon was Knocked Out during your opponent's last turn.
<br>Put 2 cards from your discard pile into your hand.",,0.5,1.01,96.95,1.12,1.34,Holofoil,105/131,Holo Rare,Supporter,,,,,,,,
165769,Diantha (Full Art),Diantha Full Art,https://tcgplayer-cdn.tcgplayer.com/product/165769_200w.jpg,3,2209,https://cpt.tcgcsv.com/pkl2,2026-02-17T12:36:52.11,1,"You can play this card only if 1 of your Fairy Pokémon was Knocked Out during your opponent's last turn.
<br>Put 2 cards from your discard pile into your hand.",,33.18,44.84,199.99,39.89,43.95,Holofoil,130/131,Ultra Rare,Supporter,,,,,,,,
165770,Fossil Excavation Map,Fossil Excavation Map,https://tcgplayer-cdn.tcgplayer.com/product/165770_200w.jpg,3,2209,https://cpt.tcgcsv.com/qkl2,2022-12-05T21:05:30.973,1,"Choose 1:
<br>• Search your deck for an Unidentified Fossil card, reveal it, and put it into your hand. Then, shuffle your deck.
<br>• Put an Unidentified Fossil card from your discard pile into your hand.",,0.35,0.72,1.83,0.69,,Reverse Holofoil,107/131,Uncommon,Item,,,,,,,,
165770,Fossil Excavation Map,Fossil Excavation Map,https://tcgplayer-cdn.tcgplayer.com/product/165770_200w.jpg,3,2209,https://cpt.tcgcsv.com/qkl2,2022-12-05T21:05:30.973,1,"Choose 1:
<br>• Search your deck for an Unidentified Fossil card, reveal it, and put it into your hand. Then, shuffle your deck.
<br>• Put an Unidentified Fossil card from your discard pile into your hand.",,0.19,0.33,1.59,0.32,,Normal,107/131,Uncommon,Item,,,,,,,,
165771,Judge,Judge,https://tcgplayer-cdn.tcgplayer.com/product/165771_200w.jpg,3,2209,https://cpt.tcgcsv.com/rkl2,2025-02-07T20:01:10.033,1,Each player shuffles their hand into their deck and draws 4 cards.,,0.08,0.3,1.5,0.27,,Normal,108/131,Uncommon,Supporter,,,,,,,,
165771,Judge,Judge,https://tcgplayer-cdn.tcgplayer.com/product/165771_200w.jpg,3,2209,https://cpt.tcgcsv.com/rkl2,2025-02-07T20:01:10.033,1,Each player shuffles their hand into their deck and draws 4 cards.,,0.74,1.33,5.0,1.33,,Reverse Holofoil,108/131,Uncommon,Supporter,,,,,,,,
165772,Lady,Lady,https://tcgplayer-cdn.tcgplayer.com/product/165772_200w.jpg,3,2209,https://cpt.tcgcsv.com/skl2,2025-02-07T20:01:10.127,1,"Search your deck for up to 4 basic Energy cards, reveal them, and put them into your hand. Then, shuffle your deck.",,0.5,1.0,5.09,1.13,,Reverse Holofoil,109/131,Uncommon,Supporter,,,,,,,,
165772,Lady,Lady,https://tcgplayer-cdn.tcgplayer.com/product/165772_200w.jpg,3,2209,https://cpt.tcgcsv.com/skl2,2025-02-07T20:01:10.127,1,"Search your deck for up to 4 basic Energy cards, reveal them, and put them into your hand. Then, shuffle your deck.",,0.09,0.31,2.99,0.27,0.25,Normal,109/131,Uncommon,Supporter,,,,,,,,
165773,Lysandre Prism Star,Lysandre Prism Star,https://tcgplayer-cdn.tcgplayer.com/product/165773_200w.jpg,3,2209,https://cpt.tcgcsv.com/tkl2,2022-12-05T21:05:50.44,1,"For each of your Fire Pokémon in play, put a card from your opponent's discard pile in the Lost Zone.",,0.5,0.99,5.0,0.93,,Holofoil,110/131,Prism Rare,Supporter,,,,,,,,
165774,Lysandre Labs,Lysandre Labs,https://tcgplayer-cdn.tcgplayer.com/product/165774_200w.jpg,3,2209,https://cpt.tcgcsv.com/vkl2,2022-12-05T21:05:57.593,1,Pokémon Tool cards in play <em>(both yours and your opponent's)</em> have no effect.,,0.04,0.25,19.5,0.17,0.2,Normal,111/131,Uncommon,Stadium,,,,,,,,
165774,Lysandre Labs,Lysandre Labs,https://tcgplayer-cdn.tcgplayer.com/product/165774_200w.jpg,3,2209,https://cpt.tcgcsv.com/vkl2,2022-12-05T21:05:57.593,1,Pokémon Tool cards in play <em>(both yours and your opponent's)</em> have no effect.,,0.1,0.41,1.99,0.41,,Reverse Holofoil,111/131,Uncommon,Stadium,,,,,,,,
165775,Ultra Recon Squad,Ultra Recon Squad,https://tcgplayer-cdn.tcgplayer.com/product/165775_200w.jpg,3,2209,https://cpt.tcgcsv.com/wkl2,2022-12-05T21:06:16.887,1,Discard up to 2 Ultra Beast cards from your hand. Draw 3 cards for each card you discarded in this way.,,0.03,0.2,1.49,0.13,0.1,Normal,114/131,Uncommon,Supporter,,,,,,,,
165775,Ultra Recon Squad,Ultra Recon Squad,https://tcgplayer-cdn.tcgplayer.com/product/165775_200w.jpg,3,2209,https://cpt.tcgcsv.com/wkl2,2022-12-05T21:06:16.887,1,Discard up to 2 Ultra Beast cards from your hand. Draw 3 cards for each card you discarded in this way.,,0.2,0.36,3.95,0.34,,Reverse Holofoil,114/131,Uncommon,Supporter,,,,,,,,
165776,Ultra Recon Squad (Full Art),Ultra Recon Squad Full Art,https://tcgplayer-cdn.tcgplayer.com/product/165776_200w.jpg,3,2209,https://cpt.tcgcsv.com/xkl2,2022-12-05T21:08:41.383,1,Discard up to 2 Ultra Beast cards from your hand. Draw 3 cards for each card you discarded in this way.,,14.01,18.9,4321.0,17.65,,Holofoil,131/131,Ultra Rare,Supporter,,,,,,,,
165777,Ultra Space,Ultra Space,https://tcgplayer-cdn.tcgplayer.com/product/165777_200w.jpg,3,2209,https://cpt.tcgcsv.com/zkl2,2025-02-07T20:01:10.21,1,"Once during each player's turn, that player may search their deck for an Ultra Beast card, reveal it, put it into their hand, and shuffle their deck.",,0.24,0.43,5.0,0.3,,Reverse Holofoil,115/131,Uncommon,Stadium,,,,,,,,
165777,Ultra Space,Ultra Space,https://tcgplayer-cdn.tcgplayer.com/product/165777_200w.jpg,3,2209,https://cpt.tcgcsv.com/zkl2,2025-02-07T20:01:10.21,1,"Once during each player's turn, that player may search their deck for an Ultra Beast card, reveal it, put it into their hand, and shuffle their deck.",,0.05,0.25,1.49,0.21,,Normal,115/131,Uncommon,Stadium,,,,,,,,
165778,Unidentified Fossil,Unidentified Fossil,https://tcgplayer-cdn.tcgplayer.com/product/165778_200w.jpg,3,2209,https://cpt.tcgcsv.com/Bkl2,2025-11-25T23:20:34.547,1,"Play this card as if it were a 60-HP Colorless Basic Pokémon. At any time during your turn <em>(before your attack)</em>, you may discard this card from play.
<Br>This card can't retreat.",,0.11,0.35,1.49,0.29,,Reverse Holofoil,116/131,Uncommon,Item,,,,,,,,
165778,Unidentified Fossil,Unidentified Fossil,https://tcgplayer-cdn.tcgplayer.com/product/165778_200w.jpg,3,2209,https://cpt.tcgcsv.com/Bkl2,2025-11-25T23:20:34.547,1,"Play this card as if it were a 60-HP Colorless Basic Pokémon. At any time during your turn <em>(before your attack)</em>, you may discard this card from play.
<Br>This card can't retreat.",,0.03,0.24,2.18,0.19,0.2,Normal,116/131,Uncommon,Item,,,,,,,,
165779,Beast Energy Prism Star,Beast Energy Prism Star,https://tcgplayer-cdn.tcgplayer.com/product/165779_200w.jpg,3,2209,https://cpt.tcgcsv.com/Ckl2,2025-11-21T01:18:27.99,1,"This card provides 1 Colorless Energy.
<br>While this card is attached to an Ultra Beast, it provides every type of Energy but provides only 1 Energy at a time. The attacks of the Ultra Beast this card is attached to do 30 more damage to your opponent's Active Pokémon <em>(before applying Weakness and Resistance)</em>.",,0.5,1.28,5.0,1.39,1.97,Holofoil,117/131,Prism Rare,Special Energy,,,,,,,,
165780,Lucario GX (Full Art),Lucario GX Full Art,https://tcgplayer-cdn.tcgplayer.com/product/165780_200w.jpg,3,2209,https://cpt.tcgcsv.com/Dkl2,2022-12-05T21:07:05.217,1,,,22.99,28.71,35.24,28.0,,Holofoil,122/131,Ultra Rare,Fighting,210,Stage 1,"[F] Aura Strike (30+)
<br>If this Pokémon evolved from Riolu during this turn, this attack does 90 more damage.",Px2,None,2,[1FF] Cyclone Kick (130),"<span style=""color:Teal""><strong>[2] Cantankerous Beatdown  GX (30x)</strong>
<br>This attack does 30 damage for each damage counter on this Pokémon. <em>(You can't use more than 1 GX attack in a game.)</em></span>"
165781,Lucario GX (Secret),Lucario GX Secret,https://tcgplayer-cdn.tcgplayer.com/product/165781_200w.jpg,3,2209,https://cpt.tcgcsv.com/Fkl2,2022-12-05T21:09:10.523,1,,,93.0,113.2,4321.0,119.13,112.95,Holofoil,135/131,Secret Rare,Fighting,210,Stage 1,"[F] Aura Strike (30+)
<br>If this Pokémon evolved from Riolu during this turn, this attack does 90 more damage.",Px2,None,2,[1FF] Cyclone Kick (130),"<span style=""color:Teal""><strong>[2] Cantankerous Beatdown  GX (30x)</strong>
<br>This attack does 30 damage for each damage counter on this Pokémon. <em>(You can't use more than 1 GX attack in a game.)</em></span>"
165782,Crasher Wake,Crasher Wake,https://tcgplayer-cdn.tcgplayer.com/product/165782_200w.jpg,3,2209,https://cpt.tcgcsv.com/Gkl2,2025-11-21T01:41:37.937,1,"Discard 2 Water Energy cards from your hand. If you do, search your deck for up to 2 cards and put them into your hand. Then, shuffle your deck.",,0.2,0.56,1.99,0.56,0.56,Reverse Holofoil,104/131,Uncommon,Supporter,,,,,,,,
165782,Crasher Wake,Crasher Wake,https://tcgplayer-cdn.tcgplayer.com/product/165782_200w.jpg,3,2209,https://cpt.tcgcsv.com/Gkl2,2025-11-21T01:41:37.937,1,"Discard 2 Water Energy cards from your hand. If you do, search your deck for up to 2 cards and put them into your hand. Then, shuffle your deck.",,0.11,0.25,3.99,0.18,0.23,Normal,104/131,Uncommon,Supporter,,,,,,,,
165783,Crasher Wake (Full Art),Crasher Wake Full Art,https://tcgplayer-cdn.tcgplayer.com/product/165783_200w.jpg,3,2209,https://cpt.tcgcsv.com/Hkl2,2023-08-16T18:07:27.353,1,"Discard 2 Water Energy cards from your hand. If you do, search your deck for up to 2 cards and put them into your hand. Then, shuffle your deck.",,8.3,11.29,21.0,9.76,,Holofoil,129/131,Ultra Rare,Supporter,,,,,,,,
165784,Eneporter (Secret),Eneporter Secret,https://tcgplayer-cdn.tcgplayer.com/product/165784_200w.jpg,3,2209,https://cpt.tcgcsv.com/Jkl2,2022-12-05T21:09:54.653,1,Move a Special Energy card from 1 of your opponent's Pokémon to another of your opponent's Pokémon.,,4.5,5.71,21.76,5.45,,Holofoil,142/131,Secret Rare,Item,,,,,,,,
165785,Eneporter,Eneporter,https://tcgplayer-cdn.tcgplayer.com/product/165785_200w.jpg,3,2209,https://cpt.tcgcsv.com/Kkl2,2022-12-05T21:05:24.22,1,Move a Special Energy card from 1 of your opponent's Pokémon to another of your opponent's Pokémon.,,0.05,0.25,1.49,0.11,,Normal,106/131,Uncommon,Item,,,,,,,,
165785,Eneporter,Eneporter,https://tcgplayer-cdn.tcgplayer.com/product/165785_200w.jpg,3,2209,https://cpt.tcgcsv.com/Kkl2,2022-12-05T21:05:24.22,1,Move a Special Energy card from 1 of your opponent's Pokémon to another of your opponent's Pokémon.,,0.08,0.38,2.37,0.25,,Reverse Holofoil,106/131,Uncommon,Item,,,,,,,,
165786,Metal Frying Pan,Metal Frying Pan,https://tcgplayer-cdn.tcgplayer.com/product/165786_200w.jpg,3,2209,https://cpt.tcgcsv.com/Lkl2,2025-02-07T20:01:10.413,1,The Metal Pokémon this card is attached to takes 30 less damage from your opponent's attacks <em>(after applying Weakness and Resistance)</em> and has no weakness.,,0.19,0.38,19.5,0.39,0.26,Normal,112/131,Uncommon,Item,,,,,,,,
165786,Metal Frying Pan,Metal Frying Pan,https://tcgplayer-cdn.tcgplayer.com/product/165786_200w.jpg,3,2209,https://cpt.tcgcsv.com/Lkl2,2025-02-07T20:01:10.413,1,The Metal Pokémon this card is attached to takes 30 less damage from your opponent's attacks <em>(after applying Weakness and Resistance)</em> and has no weakness.,,0.35,0.67,1.99,0.63,,Reverse Holofoil,112/131,Uncommon,Item,,,,,,,,
165787,Metal Frying Pan (Secret),Metal Frying Pan Secret,https://tcgplayer-cdn.tcgplayer.com/product/165787_200w.jpg,3,2209,https://cpt.tcgcsv.com/Mkl2,2022-12-05T21:10:06.75,1,The Metal Pokémon this card is attached to takes 30 less damage from your opponent's attacks <em>(after applying Weakness and Resistance)</em> and has no weakness.,,8.68,10.5,29.76,10.47,,Holofoil,144/131,Secret Rare,Tool,,,,,,,,
165788,Mysterious Treasure (Secret),Mysterious Treasure Secret,https://tcgplayer-cdn.tcgplayer.com/product/165788_200w.jpg,3,2209,https://cpt.tcgcsv.com/Nkl2,2026-02-16T15:04:17.343,1,"Discard a card from your hand. If you do, search your deck for a  Psychic or Dragon Pokémon, reveal it, and put it into your hand. Then, shuffle your deck.",,16.68,19.95,79.99,19.48,79.99,Holofoil,145/131,Secret Rare,Item,,,,,,,,
165789,Mysterious Treasure,Mysterious Treasure,https://tcgplayer-cdn.tcgplayer.com/product/165789_200w.jpg,3,2209,https://cpt.tcgcsv.com/Pkl2,2026-02-17T14:09:37.797,1,"Discard a card from your hand. If you do, search your deck for a  Psychic or Dragon Pokémon, reveal it, and put it into your hand. Then, shuffle your deck.",,2.2,2.55,3.5,2.55,,Reverse Holofoil,113/131,Uncommon,Item,,,,,,,,
165789,Mysterious Treasure,Mysterious Treasure,https://tcgplayer-cdn.tcgplayer.com/product/165789_200w.jpg,3,2209,https://cpt.tcgcsv.com/Pkl2,2026-02-17T14:09:37.797,1,"Discard a card from your hand. If you do, search your deck for a  Psychic or Dragon Pokémon, reveal it, and put it into your hand. Then, shuffle your deck.",,1.1,2.21,96.95,2.33,2.0,Normal,113/131,Uncommon,Item,,,,,,,,
165790,Unit Energy FDY,Unit Energy FDY,https://tcgplayer-cdn.tcgplayer.com/product/165790_200w.jpg,3,2209,https://cpt.tcgcsv.com/Qkl2,2025-02-07T20:01:10.46,1,"This card provides 1 Colorless Energy.
<br>While this card is attached to a Pokémon, it provides Fighting, Darkness, and Fairy Energy but provides only 1 Energy at a time.",,0.25,0.79,2.99,0.79,0.98,Normal,118/131,Uncommon,Special Energy,,,,,,,,
165790,Unit Energy FDY,Unit Energy FDY,https://tcgplayer-cdn.tcgplayer.com/product/165790_200w.jpg,3,2209,https://cpt.tcgcsv.com/Qkl2,2025-02-07T20:01:10.46,1,"This card provides 1 Colorless Energy.
<br>While this card is attached to a Pokémon, it provides Fighting, Darkness, and Fairy Energy but provides only 1 Energy at a time.",,1.08,1.67,6.99,1.57,,Reverse Holofoil,118/131,Uncommon,Special Energy,,,,,,,,
165791,Unit Energy FDY (Secret),Unit Energy FDY Secret,https://tcgplayer-cdn.tcgplayer.com/product/165791_200w.jpg,3,2209,https://cpt.tcgcsv.com/Rkl2,2022-12-05T21:10:21.86,1,"This card provides 1 Colorless Energy.
<br>While this card is attached to a Pokémon, it provides Fighting, Darkness, and Fairy Energy but provides only 1 Energy at a time.",,17.79,21.75,84.98,21.59,,Holofoil,146/131,Secret Rare,Special Energy,,,,,,,,
165792,Energy Recycler (Secret),Energy Recycler Secret,https://tcgplayer-cdn.tcgplayer.com/product/165792_200w.jpg,3,2209,https://cpt.tcgcsv.com/Skl2,2026-02-16T15:04:07.03,1,Shuffle 5 basic Energy cards from your discard pole into your deck.,,32.33,37.13,150.0,35.53,,Holofoil,143/131,Secret Rare,Item,,,,,,,,
166413,Forbidden Light Prerelease Kit,Forbidden Light Prerelease Kit,https://tcgplayer-cdn.tcgplayer.com/product/166413_200w.jpg,3,2209,https://cpt.tcgcsv.com/hBl2,2018-04-27T13:02:17.56,1,"<strong>Inside, you'll find:</strong>
<br>• 23-card Evolution pack
<br>• Four 10-card booster packs
<br>• 1 of 4 unique foil promo cards.",082650814365,159.99,174.91,300.0,156.24,,Normal,,,,,,,,,,,
166464,Inkay,Inkay,https://tcgplayer-cdn.tcgplayer.com/product/166464_200w.jpg,3,2209,https://cpt.tcgcsv.com/jCl2,2026-01-15T05:55:57.88,1,,,0.07,0.25,2.23,0.27,0.23,Normal,50/131,Common,,60,Basic,"[P] Hypnosis
<br>Your opponent's Active Pokémon is now Asleep.",Px2,None,1,,
166464,Inkay,Inkay,https://tcgplayer-cdn.tcgplayer.com/product/166464_200w.jpg,3,2209,https://cpt.tcgcsv.com/jCl2,2026-01-15T05:55:57.88,1,,,0.2,0.52,2.63,0.53,0.66,Reverse Holofoil,50/131,Common,,60,Basic,"[P] Hypnosis
<br>Your opponent's Active Pokémon is now Asleep.",Px2,None,1,,
169414,Forces of Nature GX Premium Collection,Forces of Nature GX Premium Collection,https://tcgplayer-cdn.tcgplayer.com/product/169414_200w.jpg,3,2209,https://cpt.tcgcsv.com/jNm2,2018-06-25T18:43:17.647,1,"Releasing on July 6 is the Forces of Nature GX Premium Collection. 
<br><br><strong> Contents:</strong>
<br>• Never-before-seen foil promo card featuring Tornadus-GX, 
<br>• Never-before seen foil promo card of Thundurus-GX, 
<br>• A collector’s pin and coin featuring Landorus, 
<br>• An oversize foil card will all three Legendary Pokemon pictured, 
<br>• 6 Pokemon TCG Booster Packs, 
<br>• A code card for the online trading card game.",0820650805073,361.0,372.5,384.0,,,Normal,,,,,,,,,,,
246414,Dawn Wings Necrozma Box,Dawn Wings Necrozma Box,https://tcgplayer-cdn.tcgplayer.com/product/246414_200w.jpg,3,2209,https://cpt.tcgcsv.com/jB-2,2021-08-13T14:00:14.443,1,"Dawn Wings Necrozma Premium Collection includes:
<br>• Never-before-seen foil promo cards of Dawn Wings Necrozma (SM123) 
<br>• Jumbo foil Dawn Wings Necrozma-GX
<br>• Three booster packs
<br>• Code Card",,176.0,184.99,300.0,,,Normal,,,,,,,,,,,
246415,Dusk Mane Necrozma Box,Dusk Mane Necrozma Box,https://tcgplayer-cdn.tcgplayer.com/product/246415_200w.jpg,3,2209,https://cpt.tcgcsv.com/kB-2,2021-08-13T14:13:09.61,1,"Dusk Mane Necrozma Premium Collection includes:
<br>• Never-before-seen foil promo cards of Dusk Mane Necrozma (SM124) 
<br>• Jumbo foil Dusk Mane Necrozma-GX
<br>• Three booster packs
<br>• Code Card",,176.0,184.99,300.0,,,Normal,,,,,,,,,,,
257516,Code Card - Forbidden Light Booster Pack,Code Card Forbidden Light Booster Pack,https://tcgplayer-cdn.tcgplayer.com/product/257516_200w.jpg,3,2209,https://cpt.tcgcsv.com/l053,2022-07-20T19:26:28.11,1,"This listing is <strong>not</strong> a physical item. Please keep in mind that this <strong>Code Card</strong> listing represents a digital copy of the stated item for the Pokémon TCG Online <strong>and/or</strong> the Pokémon TCG Live games. You may receive the physical <strong>Code Card</strong>. Upon purchase, please work with your specific Seller by sending them a message using the <strong>Contact Seller</strong> button on the order details in your <a href=https://store.tcgplayer.com/myaccount/orderhistory>Order History</a> to opt in to having your <strong>Code Card</strong> code delivered digitally due to the nature of the product.",,0.08,0.15,0.5,0.09,,Normal,,Code Card,,,,,,,,,
266462,Code Card - Dawn Wings Necrozma Box,Code Card Dawn Wings Necrozma Box,https://tcgplayer-cdn.tcgplayer.com/product/266462_200w.jpg,3,2209,https://cpt.tcgcsv.com/gC83,2022-07-20T19:24:26.41,1,"This listing is <strong>not</strong> a physical item. Please keep in mind that this <strong>Code Card</strong> listing represents a digital copy of the stated item for the Pokémon TCG Online <strong>and/or</strong> the Pokémon TCG Live games. You may receive the physical <strong>Code Card</strong>. Upon purchase, please work with your specific Seller by sending them a message using the <strong>Contact Seller</strong> button on the order details in your <a href=https://store.tcgplayer.com/myaccount/orderhistory>Order History</a> to opt in to having your <strong>Code Card</strong> code delivered digitally due to the nature of the product.",,,,,,,,,Code Card,,,,,,,,,
266463,Code Card - Dawn Wings Necrozma Premium Collection,Code Card Dawn Wings Necrozma Premium Collection,https://tcgplayer-cdn.tcgplayer.com/product/266463_200w.jpg,3,2209,https://cpt.tcgcsv.com/hC83,2022-07-20T19:24:30.043,1,"This listing is <strong>not</strong> a physical item. Please keep in mind that this <strong>Code Card</strong> listing represents a digital copy of the stated item for the Pokémon TCG Online <strong>and/or</strong> the Pokémon TCG Live games. You may receive the physical <strong>Code Card</strong>. Upon purchase, please work with your specific Seller by sending them a message using the <strong>Contact Seller</strong> button on the order details in your <a href=https://store.tcgplayer.com/myaccount/orderhistory>Order History</a> to opt in to having your <strong>Code Card</strong> code delivered digitally due to the nature of the product.",,,,,,,,,Code Card,,,,,,,,,
266465,Code Card - Dusk Mane Necrozma Box,Code Card Dusk Mane Necrozma Box,https://tcgplayer-cdn.tcgplayer.com/product/266465_200w.jpg,3,2209,https://cpt.tcgcsv.com/kC83,2022-07-20T19:25:23.11,1,"This listing is <strong>not</strong> a physical item. Please keep in mind that this <strong>Code Card</strong> listing represents a digital copy of the stated item for the Pokémon TCG Online <strong>and/or</strong> the Pokémon TCG Live games. You may receive the physical <strong>Code Card</strong>. Upon purchase, please work with your specific Seller by sending them a message using the <strong>Contact Seller</strong> button on the order details in your <a href=https://store.tcgplayer.com/myaccount/orderhistory>Order History</a> to opt in to having your <strong>Code Card</strong> code delivered digitally due to the nature of the product.",,,,,,,,,Code Card,,,,,,,,,
266466,Code Card - Dusk Mane Necrozma Premium Collection,Code Card Dusk Mane Necrozma Premium Collection,https://tcgplayer-cdn.tcgplayer.com/product/266466_200w.jpg,3,2209,https://cpt.tcgcsv.com/lC83,2022-07-20T19:25:24.633,1,"This listing is <strong>not</strong> a physical item. Please keep in mind that this <strong>Code Card</strong> listing represents a digital copy of the stated item for the Pokémon TCG Online <strong>and/or</strong> the Pokémon TCG Live games. You may receive the physical <strong>Code Card</strong>. Upon purchase, please work with your specific Seller by sending them a message using the <strong>Contact Seller</strong> button on the order details in your <a href=https://store.tcgplayer.com/myaccount/orderhistory>Order History</a> to opt in to having your <strong>Code Card</strong> code delivered digitally due to the nature of the product.",,,,,,,,,Code Card,,,,,,,,,
266474,Code Card - Forbidden Light 3 Pack Blister [Garbodor],Code Card Forbidden Light 3 Pack Blister Garbodor,https://tcgplayer-cdn.tcgplayer.com/product/266474_200w.jpg,3,2209,https://cpt.tcgcsv.com/vC83,2022-07-20T19:26:25.563,1,"This listing is <strong>not</strong> a physical item. Please keep in mind that this <strong>Code Card</strong> listing represents a digital copy of the stated item for the Pokémon TCG Online <strong>and/or</strong> the Pokémon TCG Live games. You may receive the physical <strong>Code Card</strong>. Upon purchase, please work with your specific Seller by sending them a message using the <strong>Contact Seller</strong> button on the order details in your <a href=https://store.tcgplayer.com/myaccount/orderhistory>Order History</a> to opt in to having your <strong>Code Card</strong> code delivered digitally due to the nature of the product.",,,,,,,,,Code Card,,,,,,,,,
266475,Code Card - Forbidden Light 3 Pack Blister [Regigigas],Code Card Forbidden Light 3 Pack Blister Regigigas,https://tcgplayer-cdn.tcgplayer.com/product/266475_200w.jpg,3,2209,https://cpt.tcgcsv.com/wC83,2022-07-20T19:26:26.877,1,"This listing is <strong>not</strong> a physical item. Please keep in mind that this <strong>Code Card</strong> listing represents a digital copy of the stated item for the Pokémon TCG Online <strong>and/or</strong> the Pokémon TCG Live games. You may receive the physical <strong>Code Card</strong>. Upon purchase, please work with your specific Seller by sending them a message using the <strong>Contact Seller</strong> button on the order details in your <a href=https://store.tcgplayer.com/myaccount/orderhistory>Order History</a> to opt in to having your <strong>Code Card</strong> code delivered digitally due to the nature of the product.",,0.15,0.15,0.15,,,Normal,,Code Card,,,,,,,,,
266476,Code Card - Forbidden Light Single Blister Pack [Exeggcute],Code Card Forbidden Light Single Blister Pack Exeggcute,https://tcgplayer-cdn.tcgplayer.com/product/266476_200w.jpg,3,2209,https://cpt.tcgcsv.com/xC83,2022-07-20T19:26:29.23,1,"This listing is <strong>not</strong> a physical item. Please keep in mind that this <strong>Code Card</strong> listing represents a digital copy of the stated item for the Pokémon TCG Online <strong>and/or</strong> the Pokémon TCG Live games. You may receive the physical <strong>Code Card</strong>. Upon purchase, please work with your specific Seller by sending them a message using the <strong>Contact Seller</strong> button on the order details in your <a href=https://store.tcgplayer.com/myaccount/orderhistory>Order History</a> to opt in to having your <strong>Code Card</strong> code delivered digitally due to the nature of the product.",,0.35,0.35,0.35,,,Normal,,Code Card,,,,,,,,,
266477,Code Card - Forbidden Light Single Blister Pack [Rockruff],Code Card Forbidden Light Single Blister Pack Rockruff,https://tcgplayer-cdn.tcgplayer.com/product/266477_200w.jpg,3,2209,https://cpt.tcgcsv.com/zC83,2022-07-20T19:26:30.467,1,"This listing is <strong>not</strong> a physical item. Please keep in mind that this <strong>Code Card</strong> listing represents a digital copy of the stated item for the Pokémon TCG Online <strong>and/or</strong> the Pokémon TCG Live games. You may receive the physical <strong>Code Card</strong>. Upon purchase, please work with your specific Seller by sending them a message using the <strong>Contact Seller</strong> button on the order details in your <a href=https://store.tcgplayer.com/myaccount/orderhistory>Order History</a> to opt in to having your <strong>Code Card</strong> code delivered digitally due to the nature of the product.",,,,,,,,,Code Card,,,,,,,,,
266478,"Code Card - Forbidden Light Theme Deck - ""Twilight Rogue"" [Lycanroc]",Code Card Forbidden Light Theme Deck Twilight Rogue Lycanroc,https://tcgplayer-cdn.tcgplayer.com/product/266478_200w.jpg,3,2209,https://cpt.tcgcsv.com/BC83,2022-07-20T19:26:31.817,1,"This listing is <strong>not</strong> a physical item. Please keep in mind that this <strong>Code Card</strong> listing represents a digital copy of the stated item for the Pokémon TCG Online <strong>and/or</strong> the Pokémon TCG Live games. You may receive the physical <strong>Code Card</strong>. Upon purchase, please work with your specific Seller by sending them a message using the <strong>Contact Seller</strong> button on the order details in your <a href=https://store.tcgplayer.com/myaccount/orderhistory>Order History</a> to opt in to having your <strong>Code Card</strong> code delivered digitally due to the nature of the product.",,0.4,0.4,0.5,0.4,,Normal,,Code Card,,,,,,,,,
266479,"Code Card - Forbidden Light Theme Deck - ""Twilight Takedown"" [Alolan Exeggutor]",Code Card Forbidden Light Theme Deck Twilight Takedown Alolan Exeggutor,https://tcgplayer-cdn.tcgplayer.com/product/266479_200w.jpg,3,2209,https://cpt.tcgcsv.com/CC83,2022-07-20T19:26:32.933,1,"This listing is <strong>not</strong> a physical item. Please keep in mind that this <strong>Code Card</strong> listing represents a digital copy of the stated item for the Pokémon TCG Online <strong>and/or</strong> the Pokémon TCG Live games. You may receive the physical <strong>Code Card</strong>. Upon purchase, please work with your specific Seller by sending them a message using the <strong>Contact Seller</strong> button on the order details in your <a href=https://store.tcgplayer.com/myaccount/orderhistory>Order History</a> to opt in to having your <strong>Code Card</strong> code delivered digitally due to the nature of the product.",,,,,,,,,Code Card,,,,,,,,,
266480,Code Card - Forces of Nature Premium Collection,Code Card Forces of Nature Premium Collection,https://tcgplayer-cdn.tcgplayer.com/product/266480_200w.jpg,3,2209,https://cpt.tcgcsv.com/DC83,2022-07-20T19:26:34.473,1,"This listing is <strong>not</strong> a physical item. Please keep in mind that this <strong>Code Card</strong> listing represents a digital copy of the stated item for the Pokémon TCG Online <strong>and/or</strong> the Pokémon TCG Live games. You may receive the physical <strong>Code Card</strong>. Upon purchase, please work with your specific Seller by sending them a message using the <strong>Contact Seller</strong> button on the order details in your <a href=https://store.tcgplayer.com/myaccount/orderhistory>Order History</a> to opt in to having your <strong>Code Card</strong> code delivered digitally due to the nature of the product.",,,,,,,,,Code Card,,,,,,,,,
267041,Forbidden Light Booster Pack Art Bundle [Set of 4],Forbidden Light Booster Pack Art Bundle Set of 4,https://tcgplayer-cdn.tcgplayer.com/product/267041_200w.jpg,3,2209,https://cpt.tcgcsv.com/RQ83,2022-06-07T19:52:22.707,1,"Collect each of the 4 unique art packs for Sun & Moon—Forbidden Light.
<br>Each Sun & Moon—Forbidden Light booster pack contains 10 random cards.",,139.68,139.68,139.68,139.84,,Normal,,,,,,,,,,,
591049,Forbidden Light Prerelease Kit Display,Forbidden Light Prerelease Kit Display,https://tcgplayer-cdn.tcgplayer.com/product/591049_200w.jpg,3,2209,https://cpt.tcgcsv.com/_qL6,2024-10-30T14:23:46.527,1,"<strong>Inside, you'll find:</strong>
<br>• 23-card Evolution pack
<br>• Four 10-card booster packs
<br>• 1 of 4 unique foil promo cards.",082650814365,,,,,,,,,,,,,,,,,
641117,Forbidden Light 3-Card Booster Pack,Forbidden Light 3 Card Booster Pack,https://tcgplayer-cdn.tcgplayer.com/product/641117_200w.jpg,3,2209,https://cpt.tcgcsv.com/ms87,2025-07-01T16:35:09.217,1,"Each pack contains 3 cards.
<br>Taking the Pokemon world by surprise, Necrozma has absorbed a Legendary Pokemon and taken on a new form as Ultra Necrozma-GX! Other Pokemon gather to welcome this new light...or to resist it. Lucario-GX, Greninja-GX, Zygarde-GX, Yveltal-GX, Naganadel-GX, even Volcanion and the majestic Arceus must choose a side. Discover awesome Pokemon and mysterious treasures in the Pokemon TCG: Sun & Moon - Forbidden Light expansion!
<br>
<br><strong>Set Details:</strong> 
<br>• Over 130 cards 
<br>• 5 Prism Star cards featuring a new game mechanic 
<br>• 8 Pokemon-GX and 6 Ultra Beasts 
<br>• 15 Trainer cards and 2 Special Energy cards",0820650804311,,,,,,,,,,,,,,,,,
