productId,name,cleanName,imageUrl,categoryId,groupId,url,modifiedOn,imageCount,extCardText,lowPrice,midPrice,highPrice,marketPrice,directLowPrice,subTypeName,extNumber,extRarity,extCardType,extHP,extStage,extAttack1,extWeakness,extResistance,extRetreatCost,extAttack2,extAttack3,extUPC
129888,Guardians Rising Booster Box,Guardians Rising Booster Box,https://tcgplayer-cdn.tcgplayer.com/product/129888_200w.jpg,3,1919,https://cpt.tcgcsv.com/NZ22,2024-02-13T21:37:29.9,1,"Island Guardians, Ready for Battle!
<br>
<br>Visit Alola for Pokémon fun, from the beaches to the mountain peaks—and discover new traditions and new challenges! Sharpen your skills, meet new Pokémon, and be amazed by their secret powers. Come to the islands, and seize the power of the Pokémon TCG: Sun & Moon—Guardians Rising expansion!
<br>
<br>• Each Sun & Moon: Guardians Rising - booster box contains 36 booster packs.
<br>• Each Sun & Moon: Guardians Rising - booster pack contains 10 randomly inserted game cards.
<br>
<br>Cards vary by pack. Packs may vary by products.",3395.99,3599.5,3700.0,1549.49,,Normal,,,,,,,,,,,,
129889,Guardians Rising Booster Pack,Guardians Rising Booster Pack,https://tcgplayer-cdn.tcgplayer.com/product/129889_200w.jpg,3,1919,https://cpt.tcgcsv.com/PZ22,2024-02-13T21:38:22.247,1,"Island Guardians, Ready for Battle!
<br>
<br>Visit Alola for Pokémon fun, from the beaches to the mountain peaks—and discover new traditions and new challenges! Sharpen your skills, meet new Pokémon, and be amazed by their secret powers. Come to the islands, and seize the power of the Pokémon TCG: Sun & Moon—Guardians Rising expansion!
<br>
<br>• Each Sun & Moon: Guardians Rising - booster pack contains 10 randomly inserted game cards.
<br>
<br>Cards vary by pack.",26.99,30.0,49.99,23.89,,Normal,,,,,,,,,,,,
129890,Guardians Rising Elite Trainer Box,Guardians Rising Elite Trainer Box,https://tcgplayer-cdn.tcgplayer.com/product/129890_200w.jpg,3,1919,https://cpt.tcgcsv.com/QZ22,2024-02-13T21:45:40.337,1,"Island Guardians, Ready for Battle!
<br>
<br>Visit Alola for Pokémon fun, from the beaches to the mountain peaks—and discover new traditions and new challenges! Meet the island guardians Tapu Koko-GX and Tapu Lele-GX, and sharpen your skills with Kahuna Hala and Captain Mallow! Be amazed by the secret powers of Kommo-o-GX, Lycanroc-GX, Metagross-GX, Sylveon-GX, Toxapex-GX, Vikavolt-GX, and many more! Come to the islands, and seize the power of the Pokémon TCG: Sun & Moon—Guardians Rising expansion!
<br>
<br>The Pokémon TCG: Sun & Moon—Guardians Rising Elite Trainer Box includes:
<br>
<br>• 8 Pokémon TCG: Sun & Moon—Guardians Rising booster packs
<br>• 65 Card sleeves featuring Tapu Koko
<br>• 45 Pokémon TCG Energy cards
<br>• A player's guide to the Sun & Moon—Guardians Rising expansion
<br>• 6 Damage-counter dice
<br>• 1 Competition-legal coin-flip die
<br>• 2 Acrylic condition markers and 1 acrylic GX marker
<br>• A collector's box to hold everything, with 4 dividers to keep it organized
<br>• A code card for the Pokémon Trading Card Game Online
<br>
<br>(Each booster pack contains 10 randomly inserted game cards)
<br>
<br>Cards vary by pack. Packs may vary by product.",379.95,423.99,1999.99,360.39,,Normal,,,,,,,,,,,,
129891,"Guardians Rising Theme Deck - ""Hidden Moon"" [Lunala]",Guardians Rising Theme Deck Hidden Moon Lunala,https://tcgplayer-cdn.tcgplayer.com/product/129891_200w.jpg,3,1919,https://cpt.tcgcsv.com/RZ22,2018-10-03T12:35:24.517,1,"<em>Dark Wings of Mystery!
<br>
Hurtling across the sky on purple wings, Lunala leads a fiery crew of Pokémon! Keep your Pokemon evolving and bide your time until you reveal the power of the Hidden Moon theme deck!<em>
<br>
<br><strong>Contents:</strong>
<br>• 1 60-card preconstructed deck
<br>• Damage counters
<br>• 1 coin",29.95,29.95,29.95,19.05,,Normal,,,,,,,,,,,,
129892,"Guardians Rising Theme Deck - ""Steel Sun"" [Solgaleo]",Guardians Rising Theme Deck Steel Sun Solgaleo,https://tcgplayer-cdn.tcgplayer.com/product/129892_200w.jpg,3,1919,https://cpt.tcgcsv.com/SZ22,2018-10-03T12:34:39.043,1,"<em>Bright Light of Victory!
<br>
A Pokemon of fiery power: Solgaleo! This well-tempered deck puts both Metal and Psychic power in your hands—and tests your opponent’s mettle. Stay sharp with the Steel Sun theme deck!</em>
<br>
<br><strong>Contents:</strong>
<br>• 1 60-card preconstructed deck
<br>• Damage counters
<br>• 1 coin",15.02,19.99,29.95,15.02,,Normal,,,,,,,,,,,,
130686,Bellsprout,Bellsprout,https://tcgplayer-cdn.tcgplayer.com/product/130686_200w.jpg,3,1919,https://cpt.tcgcsv.com/Lh32,2026-02-10T13:47:33.743,1,,0.02,0.18,4.0,0.16,,Normal,1/145,Common,Grass,60,Basic,[1G] Vine Whip (30),Rx2,None,1,,,
130686,Bellsprout,Bellsprout,https://tcgplayer-cdn.tcgplayer.com/product/130686_200w.jpg,3,1919,https://cpt.tcgcsv.com/Lh32,2026-02-10T13:47:33.743,1,,0.01,0.38,2.45,0.38,,Reverse Holofoil,1/145,Common,Grass,60,Basic,[1G] Vine Whip (30),Rx2,None,1,,,
130687,Weepinbell,Weepinbell,https://tcgplayer-cdn.tcgplayer.com/product/130687_200w.jpg,3,1919,https://cpt.tcgcsv.com/Mh32,2025-11-21T00:47:29.807,1,,0.03,0.2,1.49,0.12,0.07,Normal,2/145,Uncommon,Grass,80,Stage 1,"[1G] Muddy Acid (40)
<br>Flip a coin. If heads, discard an Energy from your opponent's Active Pokemon.",Rx2,None,2,,,
130687,Weepinbell,Weepinbell,https://tcgplayer-cdn.tcgplayer.com/product/130687_200w.jpg,3,1919,https://cpt.tcgcsv.com/Mh32,2025-11-21T00:47:29.807,1,,0.15,0.34,5.01,0.34,,Reverse Holofoil,2/145,Uncommon,Grass,80,Stage 1,"[1G] Muddy Acid (40)
<br>Flip a coin. If heads, discard an Energy from your opponent's Active Pokemon.",Rx2,None,2,,,
130688,Victreebel,Victreebel,https://tcgplayer-cdn.tcgplayer.com/product/130688_200w.jpg,3,1919,https://cpt.tcgcsv.com/Nh32,2025-02-05T21:23:53.673,1,,0.09,0.33,1.55,0.31,0.25,Normal,3/145,Rare,Grass,140,Stage 2,"[G] Pollen Hazard (20)
<br>Your opponent's Active Pokemon is now Burned, Confused, and Poisoned.",Rx2,None,2,"[2G] Stick and Absorb (80)
<br>Heal 20 damage from this Pokemon. The Defending Pokemon can't retreat during your opponent's next turn.",,
130688,Victreebel,Victreebel,https://tcgplayer-cdn.tcgplayer.com/product/130688_200w.jpg,3,1919,https://cpt.tcgcsv.com/Nh32,2025-02-05T21:23:53.673,1,,0.15,0.42,2.63,0.42,,Reverse Holofoil,3/145,Rare,Grass,140,Stage 2,"[G] Pollen Hazard (20)
<br>Your opponent's Active Pokemon is now Burned, Confused, and Poisoned.",Rx2,None,2,"[2G] Stick and Absorb (80)
<br>Heal 20 damage from this Pokemon. The Defending Pokemon can't retreat during your opponent's next turn.",,
130689,Petilil,Petilil,https://tcgplayer-cdn.tcgplayer.com/product/130689_200w.jpg,3,1919,https://cpt.tcgcsv.com/Ph32,2025-02-05T21:23:53.703,1,,0.01,0.15,4.0,0.15,,Normal,4/145,Common,Grass,50,Basic,"[1] Blot (10)
<br>Heal 10 damage from this Pokemon.",Rx2,None,1,,,
130689,Petilil,Petilil,https://tcgplayer-cdn.tcgplayer.com/product/130689_200w.jpg,3,1919,https://cpt.tcgcsv.com/Ph32,2025-02-05T21:23:53.703,1,,0.12,0.3,15.0,0.24,,Reverse Holofoil,4/145,Common,Grass,50,Basic,"[1] Blot (10)
<br>Heal 10 damage from this Pokemon.",Rx2,None,1,,,
130690,Lilligant,Lilligant,https://tcgplayer-cdn.tcgplayer.com/product/130690_200w.jpg,3,1919,https://cpt.tcgcsv.com/Qh32,2025-02-05T21:23:53.767,1,,0.08,0.32,2.29,0.32,,Normal,5/145,Rare,Grass,90,Stage 1,"[1] Petal Blizzard
<br>This attack does 10 damage to each of your opponent's Pokemon. <i>(Don't apply Weakness and Resistance for Benched Pokemon.)</i>",Rx2,None,1,"[1G] Petal Dance (40x)
<br>Flip 3 coins. This attack does 40 damage for each heads. This Pokemon is now Confused.",,
130690,Lilligant,Lilligant,https://tcgplayer-cdn.tcgplayer.com/product/130690_200w.jpg,3,1919,https://cpt.tcgcsv.com/Qh32,2025-02-05T21:23:53.767,1,,0.1,0.38,2.5,0.34,,Reverse Holofoil,5/145,Rare,Grass,90,Stage 1,"[1] Petal Blizzard
<br>This attack does 10 damage to each of your opponent's Pokemon. <i>(Don't apply Weakness and Resistance for Benched Pokemon.)</i>",Rx2,None,1,"[1G] Petal Dance (40x)
<br>Flip 3 coins. This attack does 40 damage for each heads. This Pokemon is now Confused.",,
130691,Phantump,Phantump,https://tcgplayer-cdn.tcgplayer.com/product/130691_200w.jpg,3,1919,https://cpt.tcgcsv.com/Rh32,2022-12-04T00:34:47.267,1,,0.03,0.2,4.0,0.19,,Normal,6/145,Common,Grass,60,Basic,[G] Tackle (10),Rx2,None,2,"[2] Confuse Ray
<br>Your opponent's Active Pokemon is now Confused.",,
130691,Phantump,Phantump,https://tcgplayer-cdn.tcgplayer.com/product/130691_200w.jpg,3,1919,https://cpt.tcgcsv.com/Rh32,2022-12-04T00:34:47.267,1,,0.19,0.4,1.99,0.66,1.99,Reverse Holofoil,6/145,Common,Grass,60,Basic,[G] Tackle (10),Rx2,None,2,"[2] Confuse Ray
<br>Your opponent's Active Pokemon is now Confused.",,
130692,Trevenant,Trevenant,https://tcgplayer-cdn.tcgplayer.com/product/130692_200w.jpg,3,1919,https://cpt.tcgcsv.com/Sh32,2024-07-02T04:39:57.727,1,,0.1,0.25,19.5,0.22,0.15,Normal,7/145,Rare,Grass,120,Stage 1,"[2] Poltergeist (30x)
<br>Your opponent reveals their hand. This attack does 30 damage for each Trainer card you find there.",Rx2,None,2,"[1GG] Horn Leech (90)
<br>Heal 30 damage from this Pokemon.",,
130692,Trevenant,Trevenant,https://tcgplayer-cdn.tcgplayer.com/product/130692_200w.jpg,3,1919,https://cpt.tcgcsv.com/Sh32,2024-07-02T04:39:57.727,1,,0.15,0.36,2.45,0.36,,Reverse Holofoil,7/145,Rare,Grass,120,Stage 1,"[2] Poltergeist (30x)
<br>Your opponent reveals their hand. This attack does 30 damage for each Trainer card you find there.",Rx2,None,2,"[1GG] Horn Leech (90)
<br>Heal 30 damage from this Pokemon.",,
130693,Wimpod,Wimpod,https://tcgplayer-cdn.tcgplayer.com/product/130693_200w.jpg,3,1919,https://cpt.tcgcsv.com/Th32,2022-12-04T00:34:25.803,1,,0.01,0.15,4.0,0.14,0.1,Normal,8/145,Common,Grass,70,Basic,"[1] Scamper Away
<br>Shuffle this Pokemon and all cards attached to it into your deck.",Rx2,None,2,[G] Ram (10),,
130693,Wimpod,Wimpod,https://tcgplayer-cdn.tcgplayer.com/product/130693_200w.jpg,3,1919,https://cpt.tcgcsv.com/Th32,2022-12-04T00:34:25.803,1,,0.06,0.28,2.28,0.21,0.25,Reverse Holofoil,8/145,Common,Grass,70,Basic,"[1] Scamper Away
<br>Shuffle this Pokemon and all cards attached to it into your deck.",Rx2,None,2,[G] Ram (10),,
130694,Golisopod,Golisopod,https://tcgplayer-cdn.tcgplayer.com/product/130694_200w.jpg,3,1919,https://cpt.tcgcsv.com/Vh32,2026-02-16T15:44:27.92,1,"<b>Ability — Armor</b>
<br>This Pokemon takes 30 less damage from attacks <em>(after applying Weakness and Resistance)</em>.",0.14,0.41,2.47,0.4,,Holofoil,9/145,Holo Rare,Grass,130,Stage 1,"[2G] Resolute Claws (80+)
<br>If your opponent's Active Pokemon is a Pokemon GX or a Pokemon EX, this attack does 70 more damage <i>(before applying Weakness and Resistance)</i>.",Rx2,None,2,,,
130694,Golisopod,Golisopod,https://tcgplayer-cdn.tcgplayer.com/product/130694_200w.jpg,3,1919,https://cpt.tcgcsv.com/Vh32,2026-02-16T15:44:27.92,1,"<b>Ability — Armor</b>
<br>This Pokemon takes 30 less damage from attacks <em>(after applying Weakness and Resistance)</em>.",0.15,0.45,5.0,0.42,0.41,Reverse Holofoil,9/145,Holo Rare,Grass,130,Stage 1,"[2G] Resolute Claws (80+)
<br>If your opponent's Active Pokemon is a Pokemon GX or a Pokemon EX, this attack does 70 more damage <i>(before applying Weakness and Resistance)</i>.",Rx2,None,2,,,
130756,Victini,Victini,https://tcgplayer-cdn.tcgplayer.com/product/130756_200w.jpg,3,1919,https://cpt.tcgcsv.com/8k32,2025-11-21T04:18:16.237,1,"<b>Ability — Victory Star</b>
<br>Once during your turn, after you flip any coins for an attack, you may ignore all results of those coin flips and begin flipping those coins again. You can't use more than 1 Victory Star Ability each turn.",0.4,0.73,2.99,0.64,,Holofoil,10/145,Holo Rare,Fire,70,Basic,[1R] V-Flame (50),Wx2,None,1,,,
130756,Victini,Victini,https://tcgplayer-cdn.tcgplayer.com/product/130756_200w.jpg,3,1919,https://cpt.tcgcsv.com/8k32,2025-11-21T04:18:16.237,1,"<b>Ability — Victory Star</b>
<br>Once during your turn, after you flip any coins for an attack, you may ignore all results of those coin flips and begin flipping those coins again. You can't use more than 1 Victory Star Ability each turn.",0.4,0.81,2.99,0.81,,Reverse Holofoil,10/145,Holo Rare,Fire,70,Basic,[1R] V-Flame (50),Wx2,None,1,,,
130757,Litwick,Litwick,https://tcgplayer-cdn.tcgplayer.com/product/130757_200w.jpg,3,1919,https://cpt.tcgcsv.com/9k32,2026-02-10T13:49:05.077,1,,0.01,0.16,5.01,0.15,,Normal,11/145,Common,Fire,50,Basic,"[R] Flickering Flame (10)
<br>Your opponent's Active Pokemon is now Asleep.",Wx2,None,1,,,
130757,Litwick,Litwick,https://tcgplayer-cdn.tcgplayer.com/product/130757_200w.jpg,3,1919,https://cpt.tcgcsv.com/9k32,2026-02-10T13:49:05.077,1,,0.08,0.33,2.39,0.3,0.3,Reverse Holofoil,11/145,Common,Fire,50,Basic,"[R] Flickering Flame (10)
<br>Your opponent's Active Pokemon is now Asleep.",Wx2,None,1,,,
130758,Lampent,Lampent,https://tcgplayer-cdn.tcgplayer.com/product/130758_200w.jpg,3,1919,https://cpt.tcgcsv.com/bk32,2022-12-04T00:33:08.087,1,,0.04,0.2,4.0,0.15,,Normal,12/145,Uncommon,Fire,80,Stage 1,[R] Will-O-Wisp (30),Wx2,None,1,,,
130758,Lampent,Lampent,https://tcgplayer-cdn.tcgplayer.com/product/130758_200w.jpg,3,1919,https://cpt.tcgcsv.com/bk32,2022-12-04T00:33:08.087,1,,0.1,0.28,2.0,0.27,,Reverse Holofoil,12/145,Uncommon,Fire,80,Stage 1,[R] Will-O-Wisp (30),Wx2,None,1,,,
130759,Chandelure,Chandelure,https://tcgplayer-cdn.tcgplayer.com/product/130759_200w.jpg,3,1919,https://cpt.tcgcsv.com/ck32,2024-07-20T10:08:40.993,1,"<b>Ability — Shady Move</b>
<br>Once during your turn <em>(before your attack)</em>, you may move 1 damage counter from 1 Pokemon to another Pokemon.",0.12,0.52,3.25,0.52,0.39,Holofoil,13/145,Holo Rare,Fire,140,Stage 2,"[R] Super Singe (50)
<br>Your opponent's Active Pokemon is now Burned.",Wx2,None,1,,,
130759,Chandelure,Chandelure,https://tcgplayer-cdn.tcgplayer.com/product/130759_200w.jpg,3,1919,https://cpt.tcgcsv.com/ck32,2024-07-20T10:08:40.993,1,"<b>Ability — Shady Move</b>
<br>Once during your turn <em>(before your attack)</em>, you may move 1 damage counter from 1 Pokemon to another Pokemon.",0.19,0.47,2.47,0.45,0.47,Reverse Holofoil,13/145,Holo Rare,Fire,140,Stage 2,"[R] Super Singe (50)
<br>Your opponent's Active Pokemon is now Burned.",Wx2,None,1,,,
130760,Oricorio (14),Oricorio 14,https://tcgplayer-cdn.tcgplayer.com/product/130760_200w.jpg,3,1919,https://cpt.tcgcsv.com/dk32,2026-02-10T13:49:32.727,1,,0.15,0.27,35.0,0.27,0.25,Normal,14/145,Rare,Fire,90,Basic,"[R] Passionate Dance
<br>Search your deck for up to 3 Basic Fire Pokemon and put them onto your Bench. Then, shuffle your deck.",Wx2,None,1,"[RR] Kindle (30)
<br>Discard an Energy from this Pokemon. If you do, discard an Energy from your opponent's Active Pokemon.",,
130760,Oricorio (14),Oricorio 14,https://tcgplayer-cdn.tcgplayer.com/product/130760_200w.jpg,3,1919,https://cpt.tcgcsv.com/dk32,2026-02-10T13:49:32.727,1,,0.1,0.39,5.0,0.38,,Reverse Holofoil,14/145,Rare,Fire,90,Basic,"[R] Passionate Dance
<br>Search your deck for up to 3 Basic Fire Pokemon and put them onto your Bench. Then, shuffle your deck.",Wx2,None,1,"[RR] Kindle (30)
<br>Discard an Energy from this Pokemon. If you do, discard an Energy from your opponent's Active Pokemon.",,
130761,Salandit,Salandit,https://tcgplayer-cdn.tcgplayer.com/product/130761_200w.jpg,3,1919,https://cpt.tcgcsv.com/fk32,2022-12-04T00:32:24.873,1,,0.02,0.15,4.74,0.1,,Normal,15/145,Common,Fire,70,Basic,[R] Scratch (10),Wx2,None,1,"[2] Venoshock (20+)
<br>If your opponent's Active Pokemon is Poisoned, this attack does 40 more damage.",,
130761,Salandit,Salandit,https://tcgplayer-cdn.tcgplayer.com/product/130761_200w.jpg,3,1919,https://cpt.tcgcsv.com/fk32,2022-12-04T00:32:24.873,1,,0.06,0.33,2.0,0.32,,Reverse Holofoil,15/145,Common,Fire,70,Basic,[R] Scratch (10),Wx2,None,1,"[2] Venoshock (20+)
<br>If your opponent's Active Pokemon is Poisoned, this attack does 40 more damage.",,
130762,Salazzle,Salazzle,https://tcgplayer-cdn.tcgplayer.com/product/130762_200w.jpg,3,1919,https://cpt.tcgcsv.com/gk32,2022-12-04T00:32:15.227,1,"<b>Ability — Hot Poison</b>
<br>When you play this Pokemon from your hand to evolve 1 of your Pokemon during your turn, you may leave your opponent's Active Pokemon Burned and Poisoned.",0.08,0.25,1.95,0.21,,Normal,16/145,Rare,Fire,110,Basic,"[2R] Flamethrower (90)
<br>Discard an Energy from this Pokemon.",Wx2,None,1,,,
130762,Salazzle,Salazzle,https://tcgplayer-cdn.tcgplayer.com/product/130762_200w.jpg,3,1919,https://cpt.tcgcsv.com/gk32,2022-12-04T00:32:15.227,1,"<b>Ability — Hot Poison</b>
<br>When you play this Pokemon from your hand to evolve 1 of your Pokemon during your turn, you may leave your opponent's Active Pokemon Burned and Poisoned.",0.18,0.4,2.39,0.42,,Reverse Holofoil,16/145,Rare,Fire,110,Basic,"[2R] Flamethrower (90)
<br>Discard an Energy from this Pokemon.",Wx2,None,1,,,
130763,Turtonator,Turtonator,https://tcgplayer-cdn.tcgplayer.com/product/130763_200w.jpg,3,1919,https://cpt.tcgcsv.com/hk32,2025-02-05T21:23:53.86,1,,0.06,0.25,1.49,0.19,,Normal,17/145,Rare,Fire,110,Basic,"[2] Body Slam (30)
<br>Flip a coin. If heads, your opponent's Active Pokemon is now Paralyzed.",Wx2,None,3,[1RR] Heat Blast (90),,
130763,Turtonator,Turtonator,https://tcgplayer-cdn.tcgplayer.com/product/130763_200w.jpg,3,1919,https://cpt.tcgcsv.com/hk32,2025-02-05T21:23:53.86,1,,0.1,0.3,2.31,0.3,0.18,Reverse Holofoil,17/145,Rare,Fire,110,Basic,"[2] Body Slam (30)
<br>Flip a coin. If heads, your opponent's Active Pokemon is now Paralyzed.",Wx2,None,3,[1RR] Heat Blast (90),,
130764,Turtonator GX,Turtonator GX,https://tcgplayer-cdn.tcgplayer.com/product/130764_200w.jpg,3,1919,https://cpt.tcgcsv.com/jk32,2026-02-16T15:48:31.427,1,,1.29,2.0,11.08,1.89,2.13,Holofoil,18/145,Ultra Rare,Fire,190,Basic,"[2] Shell Trap (20)
<br>During your opponent's next turn, if this Pokemon is damaged by an attack <i>(even if this Pokemon is Knocked Out)</i>, put 8 damage counters on the Attacking Pokemon.",Wx2,None,3,"[1RR] Bright Flame (160)
<br>Discard 2 Fire Energy from this Pokemon.","<b><font color=""teal"">[R] Nitro Tank GX</b>
<br>Attach 5 Fire Energy cards from your discard pile to your Pokemon in any way you like. <i>(You can't use more than 1 GX attack in a game.)</i></font>",
130765,Turtonator GX (Full Art),Turtonator GX Full Art,https://tcgplayer-cdn.tcgplayer.com/product/130765_200w.jpg,3,1919,https://cpt.tcgcsv.com/kk32,2024-06-08T08:07:38.193,1,,2.7,4.03,10.0,4.05,4.66,Holofoil,131/145,Ultra Rare,Fire,190,Basic,"[2] Shell Trap (20)
<br>During your opponent's next turn, if this Pokemon is damaged by an attack <i>(even if this Pokemon is Knocked Out)</i>, put 8 damage counters on the Attacking Pokemon.",Wx2,None,3,"[1RR] Bright Flame (160)
<br>Discard 2 Fire Energy from this Pokemon.","<b><font color=""teal"">[R] Nitro Tank GX</b>
<br>Attach 5 Fire Energy cards from your discard pile to your Pokemon in any way you like. <i>(You can't use more than 1 GX attack in a game.)</i></font>",
130766,Turtonator GX (Secret),Turtonator GX Secret,https://tcgplayer-cdn.tcgplayer.com/product/130766_200w.jpg,3,1919,https://cpt.tcgcsv.com/lk32,2022-12-04T01:02:09.347,1,,7.33,9.13,29.97,8.3,12.0,Holofoil,148/145,Secret Rare,Fire,190,Basic,"[2] Shell Trap (20)
<br>During your opponent's next turn, if this Pokemon is damaged by an attack <i>(even if this Pokemon is Knocked Out)</i>, put 8 damage counters on the Attacking Pokemon.",Wx2,None,3,"[1RR] Bright Flame (160)
<br>Discard 2 Fire Energy from this Pokemon.","<b><font color=""teal"">[R] Nitro Tank GX</b>
<br>Attach 5 Fire Energy cards from your discard pile to your Pokemon in any way you like. <i>(You can't use more than 1 GX attack in a game.)</i></font>",
130767,Alolan Sandshrew,Alolan Sandshrew,https://tcgplayer-cdn.tcgplayer.com/product/130767_200w.jpg,3,1919,https://cpt.tcgcsv.com/mk32,2025-02-05T21:23:53.91,1,,0.01,0.2,4.0,0.21,,Normal,19/145,Common,Water,60,Basic,"[0] Defense Curl
<br>Flip a coin. If heads, prevent all damage done to this Pokemon by attacks during your opponent's next turn.",Mx2,None,1,[2W] Ice Ball (30),,
130767,Alolan Sandshrew,Alolan Sandshrew,https://tcgplayer-cdn.tcgplayer.com/product/130767_200w.jpg,3,1919,https://cpt.tcgcsv.com/mk32,2025-02-05T21:23:53.91,1,,0.19,0.67,4.95,0.69,,Reverse Holofoil,19/145,Common,Water,60,Basic,"[0] Defense Curl
<br>Flip a coin. If heads, prevent all damage done to this Pokemon by attacks during your opponent's next turn.",Mx2,None,1,[2W] Ice Ball (30),,
130918,Alolan Sandslash,Alolan Sandslash,https://tcgplayer-cdn.tcgplayer.com/product/130918_200w.jpg,3,1919,https://cpt.tcgcsv.com/nn32,2026-02-27T00:02:24.2,1,"<b>Ability — Slush Rush</b>
<br>Once during your turn <em>(before your attack)</em>, you may draw a card.",0.06,0.35,2.39,0.4,0.23,Normal,20/145,Rare,Water,110,Stage 1,"[2W] Smash Turn (50)
<br>Switch this Pokemon with 1 of your Benched Pokemon.",Mx2,None,2,,,
130918,Alolan Sandslash,Alolan Sandslash,https://tcgplayer-cdn.tcgplayer.com/product/130918_200w.jpg,3,1919,https://cpt.tcgcsv.com/nn32,2026-02-27T00:02:24.2,1,"<b>Ability — Slush Rush</b>
<br>Once during your turn <em>(before your attack)</em>, you may draw a card.",0.25,0.75,4.95,0.84,,Reverse Holofoil,20/145,Rare,Water,110,Stage 1,"[2W] Smash Turn (50)
<br>Switch this Pokemon with 1 of your Benched Pokemon.",Mx2,None,2,,,
130919,Alolan Vulpix,Alolan Vulpix,https://tcgplayer-cdn.tcgplayer.com/product/130919_200w.jpg,3,1919,https://cpt.tcgcsv.com/pn32,2026-02-17T14:02:52.453,1,,0.03,0.46,19.5,0.46,0.54,Normal,21/145,Common,Water,60,Basic,"[0] Beacon 
<br>Search your deck for up to 2 Pokemon, reveal them, and put them into your hand. Then, shuffle your deck.",Mx2,None,1,,,
130919,Alolan Vulpix,Alolan Vulpix,https://tcgplayer-cdn.tcgplayer.com/product/130919_200w.jpg,3,1919,https://cpt.tcgcsv.com/pn32,2026-02-17T14:02:52.453,1,,0.49,1.25,3.99,1.59,1.76,Reverse Holofoil,21/145,Common,Water,60,Basic,"[0] Beacon 
<br>Search your deck for up to 2 Pokemon, reveal them, and put them into your hand. Then, shuffle your deck.",Mx2,None,1,,,
130920,Alolan Ninetales GX,Alolan Ninetales GX,https://tcgplayer-cdn.tcgplayer.com/product/130920_200w.jpg,3,1919,https://cpt.tcgcsv.com/qn32,2026-02-02T19:02:58.787,1,,2.82,5.09,96.95,4.87,5.12,Holofoil,22/145,Ultra Rare,Water,210,Stage 1,"[2] Ice Blade 
<br>This attack does 50 damage to 1 of your opponent's Pokemon. <i>(Don't apply Weakness and Resistance for Benched Pokemon.)</i>",Mx2,None,1,"[1WW] Blizzard Edge (160)
<br>Discard 2 Energy from this Pokemon.","<b><font color=""teal"">[2] Ice Path GX</b>
<br>Move all damage counters from this Pokemon to your opponent's Active Pokemon.<i>(You can't use more than 1 GX attack in a game.)</i></font>",
130921,Alolan Ninetales GX (Full Art),Alolan Ninetales GX Full Art,https://tcgplayer-cdn.tcgplayer.com/product/130921_200w.jpg,3,1919,https://cpt.tcgcsv.com/rn32,2026-02-02T19:03:04.013,1,,14.0,20.46,29.77,19.6,,Holofoil,132/145,Ultra Rare,Water,210,Stage 1,"[2] Ice Blade 
<br>This attack does 50 damage to 1 of your opponent's Pokemon. <i>(Don't apply Weakness and Resistance for Benched Pokemon.)</i>",Mx2,None,1,"[1WW] Blizzard Edge (160)
<br>Discard 2 Energy from this Pokemon.","<b><font color=""teal"">[2] Ice Path GX</b>
<br>Move all damage counters from this Pokemon to your opponent's Active Pokemon.<i>(You can't use more than 1 GX attack in a game.)</i></font>",
130922,Alolan Ninetales GX (Secret),Alolan Ninetales GX Secret,https://tcgplayer-cdn.tcgplayer.com/product/130922_200w.jpg,3,1919,https://cpt.tcgcsv.com/sn32,2026-01-21T19:26:56.3,1,,60.0,91.51,108.85,67.18,106.72,Holofoil,150/145,Secret Rare,Water,210,Stage 1,"[2] Ice Blade 
<br>This attack does 50 damage to 1 of your opponent's Pokemon. <i>(Don't apply Weakness and Resistance for Benched Pokemon.)</i>",Mx2,None,1,"[1WW] Blizzard Edge (160)
<br>Discard 2 Energy from this Pokemon.","<b><font color=""teal"">[2] Ice Path GX</b>
<br>Move all damage counters from this Pokemon to your opponent's Active Pokemon.<i>(You can't use more than 1 GX attack in a game.)</i></font>",
130923,Tentacool,Tentacool,https://tcgplayer-cdn.tcgplayer.com/product/130923_200w.jpg,3,1919,https://cpt.tcgcsv.com/tn32,2022-12-04T00:30:47.763,1,,0.01,0.17,4.0,0.15,,Normal,23/145,Common,Water,60,Basic,"[1] Sludge Shock (10)
<br>The Defending Pokemon can't be healed during your opponent's next turn.",Gx2,None,1,,,
130923,Tentacool,Tentacool,https://tcgplayer-cdn.tcgplayer.com/product/130923_200w.jpg,3,1919,https://cpt.tcgcsv.com/tn32,2022-12-04T00:30:47.763,1,,0.06,0.37,2.29,0.25,,Reverse Holofoil,23/145,Common,Water,60,Basic,"[1] Sludge Shock (10)
<br>The Defending Pokemon can't be healed during your opponent's next turn.",Gx2,None,1,,,
130924,Tentacruel,Tentacruel,https://tcgplayer-cdn.tcgplayer.com/product/130924_200w.jpg,3,1919,https://cpt.tcgcsv.com/vn32,2022-12-04T00:30:33.583,1,,0.05,0.2,4.0,0.17,,Normal,24/145,Uncommon,Water,110,Stage 1,"[2] Poison Sting (30)
<br>Your opponent's Active Pokemon is now Poisoned.",Gx2,None,2,"[3] Seething Tentacles (40+)
<br>Flip a coin. If heads, this attack does 40 more damage. If tails, your opponent's Active Pokemon is now Paralyzed.",,
130924,Tentacruel,Tentacruel,https://tcgplayer-cdn.tcgplayer.com/product/130924_200w.jpg,3,1919,https://cpt.tcgcsv.com/vn32,2022-12-04T00:30:33.583,1,,0.09,0.34,2.39,0.28,,Reverse Holofoil,24/145,Uncommon,Water,110,Stage 1,"[2] Poison Sting (30)
<br>Your opponent's Active Pokemon is now Poisoned.",Gx2,None,2,"[3] Seething Tentacles (40+)
<br>Flip a coin. If heads, this attack does 40 more damage. If tails, your opponent's Active Pokemon is now Paralyzed.",,
130925,Politoed,Politoed,https://tcgplayer-cdn.tcgplayer.com/product/130925_200w.jpg,3,1919,https://cpt.tcgcsv.com/wn32,2025-02-05T21:23:53.957,1,,0.87,1.14,3.0,1.26,,Holofoil,25/145,Holo Rare,Water,130,Stage 2,"[1] Roll Call
<br>Search your deck for a Poliwag, a Poliwhirl, and a Poliwrath, and put them onto your Bench. Then, shuffle your deck.",Gx2,None,1,"[2W] Hyper Jump (100)
<br> You may shuffle this Pokemon and all cards attached to it into your deck.",,
130925,Politoed,Politoed,https://tcgplayer-cdn.tcgplayer.com/product/130925_200w.jpg,3,1919,https://cpt.tcgcsv.com/wn32,2025-02-05T21:23:53.957,1,,1.0,1.42,3.99,1.37,,Reverse Holofoil,25/145,Holo Rare,Water,130,Stage 2,"[1] Roll Call
<br>Search your deck for a Poliwag, a Poliwhirl, and a Poliwrath, and put them onto your Bench. Then, shuffle your deck.",Gx2,None,1,"[2W] Hyper Jump (100)
<br> You may shuffle this Pokemon and all cards attached to it into your deck.",,
130926,Delibird,Delibird,https://tcgplayer-cdn.tcgplayer.com/product/130926_200w.jpg,3,1919,https://cpt.tcgcsv.com/xn32,2022-12-04T00:42:16.79,1,,0.03,0.2,1.49,0.17,,Normal,26/145,Common,Water,90,Basic,"[1] All the Presents
<br>Flip a coin until you get tails. For each heads, you may search your deck for a card and put it into your hand. Then, shuffle your deck.",Mx2,None,1,"[W] Surprise Attack (40)
<br>Flip a coin. If tails, this attack does nothing.",,
130926,Delibird,Delibird,https://tcgplayer-cdn.tcgplayer.com/product/130926_200w.jpg,3,1919,https://cpt.tcgcsv.com/xn32,2022-12-04T00:42:16.79,1,,0.07,0.31,2.25,0.3,,Reverse Holofoil,26/145,Common,Water,90,Basic,"[1] All the Presents
<br>Flip a coin until you get tails. For each heads, you may search your deck for a card and put it into your hand. Then, shuffle your deck.",Mx2,None,1,"[W] Surprise Attack (40)
<br>Flip a coin. If tails, this attack does nothing.",,
130927,Carvanha,Carvanha,https://tcgplayer-cdn.tcgplayer.com/product/130927_200w.jpg,3,1919,https://cpt.tcgcsv.com/zn32,2025-02-05T21:23:54.003,1,,0.01,0.15,4.0,0.09,,Normal,27/145,Common,Water,50,Basic,[W] Bite (10),Gx2,None,1,,,
130927,Carvanha,Carvanha,https://tcgplayer-cdn.tcgplayer.com/product/130927_200w.jpg,3,1919,https://cpt.tcgcsv.com/zn32,2025-02-05T21:23:54.003,1,,0.06,0.28,1.5,0.24,,Reverse Holofoil,27/145,Common,Water,50,Basic,[W] Bite (10),Gx2,None,1,,,
130928,Sharpedo,Sharpedo,https://tcgplayer-cdn.tcgplayer.com/product/130928_200w.jpg,3,1919,https://cpt.tcgcsv.com/Bn32,2025-02-05T21:23:54.05,1,,0.11,0.28,2.29,0.28,,Normal,28/145,Rare,Water,90,Stage 1,[1W] Jet Headbutt (70),Gx2,None,0,,,
130928,Sharpedo,Sharpedo,https://tcgplayer-cdn.tcgplayer.com/product/130928_200w.jpg,3,1919,https://cpt.tcgcsv.com/Bn32,2025-02-05T21:23:54.05,1,,0.24,0.4,1.99,0.36,0.3,Reverse Holofoil,28/145,Rare,Water,90,Stage 1,[1W] Jet Headbutt (70),Gx2,None,0,,,
130929,Wailmer,Wailmer,https://tcgplayer-cdn.tcgplayer.com/product/130929_200w.jpg,3,1919,https://cpt.tcgcsv.com/Cn32,2025-11-21T00:46:57.47,1,,0.01,0.2,4.0,0.17,0.1,Normal,29/145,Common,Water,120,Basic,[1W] Splash (20),Gx2,None,3,[1WWW] Surf (70),,
130929,Wailmer,Wailmer,https://tcgplayer-cdn.tcgplayer.com/product/130929_200w.jpg,3,1919,https://cpt.tcgcsv.com/Cn32,2025-11-21T00:46:57.47,1,,0.06,0.36,2.0,0.3,,Reverse Holofoil,29/145,Common,Water,120,Basic,[1W] Splash (20),Gx2,None,3,[1WWW] Surf (70),,
130930,Wailord,Wailord,https://tcgplayer-cdn.tcgplayer.com/product/130930_200w.jpg,3,1919,https://cpt.tcgcsv.com/Dn32,2025-11-21T04:19:29.61,1,,0.14,0.45,5.0,0.48,,Normal,30/145,Rare,Water,200,Stage 1,"[1WW] Dive (40)
<br>Flip a coin. If heads, prevent all effects of attacks, including damage, done to this Pokemon during your opponent's next turn.",Gx2,None,4,"[1WWW] Open Sea (80)
<br>Heal 30 damage from each of your Water Pokemon.",,
130930,Wailord,Wailord,https://tcgplayer-cdn.tcgplayer.com/product/130930_200w.jpg,3,1919,https://cpt.tcgcsv.com/Dn32,2025-11-21T04:19:29.61,1,,0.35,0.77,96.94,0.78,96.94,Reverse Holofoil,30/145,Rare,Water,200,Stage 1,"[1WW] Dive (40)
<br>Flip a coin. If heads, prevent all effects of attacks, including damage, done to this Pokemon during your opponent's next turn.",Gx2,None,4,"[1WWW] Open Sea (80)
<br>Heal 30 damage from each of your Water Pokemon.",,
130931,Snorunt,Snorunt,https://tcgplayer-cdn.tcgplayer.com/product/130931_200w.jpg,3,1919,https://cpt.tcgcsv.com/Fn32,2025-11-21T04:15:28.55,1,,0.06,0.25,4.0,0.22,,Normal,31/145,Common,Water,60,Basic,[W] Chilly (10),Mx2,None,2,[WW] Frost Breath (20),,
130931,Snorunt,Snorunt,https://tcgplayer-cdn.tcgplayer.com/product/130931_200w.jpg,3,1919,https://cpt.tcgcsv.com/Fn32,2025-11-21T04:15:28.55,1,,0.22,0.49,1.0,0.49,,Reverse Holofoil,31/145,Common,Water,60,Basic,[W] Chilly (10),Mx2,None,2,[WW] Frost Breath (20),,
130932,Glalie,Glalie,https://tcgplayer-cdn.tcgplayer.com/product/130932_200w.jpg,3,1919,https://cpt.tcgcsv.com/Gn32,2026-03-09T14:42:36.897,1,,0.03,0.21,4.0,0.2,0.17,Normal,32/145,Uncommon,Water,120,Stage 1,"[WW] Crunch (40)
<br>Flip a coin. If heads, discard an Energy from your opponent's Active Pokemon.",Mx2,None,3,"[WWW] Raging Floe (70+)
<br>If this Pokemon has any damage counters on it, this attack does 80 more damage.",,
130932,Glalie,Glalie,https://tcgplayer-cdn.tcgplayer.com/product/130932_200w.jpg,3,1919,https://cpt.tcgcsv.com/Gn32,2026-03-09T14:42:36.897,1,,0.21,0.33,2.39,0.3,,Reverse Holofoil,32/145,Uncommon,Water,120,Stage 1,"[WW] Crunch (40)
<br>Flip a coin. If heads, discard an Energy from your opponent's Active Pokemon.",Mx2,None,3,"[WWW] Raging Floe (70+)
<br>If this Pokemon has any damage counters on it, this attack does 80 more damage.",,
130933,Vanillite,Vanillite,https://tcgplayer-cdn.tcgplayer.com/product/130933_200w.jpg,3,1919,https://cpt.tcgcsv.com/Hn32,2025-02-05T21:23:54.147,1,,0.02,0.2,4.0,0.17,,Normal,33/145,Common,Water,50,Basic,"[W] Triple Spin (10x)
<br>Flip 3 coins. This attack does 10 damage for each heads.",Mx2,None,1,,,
130933,Vanillite,Vanillite,https://tcgplayer-cdn.tcgplayer.com/product/130933_200w.jpg,3,1919,https://cpt.tcgcsv.com/Hn32,2025-02-05T21:23:54.147,1,,0.1,0.35,2.39,0.34,,Reverse Holofoil,33/145,Common,Water,50,Basic,"[W] Triple Spin (10x)
<br>Flip 3 coins. This attack does 10 damage for each heads.",Mx2,None,1,,,
130934,Vanillish,Vanillish,https://tcgplayer-cdn.tcgplayer.com/product/130934_200w.jpg,3,1919,https://cpt.tcgcsv.com/Jn32,2025-02-05T21:23:54.193,1,,0.03,0.17,1.49,0.11,,Normal,34/145,Uncommon,Water,80,Stage 1,"[W] Ice Shard (30+)
<br>If your opponent's Active Pokemon is a Fighting Pokemon, this attack does 30 more damage.",Mx2,None,2,,,
130934,Vanillish,Vanillish,https://tcgplayer-cdn.tcgplayer.com/product/130934_200w.jpg,3,1919,https://cpt.tcgcsv.com/Jn32,2025-02-05T21:23:54.193,1,,0.06,0.33,1.5,0.28,,Reverse Holofoil,34/145,Uncommon,Water,80,Stage 1,"[W] Ice Shard (30+)
<br>If your opponent's Active Pokemon is a Fighting Pokemon, this attack does 30 more damage.",Mx2,None,2,,,
130935,Vanilluxe,Vanilluxe,https://tcgplayer-cdn.tcgplayer.com/product/130935_200w.jpg,3,1919,https://cpt.tcgcsv.com/Kn32,2025-11-21T04:17:52.03,1,,0.08,0.25,19.5,0.24,0.2,Normal,35/145,Rare,Water,140,Stage 2,"[W] Hail 
<br>This attack does 20 damage to each of your opponent's Pokemon. <i>(Don't apply Weakness and Resistance for Benched Pokemon.)</i>",Mx2,None,2,"[WWW] Frozen Breath (80)
<br>You may discard 2 Water Energy from this Pokemon. If you do, your opponent's Active Pokemon is now Paralyzed.",,
130935,Vanilluxe,Vanilluxe,https://tcgplayer-cdn.tcgplayer.com/product/130935_200w.jpg,3,1919,https://cpt.tcgcsv.com/Kn32,2025-11-21T04:17:52.03,1,,0.13,0.37,2.44,0.37,,Reverse Holofoil,35/145,Rare,Water,140,Stage 2,"[W] Hail 
<br>This attack does 20 damage to each of your opponent's Pokemon. <i>(Don't apply Weakness and Resistance for Benched Pokemon.)</i>",Mx2,None,2,"[WWW] Frozen Breath (80)
<br>You may discard 2 Water Energy from this Pokemon. If you do, your opponent's Active Pokemon is now Paralyzed.",,
130936,Alomomola,Alomomola,https://tcgplayer-cdn.tcgplayer.com/product/130936_200w.jpg,3,1919,https://cpt.tcgcsv.com/Ln32,2022-12-04T00:40:07.29,1,,0.04,0.19,1.49,0.16,,Normal,36/145,Uncommon,Water,110,Basic,"[1] Borne Ashore
<br>Put a Basic Pokemon from either player's discard pile onto its owner's Bench.",Gx2,None,2,[2W] Hydro Splash (60),,
130936,Alomomola,Alomomola,https://tcgplayer-cdn.tcgplayer.com/product/130936_200w.jpg,3,1919,https://cpt.tcgcsv.com/Ln32,2022-12-04T00:40:07.29,1,,0.1,0.3,2.49,0.3,0.26,Reverse Holofoil,36/145,Uncommon,Water,110,Basic,"[1] Borne Ashore
<br>Put a Basic Pokemon from either player's discard pile onto its owner's Bench.",Gx2,None,2,[2W] Hydro Splash (60),,
130937,Wishiwashi,Wishiwashi,https://tcgplayer-cdn.tcgplayer.com/product/130937_200w.jpg,3,1919,https://cpt.tcgcsv.com/Mn32,2026-03-09T14:44:26.643,1,"<b>Ability — Schooling</b>
<br>Once during your turn <em>(before your attack)</em>, you may switch this Pokemon with a Wishiwashi GX in your hand. Any attached cards, damage counters, Special Conditions, turns in play, and any other effects remain on the new Pokemon.",0.01,0.15,19.5,0.13,0.1,Normal,37/145,Common,Water,30,Basic,"[W] Sharpshooting
<br>This attack does 10 damage to 1 of your opponent's Pokemon. <i>(Don't apply Weakness and Resistance for Benched Pokemon.)</i>",Lx2,None,0,,,
130937,Wishiwashi,Wishiwashi,https://tcgplayer-cdn.tcgplayer.com/product/130937_200w.jpg,3,1919,https://cpt.tcgcsv.com/Mn32,2026-03-09T14:44:26.643,1,"<b>Ability — Schooling</b>
<br>Once during your turn <em>(before your attack)</em>, you may switch this Pokemon with a Wishiwashi GX in your hand. Any attached cards, damage counters, Special Conditions, turns in play, and any other effects remain on the new Pokemon.",0.05,0.31,1.49,0.27,0.27,Reverse Holofoil,37/145,Common,Water,30,Basic,"[W] Sharpshooting
<br>This attack does 10 damage to 1 of your opponent's Pokemon. <i>(Don't apply Weakness and Resistance for Benched Pokemon.)</i>",Lx2,None,0,,,
130938,Wishiwashi GX,Wishiwashi GX,https://tcgplayer-cdn.tcgplayer.com/product/130938_200w.jpg,3,1919,https://cpt.tcgcsv.com/Nn32,2026-02-16T21:44:44.31,1,,0.8,2.34,5.82,2.33,2.68,Holofoil,38/145,Ultra Rare,Water,210,Basic,[W] Water Gun (20),Lx2,None,3,"[2WWW] Torrential Vortex (120)
<br>Discard a Special Energy from your opponent's Active Pokemon.","<b><font color=""teal"">[2WWW] Blue Surge GX (220)</b>
<br>Move all Energy from this Pokemon to your Benched Pokemon in any way you like. <i>(You can't use more than 1 GX attack in a game.)</i></font>",
130939,Wishiwashi GX (Full Art),Wishiwashi GX Full Art,https://tcgplayer-cdn.tcgplayer.com/product/130939_200w.jpg,3,1919,https://cpt.tcgcsv.com/Pn32,2026-02-16T21:45:31.72,1,,2.86,4.33,13.99,4.2,3.1,Holofoil,133/145,Ultra Rare,Water,210,Basic,[W] Water Gun (20),Lx2,None,3,"[2WWW] Torrential Vortex (120)
<br>Discard a Special Energy from your opponent's Active Pokemon.","<b><font color=""teal"">[2WWW] Blue Surge GX (220)</b>
<br>Move all Energy from this Pokemon to your Benched Pokemon in any way you like. <i>(You can't use more than 1 GX attack in a game.)</i></font>",
130940,Wishiwashi GX (Secret),Wishiwashi GX Secret,https://tcgplayer-cdn.tcgplayer.com/product/130940_200w.jpg,3,1919,https://cpt.tcgcsv.com/Qn32,2025-11-21T04:20:31.203,1,,8.18,8.61,9.98,8.2,,Holofoil,151/145,Secret Rare,Water,210,Basic,[W] Water Gun (20),Lx2,None,3,"[2WWW] Torrential Vortex (120)
<br>Discard a Special Energy from your opponent's Active Pokemon.","<b><font color=""teal"">[2WWW] Blue Surge GX (220)</b>
<br>Move all Energy from this Pokemon to your Benched Pokemon in any way you like. <i>(You can't use more than 1 GX attack in a game.)</i></font>",
130941,Mareanie,Mareanie,https://tcgplayer-cdn.tcgplayer.com/product/130941_200w.jpg,3,1919,https://cpt.tcgcsv.com/Rn32,2022-12-04T00:39:25.967,1,,0.03,0.17,19.5,0.13,0.1,Normal,39/145,Uncommon,Water,60,Basic,"[1] Bail Out
<br>Put a Pokemon from your discard pile into your hand.",Gx2,None,1,[W] Rain Splash (10),,
130941,Mareanie,Mareanie,https://tcgplayer-cdn.tcgplayer.com/product/130941_200w.jpg,3,1919,https://cpt.tcgcsv.com/Rn32,2022-12-04T00:39:25.967,1,,0.1,0.29,19.5,0.28,0.2,Reverse Holofoil,39/145,Uncommon,Water,60,Basic,"[1] Bail Out
<br>Put a Pokemon from your discard pile into your hand.",Gx2,None,1,[W] Rain Splash (10),,
130942,Alolan Geodude,Alolan Geodude,https://tcgplayer-cdn.tcgplayer.com/product/130942_200w.jpg,3,1919,https://cpt.tcgcsv.com/Sn32,2026-02-10T13:45:00.213,1,,0.02,0.19,1.49,0.16,0.1,Normal,40/145,Common,Lightning,70,Basic,"[0] Rock Polish
<br>During your next turn, this Pokemon has no Retreat Cost.",Fx2,M-20,2,[2L] Rollout (40),,
130942,Alolan Geodude,Alolan Geodude,https://tcgplayer-cdn.tcgplayer.com/product/130942_200w.jpg,3,1919,https://cpt.tcgcsv.com/Sn32,2026-02-10T13:45:00.213,1,,0.15,0.3,2.95,0.28,,Reverse Holofoil,40/145,Common,Lightning,70,Basic,"[0] Rock Polish
<br>During your next turn, this Pokemon has no Retreat Cost.",Fx2,M-20,2,[2L] Rollout (40),,
130943,Alolan Graveler,Alolan Graveler,https://tcgplayer-cdn.tcgplayer.com/product/130943_200w.jpg,3,1919,https://cpt.tcgcsv.com/Tn32,2026-02-10T13:45:28.23,1,,0.03,0.2,4.0,0.16,,Normal,41/145,Uncommon,Lightning,110,Stage 1,"[2L] Thunder Punch (50+)
<br>Flip a coin. If heads, this attack does 20 more damage. If tails, this Pokemon does 20 damage to itself.",Fx2,M-20,4,"[1LLL] Electrobullet (80)
<br>This attack does 20 damage to 1 of your opponent's Benched Pokemon. <i>(Don't apply Weakness and Resistance for Benched Pokemon.)</i>",,
130943,Alolan Graveler,Alolan Graveler,https://tcgplayer-cdn.tcgplayer.com/product/130943_200w.jpg,3,1919,https://cpt.tcgcsv.com/Tn32,2026-02-10T13:45:28.23,1,,0.17,0.35,2.99,0.25,,Reverse Holofoil,41/145,Uncommon,Lightning,110,Stage 1,"[2L] Thunder Punch (50+)
<br>Flip a coin. If heads, this attack does 20 more damage. If tails, this Pokemon does 20 damage to itself.",Fx2,M-20,4,"[1LLL] Electrobullet (80)
<br>This attack does 20 damage to 1 of your opponent's Benched Pokemon. <i>(Don't apply Weakness and Resistance for Benched Pokemon.)</i>",,
130944,Alolan Golem,Alolan Golem,https://tcgplayer-cdn.tcgplayer.com/product/130944_200w.jpg,3,1919,https://cpt.tcgcsv.com/Vn32,2022-12-04T00:38:41.497,1,,0.19,0.61,2.25,0.58,0.44,Holofoil,42/145,Holo Rare,Lightning,160,Stage 2,"[2L] Electromagnetic Rock Wrecker (80x)
<br>Flip a coin for each Lightning Energy attached to this Pokemon. This attack does 80 damage for each heads.",Fx2,M-20,4,"[3L] Heavy Slam (200-)
<br>This attack does 30 less damage for each Colorless in your opponent's Active Pokemon Retreat Cost.",,
130944,Alolan Golem,Alolan Golem,https://tcgplayer-cdn.tcgplayer.com/product/130944_200w.jpg,3,1919,https://cpt.tcgcsv.com/Vn32,2022-12-04T00:38:41.497,1,,0.2,0.55,3.95,0.51,0.65,Reverse Holofoil,42/145,Holo Rare,Lightning,160,Stage 2,"[2L] Electromagnetic Rock Wrecker (80x)
<br>Flip a coin for each Lightning Energy attached to this Pokemon. This attack does 80 damage for each heads.",Fx2,M-20,4,"[3L] Heavy Slam (200-)
<br>This attack does 30 less damage for each Colorless in your opponent's Active Pokemon Retreat Cost.",,
130945,Helioptile,Helioptile,https://tcgplayer-cdn.tcgplayer.com/product/130945_200w.jpg,3,1919,https://cpt.tcgcsv.com/Wn32,2025-11-21T04:11:50.03,1,,0.01,0.15,4.0,0.12,,Normal,43/145,Common,Lightning,60,Basic,"[L] Thunder Shock (10)
<br>Flip a coin. If heads, your opponent's Active Pokemon is now Paralyzed.",Fx2,M-20,1,,,
130945,Helioptile,Helioptile,https://tcgplayer-cdn.tcgplayer.com/product/130945_200w.jpg,3,1919,https://cpt.tcgcsv.com/Wn32,2025-11-21T04:11:50.03,1,,0.01,0.26,2.25,0.21,0.23,Reverse Holofoil,43/145,Common,Lightning,60,Basic,"[L] Thunder Shock (10)
<br>Flip a coin. If heads, your opponent's Active Pokemon is now Paralyzed.",Fx2,M-20,1,,,
130946,Heliolisk,Heliolisk,https://tcgplayer-cdn.tcgplayer.com/product/130946_200w.jpg,3,1919,https://cpt.tcgcsv.com/Xn32,2022-12-04T00:38:04.107,1,,0.09,0.24,1.49,0.17,,Normal,44/145,Rare,Lightning,100,Stage 1,"[1] Quick Attack (20+)
<br>Flip a coin. If heads, this attack does 20 more damage.",Fx2,M-20,1,"[2L] Raging Thunder (120)
<br>This attack does 30 damage to 1 of your Benched Pokemon. <i>(Don't apply Weakness and Resistance for Benched Pokemon.)</i>",,
130946,Heliolisk,Heliolisk,https://tcgplayer-cdn.tcgplayer.com/product/130946_200w.jpg,3,1919,https://cpt.tcgcsv.com/Xn32,2022-12-04T00:38:04.107,1,,0.1,0.35,19.5,0.28,0.29,Reverse Holofoil,44/145,Rare,Lightning,100,Stage 1,"[1] Quick Attack (20+)
<br>Flip a coin. If heads, this attack does 20 more damage.",Fx2,M-20,1,"[2L] Raging Thunder (120)
<br>This attack does 30 damage to 1 of your Benched Pokemon. <i>(Don't apply Weakness and Resistance for Benched Pokemon.)</i>",,
130947,Vikavolt GX,Vikavolt GX,https://tcgplayer-cdn.tcgplayer.com/product/130947_200w.jpg,3,1919,https://cpt.tcgcsv.com/Zn32,2026-02-16T15:48:47.947,1,,0.78,1.67,7.5,1.5,1.25,Holofoil,45/145,Ultra Rare,Lightning,240,Stage 2,"[L] Charge Beam (50)
<br>Attach an Energy card from your discard pile to this Pokemon.",Fx2,M-20,1,"[3L] Super Zap Cannon (180)
<br>Discard 2 Energy from this Pokemon.","<b><font color=""teal"">[3L] Gigatron GX</b>
<br>This attack does 60 damage to each of your opponent's Benched Pokemon.<i>(Don't apply Weakness and Resistance for Benched Pokemon) (You can't use more than 1 GX attack in a game.)</i></font>",
130948,Vikavolt GX (Full Art),Vikavolt GX Full Art,https://tcgplayer-cdn.tcgplayer.com/product/130948_200w.jpg,3,1919,https://cpt.tcgcsv.com/-n32,2026-02-16T15:48:53.05,1,,2.3,3.72,10.99,3.49,2.79,Holofoil,134/145,Ultra Rare,Lightning,240,Stage 2,"[L] Charge Beam (50)
<br>Attach an Energy card from your discard pile to this Pokemon.",Fx2,M-20,1,"[3L] Super Zap Cannon (180)
<br>Discard 2 Energy from this Pokemon.","<b><font color=""teal"">[3L] Gigatron GX</b>
<br>This attack does 60 damage to each of your opponent's Benched Pokemon.<i>(Don't apply Weakness and Resistance for Benched Pokemon) (You can't use more than 1 GX attack in a game.)</i></font>",
130949,Vikavolt GX (Secret),Vikavolt GX Secret,https://tcgplayer-cdn.tcgplayer.com/product/130949_200w.jpg,3,1919,https://cpt.tcgcsv.com/_n32,2025-11-21T04:18:48.907,1,,8.65,11.58,29.97,9.99,29.97,Holofoil,152/145,Secret Rare,Lightning,240,Stage 2,"[L] Charge Beam (50)
<br>Attach an Energy card from your discard pile to this Pokemon.",Fx2,M-20,1,"[3L] Super Zap Cannon (180)
<br>Discard 2 Energy from this Pokemon.","<b><font color=""teal"">[3L] Gigatron GX</b>
<br>This attack does 60 damage to each of your opponent's Benched Pokemon.<i>(Don't apply Weakness and Resistance for Benched Pokemon) (You can't use more than 1 GX attack in a game.)</i></font>",
130950,Oricorio (46),Oricorio 46,https://tcgplayer-cdn.tcgplayer.com/product/130950_200w.jpg,3,1919,https://cpt.tcgcsv.com/0p32,2022-12-04T00:37:30.313,1,,0.08,0.26,1.49,0.24,,Normal,46/145,Rare,Lightning,90,Basic,"[L] Feather Dance 
<br>During your next turn, this Pokemon's Pom-Pom Punch attack's base damage is 100 <i>(before applying Weakness and Resistance)</i>.",Fx2,M-20,1,[L] Pom-Pom Punch (20),,
130950,Oricorio (46),Oricorio 46,https://tcgplayer-cdn.tcgplayer.com/product/130950_200w.jpg,3,1919,https://cpt.tcgcsv.com/0p32,2022-12-04T00:37:30.313,1,,0.07,0.35,1.99,0.32,,Reverse Holofoil,46/145,Rare,Lightning,90,Basic,"[L] Feather Dance 
<br>During your next turn, this Pokemon's Pom-Pom Punch attack's base damage is 100 <i>(before applying Weakness and Resistance)</i>.",Fx2,M-20,1,[L] Pom-Pom Punch (20),,
130951,Tapu Koko GX,Tapu Koko GX,https://tcgplayer-cdn.tcgplayer.com/product/130951_200w.jpg,3,1919,https://cpt.tcgcsv.com/2p32,2022-12-04T00:37:18.32,1,"<b>Ability — Aero Trail</b>
<br>When you play this Pokemon from your hand onto your Bench during your turn, you may move any number of Lightning Energy from your other Pokemon to this Pokemon. If you do, switch this Pokemon with your Active Pokemon.",0.75,1.78,8.98,1.7,1.5,Holofoil,47/145,Ultra Rare,Lightning,170,Basic,[1LL] Sky-High Claws (130),None,None,2,"<b><font color=""teal"">[1LL] Tapu Thunder GX (50x)</b>
<br>This attack does 50 damage times the amount of Energy attached to all of your opponent's Pokemon. <i>(You can't use more than 1 GX attack in a game.)</i></font>",,
130952,Tapu Koko GX (Full Art),Tapu Koko GX Full Art,https://tcgplayer-cdn.tcgplayer.com/product/130952_200w.jpg,3,1919,https://cpt.tcgcsv.com/3p32,2022-12-04T01:05:38.51,1,"<b>Ability — Aero Trail</b>
<br>When you play this Pokemon from your hand onto your Bench during your turn, you may move any number of Lightning Energy from your other Pokemon to this Pokemon. If you do, switch this Pokemon with your Active Pokemon.",2.99,4.99,9.34,4.88,,Holofoil,135/145,Ultra Rare,Lightning,170,Basic,[1LL] Sky-High Claws (130),None,None,2,"<b><font color=""teal"">[1LL] Tapu Thunder GX (50x)</b>
<br>This attack does 50 damage times the amount of Energy attached to all of your opponent's Pokemon. <i>(You can't use more than 1 GX attack in a game.)</i></font>",,
130953,Tapu Koko GX (Secret),Tapu Koko GX Secret,https://tcgplayer-cdn.tcgplayer.com/product/130953_200w.jpg,3,1919,https://cpt.tcgcsv.com/5p32,2022-12-04T01:11:02.337,1,"<b>Ability — Aero Trail</b>
<br>When you play this Pokemon from your hand onto your Bench during your turn, you may move any number of Lightning Energy from your other Pokemon to this Pokemon. If you do, switch this Pokemon with your Active Pokemon.",10.24,12.4,120.0,13.68,,Holofoil,153/145,Secret Rare,Lightning,170,Basic,[1LL] Sky-High Claws (130),None,None,2,"<b><font color=""teal"">[1LL] Tapu Thunder GX (50x)</b>
<br>This attack does 50 damage times the amount of Energy attached to all of your opponent's Pokemon. <i>(You can't use more than 1 GX attack in a game.)</i></font>",,
130954,Slowpoke,Slowpoke,https://tcgplayer-cdn.tcgplayer.com/product/130954_200w.jpg,3,1919,https://cpt.tcgcsv.com/6p32,2026-02-16T15:47:10.977,1,,0.05,0.25,4.0,0.28,,Normal,48/145,Common,Psychic,70,Basic,[1] Headbutt (10),Px2,None,3,"[2P] Whimsy Tackle (60)
<br>Flip a coin. If tails, this attack does nothing.",,
130954,Slowpoke,Slowpoke,https://tcgplayer-cdn.tcgplayer.com/product/130954_200w.jpg,3,1919,https://cpt.tcgcsv.com/6p32,2026-02-16T15:47:10.977,1,,0.5,0.76,3.0,1.01,0.47,Reverse Holofoil,48/145,Common,Psychic,70,Basic,[1] Headbutt (10),Px2,None,3,"[2P] Whimsy Tackle (60)
<br>Flip a coin. If tails, this attack does nothing.",,
130955,Slowbro,Slowbro,https://tcgplayer-cdn.tcgplayer.com/product/130955_200w.jpg,3,1919,https://cpt.tcgcsv.com/7p32,2025-02-05T21:23:54.653,1,,0.09,0.36,4.0,0.43,,Normal,49/145,Uncommon,Psychic,110,Stage 1,"[1] Amnesia (20)
<br>Choose 1 of your opponent's Active Pokemon's attacks. That Pokemon can't use that attack during your opponent's next turn.",Px2,None,3,"[2P] Facade (50+)
<br>If this Pokemon is Burned or Poisoned, this attack does 80 more damage.",,
130955,Slowbro,Slowbro,https://tcgplayer-cdn.tcgplayer.com/product/130955_200w.jpg,3,1919,https://cpt.tcgcsv.com/7p32,2025-02-05T21:23:54.653,1,,0.24,0.87,4.95,0.87,,Reverse Holofoil,49/145,Uncommon,Psychic,110,Stage 1,"[1] Amnesia (20)
<br>Choose 1 of your opponent's Active Pokemon's attacks. That Pokemon can't use that attack during your opponent's next turn.",Px2,None,3,"[2P] Facade (50+)
<br>If this Pokemon is Burned or Poisoned, this attack does 80 more damage.",,
130956,Trubbish,Trubbish,https://tcgplayer-cdn.tcgplayer.com/product/130956_200w.jpg,3,1919,https://cpt.tcgcsv.com/8p32,2025-11-21T04:17:21.523,1,,0.05,0.31,4.0,0.31,,Normal,50/145,Common,Psychic,70,Basic,"[P] Stomp Off
<br>Discard the top card of your opponent's deck.",Px2,None,2,[2P] Drool (30),,
130956,Trubbish,Trubbish,https://tcgplayer-cdn.tcgplayer.com/product/130956_200w.jpg,3,1919,https://cpt.tcgcsv.com/8p32,2025-11-21T04:17:21.523,1,,0.5,0.75,4.0,0.9,,Reverse Holofoil,50/145,Common,Psychic,70,Basic,"[P] Stomp Off
<br>Discard the top card of your opponent's deck.",Px2,None,2,[2P] Drool (30),,
130957,Garbodor,Garbodor,https://tcgplayer-cdn.tcgplayer.com/product/130957_200w.jpg,3,1919,https://cpt.tcgcsv.com/9p32,2025-02-05T21:23:54.777,1,,0.14,0.33,2.23,0.32,0.33,Normal,51/145,Rare,Psychic,120,Stage 1,"[P] Trashalance (20x)
<br>This attack does 20 damage for each Item card in your opponent's discard pile.",Px2,None,3,"[2P] Acid Spray (70)
<br>Flip a coin. If heads, discard an Energy from your opponent's Active Pokemon.",,
130957,Garbodor,Garbodor,https://tcgplayer-cdn.tcgplayer.com/product/130957_200w.jpg,3,1919,https://cpt.tcgcsv.com/9p32,2025-02-05T21:23:54.777,1,,0.22,0.62,2.88,0.63,0.8,Reverse Holofoil,51/145,Rare,Psychic,120,Stage 1,"[P] Trashalance (20x)
<br>This attack does 20 damage for each Item card in your opponent's discard pile.",Px2,None,3,"[2P] Acid Spray (70)
<br>Flip a coin. If heads, discard an Energy from your opponent's Active Pokemon.",,
130958,Gothita,Gothita,https://tcgplayer-cdn.tcgplayer.com/product/130958_200w.jpg,3,1919,https://cpt.tcgcsv.com/bp32,2022-12-04T00:48:25.897,1,,0.05,0.25,19.5,0.38,0.19,Normal,52/145,Common,Psychic,60,Basic,"[P] Blown Kiss
<br>Put 1 damage counter on 1 of your opponent's Pokemon.",Px2,None,1,,,
130958,Gothita,Gothita,https://tcgplayer-cdn.tcgplayer.com/product/130958_200w.jpg,3,1919,https://cpt.tcgcsv.com/bp32,2022-12-04T00:48:25.897,1,,0.15,0.39,2.0,0.37,,Reverse Holofoil,52/145,Common,Psychic,60,Basic,"[P] Blown Kiss
<br>Put 1 damage counter on 1 of your opponent's Pokemon.",Px2,None,1,,,
130959,Gothorita,Gothorita,https://tcgplayer-cdn.tcgplayer.com/product/130959_200w.jpg,3,1919,https://cpt.tcgcsv.com/cp32,2025-12-10T02:22:59.053,1,,0.03,0.23,4.0,0.23,,Normal,53/145,Uncommon,Psychic,80,Stage 1,[P] Slap (20),Px2,None,2,"[1P] Psybeam (30)
<br>Your opponent's Active Pokemon is now Confused.",,
130959,Gothorita,Gothorita,https://tcgplayer-cdn.tcgplayer.com/product/130959_200w.jpg,3,1919,https://cpt.tcgcsv.com/cp32,2025-12-10T02:22:59.053,1,,0.08,0.35,2.95,0.33,0.47,Reverse Holofoil,53/145,Uncommon,Psychic,80,Stage 1,[P] Slap (20),Px2,None,2,"[1P] Psybeam (30)
<br>Your opponent's Active Pokemon is now Confused.",,
130960,Gothitelle,Gothitelle,https://tcgplayer-cdn.tcgplayer.com/product/130960_200w.jpg,3,1919,https://cpt.tcgcsv.com/dp32,2025-11-25T19:21:05.787,1,,0.06,0.29,1.49,0.3,,Normal,54/145,Rare,Psychic,140,Stage 2,"[P] Tractorbeam
<br>Switch 1 of your opponent's Benched Pokemon with their Active Pokemon. This attack does 30 damage to the new Active Pokemon.",Px2,None,2,"[1P] Link Blast (50+)
<br>If this Pokemon and your opponent's Active Pokemon have the same amount of Energy attached to them, this attack does 80 more damage.",,
130960,Gothitelle,Gothitelle,https://tcgplayer-cdn.tcgplayer.com/product/130960_200w.jpg,3,1919,https://cpt.tcgcsv.com/dp32,2025-11-25T19:21:05.787,1,,0.19,0.36,2.5,0.34,,Reverse Holofoil,54/145,Rare,Psychic,140,Stage 2,"[P] Tractorbeam
<br>Switch 1 of your opponent's Benched Pokemon with their Active Pokemon. This attack does 30 damage to the new Active Pokemon.",Px2,None,2,"[1P] Link Blast (50+)
<br>If this Pokemon and your opponent's Active Pokemon have the same amount of Energy attached to them, this attack does 80 more damage.",,
130961,Oricorio (55),Oricorio 55,https://tcgplayer-cdn.tcgplayer.com/product/130961_200w.jpg,3,1919,https://cpt.tcgcsv.com/fp32,2025-11-21T04:14:36.94,1,"<b>Ability — Vital Dance</b>
<br>When you play this Pokemon from your hand onto your Bench during your turn, you may search your deck for up to 2 basic Energy cards, reveal them, and put them into your hand. Then, shuffle your deck.",0.08,0.26,4.0,0.25,,Normal,55/145,Rare,Psychic,90,Basic,[1P] Casual Slap (30),Px2,None,1,,,
130961,Oricorio (55),Oricorio 55,https://tcgplayer-cdn.tcgplayer.com/product/130961_200w.jpg,3,1919,https://cpt.tcgcsv.com/fp32,2025-11-21T04:14:36.94,1,"<b>Ability — Vital Dance</b>
<br>When you play this Pokemon from your hand onto your Bench during your turn, you may search your deck for up to 2 basic Energy cards, reveal them, and put them into your hand. Then, shuffle your deck.",0.23,0.4,2.34,0.35,0.35,Reverse Holofoil,55/145,Rare,Psychic,90,Basic,[1P] Casual Slap (30),Px2,None,1,,,
130962,Oricorio (56),Oricorio 56,https://tcgplayer-cdn.tcgplayer.com/product/130962_200w.jpg,3,1919,https://cpt.tcgcsv.com/gp32,2025-11-21T04:14:59.987,1,,0.04,0.25,2.49,0.23,0.18,Normal,56/145,Rare,Psychic,90,Basic,"[1] Supernatural Dance
<br>For each Pokemon in your opponent's discard pile, put 1 damage counter on your opponent's Pokemon in any way you like.",Dx2,F-20,1,"[1] Revelation Dance (30)
<br>If there is no Stadium card in play, this attack does nothing.",,
130962,Oricorio (56),Oricorio 56,https://tcgplayer-cdn.tcgplayer.com/product/130962_200w.jpg,3,1919,https://cpt.tcgcsv.com/gp32,2025-11-21T04:14:59.987,1,,0.17,0.35,2.39,0.31,0.24,Reverse Holofoil,56/145,Rare,Psychic,90,Basic,"[1] Supernatural Dance
<br>For each Pokemon in your opponent's discard pile, put 1 damage counter on your opponent's Pokemon in any way you like.",Dx2,F-20,1,"[1] Revelation Dance (30)
<br>If there is no Stadium card in play, this attack does nothing.",,
130963,Toxapex GX,Toxapex GX,https://tcgplayer-cdn.tcgplayer.com/product/130963_200w.jpg,3,1919,https://cpt.tcgcsv.com/hp32,2026-02-16T15:47:25.513,1,,1.25,2.05,5.98,1.99,2.27,Holofoil,57/145,Ultra Rare,Psychic,210,Stage 1,"[P] Spike Cannon (30x)
<br>Flip 4 coins. This attack does 30 damage for each heads.",Px2,None,3,"[PPP] Super Intense Poison
<br>Your opponent's Active Pokemon is now Poisoned. Put 10 damage counters on it instead of 1 on that Pokemon in between turns.","<b><font color=""teal"">[PPP] Total Shelter GX (150)</b>
<br>Prevent all effects of attacks, including damage, done to this Pokemon during your opponent's next turn. <i>(You can't use more than 1 GX attack in a game.)</i></font>",
130964,Toxapex GX (Full Art),Toxapex GX Full Art,https://tcgplayer-cdn.tcgplayer.com/product/130964_200w.jpg,3,1919,https://cpt.tcgcsv.com/jp32,2026-02-16T15:47:24.203,1,,2.99,4.0,96.95,3.93,4.47,Holofoil,136/145,Ultra Rare,Psychic,210,Stage 1,"[P] Spike Cannon (30x)
<br>Flip 4 coins. This attack does 30 damage for each heads.",Px2,None,3,"[PPP] Super Intense Poison
<br>Your opponent's Active Pokemon is now Poisoned. Put 10 damage counters on it instead of 1 on that Pokemon in between turns.","<b><font color=""teal"">[PPP] Total Shelter GX (150)</b>
<br>Prevent all effects of attacks, including damage, done to this Pokemon during your opponent's next turn. <i>(You can't use more than 1 GX attack in a game.)</i></font>",
130965,Toxapex GX (Secret),Toxapex GX Secret,https://tcgplayer-cdn.tcgplayer.com/product/130965_200w.jpg,3,1919,https://cpt.tcgcsv.com/kp32,2022-12-04T01:10:11.057,1,,6.0,8.54,60.0,7.57,,Holofoil,154/145,Secret Rare,Psychic,210,Stage 1,"[P] Spike Cannon (30x)
<br>Flip 4 coins. This attack does 30 damage for each heads.",Px2,None,3,"[PPP] Super Intense Poison
<br>Your opponent's Active Pokemon is now Poisoned. Put 10 damage counters on it instead of 1 on that Pokemon in between turns.","<b><font color=""teal"">[PPP] Total Shelter GX (150)</b>
<br>Prevent all effects of attacks, including damage, done to this Pokemon during your opponent's next turn. <i>(You can't use more than 1 GX attack in a game.)</i></font>",
130966,Mimikyu,Mimikyu,https://tcgplayer-cdn.tcgplayer.com/product/130966_200w.jpg,3,1919,https://cpt.tcgcsv.com/lp32,2025-11-21T04:13:56.483,1,,3.25,5.0,9.99,5.13,,Holofoil,58/145,Holo Rare,Psychic,70,Basic,"[1] Filch
<br>Draw 2 cards.",None,None,1,"[1P] Copycat
<br>If your opponent's Pokemon used an attack that isn't a GX attack during their last turn, use it as this attack.",,
130966,Mimikyu,Mimikyu,https://tcgplayer-cdn.tcgplayer.com/product/130966_200w.jpg,3,1919,https://cpt.tcgcsv.com/lp32,2025-11-21T04:13:56.483,1,,3.6,5.43,10.0,5.29,,Reverse Holofoil,58/145,Holo Rare,Psychic,70,Basic,"[1] Filch
<br>Draw 2 cards.",None,None,1,"[1P] Copycat
<br>If your opponent's Pokemon used an attack that isn't a GX attack during their last turn, use it as this attack.",,
130967,Dhelmise,Dhelmise,https://tcgplayer-cdn.tcgplayer.com/product/130967_200w.jpg,3,1919,https://cpt.tcgcsv.com/mp32,2025-11-21T04:07:00.533,1,"<b>Ability — Steelworker</b>
<br>Your Metal Pokemon's attacks do 10 more damage to your opponent's Active Pokemon <em>(before apply Weakness and Resistance)</em>.",0.09,0.35,5.0,0.33,0.33,Holofoil,59/145,Holo Rare,Psychic,120,Basic,"[2P] Anchor Shot (70)
<br>The Defending Pokemon can't retreat during your opponent's next turn.",Mx2,F-20,2,,,
130967,Dhelmise,Dhelmise,https://tcgplayer-cdn.tcgplayer.com/product/130967_200w.jpg,3,1919,https://cpt.tcgcsv.com/mp32,2025-11-21T04:07:00.533,1,"<b>Ability — Steelworker</b>
<br>Your Metal Pokemon's attacks do 10 more damage to your opponent's Active Pokemon <em>(before apply Weakness and Resistance)</em>.",0.08,0.36,5.0,0.3,0.32,Reverse Holofoil,59/145,Holo Rare,Psychic,120,Basic,"[2P] Anchor Shot (70)
<br>The Defending Pokemon can't retreat during your opponent's next turn.",Mx2,F-20,2,,,
130968,Tapu Lele GX,Tapu Lele GX,https://tcgplayer-cdn.tcgplayer.com/product/130968_200w.jpg,3,1919,https://cpt.tcgcsv.com/np32,2025-11-21T04:16:51.887,1,"<strong>Ability — Wonder Tag</strong>
<br>When you play this Pokemon from your hand onto your Bench during your turn, you may search your deck for a Supporter card, reveal it, and put it into your hand. Then, shuffle your deck.",3.25,4.52,14.95,4.08,3.99,Holofoil,60/145,Ultra Rare,Psychic,170,Basic,"[2] Energy Drive (20x)
<br>This attack does 20 damage times the amount of Energy attached to both Active Pokemon. This damage isn't affect by Weakness or Resistance.",None,None,1,"<b><font color=""teal"">[P] Tapu Cure GX</b>
<br>Heal all damage from 2 of your Benched Pokemon. <i>(You can't use more than 1 GX attack in a game.)</i></font>",,
130969,Tapu Lele GX (Full Art),Tapu Lele GX Full Art,https://tcgplayer-cdn.tcgplayer.com/product/130969_200w.jpg,3,1919,https://cpt.tcgcsv.com/pp32,2022-12-04T01:04:29.003,1,"<b>Ability — Wonder Tag</b>
<br>When you play this Pokemon from your hand onto your Bench during your turn, you may search your deck for a Supporter card, reveal it, and put it into your hand. Then, shuffle your deck.",6.28,9.2,29.34,8.59,7.99,Holofoil,137/145,Ultra Rare,Psychic,170,Basic,"[2] Energy Drive (20x)
<br>This attack does 20 damage times the amount of Energy attached to both Active Pokemon. This damage isn't affect by Weakness or Resistance.",None,None,1,"<b><font color=""teal"">[P] Tapu Cure GX</b>
<br>Heal all damage from 2 of your Benched Pokemon. <i>(You can't use more than 1 GX attack in a game.)</i></font>",,
130970,Tapu Lele GX (Secret),Tapu Lele GX Secret,https://tcgplayer-cdn.tcgplayer.com/product/130970_200w.jpg,3,1919,https://cpt.tcgcsv.com/qp32,2024-06-07T15:29:16.763,1,"<b>Ability — Wonder Tag</b>
<br>When you play this Pokemon from your hand onto your Bench during your turn, you may search your deck for a Supporter card, reveal it, and put it into your hand. Then, shuffle your deck.",14.61,18.77,32.37,19.77,,Holofoil,155/145,Secret Rare,Psychic,170,Basic,"[2] Energy Drive (20x)
<br>This attack does 20 damage times the amount of Energy attached to both Active Pokemon. This damage isn't affect by Weakness or Resistance.",None,None,1,"<b><font color=""teal"">[P] Tapu Cure GX</b>
<br>Heal all damage from 2 of your Benched Pokemon. <i>(You can't use more than 1 GX attack in a game.)</i></font>",,
130971,Lunala,Lunala,https://tcgplayer-cdn.tcgplayer.com/product/130971_200w.jpg,3,1919,https://cpt.tcgcsv.com/rp32,2026-03-02T22:21:33.743,1,,0.15,0.4,1.5,0.45,0.27,Normal,61/145,Rare,Psychic,160,Basic,"[P] Shatter Shot (40x)
<br>This attack does 40 damage times the amount of Psychic Energy attached to this Pokemon.",Dx2,F-20,2,"[PPP] Wings of the Moone (130)
<br>Move all Energy from this Pokemon to your Benched Pokemon in any way you like.",,
130971,Lunala,Lunala,https://tcgplayer-cdn.tcgplayer.com/product/130971_200w.jpg,3,1919,https://cpt.tcgcsv.com/rp32,2026-03-02T22:21:33.743,1,,0.29,0.63,15.0,0.6,0.4,Reverse Holofoil,61/145,Rare,Psychic,160,Basic,"[P] Shatter Shot (40x)
<br>This attack does 40 damage times the amount of Psychic Energy attached to this Pokemon.",Dx2,F-20,2,"[PPP] Wings of the Moone (130)
<br>Move all Energy from this Pokemon to your Benched Pokemon in any way you like.",,
130972,Machop (62),Machop 62,https://tcgplayer-cdn.tcgplayer.com/product/130972_200w.jpg,3,1919,https://cpt.tcgcsv.com/sp32,2025-02-05T21:23:54.99,1,,0.01,0.17,4.0,0.12,,Normal,62/145,Common,Fighting,70,Basic,"[FF] Dual Chop (30x)
<br>Flip 2 coins. This attack does 30 damage for each heads.",Px2,None,2,,,
130972,Machop (62),Machop 62,https://tcgplayer-cdn.tcgplayer.com/product/130972_200w.jpg,3,1919,https://cpt.tcgcsv.com/sp32,2025-02-05T21:23:54.99,1,,0.06,0.3,2.0,0.27,,Reverse Holofoil,62/145,Common,Fighting,70,Basic,"[FF] Dual Chop (30x)
<br>Flip 2 coins. This attack does 30 damage for each heads.",Px2,None,2,,,
130973,Machop (63),Machop 63,https://tcgplayer-cdn.tcgplayer.com/product/130973_200w.jpg,3,1919,https://cpt.tcgcsv.com/tp32,2025-02-05T21:23:55.057,1,,0.03,0.17,1.49,0.16,,Normal,63/145,Common,Fighting,60,Basic,[1F] Dynamic Chop (50),Px2,None,2,,,
130973,Machop (63),Machop 63,https://tcgplayer-cdn.tcgplayer.com/product/130973_200w.jpg,3,1919,https://cpt.tcgcsv.com/tp32,2025-02-05T21:23:55.057,1,,0.1,0.3,2.39,0.29,,Reverse Holofoil,63/145,Common,Fighting,60,Basic,[1F] Dynamic Chop (50),Px2,None,2,,,
130974,Machoke,Machoke,https://tcgplayer-cdn.tcgplayer.com/product/130974_200w.jpg,3,1919,https://cpt.tcgcsv.com/vp32,2025-02-05T21:23:55.097,1,"<b>Ability — Daunting Pose</b>
<br>Prevent all damage done to your Benched Pokemon by your opponent's attacks. Your opponent's attacks and Abilities can't put damage counters on your Benched Pokemon.",0.07,0.23,4.0,0.19,,Normal,64/145,Uncommon,Fighting,100,Stage 1,"[FF] Cross Chop (30+)
<br>Flip a coin. If heads, this attack does 30 more damage.",Px2,None,3,,,
130974,Machoke,Machoke,https://tcgplayer-cdn.tcgplayer.com/product/130974_200w.jpg,3,1919,https://cpt.tcgcsv.com/vp32,2025-02-05T21:23:55.097,1,"<b>Ability — Daunting Pose</b>
<br>Prevent all damage done to your Benched Pokemon by your opponent's attacks. Your opponent's attacks and Abilities can't put damage counters on your Benched Pokemon.",0.15,0.49,1.5,0.47,,Reverse Holofoil,64/145,Uncommon,Fighting,100,Stage 1,"[FF] Cross Chop (30+)
<br>Flip a coin. If heads, this attack does 30 more damage.",Px2,None,3,,,
130975,Machamp,Machamp,https://tcgplayer-cdn.tcgplayer.com/product/130975_200w.jpg,3,1919,https://cpt.tcgcsv.com/wp32,2024-09-14T16:06:53.813,1,,0.25,0.46,2.99,0.46,,Holofoil,65/145,Holo Rare,Fighting,160,Stage 2,"[FF] Settle the Score (20+)
<br>This attack does 80 more damage for each Prize card your opponent took on their last turn.",Px2,None,3,"[FFF] Submission (150)
<br>This Pokemon does 30 damage to itself.",,
130975,Machamp,Machamp,https://tcgplayer-cdn.tcgplayer.com/product/130975_200w.jpg,3,1919,https://cpt.tcgcsv.com/wp32,2024-09-14T16:06:53.813,1,,0.35,0.65,2.99,0.65,,Reverse Holofoil,65/145,Holo Rare,Fighting,160,Stage 2,"[FF] Settle the Score (20+)
<br>This attack does 80 more damage for each Prize card your opponent took on their last turn.",Px2,None,3,"[FFF] Submission (150)
<br>This Pokemon does 30 damage to itself.",,
130976,Sudowoodo,Sudowoodo,https://tcgplayer-cdn.tcgplayer.com/product/130976_200w.jpg,3,1919,https://cpt.tcgcsv.com/xp32,2025-11-21T04:16:15.76,1,"<b>Ability — Roadblock</b>
<br>Your opponent can't have more than 4 Benched Pokemon. If they have 5 or more Benched Pokemon, they discard Benched Pokemon until they have 4 Pokemon on the Bench. If more than one effect changes the number of Benched Pokemon allowed, use the smaller number.",0.02,0.2,4.0,0.15,,Normal,66/145,Uncommon,Fighting,100,Basic,[1F] Rock Throw (40),Wx2,None,2,,,
130976,Sudowoodo,Sudowoodo,https://tcgplayer-cdn.tcgplayer.com/product/130976_200w.jpg,3,1919,https://cpt.tcgcsv.com/xp32,2025-11-21T04:16:15.76,1,"<b>Ability — Roadblock</b>
<br>Your opponent can't have more than 4 Benched Pokemon. If they have 5 or more Benched Pokemon, they discard Benched Pokemon until they have 4 Pokemon on the Bench. If more than one effect changes the number of Benched Pokemon allowed, use the smaller number.",0.11,0.35,99.99,0.32,0.26,Reverse Holofoil,66/145,Uncommon,Fighting,100,Basic,[1F] Rock Throw (40),Wx2,None,2,,,
130977,Gligar,Gligar,https://tcgplayer-cdn.tcgplayer.com/product/130977_200w.jpg,3,1919,https://cpt.tcgcsv.com/zp32,2026-02-10T13:48:23.157,1,,0.01,0.15,4.0,0.13,,Normal,67/145,Common,Fighting,70,Basic,"[F] Double Shot 
<br>This attack does 10 damage to 2 of your opponent's Benched Pokemon. <i>(Don't apply Weakness and Resistance for Benched Pokemon.)</i>",Gx2,None,1,,,
130977,Gligar,Gligar,https://tcgplayer-cdn.tcgplayer.com/product/130977_200w.jpg,3,1919,https://cpt.tcgcsv.com/zp32,2026-02-10T13:48:23.157,1,,0.13,0.29,2.29,0.27,0.26,Reverse Holofoil,67/145,Common,Fighting,70,Basic,"[F] Double Shot 
<br>This attack does 10 damage to 2 of your opponent's Benched Pokemon. <i>(Don't apply Weakness and Resistance for Benched Pokemon.)</i>",Gx2,None,1,,,
130978,Gliscor,Gliscor,https://tcgplayer-cdn.tcgplayer.com/product/130978_200w.jpg,3,1919,https://cpt.tcgcsv.com/Bp32,2026-02-16T15:42:50.88,1,,0.02,0.17,1.49,0.15,,Normal,68/145,Uncommon,Fighting,110,Stage 1,"[F] Finishing Stinger (70)
<br> If your opponent's Active Pokemon has no damage counters on it before this attack does damage, this attack does nothing.",Gx2,None,1,[2F] Guillotine (90),,
130978,Gliscor,Gliscor,https://tcgplayer-cdn.tcgplayer.com/product/130978_200w.jpg,3,1919,https://cpt.tcgcsv.com/Bp32,2026-02-16T15:42:50.88,1,,0.09,0.28,19.5,0.25,0.21,Reverse Holofoil,68/145,Uncommon,Fighting,110,Stage 1,"[F] Finishing Stinger (70)
<br> If your opponent's Active Pokemon has no damage counters on it before this attack does damage, this attack does nothing.",Gx2,None,1,[2F] Guillotine (90),,
130979,Nosepass,Nosepass,https://tcgplayer-cdn.tcgplayer.com/product/130979_200w.jpg,3,1919,https://cpt.tcgcsv.com/Cp32,2022-12-04T00:45:48.453,1,,0.01,0.21,19.5,0.2,0.1,Normal,69/145,Common,Fighting,80,Basic,[2] Ram (20),Gx2,None,3,"[2F] Rising Lunge (30+)
<br>Flip a coin. If heads, this attack does 30 more damage.",,
130979,Nosepass,Nosepass,https://tcgplayer-cdn.tcgplayer.com/product/130979_200w.jpg,3,1919,https://cpt.tcgcsv.com/Cp32,2022-12-04T00:45:48.453,1,,0.14,0.41,3.0,0.49,,Reverse Holofoil,69/145,Common,Fighting,80,Basic,[2] Ram (20),Gx2,None,3,"[2F] Rising Lunge (30+)
<br>Flip a coin. If heads, this attack does 30 more damage.",,
130980,Barboach,Barboach,https://tcgplayer-cdn.tcgplayer.com/product/130980_200w.jpg,3,1919,https://cpt.tcgcsv.com/Dp32,2022-12-04T00:45:39.723,1,,0.02,0.16,4.0,0.09,,Normal,70/145,Common,Fighting,60,Basic,[1] Hook (10),Gx2,None,2,[1F] Mud-Slap (20),,
130980,Barboach,Barboach,https://tcgplayer-cdn.tcgplayer.com/product/130980_200w.jpg,3,1919,https://cpt.tcgcsv.com/Dp32,2022-12-04T00:45:39.723,1,,0.09,0.26,2.25,0.26,,Reverse Holofoil,70/145,Common,Fighting,60,Basic,[1] Hook (10),Gx2,None,2,[1F] Mud-Slap (20),,
130981,Whiscash,Whiscash,https://tcgplayer-cdn.tcgplayer.com/product/130981_200w.jpg,3,1919,https://cpt.tcgcsv.com/Fp32,2025-02-05T21:23:55.207,1,,0.12,0.25,2.36,0.22,,Normal,71/145,Rare,Fighting,130,Stage 1,"[2F] Water Pulse (60)
<br>Your opponent's Active Pokemon is now Asleep.",Gx2,None,3,"[3F] Landslip (100x)
<br>Discard the top 3 cards of your deck. This attack does 100 damage for each Energy card you discarded this way.",,
130981,Whiscash,Whiscash,https://tcgplayer-cdn.tcgplayer.com/product/130981_200w.jpg,3,1919,https://cpt.tcgcsv.com/Fp32,2025-02-05T21:23:55.207,1,,0.15,0.35,2.0,0.32,0.3,Reverse Holofoil,71/145,Rare,Fighting,130,Stage 1,"[2F] Water Pulse (60)
<br>Your opponent's Active Pokemon is now Asleep.",Gx2,None,3,"[3F] Landslip (100x)
<br>Discard the top 3 cards of your deck. This attack does 100 damage for each Energy card you discarded this way.",,
130982,Pancham,Pancham,https://tcgplayer-cdn.tcgplayer.com/product/130982_200w.jpg,3,1919,https://cpt.tcgcsv.com/Gp32,2022-12-04T00:45:19.327,1,,0.02,0.18,19.5,0.18,0.1,Normal,72/145,Common,Fighting,60,Basic,"[FF] Karate Chop (60-)
<br>This attack does 10 damage for each damage counter on this Pokemon.",Px2,None,2,,,
130982,Pancham,Pancham,https://tcgplayer-cdn.tcgplayer.com/product/130982_200w.jpg,3,1919,https://cpt.tcgcsv.com/Gp32,2022-12-04T00:45:19.327,1,,0.14,0.3,1.54,0.26,0.25,Reverse Holofoil,72/145,Common,Fighting,60,Basic,"[FF] Karate Chop (60-)
<br>This attack does 10 damage for each damage counter on this Pokemon.",Px2,None,2,,,
130983,Rockruff,Rockruff,https://tcgplayer-cdn.tcgplayer.com/product/130983_200w.jpg,3,1919,https://cpt.tcgcsv.com/Hp32,2025-02-05T21:23:55.27,1,,0.03,0.16,4.0,0.12,,Normal,73/145,Common,Fighting,60,Basic,"[F] Corner
<br>The Defending Pokemon can't retreat during your opponent's next turn.",Gx2,None,1,"[2] Wild Kick (30)
<br>Flip a coin. If tails, this attack does nothing.",,
130983,Rockruff,Rockruff,https://tcgplayer-cdn.tcgplayer.com/product/130983_200w.jpg,3,1919,https://cpt.tcgcsv.com/Hp32,2025-02-05T21:23:55.27,1,,0.05,0.3,2.22,0.3,0.15,Reverse Holofoil,73/145,Common,Fighting,60,Basic,"[F] Corner
<br>The Defending Pokemon can't retreat during your opponent's next turn.",Gx2,None,1,"[2] Wild Kick (30)
<br>Flip a coin. If tails, this attack does nothing.",,
130984,Lycanroc GX,Lycanroc GX,https://tcgplayer-cdn.tcgplayer.com/product/130984_200w.jpg,3,1919,https://cpt.tcgcsv.com/Jp32,2025-11-20T21:17:10.883,1,"<b>Ability — Bloodthirsty Eyes</b>
<br>When you play this Pokemon from your hand to evolve 1 of your Pokemon during your turn, you may switch 1 of your opponent's Benched Pokemon with their Active Pokemon.",1.4,2.24,10.58,2.16,1.97,Holofoil,74/145,Ultra Rare,Fighting,200,Stage 1,[2F] Claw Slash (110),Gx2,None,2,"<b><font color=""teal"">[1F] Dangerous Rogue GX (50x)</b>
<br>This attack does 50 damage for each of your opponent's Benched Pokemon. <i>(You can't use more than 1 GX attack in a game.)</i></font>",,
130985,Lycanroc GX (Full Art),Lycanroc GX Full Art,https://tcgplayer-cdn.tcgplayer.com/product/130985_200w.jpg,3,1919,https://cpt.tcgcsv.com/Kp32,2025-11-25T20:44:49.84,1,"<b>Ability — Bloodthirsty Eyes</b>
<br>When you play this Pokemon from your hand to evolve 1 of your Pokemon during your turn, you may switch 1 of your opponent's Benched Pokemon with their Active Pokemon.",3.29,5.0,20.0,4.81,3.43,Holofoil,138/145,Ultra Rare,Fighting,200,Stage 1,[2F] Claw Slash (110),Gx2,None,2,"<b><font color=""teal"">[1F] Dangerous Rogue GX (50x)</b>
<br>This attack does 50 damage for each of your opponent's Benched Pokemon. <i>(You can't use more than 1 GX attack in a game.)</i></font>",,
130986,Lycanroc GX (Secret),Lycanroc GX Secret,https://tcgplayer-cdn.tcgplayer.com/product/130986_200w.jpg,3,1919,https://cpt.tcgcsv.com/Lp32,2025-11-21T04:13:24.033,1,"<b>Ability — Bloodthirsty Eyes</b>
<br>When you play this Pokemon from your hand to evolve 1 of your Pokemon during your turn, you may switch 1 of your opponent's Benched Pokemon with their Active Pokemon.",13.5,18.11,47.04,17.67,,Holofoil,156/145,Secret Rare,Fighting,200,Stage 1,[2F] Claw Slash (110),Gx2,None,2,"<b><font color=""teal"">[1F] Dangerous Rogue GX (50x)</b>
<br>This attack does 50 damage for each of your opponent's Benched Pokemon. <i>(You can't use more than 1 GX attack in a game.)</i></font>",,
130987,Mudbray,Mudbray,https://tcgplayer-cdn.tcgplayer.com/product/130987_200w.jpg,3,1919,https://cpt.tcgcsv.com/Mp32,2025-03-05T11:01:09.56,1,,0.02,0.15,19.5,0.09,0.09,Normal,75/145,Common,Fighting,80,Basic,"[FF] Double Kick (30x)
<br>Flip 2 coins. This attack does 30 damage for each heads.",Gx2,None,2,,,
130987,Mudbray,Mudbray,https://tcgplayer-cdn.tcgplayer.com/product/130987_200w.jpg,3,1919,https://cpt.tcgcsv.com/Mp32,2025-03-05T11:01:09.56,1,,0.09,0.29,19.5,0.26,0.03,Reverse Holofoil,75/145,Common,Fighting,80,Basic,"[FF] Double Kick (30x)
<br>Flip 2 coins. This attack does 30 damage for each heads.",Gx2,None,2,,,
130988,Mudsdale,Mudsdale,https://tcgplayer-cdn.tcgplayer.com/product/130988_200w.jpg,3,1919,https://cpt.tcgcsv.com/Np32,2023-07-10T10:30:35.587,1,,0.21,0.49,1.25,0.5,0.4,Holofoil,76/145,Holo Rare,Fighting,140,Stage 1,"[1FF] Enhanced Stomp (60+)
<br>If this Pokemon has a Pokemon Tool card attached to it, this attack does 60 more damage.",Gx2,None,4,"[1FFF] High Horsepower (180)
<br>This Pokemon does 40 damage to itself.",,
130988,Mudsdale,Mudsdale,https://tcgplayer-cdn.tcgplayer.com/product/130988_200w.jpg,3,1919,https://cpt.tcgcsv.com/Np32,2023-07-10T10:30:35.587,1,,0.19,0.35,19.5,0.31,0.25,Reverse Holofoil,76/145,Holo Rare,Fighting,140,Stage 1,"[1FF] Enhanced Stomp (60+)
<br>If this Pokemon has a Pokemon Tool card attached to it, this attack does 60 more damage.",Gx2,None,4,"[1FFF] High Horsepower (180)
<br>This Pokemon does 40 damage to itself.",,
130989,Minior,Minior,https://tcgplayer-cdn.tcgplayer.com/product/130989_200w.jpg,3,1919,https://cpt.tcgcsv.com/Pp32,2022-12-04T00:53:01.5,1,,0.2,0.5,2.0,0.54,0.66,Holofoil,77/145,Holo Rare,Fighting,70,Basic,"[1] Swift (20)
<br>This attack's damage isn't affected by Weakness, Resistance, or any other effects on your opponent's Active Pokemon.",Lx2,F-20,1,"[FFF] Cosmicsplosion (190)
<br>This Pokemon is Knocked Out.",,
130989,Minior,Minior,https://tcgplayer-cdn.tcgplayer.com/product/130989_200w.jpg,3,1919,https://cpt.tcgcsv.com/Pp32,2022-12-04T00:53:01.5,1,,0.15,0.51,2.0,0.49,0.66,Reverse Holofoil,77/145,Holo Rare,Fighting,70,Basic,"[1] Swift (20)
<br>This attack's damage isn't affected by Weakness, Resistance, or any other effects on your opponent's Active Pokemon.",Lx2,F-20,1,"[FFF] Cosmicsplosion (190)
<br>This Pokemon is Knocked Out.",,
130990,Murkrow,Murkrow,https://tcgplayer-cdn.tcgplayer.com/product/130990_200w.jpg,3,1919,https://cpt.tcgcsv.com/Qp32,2025-11-25T19:18:47.033,1,,0.01,0.2,19.5,0.18,0.1,Normal,78/145,Common,Darkness,70,Basic,"[D] Whirlwind (10)
<br>Your opponent switches their Active Pokemon with 1 of their Benched Pokemon.",Lx2,F-20,1,,,
130990,Murkrow,Murkrow,https://tcgplayer-cdn.tcgplayer.com/product/130990_200w.jpg,3,1919,https://cpt.tcgcsv.com/Qp32,2025-11-25T19:18:47.033,1,,0.01,0.35,2.99,0.32,,Reverse Holofoil,78/145,Common,Darkness,70,Basic,"[D] Whirlwind (10)
<br>Your opponent switches their Active Pokemon with 1 of their Benched Pokemon.",Lx2,F-20,1,,,
130991,Honchkrow,Honchkrow,https://tcgplayer-cdn.tcgplayer.com/product/130991_200w.jpg,3,1919,https://cpt.tcgcsv.com/Rp32,2025-02-05T21:23:55.363,1,,0.05,0.25,19.5,0.25,0.2,Normal,79/145,Rare,Darkness,110,Stage 1,"[D] Feint Attack 
<br>This attack does 30 damage to 1 of your opponent's Pokemon. This damage isn't affected by Weakness, Resistance, or any other effects on that Pokemon.",Lx2,F-20,1,"[2] Raven's Claw (10+)
<br>This attack does 10 more damage for each damage counter on all of your opponent's Pokemon.",,
130991,Honchkrow,Honchkrow,https://tcgplayer-cdn.tcgplayer.com/product/130991_200w.jpg,3,1919,https://cpt.tcgcsv.com/Rp32,2025-02-05T21:23:55.363,1,,0.2,0.44,2.49,0.44,0.35,Reverse Holofoil,79/145,Rare,Darkness,110,Stage 1,"[D] Feint Attack 
<br>This attack does 30 damage to 1 of your opponent's Pokemon. This damage isn't affected by Weakness, Resistance, or any other effects on that Pokemon.",Lx2,F-20,1,"[2] Raven's Claw (10+)
<br>This attack does 10 more damage for each damage counter on all of your opponent's Pokemon.",,
130992,Sableye,Sableye,https://tcgplayer-cdn.tcgplayer.com/product/130992_200w.jpg,3,1919,https://cpt.tcgcsv.com/Sp32,2025-02-05T21:23:55.42,1,,0.07,0.22,1.49,0.17,,Normal,80/145,Uncommon,Darkness,60,Basic,"[D] Limitation
<br>Your opponent can't play any Supporter cards from their hand during their next turn.",None,None,1,[1] Scratch (10),,
130992,Sableye,Sableye,https://tcgplayer-cdn.tcgplayer.com/product/130992_200w.jpg,3,1919,https://cpt.tcgcsv.com/Sp32,2025-02-05T21:23:55.42,1,,0.09,0.38,5.99,0.33,,Reverse Holofoil,80/145,Uncommon,Darkness,60,Basic,"[D] Limitation
<br>Your opponent can't play any Supporter cards from their hand during their next turn.",None,None,1,[1] Scratch (10),,
130993,Absol,Absol,https://tcgplayer-cdn.tcgplayer.com/product/130993_200w.jpg,3,1919,https://cpt.tcgcsv.com/Tp32,2025-11-21T04:05:47.103,1,,0.3,0.73,2.79,0.76,,Holofoil,81/145,Holo Rare,Darkness,100,Basic,"[D] Future Sight
<br>Look at the top 4 cards of either player's deck and put them back in any order.",Fx2,P-20,1,"[1D] Doom News
<br>Put all Energy attached to this Pokemon into your hand. At the end of your opponent's next turn, the Defending Pokemon will be Knocked Out.",,
130993,Absol,Absol,https://tcgplayer-cdn.tcgplayer.com/product/130993_200w.jpg,3,1919,https://cpt.tcgcsv.com/Tp32,2025-11-21T04:05:47.103,1,,0.15,0.88,3.19,1.0,,Reverse Holofoil,81/145,Holo Rare,Darkness,100,Basic,"[D] Future Sight
<br>Look at the top 4 cards of either player's deck and put them back in any order.",Fx2,P-20,1,"[1D] Doom News
<br>Put all Energy attached to this Pokemon into your hand. At the end of your opponent's next turn, the Defending Pokemon will be Knocked Out.",,
130994,Pangoro,Pangoro,https://tcgplayer-cdn.tcgplayer.com/product/130994_200w.jpg,3,1919,https://cpt.tcgcsv.com/Vp32,2025-02-05T21:23:55.547,1,,0.09,0.25,50.0,0.21,,Normal,82/145,Rare,Darkness,130,Stage 1,"[2D] Sky Uppercut (70)
<br>This attack's damage isn't affected by Resistance.",Fx2,P-20,3,[3D] Magnum Punch (130),,
130994,Pangoro,Pangoro,https://tcgplayer-cdn.tcgplayer.com/product/130994_200w.jpg,3,1919,https://cpt.tcgcsv.com/Vp32,2025-02-05T21:23:55.547,1,,0.14,0.34,2.0,0.32,,Reverse Holofoil,82/145,Rare,Darkness,130,Stage 1,"[2D] Sky Uppercut (70)
<br>This attack's damage isn't affected by Resistance.",Fx2,P-20,3,[3D] Magnum Punch (130),,
130995,Beldum,Beldum,https://tcgplayer-cdn.tcgplayer.com/product/130995_200w.jpg,3,1919,https://cpt.tcgcsv.com/Wp32,2022-12-04T00:52:02.213,1,,0.01,0.16,4.0,0.15,0.1,Normal,83/145,Common,Metal,60,Basic,"[M] Core Beam (20)
<br>Discard a Metal Energy from this Pokemon.",Rx2,P-20,1,,,
130995,Beldum,Beldum,https://tcgplayer-cdn.tcgplayer.com/product/130995_200w.jpg,3,1919,https://cpt.tcgcsv.com/Wp32,2022-12-04T00:52:02.213,1,,0.17,0.33,2.35,0.33,,Reverse Holofoil,83/145,Common,Metal,60,Basic,"[M] Core Beam (20)
<br>Discard a Metal Energy from this Pokemon.",Rx2,P-20,1,,,
130996,Metang,Metang,https://tcgplayer-cdn.tcgplayer.com/product/130996_200w.jpg,3,1919,https://cpt.tcgcsv.com/Xp32,2025-02-05T21:23:55.593,1,,0.04,0.2,4.0,0.15,,Normal,84/145,Uncommon,Metal,90,Stage 1,[1] Ram (20),Rx2,P-20,3,"[1MM] Core Beam (80)
<br>Discard a Metal Energy from this Pokemon.",,
130996,Metang,Metang,https://tcgplayer-cdn.tcgplayer.com/product/130996_200w.jpg,3,1919,https://cpt.tcgcsv.com/Xp32,2025-02-05T21:23:55.593,1,,0.15,0.32,2.0,0.3,,Reverse Holofoil,84/145,Uncommon,Metal,90,Stage 1,[1] Ram (20),Rx2,P-20,3,"[1MM] Core Beam (80)
<br>Discard a Metal Energy from this Pokemon.",,
130997,Metagross GX,Metagross GX,https://tcgplayer-cdn.tcgplayer.com/product/130997_200w.jpg,3,1919,https://cpt.tcgcsv.com/Zp32,2023-06-30T18:23:22.03,1,"<b>Ability — Geotech System</b>
<br>Once during your turn <em>(before your attack)</em>, you may attach a Psychic or Metal Energy card from your discard pile to your Active Pokemon.",1.98,2.5,6.0,2.42,,Holofoil,85/145,Ultra Rare,Metal,250,Stage 2,"[1MM] Giga Hammer (150)
<br>This Pokemon can't use Giga Hammer during your next turn.",Rx2,P-20,3,"<b><font color=""teal"">[1] Algorithm GX</b>
<br>Search your deck for up to 5 cards and put them into your hand. Then, shuffle your deck. <i>(You can't use more than 1 GX attack in a game.)</i></font>",,
130998,Metagross GX (Full Art),Metagross GX Full Art,https://tcgplayer-cdn.tcgplayer.com/product/130998_200w.jpg,3,1919,https://cpt.tcgcsv.com/-p32,2022-12-04T01:04:09.33,1,"<b>Ability — Geotech System</b>
<br>Once during your turn <em>(before your attack)</em>, you may attach a Psychic or Metal Energy card from your discard pile to your Active Pokemon.",4.88,8.5,96.95,7.7,8.86,Holofoil,139/145,Ultra Rare,Metal,250,Stage 2,"[1MM] Giga Hammer (150)
<br>This Pokemon can't use Giga Hammer during your next turn.",Rx2,P-20,3,"<b><font color=""teal"">[1] Algorithm GX</b>
<br>Search your deck for up to 5 cards and put them into your hand. Then, shuffle your deck. <i>(You can't use more than 1 GX attack in a game.)</i></font>",,
130999,Metagross GX (Secret),Metagross GX Secret,https://tcgplayer-cdn.tcgplayer.com/product/130999_200w.jpg,3,1919,https://cpt.tcgcsv.com/_p32,2024-06-07T15:03:35.833,1,"<b>Ability — Geotech System</b>
<br>Once during your turn <em>(before your attack)</em>, you may attach a Psychic or Metal Energy card from your discard pile to your Active Pokemon.",25.9,32.02,74.99,26.26,,Holofoil,157/145,Secret Rare,Metal,250,Stage 2,"[1MM] Giga Hammer (150)
<br>This Pokemon can't use Giga Hammer during your next turn.",Rx2,P-20,3,"<b><font color=""teal"">[1] Algorithm GX</b>
<br>Search your deck for up to 5 cards and put them into your hand. Then, shuffle your deck. <i>(You can't use more than 1 GX attack in a game.)</i></font>",,
131000,Probopass,Probopass,https://tcgplayer-cdn.tcgplayer.com/product/131000_200w.jpg,3,1919,https://cpt.tcgcsv.com/0q32,2025-02-05T21:23:55.67,1,,0.08,0.25,1.49,0.23,0.23,Normal,86/145,Rare,Metal,130,Stage 1,"[M] Energy Link (30)
<br>Attach an Energy card from your discard pile to this Pokemon.",Rx2,P-20,4,[4] Power Gem (120),,
131000,Probopass,Probopass,https://tcgplayer-cdn.tcgplayer.com/product/131000_200w.jpg,3,1919,https://cpt.tcgcsv.com/0q32,2025-02-05T21:23:55.67,1,,0.13,0.31,1.99,0.25,,Reverse Holofoil,86/145,Rare,Metal,130,Stage 1,"[M] Energy Link (30)
<br>Attach an Energy card from your discard pile to this Pokemon.",Rx2,P-20,4,[4] Power Gem (120),,
131001,Solgaleo,Solgaleo,https://tcgplayer-cdn.tcgplayer.com/product/131001_200w.jpg,3,1919,https://cpt.tcgcsv.com/2q32,2022-12-04T00:51:27.21,1,,0.09,0.43,1.49,0.44,,Normal,87/145,Rare,Metal,160,Basic,"[1M] Shining Arrow
<br>This attack does 50 damage to 1 of your opponent's Pokemon. <i>(Don't apply Weakness and Resistance for Benched Pokemon.)</i>",Rx2,P-20,3,"[1MM] Fangs of the Sunne (170)
<br>This Pokemon can't use Fangs of the Sunne during your next turn.",,
131001,Solgaleo,Solgaleo,https://tcgplayer-cdn.tcgplayer.com/product/131001_200w.jpg,3,1919,https://cpt.tcgcsv.com/2q32,2022-12-04T00:51:27.21,1,,0.24,0.63,4.99,0.58,0.69,Reverse Holofoil,87/145,Rare,Metal,160,Basic,"[1M] Shining Arrow
<br>This attack does 50 damage to 1 of your opponent's Pokemon. <i>(Don't apply Weakness and Resistance for Benched Pokemon.)</i>",Rx2,P-20,3,"[1MM] Fangs of the Sunne (170)
<br>This Pokemon can't use Fangs of the Sunne during your next turn.",,
131002,Clefairy,Clefairy,https://tcgplayer-cdn.tcgplayer.com/product/131002_200w.jpg,3,1919,https://cpt.tcgcsv.com/3q32,2025-02-05T21:23:55.733,1,,0.07,0.25,4.0,0.23,,Normal,88/145,Common,Fairy,60,Basic,[Y] Slap (10),Mx2,D-20,1,"[2] Follow Me
<br>Switch 1 of your opponent's Benched Pokemon with their Active Pokemon.",,
131002,Clefairy,Clefairy,https://tcgplayer-cdn.tcgplayer.com/product/131002_200w.jpg,3,1919,https://cpt.tcgcsv.com/3q32,2025-02-05T21:23:55.733,1,,0.2,0.51,4.0,0.51,,Reverse Holofoil,88/145,Common,Fairy,60,Basic,[Y] Slap (10),Mx2,D-20,1,"[2] Follow Me
<br>Switch 1 of your opponent's Benched Pokemon with their Active Pokemon.",,
131003,Clefable,Clefable,https://tcgplayer-cdn.tcgplayer.com/product/131003_200w.jpg,3,1919,https://cpt.tcgcsv.com/5q32,2022-12-04T00:51:07.423,1,,0.07,0.26,19.5,0.27,0.2,Normal,89/145,Uncommon,Fairy,100,Stage 1,"[1] Lullaby (20)
<br>Your opponent's Active Pokemon is now Asleep.",Mx2,D-20,1,"[2Y] Meteor Mash (60)
<br>During your next turn, this Pokemon's Meteor Mash attack does 60 more damage <i>(before applying Weakness and Resistance)</i>.",,
131003,Clefable,Clefable,https://tcgplayer-cdn.tcgplayer.com/product/131003_200w.jpg,3,1919,https://cpt.tcgcsv.com/5q32,2022-12-04T00:51:07.423,1,,0.2,0.41,2.95,0.42,,Reverse Holofoil,89/145,Uncommon,Fairy,100,Stage 1,"[1] Lullaby (20)
<br>Your opponent's Active Pokemon is now Asleep.",Mx2,D-20,1,"[2Y] Meteor Mash (60)
<br>During your next turn, this Pokemon's Meteor Mash attack does 60 more damage <i>(before applying Weakness and Resistance)</i>.",,
131004,Cottonee,Cottonee,https://tcgplayer-cdn.tcgplayer.com/product/131004_200w.jpg,3,1919,https://cpt.tcgcsv.com/6q32,2025-02-05T21:23:55.827,1,,0.03,0.22,4.0,0.22,,Normal,90/145,Common,Fairy,50,Basic,"[1] Continuous Tumble (10x)
<br>Flip a coin until you get tails. This attack does 10 damage for each heads.",Mx2,D-20,1,,,
131004,Cottonee,Cottonee,https://tcgplayer-cdn.tcgplayer.com/product/131004_200w.jpg,3,1919,https://cpt.tcgcsv.com/6q32,2025-02-05T21:23:55.827,1,,0.15,0.37,2.75,0.31,,Reverse Holofoil,90/145,Common,Fairy,50,Basic,"[1] Continuous Tumble (10x)
<br>Flip a coin until you get tails. This attack does 10 damage for each heads.",Mx2,D-20,1,,,
131005,Whimsicott,Whimsicott,https://tcgplayer-cdn.tcgplayer.com/product/131005_200w.jpg,3,1919,https://cpt.tcgcsv.com/7q32,2025-02-05T21:23:56.06,1,,0.07,0.24,4.0,0.22,,Normal,91/145,Uncommon,Fairy,80,Stage 1,"[1] The Wages of Fluff
<br>If the Defending Pokemon is Knocked Out during your next turn, take 2 more Prize cards.",Mx2,D-20,0,[Y] Fairy Wind (30),,
131005,Whimsicott,Whimsicott,https://tcgplayer-cdn.tcgplayer.com/product/131005_200w.jpg,3,1919,https://cpt.tcgcsv.com/7q32,2025-02-05T21:23:56.06,1,,0.09,0.33,2.0,0.32,,Reverse Holofoil,91/145,Uncommon,Fairy,80,Stage 1,"[1] The Wages of Fluff
<br>If the Defending Pokemon is Knocked Out during your next turn, take 2 more Prize cards.",Mx2,D-20,0,[Y] Fairy Wind (30),,
131006,Sylveon GX,Sylveon GX,https://tcgplayer-cdn.tcgplayer.com/product/131006_200w.jpg,3,1919,https://cpt.tcgcsv.com/8q32,2026-01-29T19:00:28.127,1,,15.89,20.22,96.95,22.14,96.95,Holofoil,92/145,Ultra Rare,Fairy,200,Stage 1,"[Y] Magical Ribbon
<br>Search your deck for up to 3 cards and put them into your hand. Then shuffle your deck.",Mx2,D-20,2,[2Y] Fairy Wind (110),"<b><font color=""teal"">[2Y] Plea GX</b>
<br>Put 2 of your opponent's Benched Pokemon and all cards attached to them into your opponent's hand. <i>(You can't use more than 1 GX attack in a game.)</i></font>",
131007,Sylveon GX (Full Art),Sylveon GX Full Art,https://tcgplayer-cdn.tcgplayer.com/product/131007_200w.jpg,3,1919,https://cpt.tcgcsv.com/9q32,2022-12-14T15:25:26.87,1,,38.99,49.99,73.95,48.31,,Holofoil,140/145,Ultra Rare,Fairy,200,Stage 1,"[Y] Magical Ribbon
<br>Search your deck for up to 3 cards and put them into your hand. Then shuffle your deck.",Mx2,D-20,2,[2Y] Fairy Wind (110),"<b><font color=""teal"">[2Y] Plea GX</b>
<br>Put 2 of your opponent's Benched Pokemon and all cards attached to them into your opponent's hand. <i>(You can't use more than 1 GX attack in a game.)</i></font>",
131008,Sylveon GX (Secret),Sylveon GX Secret,https://tcgplayer-cdn.tcgplayer.com/product/131008_200w.jpg,3,1919,https://cpt.tcgcsv.com/bq32,2022-12-04T01:11:10.55,1,,95.0,140.14,279.99,128.63,249.69,Holofoil,158/145,Secret Rare,Fairy,200,Stage 1,"[Y] Magical Ribbon
<br>Search your deck for up to 3 cards and put them into your hand. Then shuffle your deck.",Mx2,D-20,2,[2Y] Fairy Wind (110),"<b><font color=""teal"">[2Y] Plea GX</b>
<br>Put 2 of your opponent's Benched Pokemon and all cards attached to them into your opponent's hand. <i>(You can't use more than 1 GX attack in a game.)</i></font>",
131009,Comfey,Comfey,https://tcgplayer-cdn.tcgplayer.com/product/131009_200w.jpg,3,1919,https://cpt.tcgcsv.com/cq32,2025-11-21T04:06:31.837,1,"<b>Ability — Flower Shield</b>
<br>Each of your Pokemon that has any Fairy Energy attached to it can't be affected by any Special Conditions. Remove any Special Conditions affecting those Pokemon.",0.44,0.88,3.0,0.87,0.89,Holofoil,93/145,Holo Rare,Fairy,70,Basic,"[1Y] Sweet Kiss (30)
<br>Your opponent draws a card.",Mx2,D-20,1,,,
131009,Comfey,Comfey,https://tcgplayer-cdn.tcgplayer.com/product/131009_200w.jpg,3,1919,https://cpt.tcgcsv.com/cq32,2025-11-21T04:06:31.837,1,"<b>Ability — Flower Shield</b>
<br>Each of your Pokemon that has any Fairy Energy attached to it can't be affected by any Special Conditions. Remove any Special Conditions affecting those Pokemon.",0.35,0.75,2.0,0.74,,Reverse Holofoil,93/145,Holo Rare,Fairy,70,Basic,"[1Y] Sweet Kiss (30)
<br>Your opponent draws a card.",Mx2,D-20,1,,,
131010,Goomy,Goomy,https://tcgplayer-cdn.tcgplayer.com/product/131010_200w.jpg,3,1919,https://cpt.tcgcsv.com/dq32,2025-11-21T04:09:51.763,1,,0.08,0.37,4.0,0.38,,Normal,94/145,Common,Dragon,50,Basic,"[1] Bubble
<br>Flip a coin. If heads, your opponent's Active Pokemon is now Paralyzed.",Yx2,None,1,[WY] Tackle (20),,
131010,Goomy,Goomy,https://tcgplayer-cdn.tcgplayer.com/product/131010_200w.jpg,3,1919,https://cpt.tcgcsv.com/dq32,2025-11-21T04:09:51.763,1,,0.62,1.0,10.0,0.87,0.68,Reverse Holofoil,94/145,Common,Dragon,50,Basic,"[1] Bubble
<br>Flip a coin. If heads, your opponent's Active Pokemon is now Paralyzed.",Yx2,None,1,[WY] Tackle (20),,
131011,Sliggoo,Sliggoo,https://tcgplayer-cdn.tcgplayer.com/product/131011_200w.jpg,3,1919,https://cpt.tcgcsv.com/fq32,2022-12-04T00:50:10.15,1,,0.06,0.26,4.0,0.24,0.24,Normal,95/145,Uncommon,Dragon,70,Stage 1,"[1] Division
<br>Search your deck for up to 2 Sliggoo and put them onto your Bench. Then, shuffle your deck.",Yx2,None,3,[WY] Tackle (20),,
131011,Sliggoo,Sliggoo,https://tcgplayer-cdn.tcgplayer.com/product/131011_200w.jpg,3,1919,https://cpt.tcgcsv.com/fq32,2022-12-04T00:50:10.15,1,,0.3,0.5,1.96,0.5,,Reverse Holofoil,95/145,Uncommon,Dragon,70,Stage 1,"[1] Division
<br>Search your deck for up to 2 Sliggoo and put them onto your Bench. Then, shuffle your deck.",Yx2,None,3,[WY] Tackle (20),,
131012,Goodra,Goodra,https://tcgplayer-cdn.tcgplayer.com/product/131012_200w.jpg,3,1919,https://cpt.tcgcsv.com/gq32,2026-02-24T18:52:15.563,1,,0.22,0.48,3.0,0.45,,Holofoil,96/145,Holo Rare,Dragon,160,Stage 2,"[1] Power Whip
<br>This attack does 20 damage times the amount of Energy attached to this Pokemon to 1 of your opponent's Pokemon. <i>(Don't apply Weakness and Resistance for Benched Pokemon.)</i>",Yx2,None,3,"[1WY] Beat Slider (130)
<br>Your opponent switches their Active Pokemon with 1 of their Benched Pokemon.",,
131012,Goodra,Goodra,https://tcgplayer-cdn.tcgplayer.com/product/131012_200w.jpg,3,1919,https://cpt.tcgcsv.com/gq32,2026-02-24T18:52:15.563,1,,0.19,0.59,2.79,0.58,0.75,Reverse Holofoil,96/145,Holo Rare,Dragon,160,Stage 2,"[1] Power Whip
<br>This attack does 20 damage times the amount of Energy attached to this Pokemon to 1 of your opponent's Pokemon. <i>(Don't apply Weakness and Resistance for Benched Pokemon.)</i>",Yx2,None,3,"[1WY] Beat Slider (130)
<br>Your opponent switches their Active Pokemon with 1 of their Benched Pokemon.",,
131013,Drampa,Drampa,https://tcgplayer-cdn.tcgplayer.com/product/131013_200w.jpg,3,1919,https://cpt.tcgcsv.com/hq32,2023-02-28T08:56:19.17,1,,0.15,0.44,2.47,0.39,,Holofoil,97/145,Holo Rare,Dragon,120,Basic,"[1] Amass
<br>Search your deck for a basic Energy card and attach it to this Pokemon. Then, shuffle your deck.",Yx2,None,2,"[3] Power Cyclone (80)
<br>Move an Energy from this Pokemon to 1 of your Benched Pokemon.",,
131013,Drampa,Drampa,https://tcgplayer-cdn.tcgplayer.com/product/131013_200w.jpg,3,1919,https://cpt.tcgcsv.com/hq32,2023-02-28T08:56:19.17,1,,0.09,0.37,2.39,0.34,0.33,Reverse Holofoil,97/145,Holo Rare,Dragon,120,Basic,"[1] Amass
<br>Search your deck for a basic Energy card and attach it to this Pokemon. Then, shuffle your deck.",Yx2,None,2,"[3] Power Cyclone (80)
<br>Move an Energy from this Pokemon to 1 of your Benched Pokemon.",,
131014,Jangmo-o,Jangmo o,https://tcgplayer-cdn.tcgplayer.com/product/131014_200w.jpg,3,1919,https://cpt.tcgcsv.com/jq32,2026-03-09T14:43:34.77,1,"<b>Ability — Bulletproof</b>
<br>This Pokemon takes 10 less damage from attacks <em>(after applying Weakness and Resistance)</em>.",0.04,0.2,4.0,0.15,0.15,Normal,98/145,Common,Dragon,60,Basic,[LF] Dragon Claw (30),Yx2,None,2,,,
131014,Jangmo-o,Jangmo o,https://tcgplayer-cdn.tcgplayer.com/product/131014_200w.jpg,3,1919,https://cpt.tcgcsv.com/jq32,2026-03-09T14:43:34.77,1,"<b>Ability — Bulletproof</b>
<br>This Pokemon takes 10 less damage from attacks <em>(after applying Weakness and Resistance)</em>.",0.07,0.29,4.0,0.29,0.26,Reverse Holofoil,98/145,Common,Dragon,60,Basic,[LF] Dragon Claw (30),Yx2,None,2,,,
131015,Hakamo-o,Hakamo o,https://tcgplayer-cdn.tcgplayer.com/product/131015_200w.jpg,3,1919,https://cpt.tcgcsv.com/kq32,2022-12-04T00:49:30.32,1,,0.02,0.22,5.03,0.22,,Normal,99/145,Uncommon,Dragon,90,Stage 1,[1] Headbutt (30),Yx2,None,2,[1LF] Dragon Claw (80),,
131015,Hakamo-o,Hakamo o,https://tcgplayer-cdn.tcgplayer.com/product/131015_200w.jpg,3,1919,https://cpt.tcgcsv.com/kq32,2022-12-04T00:49:30.32,1,,0.1,0.6,2.5,0.63,,Reverse Holofoil,99/145,Uncommon,Dragon,90,Stage 1,[1] Headbutt (30),Yx2,None,2,[1LF] Dragon Claw (80),,
131016,Kommo-o GX,Kommo o GX,https://tcgplayer-cdn.tcgplayer.com/product/131016_200w.jpg,3,1919,https://cpt.tcgcsv.com/lq32,2026-02-16T15:46:20.69,1,,1.96,3.55,96.95,3.56,4.97,Holofoil,100/145,Ultra Rare,Dragon,240,Stage 2,"[1] Adamantine Press (30)
<br>During your opponent's next turn, this Pokemon takes 30 less damage from attacks <i>(after applying Weakness and Resistance)</i>.",Yx2,None,2,"[2LF] Shred (130)
<br>This attack's damage isn't affected by any effects on your opponent's Active Pokemon.","<b><font color=""teal"">[2LF] Ultra Uppercut GX (240)</b>
<br><i>(You can't use more than 1 GX attack in a game.)</i></font>",
131017,Kommo-o GX (Full Art),Kommo o GX Full Art,https://tcgplayer-cdn.tcgplayer.com/product/131017_200w.jpg,3,1919,https://cpt.tcgcsv.com/mq32,2022-12-04T01:03:32.407,1,,3.05,5.12,145.41,5.12,4.99,Holofoil,141/145,Ultra Rare,Dragon,240,Stage 2,"[1] Adamantine Press (30)
<br>During your opponent's next turn, this Pokemon takes 30 less damage from attacks <i>(after applying Weakness and Resistance)</i>.",Yx2,None,2,"[2LF] Shred (130)
<br>This attack's damage isn't affected by any effects on your opponent's Active Pokemon.","<b><font color=""teal"">[2LF] Ultra Uppercut GX (240)</b>
<br><i>(You can't use more than 1 GX attack in a game.)</i></font>",
131018,Kommo-o GX (Secret),Kommo o GX Secret,https://tcgplayer-cdn.tcgplayer.com/product/131018_200w.jpg,3,1919,https://cpt.tcgcsv.com/nq32,2022-12-04T01:11:27.58,1,,13.5,17.39,110.0,16.48,,Holofoil,159/145,Secret Rare,Dragon,240,Stage 2,"[1] Adamantine Press (30)
<br>During your opponent's next turn, this Pokemon takes 30 less damage from attacks <i>(after applying Weakness and Resistance)</i>.",Yx2,None,2,"[2LF] Shred (130)
<br>This attack's damage isn't affected by any effects on your opponent's Active Pokemon.","<b><font color=""teal"">[2LF] Ultra Uppercut GX (240)</b>
<br><i>(You can't use more than 1 GX attack in a game.)</i></font>",
131019,Chansey,Chansey,https://tcgplayer-cdn.tcgplayer.com/product/131019_200w.jpg,3,1919,https://cpt.tcgcsv.com/pq32,2025-02-05T21:23:56.24,1,,0.02,0.21,4.0,0.21,,Normal,101/145,Common,Colorless,110,Basic,"[2] Bind Wound
<br>Flip a coin. If heads, heal 30 damage from 1 of your Pokemon.",Fx2,None,2,[4] Hammer In (80),,
131019,Chansey,Chansey,https://tcgplayer-cdn.tcgplayer.com/product/131019_200w.jpg,3,1919,https://cpt.tcgcsv.com/pq32,2025-02-05T21:23:56.24,1,,0.09,0.4,2.5,0.39,,Reverse Holofoil,101/145,Common,Colorless,110,Basic,"[2] Bind Wound
<br>Flip a coin. If heads, heal 30 damage from 1 of your Pokemon.",Fx2,None,2,[4] Hammer In (80),,
131020,Blissey,Blissey,https://tcgplayer-cdn.tcgplayer.com/product/131020_200w.jpg,3,1919,https://cpt.tcgcsv.com/qq32,2022-12-04T01:00:21.253,1,"<b>Ability — Fresh Egg</b>
<br>When you play this Pokemon from your hand to evolve 1 of your Pokemon during your turn, you may heal 80 damage from your Active Pokemon.",0.15,0.92,25.0,0.85,,Holofoil,102/145,Holo Rare,Colorless,160,Stage 1,"[4] Double-Edge (160)
<br>This Pokemon does 80 damage to itself.",Fx2,None,4,,,
131020,Blissey,Blissey,https://tcgplayer-cdn.tcgplayer.com/product/131020_200w.jpg,3,1919,https://cpt.tcgcsv.com/qq32,2022-12-04T01:00:21.253,1,"<b>Ability — Fresh Egg</b>
<br>When you play this Pokemon from your hand to evolve 1 of your Pokemon during your turn, you may heal 80 damage from your Active Pokemon.",0.41,0.94,96.94,0.92,96.94,Reverse Holofoil,102/145,Holo Rare,Colorless,160,Stage 1,"[4] Double-Edge (160)
<br>This Pokemon does 80 damage to itself.",Fx2,None,4,,,
131021,Taillow,Taillow,https://tcgplayer-cdn.tcgplayer.com/product/131021_200w.jpg,3,1919,https://cpt.tcgcsv.com/rq32,2022-12-04T01:00:08.407,1,,0.02,0.15,1.49,0.13,,Normal,103/145,Common,Colorless,60,Basic,"[1] Reckless Charge (20)
<br>This Pokemon does 10 damage to itself.",Lx2,F-20,1,,,
131021,Taillow,Taillow,https://tcgplayer-cdn.tcgplayer.com/product/131021_200w.jpg,3,1919,https://cpt.tcgcsv.com/rq32,2022-12-04T01:00:08.407,1,,0.18,0.31,2.37,0.28,,Reverse Holofoil,103/145,Common,Colorless,60,Basic,"[1] Reckless Charge (20)
<br>This Pokemon does 10 damage to itself.",Lx2,F-20,1,,,
131022,Swellow,Swellow,https://tcgplayer-cdn.tcgplayer.com/product/131022_200w.jpg,3,1919,https://cpt.tcgcsv.com/sq32,2025-02-05T21:23:56.303,1,,0.04,0.25,5.05,0.19,,Normal,104/145,Rare,Colorless,90,Stage 1,"[1] Agility (20)
<br>Flip a coin. If heads, prevent all effects of attacks, including damage, done to this Pokemon during your opponent's next turn.",Lx2,F-20,1,"[1] Swallow Dive (40+)
<br>If this Pokemon used Agility during your last turn, this attack does 80 more damage.",,
131022,Swellow,Swellow,https://tcgplayer-cdn.tcgplayer.com/product/131022_200w.jpg,3,1919,https://cpt.tcgcsv.com/sq32,2025-02-05T21:23:56.303,1,,0.09,0.3,2.35,0.25,,Reverse Holofoil,104/145,Rare,Colorless,90,Stage 1,"[1] Agility (20)
<br>Flip a coin. If heads, prevent all effects of attacks, including damage, done to this Pokemon during your opponent's next turn.",Lx2,F-20,1,"[1] Swallow Dive (40+)
<br>If this Pokemon used Agility during your last turn, this attack does 80 more damage.",,
131023,Castform,Castform,https://tcgplayer-cdn.tcgplayer.com/product/131023_200w.jpg,3,1919,https://cpt.tcgcsv.com/tq32,2025-02-05T21:23:56.35,1,,0.02,0.16,4.0,0.14,,Normal,105/145,Common,Colorless,70,Basic,"[1] Weather Teller
<br>Search your deck for up to 2 Stadium cards, reveal them, and put them into your hand. Then, shuffle your deck.",Fx2,None,1,"[2] Water Pulse (30)
<br>Your opponent's Active Pokemon is now Asleep.",,
131023,Castform,Castform,https://tcgplayer-cdn.tcgplayer.com/product/131023_200w.jpg,3,1919,https://cpt.tcgcsv.com/tq32,2025-02-05T21:23:56.35,1,,0.09,0.31,2.0,0.26,,Reverse Holofoil,105/145,Common,Colorless,70,Basic,"[1] Weather Teller
<br>Search your deck for up to 2 Stadium cards, reveal them, and put them into your hand. Then, shuffle your deck.",Fx2,None,1,"[2] Water Pulse (30)
<br>Your opponent's Active Pokemon is now Asleep.",,
131024,Rayquaza,Rayquaza,https://tcgplayer-cdn.tcgplayer.com/product/131024_200w.jpg,3,1919,https://cpt.tcgcsv.com/vq32,2026-02-03T18:32:03.633,1,,0.42,0.79,7.99,0.81,,Normal,106/145,Rare,Colorless,120,Basic,"[2] Turbo Storm (30)
<br>Attach 2 basic Energy cards from your discard pile to 1 of your Benched Pokemon.",Lx2,F-20,1,[3] Dragon Claw (80),,
131024,Rayquaza,Rayquaza,https://tcgplayer-cdn.tcgplayer.com/product/131024_200w.jpg,3,1919,https://cpt.tcgcsv.com/vq32,2026-02-03T18:32:03.633,1,,1.99,4.17,12.99,4.43,,Reverse Holofoil,106/145,Rare,Colorless,120,Basic,"[2] Turbo Storm (30)
<br>Attach 2 basic Energy cards from your discard pile to 1 of your Benched Pokemon.",Lx2,F-20,1,[3] Dragon Claw (80),,
131025,Patrat,Patrat,https://tcgplayer-cdn.tcgplayer.com/product/131025_200w.jpg,3,1919,https://cpt.tcgcsv.com/wq32,2026-02-10T13:50:09.19,1,,0.04,0.19,19.5,0.16,0.1,Normal,107/145,Common,Colorless,60,Basic,"[1] Glance
<br>Look at the top card of your opponent's deck.",Fx2,None,1,[2] Tackle (20),,
131025,Patrat,Patrat,https://tcgplayer-cdn.tcgplayer.com/product/131025_200w.jpg,3,1919,https://cpt.tcgcsv.com/wq32,2026-02-10T13:50:09.19,1,,0.1,0.3,1.5,0.24,,Reverse Holofoil,107/145,Common,Colorless,60,Basic,"[1] Glance
<br>Look at the top card of your opponent's deck.",Fx2,None,1,[2] Tackle (20),,
131026,Watchog,Watchog,https://tcgplayer-cdn.tcgplayer.com/product/131026_200w.jpg,3,1919,https://cpt.tcgcsv.com/xq32,2022-12-04T00:59:23.7,1,,0.05,0.22,4.0,0.2,0.18,Normal,108/145,Uncommon,Colorless,90,Stage 1,"[1] Scrutinize
<br>Look at the top 2 cards of your opponent's deck, discard 1 of them, and put the other card back.",Fx2,None,1,"[3] Slam (60x)
<br>Flip 2 coins. This attack does 60 damage for each heads.",,
131026,Watchog,Watchog,https://tcgplayer-cdn.tcgplayer.com/product/131026_200w.jpg,3,1919,https://cpt.tcgcsv.com/xq32,2022-12-04T00:59:23.7,1,,0.09,0.34,3.0,0.32,,Reverse Holofoil,108/145,Uncommon,Colorless,90,Stage 1,"[1] Scrutinize
<br>Look at the top 2 cards of your opponent's deck, discard 1 of them, and put the other card back.",Fx2,None,1,"[3] Slam (60x)
<br>Flip 2 coins. This attack does 60 damage for each heads.",,
131027,Fletchling,Fletchling,https://tcgplayer-cdn.tcgplayer.com/product/131027_200w.jpg,3,1919,https://cpt.tcgcsv.com/zq32,2025-02-05T21:23:56.413,1,,0.03,0.2,4.0,0.17,,Normal,109/145,Common,Colorless,50,Basic,"[1] Growl
<br>During your opponent's next turn, the Defending Pokemon's attacks do 20 less damage <i>(before applying Weakness and Resistance)</i>.",Lx2,F-20,1,[2] Flap (20),,
131027,Fletchling,Fletchling,https://tcgplayer-cdn.tcgplayer.com/product/131027_200w.jpg,3,1919,https://cpt.tcgcsv.com/zq32,2025-02-05T21:23:56.413,1,,0.1,0.31,3.95,0.25,,Reverse Holofoil,109/145,Common,Colorless,50,Basic,"[1] Growl
<br>During your opponent's next turn, the Defending Pokemon's attacks do 20 less damage <i>(before applying Weakness and Resistance)</i>.",Lx2,F-20,1,[2] Flap (20),,
131028,Fletchinder,Fletchinder,https://tcgplayer-cdn.tcgplayer.com/product/131028_200w.jpg,3,1919,https://cpt.tcgcsv.com/Bq32,2025-11-21T04:08:27.897,1,,0.03,0.2,19.5,0.12,0.1,Normal,110/145,Uncommon,Colorless,70,Stage 1,[1] Flap (20),Lx2,F-20,1,"[2] Razor Wind (40)
<br>Flip a coin. If tails, this attack does nothing.",,
131028,Fletchinder,Fletchinder,https://tcgplayer-cdn.tcgplayer.com/product/131028_200w.jpg,3,1919,https://cpt.tcgcsv.com/Bq32,2025-11-21T04:08:27.897,1,,0.08,0.27,2.5,0.23,0.25,Reverse Holofoil,110/145,Uncommon,Colorless,70,Stage 1,[1] Flap (20),Lx2,F-20,1,"[2] Razor Wind (40)
<br>Flip a coin. If tails, this attack does nothing.",,
131029,Talonflame,Talonflame,https://tcgplayer-cdn.tcgplayer.com/product/131029_200w.jpg,3,1919,https://cpt.tcgcsv.com/Cq32,2025-02-05T21:23:56.517,1,,0.08,0.25,1.49,0.23,0.23,Normal,111/145,Rare,Colorless,130,Stage 2,"[1] Flame Charge (30)
<br>Search your deck for a Fire Energy card and attach it to this Pokemon. Then, shuffle your deck.",Lx2,F-20,0,"[2] Loop-the-Loop (90)
<br>Put all Energy attached to this Pokemon into your hand.",,
131029,Talonflame,Talonflame,https://tcgplayer-cdn.tcgplayer.com/product/131029_200w.jpg,3,1919,https://cpt.tcgcsv.com/Cq32,2025-02-05T21:23:56.517,1,,0.19,0.35,2.44,0.34,0.31,Reverse Holofoil,111/145,Rare,Colorless,130,Stage 2,"[1] Flame Charge (30)
<br>Search your deck for a Fire Energy card and attach it to this Pokemon. Then, shuffle your deck.",Lx2,F-20,0,"[2] Loop-the-Loop (90)
<br>Put all Energy attached to this Pokemon into your hand.",,
131030,Stufful,Stufful,https://tcgplayer-cdn.tcgplayer.com/product/131030_200w.jpg,3,1919,https://cpt.tcgcsv.com/Dq32,2025-02-05T21:23:56.577,1,,0.01,0.15,4.0,0.13,,Normal,112/145,Common,Colorless,70,Basic,[1] Tackle (10),Fx2,None,2,[3] Hammer In (60),,
131030,Stufful,Stufful,https://tcgplayer-cdn.tcgplayer.com/product/131030_200w.jpg,3,1919,https://cpt.tcgcsv.com/Dq32,2025-02-05T21:23:56.577,1,,0.11,0.33,2.0,0.35,,Reverse Holofoil,112/145,Common,Colorless,70,Basic,[1] Tackle (10),Fx2,None,2,[3] Hammer In (60),,
131031,Bewear,Bewear,https://tcgplayer-cdn.tcgplayer.com/product/131031_200w.jpg,3,1919,https://cpt.tcgcsv.com/Fq32,2025-02-05T21:23:56.637,1,"<b>Ability — Rake It In</b>
<br>When you play this Pokemon from your hand to evolve 1 of your Pokemon during your turn, you may draw 3 cards.",0.02,0.18,4.0,0.16,,Normal,113/145,Uncommon,Colorless,130,Stage 1,"[3] Dangerous Blow (60+)
<br>If your opponent's Active Pokemon is a Basic Pokemon, this attack does 60 more damage.",Fx2,None,2,,,
131031,Bewear,Bewear,https://tcgplayer-cdn.tcgplayer.com/product/131031_200w.jpg,3,1919,https://cpt.tcgcsv.com/Fq32,2025-02-05T21:23:56.637,1,"<b>Ability — Rake It In</b>
<br>When you play this Pokemon from your hand to evolve 1 of your Pokemon during your turn, you may draw 3 cards.",0.08,0.31,5.0,0.31,,Reverse Holofoil,113/145,Uncommon,Colorless,130,Stage 1,"[3] Dangerous Blow (60+)
<br>If your opponent's Active Pokemon is a Basic Pokemon, this attack does 60 more damage.",Fx2,None,2,,,
131032,Komala,Komala,https://tcgplayer-cdn.tcgplayer.com/product/131032_200w.jpg,3,1919,https://cpt.tcgcsv.com/Gq32,2025-02-05T21:23:56.687,1,"<b>Ability — Comatose</b>
<br>As long as this Pokemon is your Active Pokemon, whenever you attach an Energy from your hand to it, it is now Asleep.",0.02,0.2,4.0,0.15,,Normal,114/145,Uncommon,Colorless,80,Basic,"[3] Hypno Roll (100)
<br>This attack can be used if this Pokemon is Asleep. If it is not Asleep, this attack does nothing.",Fx2,None,2,,,
131032,Komala,Komala,https://tcgplayer-cdn.tcgplayer.com/product/131032_200w.jpg,3,1919,https://cpt.tcgcsv.com/Gq32,2025-02-05T21:23:56.687,1,"<b>Ability — Comatose</b>
<br>As long as this Pokemon is your Active Pokemon, whenever you attach an Energy from your hand to it, it is now Asleep.",0.1,0.3,2.3,0.29,,Reverse Holofoil,114/145,Uncommon,Colorless,80,Basic,"[3] Hypno Roll (100)
<br>This attack can be used if this Pokemon is Asleep. If it is not Asleep, this attack does nothing.",Fx2,None,2,,,
131033,Drampa GX,Drampa GX,https://tcgplayer-cdn.tcgplayer.com/product/131033_200w.jpg,3,1919,https://cpt.tcgcsv.com/Hq32,2026-02-16T15:41:43.087,1,,0.75,1.96,5.74,1.96,2.19,Holofoil,115/145,Ultra Rare,Colorless,180,Basic,"[1] Righteous Edge (20)
<br>Discard a Special Energy from your opponent's Active Pokemon.",Fx2,None,3,"[3] Berserk (80+)
<br>If your Benched Pokemon have any damage counters on them, this attack does 70 more damage.","<b><font color=""teal"">[1] Big Wheel GX</b>
<br>Shuffle your hand into your deck. Then, draw 10 cards. <i>(You can't use more than 1 GX attack in a game.)</i></font>",
131034,Drampa GX (Full Art),Drampa GX Full Art,https://tcgplayer-cdn.tcgplayer.com/product/131034_200w.jpg,3,1919,https://cpt.tcgcsv.com/Jq32,2022-12-04T01:03:19.837,1,,2.33,4.23,20.0,4.19,4.21,Holofoil,142/145,Ultra Rare,Colorless,180,Basic,"[1] Righteous Edge (20)
<br>Discard a Special Energy from your opponent's Active Pokemon.",Fx2,None,3,"[3] Berserk (80+)
<br>If your Benched Pokemon have any damage counters on them, this attack does 70 more damage.","<b><font color=""teal"">[1] Big Wheel GX</b>
<br>Shuffle your hand into your deck. Then, draw 10 cards. <i>(You can't use more than 1 GX attack in a game.)</i></font>",
131035,Drampa GX (Secret),Drampa GX Secret,https://tcgplayer-cdn.tcgplayer.com/product/131035_200w.jpg,3,1919,https://cpt.tcgcsv.com/Kq32,2026-02-16T15:41:57.123,1,,8.08,12.95,23.0,12.66,12.66,Holofoil,160/145,Secret Rare,Colorless,180,Basic,"[1] Righteous Edge (20)
<br>Discard a Special Energy from your opponent's Active Pokemon.",Fx2,None,3,"[3] Berserk (80+)
<br>If your Benched Pokemon have any damage counters on them, this attack does 70 more damage.","<b><font color=""teal"">[1] Big Wheel GX</b>
<br>Shuffle your hand into your deck. Then, draw 10 cards. <i>(You can't use more than 1 GX attack in a game.)</i></font>",
131036,Aether Paradise Conservation Area,Aether Paradise Conservation Area,https://tcgplayer-cdn.tcgplayer.com/product/131036_200w.jpg,3,1919,https://cpt.tcgcsv.com/Lq32,2025-02-05T21:23:56.747,1,Basic Grass Pokemon and Basic Lightning Pokemon <em>(both yours and your opponent's)</em> take 30 less damage from the opponent's attacks <em>(after applying Weakness and Resistance)</em>.,0.02,0.2,1.5,0.14,,Normal,116/145,Uncommon,Stadium,,,,,,,,,
131036,Aether Paradise Conservation Area,Aether Paradise Conservation Area,https://tcgplayer-cdn.tcgplayer.com/product/131036_200w.jpg,3,1919,https://cpt.tcgcsv.com/Lq32,2025-02-05T21:23:56.747,1,Basic Grass Pokemon and Basic Lightning Pokemon <em>(both yours and your opponent's)</em> take 30 less damage from the opponent's attacks <em>(after applying Weakness and Resistance)</em>.,0.04,0.28,5.0,0.26,,Reverse Holofoil,116/145,Uncommon,Stadium,,,,,,,,,
131037,Altar of the Moone,Altar of the Moone,https://tcgplayer-cdn.tcgplayer.com/product/131037_200w.jpg,3,1919,https://cpt.tcgcsv.com/Mq32,2025-10-22T02:07:05.67,1,The Retreat Cost of each Pokemon <em>(both yours and your opponent's)</em> that has any Psychic or Darkness Energy attached to it is Colorless Colorless less.,0.02,0.2,19.5,0.15,0.15,Normal,117/145,Uncommon,Stadium,,,,,,,,,
131037,Altar of the Moone,Altar of the Moone,https://tcgplayer-cdn.tcgplayer.com/product/131037_200w.jpg,3,1919,https://cpt.tcgcsv.com/Mq32,2025-10-22T02:07:05.67,1,The Retreat Cost of each Pokemon <em>(both yours and your opponent's)</em> that has any Psychic or Darkness Energy attached to it is Colorless Colorless less.,0.04,0.36,2.39,0.3,0.43,Reverse Holofoil,117/145,Uncommon,Stadium,,,,,,,,,
131038,Altar of the Sunne,Altar of the Sunne,https://tcgplayer-cdn.tcgplayer.com/product/131038_200w.jpg,3,1919,https://cpt.tcgcsv.com/Nq32,2026-02-27T00:05:29.52,1,Fire Pokemon and Metal Pokemon <em>(both yours and your opponent's)</em> have no Weakness.,0.01,0.18,4.0,0.13,,Normal,118/145,Uncommon,Stadium,,,,,,,,,
131038,Altar of the Sunne,Altar of the Sunne,https://tcgplayer-cdn.tcgplayer.com/product/131038_200w.jpg,3,1919,https://cpt.tcgcsv.com/Nq32,2026-02-27T00:05:29.52,1,Fire Pokemon and Metal Pokemon <em>(both yours and your opponent's)</em> have no Weakness.,0.05,0.25,2.39,0.2,0.25,Reverse Holofoil,118/145,Uncommon,Stadium,,,,,,,,,
131039,Aqua Patch,Aqua Patch,https://tcgplayer-cdn.tcgplayer.com/product/131039_200w.jpg,3,1919,https://cpt.tcgcsv.com/Pq32,2026-02-17T13:21:26.73,1,Attach a Water Energy card from your discard pile to 1 of your Benched Water Pokemon.,0.08,0.28,2.99,0.27,0.24,Normal,119/145,Uncommon,Item,,,,,,,,,
131039,Aqua Patch,Aqua Patch,https://tcgplayer-cdn.tcgplayer.com/product/131039_200w.jpg,3,1919,https://cpt.tcgcsv.com/Pq32,2026-02-17T13:21:26.73,1,Attach a Water Energy card from your discard pile to 1 of your Benched Water Pokemon.,0.2,0.46,1.99,0.44,,Reverse Holofoil,119/145,Uncommon,Item,,,,,,,,,
131040,Brooklet Hill,Brooklet Hill,https://tcgplayer-cdn.tcgplayer.com/product/131040_200w.jpg,3,1919,https://cpt.tcgcsv.com/Qq32,2023-04-17T11:17:21.163,1,"Once during each player's turn, that player may search their deck for a Basic Water Pokemon or Basic Fighting Pokemon, put it onto their Bench, and shuffle their deck.",0.1,0.37,1.12,0.36,0.27,Normal,120/145,Uncommon,Stadium,,,,,,,,,
131040,Brooklet Hill,Brooklet Hill,https://tcgplayer-cdn.tcgplayer.com/product/131040_200w.jpg,3,1919,https://cpt.tcgcsv.com/Qq32,2023-04-17T11:17:21.163,1,"Once during each player's turn, that player may search their deck for a Basic Water Pokemon or Basic Fighting Pokemon, put it onto their Bench, and shuffle their deck.",0.3,0.57,2.49,0.56,,Reverse Holofoil,120/145,Uncommon,Stadium,,,,,,,,,
131041,Choice Band,Choice Band,https://tcgplayer-cdn.tcgplayer.com/product/131041_200w.jpg,3,1919,https://cpt.tcgcsv.com/Rq32,2025-02-05T21:23:56.977,1,The attacks of the Pokemon this card is attached to do 30 more damage to your opponent's Active Pokemon GX or Active Pokemon EX <em>(before applying Weakness and Resistance)</em>.,0.08,0.25,5.1,0.24,,Normal,121/145,Uncommon,Tool,,,,,,,,,
131041,Choice Band,Choice Band,https://tcgplayer-cdn.tcgplayer.com/product/131041_200w.jpg,3,1919,https://cpt.tcgcsv.com/Rq32,2025-02-05T21:23:56.977,1,The attacks of the Pokemon this card is attached to do 30 more damage to your opponent's Active Pokemon GX or Active Pokemon EX <em>(before applying Weakness and Resistance)</em>.,0.2,0.41,2.39,0.41,,Reverse Holofoil,121/145,Uncommon,Tool,,,,,,,,,
131042,Energy Loto,Energy Loto,https://tcgplayer-cdn.tcgplayer.com/product/131042_200w.jpg,3,1919,https://cpt.tcgcsv.com/Sq32,2025-02-05T21:23:57.073,1,Look at the top 7 cards of your deck. You may reveal an Energy card you find there and put it into your hand. Shuffle the other cards back into your deck.,0.03,0.2,19.5,0.11,0.11,Normal,122/145,Uncommon,Item,,,,,,,,,
131042,Energy Loto,Energy Loto,https://tcgplayer-cdn.tcgplayer.com/product/131042_200w.jpg,3,1919,https://cpt.tcgcsv.com/Sq32,2025-02-05T21:23:57.073,1,Look at the top 7 cards of your deck. You may reveal an Energy card you find there and put it into your hand. Shuffle the other cards back into your deck.,0.18,0.37,2.99,0.37,0.35,Reverse Holofoil,122/145,Uncommon,Item,,,,,,,,,
131043,Energy Recycler,Energy Recycler,https://tcgplayer-cdn.tcgplayer.com/product/131043_200w.jpg,3,1919,https://cpt.tcgcsv.com/Tq32,2023-09-06T10:09:51.003,1,Shuffle 5 basic Energy cards from your discard pile into your deck.,0.04,0.22,4.0,0.14,0.14,Normal,123/145,Uncommon,Item,,,,,,,,,
131043,Energy Recycler,Energy Recycler,https://tcgplayer-cdn.tcgplayer.com/product/131043_200w.jpg,3,1919,https://cpt.tcgcsv.com/Tq32,2023-09-06T10:09:51.003,1,Shuffle 5 basic Energy cards from your discard pile into your deck.,0.19,0.46,2.44,0.39,,Reverse Holofoil,123/145,Uncommon,Item,,,,,,,,,
131044,Enhanced Hammer,Enhanced Hammer,https://tcgplayer-cdn.tcgplayer.com/product/131044_200w.jpg,3,1919,https://cpt.tcgcsv.com/Vq32,2022-12-04T00:55:40.42,1,Discard a Special Energy from 1 of your opponent's Pokemon.,0.03,0.2,2.32,0.17,0.19,Normal,124/145,Uncommon,Item,,,,,,,,,
131044,Enhanced Hammer,Enhanced Hammer,https://tcgplayer-cdn.tcgplayer.com/product/131044_200w.jpg,3,1919,https://cpt.tcgcsv.com/Vq32,2022-12-04T00:55:40.42,1,Discard a Special Energy from 1 of your opponent's Pokemon.,0.19,0.35,2.99,0.3,0.31,Reverse Holofoil,124/145,Uncommon,Item,,,,,,,,,
131045,Field Blower,Field Blower,https://tcgplayer-cdn.tcgplayer.com/product/131045_200w.jpg,3,1919,https://cpt.tcgcsv.com/Wq32,2026-01-09T14:53:57.87,1,Choose up to 2 in any combination of Pokemon Tool cards and Stadium cards in play <em>(yours or your opponent's)</em> and discard them.,0.95,1.44,4.0,1.44,1.0,Normal,125/145,Uncommon,Item,,,,,,,,,
131045,Field Blower,Field Blower,https://tcgplayer-cdn.tcgplayer.com/product/131045_200w.jpg,3,1919,https://cpt.tcgcsv.com/Wq32,2026-01-09T14:53:57.87,1,Choose up to 2 in any combination of Pokemon Tool cards and Stadium cards in play <em>(yours or your opponent's)</em> and discard them.,1.5,3.2,5.97,3.35,1.54,Reverse Holofoil,125/145,Uncommon,Item,,,,,,,,,
131046,Hala,Hala,https://tcgplayer-cdn.tcgplayer.com/product/131046_200w.jpg,3,1919,https://cpt.tcgcsv.com/Xq32,2026-02-10T13:48:43.783,1,"Shuffle your hand into your deck. If you have used your GX attack, draw 7 cards. If not, draw 4 cards.",0.02,0.19,1.49,0.07,0.09,Normal,126/145,Uncommon,Supporter,,,,,,,,,
131046,Hala,Hala,https://tcgplayer-cdn.tcgplayer.com/product/131046_200w.jpg,3,1919,https://cpt.tcgcsv.com/Xq32,2026-02-10T13:48:43.783,1,"Shuffle your hand into your deck. If you have used your GX attack, draw 7 cards. If not, draw 4 cards.",0.05,0.25,2.99,0.21,0.19,Reverse Holofoil,126/145,Uncommon,Supporter,,,,,,,,,
131047,Mallow,Mallow,https://tcgplayer-cdn.tcgplayer.com/product/131047_200w.jpg,3,1919,https://cpt.tcgcsv.com/Zq32,2022-12-04T01:07:00.64,1,"Search your deck for 2 cards, shuffle your deck, then put those cards on top of it in any order.",0.01,0.25,19.5,0.22,0.22,Normal,127/145,Uncommon,Supporter,,,,,,,,,
131047,Mallow,Mallow,https://tcgplayer-cdn.tcgplayer.com/product/131047_200w.jpg,3,1919,https://cpt.tcgcsv.com/Zq32,2022-12-04T01:07:00.64,1,"Search your deck for 2 cards, shuffle your deck, then put those cards on top of it in any order.",0.25,0.38,1.12,0.38,0.4,Reverse Holofoil,127/145,Uncommon,Supporter,,,,,,,,,
131048,Max Potion,Max Potion,https://tcgplayer-cdn.tcgplayer.com/product/131048_200w.jpg,3,1919,https://cpt.tcgcsv.com/-q32,2022-12-04T01:06:46.633,1,"Heal all damage from 1 of your Pokemon. If you do, discard all Energy from that Pokemon.",0.08,0.25,2.39,0.24,,Normal,128/145,Uncommon,Item,,,,,,,,,
131048,Max Potion,Max Potion,https://tcgplayer-cdn.tcgplayer.com/product/131048_200w.jpg,3,1919,https://cpt.tcgcsv.com/-q32,2022-12-04T01:06:46.633,1,"Heal all damage from 1 of your Pokemon. If you do, discard all Energy from that Pokemon.",0.09,0.31,2.28,0.32,,Reverse Holofoil,128/145,Uncommon,Item,,,,,,,,,
131049,Multi Switch,Multi Switch,https://tcgplayer-cdn.tcgplayer.com/product/131049_200w.jpg,3,1919,https://cpt.tcgcsv.com/_q32,2025-02-05T21:23:57.22,1,Move an Energy from 1 of your Benched Pokemon to your Active Pokemon.,0.02,0.2,4.0,0.12,,Normal,129/145,Uncommon,Item,,,,,,,,,
131049,Multi Switch,Multi Switch,https://tcgplayer-cdn.tcgplayer.com/product/131049_200w.jpg,3,1919,https://cpt.tcgcsv.com/_q32,2025-02-05T21:23:57.22,1,Move an Energy from 1 of your Benched Pokemon to your Active Pokemon.,0.08,0.3,2.0,0.29,0.27,Reverse Holofoil,129/145,Uncommon,Item,,,,,,,,,
131050,Rescue Stretcher,Rescue Stretcher,https://tcgplayer-cdn.tcgplayer.com/product/131050_200w.jpg,3,1919,https://cpt.tcgcsv.com/0r32,2025-10-31T18:23:43.977,1,"Choose 1:
<br>• Put a Pokemon from your discard pile into your hand.
<br>• Shuffle 3 Pokemon from your discard pile into your deck.",0.3,0.57,5.95,0.55,0.3,Normal,130/145,Uncommon,Item,,,,,,,,,
131050,Rescue Stretcher,Rescue Stretcher,https://tcgplayer-cdn.tcgplayer.com/product/131050_200w.jpg,3,1919,https://cpt.tcgcsv.com/0r32,2025-10-31T18:23:43.977,1,"Choose 1:
<br>• Put a Pokemon from your discard pile into your hand.
<br>• Shuffle 3 Pokemon from your discard pile into your deck.",0.79,1.53,4.99,1.68,1.63,Reverse Holofoil,130/145,Uncommon,Item,,,,,,,,,
131051,Hala (Full Art),Hala Full Art,https://tcgplayer-cdn.tcgplayer.com/product/131051_200w.jpg,3,1919,https://cpt.tcgcsv.com/2r32,2026-02-16T15:45:03.853,1,"Shuffle your hand into your deck. If you have used your GX attack, draw 7 cards. If not, draw 4 cards.",3.0,4.15,20.0,3.94,2.99,Holofoil,143/145,Ultra Rare,Supporter,,,,,,,,,
131052,Hau (Full Art),Hau Full Art,https://tcgplayer-cdn.tcgplayer.com/product/131052_200w.jpg,3,1919,https://cpt.tcgcsv.com/3r32,2025-12-02T18:39:39.463,1,Draw 3 cards.,14.29,19.7,4321.0,17.13,19.7,Holofoil,144/145,Ultra Rare,Supporter,,,,,,,,,
131053,Mallow (Full Art),Mallow Full Art,https://tcgplayer-cdn.tcgplayer.com/product/131053_200w.jpg,3,1919,https://cpt.tcgcsv.com/5r32,2024-04-03T20:22:59.243,1,"Search your deck for 2 cards, shuffle your deck, then put those cards on top of it in any order.",26.51,34.5,75.0,29.2,,Holofoil,145/145,Ultra Rare,Supporter,,,,,,,,,
131054,Decidueye GX (Secret),Decidueye GX Secret,https://tcgplayer-cdn.tcgplayer.com/product/131054_200w.jpg,3,1919,https://cpt.tcgcsv.com/6r32,2022-12-04T01:02:30.413,1,"<b>Ability — Feather Arrow</b>
<br>Once during your turn <em>(before your attack)</em>, you may put 2 damage counters on 1 of your opponent's Pokemon.",30.99,38.26,45.99,34.99,,Holofoil,146/145,Secret Rare,Grass,240,Stage 2,[2G] Razor Leaf (90),Rx2,None,2,"<b><font color=""teal"">[G] Hollow Hunt GX</b>
<br>Put 3 cards from your discard pile into your hand. <i>(You can't use more than 1 GX attack in a game.)</i></font>",,
131055,Incineroar GX (Secret),Incineroar GX Secret,https://tcgplayer-cdn.tcgplayer.com/product/131055_200w.jpg,3,1919,https://cpt.tcgcsv.com/7r32,2022-12-04T01:02:20.09,1,,18.88,26.03,46.99,26.07,,Holofoil,147/145,Secret Rare,Fire,250,Stage 2,"[R] Hustle Blow (10+)
<br>This attack does 20 more damage times the number of Fire Pokemon on your Bench.",Wx2,None,3,"[1RR] Tiger Swing (80+)
<br>Flip 2 coins. This attack does 50 more damage times the number of heads.","<b><font color=""teal"">[1RR] Burn Slam GX (200)</b>
<br>Your opponent's Active Pokemon is now Burned. <i>(You can't use more than 1 GX attack in a game.)</i>",
131056,Primarina GX (Secret),Primarina GX Secret,https://tcgplayer-cdn.tcgplayer.com/product/131056_200w.jpg,3,1919,https://cpt.tcgcsv.com/8r32,2022-12-04T01:01:58.213,1,,19.5,36.49,52.0,25.74,,Holofoil,149/145,Secret Rare,Water,250,Stage 2,"[2] Bubble Beat (10+)
<br>This attack does 20 more damage times the number of Water Energy attached to your Pokemon.",Gx2,None,2,"[1WWW] Seasound (120)
<br>Discard an Energy attached to your opponent's Active Pokemon.","<b><font color=""teal"">[2] Grand Echo GX</b>
<br>Heal all damage from each of your Pokemon. <i>(You can't use more than 1 GX attack in a game.)</i>",
131057,Aqua Patch (Secret),Aqua Patch Secret,https://tcgplayer-cdn.tcgplayer.com/product/131057_200w.jpg,3,1919,https://cpt.tcgcsv.com/9r32,2026-02-16T15:41:10.213,1,Attach a Water Energy card from your discard pile to 1 of your Benched Water Pokemon.,6.0,8.0,96.95,7.17,8.25,Holofoil,161/145,Secret Rare,Item,,,,,,,,,
131058,Enhanced Hammer (Secret),Enhanced Hammer Secret,https://tcgplayer-cdn.tcgplayer.com/product/131058_200w.jpg,3,1919,https://cpt.tcgcsv.com/br32,2025-11-21T04:08:02.837,1,Discard a Special Energy from 1 of your opponent's Pokemon.,3.99,6.77,39.98,5.75,,Holofoil,162/145,Secret Rare,Item,,,,,,,,,
131059,Field Blower (Secret),Field Blower Secret,https://tcgplayer-cdn.tcgplayer.com/product/131059_200w.jpg,3,1919,https://cpt.tcgcsv.com/cr32,2026-02-16T15:43:48.56,1,Choose up to 2 in any combination of Pokemon Tool cards and Stadium cards in play <em>(yours or your opponent's)</em> and discard them.,13.1,19.8,99.95,18.69,21.49,Holofoil,163/145,Secret Rare,Item,,,,,,,,,
131060,Max Potion (Secret),Max Potion Secret,https://tcgplayer-cdn.tcgplayer.com/product/131060_200w.jpg,3,1919,https://cpt.tcgcsv.com/dr32,2026-02-16T15:47:00.437,1,"Heal all damage from 1 of your Pokemon. If you do, discard all Energy from that Pokemon.",5.99,8.21,19.99,7.13,8.2,Holofoil,164/145,Secret Rare,Item,,,,,,,,,
131061,Rare Candy (Secret),Rare Candy Secret,https://tcgplayer-cdn.tcgplayer.com/product/131061_200w.jpg,3,1919,https://cpt.tcgcsv.com/fr32,2023-10-17T10:09:45.353,1,"Choose 1 of your Basic Pokémon in play. If you have a Stage 2 card in your hand that evolves from that Pokémon, put that card onto the Basic Pokémon to evolve it. You can't use this card during your first turn or on a Basic Pokémon that was put into play this turn.",20.0,27.43,35.76,26.78,,Holofoil,165/145,Secret Rare,Item,,,,,,,,,
131062,Double Colorless Energy (Secret),Double Colorless Energy Secret,https://tcgplayer-cdn.tcgplayer.com/product/131062_200w.jpg,3,1919,https://cpt.tcgcsv.com/gr32,2025-11-21T04:07:33.823,1,Double Colorless Energy provides Colorless Colorless Energy.,13.37,18.95,99.99,18.24,17.6,Holofoil,166/145,Secret Rare,Special Colorless Energy,,,,,,,,,
131063,Grass Energy (Secret),Grass Energy Secret,https://tcgplayer-cdn.tcgplayer.com/product/131063_200w.jpg,3,1919,https://cpt.tcgcsv.com/hr32,2025-11-21T04:11:09.7,1,,18.84,21.87,32.39,20.88,23.23,Holofoil,167/145,Secret Rare,Basic Grass Energy,,,,,,,,,
131064,Lightning Energy (Secret),Lightning Energy Secret,https://tcgplayer-cdn.tcgplayer.com/product/131064_200w.jpg,3,1919,https://cpt.tcgcsv.com/jr32,2022-12-04T01:08:33.53,1,,15.19,18.88,35.0,20.49,,Holofoil,168/145,Secret Rare,Basic Lightning Energy,,,,,,,,,
131065,Fighting Energy (Secret),Fighting Energy Secret,https://tcgplayer-cdn.tcgplayer.com/product/131065_200w.jpg,3,1919,https://cpt.tcgcsv.com/kr32,2022-12-04T01:08:46.89,1,,15.9,27.5,30.65,20.08,,Holofoil,169/145,Secret Rare,Basic Fighting Energy,,,,,,,,,
131273,Guardians Rising Prerelease Kit,Guardians Rising Prerelease Kit,https://tcgplayer-cdn.tcgplayer.com/product/131273_200w.jpg,3,1919,https://cpt.tcgcsv.com/tw32,2017-05-09T16:18:23.547,1,"Each Kit includes 4 Guardians Rising booster packs, 1 special 23-card prerelease pack with 1 of 4 exclusive foil prerelease promo card.",290.0,292.0,300.0,123.98,,Normal,,,,,,,,,,,,
131693,Mega Powers Collection,Mega Powers Collection,https://tcgplayer-cdn.tcgplayer.com/product/131693_200w.jpg,3,1919,https://cpt.tcgcsv.com/TH32,2019-10-08T16:17:34.143,1,"Flying fists, crackling lightning, and powers like no others: the four Pokémon-EX in the Mega Powers Collection make an excellent addition to your team! Bring these four fantastic full-art Pokémon-EX to your collection, along with a whopping eight booster packs!
<br>
<br><strong>Includes:</strong>
<br>
<br>• 1 Full Art Promo of M Lucario EX
<br>• 1 Full Art Promo of  M Manectric EX
<br>• 1 Full Art Promo of Jolteon EX 
<br>• 1 Full Art Promo of Zygarde EX
<br>• 1 Full Art Jumbo of Mega Lucario EX
<br>• 1 Lucario Spirit Link
<br>• 8 Pokémon TCG booster packs
<br>• A Pokemon TCG Online code card",,,,,,,,,,,,,,,,,,
131725,Island Guardians Tin [Tapu Koko GX],Island Guardians Tin Tapu Koko GX,https://tcgplayer-cdn.tcgplayer.com/product/131725_200w.jpg,3,1919,https://cpt.tcgcsv.com/wJ32,2017-05-23T14:49:10.85,1,,,,,,,,,,,,,,,,,,,
131726,Island Guardians Tin [Tapu Bulu GX],Island Guardians Tin Tapu Bulu GX,https://tcgplayer-cdn.tcgplayer.com/product/131726_200w.jpg,3,1919,https://cpt.tcgcsv.com/xJ32,2017-05-23T14:49:24.54,1,,115.0,115.0,115.0,,,Normal,,,,,,,,,,,,
131734,Tapu Koko Figure Collection,Tapu Koko Figure Collection,https://tcgplayer-cdn.tcgplayer.com/product/131734_200w.jpg,3,1919,https://cpt.tcgcsv.com/JJ32,2017-05-23T17:27:33.067,1,,,,,,,,,,,,,,,,,,,
132237,Tapu Koko Pin Collection,Tapu Koko Pin Collection,https://tcgplayer-cdn.tcgplayer.com/product/132237_200w.jpg,3,1919,https://cpt.tcgcsv.com/MV32,2017-06-05T12:08:20.733,1,,70.0,70.0,85.0,65.97,,Normal,,,,,,,,,,,,
132238,Bewear GX Box,Bewear GX Box,https://tcgplayer-cdn.tcgplayer.com/product/132238_200w.jpg,3,1919,https://cpt.tcgcsv.com/NV32,2017-06-05T12:53:36.81,1,,277.97,388.98,499.99,133.99,,Normal,,,,,,,,,,,,
133805,Primarina GX Premium Collection,Primarina GX Premium Collection,https://tcgplayer-cdn.tcgplayer.com/product/133805_200w.jpg,3,1919,https://cpt.tcgcsv.com/7x52,2017-06-16T11:17:15.5,1,"Discover the Premium Collection of Primarina GX. Bringing a complete Evolution chain of three foil promo cards, an oversized card, collector's pin and coin, and 6 booster packs.",,,,,,,,,,,,,,,,,,
133806,Decidueye GX Premium Collection,Decidueye GX Premium Collection,https://tcgplayer-cdn.tcgplayer.com/product/133806_200w.jpg,3,1919,https://cpt.tcgcsv.com/8x52,2017-06-16T11:17:37.32,1,"Discover the Premium Collection of Decidueye GX. Bringing a complete Evolution chain of three foil promo cards, an oversized card, collector's pin and coin, and 6 booster packs.",300.0,300.0,300.0,,,Normal,,,,,,,,,,,,
133807,Incineroar GX Premium Collection,Incineroar GX Premium Collection,https://tcgplayer-cdn.tcgplayer.com/product/133807_200w.jpg,3,1919,https://cpt.tcgcsv.com/9x52,2017-06-16T11:18:05.907,1,"Discover the Premium Collection of Incineroar GX. Bringing a complete Evolution chain of three foil promo cards, an oversized card, collector's pin and coin, and 6 booster packs.",234.0,234.0,234.0,,,Normal,,,,,,,,,,,,
133808,Mega Tyranitar EX Premium Collection,Mega Tyranitar EX Premium Collection,https://tcgplayer-cdn.tcgplayer.com/product/133808_200w.jpg,3,1919,https://cpt.tcgcsv.com/bx52,2017-06-16T11:23:05.427,1,"Mega Tyranitar EX brings all the power of a major force of destruction in the Mega Tyranitar EX Premium Collection. In this fearsome collection, you get Mega Tyranitar EX as a giant oversize card, plus a set of three amazing cards that work together: Tyranitar EX, Mega Tyranitar EX, and Tyranitar Spirit Link! Start crushing the opposition today with Mega Tyranitar EX!
<br>
<br>The Pokémon TCG: Mega Tyranitar EX Premium Collection includes:

<ul>
    <li>1 foil card featuring Mega Tyranitar EX</li>
    <li>1 foil card featuring Tyranitar-EX</li>
    <li>1 Spirit Link card to get this Mega Evolution Pokémon into play fast</li>
    <li>1 Mega Tyranitar collector's pin</li>
    <li>6 Pokémon TCG booster packs to mega-expand your collection</li>
    <li>1 foil oversize Mega Tyranitar-EX card</li>
    <li>1 Mega Tyranitar collectible coin</li>
    <li>A code card for PTCGO.</li>


</ul>",,,,,,,,,,,,,,,,,,
133809,"Premium Collection [Set of 3] Decidueye GX, Primarina GX, & Incineroar GX",Premium Collection Set of 3 Decidueye GX Primarina GX and Incineroar GX,https://tcgplayer-cdn.tcgplayer.com/product/133809_200w.jpg,3,1919,https://cpt.tcgcsv.com/cx52,2017-06-16T11:36:06.413,1,"Set of three of the following Premium Collections:
<br>
<ul>
    <li><a href=""http://shop.tcgplayer.com/pokemon/sm-guardians-rising/decidueye-gx-premium-collection"">Decidueye GX Premium Collection</a></li>
    <li><a href=""http://shop.tcgplayer.com/pokemon/sm-guardians-rising/primarina-gx-premium-collection"">Primarina GX Premium Collection</a></li>
    <li><a href=""http://shop.tcgplayer.com/pokemon/sm-guardians-rising/incineroar-gx-premium-collection"">Incineroar GX Premium Collection</a></li>
</ul>",,,,,,,,,,,,,,,,,,
133810,Battle Arena Decks: Black Kyurem EX vs White Kyurem EX,Battle Arena Decks Black Kyurem EX vs White Kyurem EX,https://tcgplayer-cdn.tcgplayer.com/product/133810_200w.jpg,3,1919,https://cpt.tcgcsv.com/dx52,2017-06-16T11:40:23.92,1,"Black Kyurem and White Kyurem go head to head in the new Pokémon TCG Battle Arena Decks. These two 60-card decks are ready to play right away, with powerful cards and winning strategies worthy of an ace Trainer. Each deck is led by an exceptional Pokémon EX and includes 11 foil cards. Let the battle begin!",35.88,54.97,95.0,36.04,,Normal,,,,,,,,,,,,
133811,Legendary Battle Decks [Ho-Oh],Legendary Battle Decks Ho Oh,https://tcgplayer-cdn.tcgplayer.com/product/133811_200w.jpg,3,1919,https://cpt.tcgcsv.com/fx52,2017-06-16T11:41:15.78,1,"Lead the Legendary Pokemon Ho-Oh into battle with the Pokémon TCG: Legendary Battle Decks! This 60-card deck is ready to play right away, with powerful cards and winning strategies worthy of an ace Trainer. Let the battle begin!",29.99,46.98,65.0,30.74,,Normal,,,,,,,,,,,,
133812,Legendary Battle Decks [Lugia],Legendary Battle Decks Lugia,https://tcgplayer-cdn.tcgplayer.com/product/133812_200w.jpg,3,1919,https://cpt.tcgcsv.com/gx52,2017-06-16T11:41:34.503,1,"Lead the Legendary Pokemon Lugia into battle with the Pokémon TCG: Legendary Battle Decks! This 60-card deck is ready to play right away, with powerful cards and winning strategies worthy of an ace Trainer. Let the battle begin!",39.99,48.49,55.0,39.62,,Normal,,,,,,,,,,,,
137523,Espeon GX Premium Collection,Espeon GX Premium Collection,https://tcgplayer-cdn.tcgplayer.com/product/137523_200w.jpg,3,1919,https://cpt.tcgcsv.com/t072,2017-07-14T11:10:43.49,1,"Discover the Premium Collection of Espeon GX. This collection contains an oversized card of Espeon GX, an alternate art Promo of Espeon GX, collector's pin and coin, and 6 booster packs.",334.5,335.0,335.49,310.0,,Normal,,,,,,,,,,,,
137524,Umbreon GX Premium Collection,Umbreon GX Premium Collection,https://tcgplayer-cdn.tcgplayer.com/product/137524_200w.jpg,3,1919,https://cpt.tcgcsv.com/v072,2017-07-14T11:12:56.747,1,"Discover the Premium Collection of Umbreon GX. This collection contains an oversized card of Umbreon GX, an alternate art Promo of Umbreon GX, collector's pin and coin, and 6 booster packs.",999.99,999.99,999.99,432.5,,Normal,,,,,,,,,,,,
137872,Shiny Tapu Koko GX Box,Shiny Tapu Koko GX Box,https://tcgplayer-cdn.tcgplayer.com/product/137872_200w.jpg,3,1919,https://cpt.tcgcsv.com/s972,2017-07-19T14:36:31.303,1,"Shiny Tapu Koko GX blazes its Aero Trail and brings the power of thunder to your next battle! With the Shiny Tapu Koko GX Box, you get Shiny Tapu Koko both as a huge oversize Pokémon GX card and as a playable foil promo card. Stand ready to guard the islands with Shiny Tapu Koko!
<br>
<br>The Pokémon TCG: Shiny Tapu Koko GX Box includes:
</ul>
<li>1 foil promo card featuring Shiny Tapu Koko GX </li>
<li>1 foil oversize card featuring Shiny Tapu Koko GX </li>
<li>4 Pokémon TCG booster packs</li>
<li>A code card for the Pokémon Trading Card Game Online</li>",,,,,,,,,,,,,,,,,,
177868,Triple Effect Tin [Flareon],Triple Effect Tin Flareon,https://tcgplayer-cdn.tcgplayer.com/product/177868_200w.jpg,3,1919,https://cpt.tcgcsv.com/n9r2,2018-10-10T19:05:17.497,1,"Each tin comes with 3 Pokemon TCG booster packs, a code card for Pokemon TCG Online and a cosmos holofoil promo of Flareon.",,,,,,,,,,,,,,,,,,
177869,Triple Effect Tin [Jolteon],Triple Effect Tin Jolteon,https://tcgplayer-cdn.tcgplayer.com/product/177869_200w.jpg,3,1919,https://cpt.tcgcsv.com/p9r2,2018-10-10T19:05:40.373,1,"Each tin comes with 3 Pokemon TCG booster packs, a code card for Pokemon TCG Online and a cosmos holofoil promo of Jolteon.",,,,,,,,,,,,,,,,,,
177870,Triple Effect Tin [Vaporeon],Triple Effect Tin Vaporeon,https://tcgplayer-cdn.tcgplayer.com/product/177870_200w.jpg,3,1919,https://cpt.tcgcsv.com/q9r2,2018-10-10T19:06:01.307,1,"Each tin comes with 3 Pokemon TCG booster packs, a code card for Pokemon TCG Online and a cosmos holofoil promo of Vaporeon.",,,,,,,,,,,,,,,,,,
177871,Triple Effect Tin [Set of 3],Triple Effect Tin Set of 3,https://tcgplayer-cdn.tcgplayer.com/product/177871_200w.jpg,3,1919,https://cpt.tcgcsv.com/r9r2,2018-10-10T19:13:22.013,1,"Each tin comes with 3 Pokemon TCG booster packs, a code card for Pokemon TCG Online and  cosmos holofoil promo of Flareon, Jolteon and Vaporeon.",1500.0,1500.0,1500.0,,,Normal,,,,,,,,,,,,
184339,Guardians Rising 3 Pack Blister [Vikavolt],Guardians Rising 3 Pack Blister Vikavolt,https://tcgplayer-cdn.tcgplayer.com/product/184339_200w.jpg,3,1919,https://cpt.tcgcsv.com/PLt2,2019-01-31T14:56:45.653,1,"Each blister comes with 3 SM—Guardians Rising booster packs, a coin, and a promotional card of Vikavolt.",95.99,95.99,95.99,,,Normal,,,,,,,,,,,,
184340,Guardians Rising 3 Pack Blister [Turtonator],Guardians Rising 3 Pack Blister Turtonator,https://tcgplayer-cdn.tcgplayer.com/product/184340_200w.jpg,3,1919,https://cpt.tcgcsv.com/QLt2,2019-01-31T14:43:51.377,1,"Each blister comes with 3 SM—Guardians Rising booster packs, a coin, and a promotional card of Turtonator.",81.49,81.49,81.49,,,Normal,,,,,,,,,,,,
184341,Guardians Rising Single Pack Blister [Lurantis],Guardians Rising Single Pack Blister Lurantis,https://tcgplayer-cdn.tcgplayer.com/product/184341_200w.jpg,3,1919,https://cpt.tcgcsv.com/RLt2,2019-01-31T14:36:24.953,1,"Each blister comes with 1 Sun & Moon—Guardians Rising booster pack, a coin, and a promotional card of Lurantis.",,,,,,,,,,,,,,,,,,
184342,Guardians Rising Single Pack Blister [Tsareena],Guardians Rising Single Pack Blister Tsareena,https://tcgplayer-cdn.tcgplayer.com/product/184342_200w.jpg,3,1919,https://cpt.tcgcsv.com/SLt2,2019-01-31T14:36:49.343,1,"Each blister comes with 1 Sun & Moon—Guardians Rising booster pack, a coin, and a promotional card of Tsareena.",45.99,45.99,45.99,23.96,,Normal,,,,,,,,,,,,
218327,Solgaleo GX Challenge Box,Solgaleo GX Challenge Box,https://tcgplayer-cdn.tcgplayer.com/product/218327_200w.jpg,3,1919,https://cpt.tcgcsv.com/zlM2,2020-07-21T13:48:02.927,1,"The Solgaleo box includes a Steel Sun Theme Deck, 2 Pokemon TCG booster packs, a copy of Solgaleo-GX from Sun & Moon, and a Water Web Holofoil variant of Solgaleo from Guardians Rising.",,,,,,,,,,,,,,,,,,
218328,Lunala GX Challenge Box,Lunala GX Challenge Box,https://tcgplayer-cdn.tcgplayer.com/product/218328_200w.jpg,3,1919,https://cpt.tcgcsv.com/BlM2,2020-07-21T13:48:42.647,1,"The Solgaleo box includes a Hidden Moon Theme Deck, 2 Pokemon TCG booster packs, a copy of Lunala-GX from Sun & Moon, and a Water Web Holofoil variant of Lunala from Guardians Rising.",,,,,,,,,,,,,,,,,,
242963,Guardians Rising Single Pack Blister [Crobat],Guardians Rising Single Pack Blister Crobat,https://tcgplayer-cdn.tcgplayer.com/product/242963_200w.jpg,3,1919,https://cpt.tcgcsv.com/hcZ2,2021-06-28T19:11:45.697,1,"Each blister comes with 1 SM—Guardians Rising booster pack, 1 coin, and a promotional card of Crobat.",,,,,,,,,,,,,,,,,,
242964,Guardians Rising Single Pack Blister [Alolan Persian],Guardians Rising Single Pack Blister Alolan Persian,https://tcgplayer-cdn.tcgplayer.com/product/242964_200w.jpg,3,1919,https://cpt.tcgcsv.com/jcZ2,2021-06-28T19:15:46.487,1,"Each blister comes with 1 SM—Guardians Rising booster pack, 1 coin, and a promotional card of Alolan Persian.",,,,,,,,,,,,,,,,,,
257518,Code Card - Guardians Rising Booster Pack,Code Card Guardians Rising Booster Pack,https://tcgplayer-cdn.tcgplayer.com/product/257518_200w.jpg,3,1919,https://cpt.tcgcsv.com/n053,2022-07-20T19:32:09.797,1,"This listing is <strong>not</strong> a physical item. Please keep in mind that this <strong>Code Card</strong> listing represents a digital copy of the stated item for the Pokémon TCG Online <strong>and/or</strong> the Pokémon TCG Live games. You may receive the physical <strong>Code Card</strong>. Upon purchase, please work with your specific Seller by sending them a message using the <strong>Contact Seller</strong> button on the order details in your <a href=https://store.tcgplayer.com/myaccount/orderhistory>Order History</a> to opt in to having your <strong>Code Card</strong> code delivered digitally due to the nature of the product.",0.04,0.1,0.99,0.05,,Normal,,Code Card,,,,,,,,,,
257544,Code Card - Tapu Koko Pin Collection,Code Card Tapu Koko Pin Collection,https://tcgplayer-cdn.tcgplayer.com/product/257544_200w.jpg,3,1919,https://cpt.tcgcsv.com/V053,2022-07-20T19:46:52.923,1,"This listing is <strong>not</strong> a physical item. Please keep in mind that this <strong>Code Card</strong> listing represents a digital copy of the stated item for the Pokémon TCG Online <strong>and/or</strong> the Pokémon TCG Live games. You may receive the physical <strong>Code Card</strong>. Upon purchase, please work with your specific Seller by sending them a message using the <strong>Contact Seller</strong> button on the order details in your <a href=https://store.tcgplayer.com/myaccount/orderhistory>Order History</a> to opt in to having your <strong>Code Card</strong> code delivered digitally due to the nature of the product.",0.07,0.15,1.82,,,Normal,,Code Card,,,,,,,,,,
266427,Code Card - Bewear GX Box,Code Card Bewear GX Box,https://tcgplayer-cdn.tcgplayer.com/product/266427_200w.jpg,3,1919,https://cpt.tcgcsv.com/zB83,2022-07-20T19:15:17.187,1,"This listing is <strong>not</strong> a physical item. Please keep in mind that this <strong>Code Card</strong> listing represents a digital copy of the stated item for the Pokémon TCG Online <strong>and/or</strong> the Pokémon TCG Live games. You may receive the physical <strong>Code Card</strong>. Upon purchase, please work with your specific Seller by sending them a message using the <strong>Contact Seller</strong> button on the order details in your <a href=https://store.tcgplayer.com/myaccount/orderhistory>Order History</a> to opt in to having your <strong>Code Card</strong> code delivered digitally due to the nature of the product.",0.35,0.86,1.95,,,Normal,,Code Card,,,,,,,,,,
266464,Code Card - Decidueye GX Premium Collection,Code Card Decidueye GX Premium Collection,https://tcgplayer-cdn.tcgplayer.com/product/266464_200w.jpg,3,1919,https://cpt.tcgcsv.com/jC83,2022-07-20T19:24:31.49,1,"This listing is <strong>not</strong> a physical item. Please keep in mind that this <strong>Code Card</strong> listing represents a digital copy of the stated item for the Pokémon TCG Online <strong>and/or</strong> the Pokémon TCG Live games. You may receive the physical <strong>Code Card</strong>. Upon purchase, please work with your specific Seller by sending them a message using the <strong>Contact Seller</strong> button on the order details in your <a href=https://store.tcgplayer.com/myaccount/orderhistory>Order History</a> to opt in to having your <strong>Code Card</strong> code delivered digitally due to the nature of the product.",0.2,1.92,1.95,1.8,,Normal,,Code Card,,,,,,,,,,
266467,Code Card - Espeon GX Premium Collection,Code Card Espeon GX Premium Collection,https://tcgplayer-cdn.tcgplayer.com/product/266467_200w.jpg,3,1919,https://cpt.tcgcsv.com/mC83,2022-07-20T19:25:37.397,1,"This listing is <strong>not</strong> a physical item. Please keep in mind that this <strong>Code Card</strong> listing represents a digital copy of the stated item for the Pokémon TCG Online <strong>and/or</strong> the Pokémon TCG Live games. You may receive the physical <strong>Code Card</strong>. Upon purchase, please work with your specific Seller by sending them a message using the <strong>Contact Seller</strong> button on the order details in your <a href=https://store.tcgplayer.com/myaccount/orderhistory>Order History</a> to opt in to having your <strong>Code Card</strong> code delivered digitally due to the nature of the product.",0.3,1.0,8.95,0.95,,Normal,,Code Card,,,,,,,,,,
266481,Code Card - Guardians Rising 3 Pack Blister [Turtonator],Code Card Guardians Rising 3 Pack Blister Turtonator,https://tcgplayer-cdn.tcgplayer.com/product/266481_200w.jpg,3,1919,https://cpt.tcgcsv.com/FC83,2022-07-20T19:32:06.097,1,"This listing is <strong>not</strong> a physical item. Please keep in mind that this <strong>Code Card</strong> listing represents a digital copy of the stated item for the Pokémon TCG Online <strong>and/or</strong> the Pokémon TCG Live games. You may receive the physical <strong>Code Card</strong>. Upon purchase, please work with your specific Seller by sending them a message using the <strong>Contact Seller</strong> button on the order details in your <a href=https://store.tcgplayer.com/myaccount/orderhistory>Order History</a> to opt in to having your <strong>Code Card</strong> code delivered digitally due to the nature of the product.",0.8,0.8,0.8,,,Normal,,Code Card,,,,,,,,,,
266482,Code Card - Guardians Rising 3 Pack Blister [Vikavolt],Code Card Guardians Rising 3 Pack Blister Vikavolt,https://tcgplayer-cdn.tcgplayer.com/product/266482_200w.jpg,3,1919,https://cpt.tcgcsv.com/GC83,2022-07-20T19:32:08.303,1,"This listing is <strong>not</strong> a physical item. Please keep in mind that this <strong>Code Card</strong> listing represents a digital copy of the stated item for the Pokémon TCG Online <strong>and/or</strong> the Pokémon TCG Live games. You may receive the physical <strong>Code Card</strong>. Upon purchase, please work with your specific Seller by sending them a message using the <strong>Contact Seller</strong> button on the order details in your <a href=https://store.tcgplayer.com/myaccount/orderhistory>Order History</a> to opt in to having your <strong>Code Card</strong> code delivered digitally due to the nature of the product.",0.15,0.89,0.99,,,Normal,,Code Card,,,,,,,,,,
266483,Code Card - Guardians Rising Elite Trainer Box,Code Card Guardians Rising Elite Trainer Box,https://tcgplayer-cdn.tcgplayer.com/product/266483_200w.jpg,3,1919,https://cpt.tcgcsv.com/HC83,2022-07-20T19:32:11.03,1,"This listing is <strong>not</strong> a physical item. Please keep in mind that this <strong>Code Card</strong> listing represents a digital copy of the stated item for the Pokémon TCG Online <strong>and/or</strong> the Pokémon TCG Live games. You may receive the physical <strong>Code Card</strong>. Upon purchase, please work with your specific Seller by sending them a message using the <strong>Contact Seller</strong> button on the order details in your <a href=https://store.tcgplayer.com/myaccount/orderhistory>Order History</a> to opt in to having your <strong>Code Card</strong> code delivered digitally due to the nature of the product.",5.0,5.25,5.95,,,Normal,,Code Card,,,,,,,,,,
266484,Code Card - Guardians Rising Single Pack Blister [Alolan Persian],Code Card Guardians Rising Single Pack Blister Alolan Persian,https://tcgplayer-cdn.tcgplayer.com/product/266484_200w.jpg,3,1919,https://cpt.tcgcsv.com/JC83,2022-07-20T19:32:12.57,1,"This listing is <strong>not</strong> a physical item. Please keep in mind that this <strong>Code Card</strong> listing represents a digital copy of the stated item for the Pokémon TCG Online <strong>and/or</strong> the Pokémon TCG Live games. You may receive the physical <strong>Code Card</strong>. Upon purchase, please work with your specific Seller by sending them a message using the <strong>Contact Seller</strong> button on the order details in your <a href=https://store.tcgplayer.com/myaccount/orderhistory>Order History</a> to opt in to having your <strong>Code Card</strong> code delivered digitally due to the nature of the product.",,,,,,,,Code Card,,,,,,,,,,
266485,Code Card - Guardians Rising Single Pack Blister [Crobat],Code Card Guardians Rising Single Pack Blister Crobat,https://tcgplayer-cdn.tcgplayer.com/product/266485_200w.jpg,3,1919,https://cpt.tcgcsv.com/KC83,2022-07-20T19:32:14.073,1,"This listing is <strong>not</strong> a physical item. Please keep in mind that this <strong>Code Card</strong> listing represents a digital copy of the stated item for the Pokémon TCG Online <strong>and/or</strong> the Pokémon TCG Live games. You may receive the physical <strong>Code Card</strong>. Upon purchase, please work with your specific Seller by sending them a message using the <strong>Contact Seller</strong> button on the order details in your <a href=https://store.tcgplayer.com/myaccount/orderhistory>Order History</a> to opt in to having your <strong>Code Card</strong> code delivered digitally due to the nature of the product.",,,,,,,,Code Card,,,,,,,,,,
266486,Code Card - Guardians Rising Single Pack Blister [Lurantis],Code Card Guardians Rising Single Pack Blister Lurantis,https://tcgplayer-cdn.tcgplayer.com/product/266486_200w.jpg,3,1919,https://cpt.tcgcsv.com/LC83,2022-07-20T19:32:15.687,1,"This listing is <strong>not</strong> a physical item. Please keep in mind that this <strong>Code Card</strong> listing represents a digital copy of the stated item for the Pokémon TCG Online <strong>and/or</strong> the Pokémon TCG Live games. You may receive the physical <strong>Code Card</strong>. Upon purchase, please work with your specific Seller by sending them a message using the <strong>Contact Seller</strong> button on the order details in your <a href=https://store.tcgplayer.com/myaccount/orderhistory>Order History</a> to opt in to having your <strong>Code Card</strong> code delivered digitally due to the nature of the product.",0.1,0.1,0.1,,,Normal,,Code Card,,,,,,,,,,
266487,Code Card - Guardians Rising Single Pack Blister [Tsareena],Code Card Guardians Rising Single Pack Blister Tsareena,https://tcgplayer-cdn.tcgplayer.com/product/266487_200w.jpg,3,1919,https://cpt.tcgcsv.com/MC83,2022-07-20T19:32:16.61,1,"This listing is <strong>not</strong> a physical item. Please keep in mind that this <strong>Code Card</strong> listing represents a digital copy of the stated item for the Pokémon TCG Online <strong>and/or</strong> the Pokémon TCG Live games. You may receive the physical <strong>Code Card</strong>. Upon purchase, please work with your specific Seller by sending them a message using the <strong>Contact Seller</strong> button on the order details in your <a href=https://store.tcgplayer.com/myaccount/orderhistory>Order History</a> to opt in to having your <strong>Code Card</strong> code delivered digitally due to the nature of the product.",0.1,0.15,0.2,,,Normal,,Code Card,,,,,,,,,,
266489,Code Card - Incineroar GX Premium Collection,Code Card Incineroar GX Premium Collection,https://tcgplayer-cdn.tcgplayer.com/product/266489_200w.jpg,3,1919,https://cpt.tcgcsv.com/PC83,2022-07-20T19:32:31.043,1,"This listing is <strong>not</strong> a physical item. Please keep in mind that this <strong>Code Card</strong> listing represents a digital copy of the stated item for the Pokémon TCG Online <strong>and/or</strong> the Pokémon TCG Live games. You may receive the physical <strong>Code Card</strong>. Upon purchase, please work with your specific Seller by sending them a message using the <strong>Contact Seller</strong> button on the order details in your <a href=https://store.tcgplayer.com/myaccount/orderhistory>Order History</a> to opt in to having your <strong>Code Card</strong> code delivered digitally due to the nature of the product.",3.9,3.99,8.95,,,Normal,,Code Card,,,,,,,,,,
266492,Code Card - Island Guardians Tin [Tapu Bulu GX],Code Card Island Guardians Tin Tapu Bulu GX,https://tcgplayer-cdn.tcgplayer.com/product/266492_200w.jpg,3,1919,https://cpt.tcgcsv.com/SC83,2022-07-20T19:32:36.397,1,"This listing is <strong>not</strong> a physical item. Please keep in mind that this <strong>Code Card</strong> listing represents a digital copy of the stated item for the Pokémon TCG Online <strong>and/or</strong> the Pokémon TCG Live games. You may receive the physical <strong>Code Card</strong>. Upon purchase, please work with your specific Seller by sending them a message using the <strong>Contact Seller</strong> button on the order details in your <a href=https://store.tcgplayer.com/myaccount/orderhistory>Order History</a> to opt in to having your <strong>Code Card</strong> code delivered digitally due to the nature of the product.",0.1,0.1,0.1,,,Normal,,Code Card,,,,,,,,,,
266493,Code Card - Island Guardians Tin [Tapu Koko GX],Code Card Island Guardians Tin Tapu Koko GX,https://tcgplayer-cdn.tcgplayer.com/product/266493_200w.jpg,3,1919,https://cpt.tcgcsv.com/TC83,2022-07-20T19:32:37.567,1,"This listing is <strong>not</strong> a physical item. Please keep in mind that this <strong>Code Card</strong> listing represents a digital copy of the stated item for the Pokémon TCG Online <strong>and/or</strong> the Pokémon TCG Live games. You may receive the physical <strong>Code Card</strong>. Upon purchase, please work with your specific Seller by sending them a message using the <strong>Contact Seller</strong> button on the order details in your <a href=https://store.tcgplayer.com/myaccount/orderhistory>Order History</a> to opt in to having your <strong>Code Card</strong> code delivered digitally due to the nature of the product.",0.05,0.5,0.75,,,Normal,,Code Card,,,,,,,,,,
266507,Code Card - Lunala GX Challenge Box,Code Card Lunala GX Challenge Box,https://tcgplayer-cdn.tcgplayer.com/product/266507_200w.jpg,3,1919,https://cpt.tcgcsv.com/9D83,2022-07-20T19:33:56.817,1,"This listing is <strong>not</strong> a physical item. Please keep in mind that this <strong>Code Card</strong> listing represents a digital copy of the stated item for the Pokémon TCG Online <strong>and/or</strong> the Pokémon TCG Live games. You may receive the physical <strong>Code Card</strong>. Upon purchase, please work with your specific Seller by sending them a message using the <strong>Contact Seller</strong> button on the order details in your <a href=https://store.tcgplayer.com/myaccount/orderhistory>Order History</a> to opt in to having your <strong>Code Card</strong> code delivered digitally due to the nature of the product.",0.05,0.3,3.0,,,Normal,,Code Card,,,,,,,,,,
266513,Code Card - Mega Powers Collection,Code Card Mega Powers Collection,https://tcgplayer-cdn.tcgplayer.com/product/266513_200w.jpg,3,1919,https://cpt.tcgcsv.com/hD83,2022-07-20T19:41:07.373,1,"This listing is <strong>not</strong> a physical item. Please keep in mind that this <strong>Code Card</strong> listing represents a digital copy of the stated item for the Pokémon TCG Online <strong>and/or</strong> the Pokémon TCG Live games. You may receive the physical <strong>Code Card</strong>. Upon purchase, please work with your specific Seller by sending them a message using the <strong>Contact Seller</strong> button on the order details in your <a href=https://store.tcgplayer.com/myaccount/orderhistory>Order History</a> to opt in to having your <strong>Code Card</strong> code delivered digitally due to the nature of the product.",2.0,5.98,9.95,0.95,,Normal,,Code Card,,,,,,,,,,
266515,Code Card - Mega Tyranitar EX Premium Collection,Code Card Mega Tyranitar EX Premium Collection,https://tcgplayer-cdn.tcgplayer.com/product/266515_200w.jpg,3,1919,https://cpt.tcgcsv.com/kD83,2022-07-20T19:41:10.88,1,"This listing is <strong>not</strong> a physical item. Please keep in mind that this <strong>Code Card</strong> listing represents a digital copy of the stated item for the Pokémon TCG Online <strong>and/or</strong> the Pokémon TCG Live games. You may receive the physical <strong>Code Card</strong>. Upon purchase, please work with your specific Seller by sending them a message using the <strong>Contact Seller</strong> button on the order details in your <a href=https://store.tcgplayer.com/myaccount/orderhistory>Order History</a> to opt in to having your <strong>Code Card</strong> code delivered digitally due to the nature of the product.",0.99,1.32,5.95,,,Normal,,Code Card,,,,,,,,,,
266530,Code Card - Primarina GX Premium Collection,Code Card Primarina GX Premium Collection,https://tcgplayer-cdn.tcgplayer.com/product/266530_200w.jpg,3,1919,https://cpt.tcgcsv.com/DD83,2022-07-20T19:44:38.29,1,"This listing is <strong>not</strong> a physical item. Please keep in mind that this <strong>Code Card</strong> listing represents a digital copy of the stated item for the Pokémon TCG Online <strong>and/or</strong> the Pokémon TCG Live games. You may receive the physical <strong>Code Card</strong>. Upon purchase, please work with your specific Seller by sending them a message using the <strong>Contact Seller</strong> button on the order details in your <a href=https://store.tcgplayer.com/myaccount/orderhistory>Order History</a> to opt in to having your <strong>Code Card</strong> code delivered digitally due to the nature of the product.",1.2,1.25,5.95,1.25,,Normal,,Code Card,,,,,,,,,,
266533,Code Card - Shiny Tapu Koko GX Box,Code Card Shiny Tapu Koko GX Box,https://tcgplayer-cdn.tcgplayer.com/product/266533_200w.jpg,3,1919,https://cpt.tcgcsv.com/HD83,2022-07-20T19:47:41.91,1,"This listing is <strong>not</strong> a physical item. Please keep in mind that this <strong>Code Card</strong> listing represents a digital copy of the stated item for the Pokémon TCG Online <strong>and/or</strong> the Pokémon TCG Live games. You may receive the physical <strong>Code Card</strong>. Upon purchase, please work with your specific Seller by sending them a message using the <strong>Contact Seller</strong> button on the order details in your <a href=https://store.tcgplayer.com/myaccount/orderhistory>Order History</a> to opt in to having your <strong>Code Card</strong> code delivered digitally due to the nature of the product.",0.1,0.18,0.95,,,Normal,,Code Card,,,,,,,,,,
266541,Code Card - Tapu Koko Figure Collection,Code Card Tapu Koko Figure Collection,https://tcgplayer-cdn.tcgplayer.com/product/266541_200w.jpg,3,1919,https://cpt.tcgcsv.com/RD83,2022-07-20T19:46:46.667,1,"This listing is <strong>not</strong> a physical item. Please keep in mind that this <strong>Code Card</strong> listing represents a digital copy of the stated item for the Pokémon TCG Online <strong>and/or</strong> the Pokémon TCG Live games. You may receive the physical <strong>Code Card</strong>. Upon purchase, please work with your specific Seller by sending them a message using the <strong>Contact Seller</strong> button on the order details in your <a href=https://store.tcgplayer.com/myaccount/orderhistory>Order History</a> to opt in to having your <strong>Code Card</strong> code delivered digitally due to the nature of the product.",0.9,1.62,5.95,,,Normal,,Code Card,,,,,,,,,,
266551,Code Card - Triple Effect Tin [Flareon],Code Card Triple Effect Tin Flareon,https://tcgplayer-cdn.tcgplayer.com/product/266551_200w.jpg,3,1919,https://cpt.tcgcsv.com/2F83,2022-07-20T19:51:28.157,1,"This listing is <strong>not</strong> a physical item. Please keep in mind that this <strong>Code Card</strong> listing represents a digital copy of the stated item for the Pokémon TCG Online <strong>and/or</strong> the Pokémon TCG Live games. You may receive the physical <strong>Code Card</strong>. Upon purchase, please work with your specific Seller by sending them a message using the <strong>Contact Seller</strong> button on the order details in your <a href=https://store.tcgplayer.com/myaccount/orderhistory>Order History</a> to opt in to having your <strong>Code Card</strong> code delivered digitally due to the nature of the product.",,,,,,,,Code Card,,,,,,,,,,
266552,Code Card - Triple Effect Tin [Jolteon],Code Card Triple Effect Tin Jolteon,https://tcgplayer-cdn.tcgplayer.com/product/266552_200w.jpg,3,1919,https://cpt.tcgcsv.com/3F83,2022-07-20T19:51:50.623,1,"This listing is <strong>not</strong> a physical item. Please keep in mind that this <strong>Code Card</strong> listing represents a digital copy of the stated item for the Pokémon TCG Online <strong>and/or</strong> the Pokémon TCG Live games. You may receive the physical <strong>Code Card</strong>. Upon purchase, please work with your specific Seller by sending them a message using the <strong>Contact Seller</strong> button on the order details in your <a href=https://store.tcgplayer.com/myaccount/orderhistory>Order History</a> to opt in to having your <strong>Code Card</strong> code delivered digitally due to the nature of the product.",,,,,,,,Code Card,,,,,,,,,,
266553,Code Card - Triple Effect Tin [Vaporeon],Code Card Triple Effect Tin Vaporeon,https://tcgplayer-cdn.tcgplayer.com/product/266553_200w.jpg,3,1919,https://cpt.tcgcsv.com/5F83,2022-07-20T19:51:59.35,1,"This listing is <strong>not</strong> a physical item. Please keep in mind that this <strong>Code Card</strong> listing represents a digital copy of the stated item for the Pokémon TCG Online <strong>and/or</strong> the Pokémon TCG Live games. You may receive the physical <strong>Code Card</strong>. Upon purchase, please work with your specific Seller by sending them a message using the <strong>Contact Seller</strong> button on the order details in your <a href=https://store.tcgplayer.com/myaccount/orderhistory>Order History</a> to opt in to having your <strong>Code Card</strong> code delivered digitally due to the nature of the product.",,,,,,,,Code Card,,,,,,,,,,
266571,Code Card - Umbreon GX Premium Collection,Code Card Umbreon GX Premium Collection,https://tcgplayer-cdn.tcgplayer.com/product/266571_200w.jpg,3,1919,https://cpt.tcgcsv.com/rF83,2022-07-20T19:30:24.817,1,"This listing is <strong>not</strong> a physical item. Please keep in mind that this <strong>Code Card</strong> listing represents a digital copy of the stated item for the Pokémon TCG Online <strong>and/or</strong> the Pokémon TCG Live games. You may receive the physical <strong>Code Card</strong>. Upon purchase, please work with your specific Seller by sending them a message using the <strong>Contact Seller</strong> button on the order details in your <a href=https://store.tcgplayer.com/myaccount/orderhistory>Order History</a> to opt in to having your <strong>Code Card</strong> code delivered digitally due to the nature of the product.",2.0,2.0,9.95,,,Normal,,Code Card,,,,,,,,,,
267037,Guardians Rising Booster Pack Art Bundle [Set of 4],Guardians Rising Booster Pack Art Bundle Set of 4,https://tcgplayer-cdn.tcgplayer.com/product/267037_200w.jpg,3,1919,https://cpt.tcgcsv.com/MQ83,2022-06-07T19:52:50.48,1,"Collect each of the 4 unique art packs for Sun & Moon—Guardians Rising.
<br>Each Sun & Moon—Guardians Rising booster pack contains 10 random cards.",199.99,204.97,209.95,147.48,,Normal,,,,,,,,,,,,
267753,Code Card - Guardian Rising Build & Battle Box,Code Card Guardian Rising Build and Battle Box,https://tcgplayer-cdn.tcgplayer.com/product/267753_200w.jpg,3,1919,https://cpt.tcgcsv.com/5793,2023-03-31T16:13:08.44,1,"This listing is <strong>not</strong> a physical item. Please keep in mind that this <strong>Code Card</strong> listing represents a digital copy of the stated item for the Pokémon TCG Online <strong>and/or</strong> the Pokémon TCG Live games. You may receive the physical <strong>Code Card</strong>. Upon purchase, please work with your specific Seller by sending them a message using the <strong>Contact Seller</strong> button on the order details in your <a href=https://store.tcgplayer.com/myaccount/orderhistory>Order History</a> to opt in to having your <strong>Code Card</strong> code delivered digitally due to the nature of the product.",,,,,,,,Code Card,,,,,,,,,,
270856,Code Card - Legendary Battle Decks [Ho-Oh],Code Card Legendary Battle Decks Ho Oh,https://tcgplayer-cdn.tcgplayer.com/product/270856_200w.jpg,3,1919,https://cpt.tcgcsv.com/8mb3,2023-03-31T16:18:51.717,1,"This listing is <strong>not</strong> a physical item. Please keep in mind that this <strong>Code Card</strong> listing represents a digital copy of the stated item for the Pokémon TCG Online <strong>and/or</strong> the Pokémon TCG Live games. You may receive the physical <strong>Code Card</strong>. Upon purchase, please work with your specific Seller by sending them a message using the <strong>Contact Seller</strong> button on the order details in your <a href=https://store.tcgplayer.com/myaccount/orderhistory>Order History</a> to opt in to having your <strong>Code Card</strong> code delivered digitally due to the nature of the product.",6.54,7.0,7.0,,,Normal,,Code Card,,,,,,,,,,
276577,Guardians Rising Booster Pack Art Bundle [Set of 5],Guardians Rising Booster Pack Art Bundle Set of 5,https://tcgplayer-cdn.tcgplayer.com/product/276577_200w.jpg,3,1919,https://cpt.tcgcsv.com/zFd3,2022-06-20T18:43:13.047,1,"Collect each of the 5 unique art packs for Guardians Rising.
<br>Each Guardians Rising booster pack contains 10 random cards.",,,,,,,,,,,,,,,,,,
276578,Guardians Rising Sleeved Booster Pack Art Bundle [Set of 4],Guardians Rising Sleeved Booster Pack Art Bundle Set of 4,https://tcgplayer-cdn.tcgplayer.com/product/276578_200w.jpg,3,1919,https://cpt.tcgcsv.com/BFd3,2023-03-10T14:25:09.073,1,"Collect each of the 4 unique art packs for Guardians Rising.
<br>Each Guardians Rising booster pack contains 10 random cards.",144.0,147.0,149.99,122.5,,Normal,,,,,,,,,,,,
453427,Code Card - Battle Arena Deck [Black Kyurem EX],Code Card Battle Arena Deck Black Kyurem EX,https://tcgplayer-cdn.tcgplayer.com/product/453427_200w.jpg,3,1919,https://cpt.tcgcsv.com/znF5,2023-03-31T15:55:14.923,1,"This listing is <strong>not</strong> a physical item. Please keep in mind that this <strong>Code Card</strong> listing represents a digital copy of the stated item for the Pokémon TCG Online <strong>and/or</strong> the Pokémon TCG Live games. You may receive the physical <strong>Code Card</strong>. Upon purchase, please work with your specific Seller by sending them a message using the <strong>Contact Seller</strong> button on the order details in your <a href=https://store.tcgplayer.com/myaccount/orderhistory>Order History</a> to opt in to having your <strong>Code Card</strong> code delivered digitally due to the nature of the product.",,,,,,,,Code Card,,,,,,,,,,
453428,Code Card - Battle Arena Deck [White Kyurem EX],Code Card Battle Arena Deck White Kyurem EX,https://tcgplayer-cdn.tcgplayer.com/product/453428_200w.jpg,3,1919,https://cpt.tcgcsv.com/BnF5,2023-03-31T15:55:28.913,1,"This listing is <strong>not</strong> a physical item. Please keep in mind that this <strong>Code Card</strong> listing represents a digital copy of the stated item for the Pokémon TCG Online <strong>and/or</strong> the Pokémon TCG Live games. You may receive the physical <strong>Code Card</strong>. Upon purchase, please work with your specific Seller by sending them a message using the <strong>Contact Seller</strong> button on the order details in your <a href=https://store.tcgplayer.com/myaccount/orderhistory>Order History</a> to opt in to having your <strong>Code Card</strong> code delivered digitally due to the nature of the product.",2.0,2.0,2.0,,,Normal,,Code Card,,,,,,,,,,
483606,"Code Card - Guardians Rising Theme Deck - ""Steel Sun"" [Solgaleo]",Code Card Guardians Rising Theme Deck Steel Sun Solgaleo,https://tcgplayer-cdn.tcgplayer.com/product/483606_200w.jpg,3,1919,https://cpt.tcgcsv.com/8sT5,2023-02-28T19:31:52.993,1,"This listing is <strong>not</strong> a physical item. Please keep in mind that this <strong>Code Card</strong> listing represents a digital copy of the stated item for the Pokémon TCG Online <strong>and/or</strong> the Pokémon TCG Live games. You may receive the physical <strong>Code Card</strong>. Upon purchase, please work with your specific Seller by sending them a message using the <strong>Contact Seller</strong> button on the order details in your <a href=https://store.tcgplayer.com/myaccount/orderhistory>Order History</a> to opt in to having your <strong>Code Card</strong> code delivered digitally due to the nature of the product.",1.0,1.75,2.0,,,Normal,,Code Card,,,,,,,,,,
515731,Code Card - Legendary Battle Decks [Lugia],Code Card Legendary Battle Decks Lugia,https://tcgplayer-cdn.tcgplayer.com/product/515731_200w.jpg,3,1919,https://cpt.tcgcsv.com/Fj86,2023-09-07T13:05:36.063,1,"This listing is <strong>not</strong> a physical item. Please keep in mind that this <strong>Code Card</strong> listing represents a digital copy of the stated item for the Pokémon TCG Online <strong>and/or</strong> the Pokémon TCG Live games. You may receive the physical <strong>Code Card</strong>. Upon purchase, please work with your specific Seller by sending them a message using the <strong>Contact Seller</strong> button on the order details in your <a href=https://store.tcgplayer.com/myaccount/orderhistory>Order History</a> to opt in to having your <strong>Code Card</strong> code delivered digitally due to the nature of the product.",2.0,2.85,3.69,,,Normal,,Code Card,,,,,,,,,,
588314,Code Card - Mini Binder 2 Pack Blister,Code Card Mini Binder 2 Pack Blister,https://tcgplayer-cdn.tcgplayer.com/product/588314_200w.jpg,3,1919,https://cpt.tcgcsv.com/jlK6,2024-10-24T15:08:33.443,1,"This listing is <strong>not</strong> a physical item. Please keep in mind that this <strong>Code Card</strong> listing represents a digital copy of the stated item for the Pokémon TCG Online <strong>and/or</strong> the Pokémon TCG Live games. You may receive the physical <strong>Code Card</strong>. Upon purchase, please work with your specific Seller by sending them a message using the <strong>Contact Seller</strong> button on the order details in your <a href=https://store.tcgplayer.com/myaccount/orderhistory>Order History</a> to opt in to having your <strong>Code Card</strong> code delivered digitally due to the nature of the product.",1.0,1.0,1.0,,,Normal,,Code Card,,,,,,,,,,
616825,Guardians Rising Sleeved Booster Pack,Guardians Rising Sleeved Booster Pack,https://tcgplayer-cdn.tcgplayer.com/product/616825_200w.jpg,3,1919,https://cpt.tcgcsv.com/wLX6,2025-02-04T18:48:38.927,1,Each Sword & Moon—Guardians Rising sleeved booster pack contains 10 random cards.,31.95,33.0,49.5,32.09,,Normal,,,,,,,,,,,,0820650802157
618840,Guardians Rising Booster Box Case,Guardians Rising Booster Box Case,https://tcgplayer-cdn.tcgplayer.com/product/618840_200w.jpg,3,1919,https://cpt.tcgcsv.com/QxZ6,2025-04-03T15:29:50.21,1,"Island Guardians, Ready for Battle!
<br>
<br>Visit Alola for Pokémon fun, from the beaches to the mountain peaks—and discover new traditions and new challenges! Sharpen your skills, meet new Pokémon, and be amazed by their secret powers. Come to the islands, and seize the power of the Pokémon TCG: Sun & Moon—Guardians Rising expansion!
<br><br>
<br>•Each Sun & Moon: Guardians Rising - booster box Case contains 6 booster boxes.
<br>• Each Sun & Moon: Guardians Rising - booster box contains 36 booster packs.
<br>• Each Sun & Moon: Guardians Rising - booster pack contains 10 randomly inserted game cards.
<br>
<br>Cards vary by pack. Packs may vary by products.",,,,,,,,,,,,,,,,,,
