productId,name,cleanName,imageUrl,categoryId,groupId,url,modifiedOn,imageCount,extCardText,lowPrice,midPrice,highPrice,marketPrice,directLowPrice,subTypeName,extNumber,extRarity,extCardType,extHP,extStage,extAttack1,extAttack2,extAttack3,extWeakness,extResistance,extRetreatCost,extUPC
181693,Towering Splash GX Box,Towering Splash GX Box,https://tcgplayer-cdn.tcgplayer.com/product/181693_200w.jpg,3,2377,https://cpt.tcgcsv.com/THs2,2018-12-06T18:32:13.3,1,"The Pokemon TCG: Towering Splash GX Box brings two Water Type Pokemon together, the Magikarp and the Wailord to make a mighty splash. The Tag Team Pokemon will appear together on a foil promo card and an oversize foil card. Together Magikarp and Wailord GX boast 300 HP – the biggest HP total in the Pokemon TCG. The box also includes four Pokemon TCG boosters and a code card for the online game.",,,,,,,,,,,,,,,,,,
181698,Team Up Booster Box,Team Up Booster Box,https://tcgplayer-cdn.tcgplayer.com/product/181698_200w.jpg,3,2377,https://cpt.tcgcsv.com/-Hs2,2018-12-06T19:01:13.797,1,Each Sun & Moon—Team Up booster box contains 36 booster packs <em>(each containing random 10 cards)</em>.,11448.0,11724.0,12000.0,10481.47,,Normal,,,,,,,,,,,,
181699,Team Up Booster Pack,Team Up Booster Pack,https://tcgplayer-cdn.tcgplayer.com/product/181699_200w.jpg,3,2377,https://cpt.tcgcsv.com/_Hs2,2020-04-09T23:31:08.127,1,Each Sun&Moon—Team Up booster pack contains random 10 cards.,250.0,299.92,615.0,229.06,,Normal,,,,,,,,,,,,
181700,Team Up 3 Pack Blister [Deoxys],Team Up 3 Pack Blister Deoxys,https://tcgplayer-cdn.tcgplayer.com/product/181700_200w.jpg,3,2377,https://cpt.tcgcsv.com/0Js2,2018-12-06T19:05:35.417,1,"Each blister comes with 3 SM—Team Up booster packs, a coin, and a promotional card of Deoxys.",4499.99,4499.99,4499.99,,,Normal,,,,,,,,,,,,
181701,Team Up 3 Pack Blister [Ultra Necrozma],Team Up 3 Pack Blister Ultra Necrozma,https://tcgplayer-cdn.tcgplayer.com/product/181701_200w.jpg,3,2377,https://cpt.tcgcsv.com/2Js2,2018-12-06T19:05:24.29,1,"Each blister comes with 3 SM—Team Up booster packs, a coin, and a promotional card of Ultra Necrozma.",4499.99,4499.99,4499.99,,,Normal,,,,,,,,,,,,
181702,Team Up Single Pack Blister [Mimikyu],Team Up Single Pack Blister Mimikyu,https://tcgplayer-cdn.tcgplayer.com/product/181702_200w.jpg,3,2377,https://cpt.tcgcsv.com/3Js2,2023-03-27T13:52:43.963,1,"Each blister comes with 1 SM—Team Up booster packs, a coin, and a promotional card of Mimikyu.",324.99,429.0,595.0,278.91,,Normal,,,,,,,,,,,,
181703,Team Up Single Pack Blister [Pikachu],Team Up Single Pack Blister Pikachu,https://tcgplayer-cdn.tcgplayer.com/product/181703_200w.jpg,3,2377,https://cpt.tcgcsv.com/5Js2,2021-03-15T16:46:37.953,1,"Each blister comes with 1 SM—Team Up booster packs, a coin, and a promotional card of Pikachu.",414.98,430.0,599.99,389.42,,Normal,,,,,,,,,,,,
181704,Team Up Elite Trainer Box,Team Up Elite Trainer Box,https://tcgplayer-cdn.tcgplayer.com/product/181704_200w.jpg,3,2377,https://cpt.tcgcsv.com/6Js2,2019-01-24T14:52:25.443,1,"<strong>Contents:</strong>
<br>• 8 Team Up booster packs
<br>• 65 card sleeves
<br>• 45 Energy cards
<br>• A player's guide
<br>• 6 damage-counter dice
<br>• Competition-legal coin-flip die
<br>• 2 acrylic condition markers
<br>• 1 acrylic GX marker
<br>• A collector's box
<br>• 4 dividers
<br>• A Pokemon Trading Card Game Online code card",4000.0,4000.0,4000.0,3262.15,,Normal,,,,,,,,,,,,
181705,"Team Up Theme Deck - ""Relentless Flame"" [Charizard]",Team Up Theme Deck Relentless Flame Charizard,https://tcgplayer-cdn.tcgplayer.com/product/181705_200w.jpg,3,2377,https://cpt.tcgcsv.com/7Js2,2019-01-25T22:06:49.787,1,"<strong>Contents:</strong>
<br>• 1 60-card preconstructed deck 
<br>• Damage counters 
<br>• 1 coin",71.0,80.0,90.0,69.33,,Normal,,,,,,,,,,,,
181706,"Team Up Theme Deck - ""Torrential Cannon"" [Blastoise]",Team Up Theme Deck Torrential Cannon Blastoise,https://tcgplayer-cdn.tcgplayer.com/product/181706_200w.jpg,3,2377,https://cpt.tcgcsv.com/8Js2,2023-03-28T12:39:24.797,1,"<strong>Contents:</strong>
<br>• 1 60-card preconstructed deck 
<br>• Damage counters 
<br>• 1 coin",59.99,70.95,78.0,67.81,,Normal,,,,,,,,,,,,
183770,Celebi & Venusaur GX,Celebi and Venusaur GX,https://tcgplayer-cdn.tcgplayer.com/product/183770_200w.jpg,3,2377,https://cpt.tcgcsv.com/qwt2,2026-02-02T19:19:46.573,1,"[Tag Team] When your TAG TEAM is Knocked Out, your opponent takes 3 Prize cards.",32.0,42.23,96.95,38.39,37.83,Holofoil,1/181,Ultra Rare,Grass,270,Basic,"[2G] Pollen Hazard (50)
<br>Your opponent's Active Pokemon is now Burned, Confused, and Poisoned.",[2GG] Solar Beam (150),"<span style=""color:Teal""><strong>[2GG+] Evergreen GX (180)</strong>
<br>Heal all damage from this Pokemon. If this Pokemon has at least 1 extra Grass Energy attached to it <em>(in addition to this attack's cost)</em>, shuffle all cards from your discard pile into your deck. <em>(You can't use more than 1 GX attack in a game.)</em></span>",Rx2,None,4,
183771,Celebi & Venusaur GX (Full Art),Celebi and Venusaur GX Full Art,https://tcgplayer-cdn.tcgplayer.com/product/183771_200w.jpg,3,2377,https://cpt.tcgcsv.com/rwt2,2022-12-08T20:37:06.2,1,"[Tag Team] When your TAG TEAM is Knocked Out, your opponent takes 3 Prize cards.",55.0,71.85,129.49,62.48,,Holofoil,159/181,Ultra Rare,Grass,270,Basic,"[2G] Pollen Hazard (50)
<br>Your opponent's Active Pokemon is now Burned, Confused, and Poisoned.",[2GG] Solar Beam (150),"<span style=""color:Teal""><strong>[2GG+] Evergreen GX (180)</strong>
<br>Heal all damage from this Pokemon. If this Pokemon has at least 1 extra Grass Energy attached to it <em>(in addition to this attack's cost)</em>, shuffle all cards from your discard pile into your deck. <em>(You can't use more than 1 GX attack in a game.)</em></span>",Rx2,None,4,
183772,Celebi & Venusaur GX (Secret),Celebi and Venusaur GX Secret,https://tcgplayer-cdn.tcgplayer.com/product/183772_200w.jpg,3,2377,https://cpt.tcgcsv.com/swt2,2022-12-08T20:40:20.373,1,"[Tag Team] When your TAG TEAM is Knocked Out, your opponent takes 3 Prize cards.",85.99,120.0,199.69,111.3,,Holofoil,182/181,Secret Rare,Grass,270,Basic,"[2G] Pollen Hazard (50)
<br>Your opponent's Active Pokemon is now Burned, Confused, and Poisoned.",[2GG] Solar Beam (150),"<span style=""color:Teal""><strong>[2GG+] Evergreen GX (180)</strong>
<br>Heal all damage from this Pokemon. If this Pokemon has at least 1 extra Grass Energy attached to it <em>(in addition to this attack's cost)</em>, shuffle all cards from your discard pile into your deck. <em>(You can't use more than 1 GX attack in a game.)</em></span>",Rx2,None,4,
183773,Weedle (2),Weedle 2,https://tcgplayer-cdn.tcgplayer.com/product/183773_200w.jpg,3,2377,https://cpt.tcgcsv.com/twt2,2025-11-21T00:28:56.29,1,,0.1,0.25,1.49,0.26,,Normal,2/181,Common,Grass,40,Basic,"[G] Tangle Drag
<br>Switch 1 of your opponent's Benched Pokemon with their Active Pokemon.",[G] Bug Bite (10),,Rx2,None,1,
183773,Weedle (2),Weedle 2,https://tcgplayer-cdn.tcgplayer.com/product/183773_200w.jpg,3,2377,https://cpt.tcgcsv.com/twt2,2025-11-21T00:28:56.29,1,,0.35,0.72,2.66,0.64,2.6,Reverse Holofoil,2/181,Common,Grass,40,Basic,"[G] Tangle Drag
<br>Switch 1 of your opponent's Benched Pokemon with their Active Pokemon.",[G] Bug Bite (10),,Rx2,None,1,
183774,Weedle (3),Weedle 3,https://tcgplayer-cdn.tcgplayer.com/product/183774_200w.jpg,3,2377,https://cpt.tcgcsv.com/vwt2,2025-02-07T20:03:43.527,1,,0.11,0.38,1.49,0.34,,Reverse Holofoil,3/181,Common,Grass,50,Basic,"[1] Reckless Charge (20)
<br>This Pokemon does 10 damage to itself.",,,Rx2,None,1,
183774,Weedle (3),Weedle 3,https://tcgplayer-cdn.tcgplayer.com/product/183774_200w.jpg,3,2377,https://cpt.tcgcsv.com/vwt2,2025-02-07T20:03:43.527,1,,0.04,0.2,1.49,0.13,,Normal,3/181,Common,Grass,50,Basic,"[1] Reckless Charge (20)
<br>This Pokemon does 10 damage to itself.",,,Rx2,None,1,
183775,Kakuna,Kakuna,https://tcgplayer-cdn.tcgplayer.com/product/183775_200w.jpg,3,2377,https://cpt.tcgcsv.com/wwt2,2026-03-10T15:08:43.437,1,"<strong>Ability — Grass Cushion</strong>
<br>If this Pokemon has any Grass Energy attached to it, it takes 30 less damage from attacks <em>(after applying Weakness and Resistance)</em>.",0.1,0.32,1.54,0.33,,Normal,4/181,Uncommon,Grass,80,Stage 1,[2] Bug Bite (20),,,Rx2,None,3,
183775,Kakuna,Kakuna,https://tcgplayer-cdn.tcgplayer.com/product/183775_200w.jpg,3,2377,https://cpt.tcgcsv.com/wwt2,2026-03-10T15:08:43.437,1,"<strong>Ability — Grass Cushion</strong>
<br>If this Pokemon has any Grass Energy attached to it, it takes 30 less damage from attacks <em>(after applying Weakness and Resistance)</em>.",0.55,0.79,2.86,0.65,2.31,Reverse Holofoil,4/181,Uncommon,Grass,80,Stage 1,[2] Bug Bite (20),,,Rx2,None,3,
183776,Beedrill,Beedrill,https://tcgplayer-cdn.tcgplayer.com/product/183776_200w.jpg,3,2377,https://cpt.tcgcsv.com/xwt2,2022-12-08T19:33:48.643,1,,0.19,0.38,1.49,0.35,0.3,Normal,5/181,Rare,Grass,130,Stage 2,"[G] Destiny Stinger
<br>You can use this attack only if this Pokemon has any damage counters on it. Both Active Pokemon are Knocked Out.","[2] Reckless Charge (90)
<br>This Pokemon does 10 damage to itself.",,Rx2,None,1,
183776,Beedrill,Beedrill,https://tcgplayer-cdn.tcgplayer.com/product/183776_200w.jpg,3,2377,https://cpt.tcgcsv.com/xwt2,2022-12-08T19:33:48.643,1,,0.25,0.67,6.9,0.67,,Reverse Holofoil,5/181,Rare,Grass,130,Stage 2,"[G] Destiny Stinger
<br>You can use this attack only if this Pokemon has any damage counters on it. Both Active Pokemon are Knocked Out.","[2] Reckless Charge (90)
<br>This Pokemon does 10 damage to itself.",,Rx2,None,1,
183777,Paras,Paras,https://tcgplayer-cdn.tcgplayer.com/product/183777_200w.jpg,3,2377,https://cpt.tcgcsv.com/zwt2,2025-02-07T20:03:43.587,1,,0.02,0.2,1.49,0.16,,Normal,6/181,Common,Grass,70,Basic,[1] Scratch (10),[1G] Slash (20),,Rx2,None,1,
183777,Paras,Paras,https://tcgplayer-cdn.tcgplayer.com/product/183777_200w.jpg,3,2377,https://cpt.tcgcsv.com/zwt2,2025-02-07T20:03:43.587,1,,0.07,0.35,2.99,0.34,0.26,Reverse Holofoil,6/181,Common,Grass,70,Basic,[1] Scratch (10),[1G] Slash (20),,Rx2,None,1,
183778,Parasect,Parasect,https://tcgplayer-cdn.tcgplayer.com/product/183778_200w.jpg,3,2377,https://cpt.tcgcsv.com/Bwt2,2025-02-07T20:03:43.65,1,"<strong>Ability — Panic Spores</strong>
<br>Put 2 damage counters on your opponent's Confused Pokemon between turns.",0.25,0.54,2.99,0.54,,Reverse Holofoil,7/181,Rare,Grass,100,Stage 1,"[1G] Mysterious Powder (30)
<br>Flip a coin. If heads, your opponent's Active Pokemon is now Confused.",,,Rx2,None,2,
183778,Parasect,Parasect,https://tcgplayer-cdn.tcgplayer.com/product/183778_200w.jpg,3,2377,https://cpt.tcgcsv.com/Bwt2,2025-02-07T20:03:43.65,1,"<strong>Ability — Panic Spores</strong>
<br>Put 2 damage counters on your opponent's Confused Pokemon between turns.",0.1,0.35,1.49,0.29,,Normal,7/181,Rare,Grass,100,Stage 1,"[1G] Mysterious Powder (30)
<br>Flip a coin. If heads, your opponent's Active Pokemon is now Confused.",,,Rx2,None,2,
183779,Exeggcute,Exeggcute,https://tcgplayer-cdn.tcgplayer.com/product/183779_200w.jpg,3,2377,https://cpt.tcgcsv.com/Cwt2,2025-02-07T20:03:43.697,1,,0.01,0.2,1.49,0.08,,Normal,8/181,Common,Grass,50,Basic,"[G] Bullet Seed (10x)
<br>Flip 4 coins. This attack does 10 damage for each heads.",,,Rx2,None,1,
183779,Exeggcute,Exeggcute,https://tcgplayer-cdn.tcgplayer.com/product/183779_200w.jpg,3,2377,https://cpt.tcgcsv.com/Cwt2,2025-02-07T20:03:43.697,1,,0.16,0.34,1.0,0.28,0.35,Reverse Holofoil,8/181,Common,Grass,50,Basic,"[G] Bullet Seed (10x)
<br>Flip 4 coins. This attack does 10 damage for each heads.",,,Rx2,None,1,
183780,Pinsir,Pinsir,https://tcgplayer-cdn.tcgplayer.com/product/183780_200w.jpg,3,2377,https://cpt.tcgcsv.com/Dwt2,2025-02-07T20:03:43.743,1,,0.2,0.55,1.99,0.54,,Reverse Holofoil,9/181,Rare,Grass,120,Basic,"[2] Grip and Squeeze (30)
<br>The Defending Pokemon can't retreat during your opponent's next turn.","[2G] Guillotine Hug
<br>Flip 2 coins. If both of them are heads, your opponent's Active Pokemon is Knocked Out.",,Rx2,None,3,
183780,Pinsir,Pinsir,https://tcgplayer-cdn.tcgplayer.com/product/183780_200w.jpg,3,2377,https://cpt.tcgcsv.com/Dwt2,2025-02-07T20:03:43.743,1,,0.1,0.34,1.49,0.31,,Normal,9/181,Rare,Grass,120,Basic,"[2] Grip and Squeeze (30)
<br>The Defending Pokemon can't retreat during your opponent's next turn.","[2G] Guillotine Hug
<br>Flip 2 coins. If both of them are heads, your opponent's Active Pokemon is Knocked Out.",,Rx2,None,3,
183781,Shaymin Prism Star,Shaymin Prism Star,https://tcgplayer-cdn.tcgplayer.com/product/183781_200w.jpg,3,2377,https://cpt.tcgcsv.com/Fwt2,2025-12-10T22:18:17.607,1,,1.61,4.95,39.99,4.51,1.79,Holofoil,10/181,Prism Rare,Grass,80,Basic,[GG] This attack does 30 damage times the amount of basic Energy attached to all of your Pokemon.,,,Rx2,None,0,
183782,Charmander (11),Charmander 11,https://tcgplayer-cdn.tcgplayer.com/product/183782_200w.jpg,3,2377,https://cpt.tcgcsv.com/Gwt2,2026-03-06T18:56:34.96,1,,0.16,0.36,1.49,0.4,,Normal,11/181,Common,Fire,50,Basic,[R] Scratch (10),"[2] Reprisal (20x)
<br>This attack does 20 damage for each damage counter on this Pokemon.",,Wx2,None,1,
183782,Charmander (11),Charmander 11,https://tcgplayer-cdn.tcgplayer.com/product/183782_200w.jpg,3,2377,https://cpt.tcgcsv.com/Gwt2,2026-03-06T18:56:34.96,1,,0.83,1.7,4.99,1.66,,Reverse Holofoil,11/181,Common,Fire,50,Basic,[R] Scratch (10),"[2] Reprisal (20x)
<br>This attack does 20 damage for each damage counter on this Pokemon.",,Wx2,None,1,
183783,Charmander (12),Charmander 12,https://tcgplayer-cdn.tcgplayer.com/product/183783_200w.jpg,3,2377,https://cpt.tcgcsv.com/Hwt2,2025-02-07T20:03:43.79,1,,0.1,0.34,1.49,0.39,,Normal,12/181,Common,Fire,70,Basic,"[R] Ember (30)
<br>Discard an Energy from this Pokemon.",,,Wx2,None,1,
183783,Charmander (12),Charmander 12,https://tcgplayer-cdn.tcgplayer.com/product/183783_200w.jpg,3,2377,https://cpt.tcgcsv.com/Hwt2,2025-02-07T20:03:43.79,1,,1.0,2.07,5.0,2.24,,Reverse Holofoil,12/181,Common,Fire,70,Basic,"[R] Ember (30)
<br>Discard an Energy from this Pokemon.",,,Wx2,None,1,
183784,Charmeleon,Charmeleon,https://tcgplayer-cdn.tcgplayer.com/product/183784_200w.jpg,3,2377,https://cpt.tcgcsv.com/Jwt2,2022-12-08T19:34:48.95,1,,0.26,0.67,2.5,0.67,,Reverse Holofoil,13/181,Uncommon,Fire,90,Stage 1,"[RR] Fire Fang (30)
<br>Your opponent's Active Pokemon is now Burned.",,,Wx2,None,2,
183784,Charmeleon,Charmeleon,https://tcgplayer-cdn.tcgplayer.com/product/183784_200w.jpg,3,2377,https://cpt.tcgcsv.com/Jwt2,2022-12-08T19:34:48.95,1,,0.05,0.28,2.5,0.28,0.28,Normal,13/181,Uncommon,Fire,90,Stage 1,"[RR] Fire Fang (30)
<br>Your opponent's Active Pokemon is now Burned.",,,Wx2,None,2,
183785,Charizard,Charizard,https://tcgplayer-cdn.tcgplayer.com/product/183785_200w.jpg,3,2377,https://cpt.tcgcsv.com/Kwt2,2026-02-17T13:05:31.79,1,"<strong>Ability — Roaring Resolve</strong>
<br>Once during your turn <em>(before your attack)</em>, you may put 2 damage counters on this Pokemon. If you do, search your deck for up to 2 Fire Energy cards and attach them to this Pokemon. Then, shuffle your deck.",9.25,15.5,4321.0,15.5,24.99,Normal,14/181,Rare,Fire,150,Stage 2,"[RR] Continuous Blaze Ball (30+)
<br>Discard all Fire Energy from this Pokemon. This attack does 50 more damage for each card you discarded in this way.",,,Wx2,None,2,
183785,Charizard,Charizard,https://tcgplayer-cdn.tcgplayer.com/product/183785_200w.jpg,3,2377,https://cpt.tcgcsv.com/Kwt2,2026-02-17T13:05:31.79,1,"<strong>Ability — Roaring Resolve</strong>
<br>Once during your turn <em>(before your attack)</em>, you may put 2 damage counters on this Pokemon. If you do, search your deck for up to 2 Fire Energy cards and attach them to this Pokemon. Then, shuffle your deck.",14.7,20.0,29.99,17.05,25.24,Reverse Holofoil,14/181,Rare,Fire,150,Stage 2,"[RR] Continuous Blaze Ball (30+)
<br>Discard all Fire Energy from this Pokemon. This attack does 50 more damage for each card you discarded in this way.",,,Wx2,None,2,
183786,Vulpix,Vulpix,https://tcgplayer-cdn.tcgplayer.com/product/183786_200w.jpg,3,2377,https://cpt.tcgcsv.com/Lwt2,2025-02-07T20:03:43.837,1,,0.06,0.25,1.49,0.22,,Normal,15/181,Common,Fire,60,Basic,"[1] Tail Whip
<br>Flip a coin. If heads, the Defending Pokemon can't attack during your opponent's next turn.",,,Wx2,None,1,
183786,Vulpix,Vulpix,https://tcgplayer-cdn.tcgplayer.com/product/183786_200w.jpg,3,2377,https://cpt.tcgcsv.com/Lwt2,2025-02-07T20:03:43.837,1,,0.45,0.75,2.0,0.77,,Reverse Holofoil,15/181,Common,Fire,60,Basic,"[1] Tail Whip
<br>Flip a coin. If heads, the Defending Pokemon can't attack during your opponent's next turn.",,,Wx2,None,1,
183787,Ninetales,Ninetales,https://tcgplayer-cdn.tcgplayer.com/product/183787_200w.jpg,3,2377,https://cpt.tcgcsv.com/Mwt2,2025-02-07T20:03:43.9,1,"<strong>Ability — Nine Temptations</strong>
<br>Once during your turn <em>(before your attack)</em>, you may discard 2 Fire Energy cards from your hand. If you do, switch 1 of your opponent's Benched Pokemon with their Active Pokemon.",3.11,3.57,9.99,3.76,,Reverse Holofoil,16/181,Rare,Fire,100,Stage 1,[2R] Flame Tail (90),,,Wx2,None,1,
183787,Ninetales,Ninetales,https://tcgplayer-cdn.tcgplayer.com/product/183787_200w.jpg,3,2377,https://cpt.tcgcsv.com/Mwt2,2025-02-07T20:03:43.9,1,"<strong>Ability — Nine Temptations</strong>
<br>Once during your turn <em>(before your attack)</em>, you may discard 2 Fire Energy cards from your hand. If you do, switch 1 of your opponent's Benched Pokemon with their Active Pokemon.",0.4,1.07,2.0,1.15,1.45,Normal,16/181,Rare,Fire,100,Stage 1,[2R] Flame Tail (90),,,Wx2,None,1,
183788,Ponyta,Ponyta,https://tcgplayer-cdn.tcgplayer.com/product/183788_200w.jpg,3,2377,https://cpt.tcgcsv.com/Nwt2,2025-02-07T20:03:43.977,1,,0.03,0.22,1.49,0.19,,Normal,17/181,Common,Fire,70,Basic,[R] Live Coal (10),"[RR] Stomp (10+)
<br>Flip a coin. If heads, this attack does 30 more damage.",,Wx2,None,1,
183788,Ponyta,Ponyta,https://tcgplayer-cdn.tcgplayer.com/product/183788_200w.jpg,3,2377,https://cpt.tcgcsv.com/Nwt2,2025-02-07T20:03:43.977,1,,0.2,0.39,2.99,0.4,,Reverse Holofoil,17/181,Common,Fire,70,Basic,[R] Live Coal (10),"[RR] Stomp (10+)
<br>Flip a coin. If heads, this attack does 30 more damage.",,Wx2,None,1,
183789,Rapidash,Rapidash,https://tcgplayer-cdn.tcgplayer.com/product/183789_200w.jpg,3,2377,https://cpt.tcgcsv.com/Pwt2,2025-02-07T20:03:44.057,1,,0.19,0.46,1.49,0.47,,Reverse Holofoil,18/181,Uncommon,Fire,100,Stage 1,"[R] Searing Flame (20)
<br>Your opponent's Active Pokemon is now Burned.","[RR] Agility (60)
<br>Flip a coin. If heads, prevent all effects of attacks, including damage, done to this Pokemon during your opponent's next turn.",,Wx2,None,1,
183789,Rapidash,Rapidash,https://tcgplayer-cdn.tcgplayer.com/product/183789_200w.jpg,3,2377,https://cpt.tcgcsv.com/Pwt2,2025-02-07T20:03:44.057,1,,0.05,0.21,1.49,0.19,,Normal,18/181,Uncommon,Fire,100,Stage 1,"[R] Searing Flame (20)
<br>Your opponent's Active Pokemon is now Burned.","[RR] Agility (60)
<br>Flip a coin. If heads, prevent all effects of attacks, including damage, done to this Pokemon during your opponent's next turn.",,Wx2,None,1,
183790,Moltres,Moltres,https://tcgplayer-cdn.tcgplayer.com/product/183790_200w.jpg,3,2377,https://cpt.tcgcsv.com/Qwt2,2024-02-28T03:36:29.953,1,,2.25,2.8,9.99,2.76,3.04,Holofoil,19/181,Holo Rare,Fire,120,Basic,"[R] Top Burner
<br>Discard all Fire Energy from this Pokemon. Then, discard a card from the top of your opponent's deck for each Energy you discarded in this way.","[1RRR] Fire Spin (180)
<br>Discard 3 Energy from this Pokemon.",,Lx2,F-20,2,
183790,Moltres,Moltres,https://tcgplayer-cdn.tcgplayer.com/product/183790_200w.jpg,3,2377,https://cpt.tcgcsv.com/Qwt2,2024-02-28T03:36:29.953,1,,1.96,2.84,6.0,2.56,,Reverse Holofoil,19/181,Holo Rare,Fire,120,Basic,"[R] Top Burner
<br>Discard all Fire Energy from this Pokemon. Then, discard a card from the top of your opponent's deck for each Energy you discarded in this way.","[1RRR] Fire Spin (180)
<br>Discard 3 Energy from this Pokemon.",,Lx2,F-20,2,
183791,Litten,Litten,https://tcgplayer-cdn.tcgplayer.com/product/183791_200w.jpg,3,2377,https://cpt.tcgcsv.com/Rwt2,2025-02-07T20:03:44.113,1,,0.03,0.22,1.49,0.22,,Normal,20/181,Common,Fire,60,Basic,"[1] Fasten Claws (10+)
<br>Flip a coin. If heads, this attack does 10 more damage.",,,Wx2,None,1,
183791,Litten,Litten,https://tcgplayer-cdn.tcgplayer.com/product/183791_200w.jpg,3,2377,https://cpt.tcgcsv.com/Rwt2,2025-02-07T20:03:44.113,1,,0.15,0.45,1.49,0.45,,Reverse Holofoil,20/181,Common,Fire,60,Basic,"[1] Fasten Claws (10+)
<br>Flip a coin. If heads, this attack does 10 more damage.",,,Wx2,None,1,
183792,Torracat,Torracat,https://tcgplayer-cdn.tcgplayer.com/product/183792_200w.jpg,3,2377,https://cpt.tcgcsv.com/Swt2,2022-12-08T19:35:47.877,1,,0.25,0.38,1.49,0.38,,Reverse Holofoil,21/181,Uncommon,Fire,90,Stage 1,"[1] Roar
<br>Your opponent switches their Active Pokemon with 1 of their Benched Pokemon.",[3] Claw Slash (60),,Wx2,None,2,
183792,Torracat,Torracat,https://tcgplayer-cdn.tcgplayer.com/product/183792_200w.jpg,3,2377,https://cpt.tcgcsv.com/Swt2,2022-12-08T19:35:47.877,1,,0.05,0.23,1.49,0.21,0.21,Normal,21/181,Uncommon,Fire,90,Stage 1,"[1] Roar
<br>Your opponent switches their Active Pokemon with 1 of their Benched Pokemon.",[3] Claw Slash (60),,Wx2,None,2,
183793,Squirtle (22),Squirtle 22,https://tcgplayer-cdn.tcgplayer.com/product/183793_200w.jpg,3,2377,https://cpt.tcgcsv.com/Twt2,2023-06-16T16:09:42.94,1,"<strong>Ability — Floating Shell</strong>
<br>If you have a Stadium card in play this Pokemon has no Retreat Cost.",0.4,0.95,96.95,0.89,4.02,Normal,22/181,Common,Water,50,Basic,[1W] Water Gun (30),,,Gx2,None,1,
183793,Squirtle (22),Squirtle 22,https://tcgplayer-cdn.tcgplayer.com/product/183793_200w.jpg,3,2377,https://cpt.tcgcsv.com/Twt2,2023-06-16T16:09:42.94,1,"<strong>Ability — Floating Shell</strong>
<br>If you have a Stadium card in play this Pokemon has no Retreat Cost.",6.47,10.34,14.99,5.89,,Reverse Holofoil,22/181,Common,Water,50,Basic,[1W] Water Gun (30),,,Gx2,None,1,
183794,Squirtle (23),Squirtle 23,https://tcgplayer-cdn.tcgplayer.com/product/183794_200w.jpg,3,2377,https://cpt.tcgcsv.com/Vwt2,2026-01-15T06:10:26.533,1,,0.25,0.72,96.95,0.72,0.81,Normal,23/181,Common,Water,70,Basic,[1] Tackle (10),[1W] Rain Splash (20),,Gx2,None,1,
183794,Squirtle (23),Squirtle 23,https://tcgplayer-cdn.tcgplayer.com/product/183794_200w.jpg,3,2377,https://cpt.tcgcsv.com/Vwt2,2026-01-15T06:10:26.533,1,,1.99,10.0,96.95,2.91,,Reverse Holofoil,23/181,Common,Water,70,Basic,[1] Tackle (10),[1W] Rain Splash (20),,Gx2,None,1,
183795,Wartortle,Wartortle,https://tcgplayer-cdn.tcgplayer.com/product/183795_200w.jpg,3,2377,https://cpt.tcgcsv.com/Wwt2,2025-11-29T04:11:29.303,1,,0.22,0.41,1.61,0.4,0.46,Normal,24/181,Uncommon,Water,90,Stage 1,[2] Tackle (30),[1WW] Waterfall (70),,Gx2,None,2,
183795,Wartortle,Wartortle,https://tcgplayer-cdn.tcgplayer.com/product/183795_200w.jpg,3,2377,https://cpt.tcgcsv.com/Wwt2,2025-11-29T04:11:29.303,1,,0.8,1.03,5.0,1.2,,Reverse Holofoil,24/181,Uncommon,Water,90,Stage 1,[2] Tackle (30),[1WW] Waterfall (70),,Gx2,None,2,
183796,Blastoise,Blastoise,https://tcgplayer-cdn.tcgplayer.com/product/183796_200w.jpg,3,2377,https://cpt.tcgcsv.com/Xwt2,2026-02-17T13:06:10.087,1,"<strong>Ability — Powerful Squall</strong>
<br>Once during your turn <em>(before your attack)</em>, you may look at the top 6 cards of your deck and attach any number of Water Energy cards you find there to your Pokemon in any way you like. Shuffle the other cards back into your deck.",13.36,15.99,49.99,11.81,,Reverse Holofoil,25/181,Rare,Water,160,Stage 2,"[WWW] Hydro Tackle (150)
<br>This Pokemon does 30 damage to itself.",,,Gx2,None,3,
183796,Blastoise,Blastoise,https://tcgplayer-cdn.tcgplayer.com/product/183796_200w.jpg,3,2377,https://cpt.tcgcsv.com/Xwt2,2026-02-17T13:06:10.087,1,"<strong>Ability — Powerful Squall</strong>
<br>Once during your turn <em>(before your attack)</em>, you may look at the top 6 cards of your deck and attach any number of Water Energy cards you find there to your Pokemon in any way you like. Shuffle the other cards back into your deck.",4.99,8.36,96.95,6.24,7.67,Normal,25/181,Rare,Water,160,Stage 2,"[WWW] Hydro Tackle (150)
<br>This Pokemon does 30 damage to itself.",,,Gx2,None,3,
183797,Psyduck,Psyduck,https://tcgplayer-cdn.tcgplayer.com/product/183797_200w.jpg,3,2377,https://cpt.tcgcsv.com/Zwt2,2025-12-10T04:12:56.893,1,,0.15,0.37,2.09,0.48,,Normal,26/181,Common,Water,60,Basic,"[1] Headache (10)
<br>Flip a coin. If heads, your opponent can't play any Trainer cards from their hand during their next turn.",,,Gx2,None,2,
183797,Psyduck,Psyduck,https://tcgplayer-cdn.tcgplayer.com/product/183797_200w.jpg,3,2377,https://cpt.tcgcsv.com/Zwt2,2025-12-10T04:12:56.893,1,,1.39,18.95,39.97,9.33,17.06,Reverse Holofoil,26/181,Common,Water,60,Basic,"[1] Headache (10)
<br>Flip a coin. If heads, your opponent can't play any Trainer cards from their hand during their next turn.",,,Gx2,None,2,
183798,Golduck,Golduck,https://tcgplayer-cdn.tcgplayer.com/product/183798_200w.jpg,3,2377,https://cpt.tcgcsv.com/-wt2,2025-02-07T20:03:44.197,1,,0.13,0.46,1.49,0.43,,Reverse Holofoil,27/181,Uncommon,Water,110,Stage 1,"[W] Amnesia (20)
<br>Choose 1 of your opponent's Active Pokemon's attacks. That Pokemon can't use that attack during your opponent's next turn.","[3] Swim (90)
<br>If any of your opponent's Pokemon have any Water Energy attached to them, you may do 90 damage to 1 of your opponent's Benched Pokemon instead of their Active Pokemon. <em>(Don't apply Weakness and Resistance for Benched Pokemon.)</em>",,Gx2,None,1,
183798,Golduck,Golduck,https://tcgplayer-cdn.tcgplayer.com/product/183798_200w.jpg,3,2377,https://cpt.tcgcsv.com/-wt2,2025-02-07T20:03:44.197,1,,0.05,0.2,1.49,0.17,,Normal,27/181,Uncommon,Water,110,Stage 1,"[W] Amnesia (20)
<br>Choose 1 of your opponent's Active Pokemon's attacks. That Pokemon can't use that attack during your opponent's next turn.","[3] Swim (90)
<br>If any of your opponent's Pokemon have any Water Energy attached to them, you may do 90 damage to 1 of your opponent's Benched Pokemon instead of their Active Pokemon. <em>(Don't apply Weakness and Resistance for Benched Pokemon.)</em>",,Gx2,None,1,
183799,Staryu,Staryu,https://tcgplayer-cdn.tcgplayer.com/product/183799_200w.jpg,3,2377,https://cpt.tcgcsv.com/_wt2,2022-12-08T19:37:55.803,1,,0.16,0.35,2.99,0.35,,Reverse Holofoil,28/181,Common,Water,50,Basic,"[1] Numbing Water (10)
<br>Flip a coin. If heads, your opponent's Active Pokemon is now Paralyzed.",,,Gx2,None,1,
183799,Staryu,Staryu,https://tcgplayer-cdn.tcgplayer.com/product/183799_200w.jpg,3,2377,https://cpt.tcgcsv.com/_wt2,2022-12-08T19:37:55.803,1,,0.02,0.2,1.49,0.12,,Normal,28/181,Common,Water,50,Basic,"[1] Numbing Water (10)
<br>Flip a coin. If heads, your opponent's Active Pokemon is now Paralyzed.",,,Gx2,None,1,
183800,Magikarp,Magikarp,https://tcgplayer-cdn.tcgplayer.com/product/183800_200w.jpg,3,2377,https://cpt.tcgcsv.com/0xt2,2025-12-10T04:08:31.853,1,,0.15,0.3,2.48,0.3,0.25,Normal,29/181,Common,Water,30,Basic,"[W] Enter the Dragon
<br>Flip a coin. If heads, put a card that evolves from this Pokemon from your discard pile onto this Pokemon to evolve it.",,,Lx2,None,1,
183800,Magikarp,Magikarp,https://tcgplayer-cdn.tcgplayer.com/product/183800_200w.jpg,3,2377,https://cpt.tcgcsv.com/0xt2,2025-12-10T04:08:31.853,1,,0.75,1.5,96.94,1.7,1.48,Reverse Holofoil,29/181,Common,Water,30,Basic,"[W] Enter the Dragon
<br>Flip a coin. If heads, put a card that evolves from this Pokemon from your discard pile onto this Pokemon to evolve it.",,,Lx2,None,1,
183801,Gyarados,Gyarados,https://tcgplayer-cdn.tcgplayer.com/product/183801_200w.jpg,3,2377,https://cpt.tcgcsv.com/2xt2,2026-02-09T15:00:54.33,1,,3.68,5.21,10.99,6.44,5.21,Holofoil,30/181,Holo Rare,Water,150,Stage 1,"[W] Distilled Blast (30+)
<br>Reveal the top 7 cards of your deck. This attack does 30 more damage times the amount of Water Energy you find there. Then, shuffle those Energy cards back into your deck and discard the other cards.","[WWW] Hyper Beam (100)
<br>Discard an Energy from your opponent's Active Pokemon.",,Lx2,None,4,
183801,Gyarados,Gyarados,https://tcgplayer-cdn.tcgplayer.com/product/183801_200w.jpg,3,2377,https://cpt.tcgcsv.com/2xt2,2026-02-09T15:00:54.33,1,,4.32,6.33,9.94,7.92,,Reverse Holofoil,30/181,Holo Rare,Water,150,Stage 1,"[W] Distilled Blast (30+)
<br>Reveal the top 7 cards of your deck. This attack does 30 more damage times the amount of Water Energy you find there. Then, shuffle those Energy cards back into your deck and discard the other cards.","[WWW] Hyper Beam (100)
<br>Discard an Energy from your opponent's Active Pokemon.",,Lx2,None,4,
183802,Lapras,Lapras,https://tcgplayer-cdn.tcgplayer.com/product/183802_200w.jpg,3,2377,https://cpt.tcgcsv.com/3xt2,2022-12-08T19:38:25.31,1,,1.75,2.44,39.99,2.32,2.27,Normal,31/181,Rare,Water,130,Basic,"[W] Confuse Ray
<br>Your opponent's Active Pokemon is now Confused.","[1] Hydro Pump (10+)
<br>This attack does 30 more damage times the amount of Water Energy attached to this Pokemon.",,Mx2,None,3,
183802,Lapras,Lapras,https://tcgplayer-cdn.tcgplayer.com/product/183802_200w.jpg,3,2377,https://cpt.tcgcsv.com/3xt2,2022-12-08T19:38:25.31,1,,4.67,5.95,49.99,5.83,6.41,Reverse Holofoil,31/181,Rare,Water,130,Basic,"[W] Confuse Ray
<br>Your opponent's Active Pokemon is now Confused.","[1] Hydro Pump (10+)
<br>This attack does 30 more damage times the amount of Water Energy attached to this Pokemon.",,Mx2,None,3,
183803,Articuno,Articuno,https://tcgplayer-cdn.tcgplayer.com/product/183803_200w.jpg,3,2377,https://cpt.tcgcsv.com/5xt2,2026-01-06T14:29:40.8,1,"<strong>Ability — Blizzard Veil</strong>
<br>As long as this Pokemon is your Active Pokemon, whenever your opponent plays a Supporter card from their hand, prevent all effects of that card done to your Benched Water Pokemon.",2.29,3.41,96.95,3.37,4.21,Reverse Holofoil,32/181,Holo Rare,Water,110,Basic,"[WW] Cold Cyclone (70)
<br>Move 2 Water Energy from this Pokemon to 1 of your Benched Pokemon.",,,Lx2,F-20,2,
183803,Articuno,Articuno,https://tcgplayer-cdn.tcgplayer.com/product/183803_200w.jpg,3,2377,https://cpt.tcgcsv.com/5xt2,2026-01-06T14:29:40.8,1,"<strong>Ability — Blizzard Veil</strong>
<br>As long as this Pokemon is your Active Pokemon, whenever your opponent plays a Supporter card from their hand, prevent all effects of that card done to your Benched Water Pokemon.",1.49,3.25,4.64,3.23,3.2,Holofoil,32/181,Holo Rare,Water,110,Basic,"[WW] Cold Cyclone (70)
<br>Move 2 Water Energy from this Pokemon to 1 of your Benched Pokemon.",,,Lx2,F-20,2,
183804,Pikachu & Zekrom GX,Pikachu and Zekrom GX,https://tcgplayer-cdn.tcgplayer.com/product/183804_200w.jpg,3,2377,https://cpt.tcgcsv.com/6xt2,2026-01-29T18:32:56.89,1,"[Tag Team] When your TAG TEAM is Knocked Out, your opponent takes 3 Prize cards.",23.56,35.85,4321.0,32.28,28.75,Holofoil,33/181,Ultra Rare,Lightning,240,Basic,"[LLL] Full Blitz (150)
<br>Search your deck for up to 3 Lightning Energy cards and attach them to 1 of your Pokemon. Then, shuffle your deck.","<span style=""color:Teal""><strong>[LLL+] Tag Bolt GX (200)</strong>
<br>If this Pokemon has at least 3 extra Lightning Energy attached to it (in addition to this attack's cost), this attack does 170 damage to 1 of your opponent's Benched Pokemon.<em> (Don't apply Weakness and Resistance for Benched Pokemon.) (You can't use more than 1 GX attack in a game.)</em></span>",,Fx2,M-20,3,
183805,Pikachu & Zekrom GX (Full Art),Pikachu and Zekrom GX Full Art,https://tcgplayer-cdn.tcgplayer.com/product/183805_200w.jpg,3,2377,https://cpt.tcgcsv.com/7xt2,2022-12-08T20:37:26.513,1,"[Tag Team] When your TAG TEAM is Knocked Out, your opponent takes 3 Prize cards.",110.84,143.07,445.0,143.32,,Holofoil,162/181,Ultra Rare,Lightning,240,Basic,"[LLL] Full Blitz (150)
<br>Search your deck for up to 3 Lightning Energy cards and attach them to 1 of your Pokemon. Then, shuffle your deck.","<span style=""color:Teal""><strong>[LLL+] Tag Bolt GX (200)</strong>
<br>If this Pokemon has at least 3 extra Lightning Energy attached to it (in addition to this attack's cost), this attack does 170 damage to 1 of your opponent's Benched Pokemon.<em> (Don't apply Weakness and Resistance for Benched Pokemon.) (You can't use more than 1 GX attack in a game.)</em></span>",,Fx2,M-20,3,
183806,Pikachu & Zekrom GX (Secret),Pikachu and Zekrom GX Secret,https://tcgplayer-cdn.tcgplayer.com/product/183806_200w.jpg,3,2377,https://cpt.tcgcsv.com/8xt2,2022-12-08T20:40:33.38,1,"[Tag Team] When your TAG TEAM is Knocked Out, your opponent takes 3 Prize cards.",143.21,234.99,499.95,205.88,,Holofoil,184/181,Secret Rare,Lightning,240,Basic,"[LLL] Full Blitz (150)
<br>Search your deck for up to 3 Lightning Energy cards and attach them to 1 of your Pokemon. Then, shuffle your deck.","<span style=""color:Teal""><strong>[LLL+] Tag Bolt GX (200)</strong>
<br>If this Pokemon has at least 3 extra Lightning Energy attached to it (in addition to this attack's cost), this attack does 170 damage to 1 of your opponent's Benched Pokemon.<em> (Don't apply Weakness and Resistance for Benched Pokemon.) (You can't use more than 1 GX attack in a game.)</em></span>",,Fx2,M-20,3,
183807,Alolan Geodude (34),Alolan Geodude 34,https://tcgplayer-cdn.tcgplayer.com/product/183807_200w.jpg,3,2377,https://cpt.tcgcsv.com/9xt2,2026-01-29T20:04:44.03,1,,0.15,0.33,19.5,0.3,0.26,Reverse Holofoil,34/181,Common,Lightning,60,Basic,"[1L] Self-Destruct (60)
<br>This Pokemon does 60 damage to itself.",,,Fx2,M-20,2,
183807,Alolan Geodude (34),Alolan Geodude 34,https://tcgplayer-cdn.tcgplayer.com/product/183807_200w.jpg,3,2377,https://cpt.tcgcsv.com/9xt2,2026-01-29T20:04:44.03,1,,0.03,0.2,19.5,0.18,0.19,Normal,34/181,Common,Lightning,60,Basic,"[1L] Self-Destruct (60)
<br>This Pokemon does 60 damage to itself.",,,Fx2,M-20,2,
183808,Alolan Geodude (35),Alolan Geodude 35,https://tcgplayer-cdn.tcgplayer.com/product/183808_200w.jpg,3,2377,https://cpt.tcgcsv.com/bxt2,2022-12-08T19:38:53.93,1,,0.6,0.86,2.0,0.87,1.08,Reverse Holofoil,35/181,Common,Lightning,70,Basic,"[0] Charge
<br>Search your deck for up to 2 Lightning Energy cards and attach them to this Pokemon. Then, shuffle your deck.","[2L] Smash Bomber (50)
<br>Flip a coin. If tails, this attack does nothing.",,Fx2,M-20,3,
183808,Alolan Geodude (35),Alolan Geodude 35,https://tcgplayer-cdn.tcgplayer.com/product/183808_200w.jpg,3,2377,https://cpt.tcgcsv.com/bxt2,2022-12-08T19:38:53.93,1,,0.18,0.38,1.57,0.36,0.35,Normal,35/181,Common,Lightning,70,Basic,"[0] Charge
<br>Search your deck for up to 2 Lightning Energy cards and attach them to this Pokemon. Then, shuffle your deck.","[2L] Smash Bomber (50)
<br>Flip a coin. If tails, this attack does nothing.",,Fx2,M-20,3,
183809,Alolan Graveler,Alolan Graveler,https://tcgplayer-cdn.tcgplayer.com/product/183809_200w.jpg,3,2377,https://cpt.tcgcsv.com/cxt2,2025-02-07T20:03:44.26,1,,0.09,0.42,1.49,0.42,0.44,Reverse Holofoil,36/181,Uncommon,Lightning,100,Stage 1,[0] Rollout (30),[3L] Electroslug (100),,Fx2,M-20,4,
183809,Alolan Graveler,Alolan Graveler,https://tcgplayer-cdn.tcgplayer.com/product/183809_200w.jpg,3,2377,https://cpt.tcgcsv.com/cxt2,2025-02-07T20:03:44.26,1,,0.1,0.22,1.49,0.2,,Normal,36/181,Uncommon,Lightning,100,Stage 1,[0] Rollout (30),[3L] Electroslug (100),,Fx2,M-20,4,
183810,Alolan Golem,Alolan Golem,https://tcgplayer-cdn.tcgplayer.com/product/183810_200w.jpg,3,2377,https://cpt.tcgcsv.com/dxt2,2022-12-08T19:39:13.017,1,,0.35,0.75,1.99,0.8,,Reverse Holofoil,37/181,Rare,Lightning,180,Stage 2,"[0] Electromagnetic Bomb (20x)
<br>Move any number of Lightning Energy from your Benched Pokemon to this Pokemon. This attack does 20 damage for each card moved in this way.","[4L] Super Zap Cannon (190)
<br>Discard 2 Energy from this Pokemon.",,Fx2,M-20,4,
183810,Alolan Golem,Alolan Golem,https://tcgplayer-cdn.tcgplayer.com/product/183810_200w.jpg,3,2377,https://cpt.tcgcsv.com/dxt2,2022-12-08T19:39:13.017,1,,0.15,0.4,1.5,0.38,0.35,Normal,37/181,Rare,Lightning,180,Stage 2,"[0] Electromagnetic Bomb (20x)
<br>Move any number of Lightning Energy from your Benched Pokemon to this Pokemon. This attack does 20 damage for each card moved in this way.","[4L] Super Zap Cannon (190)
<br>Discard 2 Energy from this Pokemon.",,Fx2,M-20,4,
183811,Voltorb,Voltorb,https://tcgplayer-cdn.tcgplayer.com/product/183811_200w.jpg,3,2377,https://cpt.tcgcsv.com/fxt2,2025-11-21T00:27:56.72,1,,0.01,0.17,1.49,0.13,0.11,Normal,38/181,Common,Lightning,50,Basic,[1] Tackle (20),,,Fx2,M-20,1,
183811,Voltorb,Voltorb,https://tcgplayer-cdn.tcgplayer.com/product/183811_200w.jpg,3,2377,https://cpt.tcgcsv.com/fxt2,2025-11-21T00:27:56.72,1,,0.17,0.35,1.49,0.31,0.31,Reverse Holofoil,38/181,Common,Lightning,50,Basic,[1] Tackle (20),,,Fx2,M-20,1,
183812,Electrode,Electrode,https://tcgplayer-cdn.tcgplayer.com/product/183812_200w.jpg,3,2377,https://cpt.tcgcsv.com/gxt2,2025-12-05T12:38:36.79,1,"<strong>Ability — Electro Shaker</strong>
<br>When you play this Pokemon from your hand to evolve 1 of your Pokemon during your turn, you may move any number of Lightning Energy from your Pokemon to your other Pokemon in any way you like.",17.0,20.0,4321.0,17.68,355.2,Holofoil,39/181,Holo Rare,Lightning,90,Stage 1,[1L] Speed Ball (50),,,Fx2,M-20,1,
183812,Electrode,Electrode,https://tcgplayer-cdn.tcgplayer.com/product/183812_200w.jpg,3,2377,https://cpt.tcgcsv.com/gxt2,2025-12-05T12:38:36.79,1,"<strong>Ability — Electro Shaker</strong>
<br>When you play this Pokemon from your hand to evolve 1 of your Pokemon during your turn, you may move any number of Lightning Energy from your Pokemon to your other Pokemon in any way you like.",18.0,41.42,49.99,19.21,,Reverse Holofoil,39/181,Holo Rare,Lightning,90,Stage 1,[1L] Speed Ball (50),,,Fx2,M-20,1,
183813,Zapdos,Zapdos,https://tcgplayer-cdn.tcgplayer.com/product/183813_200w.jpg,3,2377,https://cpt.tcgcsv.com/hxt2,2024-08-06T13:50:45.447,1,,3.75,4.72,7.95,4.84,6.24,Reverse Holofoil,40/181,Holo Rare,Lightning,110,Basic,"[L] Thunderous Assault (10+)
<br>If this Pokemon was on the Bench and became your Active Pokemon this turn, this attack does 70 more damage. This attack's damage isn't affected by Weakness.",,,Lx2,F-20,2,
183813,Zapdos,Zapdos,https://tcgplayer-cdn.tcgplayer.com/product/183813_200w.jpg,3,2377,https://cpt.tcgcsv.com/hxt2,2024-08-06T13:50:45.447,1,,3.0,4.25,9.0,4.67,3.99,Holofoil,40/181,Holo Rare,Lightning,110,Basic,"[L] Thunderous Assault (10+)
<br>If this Pokemon was on the Bench and became your Active Pokemon this turn, this attack does 70 more damage. This attack's damage isn't affected by Weakness.",,,Lx2,F-20,2,
183814,Mareep,Mareep,https://tcgplayer-cdn.tcgplayer.com/product/183814_200w.jpg,3,2377,https://cpt.tcgcsv.com/jxt2,2025-02-07T20:03:44.353,1,,0.03,0.24,1.49,0.19,,Normal,41/181,Common,Lightning,60,Basic,"[L] Shock Bolt (30)
<br>Discard all Lightning Energy from this Pokemon.",,,Fx2,M-20,1,
183814,Mareep,Mareep,https://tcgplayer-cdn.tcgplayer.com/product/183814_200w.jpg,3,2377,https://cpt.tcgcsv.com/jxt2,2025-02-07T20:03:44.353,1,,0.25,0.42,1.49,0.4,,Reverse Holofoil,41/181,Common,Lightning,60,Basic,"[L] Shock Bolt (30)
<br>Discard all Lightning Energy from this Pokemon.",,,Fx2,M-20,1,
183815,Flaaffy,Flaaffy,https://tcgplayer-cdn.tcgplayer.com/product/183815_200w.jpg,3,2377,https://cpt.tcgcsv.com/kxt2,2026-03-06T18:58:01.587,1,,0.25,0.65,1.49,0.62,0.66,Reverse Holofoil,42/181,Uncommon,Lightning,90,Stage 1,[L] Electric Punch (30),"[LL] Shock Bolt (60)
<br>Discard all Lightning Energy from this Pokemon.",,Fx2,M-20,2,
183815,Flaaffy,Flaaffy,https://tcgplayer-cdn.tcgplayer.com/product/183815_200w.jpg,3,2377,https://cpt.tcgcsv.com/kxt2,2026-03-06T18:58:01.587,1,,0.1,0.27,1.49,0.27,0.23,Normal,42/181,Uncommon,Lightning,90,Stage 1,[L] Electric Punch (30),"[LL] Shock Bolt (60)
<br>Discard all Lightning Energy from this Pokemon.",,Fx2,M-20,2,
183816,Ampharos GX,Ampharos GX,https://tcgplayer-cdn.tcgplayer.com/product/183816_200w.jpg,3,2377,https://cpt.tcgcsv.com/lxt2,2026-02-02T19:19:20.813,1,,3.99,5.5,96.94,5.09,96.94,Holofoil,43/181,Ultra Rare,Lightning,240,Stage 2,"[L] Power Recharge (30)
<br>Put all Electropower cards from your discard pile into your hand.","[LL] Impact Bolt (150)
<br>Discard all Lightning Energy from this Pokemon.","<span style=""color:Teal""><strong>[L] Electrical GX</strong>
<br>Search your deck for up to 7 Pokemon, reveal them, and put them into your hand. Then, shuffle your deck. <em>(You can't use more than 1 GX attack in a game.)</em></span>",Fx2,M-20,3,
183817,Ampharos GX (Full Art),Ampharos GX Full Art,https://tcgplayer-cdn.tcgplayer.com/product/183817_200w.jpg,3,2377,https://cpt.tcgcsv.com/mxt2,2022-12-08T20:37:33.03,1,,21.0,29.99,44.25,22.36,,Holofoil,163/181,Ultra Rare,Lightning,240,Stage 2,"[L] Power Recharge (30)
<br>Put all Electropower cards from your discard pile into your hand.","[LL] Impact Bolt (150)
<br>Discard all Lightning Energy from this Pokemon.","<span style=""color:Teal""><strong>[L] Electrical GX</strong>
<br>Search your deck for up to 7 Pokemon, reveal them, and put them into your hand. Then, shuffle your deck. <em>(You can't use more than 1 GX attack in a game.)</em></span>",Fx2,M-20,3,
183818,Ampharos GX (Secret),Ampharos GX Secret,https://tcgplayer-cdn.tcgplayer.com/product/183818_200w.jpg,3,2377,https://cpt.tcgcsv.com/nxt2,2022-12-08T20:40:42.567,1,,35.4,49.95,199.99,40.13,,Holofoil,185/181,Secret Rare,Lightning,240,Stage 2,"[L] Power Recharge (30)
<br>Put all Electropower cards from your discard pile into your hand.","[LL] Impact Bolt (150)
<br>Discard all Lightning Energy from this Pokemon.","<span style=""color:Teal""><strong>[L] Electrical GX</strong>
<br>Search your deck for up to 7 Pokemon, reveal them, and put them into your hand. Then, shuffle your deck. <em>(You can't use more than 1 GX attack in a game.)</em></span>",Fx2,M-20,3,
183819,Blitzle,Blitzle,https://tcgplayer-cdn.tcgplayer.com/product/183819_200w.jpg,3,2377,https://cpt.tcgcsv.com/pxt2,2025-11-21T00:15:48.907,1,,0.02,0.17,1.49,0.09,,Normal,44/181,Common,Lightning,60,Basic,"[L] Delivery Dash
<br>Search your deck for up to 2 Electropower cards, reveal them, and put them into your hand. Then, shuffle your deck.",[1L] Zap Kick (20),,Fx2,M-20,1,
183819,Blitzle,Blitzle,https://tcgplayer-cdn.tcgplayer.com/product/183819_200w.jpg,3,2377,https://cpt.tcgcsv.com/pxt2,2025-11-21T00:15:48.907,1,,0.15,0.31,2.33,0.28,0.26,Reverse Holofoil,44/181,Common,Lightning,60,Basic,"[L] Delivery Dash
<br>Search your deck for up to 2 Electropower cards, reveal them, and put them into your hand. Then, shuffle your deck.",[1L] Zap Kick (20),,Fx2,M-20,1,
183820,Zebstrika,Zebstrika,https://tcgplayer-cdn.tcgplayer.com/product/183820_200w.jpg,3,2377,https://cpt.tcgcsv.com/qxt2,2025-02-07T20:03:44.48,1,,0.34,0.54,2.99,0.53,,Reverse Holofoil,45/181,Rare,Lightning,120,Stage 1,"[1L] Raid (30+)
<br>If this Pokemon evolved from Blitzle during this turn, this attack does 90 more damage.",[1LL] Mach Bolt (100),,Fx2,M-20,1,
183820,Zebstrika,Zebstrika,https://tcgplayer-cdn.tcgplayer.com/product/183820_200w.jpg,3,2377,https://cpt.tcgcsv.com/qxt2,2025-02-07T20:03:44.48,1,,0.1,0.25,1.54,0.21,,Normal,45/181,Rare,Lightning,120,Stage 1,"[1L] Raid (30+)
<br>If this Pokemon evolved from Blitzle during this turn, this attack does 90 more damage.",[1LL] Mach Bolt (100),,Fx2,M-20,1,
183821,Emolga,Emolga,https://tcgplayer-cdn.tcgplayer.com/product/183821_200w.jpg,3,2377,https://cpt.tcgcsv.com/rxt2,2026-02-27T22:37:24.307,1,"<strong>Ability — Nuzzly Gathering</strong>
<br>Once during your turn <em>(before your attack)</em>, you may search your deck for a Pokemon that has the Nuzzle attack, reveal it, and put it into your hand. Then, shuffle your deck.",0.05,0.24,19.5,0.24,0.15,Normal,46/181,Common,Lightning,60,Basic,"[L] Nuzzle
<br>Flip a coin. If heads, your opponent's Active Pokemon is now Paralyzed.",,,Lx2,F-20,0,
183821,Emolga,Emolga,https://tcgplayer-cdn.tcgplayer.com/product/183821_200w.jpg,3,2377,https://cpt.tcgcsv.com/rxt2,2026-02-27T22:37:24.307,1,"<strong>Ability — Nuzzly Gathering</strong>
<br>Once during your turn <em>(before your attack)</em>, you may search your deck for a Pokemon that has the Nuzzle attack, reveal it, and put it into your hand. Then, shuffle your deck.",0.24,0.52,1.99,0.64,,Reverse Holofoil,46/181,Common,Lightning,60,Basic,"[L] Nuzzle
<br>Flip a coin. If heads, your opponent's Active Pokemon is now Paralyzed.",,,Lx2,F-20,0,
183822,Joltik,Joltik,https://tcgplayer-cdn.tcgplayer.com/product/183822_200w.jpg,3,2377,https://cpt.tcgcsv.com/sxt2,2025-02-07T20:03:44.557,1,,0.23,0.36,1.55,0.32,,Normal,47/181,Common,Lightning,40,Basic,"[L] Leech Life (10)
<br>Heal from this Pokemon the same amount of damage you did to your opponent's Active Pokemon.",,,Fx2,M-20,1,
183822,Joltik,Joltik,https://tcgplayer-cdn.tcgplayer.com/product/183822_200w.jpg,3,2377,https://cpt.tcgcsv.com/sxt2,2025-02-07T20:03:44.557,1,,0.4,0.65,0.79,0.64,,Reverse Holofoil,47/181,Common,Lightning,40,Basic,"[L] Leech Life (10)
<br>Heal from this Pokemon the same amount of damage you did to your opponent's Active Pokemon.",,,Fx2,M-20,1,
183823,Galvantula,Galvantula,https://tcgplayer-cdn.tcgplayer.com/product/183823_200w.jpg,3,2377,https://cpt.tcgcsv.com/txt2,2025-02-07T20:03:44.603,1,"<strong>Ability — Unnerve</strong>
<br>Whenever your opponent plays an Item or Supporter card from their hand, prevent all effects of that card done to this Pokemon.",0.15,0.69,1.99,0.55,,Reverse Holofoil,48/181,Rare,Lightning,90,Stage 1,"[L] Spider Thread (40)
<br>Put a card from your discard pile into your hand.",,,Fx2,M-20,1,
183823,Galvantula,Galvantula,https://tcgplayer-cdn.tcgplayer.com/product/183823_200w.jpg,3,2377,https://cpt.tcgcsv.com/txt2,2025-02-07T20:03:44.603,1,"<strong>Ability — Unnerve</strong>
<br>Whenever your opponent plays an Item or Supporter card from their hand, prevent all effects of that card done to this Pokemon.",0.06,0.33,2.0,0.31,,Normal,48/181,Rare,Lightning,90,Stage 1,"[L] Spider Thread (40)
<br>Put a card from your discard pile into your hand.",,,Fx2,M-20,1,
183824,Helioptile,Helioptile,https://tcgplayer-cdn.tcgplayer.com/product/183824_200w.jpg,3,2377,https://cpt.tcgcsv.com/vxt2,2025-02-07T20:03:44.65,1,,0.18,0.35,1.49,0.34,,Reverse Holofoil,49/181,Common,Lightning,60,Basic,[1] Pound (10),[2L] Static Shock (40),,Fx2,M-20,1,
183824,Helioptile,Helioptile,https://tcgplayer-cdn.tcgplayer.com/product/183824_200w.jpg,3,2377,https://cpt.tcgcsv.com/vxt2,2025-02-07T20:03:44.65,1,,0.03,0.19,1.49,0.11,,Normal,49/181,Common,Lightning,60,Basic,[1] Pound (10),[2L] Static Shock (40),,Fx2,M-20,1,
183825,Heliolisk,Heliolisk,https://tcgplayer-cdn.tcgplayer.com/product/183825_200w.jpg,3,2377,https://cpt.tcgcsv.com/wxt2,2025-02-07T20:03:44.697,1,,0.19,0.35,1.49,0.29,,Reverse Holofoil,50/181,Uncommon,Lightning,100,Stage 1,"[L] Random Spark
<br>This attack does 30 damage to 1 of your opponent's Pokemon.<em> (Don't apply Weakness and Resistance for Benched Pokémon.)</em>","[2L] Volt Switch (90)
<br>Switch this Pokémon with 1 of your Benched Lightning Pokemon.",,Fx2,M-20,1,
183825,Heliolisk,Heliolisk,https://tcgplayer-cdn.tcgplayer.com/product/183825_200w.jpg,3,2377,https://cpt.tcgcsv.com/wxt2,2025-02-07T20:03:44.697,1,,0.03,0.2,1.49,0.16,,Normal,50/181,Uncommon,Lightning,100,Stage 1,"[L] Random Spark
<br>This attack does 30 damage to 1 of your opponent's Pokemon.<em> (Don't apply Weakness and Resistance for Benched Pokémon.)</em>","[2L] Volt Switch (90)
<br>Switch this Pokémon with 1 of your Benched Lightning Pokemon.",,Fx2,M-20,1,
183826,Tapu Koko Prism Star,Tapu Koko Prism Star,https://tcgplayer-cdn.tcgplayer.com/product/183826_200w.jpg,3,2377,https://cpt.tcgcsv.com/xxt2,2023-06-14T08:14:01.49,1,"<strong>Ability — Dance of the Ancients</strong>
<br>Once during your turn<em> (before your attack)</em>, if this Pokemon is on your Bench, you may use this Ability. Choose 2 of your Benched Pokemon and attach a Lightning Energy from your discard pile to each of them. Then, put this Pokémon into the Lost Zone <em>(discard all cards attached to this Pokémon)</em>.",0.88,1.5,6.5,1.52,1.15,Holofoil,51/181,Prism Rare,Lightning,130,Basic,[1LL] Mach Bolt (120),,,Fx2,M-20,1,
183827,Zeraora,Zeraora,https://tcgplayer-cdn.tcgplayer.com/product/183827_200w.jpg,3,2377,https://cpt.tcgcsv.com/zxt2,2025-11-21T00:30:37.06,1,,0.94,1.88,43.18,1.9,2.09,Reverse Holofoil,52/181,Holo Rare,Lightning,120,Basic,[1] Slash (20),"[1LL] Wild Charge (120)
<br>This Pokemon does 20 damage to itself.",,Fx2,M-20,1,
183827,Zeraora,Zeraora,https://tcgplayer-cdn.tcgplayer.com/product/183827_200w.jpg,3,2377,https://cpt.tcgcsv.com/zxt2,2025-11-21T00:30:37.06,1,,0.62,1.04,2.99,1.32,0.64,Holofoil,52/181,Holo Rare,Lightning,120,Basic,[1] Slash (20),"[1LL] Wild Charge (120)
<br>This Pokemon does 20 damage to itself.",,Fx2,M-20,1,
183828,Gengar & Mimikyu GX,Gengar and Mimikyu GX,https://tcgplayer-cdn.tcgplayer.com/product/183828_200w.jpg,3,2377,https://cpt.tcgcsv.com/Bxt2,2026-02-19T00:10:29.55,1,"[Tag Team] When your TAG TEAM is Knocked Out, your opponent takes 3 Prize cards.",174.74,259.89,499.0,278.01,216.74,Holofoil,53/181,Ultra Rare,Psychic,240,Basic,"[PP] Poltergeist (50x)
<br>Your opponent reveals their hand. This attack does 50 damage for each Trainer card you find there.","<span style=""color:Teal""><strong>[P+] Horror House GX</strong>
<br>Your opponent can't play any cards from their hand during their next turn. If this Pokemon has at least 1 extra Psychic Energy attached to it<em> (in addition to this attack's cost)</em>, each player draws cards until they have 7 cards in their hand. <em>(You can't use more than 1 GX attack in a game.)</em></span>",,Dx2,F-20,2,
183829,Gengar & Mimikyu GX (Full Art),Gengar and Mimikyu GX Full Art,https://tcgplayer-cdn.tcgplayer.com/product/183829_200w.jpg,3,2377,https://cpt.tcgcsv.com/Cxt2,2022-12-08T20:37:39.51,1,"[Tag Team] When your TAG TEAM is Knocked Out, your opponent takes 3 Prize cards.",219.68,294.94,349.69,285.22,,Holofoil,164/181,Ultra Rare,Psychic,240,Basic,"[PP] Poltergeist (50x)
<br>Your opponent reveals their hand. This attack does 50 damage for each Trainer card you find there.","<span style=""color:Teal""><strong>[P+] Horror House GX</strong>
<br>Your opponent can't play any cards from their hand during their next turn. If this Pokemon has at least 1 extra Psychic Energy attached to it<em> (in addition to this attack's cost)</em>, each player draws cards until they have 7 cards in their hand. <em>(You can't use more than 1 GX attack in a game.)</em></span>",,Dx2,F-20,2,
183830,Gengar & Mimikyu GX (Alternate Full Art),Gengar and Mimikyu GX Alternate Full Art,https://tcgplayer-cdn.tcgplayer.com/product/183830_200w.jpg,3,2377,https://cpt.tcgcsv.com/Dxt2,2025-02-07T13:20:12.223,1,"[Tag Team] When your TAG TEAM is Knocked Out, your opponent takes 3 Prize cards.",900.0,1570.85,1999.99,1355.39,1268.82,Holofoil,165/181,Ultra Rare,Psychic,240,Basic,"[PP] Poltergeist (50x)
<br>Your opponent reveals their hand. This attack does 50 damage for each Trainer card you find there.","<span style=""color:Teal""><strong>[P+] Horror House GX</strong>
<br>Your opponent can't play any cards from their hand during their next turn. If this Pokemon has at least 1 extra Psychic Energy attached to it<em> (in addition to this attack's cost)</em>, each player draws cards until they have 7 cards in their hand. <em>(You can't use more than 1 GX attack in a game.)</em></span>",,Dx2,F-20,2,
183831,Gengar & Mimikyu GX (Secret),Gengar and Mimikyu GX Secret,https://tcgplayer-cdn.tcgplayer.com/product/183831_200w.jpg,3,2377,https://cpt.tcgcsv.com/Fxt2,2025-10-17T03:15:12.197,1,"[Tag Team] When your TAG TEAM is Knocked Out, your opponent takes 3 Prize cards.",300.0,375.43,411.3,333.8,,Holofoil,186/181,Secret Rare,Psychic,240,Basic,"[PP] Poltergeist (50x)
<br>Your opponent reveals their hand. This attack does 50 damage for each Trainer card you find there.","<span style=""color:Teal""><strong>[P+] Horror House GX</strong>
<br>Your opponent can't play any cards from their hand during their next turn. If this Pokemon has at least 1 extra Psychic Energy attached to it<em> (in addition to this attack's cost)</em>, each player draws cards until they have 7 cards in their hand. <em>(You can't use more than 1 GX attack in a game.)</em></span>",,Dx2,F-20,2,
183832,Nidoran F,Nidoran F,https://tcgplayer-cdn.tcgplayer.com/product/183832_200w.jpg,3,2377,https://cpt.tcgcsv.com/Gxt2,2025-02-07T20:03:44.743,1,,0.39,0.53,2.09,0.55,,Reverse Holofoil,54/181,Common,Psychic,60,Basic,"[1] Call for Family
<br>Search your deck for a Basic Pokemon and put it onto your Bench. Then, shuffle your deck.",[2] Scratch (20),,Px2,None,1,
183832,Nidoran F,Nidoran F,https://tcgplayer-cdn.tcgplayer.com/product/183832_200w.jpg,3,2377,https://cpt.tcgcsv.com/Gxt2,2025-02-07T20:03:44.743,1,,0.1,0.25,1.99,0.25,0.19,Normal,54/181,Common,Psychic,60,Basic,"[1] Call for Family
<br>Search your deck for a Basic Pokemon and put it onto your Bench. Then, shuffle your deck.",[2] Scratch (20),,Px2,None,1,
183833,Nidorina,Nidorina,https://tcgplayer-cdn.tcgplayer.com/product/183833_200w.jpg,3,2377,https://cpt.tcgcsv.com/Hxt2,2025-02-07T20:03:44.79,1,,0.1,0.5,1.49,0.58,,Reverse Holofoil,55/181,Uncommon,Psychic,90,Stage 1,"[1] Family Rescue
<br>Shuffle 5 Psychic Pokemon from your discard pile into your deck.",[2] Bite (30),,Px2,None,2,
183833,Nidorina,Nidorina,https://tcgplayer-cdn.tcgplayer.com/product/183833_200w.jpg,3,2377,https://cpt.tcgcsv.com/Hxt2,2025-02-07T20:03:44.79,1,,0.04,0.21,2.24,0.18,,Normal,55/181,Uncommon,Psychic,90,Stage 1,"[1] Family Rescue
<br>Shuffle 5 Psychic Pokemon from your discard pile into your deck.",[2] Bite (30),,Px2,None,2,
183834,Nidoqueen,Nidoqueen,https://tcgplayer-cdn.tcgplayer.com/product/183834_200w.jpg,3,2377,https://cpt.tcgcsv.com/Jxt2,2022-12-08T19:48:51.737,1,"<strong>Ability — Queen's Call</strong>
<br>Once during your turn <em>(before your attack)</em>, you may search your deck for a Pokemon that isn't a Pokemon GX or Pokemon EX, reveal it, and put it into your hand. Then, shuffle your deck.",0.85,1.29,2.99,1.08,,Reverse Holofoil,56/181,Rare,Psychic,160,Stage 2,"[3] Power Lariat (10+)
<br>This attack does 50 more damage for each Evolution Pokemon on your Bench.",,,Px2,None,3,
183834,Nidoqueen,Nidoqueen,https://tcgplayer-cdn.tcgplayer.com/product/183834_200w.jpg,3,2377,https://cpt.tcgcsv.com/Jxt2,2022-12-08T19:48:51.737,1,"<strong>Ability — Queen's Call</strong>
<br>Once during your turn <em>(before your attack)</em>, you may search your deck for a Pokemon that isn't a Pokemon GX or Pokemon EX, reveal it, and put it into your hand. Then, shuffle your deck.",0.4,0.68,1.8,0.68,,Normal,56/181,Rare,Psychic,160,Stage 2,"[3] Power Lariat (10+)
<br>This attack does 50 more damage for each Evolution Pokemon on your Bench.",,,Px2,None,3,
183835,Nidoran M,Nidoran M,https://tcgplayer-cdn.tcgplayer.com/product/183835_200w.jpg,3,2377,https://cpt.tcgcsv.com/Kxt2,2022-12-08T19:48:58.253,1,,0.1,0.42,1.49,0.52,0.47,Reverse Holofoil,57/181,Common,Psychic,60,Basic,[1] Peck (10),[1P] Horn Attack (20),,Px2,None,1,
183835,Nidoran M,Nidoran M,https://tcgplayer-cdn.tcgplayer.com/product/183835_200w.jpg,3,2377,https://cpt.tcgcsv.com/Kxt2,2022-12-08T19:48:58.253,1,,0.04,0.2,1.49,0.18,,Normal,57/181,Common,Psychic,60,Basic,[1] Peck (10),[1P] Horn Attack (20),,Px2,None,1,
183836,Nidorino,Nidorino,https://tcgplayer-cdn.tcgplayer.com/product/183836_200w.jpg,3,2377,https://cpt.tcgcsv.com/Lxt2,2022-12-08T19:49:04.987,1,,0.25,0.44,1.64,0.4,0.44,Reverse Holofoil,58/181,Uncommon,Psychic,90,Stage 1,[1] Peck (20),[2P] Horn Drill (60),,Px2,None,2,
183836,Nidorino,Nidorino,https://tcgplayer-cdn.tcgplayer.com/product/183836_200w.jpg,3,2377,https://cpt.tcgcsv.com/Lxt2,2022-12-08T19:49:04.987,1,,0.06,0.21,1.49,0.17,0.22,Normal,58/181,Uncommon,Psychic,90,Stage 1,[1] Peck (20),[2P] Horn Drill (60),,Px2,None,2,
183837,Nidoking,Nidoking,https://tcgplayer-cdn.tcgplayer.com/product/183837_200w.jpg,3,2377,https://cpt.tcgcsv.com/Mxt2,2025-12-10T04:11:35.187,1,,0.67,1.21,3.49,1.15,1.0,Normal,59/181,Rare,Psychic,160,Stage 2,"[2] Drag Off
<br>Switch 1 of your opponent's Benched Pokemon with his or her Active Pokemon. This attack does 50 damage to the new Active Pokemon.","[2P] King Drum (100+)
<br>If Nidoqueen is on your Bench, this attack does 100 more damage.",,Px2,None,3,
183837,Nidoking,Nidoking,https://tcgplayer-cdn.tcgplayer.com/product/183837_200w.jpg,3,2377,https://cpt.tcgcsv.com/Mxt2,2025-12-10T04:11:35.187,1,,1.3,2.36,3.88,2.56,,Reverse Holofoil,59/181,Rare,Psychic,160,Stage 2,"[2] Drag Off
<br>Switch 1 of your opponent's Benched Pokemon with his or her Active Pokemon. This attack does 50 damage to the new Active Pokemon.","[2P] King Drum (100+)
<br>If Nidoqueen is on your Bench, this attack does 100 more damage.",,Px2,None,3,
183838,Tentacool,Tentacool,https://tcgplayer-cdn.tcgplayer.com/product/183838_200w.jpg,3,2377,https://cpt.tcgcsv.com/Nxt2,2025-12-10T04:13:29.943,1,,0.01,0.2,1.49,0.14,,Normal,60/181,Common,Psychic,60,Basic,"[1] Wrap (10)
<br>Flip a coin. If heads, your opponent's Active Pokemon is now Paralyzed.",,,Px2,None,1,
183838,Tentacool,Tentacool,https://tcgplayer-cdn.tcgplayer.com/product/183838_200w.jpg,3,2377,https://cpt.tcgcsv.com/Nxt2,2025-12-10T04:13:29.943,1,,0.19,0.33,1.49,0.29,0.29,Reverse Holofoil,60/181,Common,Psychic,60,Basic,"[1] Wrap (10)
<br>Flip a coin. If heads, your opponent's Active Pokemon is now Paralyzed.",,,Px2,None,1,
183839,Tentacruel,Tentacruel,https://tcgplayer-cdn.tcgplayer.com/product/183839_200w.jpg,3,2377,https://cpt.tcgcsv.com/Pxt2,2025-11-21T00:26:58.143,1,,0.2,0.45,1.54,0.45,0.35,Reverse Holofoil,61/181,Uncommon,Psychic,100,Stage 1,"[1] Void Tentacles
<br>Your opponent's Active Pokemon is now Confused and Poisoned.","[2P] Paranormal (70)
<br>Prevent all damage done to this Pokemon by attacks from Ultra Beasts during your opponent's next turn.",,Px2,None,1,
183839,Tentacruel,Tentacruel,https://tcgplayer-cdn.tcgplayer.com/product/183839_200w.jpg,3,2377,https://cpt.tcgcsv.com/Pxt2,2025-11-21T00:26:58.143,1,,0.03,0.25,1.49,0.19,,Normal,61/181,Uncommon,Psychic,100,Stage 1,"[1] Void Tentacles
<br>Your opponent's Active Pokemon is now Confused and Poisoned.","[2P] Paranormal (70)
<br>Prevent all damage done to this Pokemon by attacks from Ultra Beasts during your opponent's next turn.",,Px2,None,1,
183840,Grimer,Grimer,https://tcgplayer-cdn.tcgplayer.com/product/183840_200w.jpg,3,2377,https://cpt.tcgcsv.com/Qxt2,2025-02-07T20:03:44.947,1,,0.15,0.4,1.49,0.35,,Reverse Holofoil,62/181,Common,Psychic,80,Basic,[1] Pound (10),,,Px2,None,2,
183840,Grimer,Grimer,https://tcgplayer-cdn.tcgplayer.com/product/183840_200w.jpg,3,2377,https://cpt.tcgcsv.com/Qxt2,2025-02-07T20:03:44.947,1,,0.02,0.2,1.49,0.16,,Normal,62/181,Common,Psychic,80,Basic,[1] Pound (10),,,Px2,None,2,
183841,Muk,Muk,https://tcgplayer-cdn.tcgplayer.com/product/183841_200w.jpg,3,2377,https://cpt.tcgcsv.com/Rxt2,2022-12-08T19:49:41.05,1,"<strong>Ability — Poison Sacs</strong>
<br>Your opponent's Poisoned Pokemon remain Poisoned even after evolving or devolving.",0.68,0.94,2.39,0.81,0.95,Reverse Holofoil,63/181,Rare,Psychic,130,Stage 1,"[P] Toxic Secretion (40)
<br>Your opponent's Active Pokemon is now Poisoned. Put 2 damage counters instead of 1 on that Pokemon between turns.",,,Px2,None,4,
183841,Muk,Muk,https://tcgplayer-cdn.tcgplayer.com/product/183841_200w.jpg,3,2377,https://cpt.tcgcsv.com/Rxt2,2022-12-08T19:49:41.05,1,"<strong>Ability — Poison Sacs</strong>
<br>Your opponent's Poisoned Pokemon remain Poisoned even after evolving or devolving.",0.22,0.44,1.49,0.45,0.32,Normal,63/181,Rare,Psychic,130,Stage 1,"[P] Toxic Secretion (40)
<br>Your opponent's Active Pokemon is now Poisoned. Put 2 damage counters instead of 1 on that Pokemon between turns.",,,Px2,None,4,
183842,Alolan Marowak,Alolan Marowak,https://tcgplayer-cdn.tcgplayer.com/product/183842_200w.jpg,3,2377,https://cpt.tcgcsv.com/Sxt2,2026-02-02T14:40:38.58,1,,2.37,4.03,96.92,3.28,2.37,Reverse Holofoil,64/181,Rare,Psychic,120,Stage 1,"[0] Limbo Limbo
<br>Search your deck for up to 2 basic Energy cards and attach them to your Pokemon in any way you like. Then, shuffle your deck.","[2] Alolan Club (20x)
<br>This attack does 20 damage for each of your Pokemon in play that has Alolan in its name.",,Dx2,F-20,2,
183842,Alolan Marowak,Alolan Marowak,https://tcgplayer-cdn.tcgplayer.com/product/183842_200w.jpg,3,2377,https://cpt.tcgcsv.com/Sxt2,2026-02-02T14:40:38.58,1,,0.75,1.02,2.01,1.02,1.29,Normal,64/181,Rare,Psychic,120,Stage 1,"[0] Limbo Limbo
<br>Search your deck for up to 2 basic Energy cards and attach them to your Pokemon in any way you like. Then, shuffle your deck.","[2] Alolan Club (20x)
<br>This attack does 20 damage for each of your Pokemon in play that has Alolan in its name.",,Dx2,F-20,2,
183843,Starmie,Starmie,https://tcgplayer-cdn.tcgplayer.com/product/183843_200w.jpg,3,2377,https://cpt.tcgcsv.com/Txt2,2022-12-08T19:49:55.427,1,,0.4,0.71,1.69,0.73,,Reverse Holofoil,65/181,Rare,Psychic,80,Stage 1,"[1] Strange Wave (40)
<br>Search your deck for up to 3 Water Energy cards or 3 Psychic Energy cards and attach them to 1 of your Benched Pokemon. Then, shuffle your deck.",,,Px2,None,0,
183843,Starmie,Starmie,https://tcgplayer-cdn.tcgplayer.com/product/183843_200w.jpg,3,2377,https://cpt.tcgcsv.com/Txt2,2022-12-08T19:49:55.427,1,,0.01,0.39,1.49,0.34,,Normal,65/181,Rare,Psychic,80,Stage 1,"[1] Strange Wave (40)
<br>Search your deck for up to 3 Water Energy cards or 3 Psychic Energy cards and attach them to 1 of your Benched Pokemon. Then, shuffle your deck.",,,Px2,None,0,
183844,Mr. Mime,Mr Mime,https://tcgplayer-cdn.tcgplayer.com/product/183844_200w.jpg,3,2377,https://cpt.tcgcsv.com/Vxt2,2024-09-18T09:33:53.88,1,"<strong>Ability — Scoop-Up Block</strong>
<br>Your opponent can't put Pokemon with any damage counters on them, or any cards attached to them, into their hand.",0.5,0.98,2.99,0.98,,Reverse Holofoil,66/181,Rare,Psychic,80,Basic,"[2] Psy Bolt (20)
<br>Flip a coin. If heads, your opponent's Active Pokemon is now Paralyzed.",,,Px2,None,1,
183844,Mr. Mime,Mr Mime,https://tcgplayer-cdn.tcgplayer.com/product/183844_200w.jpg,3,2377,https://cpt.tcgcsv.com/Vxt2,2024-09-18T09:33:53.88,1,"<strong>Ability — Scoop-Up Block</strong>
<br>Your opponent can't put Pokemon with any damage counters on them, or any cards attached to them, into their hand.",0.23,0.41,2.3,0.38,0.31,Normal,66/181,Rare,Psychic,80,Basic,"[2] Psy Bolt (20)
<br>Flip a coin. If heads, your opponent's Active Pokemon is now Paralyzed.",,,Px2,None,1,
183845,Mr. Mime GX,Mr Mime GX,https://tcgplayer-cdn.tcgplayer.com/product/183845_200w.jpg,3,2377,https://cpt.tcgcsv.com/Wxt2,2025-11-19T22:10:33.337,1,"<strong>Ability — Magic Odds</strong>
<br>Prevent all damage done to this Pokemon by your opponent's attacks if that damage is exactly 10, 30, 50, 70, 90, 110, 130, 150, 170, 190, 210, 230, or 250.",2.15,3.0,25.0,3.43,4.69,Holofoil,67/181,Ultra Rare,Psychic,150,Basic,"[1P] Breakdown
<br>For each card in your opponent's hand, put 1 damage counter on their Active Pokemon.","<span style=""color:Teal""><strong>[1] Life Trick GX</strong>
<br>Heal all damage from this Pokemon. <em>(You can't use more than 1 GX attack in a game.)</em></span>",,None,None,2,
183846,Jynx,Jynx,https://tcgplayer-cdn.tcgplayer.com/product/183846_200w.jpg,3,2377,https://cpt.tcgcsv.com/Xxt2,2022-12-08T19:50:22.613,1,,0.05,0.24,1.49,0.21,,Normal,68/181,Uncommon,Psychic,90,Basic,"[1] Dazzle Dance
<br>Your opponent's Active Pokemon is now Confused.","[1P] Mysterious Dance
<br>For each of your opponent's Benched Pokemon, put 1 damage counter on your opponent's Pokemon in any way you like.",,Px2,None,1,
183846,Jynx,Jynx,https://tcgplayer-cdn.tcgplayer.com/product/183846_200w.jpg,3,2377,https://cpt.tcgcsv.com/Xxt2,2022-12-08T19:50:22.613,1,,0.1,0.35,2.99,0.31,0.25,Reverse Holofoil,68/181,Uncommon,Psychic,90,Basic,"[1] Dazzle Dance
<br>Your opponent's Active Pokemon is now Confused.","[1P] Mysterious Dance
<br>For each of your opponent's Benched Pokemon, put 1 damage counter on your opponent's Pokemon in any way you like.",,Px2,None,1,
183847,Cosmog,Cosmog,https://tcgplayer-cdn.tcgplayer.com/product/183847_200w.jpg,3,2377,https://cpt.tcgcsv.com/Zxt2,2025-11-21T00:16:55.823,1,"<strong>Ability — Cosmic Guard</strong>
<br>As long as this Pokemon is on your Bench, prevent all damage done to this Pokemon by attacks <em>(both yours and your opponent's)</em>.",0.05,0.22,1.49,0.21,,Normal,69/181,Common,Psychic,50,Basic,[1] Mumble (10),,,Px2,None,1,
183847,Cosmog,Cosmog,https://tcgplayer-cdn.tcgplayer.com/product/183847_200w.jpg,3,2377,https://cpt.tcgcsv.com/Zxt2,2025-11-21T00:16:55.823,1,"<strong>Ability — Cosmic Guard</strong>
<br>As long as this Pokemon is on your Bench, prevent all damage done to this Pokemon by attacks <em>(both yours and your opponent's)</em>.",0.25,0.53,2.09,0.58,,Reverse Holofoil,69/181,Common,Psychic,50,Basic,[1] Mumble (10),,,Px2,None,1,
183848,Cosmoem,Cosmoem,https://tcgplayer-cdn.tcgplayer.com/product/183848_200w.jpg,3,2377,https://cpt.tcgcsv.com/-xt2,2026-03-06T18:57:04.017,1,,0.1,0.36,1.49,0.35,0.3,Reverse Holofoil,70/181,Uncommon,Psychic,100,Stage 1,"[1] Nap
<br>Heal 20 damage from this Pokemon.",,,Px2,None,3,
183848,Cosmoem,Cosmoem,https://tcgplayer-cdn.tcgplayer.com/product/183848_200w.jpg,3,2377,https://cpt.tcgcsv.com/-xt2,2026-03-06T18:57:04.017,1,,0.02,0.25,20.0,0.2,0.2,Normal,70/181,Uncommon,Psychic,100,Stage 1,"[1] Nap
<br>Heal 20 damage from this Pokemon.",,,Px2,None,3,
183849,Mankey,Mankey,https://tcgplayer-cdn.tcgplayer.com/product/183849_200w.jpg,3,2377,https://cpt.tcgcsv.com/_xt2,2025-02-07T20:03:44.993,1,,0.03,0.2,1.49,0.15,0.1,Normal,71/181,Common,Fighting,50,Basic,"[1] Scout
<br>Your opponent reveals their hand.",[1F] Low Kick (30),,Px2,None,1,
183849,Mankey,Mankey,https://tcgplayer-cdn.tcgplayer.com/product/183849_200w.jpg,3,2377,https://cpt.tcgcsv.com/_xt2,2025-02-07T20:03:44.993,1,,0.18,0.37,2.99,0.3,,Reverse Holofoil,71/181,Common,Fighting,50,Basic,"[1] Scout
<br>Your opponent reveals their hand.",[1F] Low Kick (30),,Px2,None,1,
183850,Primeape,Primeape,https://tcgplayer-cdn.tcgplayer.com/product/183850_200w.jpg,3,2377,https://cpt.tcgcsv.com/0zt2,2025-02-07T20:03:45.04,1,,0.48,0.86,2.99,0.91,,Reverse Holofoil,72/181,Rare,Fighting,90,Stage 1,[F] Low Kick (30),"[2F] Wreck (80+)
<br>If there is any Stadium card in play, this attack does 80 more damage. Then, discard that Stadium card.",,Px2,None,1,
183850,Primeape,Primeape,https://tcgplayer-cdn.tcgplayer.com/product/183850_200w.jpg,3,2377,https://cpt.tcgcsv.com/0zt2,2025-02-07T20:03:45.04,1,,0.1,0.35,1.58,0.34,,Normal,72/181,Rare,Fighting,90,Stage 1,[F] Low Kick (30),"[2F] Wreck (80+)
<br>If there is any Stadium card in play, this attack does 80 more damage. Then, discard that Stadium card.",,Px2,None,1,
183851,Hitmonlee,Hitmonlee,https://tcgplayer-cdn.tcgplayer.com/product/183851_200w.jpg,3,2377,https://cpt.tcgcsv.com/2zt2,2026-03-06T18:58:27.72,1,,0.25,0.56,96.95,0.59,0.74,Normal,73/181,Uncommon,Fighting,100,Basic,"[F] Special Combo
<br>This attack can be used only if Hitmonchan used Hit and Away during your last turn. This attack does 90 damage to 1 of your opponent's Benched Pokemon.<em> (Don't apply Weakness and Resistance for Benched Pokemon.)</em>",[2F] Mega Kick (90),,Px2,None,1,
183851,Hitmonlee,Hitmonlee,https://tcgplayer-cdn.tcgplayer.com/product/183851_200w.jpg,3,2377,https://cpt.tcgcsv.com/2zt2,2026-03-06T18:58:27.72,1,,1.0,1.88,3.99,1.46,2.48,Reverse Holofoil,73/181,Uncommon,Fighting,100,Basic,"[F] Special Combo
<br>This attack can be used only if Hitmonchan used Hit and Away during your last turn. This attack does 90 damage to 1 of your opponent's Benched Pokemon.<em> (Don't apply Weakness and Resistance for Benched Pokemon.)</em>",[2F] Mega Kick (90),,Px2,None,1,
183852,Hitmonchan,Hitmonchan,https://tcgplayer-cdn.tcgplayer.com/product/183852_200w.jpg,3,2377,https://cpt.tcgcsv.com/3zt2,2025-02-07T20:03:45.1,1,,0.25,0.44,3.49,0.51,,Normal,74/181,Uncommon,Fighting,90,Basic,"[F] Hit and Run (30)
<br>You may switch this Pokémon with 1 of your Benched Pokemon.",[2F] Magnum Punch (70),,Px2,None,1,
183852,Hitmonchan,Hitmonchan,https://tcgplayer-cdn.tcgplayer.com/product/183852_200w.jpg,3,2377,https://cpt.tcgcsv.com/3zt2,2025-02-07T20:03:45.1,1,,1.84,2.51,3.88,2.51,,Reverse Holofoil,74/181,Uncommon,Fighting,90,Basic,"[F] Hit and Run (30)
<br>You may switch this Pokémon with 1 of your Benched Pokemon.",[2F] Magnum Punch (70),,Px2,None,1,
183853,Omanyte,Omanyte,https://tcgplayer-cdn.tcgplayer.com/product/183853_200w.jpg,3,2377,https://cpt.tcgcsv.com/5zt2,2026-03-06T18:58:56.82,1,,0.06,0.25,10.0,0.25,0.25,Normal,75/181,Uncommon,Fighting,90,Basic,"[1] Tickle (30)
<br>Flip a coin. If heads, your opponent's Active Pokemon is now Paralyzed.",,,Gx2,None,1,
183853,Omanyte,Omanyte,https://tcgplayer-cdn.tcgplayer.com/product/183853_200w.jpg,3,2377,https://cpt.tcgcsv.com/5zt2,2026-03-06T18:58:56.82,1,,0.24,0.49,1.49,0.48,0.5,Reverse Holofoil,75/181,Uncommon,Fighting,90,Basic,"[1] Tickle (30)
<br>Flip a coin. If heads, your opponent's Active Pokemon is now Paralyzed.",,,Gx2,None,1,
183854,Omastar,Omastar,https://tcgplayer-cdn.tcgplayer.com/product/183854_200w.jpg,3,2377,https://cpt.tcgcsv.com/6zt2,2022-12-08T20:17:09.643,1,"<strong>Ability — Fossil Bind</strong>
<br>As long as you have fewer Pokemon in play than your opponent, they can't play any Item cards from their hand.",1.0,1.37,3.0,1.37,1.37,Reverse Holofoil,76/181,Holo Rare,Fighting,130,Stage 1,[1F] Bite (60),,,Gx2,None,2,
183854,Omastar,Omastar,https://tcgplayer-cdn.tcgplayer.com/product/183854_200w.jpg,3,2377,https://cpt.tcgcsv.com/6zt2,2022-12-08T20:17:09.643,1,"<strong>Ability — Fossil Bind</strong>
<br>As long as you have fewer Pokemon in play than your opponent, they can't play any Item cards from their hand.",0.4,1.18,3.99,1.18,1.29,Holofoil,76/181,Holo Rare,Fighting,130,Stage 1,[1F] Bite (60),,,Gx2,None,2,
183855,Kabuto,Kabuto,https://tcgplayer-cdn.tcgplayer.com/product/183855_200w.jpg,3,2377,https://cpt.tcgcsv.com/7zt2,2022-12-08T20:17:16.503,1,,0.13,0.25,1.49,0.28,0.29,Normal,77/181,Uncommon,Fighting,90,Basic,"[F] Ramming Shell (40)
<br>During your opponent's next turn, this Pokemon takes 20 less damage from attacks<em> (after applying Weakness and Resistance)</em>.",,,Gx2,None,1,
183855,Kabuto,Kabuto,https://tcgplayer-cdn.tcgplayer.com/product/183855_200w.jpg,3,2377,https://cpt.tcgcsv.com/7zt2,2022-12-08T20:17:16.503,1,,0.25,0.5,2.99,0.57,,Reverse Holofoil,77/181,Uncommon,Fighting,90,Basic,"[F] Ramming Shell (40)
<br>During your opponent's next turn, this Pokemon takes 20 less damage from attacks<em> (after applying Weakness and Resistance)</em>.",,,Gx2,None,1,
183856,Kabutops,Kabutops,https://tcgplayer-cdn.tcgplayer.com/product/183856_200w.jpg,3,2377,https://cpt.tcgcsv.com/8zt2,2026-03-10T15:07:45.2,1,"<strong>Ability — Fossilized Memories</strong>
<br>As long as this Pokemon is your Active Pokemon, your opponent can't play any Supporter cards from their hand.",0.4,0.68,1.5,0.68,,Normal,78/181,Rare,Fighting,140,Stage 1,"[2F] Rock Slide (80)
<br>This attack does 20 damage to 2 of your opponent's Benched Pokemon. <em>Don't apply Weakness and Resistance for Benched Pokemon.)</em>",,,Gx2,None,2,
183856,Kabutops,Kabutops,https://tcgplayer-cdn.tcgplayer.com/product/183856_200w.jpg,3,2377,https://cpt.tcgcsv.com/8zt2,2026-03-10T15:07:45.2,1,"<strong>Ability — Fossilized Memories</strong>
<br>As long as this Pokemon is your Active Pokemon, your opponent can't play any Supporter cards from their hand.",1.24,3.52,4321.0,2.92,,Reverse Holofoil,78/181,Rare,Fighting,140,Stage 1,"[2F] Rock Slide (80)
<br>This attack does 20 damage to 2 of your opponent's Benched Pokemon. <em>Don't apply Weakness and Resistance for Benched Pokemon.)</em>",,,Gx2,None,2,
183857,Larvitar,Larvitar,https://tcgplayer-cdn.tcgplayer.com/product/183857_200w.jpg,3,2377,https://cpt.tcgcsv.com/9zt2,2025-10-31T18:31:26.1,1,,0.1,0.25,1.49,0.29,,Normal,79/181,Common,Fighting,70,Basic,"[2] Chip Away (30)
<br>This attack's damage isn't affected by any effects on your opponent's Active Pokemon.",,,Gx2,None,2,
183857,Larvitar,Larvitar,https://tcgplayer-cdn.tcgplayer.com/product/183857_200w.jpg,3,2377,https://cpt.tcgcsv.com/9zt2,2025-10-31T18:31:26.1,1,,0.1,0.49,1.49,0.47,,Reverse Holofoil,79/181,Common,Fighting,70,Basic,"[2] Chip Away (30)
<br>This attack's damage isn't affected by any effects on your opponent's Active Pokemon.",,,Gx2,None,2,
183858,Pupitar,Pupitar,https://tcgplayer-cdn.tcgplayer.com/product/183858_200w.jpg,3,2377,https://cpt.tcgcsv.com/bzt2,2025-02-07T20:03:45.153,1,,0.03,0.2,1.49,0.14,,Normal,80/181,Uncommon,Fighting,80,Stage 1,"[2] Payback (30+)
<br>If your opponent has only 1 Prize card remaining, this attack does 90 more damage.",,,Gx2,None,1,
183858,Pupitar,Pupitar,https://tcgplayer-cdn.tcgplayer.com/product/183858_200w.jpg,3,2377,https://cpt.tcgcsv.com/bzt2,2025-02-07T20:03:45.153,1,,0.1,0.35,2.99,0.29,,Reverse Holofoil,80/181,Uncommon,Fighting,80,Stage 1,"[2] Payback (30+)
<br>If your opponent has only 1 Prize card remaining, this attack does 90 more damage.",,,Gx2,None,1,
183859,Pancham,Pancham,https://tcgplayer-cdn.tcgplayer.com/product/183859_200w.jpg,3,2377,https://cpt.tcgcsv.com/czt2,2022-12-08T20:17:50.387,1,,0.1,0.29,1.49,0.29,0.19,Normal,81/181,Common,Fighting,60,Basic,"[2] Arm Thrust (40)
<br>Flip a coin. If heads, discard an Energy from your opponent's Active Pokemon. If tails, this attack does nothing.",,,Px2,None,2,
183859,Pancham,Pancham,https://tcgplayer-cdn.tcgplayer.com/product/183859_200w.jpg,3,2377,https://cpt.tcgcsv.com/czt2,2022-12-08T20:17:50.387,1,,0.99,1.8,29.99,1.9,,Reverse Holofoil,81/181,Common,Fighting,60,Basic,"[2] Arm Thrust (40)
<br>Flip a coin. If heads, discard an Energy from your opponent's Active Pokemon. If tails, this attack does nothing.",,,Px2,None,2,
183860,Lycanroc GX,Lycanroc GX,https://tcgplayer-cdn.tcgplayer.com/product/183860_200w.jpg,3,2377,https://cpt.tcgcsv.com/dzt2,2025-12-10T04:01:56.343,1,"<strong>Ability — Twilight Eyes</strong>
<br>When you play this Pokemon from your hand to evolve 1 of your Pokemon during your turn, you may discard an Energy attached to your opponent's Active Pokemon.",1.5,2.3,27.09,2.1,,Holofoil,82/181,Ultra Rare,Fighting,200,Stage 1,[2F] Accelerock (120),"<span style=""color:Teal""><strong>[F] Splintered Shards GX (30x)</strong>
<br>This attack does 30 damage for each Energy card in your opponent's discard pile. <em>(You can't use more than 1 GX attack in a game.)</em></span>",,Gx2,None,2,
183861,Alolan Grimer,Alolan Grimer,https://tcgplayer-cdn.tcgplayer.com/product/183861_200w.jpg,3,2377,https://cpt.tcgcsv.com/fzt2,2022-12-08T20:18:06.3,1,,0.03,0.2,19.5,0.2,0.12,Normal,83/181,Common,Darkness,70,Basic,"[2] Chemical Breath (20+)
<br>This attack does 50 more damage for each Special Condition affecting your opponent's Active Pokemon.",,,Fx2,P-20,3,
183861,Alolan Grimer,Alolan Grimer,https://tcgplayer-cdn.tcgplayer.com/product/183861_200w.jpg,3,2377,https://cpt.tcgcsv.com/fzt2,2022-12-08T20:18:06.3,1,,0.1,0.39,1.49,0.37,,Reverse Holofoil,83/181,Common,Darkness,70,Basic,"[2] Chemical Breath (20+)
<br>This attack does 50 more damage for each Special Condition affecting your opponent's Active Pokemon.",,,Fx2,P-20,3,
183862,Alolan Muk,Alolan Muk,https://tcgplayer-cdn.tcgplayer.com/product/183862_200w.jpg,3,2377,https://cpt.tcgcsv.com/gzt2,2026-02-17T13:03:36.223,1,"<strong>Ability — Adventurous Appetite</strong>
<br>When you play this Pokemon from your hand to evolve 1 of your Pokemon during your turn, you may look at the top 6 cards of your opponent's deck and discard any number of Item cards you find there. Your opponent shuffles the other cards back into their deck.",0.75,1.0,1.99,0.88,,Reverse Holofoil,84/181,Rare,Darkness,120,Stage 1,"[2D] Gunk Shot (80)
<br>Your opponent's Active Pokemon is now Poisoned.",,,Fx2,P-20,3,
183862,Alolan Muk,Alolan Muk,https://tcgplayer-cdn.tcgplayer.com/product/183862_200w.jpg,3,2377,https://cpt.tcgcsv.com/gzt2,2026-02-17T13:03:36.223,1,"<strong>Ability — Adventurous Appetite</strong>
<br>When you play this Pokemon from your hand to evolve 1 of your Pokemon during your turn, you may look at the top 6 cards of your opponent's deck and discard any number of Item cards you find there. Your opponent shuffles the other cards back into their deck.",0.15,0.5,1.99,0.49,0.49,Normal,84/181,Rare,Darkness,120,Stage 1,"[2D] Gunk Shot (80)
<br>Your opponent's Active Pokemon is now Poisoned.",,,Fx2,P-20,3,
183863,Tyranitar,Tyranitar,https://tcgplayer-cdn.tcgplayer.com/product/183863_200w.jpg,3,2377,https://cpt.tcgcsv.com/hzt2,2025-11-21T00:27:32.74,1,,3.09,5.93,6.75,3.06,,Reverse Holofoil,85/181,Holo Rare,Darkness,170,Stage 2,"[2D] Spinning Tail
<br>This attack does 30 damage to each of your opponent's Pokemon. <em>(Don't apply Weakness and Resistance for Benched Pokémon.)</em>","[3D] Bite Off (130+)
<br>If your opponent's Active Pokemon is a Pokemon GX or a Pokemon EX, this attack does 100 more damage <em>(before applying Weakness and Resistance)</em>.",,Fx2,P-20,4,
183863,Tyranitar,Tyranitar,https://tcgplayer-cdn.tcgplayer.com/product/183863_200w.jpg,3,2377,https://cpt.tcgcsv.com/hzt2,2025-11-21T00:27:32.74,1,,1.24,2.18,5.0,2.15,1.24,Holofoil,85/181,Holo Rare,Darkness,170,Stage 2,"[2D] Spinning Tail
<br>This attack does 30 damage to each of your opponent's Pokemon. <em>(Don't apply Weakness and Resistance for Benched Pokémon.)</em>","[3D] Bite Off (130+)
<br>If your opponent's Active Pokemon is a Pokemon GX or a Pokemon EX, this attack does 100 more damage <em>(before applying Weakness and Resistance)</em>.",,Fx2,P-20,4,
183864,Poochyena,Poochyena,https://tcgplayer-cdn.tcgplayer.com/product/183864_200w.jpg,3,2377,https://cpt.tcgcsv.com/jzt2,2025-10-22T02:00:44.05,1,,0.05,0.21,1.49,0.21,,Normal,86/181,Common,Darkness,70,Basic,"[1] Howl in the Dark
<br>Search your deck for up to 2 Darkness Pokemon, reveal them, and put them into your hand. Then, shuffle your deck.",[D] Bite (10),,Fx2,P-20,1,
183864,Poochyena,Poochyena,https://tcgplayer-cdn.tcgplayer.com/product/183864_200w.jpg,3,2377,https://cpt.tcgcsv.com/jzt2,2025-10-22T02:00:44.05,1,,0.2,0.4,2.33,0.4,,Reverse Holofoil,86/181,Common,Darkness,70,Basic,"[1] Howl in the Dark
<br>Search your deck for up to 2 Darkness Pokemon, reveal them, and put them into your hand. Then, shuffle your deck.",[D] Bite (10),,Fx2,P-20,1,
183865,Mightyena,Mightyena,https://tcgplayer-cdn.tcgplayer.com/product/183865_200w.jpg,3,2377,https://cpt.tcgcsv.com/kzt2,2022-12-08T20:18:42.807,1,,0.15,0.4,1.49,0.39,,Normal,87/181,Rare,Darkness,100,Stage 1,[D] Bite (30),"[2] Dark Fang (50)
<br>Discard a random card from your opponent's hand.",,Fx2,P-20,1,
183865,Mightyena,Mightyena,https://tcgplayer-cdn.tcgplayer.com/product/183865_200w.jpg,3,2377,https://cpt.tcgcsv.com/kzt2,2022-12-08T20:18:42.807,1,,0.57,0.88,2.99,0.87,0.99,Reverse Holofoil,87/181,Rare,Darkness,100,Stage 1,[D] Bite (30),"[2] Dark Fang (50)
<br>Discard a random card from your opponent's hand.",,Fx2,P-20,1,
183866,Absol,Absol,https://tcgplayer-cdn.tcgplayer.com/product/183866_200w.jpg,3,2377,https://cpt.tcgcsv.com/lzt2,2025-10-14T00:22:32.33,1,"<strong>Ability — Dark Ambition</strong>
<br>If your opponent's Active Pokemon is a Basic Pokemon, its Retreat Cost is Colorless more.",1.25,2.78,96.92,2.81,1.75,Holofoil,88/181,Holo Rare,Darkness,100,Basic,"[2D] Shadow Seeker (30+)
<br>This attack does 30 more damage for each in your opponent's Active Pokemon's Retreat Cost.",,,Fx2,P-20,1,
183866,Absol,Absol,https://tcgplayer-cdn.tcgplayer.com/product/183866_200w.jpg,3,2377,https://cpt.tcgcsv.com/lzt2,2025-10-14T00:22:32.33,1,"<strong>Ability — Dark Ambition</strong>
<br>If your opponent's Active Pokemon is a Basic Pokemon, its Retreat Cost is Colorless more.",1.56,3.97,7.96,3.97,7.96,Reverse Holofoil,88/181,Holo Rare,Darkness,100,Basic,"[2D] Shadow Seeker (30+)
<br>This attack does 30 more damage for each in your opponent's Active Pokemon's Retreat Cost.",,,Fx2,P-20,1,
183867,Spiritomb,Spiritomb,https://tcgplayer-cdn.tcgplayer.com/product/183867_200w.jpg,3,2377,https://cpt.tcgcsv.com/mzt2,2022-12-08T20:26:50.993,1,,0.05,0.2,1.49,0.18,,Normal,89/181,Uncommon,Darkness,70,Basic,"[1] Soul Compressor
<br>Search your deck for up to 4 Pokemon and discard them. Then, shuffle your deck.",[1] Spooky Shot (20),,None,None,1,
183867,Spiritomb,Spiritomb,https://tcgplayer-cdn.tcgplayer.com/product/183867_200w.jpg,3,2377,https://cpt.tcgcsv.com/mzt2,2022-12-08T20:26:50.993,1,,0.2,0.4,3.0,0.39,,Reverse Holofoil,89/181,Uncommon,Darkness,70,Basic,"[1] Soul Compressor
<br>Search your deck for up to 4 Pokemon and discard them. Then, shuffle your deck.",[1] Spooky Shot (20),,None,None,1,
183868,Zorua,Zorua,https://tcgplayer-cdn.tcgplayer.com/product/183868_200w.jpg,3,2377,https://cpt.tcgcsv.com/nzt2,2025-02-07T20:03:45.26,1,,0.05,0.2,1.49,0.18,,Normal,90/181,Common,Darkness,60,Basic,"[D] Hide in Shadows
<br>Switch this Pokemon with 1 of your Benched Pokemon.",,,Fx2,P-20,1,
183868,Zorua,Zorua,https://tcgplayer-cdn.tcgplayer.com/product/183868_200w.jpg,3,2377,https://cpt.tcgcsv.com/nzt2,2025-02-07T20:03:45.26,1,,0.27,0.5,1.12,0.53,,Reverse Holofoil,90/181,Common,Darkness,60,Basic,"[D] Hide in Shadows
<br>Switch this Pokemon with 1 of your Benched Pokemon.",,,Fx2,P-20,1,
183869,Zoroark,Zoroark,https://tcgplayer-cdn.tcgplayer.com/product/183869_200w.jpg,3,2377,https://cpt.tcgcsv.com/pzt2,2025-12-10T04:14:34.14,1,,0.4,0.68,2.5,0.68,,Holofoil,91/181,Holo Rare,Darkness,110,Stage 1,"[D] Taunt
<br>Switch 1 of your opponent's Benched Pokemon with their Active Pokemon.","[2D] Night Punishment (20x)
<br>This attack does 20 damage times the number of Pokemon in your discard pile. You can't use more than 200 damage in this way.",,Fx2,P-20,2,
183869,Zoroark,Zoroark,https://tcgplayer-cdn.tcgplayer.com/product/183869_200w.jpg,3,2377,https://cpt.tcgcsv.com/pzt2,2025-12-10T04:14:34.14,1,,0.66,1.02,2.49,1.03,0.8,Reverse Holofoil,91/181,Holo Rare,Darkness,110,Stage 1,"[D] Taunt
<br>Switch 1 of your opponent's Benched Pokemon with their Active Pokemon.","[2D] Night Punishment (20x)
<br>This attack does 20 damage times the number of Pokemon in your discard pile. You can't use more than 200 damage in this way.",,Fx2,P-20,2,
183870,Vullaby,Vullaby,https://tcgplayer-cdn.tcgplayer.com/product/183870_200w.jpg,3,2377,https://cpt.tcgcsv.com/qzt2,2025-02-07T20:03:45.37,1,,0.16,0.38,2.35,0.28,,Reverse Holofoil,92/181,Common,Darkness,60,Basic,"[1] Collect
<br>Draw a card.",[D] Corkscrew Punch (10),,Lx2,F-20,1,
183870,Vullaby,Vullaby,https://tcgplayer-cdn.tcgplayer.com/product/183870_200w.jpg,3,2377,https://cpt.tcgcsv.com/qzt2,2025-02-07T20:03:45.37,1,,0.02,0.2,1.49,0.11,,Normal,92/181,Common,Darkness,60,Basic,"[1] Collect
<br>Draw a card.",[D] Corkscrew Punch (10),,Lx2,F-20,1,
183871,Mandibuzz,Mandibuzz,https://tcgplayer-cdn.tcgplayer.com/product/183871_200w.jpg,3,2377,https://cpt.tcgcsv.com/rzt2,2022-12-08T20:27:13.987,1,,0.09,0.25,1.49,0.24,0.24,Normal,93/181,Rare,Darkness,120,Stage 1,"[D] Trash Crash
<br>Discard an Item card from your hand. If you do, this attack does 60 damage to 1 of your opponent's Pokemon. This damage isn't affected by Weakness or Resistance.","[2D] Brave Bird (120)
<br>This Pokemon does 30 damage to itself.",,Lx2,F-20,2,
183871,Mandibuzz,Mandibuzz,https://tcgplayer-cdn.tcgplayer.com/product/183871_200w.jpg,3,2377,https://cpt.tcgcsv.com/rzt2,2022-12-08T20:27:13.987,1,,0.32,0.57,1.5,0.57,0.44,Reverse Holofoil,93/181,Rare,Darkness,120,Stage 1,"[D] Trash Crash
<br>Discard an Item card from your hand. If you do, this attack does 60 damage to 1 of your opponent's Pokemon. This damage isn't affected by Weakness or Resistance.","[2D] Brave Bird (120)
<br>This Pokemon does 30 damage to itself.",,Lx2,F-20,2,
183872,Pangoro,Pangoro,https://tcgplayer-cdn.tcgplayer.com/product/183872_200w.jpg,3,2377,https://cpt.tcgcsv.com/szt2,2023-11-16T20:34:10.173,1,,0.19,0.62,2.0,0.77,0.79,Reverse Holofoil,94/181,Rare,Darkness,140,Stage 1,"[2D] Tighten Up
<br>Your opponent discards 2 cards from their hand.","[2DD] Tantrum (170)
<br>This Pokemon is now Confused.",,Fx2,P-20,4,
183872,Pangoro,Pangoro,https://tcgplayer-cdn.tcgplayer.com/product/183872_200w.jpg,3,2377,https://cpt.tcgcsv.com/szt2,2023-11-16T20:34:10.173,1,,0.06,0.33,1.49,0.26,0.25,Normal,94/181,Rare,Darkness,140,Stage 1,"[2D] Tighten Up
<br>Your opponent discards 2 cards from their hand.","[2DD] Tantrum (170)
<br>This Pokemon is now Confused.",,Fx2,P-20,4,
183873,Yveltal,Yveltal,https://tcgplayer-cdn.tcgplayer.com/product/183873_200w.jpg,3,2377,https://cpt.tcgcsv.com/tzt2,2023-08-27T15:10:25.897,1,,1.37,2.05,7.0,2.05,1.37,Holofoil,95/181,Holo Rare,Darkness,110,Basic,"[D] Derail (30)
<br>Discard a Special Energy from your opponent's Active Pokemon.","[DD] Clutch (60)
<br>The Defending Pokemon can't retreat during your opponent's next turn.",,Lx2,F-20,0,
183873,Yveltal,Yveltal,https://tcgplayer-cdn.tcgplayer.com/product/183873_200w.jpg,3,2377,https://cpt.tcgcsv.com/tzt2,2023-08-27T15:10:25.897,1,,1.5,2.13,6.5,1.92,,Reverse Holofoil,95/181,Holo Rare,Darkness,110,Basic,"[D] Derail (30)
<br>Discard a Special Energy from your opponent's Active Pokemon.","[DD] Clutch (60)
<br>The Defending Pokemon can't retreat during your opponent's next turn.",,Lx2,F-20,0,
183874,Hoopa GX,Hoopa GX,https://tcgplayer-cdn.tcgplayer.com/product/183874_200w.jpg,3,2377,https://cpt.tcgcsv.com/vzt2,2022-12-08T20:27:34.313,1,,2.14,3.08,7.0,3.07,3.23,Holofoil,96/181,Ultra Rare,Darkness,190,Basic,"[D] Rogue Ring 
<br>Search your deck for up to 2 cards and put them into your hand. Then, shuffle your deck.","[DDD] Dark Strike (160)
<br>This Pokemon can't use Dark Strike during your next turn.","<span style=""color:Teal""><strong>[DDD] Devilish Hands GX</strong>
<br>Choose 1 of your opponent's Pokemon GX or Pokemon EX 6 times. <em>You can choose the same Pokemon more than once.)</em> For each one, you chose a Pokemon, do 30 damage to it. This damage is not affected by Weakness or Resistance. (You can't use more than 1 GX attack in a game.)</em></span>",Fx2,P-20,3,
183875,Hoopa GX (Full Art),Hoopa GX Full Art,https://tcgplayer-cdn.tcgplayer.com/product/183875_200w.jpg,3,2377,https://cpt.tcgcsv.com/wzt2,2022-12-08T20:37:52.413,1,,6.0,9.0,15.58,8.83,10.24,Holofoil,166/181,Ultra Rare,Darkness,190,Basic,"[D] Rogue Ring 
<br>Search your deck for up to 2 cards and put them into your hand. Then, shuffle your deck.","[DDD] Dark Strike (160)
<br>This Pokemon can't use Dark Strike during your next turn.","<span style=""color:Teal""><strong>[DDD] Devilish Hands GX</strong>
<br>Choose 1 of your opponent's Pokemon GX or Pokemon EX 6 times. <em>You can choose the same Pokemon more than once.)</em> For each one, you chose a Pokemon, do 30 damage to it. This damage is not affected by Weakness or Resistance. (You can't use more than 1 GX attack in a game.)</em></span>",Fx2,P-20,3,
183876,Hoopa GX (Secret),Hoopa GX Secret,https://tcgplayer-cdn.tcgplayer.com/product/183876_200w.jpg,3,2377,https://cpt.tcgcsv.com/xzt2,2026-02-02T19:21:03.637,1,,17.94,22.35,65.0,20.84,,Holofoil,187/181,Secret Rare,Darkness,190,Basic,"[D] Rogue Ring 
<br>Search your deck for up to 2 cards and put them into your hand. Then, shuffle your deck.","[DDD] Dark Strike (160)
<br>This Pokemon can't use Dark Strike during your next turn.","<span style=""color:Teal""><strong>[DDD] Devilish Hands GX</strong>
<br>Choose 1 of your opponent's Pokemon GX or Pokemon EX 6 times. <em>You can choose the same Pokemon more than once.)</em> For each one, you chose a Pokemon, do 30 damage to it. This damage is not affected by Weakness or Resistance. (You can't use more than 1 GX attack in a game.)</em></span>",Fx2,P-20,3,
183877,Incineroar GX,Incineroar GX,https://tcgplayer-cdn.tcgplayer.com/product/183877_200w.jpg,3,2377,https://cpt.tcgcsv.com/zzt2,2026-02-05T20:40:54.797,1,"<strong>Ability — Scar Charge</strong>
<br>Once during your turn<em> (before your attack)</em>, you may put 3 damage counters on this Pokemon. If you do, search your deck for up to 3 Darkness Energy cards and attach them to this Pokemon. Then, shuffle your deck.",1.85,2.65,5.69,2.65,2.66,Holofoil,97/181,Ultra Rare,Darkness,250,Basic,"[3] Crushing Punch (130)
<br>Discard a Special Energy from your opponent's Active Pokemon.","<span style=""color:Teal""><strong>[3] Darkest Tornado GX (10+)</strong>
<br>This attack does 50 more damage for each damage counter on this Pokemon. <em>(You can't use more than 1 GX attack in a game.)</em></span>",,Fx2,P-20,3,
183878,Incineroar GX (Full Art),Incineroar GX Full Art,https://tcgplayer-cdn.tcgplayer.com/product/183878_200w.jpg,3,2377,https://cpt.tcgcsv.com/Bzt2,2025-12-10T04:01:12.127,1,"<strong>Ability — Scar Charge</strong>
<br>Once during your turn<em> (before your attack)</em>, you may put 3 damage counters on this Pokemon. If you do, search your deck for up to 3 Darkness Energy cards and attach them to this Pokemon. Then, shuffle your deck.",5.0,6.31,9.1,6.31,6.31,Holofoil,167/181,Ultra Rare,Darkness,250,Basic,"[3] Crushing Punch (130)
<br>Discard a Special Energy from your opponent's Active Pokemon.","<span style=""color:Teal""><strong>[3] Darkest Tornado GX (10+)</strong>
<br>This attack does 50 more damage for each damage counter on this Pokemon. <em>(You can't use more than 1 GX attack in a game.)</em></span>",,Fx2,P-20,3,
183879,Incineroar GX (Secret),Incineroar GX Secret,https://tcgplayer-cdn.tcgplayer.com/product/183879_200w.jpg,3,2377,https://cpt.tcgcsv.com/Czt2,2022-12-08T20:41:07.67,1,"<strong>Ability — Scar Charge</strong>
<br>Once during your turn<em> (before your attack)</em>, you may put 3 damage counters on this Pokemon. If you do, search your deck for up to 3 Darkness Energy cards and attach them to this Pokemon. Then, shuffle your deck.",18.23,24.03,30.0,21.1,,Holofoil,188/181,Secret Rare,Darkness,250,Basic,"[3] Crushing Punch (130)
<br>Discard a Special Energy from your opponent's Active Pokemon.","<span style=""color:Teal""><strong>[3] Darkest Tornado GX (10+)</strong>
<br>This attack does 50 more damage for each damage counter on this Pokemon. <em>(You can't use more than 1 GX attack in a game.)</em></span>",,Fx2,P-20,3,
183880,Skarmory,Skarmory,https://tcgplayer-cdn.tcgplayer.com/product/183880_200w.jpg,3,2377,https://cpt.tcgcsv.com/Dzt2,2022-12-08T20:27:53.293,1,,0.3,0.76,1.77,0.58,,Reverse Holofoil,98/181,Rare,Metal,110,Basic,"[1M] Calm Strike (20+)
<br>If you have used your GX attack, this attack does 70 more damage.","[1MM] Steel Wing (90)
<br>During your opponent's next turn, this Pokemon takes 30 less damage from attacks <em>(after applying Weakness and Resistance)</em>.",,Lx2,F-20,1,
183880,Skarmory,Skarmory,https://tcgplayer-cdn.tcgplayer.com/product/183880_200w.jpg,3,2377,https://cpt.tcgcsv.com/Dzt2,2022-12-08T20:27:53.293,1,,0.07,0.35,1.49,0.36,,Normal,98/181,Rare,Metal,110,Basic,"[1M] Calm Strike (20+)
<br>If you have used your GX attack, this attack does 70 more damage.","[1MM] Steel Wing (90)
<br>During your opponent's next turn, this Pokemon takes 30 less damage from attacks <em>(after applying Weakness and Resistance)</em>.",,Lx2,F-20,1,
183881,Jirachi,Jirachi,https://tcgplayer-cdn.tcgplayer.com/product/183881_200w.jpg,3,2377,https://cpt.tcgcsv.com/Fzt2,2025-11-21T00:21:59.953,1,"<strong>Ability — Stellar Wish</strong>
<br>Once during your turn<em> (before your attack)</em>, if this Pokemon is your Active Pokemon, you may look at the top 5 cards of your deck. You may reveal a Trainer card you find there and put it into your hand. Shuffle the other cards back into your deck. This Pokemon is now Asleep.",4.49,6.5,20.0,6.09,4.49,Holofoil,99/181,Holo Rare,Metal,70,Basic,[1M] Slap (30),,,Rx2,P-20,1,
183881,Jirachi,Jirachi,https://tcgplayer-cdn.tcgplayer.com/product/183881_200w.jpg,3,2377,https://cpt.tcgcsv.com/Fzt2,2025-11-21T00:21:59.953,1,"<strong>Ability — Stellar Wish</strong>
<br>Once during your turn<em> (before your attack)</em>, if this Pokemon is your Active Pokemon, you may look at the top 5 cards of your deck. You may reveal a Trainer card you find there and put it into your hand. Shuffle the other cards back into your deck. This Pokemon is now Asleep.",5.24,7.02,8.99,7.29,,Reverse Holofoil,99/181,Holo Rare,Metal,70,Basic,[1M] Slap (30),,,Rx2,P-20,1,
183882,Bronzor,Bronzor,https://tcgplayer-cdn.tcgplayer.com/product/183882_200w.jpg,3,2377,https://cpt.tcgcsv.com/Gzt2,2026-03-06T18:55:36.427,1,"<strong>Ability — Evolutionary Advantage</strong>
<br>If you go second, this Pokemon can evolve during your first turn.",0.03,0.22,19.5,0.15,0.1,Normal,100/181,Common,Metal,50,Basic,[1M] Tackle (20),,,Rx2,P-20,1,
183882,Bronzor,Bronzor,https://tcgplayer-cdn.tcgplayer.com/product/183882_200w.jpg,3,2377,https://cpt.tcgcsv.com/Gzt2,2026-03-06T18:55:36.427,1,"<strong>Ability — Evolutionary Advantage</strong>
<br>If you go second, this Pokemon can evolve during your first turn.",0.1,0.94,3.49,0.84,1.01,Reverse Holofoil,100/181,Common,Metal,50,Basic,[1M] Tackle (20),,,Rx2,P-20,1,
183883,Bronzong,Bronzong,https://tcgplayer-cdn.tcgplayer.com/product/183883_200w.jpg,3,2377,https://cpt.tcgcsv.com/Hzt2,2026-02-27T03:34:19.627,1,"<strong>Ability — Heatproof</strong>
<br>Prevent all damage done to this Pokemon by attacks from your opponent's Fire Pokemon.",0.25,0.48,1.49,0.44,0.4,Reverse Holofoil,101/181,Rare,Metal,130,Stage 1,"[2M] Shady Stamp (70)
<br>Your opponent's Active Pokemon is now Confused.",,,Rx2,P-20,3,
183883,Bronzong,Bronzong,https://tcgplayer-cdn.tcgplayer.com/product/183883_200w.jpg,3,2377,https://cpt.tcgcsv.com/Hzt2,2026-02-27T03:34:19.627,1,"<strong>Ability — Heatproof</strong>
<br>Prevent all damage done to this Pokemon by attacks from your opponent's Fire Pokemon.",0.18,0.25,1.49,0.24,0.24,Normal,101/181,Rare,Metal,130,Stage 1,"[2M] Shady Stamp (70)
<br>Your opponent's Active Pokemon is now Confused.",,,Rx2,P-20,3,
183884,Ferroseed,Ferroseed,https://tcgplayer-cdn.tcgplayer.com/product/183884_200w.jpg,3,2377,https://cpt.tcgcsv.com/Jzt2,2025-02-07T20:03:45.43,1,,0.18,0.37,2.44,0.31,,Reverse Holofoil,102/181,Common,Metal,60,Basic,"[M] Continuous Tumble (20x)
<br> Flip a coin until you get tails. This attack does 20 damage for each heads.",,,Rx2,P-20,3,
183884,Ferroseed,Ferroseed,https://tcgplayer-cdn.tcgplayer.com/product/183884_200w.jpg,3,2377,https://cpt.tcgcsv.com/Jzt2,2025-02-07T20:03:45.43,1,,0.02,0.2,1.56,0.13,,Normal,102/181,Common,Metal,60,Basic,"[M] Continuous Tumble (20x)
<br> Flip a coin until you get tails. This attack does 20 damage for each heads.",,,Rx2,P-20,3,
183885,Ferrothorn,Ferrothorn,https://tcgplayer-cdn.tcgplayer.com/product/183885_200w.jpg,3,2377,https://cpt.tcgcsv.com/Kzt2,2025-12-10T04:00:01.567,1,,0.13,0.39,1.99,0.26,0.38,Reverse Holofoil,103/181,Rare,Metal,120,Stage 1,"[M] Guard Press (20)
<br>During your opponent's next turn, this Pokemon takes 20 less damage from attacks<em> (after applying Weakness and Resistance)</em>.","[3] Thorn Pod Throw (80)
<br> This attack does 20 damage times the amount of Metal Energy attached to this Pokemon to 1 of your opponent's Benched Pokemon. You can't do more than 100 damage to a Benched Pokemon in this way. <em> (Don't apply Weakness and Resistance for Benched Pokémon.)</em>",,Rx2,P-20,3,
183885,Ferrothorn,Ferrothorn,https://tcgplayer-cdn.tcgplayer.com/product/183885_200w.jpg,3,2377,https://cpt.tcgcsv.com/Kzt2,2025-12-10T04:00:01.567,1,,0.07,0.29,1.49,0.23,,Normal,103/181,Rare,Metal,120,Stage 1,"[M] Guard Press (20)
<br>During your opponent's next turn, this Pokemon takes 20 less damage from attacks<em> (after applying Weakness and Resistance)</em>.","[3] Thorn Pod Throw (80)
<br> This attack does 20 damage times the amount of Metal Energy attached to this Pokemon to 1 of your opponent's Benched Pokemon. You can't do more than 100 damage to a Benched Pokemon in this way. <em> (Don't apply Weakness and Resistance for Benched Pokémon.)</em>",,Rx2,P-20,3,
183886,Pawniard,Pawniard,https://tcgplayer-cdn.tcgplayer.com/product/183886_200w.jpg,3,2377,https://cpt.tcgcsv.com/Lzt2,2022-12-08T20:29:02.057,1,,0.18,0.35,1.49,0.33,,Reverse Holofoil,104/181,Common,Metal,60,Basic,"[M] Rigidify
<br>During your opponent's next turn, this Pokemon takes 30 less damage from attacks <em>(after applying Weakness and Resistance)</em>.",[2] Scratch (20),,Rx2,P-20,1,
183886,Pawniard,Pawniard,https://tcgplayer-cdn.tcgplayer.com/product/183886_200w.jpg,3,2377,https://cpt.tcgcsv.com/Lzt2,2022-12-08T20:29:02.057,1,,0.02,0.2,19.5,0.16,0.05,Normal,104/181,Common,Metal,60,Basic,"[M] Rigidify
<br>During your opponent's next turn, this Pokemon takes 30 less damage from attacks <em>(after applying Weakness and Resistance)</em>.",[2] Scratch (20),,Rx2,P-20,1,
183887,Bisharp,Bisharp,https://tcgplayer-cdn.tcgplayer.com/product/183887_200w.jpg,3,2377,https://cpt.tcgcsv.com/Mzt2,2022-12-08T20:29:08.323,1,,0.07,0.29,1.49,0.28,,Normal,105/181,Rare,Metal,110,Stage 1,"[M] Single Lunge (30+)
<br>If this Pokemon has no damage counters on it, this attack does 90 more damage.",[2M] Power Edge (90),,Rx2,P-20,2,
183887,Bisharp,Bisharp,https://tcgplayer-cdn.tcgplayer.com/product/183887_200w.jpg,3,2377,https://cpt.tcgcsv.com/Mzt2,2022-12-08T20:29:08.323,1,,0.38,0.7,1.49,0.57,,Reverse Holofoil,105/181,Rare,Metal,110,Stage 1,"[M] Single Lunge (30+)
<br>If this Pokemon has no damage counters on it, this attack does 90 more damage.",[2M] Power Edge (90),,Rx2,P-20,2,
183888,Cobalion GX,Cobalion GX,https://tcgplayer-cdn.tcgplayer.com/product/183888_200w.jpg,3,2377,https://cpt.tcgcsv.com/Nzt2,2022-12-08T20:29:14.763,1,"<strong>Ability — Metal Symbol</strong>
<br>Each of your Pokemon that has any Metal Energy attached to it can't be affected by any Special Conditions. Remove any Special Conditions affecting those Pokemon.",2.0,3.0,96.94,2.87,2.88,Holofoil,106/181,Ultra Rare,Metal,110,Basic,"[MM] Duel Saber (50+)
<br>If there is any Stadium card in play, this attack does 60 more damage.","<span style=""color:Teal""><strong>[1] Iron Rule GX</strong>
<br>During your opponent's next turn, their Pokemon can't attack. <em>This includes Pokemon that come into play on that turn.) (You can't use more than 1 GX attack in a game.)</em></span>",,Rx2,P-20,1,
183889,Cobalion GX (Full Art),Cobalion GX Full Art,https://tcgplayer-cdn.tcgplayer.com/product/183889_200w.jpg,3,2377,https://cpt.tcgcsv.com/Pzt2,2022-12-08T20:38:06.167,1,"<strong>Ability — Metal Symbol</strong>
<br>Each of your Pokemon that has any Metal Energy attached to it can't be affected by any Special Conditions. Remove any Special Conditions affecting those Pokemon.",3.5,6.75,19.99,6.15,,Holofoil,168/181,Ultra Rare,Metal,110,Basic,"[MM] Duel Saber (50+)
<br>If there is any Stadium card in play, this attack does 60 more damage.","<span style=""color:Teal""><strong>[1] Iron Rule GX</strong>
<br>During your opponent's next turn, their Pokemon can't attack. <em>This includes Pokemon that come into play on that turn.) (You can't use more than 1 GX attack in a game.)</em></span>",,Rx2,P-20,1,
183890,Cobalion GX (Secret),Cobalion GX Secret,https://tcgplayer-cdn.tcgplayer.com/product/183890_200w.jpg,3,2377,https://cpt.tcgcsv.com/Qzt2,2022-12-08T20:41:13.55,1,"<strong>Ability — Metal Symbol</strong>
<br>Each of your Pokemon that has any Metal Energy attached to it can't be affected by any Special Conditions. Remove any Special Conditions affecting those Pokemon.",9.0,10.49,20.0,11.29,,Holofoil,189/181,Secret Rare,Metal,170,Basic,"[MM] Dueling Saber (50+)
<br>If there is any Stadium card in play, this attack does 60 more damage.","<span style=""color:Teal""><strong>[1] Iron Rule GX</strong>
<br>During your opponent's next turn, their Pokemon can't attack. <em>This includes Pokemon that come into play on that turn.) (You can't use more than 1 GX attack in a game.)</em></span>",,Rx2,P-20,1,
183891,Honedge,Honedge,https://tcgplayer-cdn.tcgplayer.com/product/183891_200w.jpg,3,2377,https://cpt.tcgcsv.com/Rzt2,2022-12-08T20:29:23.277,1,,0.03,0.2,1.49,0.19,0.17,Normal,107/181,Common,Metal,60,Basic,"[M] Cut Down
<br>Flip a coin. If heads, discard an Energy from your opponent's Active Pokemon.",,,Rx2,P-20,2,
183891,Honedge,Honedge,https://tcgplayer-cdn.tcgplayer.com/product/183891_200w.jpg,3,2377,https://cpt.tcgcsv.com/Rzt2,2022-12-08T20:29:23.277,1,,0.19,0.39,1.79,0.39,0.35,Reverse Holofoil,107/181,Common,Metal,60,Basic,"[M] Cut Down
<br>Flip a coin. If heads, discard an Energy from your opponent's Active Pokemon.",,,Rx2,P-20,2,
183892,Doublade,Doublade,https://tcgplayer-cdn.tcgplayer.com/product/183892_200w.jpg,3,2377,https://cpt.tcgcsv.com/Szt2,2022-12-08T20:29:29.43,1,,0.13,0.38,2.44,0.36,,Reverse Holofoil,108/181,Uncommon,Metal,90,Stage 1,"[2] Tool Drop (30x)
<br>This attack does 30 damage for each Pokemon Tool card attached to all Pokemon.",,,Rx2,P-20,2,
183892,Doublade,Doublade,https://tcgplayer-cdn.tcgplayer.com/product/183892_200w.jpg,3,2377,https://cpt.tcgcsv.com/Szt2,2022-12-08T20:29:29.43,1,,0.04,0.2,1.49,0.14,,Normal,108/181,Uncommon,Metal,90,Stage 1,"[2] Tool Drop (30x)
<br>This attack does 30 damage for each Pokemon Tool card attached to all Pokemon.",,,Rx2,P-20,2,
183893,Aegislash,Aegislash,https://tcgplayer-cdn.tcgplayer.com/product/183893_200w.jpg,3,2377,https://cpt.tcgcsv.com/Tzt2,2022-12-08T20:29:36.267,1,"<strong>Ability — Royal Guard</strong>
<br>This Pokemon takes 40 less damage from attacks <em>(after applying Weakness and Resistance)</em>.",0.35,0.81,1.99,0.81,0.74,Reverse Holofoil,109/181,Holo Rare,Metal,140,Stage 2,"[2M] Shield Bash (100)
<br>This attack's damage isn't affected by any effects on your opponent's Active Pokemon.",,,Rx2,P-20,3,
183893,Aegislash,Aegislash,https://tcgplayer-cdn.tcgplayer.com/product/183893_200w.jpg,3,2377,https://cpt.tcgcsv.com/Tzt2,2022-12-08T20:29:36.267,1,"<strong>Ability — Royal Guard</strong>
<br>This Pokemon takes 40 less damage from attacks <em>(after applying Weakness and Resistance)</em>.",0.25,0.63,2.0,0.62,0.75,Holofoil,109/181,Holo Rare,Metal,140,Stage 2,"[2M] Shield Bash (100)
<br>This attack's damage isn't affected by any effects on your opponent's Active Pokemon.",,,Rx2,P-20,3,
183894,Klefki,Klefki,https://tcgplayer-cdn.tcgplayer.com/product/183894_200w.jpg,3,2377,https://cpt.tcgcsv.com/Vzt2,2025-11-21T00:23:00.48,1,"<strong>Ability — Key of Secrets</strong>
<br>Each of your Metal Pokemon's Resistance becomes -40.",0.02,0.2,1.49,0.13,0.12,Normal,110/181,Common,Metal,60,Basic,[1M] Ram (30),,,Rx2,P-20,1,
183894,Klefki,Klefki,https://tcgplayer-cdn.tcgplayer.com/product/183894_200w.jpg,3,2377,https://cpt.tcgcsv.com/Vzt2,2025-11-21T00:23:00.48,1,"<strong>Ability — Key of Secrets</strong>
<br>Each of your Metal Pokemon's Resistance becomes -40.",0.15,0.35,1.49,0.33,0.3,Reverse Holofoil,110/181,Common,Metal,60,Basic,[1M] Ram (30),,,Rx2,P-20,1,
183895,Alolan Ninetales,Alolan Ninetales,https://tcgplayer-cdn.tcgplayer.com/product/183895_200w.jpg,3,2377,https://cpt.tcgcsv.com/Wzt2,2025-12-09T05:47:01.033,1,"<strong>Ability — Luminous Barrier</strong>
<br>Prevent all effects of attacks, including damage, done to this Pokemon by your opponent's Pokemon GX or Pokemon EX.",7.98,9.99,10.67,8.58,,Reverse Holofoil,111/181,Holo Rare,Fairy,110,Stage 1,[2Y] Aurora Beam (80),,,Mx2,None,1,
183895,Alolan Ninetales,Alolan Ninetales,https://tcgplayer-cdn.tcgplayer.com/product/183895_200w.jpg,3,2377,https://cpt.tcgcsv.com/Wzt2,2025-12-09T05:47:01.033,1,"<strong>Ability — Luminous Barrier</strong>
<br>Prevent all effects of attacks, including damage, done to this Pokemon by your opponent's Pokemon GX or Pokemon EX.",6.0,7.5,10.0,7.45,9.04,Holofoil,111/181,Holo Rare,Fairy,110,Stage 1,[2Y] Aurora Beam (80),,,Mx2,None,1,
183896,Mimikyu,Mimikyu,https://tcgplayer-cdn.tcgplayer.com/product/183896_200w.jpg,3,2377,https://cpt.tcgcsv.com/Xzt2,2025-02-07T20:03:45.527,1,,9.68,11.15,39.67,9.68,,Reverse Holofoil,112/181,Rare,Fairy,70,Basic,"[1] Filch
<br>Draw 2 cards.","[1Y] Copycat
<br>If your opponent's Pokemon used an attack that isn't a GX attack during their last turn, use it as this attack.",,None,None,1,
183896,Mimikyu,Mimikyu,https://tcgplayer-cdn.tcgplayer.com/product/183896_200w.jpg,3,2377,https://cpt.tcgcsv.com/Xzt2,2025-02-07T20:03:45.527,1,,5.0,8.68,25.0,7.36,,Normal,112/181,Rare,Fairy,70,Basic,"[1] Filch
<br>Draw 2 cards.","[1Y] Copycat
<br>If your opponent's Pokemon used an attack that isn't a GX attack during their last turn, use it as this attack.",,None,None,1,
183897,Latias & Latios GX,Latias and Latios GX,https://tcgplayer-cdn.tcgplayer.com/product/183897_200w.jpg,3,2377,https://cpt.tcgcsv.com/Zzt2,2024-08-09T19:01:54.38,1,"[Tag Team] When your TAG TEAM is Knocked Out, your opponent takes 3 Prize cards.",47.01,62.86,10000.0,61.38,74.0,Holofoil,113/181,Ultra Rare,Dragon,250,Basic,"[1WPP] Buster Purge (240)
<br>Discard 3 Energy from this Pokemon.","<span style=""color:Teal""><strong>[P+] Aero Unit GX</strong>
<br>Attach 5 basic Energy cards from your discard pile to your Pokemon in any way you like. If this Pokemon has at least 1 extra Energy attached to it <em>(in addition to this attack's cost)</em>, prevent all effects of attacks, including damage, done to it during your opponent's next turn. <em>(You can't use more than 1 GX attack in a game.)</em></span>",,Yx2,None,1,
183898,Latias & Latios GX (Full Art),Latias and Latios GX Full Art,https://tcgplayer-cdn.tcgplayer.com/product/183898_200w.jpg,3,2377,https://cpt.tcgcsv.com/-zt2,2024-08-09T18:50:08.737,1,"[Tag Team] When your TAG TEAM is Knocked Out, your opponent takes 3 Prize cards.",69.74,132.37,175.0,95.85,89.99,Holofoil,169/181,Ultra Rare,Dragon,250,Basic,"[1WPP] Buster Purge (240)
<br>Discard 3 Energy from this Pokemon.","<span style=""color:Teal""><strong>[P+] Aero Unit GX</strong>
<br>Attach 5 basic Energy cards from your discard pile to your Pokemon in any way you like. If this Pokemon has at least 1 extra Energy attached to it <em>(in addition to this attack's cost)</em>, prevent all effects of attacks, including damage, done to it during your opponent's next turn. <em>(You can't use more than 1 GX attack in a game.)</em></span>",,Yx2,None,1,
183899,Latias & Latios GX (Alternate Full Art),Latias and Latios GX Alternate Full Art,https://tcgplayer-cdn.tcgplayer.com/product/183899_200w.jpg,3,2377,https://cpt.tcgcsv.com/_zt2,2024-08-09T18:50:28.823,1,"[Tag Team] When your TAG TEAM is Knocked Out, your opponent takes 3 Prize cards.",2500.0,2750.0,2895.45,2706.03,,Holofoil,170/181,Ultra Rare,Dragon,250,Basic,"[1WPP] Buster Purge (240)
<br>Discard 3 Energy from this Pokemon.","<span style=""color:Teal""><strong>[P+] Aero Unit GX</strong>
<br>Attach 5 basic Energy cards from your discard pile to your Pokemon in any way you like. If this Pokemon has at least 1 extra Energy attached to it <em>(in addition to this attack's cost)</em>, prevent all effects of attacks, including damage, done to it during your opponent's next turn. <em>(You can't use more than 1 GX attack in a game.)</em></span>",,Yx2,None,1,
183900,Latias & Latios GX (Secret),Latias and Latios GX Secret,https://tcgplayer-cdn.tcgplayer.com/product/183900_200w.jpg,3,2377,https://cpt.tcgcsv.com/0Bt2,2024-08-09T18:51:59.633,1,"[Tag Team] When your TAG TEAM is Knocked Out, your opponent takes 3 Prize cards.",110.0,175.0,280.11,171.52,154.95,Holofoil,190/181,Secret Rare,Dragon,250,Basic,"[1WPP] Buster Purge (240)
<br>Discard 3 Energy from this Pokemon.","<span style=""color:Teal""><strong>[P+] Aero Unit GX</strong>
<br>Attach 5 basic Energy cards from your discard pile to your Pokemon in any way you like. If this Pokemon has at least 1 extra Energy attached to it <em>(in addition to this attack's cost)</em>, prevent all effects of attacks, including damage, done to it during your opponent's next turn. <em>(You can't use more than 1 GX attack in a game.)</em></span>",,Yx2,None,1,
183901,Alolan Exeggutor (114),Alolan Exeggutor 114,https://tcgplayer-cdn.tcgplayer.com/product/183901_200w.jpg,3,2377,https://cpt.tcgcsv.com/2Bt2,2025-02-07T20:03:45.587,1,,0.2,0.39,2.95,0.44,,Normal,114/181,Rare,Dragon,160,Basic,"[G] Tropical Shake (20+)
<br>This attack does 20 more damage for each type of basic Energy card in your discard pile. You can't add more than 100 damage in this way.",,,Yx2,None,3,
183901,Alolan Exeggutor (114),Alolan Exeggutor 114,https://tcgplayer-cdn.tcgplayer.com/product/183901_200w.jpg,3,2377,https://cpt.tcgcsv.com/2Bt2,2025-02-07T20:03:45.587,1,,0.12,0.41,1.99,0.39,,Reverse Holofoil,114/181,Rare,Dragon,160,Basic,"[G] Tropical Shake (20+)
<br>This attack does 20 more damage for each type of basic Energy card in your discard pile. You can't add more than 100 damage in this way.",,,Yx2,None,3,
183902,Alolan Exeggutor (115),Alolan Exeggutor 115,https://tcgplayer-cdn.tcgplayer.com/product/183902_200w.jpg,3,2377,https://cpt.tcgcsv.com/3Bt2,2025-11-20T23:37:45.48,1,,0.2,0.47,2.0,0.46,0.34,Normal,115/181,Rare,Dragon,160,Basic,"[0] Paradise Draw
<br>You may discard any number of cards from your hand. Then, draw cards until you have 6 cards in your hand.","[1G] Egg Splat (60x)
<br>Discard any number of Exeggcute from your hand. This attack does 60 damage for each card you discarded in this way.",,Yx2,None,4,
183902,Alolan Exeggutor (115),Alolan Exeggutor 115,https://tcgplayer-cdn.tcgplayer.com/product/183902_200w.jpg,3,2377,https://cpt.tcgcsv.com/3Bt2,2025-11-20T23:37:45.48,1,,0.3,0.59,96.95,0.5,0.64,Reverse Holofoil,115/181,Rare,Dragon,160,Basic,"[0] Paradise Draw
<br>You may discard any number of cards from your hand. Then, draw cards until you have 6 cards in your hand.","[1G] Egg Splat (60x)
<br>Discard any number of Exeggcute from your hand. This attack does 60 damage for each card you discarded in this way.",,Yx2,None,4,
183903,Dratini (116),Dratini 116,https://tcgplayer-cdn.tcgplayer.com/product/183903_200w.jpg,3,2377,https://cpt.tcgcsv.com/5Bt2,2025-02-07T20:03:45.65,1,,0.2,0.58,2.0,0.57,,Reverse Holofoil,116/181,Common,Dragon,60,Basic,"[L] Dragon Rage (60)
<br>Flip 2 coins. If either of them is tails, this attack does nothing.",,,Yx2,None,2,
183903,Dratini (116),Dratini 116,https://tcgplayer-cdn.tcgplayer.com/product/183903_200w.jpg,3,2377,https://cpt.tcgcsv.com/5Bt2,2025-02-07T20:03:45.65,1,,0.05,0.25,1.49,0.22,,Normal,116/181,Common,Dragon,60,Basic,"[L] Dragon Rage (60)
<br>Flip 2 coins. If either of them is tails, this attack does nothing.",,,Yx2,None,2,
183904,Dratini (117),Dratini 117,https://tcgplayer-cdn.tcgplayer.com/product/183904_200w.jpg,3,2377,https://cpt.tcgcsv.com/6Bt2,2022-12-08T20:30:33.33,1,"<strong>Ability — Defensive Scales</strong>
<br>Prevent all effects of your opponent's attacks, except damage, done to this Pokemon.",0.41,0.7,1.99,0.61,,Reverse Holofoil,117/181,Common,Dragon,70,Basic,[W] Rain Splash (10),,,Yx2,None,2,
183904,Dratini (117),Dratini 117,https://tcgplayer-cdn.tcgplayer.com/product/183904_200w.jpg,3,2377,https://cpt.tcgcsv.com/6Bt2,2022-12-08T20:30:33.33,1,"<strong>Ability — Defensive Scales</strong>
<br>Prevent all effects of your opponent's attacks, except damage, done to this Pokemon.",0.07,0.25,1.49,0.22,0.23,Normal,117/181,Common,Dragon,70,Basic,[W] Rain Splash (10),,,Yx2,None,2,
183905,Dragonair,Dragonair,https://tcgplayer-cdn.tcgplayer.com/product/183905_200w.jpg,3,2377,https://cpt.tcgcsv.com/7Bt2,2025-11-21T00:17:47.493,1,,0.6,0.88,1.99,1.05,0.98,Reverse Holofoil,118/181,Uncommon,Dragon,90,Stage 1,"[WL] Twister (30)
<br>Flip 2 coins. For each heads, discard an Energy from your opponent's Active Pokemon. If both of them are tails, this attack does nothing.",,,Yx2,None,2,
183905,Dragonair,Dragonair,https://tcgplayer-cdn.tcgplayer.com/product/183905_200w.jpg,3,2377,https://cpt.tcgcsv.com/7Bt2,2025-11-21T00:17:47.493,1,,0.05,0.28,1.49,0.28,,Normal,118/181,Uncommon,Dragon,90,Stage 1,"[WL] Twister (30)
<br>Flip 2 coins. For each heads, discard an Energy from your opponent's Active Pokemon. If both of them are tails, this attack does nothing.",,,Yx2,None,2,
183906,Dragonite,Dragonite,https://tcgplayer-cdn.tcgplayer.com/product/183906_200w.jpg,3,2377,https://cpt.tcgcsv.com/8Bt2,2026-02-05T18:18:03.637,1,"<strong>Ability — Fast Call</strong>
<br>Once during your turn <em>(before your attack)</em>, you may search your deck for a Supporter card, reveal it, and put it into your hand. Then, shuffle your deck.",1.48,3.0,96.94,3.07,3.49,Holofoil,119/181,Holo Rare,Dragon,160,Stage 2,[1WL] Dragon Claw (120),,,Yx2,None,3,
183906,Dragonite,Dragonite,https://tcgplayer-cdn.tcgplayer.com/product/183906_200w.jpg,3,2377,https://cpt.tcgcsv.com/8Bt2,2026-02-05T18:18:03.637,1,"<strong>Ability — Fast Call</strong>
<br>Once during your turn <em>(before your attack)</em>, you may search your deck for a Supporter card, reveal it, and put it into your hand. Then, shuffle your deck.",3.25,4.5,9.99,4.76,,Reverse Holofoil,119/181,Holo Rare,Dragon,160,Stage 2,[1WL] Dragon Claw (120),,,Yx2,None,3,
183907,Eevee & Snorlax GX,Eevee and Snorlax GX,https://tcgplayer-cdn.tcgplayer.com/product/183907_200w.jpg,3,2377,https://cpt.tcgcsv.com/9Bt2,2026-02-02T19:20:14.327,1,"[Tag Team] When your TAG TEAM is Knocked Out, your opponent takes 3 Prize cards.",53.95,78.26,169.0,72.53,66.27,Holofoil,120/181,Ultra Rare,Colorless,270,Basic,"[1] Cheer Up
<br>Attach an Energy card from your hand to 1 of your Pokemon.","[4] Dump Truck Press (120+)
<br>If your opponent's Active Pokemon is an Evolution Pokemon, this attack does 120 more damage.","<span style=""color:Teal""><strong>[4+] Megaton Friends GX (210)</strong>
<br>If this Pokémon has at least 1 extra Energy attached to it<em> (in addition to this attack's cost)</em>, draw cards until you have 10 cards in your hand.<em>(You can't use more than 1 GX attack in a game.)</em></span>",Fx2,None,4,
183908,Eevee & Snorlax GX (Full Art),Eevee and Snorlax GX Full Art,https://tcgplayer-cdn.tcgplayer.com/product/183908_200w.jpg,3,2377,https://cpt.tcgcsv.com/bBt2,2025-10-29T19:14:01.687,1,"[Tag Team] When your TAG TEAM is Knocked Out, your opponent takes 3 Prize cards.",195.84,249.95,330.0,227.23,,Holofoil,171/181,Ultra Rare,Colorless,270,Basic,"[1] Cheer Up
<br>Attach an Energy card from your hand to 1 of your Pokemon.","[4] Dump Truck Press (120+)
<br>If your opponent's Active Pokemon is an Evolution Pokemon, this attack does 120 more damage.","<span style=""color:Teal""><strong>[4+] Megaton Friends GX (210)</strong>
<br>If this Pokémon has at least 1 extra Energy attached to it<em> (in addition to this attack's cost)</em>, draw cards until you have 10 cards in your hand.<em>(You can't use more than 1 GX attack in a game.)</em></span>",Fx2,None,4,
183909,Eevee & Snorlax GX (Secret),Eevee and Snorlax GX Secret,https://tcgplayer-cdn.tcgplayer.com/product/183909_200w.jpg,3,2377,https://cpt.tcgcsv.com/cBt2,2022-12-13T14:11:06.56,1,"[Tag Team] When your TAG TEAM is Knocked Out, your opponent takes 3 Prize cards.",240.0,279.12,399.69,226.31,,Holofoil,191/181,Secret Rare,Colorless,270,Basic,"[1] Cheer Up
<br>Attach an Energy card from your hand to 1 of your Pokemon.","[4] Dump Truck Press (120+)
<br>If your opponent's Active Pokemon is an Evolution Pokemon, this attack does 120 more damage.","<span style=""color:Teal""><strong>[4+] Megaton Friends GX (210)</strong>
<br>If this Pokémon has at least 1 extra Energy attached to it<em> (in addition to this attack's cost)</em>, draw cards until you have 10 cards in your hand.<em>(You can't use more than 1 GX attack in a game.)</em></span>",Fx2,None,4,
183910,Pidgey (121),Pidgey 121,https://tcgplayer-cdn.tcgplayer.com/product/183910_200w.jpg,3,2377,https://cpt.tcgcsv.com/dBt2,2025-02-07T20:03:45.76,1,,0.23,0.45,1.49,0.45,,Reverse Holofoil,121/181,Common,Colorless,50,Basic,"[1] Collect
<br>Draw a card.",[2] Gust (20),,Lx2,F-20,1,
183910,Pidgey (121),Pidgey 121,https://tcgplayer-cdn.tcgplayer.com/product/183910_200w.jpg,3,2377,https://cpt.tcgcsv.com/dBt2,2025-02-07T20:03:45.76,1,,0.03,0.2,1.49,0.15,,Normal,121/181,Common,Colorless,50,Basic,"[1] Collect
<br>Draw a card.",[2] Gust (20),,Lx2,F-20,1,
183911,Pidgey (122),Pidgey 122,https://tcgplayer-cdn.tcgplayer.com/product/183911_200w.jpg,3,2377,https://cpt.tcgcsv.com/fBt2,2025-11-21T00:24:58.72,1,,0.05,0.21,19.5,0.18,0.2,Normal,122/181,Common,Colorless,60,Basic,"[1] Quick Attack (10+)
<br>Flip a coin. If heads, this attack does 10 more damage.",,,Lx2,F-20,1,
183911,Pidgey (122),Pidgey 122,https://tcgplayer-cdn.tcgplayer.com/product/183911_200w.jpg,3,2377,https://cpt.tcgcsv.com/fBt2,2025-11-21T00:24:58.72,1,,0.19,0.4,1.49,0.39,0.35,Reverse Holofoil,122/181,Common,Colorless,60,Basic,"[1] Quick Attack (10+)
<br>Flip a coin. If heads, this attack does 10 more damage.",,,Lx2,F-20,1,
183912,Pidgeotto,Pidgeotto,https://tcgplayer-cdn.tcgplayer.com/product/183912_200w.jpg,3,2377,https://cpt.tcgcsv.com/gBt2,2022-12-08T20:31:18.147,1,"<strong>Ability — Air Mail</strong>
<br>Once during your turn <em>(before your attack)</em>, you may look at the top 2 cards of your deck and put 1 of them into your hand. Put the other card on the bottom of your deck.",0.1,0.38,2.23,0.37,0.25,Normal,123/181,Common,Colorless,60,Stage 1,[2] Gust (30),,,Lx2,F-20,1,
183912,Pidgeotto,Pidgeotto,https://tcgplayer-cdn.tcgplayer.com/product/183912_200w.jpg,3,2377,https://cpt.tcgcsv.com/gBt2,2022-12-08T20:31:18.147,1,"<strong>Ability — Air Mail</strong>
<br>Once during your turn <em>(before your attack)</em>, you may look at the top 2 cards of your deck and put 1 of them into your hand. Put the other card on the bottom of your deck.",0.75,1.0,3.49,0.99,,Reverse Holofoil,123/181,Common,Colorless,60,Stage 1,[2] Gust (30),,,Lx2,F-20,1,
183913,Pidgeot,Pidgeot,https://tcgplayer-cdn.tcgplayer.com/product/183913_200w.jpg,3,2377,https://cpt.tcgcsv.com/hBt2,2023-12-28T21:09:12.353,1,,0.25,0.53,2.0,0.58,0.58,Normal,124/181,Rare,Colorless,130,Stage 2,"[2] Whirlwind (60)
<br>Your opponent switches their Active Pokemon with 1 of their Benched Pokemon.","[3] Spin Storm
<br>Put your opponent's Active Pokemon and all cards attached to it into your opponent's hand.",,Lx2,F-20,0,
183913,Pidgeot,Pidgeot,https://tcgplayer-cdn.tcgplayer.com/product/183913_200w.jpg,3,2377,https://cpt.tcgcsv.com/hBt2,2023-12-28T21:09:12.353,1,,0.53,0.76,2.09,0.85,,Reverse Holofoil,124/181,Rare,Colorless,130,Stage 2,"[2] Whirlwind (60)
<br>Your opponent switches their Active Pokemon with 1 of their Benched Pokemon.","[3] Spin Storm
<br>Put your opponent's Active Pokemon and all cards attached to it into your opponent's hand.",,Lx2,F-20,0,
183914,Meowth,Meowth,https://tcgplayer-cdn.tcgplayer.com/product/183914_200w.jpg,3,2377,https://cpt.tcgcsv.com/jBt2,2022-12-08T20:31:36.287,1,,0.3,0.5,1.49,0.45,,Reverse Holofoil,125/181,Common,Colorless,70,Basic,[1] Scratch (10),[2] Bite (20),,Fx2,None,1,
183914,Meowth,Meowth,https://tcgplayer-cdn.tcgplayer.com/product/183914_200w.jpg,3,2377,https://cpt.tcgcsv.com/jBt2,2022-12-08T20:31:36.287,1,,0.05,0.3,1.49,0.31,0.25,Normal,125/181,Common,Colorless,70,Basic,[1] Scratch (10),[2] Bite (20),,Fx2,None,1,
183915,Persian,Persian,https://tcgplayer-cdn.tcgplayer.com/product/183915_200w.jpg,3,2377,https://cpt.tcgcsv.com/kBt2,2025-02-07T20:03:45.82,1,,0.24,0.5,2.33,0.52,,Reverse Holofoil,126/181,Uncommon,Colorless,100,Stage 1,"[1] Make 'Em Pay (20)
<br>If your opponent has 4 or more cards in their hand, they reveal their hand. Discard cards you find there until your opponent has exactly 4 cards in their hand.","[2] Sharp Claws (30+)
<br>Flip a coin. If heads, this attack does 60 more damage.",,Fx2,None,1,
183915,Persian,Persian,https://tcgplayer-cdn.tcgplayer.com/product/183915_200w.jpg,3,2377,https://cpt.tcgcsv.com/kBt2,2025-02-07T20:03:45.82,1,,0.05,0.24,1.49,0.21,,Normal,126/181,Uncommon,Colorless,100,Stage 1,"[1] Make 'Em Pay (20)
<br>If your opponent has 4 or more cards in their hand, they reveal their hand. Discard cards you find there until your opponent has exactly 4 cards in their hand.","[2] Sharp Claws (30+)
<br>Flip a coin. If heads, this attack does 60 more damage.",,Fx2,None,1,
183916,Farfetch'd,Farfetchd,https://tcgplayer-cdn.tcgplayer.com/product/183916_200w.jpg,3,2377,https://cpt.tcgcsv.com/lBt2,2022-12-08T20:32:57.163,1,,0.5,0.76,1.5,0.84,,Reverse Holofoil,127/181,Uncommon,Colorless,80,Basic,"[1] Collect
<br>Draw 2 cards.","[1] Tool Buster (20+)
<br>Before doing damage, discard all Pokemon Tool cards from your opponent's Active Pokemon. If you discarded a Pokemon Tool card in this way, this attack does 70 more damage.",,Lx2,F-20,1,
183916,Farfetch'd,Farfetchd,https://tcgplayer-cdn.tcgplayer.com/product/183916_200w.jpg,3,2377,https://cpt.tcgcsv.com/lBt2,2022-12-08T20:32:57.163,1,,0.1,0.3,1.49,0.31,,Normal,127/181,Uncommon,Colorless,80,Basic,"[1] Collect
<br>Draw 2 cards.","[1] Tool Buster (20+)
<br>Before doing damage, discard all Pokemon Tool cards from your opponent's Active Pokemon. If you discarded a Pokemon Tool card in this way, this attack does 70 more damage.",,Lx2,F-20,1,
183917,Kangaskhan,Kangaskhan,https://tcgplayer-cdn.tcgplayer.com/product/183917_200w.jpg,3,2377,https://cpt.tcgcsv.com/mBt2,2022-12-08T20:33:03.137,1,,0.1,0.25,1.49,0.24,,Normal,128/181,Uncommon,Colorless,130,Basic,"[1] Fast Evolution
<br>Search your deck for up to 2 Evolution cards, reveal them, and put them into your hand. Then, shuffle your deck.",[3] Mega Punch (80),,Fx2,None,2,
183917,Kangaskhan,Kangaskhan,https://tcgplayer-cdn.tcgplayer.com/product/183917_200w.jpg,3,2377,https://cpt.tcgcsv.com/mBt2,2022-12-08T20:33:03.137,1,,0.19,0.43,1.49,0.43,,Reverse Holofoil,128/181,Uncommon,Colorless,130,Basic,"[1] Fast Evolution
<br>Search your deck for up to 2 Evolution cards, reveal them, and put them into your hand. Then, shuffle your deck.",[3] Mega Punch (80),,Fx2,None,2,
183918,Tauros,Tauros,https://tcgplayer-cdn.tcgplayer.com/product/183918_200w.jpg,3,2377,https://cpt.tcgcsv.com/nBt2,2025-02-07T20:03:45.867,1,,0.04,0.2,1.49,0.19,,Normal,129/181,Uncommon,Colorless,130,Basic,"[2] Raging Herd (10+)
<br>This attack does 10 more damage for each counter on all of your Tauros and Tauros GX.",,,Fx2,None,2,
183918,Tauros,Tauros,https://tcgplayer-cdn.tcgplayer.com/product/183918_200w.jpg,3,2377,https://cpt.tcgcsv.com/nBt2,2025-02-07T20:03:45.867,1,,0.19,0.35,1.49,0.35,,Reverse Holofoil,129/181,Uncommon,Colorless,130,Basic,"[2] Raging Herd (10+)
<br>This attack does 10 more damage for each counter on all of your Tauros and Tauros GX.",,,Fx2,None,2,
183919,Aerodactyl,Aerodactyl,https://tcgplayer-cdn.tcgplayer.com/product/183919_200w.jpg,3,2377,https://cpt.tcgcsv.com/pBt2,2025-12-10T03:56:19.56,1,,0.75,1.64,4.99,1.64,1.79,Reverse Holofoil,130/181,Rare,Colorless,130,Basic,"[1] Supersonic
<br>Your opponent's Active Pokemon is now Confused.","[3] Fossil Fangs (90+)
<br>If you don't have any Pokemon GX or Pokemon EX on your Bench, this attack does 90 more damage.",,Lx2,F-20,1,
183919,Aerodactyl,Aerodactyl,https://tcgplayer-cdn.tcgplayer.com/product/183919_200w.jpg,3,2377,https://cpt.tcgcsv.com/pBt2,2025-12-10T03:56:19.56,1,,0.25,0.9,2.0,0.97,,Normal,130/181,Rare,Colorless,130,Basic,"[1] Supersonic
<br>Your opponent's Active Pokemon is now Confused.","[3] Fossil Fangs (90+)
<br>If you don't have any Pokemon GX or Pokemon EX on your Bench, this attack does 90 more damage.",,Lx2,F-20,1,
183920,Lugia,Lugia,https://tcgplayer-cdn.tcgplayer.com/product/183920_200w.jpg,3,2377,https://cpt.tcgcsv.com/qBt2,2025-10-23T17:21:35.84,1,,7.35,13.0,15.0,12.25,,Reverse Holofoil,131/181,Holo Rare,Colorless,130,Basic,"[1] Power Charger
<br>Search your deck for a basic Energy card and attach it to this Pokemon. Then, shuffle your deck.",[4] Blast Wind (110),,Lx2,F-20,2,
183920,Lugia,Lugia,https://tcgplayer-cdn.tcgplayer.com/product/183920_200w.jpg,3,2377,https://cpt.tcgcsv.com/qBt2,2025-10-23T17:21:35.84,1,,7.21,10.61,30.0,10.58,,Holofoil,131/181,Holo Rare,Colorless,130,Basic,"[1] Power Charger
<br>Search your deck for a basic Energy card and attach it to this Pokemon. Then, shuffle your deck.",[4] Blast Wind (110),,Lx2,F-20,2,
183921,Zangoose,Zangoose,https://tcgplayer-cdn.tcgplayer.com/product/183921_200w.jpg,3,2377,https://cpt.tcgcsv.com/rBt2,2025-12-10T22:36:33.22,1,,0.31,0.76,1.99,0.76,0.6,Holofoil,132/181,Holo Rare,Colorless,100,Basic,"[1] Head Hunt
<br>Look at the top 6 cards of your deck, reveal any number of Pokemon you find there, and put them into your hand. Discard the other cards.",[2] Slash (40),,Fx2,None,1,
183921,Zangoose,Zangoose,https://tcgplayer-cdn.tcgplayer.com/product/183921_200w.jpg,3,2377,https://cpt.tcgcsv.com/rBt2,2025-12-10T22:36:33.22,1,,0.5,0.9,1.5,0.9,,Reverse Holofoil,132/181,Holo Rare,Colorless,100,Basic,"[1] Head Hunt
<br>Look at the top 6 cards of your deck, reveal any number of Pokemon you find there, and put them into your hand. Discard the other cards.",[2] Slash (40),,Fx2,None,1,
183922,Bill's Analysis,Bills Analysis,https://tcgplayer-cdn.tcgplayer.com/product/183922_200w.jpg,3,2377,https://cpt.tcgcsv.com/sBt2,2025-11-21T00:15:09.817,1,Look at the top 7 cards of your deck. You may reveal up to 2 Trainer cards you find there and put them into your hand. Shuffle the other cards back into your deck.,0.2,0.5,1.73,0.43,0.45,Holofoil,133/181,Holo Rare,Supporter,,,,,,,,,
183922,Bill's Analysis,Bills Analysis,https://tcgplayer-cdn.tcgplayer.com/product/183922_200w.jpg,3,2377,https://cpt.tcgcsv.com/sBt2,2025-11-21T00:15:09.817,1,Look at the top 7 cards of your deck. You may reveal up to 2 Trainer cards you find there and put them into your hand. Shuffle the other cards back into your deck.,0.44,0.75,3.47,0.66,,Reverse Holofoil,133/181,Holo Rare,Supporter,,,,,,,,,
183923,Black Market Prism Star,Black Market Prism Star,https://tcgplayer-cdn.tcgplayer.com/product/183923_200w.jpg,3,2377,https://cpt.tcgcsv.com/tBt2,2025-10-22T20:37:44.027,1,"When a Darkness Pokemon <em>(yours or your opponent's)</em> that has any Darkness Energy attached to it is Knocked Out by damage from an opponent's attack, that player takes 1 fewer Prize card.
<br>Whenever any player plays an Item or Supporter card from their hand, prevent all effects of that card done to this Stadium card.",1.0,2.28,5.95,2.2,2.72,Holofoil,134/181,Prism Rare,Stadium,,,,,,,,,
183924,Brock's Grit,Brocks Grit,https://tcgplayer-cdn.tcgplayer.com/product/183924_200w.jpg,3,2377,https://cpt.tcgcsv.com/vBt2,2025-02-07T20:03:45.963,1,Shuffle 6 in any combination of Pokemon and basic Energy cards from your discard pile into your deck.,0.15,0.4,1.49,0.36,,Reverse Holofoil,135/181,Uncommon,Supporter,,,,,,,,,
183924,Brock's Grit,Brocks Grit,https://tcgplayer-cdn.tcgplayer.com/product/183924_200w.jpg,3,2377,https://cpt.tcgcsv.com/vBt2,2025-02-07T20:03:45.963,1,Shuffle 6 in any combination of Pokemon and basic Energy cards from your discard pile into your deck.,0.08,0.25,1.49,0.21,,Normal,135/181,Uncommon,Supporter,,,,,,,,,
183925,Brock's Grit (Full Art),Brocks Grit Full Art,https://tcgplayer-cdn.tcgplayer.com/product/183925_200w.jpg,3,2377,https://cpt.tcgcsv.com/wBt2,2022-12-08T20:38:32.607,1,Shuffle 6 in any combination of Pokemon and basic Energy cards from your discard pile into your deck.,43.18,51.66,130.0,41.12,,Holofoil,172/181,Ultra Rare,Supporter,,,,,,,,,
183926,Buff Padding,Buff Padding,https://tcgplayer-cdn.tcgplayer.com/product/183926_200w.jpg,3,2377,https://cpt.tcgcsv.com/xBt2,2025-02-07T20:03:46.023,1,"If the Retreat Cost of the Pokemon this card is attached to is 4, that Pokémon gets +50 HP.",0.14,0.35,1.54,0.26,,Reverse Holofoil,136/181,Uncommon,Item,,,,,,,,,
183926,Buff Padding,Buff Padding,https://tcgplayer-cdn.tcgplayer.com/product/183926_200w.jpg,3,2377,https://cpt.tcgcsv.com/xBt2,2025-02-07T20:03:46.023,1,"If the Retreat Cost of the Pokemon this card is attached to is 4, that Pokémon gets +50 HP.",0.06,0.2,1.49,0.17,0.16,Normal,136/181,Uncommon,Item,,,,,,,,,
183927,Dana,Dana,https://tcgplayer-cdn.tcgplayer.com/product/183927_200w.jpg,3,2377,https://cpt.tcgcsv.com/zBt2,2025-11-21T00:17:17.413,1,"You can play this card only if your opponent's Active Pokemon is a Stage 2 Pokemon.
<br>Search your deck for up to 2 cards and put them into your hand. Then, shuffle your deck.",0.07,0.25,1.49,0.18,,Normal,137/181,Uncommon,Supporter,,,,,,,,,
183927,Dana,Dana,https://tcgplayer-cdn.tcgplayer.com/product/183927_200w.jpg,3,2377,https://cpt.tcgcsv.com/zBt2,2025-11-21T00:17:17.413,1,"You can play this card only if your opponent's Active Pokemon is a Stage 2 Pokemon.
<br>Search your deck for up to 2 cards and put them into your hand. Then, shuffle your deck.",0.11,0.36,2.35,0.36,0.3,Reverse Holofoil,137/181,Uncommon,Supporter,,,,,,,,,
183928,Dana (Full Art),Dana Full Art,https://tcgplayer-cdn.tcgplayer.com/product/183928_200w.jpg,3,2377,https://cpt.tcgcsv.com/BBt2,2022-12-30T20:16:09.327,1,"You can play this card only if your opponent's Active Pokemon is a Stage 2 Pokemon.
<br>Search your deck for up to 2 cards and put them into your hand. Then, shuffle your deck.",38.45,41.6,79.69,43.77,69.99,Holofoil,173/181,Ultra Rare,Supporter,,,,,,,,,
183929,Dangerous Drill (Secret),Dangerous Drill Secret,https://tcgplayer-cdn.tcgplayer.com/product/183929_200w.jpg,3,2377,https://cpt.tcgcsv.com/CBt2,2025-12-10T03:58:54.523,1,"You can play this card only if you discard a Darkness Pokemon from your hand.
<br>Discard a Pokemon Tool or Special Energy from 1 of your opponent's Pokemon, or discard any Stadium card in play.",2.97,4.05,24.95,4.05,3.59,Holofoil,192/181,Secret Rare,Item,,,,,,,,,
183930,Dangerous Drill,Dangerous Drill,https://tcgplayer-cdn.tcgplayer.com/product/183930_200w.jpg,3,2377,https://cpt.tcgcsv.com/DBt2,2022-12-08T20:34:05.21,1,"You can play this card only if you discard a Darkness Pokemon from your hand.
<br>Discard a Pokemon Tool or Special Energy from 1 of your opponent's Pokemon, or discard any Stadium card in play.",0.06,0.22,2.16,0.17,0.15,Normal,138/181,Uncommon,Item,,,,,,,,,
183930,Dangerous Drill,Dangerous Drill,https://tcgplayer-cdn.tcgplayer.com/product/183930_200w.jpg,3,2377,https://cpt.tcgcsv.com/DBt2,2022-12-08T20:34:05.21,1,"You can play this card only if you discard a Darkness Pokemon from your hand.
<br>Discard a Pokemon Tool or Special Energy from 1 of your opponent's Pokemon, or discard any Stadium card in play.",0.19,0.4,2.0,0.46,0.3,Reverse Holofoil,138/181,Uncommon,Item,,,,,,,,,
183931,Electrocharger,Electrocharger,https://tcgplayer-cdn.tcgplayer.com/product/183931_200w.jpg,3,2377,https://cpt.tcgcsv.com/FBt2,2022-12-08T20:34:11.85,1,"Flip 2 coins. For each heads, shuffle an Electropower from your discard pile into your deck.",0.05,0.24,1.49,0.12,0.11,Normal,139/181,Uncommon,Item,,,,,,,,,
183931,Electrocharger,Electrocharger,https://tcgplayer-cdn.tcgplayer.com/product/183931_200w.jpg,3,2377,https://cpt.tcgcsv.com/FBt2,2022-12-08T20:34:11.85,1,"Flip 2 coins. For each heads, shuffle an Electropower from your discard pile into your deck.",0.11,0.29,1.49,0.24,0.19,Reverse Holofoil,139/181,Uncommon,Item,,,,,,,,,
183932,Electrocharger (Secret),Electrocharger Secret,https://tcgplayer-cdn.tcgplayer.com/product/183932_200w.jpg,3,2377,https://cpt.tcgcsv.com/GBt2,2022-12-08T20:41:40,1,"Flip 2 coins. For each heads, shuffle an Electropower from your discard pile into your deck.",2.45,3.78,8.95,3.54,3.52,Holofoil,193/181,Secret Rare,Item,,,,,,,,,
183933,Erika's Hospitality (Full Art),Erikas Hospitality Full Art,https://tcgplayer-cdn.tcgplayer.com/product/183933_200w.jpg,3,2377,https://cpt.tcgcsv.com/HBt2,2022-12-08T20:38:44.8,1,"You can play this card only if you have 4 or fewer other cards in your hand.
<br>Draw a card for each of your opponent's Pokemon in play.",103.91,120.54,199.69,121.03,,Holofoil,174/181,Ultra Rare,Supporter,,,,,,,,,
183934,Erika's Hospitality,Erikas Hospitality,https://tcgplayer-cdn.tcgplayer.com/product/183934_200w.jpg,3,2377,https://cpt.tcgcsv.com/JBt2,2022-12-08T20:34:19.097,1,"You can play this card only if you have 4 or fewer other cards in your hand.
<br>Draw a card for each of your opponent's Pokemon in play.",0.29,1.0,2.77,0.98,,Reverse Holofoil,140/181,Holo Rare,Supporter,,,,,,,,,
183934,Erika's Hospitality,Erikas Hospitality,https://tcgplayer-cdn.tcgplayer.com/product/183934_200w.jpg,3,2377,https://cpt.tcgcsv.com/JBt2,2022-12-08T20:34:19.097,1,"You can play this card only if you have 4 or fewer other cards in your hand.
<br>Draw a card for each of your opponent's Pokemon in play.",0.25,0.6,2.99,0.61,,Holofoil,140/181,Holo Rare,Supporter,,,,,,,,,
183935,Evelyn,Evelyn,https://tcgplayer-cdn.tcgplayer.com/product/183935_200w.jpg,3,2377,https://cpt.tcgcsv.com/KBt2,2025-02-07T20:03:46.153,1,"You can play this card only if your opponent's Active Pokemon is a Stage 1 Pokemon.
<br>Draw 4 cards.",0.02,0.24,1.49,0.19,,Normal,141/181,Uncommon,Supporter,,,,,,,,,
183935,Evelyn,Evelyn,https://tcgplayer-cdn.tcgplayer.com/product/183935_200w.jpg,3,2377,https://cpt.tcgcsv.com/KBt2,2025-02-07T20:03:46.153,1,"You can play this card only if your opponent's Active Pokemon is a Stage 1 Pokemon.
<br>Draw 4 cards.",0.15,0.32,1.49,0.26,,Reverse Holofoil,141/181,Uncommon,Supporter,,,,,,,,,
183936,Evelyn (Full Art),Evelyn Full Art,https://tcgplayer-cdn.tcgplayer.com/product/183936_200w.jpg,3,2377,https://cpt.tcgcsv.com/LBt2,2025-12-10T03:59:34.523,1,"You can play this card only if your opponent's Active Pokemon is a Stage 1 Pokemon.
<br>Draw 4 cards.",56.8,69.97,124.47,62.89,72.32,Holofoil,175/181,Ultra Rare,Supporter,,,,,,,,,
183937,Fairy Charm UB,Fairy Charm UB,https://tcgplayer-cdn.tcgplayer.com/product/183937_200w.jpg,3,2377,https://cpt.tcgcsv.com/MBt2,2022-12-08T20:34:32.633,1,Prevent all damage done to the Fairy Pokemon this card is attached to by attacks from your opponent's Ultra Beast Pokemon GX and Ultra Beast Pokemon EX.,0.08,0.37,1.25,0.37,,Reverse Holofoil,142/181,Uncommon,Tool,,,,,,,,,
183937,Fairy Charm UB,Fairy Charm UB,https://tcgplayer-cdn.tcgplayer.com/product/183937_200w.jpg,3,2377,https://cpt.tcgcsv.com/MBt2,2022-12-08T20:34:32.633,1,Prevent all damage done to the Fairy Pokemon this card is attached to by attacks from your opponent's Ultra Beast Pokemon GX and Ultra Beast Pokemon EX.,0.03,0.21,19.5,0.15,0.15,Normal,142/181,Uncommon,Tool,,,,,,,,,
183938,Grass Memory,Grass Memory,https://tcgplayer-cdn.tcgplayer.com/product/183938_200w.jpg,3,2377,https://cpt.tcgcsv.com/NBt2,2025-02-07T20:03:46.213,1,The Silvally GX this card is attached to is a Grass Pokémon.,0.09,0.3,2.3,0.3,0.25,Reverse Holofoil,143/181,Uncommon,Tool,,,,,,,,,
183938,Grass Memory,Grass Memory,https://tcgplayer-cdn.tcgplayer.com/product/183938_200w.jpg,3,2377,https://cpt.tcgcsv.com/NBt2,2025-02-07T20:03:46.213,1,The Silvally GX this card is attached to is a Grass Pokémon.,0.05,0.23,1.49,0.12,,Normal,143/181,Uncommon,Tool,,,,,,,,,
183939,Ingo & Emmet,Ingo and Emmet,https://tcgplayer-cdn.tcgplayer.com/product/183939_200w.jpg,3,2377,https://cpt.tcgcsv.com/PBt2,2022-12-08T20:34:46.067,1,"Look at the top card of your deck. Then, choose 1:
<br>• Discard your hand and draw 5 cards.
<br>• Discard your hand and draw 5 cards from the bottom of your deck.",0.05,0.25,19.5,0.17,0.22,Normal,144/181,Uncommon,Supporter,,,,,,,,,
183939,Ingo & Emmet,Ingo and Emmet,https://tcgplayer-cdn.tcgplayer.com/product/183939_200w.jpg,3,2377,https://cpt.tcgcsv.com/PBt2,2022-12-08T20:34:46.067,1,"Look at the top card of your deck. Then, choose 1:
<br>• Discard your hand and draw 5 cards.
<br>• Discard your hand and draw 5 cards from the bottom of your deck.",0.25,0.45,1.56,0.45,0.33,Reverse Holofoil,144/181,Uncommon,Supporter,,,,,,,,,
183940,Ingo & Emmet (Full Art),Ingo and Emmet Full Art,https://tcgplayer-cdn.tcgplayer.com/product/183940_200w.jpg,3,2377,https://cpt.tcgcsv.com/QBt2,2026-02-02T19:15:37.47,1,"Look at the top card of your deck. Then, choose 1:
<br>• Discard your hand and draw 5 cards.
<br>• Discard your hand and draw 5 cards from the bottom of your deck.",38.0,41.68,561.42,39.11,49.99,Holofoil,176/181,Ultra Rare,Supporter,,,,,,,,,
183941,Jasmine (Full Art),Jasmine Full Art,https://tcgplayer-cdn.tcgplayer.com/product/183941_200w.jpg,3,2377,https://cpt.tcgcsv.com/RBt2,2022-12-08T20:39:39.17,1,"Search your deck for a Metal Pokemon, reveal it, and put it into your hand. If you go second and it's your first turn, search for 5 Metal Pokemon instead of 1. Then, shuffle your deck.",64.0,69.4,119.69,69.31,103.95,Holofoil,177/181,Ultra Rare,Supporter,,,,,,,,,
183942,Jasmine,Jasmine,https://tcgplayer-cdn.tcgplayer.com/product/183942_200w.jpg,3,2377,https://cpt.tcgcsv.com/SBt2,2022-12-08T20:34:52.61,1,"Search your deck for a Metal Pokemon, reveal it, and put it into your hand. If you go second and it's your first turn, search for 5 Metal Pokemon instead of 1. Then, shuffle your deck.",0.15,0.3,2.47,0.26,0.25,Normal,145/181,Uncommon,Supporter,,,,,,,,,
183942,Jasmine,Jasmine,https://tcgplayer-cdn.tcgplayer.com/product/183942_200w.jpg,3,2377,https://cpt.tcgcsv.com/SBt2,2022-12-08T20:34:52.61,1,"Search your deck for a Metal Pokemon, reveal it, and put it into your hand. If you go second and it's your first turn, search for 5 Metal Pokemon instead of 1. Then, shuffle your deck.",0.25,0.45,2.0,0.43,,Reverse Holofoil,145/181,Uncommon,Supporter,,,,,,,,,
183943,Judge Whistle,Judge Whistle,https://tcgplayer-cdn.tcgplayer.com/product/183943_200w.jpg,3,2377,https://cpt.tcgcsv.com/TBt2,2025-02-07T20:03:46.26,1,"Choose 1:
<br>• Draw a card.
<br>• Put a Judge card from your discard pile into your hand.",0.05,0.25,1.49,0.19,,Normal,146/181,Uncommon,Item,,,,,,,,,
183943,Judge Whistle,Judge Whistle,https://tcgplayer-cdn.tcgplayer.com/product/183943_200w.jpg,3,2377,https://cpt.tcgcsv.com/TBt2,2025-02-07T20:03:46.26,1,"Choose 1:
<br>• Draw a card.
<br>• Put a Judge card from your discard pile into your hand.",0.11,0.38,1.57,0.36,,Reverse Holofoil,146/181,Uncommon,Item,,,,,,,,,
183944,Judge Whistle (Secret),Judge Whistle Secret,https://tcgplayer-cdn.tcgplayer.com/product/183944_200w.jpg,3,2377,https://cpt.tcgcsv.com/VBt2,2022-12-08T20:41:45.823,1,"Choose 1:
<br>• Draw a card.
<br>• Put a Judge card from your discard pile into your hand.",3.29,4.84,19.87,4.11,,Holofoil,194/181,Secret Rare,Item,,,,,,,,,
183945,Lavender Town,Lavender Town,https://tcgplayer-cdn.tcgplayer.com/product/183945_200w.jpg,3,2377,https://cpt.tcgcsv.com/WBt2,2025-02-07T20:03:46.307,1,"Once during each player's turn, that player may have their opponent reveal their hand.",0.1,0.34,1.49,0.33,,Reverse Holofoil,147/181,Uncommon,Stadium,,,,,,,,,
183945,Lavender Town,Lavender Town,https://tcgplayer-cdn.tcgplayer.com/product/183945_200w.jpg,3,2377,https://cpt.tcgcsv.com/WBt2,2025-02-07T20:03:46.307,1,"Once during each player's turn, that player may have their opponent reveal their hand.",0.03,0.24,1.49,0.15,,Normal,147/181,Uncommon,Stadium,,,,,,,,,
183946,Metal Goggles,Metal Goggles,https://tcgplayer-cdn.tcgplayer.com/product/183946_200w.jpg,3,2377,https://cpt.tcgcsv.com/XBt2,2025-02-07T20:03:46.37,1,"The Metal Pokemon this card is attached to takes 30 less damage from your opponent's attacks <em>(after applying Weakness and Resistance)</em>, and your opponent's attacks and Abilities can't put damage counters on it.",0.24,0.4,2.07,0.38,0.38,Normal,148/181,Uncommon,Tool,,,,,,,,,
183946,Metal Goggles,Metal Goggles,https://tcgplayer-cdn.tcgplayer.com/product/183946_200w.jpg,3,2377,https://cpt.tcgcsv.com/XBt2,2025-02-07T20:03:46.37,1,"The Metal Pokemon this card is attached to takes 30 less damage from your opponent's attacks <em>(after applying Weakness and Resistance)</em>, and your opponent's attacks and Abilities can't put damage counters on it.",0.4,0.67,4.95,0.67,,Reverse Holofoil,148/181,Uncommon,Tool,,,,,,,,,
183947,Metal Goggles (Secret),Metal Goggles Secret,https://tcgplayer-cdn.tcgplayer.com/product/183947_200w.jpg,3,2377,https://cpt.tcgcsv.com/ZBt2,2025-12-10T04:10:23.753,1,"The Metal Pokemon this card is attached to takes 30 less damage from your opponent's attacks <em>(after applying Weakness and Resistance)</em>, and your opponent's attacks and Abilities can't put damage counters on it.",3.0,4.18,14.99,4.05,4.32,Holofoil,195/181,Secret Rare,Tool,,,,,,,,,
183948,Morgan (Full Art),Morgan Full Art,https://tcgplayer-cdn.tcgplayer.com/product/183948_200w.jpg,3,2377,https://cpt.tcgcsv.com/-Bt2,2025-12-10T04:10:54.083,1,"You can play this card only if you discard Dana, Evelyn, and Nita from your hand.
<br>Look at the top 12 cards of your deck and attach any number of Energy cards you find there to your Pokemon in any way you like. Shuffle the other cards back into your deck.",35.0,46.6,70.34,43.02,49.47,Holofoil,178/181,Ultra Rare,Supporter,,,,,,,,,
183949,Morgan,Morgan,https://tcgplayer-cdn.tcgplayer.com/product/183949_200w.jpg,3,2377,https://cpt.tcgcsv.com/_Bt2,2025-02-07T20:03:46.42,1,"You can play this card only if you discard Dana, Evelyn, and Nita from your hand.
<br>Look at the top 12 cards of your deck and attach any number of Energy cards you find there to your Pokemon in any way you like. Shuffle the other cards back into your deck.",0.17,0.48,1.99,0.48,,Reverse Holofoil,149/181,Uncommon,Supporter,,,,,,,,,
183949,Morgan,Morgan,https://tcgplayer-cdn.tcgplayer.com/product/183949_200w.jpg,3,2377,https://cpt.tcgcsv.com/_Bt2,2025-02-07T20:03:46.42,1,"You can play this card only if you discard Dana, Evelyn, and Nita from your hand.
<br>Look at the top 12 cards of your deck and attach any number of Energy cards you find there to your Pokemon in any way you like. Shuffle the other cards back into your deck.",0.06,0.25,2.22,0.19,,Normal,149/181,Uncommon,Supporter,,,,,,,,,
183950,Nanu,Nanu,https://tcgplayer-cdn.tcgplayer.com/product/183950_200w.jpg,3,2377,https://cpt.tcgcsv.com/0Ct2,2022-12-08T20:35:31.89,1,"Choose a Basic Darkness Pokemon in your discard pile. Switch it with 1 of your Pokemon in play. Any attached cards, damage counters, Special Conditions, turns in play, and any other effects remain on the new Pokemon.",0.16,0.35,1.49,0.33,0.29,Reverse Holofoil,150/181,Uncommon,Supporter,,,,,,,,,
183950,Nanu,Nanu,https://tcgplayer-cdn.tcgplayer.com/product/183950_200w.jpg,3,2377,https://cpt.tcgcsv.com/0Ct2,2022-12-08T20:35:31.89,1,"Choose a Basic Darkness Pokemon in your discard pile. Switch it with 1 of your Pokemon in play. Any attached cards, damage counters, Special Conditions, turns in play, and any other effects remain on the new Pokemon.",0.07,0.25,19.5,0.25,0.2,Normal,150/181,Uncommon,Supporter,,,,,,,,,
183951,Nanu (Full Art),Nanu Full Art,https://tcgplayer-cdn.tcgplayer.com/product/183951_200w.jpg,3,2377,https://cpt.tcgcsv.com/2Ct2,2022-12-08T20:39:52.45,1,"Choose a Basic Darkness Pokemon in your discard pile. Switch it with 1 of your Pokemon in play. Any attached cards, damage counters, Special Conditions, turns in play, and any other effects remain on the new Pokemon.",9.85,12.43,50.0,12.86,,Holofoil,179/181,Ultra Rare,Supporter,,,,,,,,,
183952,Nita (Full Art),Nita Full Art,https://tcgplayer-cdn.tcgplayer.com/product/183952_200w.jpg,3,2377,https://cpt.tcgcsv.com/3Ct2,2022-12-08T20:39:58.803,1,"You can play this card only if your opponent's Active Pokemon is a Basic Pokemon.
<br>Put an Energy from your opponent's Active Pokemon on top of their deck.",31.03,39.05,54.12,38.93,,Holofoil,180/181,Ultra Rare,Supporter,,,,,,,,,
183953,Nita,Nita,https://tcgplayer-cdn.tcgplayer.com/product/183953_200w.jpg,3,2377,https://cpt.tcgcsv.com/5Ct2,2025-02-07T20:03:46.493,1,"You can play this card only if your opponent's Active Pokemon is a Basic Pokemon.
<br>Put an Energy from your opponent's Active Pokemon on top of their deck.",0.09,0.2,1.49,0.16,,Normal,151/181,Uncommon,Supporter,,,,,,,,,
183953,Nita,Nita,https://tcgplayer-cdn.tcgplayer.com/product/183953_200w.jpg,3,2377,https://cpt.tcgcsv.com/5Ct2,2025-02-07T20:03:46.493,1,"You can play this card only if your opponent's Active Pokemon is a Basic Pokemon.
<br>Put an Energy from your opponent's Active Pokemon on top of their deck.",0.12,0.35,1.49,0.32,,Reverse Holofoil,151/181,Uncommon,Supporter,,,,,,,,,
183954,Pokemon Communication,Pokemon Communication,https://tcgplayer-cdn.tcgplayer.com/product/183954_200w.jpg,3,2377,https://cpt.tcgcsv.com/6Ct2,2025-07-28T13:26:57.95,1,"Reveal a Pokemon from your hand and put it into your deck. If you do, search your deck for a Pokemon, reveal it, and put it into your hand. Then, shuffle your deck.",0.05,0.25,19.5,0.18,0.1,Normal,152/181,Uncommon,Item,,,,,,,,,
183954,Pokemon Communication,Pokemon Communication,https://tcgplayer-cdn.tcgplayer.com/product/183954_200w.jpg,3,2377,https://cpt.tcgcsv.com/6Ct2,2025-07-28T13:26:57.95,1,"Reveal a Pokemon from your hand and put it into your deck. If you do, search your deck for a Pokemon, reveal it, and put it into your hand. Then, shuffle your deck.",0.2,0.65,2.01,0.65,,Reverse Holofoil,152/181,Uncommon,Item,,,,,,,,,
183955,Pokemon Communication (Secret),Pokemon Communication Secret,https://tcgplayer-cdn.tcgplayer.com/product/183955_200w.jpg,3,2377,https://cpt.tcgcsv.com/7Ct2,2022-12-08T20:42:07.887,1,"Reveal a Pokemon from your hand and put it into your deck. If you do, search your deck for a Pokemon, reveal it, and put it into your hand. Then, shuffle your deck.",7.55,9.5,39.99,8.75,8.5,Holofoil,196/181,Secret Rare,Item,,,,,,,,,
183956,Return Label,Return Label,https://tcgplayer-cdn.tcgplayer.com/product/183956_200w.jpg,3,2377,https://cpt.tcgcsv.com/8Ct2,2022-12-08T20:36:21.383,1,Put a card from your opponent's discard pile on the bottom of their deck.,0.01,0.2,19.5,0.1,0.1,Normal,153/181,Uncommon,Item,,,,,,,,,
183956,Return Label,Return Label,https://tcgplayer-cdn.tcgplayer.com/product/183956_200w.jpg,3,2377,https://cpt.tcgcsv.com/8Ct2,2022-12-08T20:36:21.383,1,Put a card from your opponent's discard pile on the bottom of their deck.,0.09,0.3,2.33,0.27,0.2,Reverse Holofoil,153/181,Uncommon,Item,,,,,,,,,
183957,Sabrina's Suggestion,Sabrinas Suggestion,https://tcgplayer-cdn.tcgplayer.com/product/183957_200w.jpg,3,2377,https://cpt.tcgcsv.com/9Ct2,2025-02-07T20:03:46.837,1,Your opponent reveals their hand. You may choose a Supporter card you find there and use the effect of that card as the effect of this card.,0.12,0.4,1.55,0.38,,Reverse Holofoil,154/181,Uncommon,Supporter,,,,,,,,,
183957,Sabrina's Suggestion,Sabrinas Suggestion,https://tcgplayer-cdn.tcgplayer.com/product/183957_200w.jpg,3,2377,https://cpt.tcgcsv.com/9Ct2,2025-02-07T20:03:46.837,1,Your opponent reveals their hand. You may choose a Supporter card you find there and use the effect of that card as the effect of this card.,0.09,0.24,1.49,0.21,,Normal,154/181,Uncommon,Supporter,,,,,,,,,
183958,Sabrina's Suggestion (Full Art),Sabrinas Suggestion Full Art,https://tcgplayer-cdn.tcgplayer.com/product/183958_200w.jpg,3,2377,https://cpt.tcgcsv.com/bCt2,2022-12-08T20:40:09.547,1,Your opponent reveals their hand. You may choose a Supporter card you find there and use the effect of that card as the effect of this card.,160.0,174.99,271.78,171.62,,Holofoil,181/181,Ultra Rare,Supporter,,,,,,,,,
183959,Unidentified Fossil,Unidentified Fossil,https://tcgplayer-cdn.tcgplayer.com/product/183959_200w.jpg,3,2377,https://cpt.tcgcsv.com/cCt2,2025-02-07T20:03:46.887,1,"Play this card as if it were a 60-HP Colorless Basic Pokemon. At any time during your turn<em> (before your attack)</em>, you may discard this card from play.
<br>This card can't retreat.",0.1,0.28,4.0,0.27,0.27,Reverse Holofoil,155/181,Uncommon,Item,,,,,,,,,
183959,Unidentified Fossil,Unidentified Fossil,https://tcgplayer-cdn.tcgplayer.com/product/183959_200w.jpg,3,2377,https://cpt.tcgcsv.com/cCt2,2025-02-07T20:03:46.887,1,"Play this card as if it were a 60-HP Colorless Basic Pokemon. At any time during your turn<em> (before your attack)</em>, you may discard this card from play.
<br>This card can't retreat.",0.04,0.2,1.39,0.16,,Normal,155/181,Uncommon,Item,,,,,,,,,
183960,Viridian Forest,Viridian Forest,https://tcgplayer-cdn.tcgplayer.com/product/183960_200w.jpg,3,2377,https://cpt.tcgcsv.com/dCt2,2025-02-07T20:03:46.947,1,"Once during each player's turn, that player may discard a card from their hand. If they do, that player searches their deck for a basic Energy card, reveals it, and puts it into their hand. Then, that player shuffles their deck.",0.1,0.32,1.55,0.29,,Normal,156/181,Uncommon,Stadium,,,,,,,,,
183960,Viridian Forest,Viridian Forest,https://tcgplayer-cdn.tcgplayer.com/product/183960_200w.jpg,3,2377,https://cpt.tcgcsv.com/dCt2,2025-02-07T20:03:46.947,1,"Once during each player's turn, that player may discard a card from their hand. If they do, that player searches their deck for a basic Energy card, reveals it, and puts it into their hand. Then, that player shuffles their deck.",0.3,0.62,1.5,0.62,,Reverse Holofoil,156/181,Uncommon,Stadium,,,,,,,,,
183961,Water Memory,Water Memory,https://tcgplayer-cdn.tcgplayer.com/product/183961_200w.jpg,3,2377,https://cpt.tcgcsv.com/fCt2,2025-02-07T20:03:47.01,1,The Silvally GX this card is attached to is a Water Pokémon.,0.15,0.32,2.0,0.33,,Reverse Holofoil,157/181,Uncommon,Tool,,,,,,,,,
183961,Water Memory,Water Memory,https://tcgplayer-cdn.tcgplayer.com/product/183961_200w.jpg,3,2377,https://cpt.tcgcsv.com/fCt2,2025-02-07T20:03:47.01,1,The Silvally GX this card is attached to is a Water Pokémon.,0.02,0.2,1.49,0.16,,Normal,157/181,Uncommon,Tool,,,,,,,,,
183962,Wondrous Labyrinth Prism Star,Wondrous Labyrinth Prism Star,https://tcgplayer-cdn.tcgplayer.com/product/183962_200w.jpg,3,2377,https://cpt.tcgcsv.com/gCt2,2025-11-21T00:29:28.1,1,"The attacks of non-Fairy Pokemon <em>(both yours and your opponent's)</em> cost Colorless more.
<br>Whenever any player plays an Item or Supporter card from their hand, prevent all effects of that card done to this Stadium card.",0.25,0.75,5.0,0.69,0.76,Holofoil,158/181,Prism Rare,Stadium,,,,,,,,,
183963,Magikarp & Wailord GX (Full Art),Magikarp and Wailord GX Full Art,https://tcgplayer-cdn.tcgplayer.com/product/183963_200w.jpg,3,2377,https://cpt.tcgcsv.com/hCt2,2025-12-10T04:09:11.747,1,,83.29,119.95,149.69,99.68,83.29,Holofoil,160/181,Ultra Rare,Water,300,Basic,[WWWWW] Super Splash (180),"<span style=""color:Teal""><strong>[W+] Towering Splash GX (10)</strong>
<br>If this Pokemon has at least 7 extra Water Energy attached to it <em>(in addition to this attack's cost)</em>, this attack does 100 damage to each of your opponent's Benched Pokemon.<em>(Don't apply Weakness and Resistance for Benched Pokemon.)</em> <em>(You can't use more than 1 GX attack in a game.)</em></span>",,Gx2,None,4,
183964,Magikarp & Wailord GX (Alternate Full Art),Magikarp and Wailord GX Alternate Full Art,https://tcgplayer-cdn.tcgplayer.com/product/183964_200w.jpg,3,2377,https://cpt.tcgcsv.com/jCt2,2022-12-08T20:37:19.627,1,,700.0,989.94,1459.92,993.3,,Holofoil,161/181,Ultra Rare,Water,300,Basic,[WWWWW] Super Splash (180),"<span style=""color:Teal""><strong>[W+] Towering Splash GX (10)</strong>
<br>If this Pokemon has at least 7 extra Water Energy attached to it <em>(in addition to this attack's cost)</em>, this attack does 100 damage to each of your opponent's Benched Pokemon.<em>(Don't apply Weakness and Resistance for Benched Pokemon.)</em> <em>(You can't use more than 1 GX attack in a game.)</em></span>",,Gx2,None,4,
183965,Magikarp & Wailord GX (Secret),Magikarp and Wailord GX Secret,https://tcgplayer-cdn.tcgplayer.com/product/183965_200w.jpg,3,2377,https://cpt.tcgcsv.com/kCt2,2022-12-08T20:40:27.747,1,,99.99,136.16,329.95,117.44,138.99,Holofoil,183/181,Secret Rare,Water,300,Basic,[WWWWW] Super Splash (180),"<span style=""color:Teal""><strong>[W+] Towering Splash GX (10)</strong>
<br>If this Pokemon has at least 7 extra Water Energy attached to it <em>(in addition to this attack's cost)</em>, this attack does 100 damage to each of your opponent's Benched Pokemon.<em>(Don't apply Weakness and Resistance for Benched Pokemon.)</em> <em>(You can't use more than 1 GX attack in a game.)</em></span>",,Gx2,None,4,
183975,Team Up Prerelease Kit,Team Up Prerelease Kit,https://tcgplayer-cdn.tcgplayer.com/product/183975_200w.jpg,3,2377,https://cpt.tcgcsv.com/wCt2,2019-01-22T18:41:06.887,1,"Each Kit includes 4 Team Up booster packs, 1 special 23-card prerelease pack with 1 of 4 exclusive foil prerelease promo card.",1298.0,1298.0,1298.0,975.41,,Normal,,,,,,,,,,,,
184424,Water Energy (2019 Unnumbered),Water Energy 2019 Unnumbered,https://tcgplayer-cdn.tcgplayer.com/product/184424_200w.jpg,3,2377,https://cpt.tcgcsv.com/vNt2,2025-12-10T04:14:02.74,1,,0.4,0.7,3.0,0.7,0.58,Reverse Holofoil,,Common,Basic Water Energy,,,,,,,,,
184424,Water Energy (2019 Unnumbered),Water Energy 2019 Unnumbered,https://tcgplayer-cdn.tcgplayer.com/product/184424_200w.jpg,3,2377,https://cpt.tcgcsv.com/vNt2,2025-12-10T04:14:02.74,1,,0.03,0.17,1.49,0.17,,Normal,,Common,Basic Water Energy,,,,,,,,,
184425,Darkness Energy (2019 Unnumbered),Darkness Energy 2019 Unnumbered,https://tcgplayer-cdn.tcgplayer.com/product/184425_200w.jpg,3,2377,https://cpt.tcgcsv.com/wNt2,2026-02-05T18:13:29.387,1,,0.04,0.18,1.55,0.18,0.1,Normal,,Common,Basic Darkness Energy,,,,,,,,,
184425,Darkness Energy (2019 Unnumbered),Darkness Energy 2019 Unnumbered,https://tcgplayer-cdn.tcgplayer.com/product/184425_200w.jpg,3,2377,https://cpt.tcgcsv.com/wNt2,2026-02-05T18:13:29.387,1,,0.41,1.12,2.99,1.12,0.63,Reverse Holofoil,,Common,Basic Darkness Energy,,,,,,,,,
184426,Fairy Energy (2019 Unnumbered),Fairy Energy 2019 Unnumbered,https://tcgplayer-cdn.tcgplayer.com/product/184426_200w.jpg,3,2377,https://cpt.tcgcsv.com/xNt2,2026-02-05T18:14:54.807,1,,0.45,0.76,10.0,0.85,0.49,Reverse Holofoil,,Common,Basic Fairy Energy,,,,,,,,,
184426,Fairy Energy (2019 Unnumbered),Fairy Energy 2019 Unnumbered,https://tcgplayer-cdn.tcgplayer.com/product/184426_200w.jpg,3,2377,https://cpt.tcgcsv.com/xNt2,2026-02-05T18:14:54.807,1,,0.02,0.22,2.0,0.22,0.14,Normal,,Common,Basic Fairy Energy,,,,,,,,,
184427,Fire Energy (2019 Unnumbered),Fire Energy 2019 Unnumbered,https://tcgplayer-cdn.tcgplayer.com/product/184427_200w.jpg,3,2377,https://cpt.tcgcsv.com/zNt2,2026-02-27T23:28:35.74,1,,0.45,0.7,2.99,0.7,0.62,Reverse Holofoil,,Common,Basic Fire Energy,,,,,,,,,
184427,Fire Energy (2019 Unnumbered),Fire Energy 2019 Unnumbered,https://tcgplayer-cdn.tcgplayer.com/product/184427_200w.jpg,3,2377,https://cpt.tcgcsv.com/zNt2,2026-02-27T23:28:35.74,1,,0.01,0.13,1.53,0.11,0.08,Normal,,Common,Basic Fire Energy,,,,,,,,,
184428,Fighting Energy (2019 Unnumbered),Fighting Energy 2019 Unnumbered,https://tcgplayer-cdn.tcgplayer.com/product/184428_200w.jpg,3,2377,https://cpt.tcgcsv.com/BNt2,2026-02-05T18:10:47.707,1,,0.01,0.14,1.49,0.1,0.06,Normal,,Common,Basic Fighting Energy,,,,,,,,,
184428,Fighting Energy (2019 Unnumbered),Fighting Energy 2019 Unnumbered,https://tcgplayer-cdn.tcgplayer.com/product/184428_200w.jpg,3,2377,https://cpt.tcgcsv.com/BNt2,2026-02-05T18:10:47.707,1,,0.24,0.58,2.5,0.58,0.3,Reverse Holofoil,,Common,Basic Fighting Energy,,,,,,,,,
184429,Grass Energy (2019 Unnumbered),Grass Energy 2019 Unnumbered,https://tcgplayer-cdn.tcgplayer.com/product/184429_200w.jpg,3,2377,https://cpt.tcgcsv.com/CNt2,2026-02-05T18:14:28.88,1,,0.01,0.13,1.49,0.11,0.09,Normal,,Common,Basic Grass Energy,,,,,,,,,
184429,Grass Energy (2019 Unnumbered),Grass Energy 2019 Unnumbered,https://tcgplayer-cdn.tcgplayer.com/product/184429_200w.jpg,3,2377,https://cpt.tcgcsv.com/CNt2,2026-02-05T18:14:28.88,1,,0.25,0.74,39.99,0.74,,Reverse Holofoil,,Common,Basic Grass Energy,,,,,,,,,
184430,Lightning Energy (2019 Unnumbered),Lightning Energy 2019 Unnumbered,https://tcgplayer-cdn.tcgplayer.com/product/184430_200w.jpg,3,2377,https://cpt.tcgcsv.com/DNt2,2026-02-05T18:16:01.517,1,,0.25,0.75,2.5,0.75,0.66,Reverse Holofoil,,Common,Basic Lightning Energy,,,,,,,,,
184430,Lightning Energy (2019 Unnumbered),Lightning Energy 2019 Unnumbered,https://tcgplayer-cdn.tcgplayer.com/product/184430_200w.jpg,3,2377,https://cpt.tcgcsv.com/DNt2,2026-02-05T18:16:01.517,1,,0.02,0.15,1.49,0.12,0.05,Normal,,Common,Basic Lightning Energy,,,,,,,,,
184431,Metal Energy (2019 Unnumbered),Metal Energy 2019 Unnumbered,https://tcgplayer-cdn.tcgplayer.com/product/184431_200w.jpg,3,2377,https://cpt.tcgcsv.com/FNt2,2026-02-05T18:14:04.683,1,,0.01,0.15,1.52,0.15,0.08,Normal,,Common,Basic Metal Energy,,,,,,,,,
184431,Metal Energy (2019 Unnumbered),Metal Energy 2019 Unnumbered,https://tcgplayer-cdn.tcgplayer.com/product/184431_200w.jpg,3,2377,https://cpt.tcgcsv.com/FNt2,2026-02-05T18:14:04.683,1,,0.5,0.86,2.5,0.88,1.72,Reverse Holofoil,,Common,Basic Metal Energy,,,,,,,,,
184432,Psychic Energy (2019 Unnumbered),Psychic Energy 2019 Unnumbered,https://tcgplayer-cdn.tcgplayer.com/product/184432_200w.jpg,3,2377,https://cpt.tcgcsv.com/GNt2,2025-11-21T00:25:30.523,1,,0.21,0.9,2.5,0.89,0.98,Reverse Holofoil,,Common,Basic Psychic Energy,,,,,,,,,
184432,Psychic Energy (2019 Unnumbered),Psychic Energy 2019 Unnumbered,https://tcgplayer-cdn.tcgplayer.com/product/184432_200w.jpg,3,2377,https://cpt.tcgcsv.com/GNt2,2025-11-21T00:25:30.523,1,,0.05,0.15,1.49,0.12,0.16,Normal,,Common,Basic Psychic Energy,,,,,,,,,
185246,Melmetal GX Box,Melmetal GX Box,https://tcgplayer-cdn.tcgplayer.com/product/185246_200w.jpg,3,2377,https://cpt.tcgcsv.com/X6v2,2019-02-19T14:12:28.003,1,"The Melmetal GX Box includes:
<br>• 1 foil promo card featuring Melmetal GX
<br>• 1 foil promo card featuring Meltan
<br>• 1 foil oversize card featuring Melmetal GX
<br>• 4 Pokemon TCG booster packs
<br>• 1 code card for the Pokémon Trading Card Game Online",,,,,,,,,,,,,,,,,,
185256,TAG TEAM Tin [Celebi & Venusaur GX],TAG TEAM Tin Celebi and Venusaur GX,https://tcgplayer-cdn.tcgplayer.com/product/185256_200w.jpg,3,2377,https://cpt.tcgcsv.com/87v2,2020-12-29T18:56:42.667,1,"Each of these fantastic tins contains an amazing pair of Pokemon who work together perfectly as a team—with a GX attack that can leave opponents in the dust!
<br><br>In this tin, you'll find:
<br>
<br>• 1 foil TAG TEAM Pokémon-GX with special art
<br>• 4 Pokémon TCG booster packs <em>(Packs vary per tin.)</em>
<br>• 1 metal TAG TEAM GX marker
<br>• A code card to unlock a playable deck in the Pokémon Trading Card Game Online
<br><strong><em>Booster pack packaging varies by product. Cards vary by pack.</em></strong>",669.95,684.48,699.0,443.92,,Normal,,,,,,,,,,,,
185257,TAG TEAM Tin [Eevee & Snorlax GX],TAG TEAM Tin Eevee and Snorlax GX,https://tcgplayer-cdn.tcgplayer.com/product/185257_200w.jpg,3,2377,https://cpt.tcgcsv.com/97v2,2020-12-29T18:56:48.413,1,"Each of these fantastic tins contains an amazing pair of Pokemon who work together perfectly as a team—with a GX attack that can leave opponents in the dust!
<br><br>In this tin, you'll find:
<br>
<br>• 1 foil TAG TEAM Pokémon-GX with special art
<br>• 4 Pokémon TCG booster packs <em>(Packs vary per tin.)</em>
<br>• 1 metal TAG TEAM GX marker
<br>• A code card to unlock a playable deck in the Pokémon Trading Card Game Online
<br><strong><em>Booster pack packaging varies by product. Cards vary by pack.</em></strong>",699.95,699.95,699.95,476.69,,Normal,,,,,,,,,,,,
185258,TAG TEAM Tin [Pikachu & Zekrom GX],TAG TEAM Tin Pikachu and Zekrom GX,https://tcgplayer-cdn.tcgplayer.com/product/185258_200w.jpg,3,2377,https://cpt.tcgcsv.com/b7v2,2020-12-29T18:56:52.623,1,"Each of these fantastic tins contains an amazing pair of Pokemon who work together perfectly as a team—with a GX attack that can leave opponents in the dust!
<br><br>In this tin, you'll find:
<br>
<br>• 1 foil TAG TEAM Pokémon-GX with special art
<br>• 4 Pokémon TCG booster packs <em>(Packs vary per tin.)</em>
<br>• 1 metal TAG TEAM GX marker
<br>• A code card to unlock a playable deck in the Pokémon Trading Card Game Online
<br><strong><em>Booster pack packaging varies by product. Cards vary by pack.</em></strong>",660.0,667.5,799.95,700.93,,Normal,,,,,,,,,,,,
185259,TAG TEAM Tin [Set of 3],TAG TEAM Tin Set of 3,https://tcgplayer-cdn.tcgplayer.com/product/185259_200w.jpg,3,2377,https://cpt.tcgcsv.com/c7v2,2020-12-29T18:57:01.993,1,"Two Pokemon can be stronger when they join forces, as you're bound to learn after checking out these collections featuring the new TAG TEAM cards! Choose from three powerful duos—Pikachu & Zekrom GX, Eevee & Snorlax GX, or Celebi & Venusaur GX—in the Pokemon Trading Card Game: TAG TEAM Tins. Each of these fantastic tins contains an amazing pair of Pokemon who work together perfectly as a team—with a GX attack that can leave opponents in the dust!
<br><br>In each tin, you'll find:
<br>
<br>• 1 foil TAG TEAM Pokémon-GX with special art
<br>• 4 Pokémon TCG booster packs <em>(Packs vary per tin.)</em>
<br>• 1 metal TAG TEAM GX marker
<br>• A code card to unlock a playable deck in the Pokémon Trading Card Game Online
<br><strong><em>Booster pack packaging varies by product. Cards vary by pack.</em></strong>",1999.95,1999.95,2500.0,1999.95,,Normal,,,,,,,,,,,,
266516,Code Card - Melmetal GX Box,Code Card Melmetal GX Box,https://tcgplayer-cdn.tcgplayer.com/product/266516_200w.jpg,3,2377,https://cpt.tcgcsv.com/lD83,2022-07-20T19:41:13.533,1,"This listing is <strong>not</strong> a physical item. Please keep in mind that this <strong>Code Card</strong> listing represents a digital copy of the stated item for the Pokémon TCG Online <strong>and/or</strong> the Pokémon TCG Live games. You may receive the physical <strong>Code Card</strong>. Upon purchase, please work with your specific Seller by sending them a message using the <strong>Contact Seller</strong> button on the order details in your <a href=https://store.tcgplayer.com/myaccount/orderhistory>Order History</a> to opt in to having your <strong>Code Card</strong> code delivered digitally due to the nature of the product.",0.13,0.14,0.15,0.41,,Normal,,Code Card,,,,,,,,,,
266538,Code Card - TAG TEAM Tin [Celebi & Venusaur GX],Code Card TAG TEAM Tin Celebi and Venusaur GX,https://tcgplayer-cdn.tcgplayer.com/product/266538_200w.jpg,3,2377,https://cpt.tcgcsv.com/ND83,2022-07-20T19:46:25.557,1,"This listing is <strong>not</strong> a physical item. Please keep in mind that this <strong>Code Card</strong> listing represents a digital copy of the stated item for the Pokémon TCG Online <strong>and/or</strong> the Pokémon TCG Live games. You may receive the physical <strong>Code Card</strong>. Upon purchase, please work with your specific Seller by sending them a message using the <strong>Contact Seller</strong> button on the order details in your <a href=https://store.tcgplayer.com/myaccount/orderhistory>Order History</a> to opt in to having your <strong>Code Card</strong> code delivered digitally due to the nature of the product.",0.49,0.85,1.69,0.99,,Normal,,Code Card,,,,,,,,,,
266539,Code Card - TAG TEAM Tin [Eevee & Snorlax GX],Code Card TAG TEAM Tin Eevee and Snorlax GX,https://tcgplayer-cdn.tcgplayer.com/product/266539_200w.jpg,3,2377,https://cpt.tcgcsv.com/PD83,2022-07-20T19:46:33.5,1,"This listing is <strong>not</strong> a physical item. Please keep in mind that this <strong>Code Card</strong> listing represents a digital copy of the stated item for the Pokémon TCG Online <strong>and/or</strong> the Pokémon TCG Live games. You may receive the physical <strong>Code Card</strong>. Upon purchase, please work with your specific Seller by sending them a message using the <strong>Contact Seller</strong> button on the order details in your <a href=https://store.tcgplayer.com/myaccount/orderhistory>Order History</a> to opt in to having your <strong>Code Card</strong> code delivered digitally due to the nature of the product.",0.35,0.86,3.0,0.99,,Normal,,Code Card,,,,,,,,,,
266540,Code Card - TAG TEAM Tin [Pikachu & Zekrom GX],Code Card TAG TEAM Tin Pikachu and Zekrom GX,https://tcgplayer-cdn.tcgplayer.com/product/266540_200w.jpg,3,2377,https://cpt.tcgcsv.com/QD83,2022-07-20T19:46:40.127,1,"This listing is <strong>not</strong> a physical item. Please keep in mind that this <strong>Code Card</strong> listing represents a digital copy of the stated item for the Pokémon TCG Online <strong>and/or</strong> the Pokémon TCG Live games. You may receive the physical <strong>Code Card</strong>. Upon purchase, please work with your specific Seller by sending them a message using the <strong>Contact Seller</strong> button on the order details in your <a href=https://store.tcgplayer.com/myaccount/orderhistory>Order History</a> to opt in to having your <strong>Code Card</strong> code delivered digitally due to the nature of the product.",2.99,2.99,4.0,,,Normal,,Code Card,,,,,,,,,,
266542,Code Card - Team Up 3 Pack Blister [Deoxys],Code Card Team Up 3 Pack Blister Deoxys,https://tcgplayer-cdn.tcgplayer.com/product/266542_200w.jpg,3,2377,https://cpt.tcgcsv.com/SD83,2022-07-20T19:47:29.84,1,"This listing is <strong>not</strong> a physical item. Please keep in mind that this <strong>Code Card</strong> listing represents a digital copy of the stated item for the Pokémon TCG Online <strong>and/or</strong> the Pokémon TCG Live games. You may receive the physical <strong>Code Card</strong>. Upon purchase, please work with your specific Seller by sending them a message using the <strong>Contact Seller</strong> button on the order details in your <a href=https://store.tcgplayer.com/myaccount/orderhistory>Order History</a> to opt in to having your <strong>Code Card</strong> code delivered digitally due to the nature of the product.",,,,,,,,Code Card,,,,,,,,,,
266543,Code Card - Team Up 3 Pack Blister [Ultra Necrozma],Code Card Team Up 3 Pack Blister Ultra Necrozma,https://tcgplayer-cdn.tcgplayer.com/product/266543_200w.jpg,3,2377,https://cpt.tcgcsv.com/TD83,2022-07-20T19:47:44.767,1,"This listing is <strong>not</strong> a physical item. Please keep in mind that this <strong>Code Card</strong> listing represents a digital copy of the stated item for the Pokémon TCG Online <strong>and/or</strong> the Pokémon TCG Live games. You may receive the physical <strong>Code Card</strong>. Upon purchase, please work with your specific Seller by sending them a message using the <strong>Contact Seller</strong> button on the order details in your <a href=https://store.tcgplayer.com/myaccount/orderhistory>Order History</a> to opt in to having your <strong>Code Card</strong> code delivered digitally due to the nature of the product.",0.75,0.75,0.75,,,Normal,,Code Card,,,,,,,,,,
266544,Code Card - Team Up Booster Pack,Code Card Team Up Booster Pack,https://tcgplayer-cdn.tcgplayer.com/product/266544_200w.jpg,3,2377,https://cpt.tcgcsv.com/VD83,2022-07-20T19:48:21.96,1,"This listing is <strong>not</strong> a physical item. Please keep in mind that this <strong>Code Card</strong> listing represents a digital copy of the stated item for the Pokémon TCG Online <strong>and/or</strong> the Pokémon TCG Live games. You may receive the physical <strong>Code Card</strong>. Upon purchase, please work with your specific Seller by sending them a message using the <strong>Contact Seller</strong> button on the order details in your <a href=https://store.tcgplayer.com/myaccount/orderhistory>Order History</a> to opt in to having your <strong>Code Card</strong> code delivered digitally due to the nature of the product.",0.02,0.2,0.5,0.13,,Normal,,Code Card,,,,,,,,,,
266545,Code Card - Team Up Elite Trainer Box,Code Card Team Up Elite Trainer Box,https://tcgplayer-cdn.tcgplayer.com/product/266545_200w.jpg,3,2377,https://cpt.tcgcsv.com/WD83,2022-07-20T19:48:51.32,1,"This listing is <strong>not</strong> a physical item. Please keep in mind that this <strong>Code Card</strong> listing represents a digital copy of the stated item for the Pokémon TCG Online <strong>and/or</strong> the Pokémon TCG Live games. You may receive the physical <strong>Code Card</strong>. Upon purchase, please work with your specific Seller by sending them a message using the <strong>Contact Seller</strong> button on the order details in your <a href=https://store.tcgplayer.com/myaccount/orderhistory>Order History</a> to opt in to having your <strong>Code Card</strong> code delivered digitally due to the nature of the product.",7.5,8.92,9.99,7.5,,Normal,,Code Card,,,,,,,,,,
266546,Code Card - Team Up Single Pack Blister [Mimikyu],Code Card Team Up Single Pack Blister Mimikyu,https://tcgplayer-cdn.tcgplayer.com/product/266546_200w.jpg,3,2377,https://cpt.tcgcsv.com/XD83,2022-07-20T19:49:49.227,1,"This listing is <strong>not</strong> a physical item. Please keep in mind that this <strong>Code Card</strong> listing represents a digital copy of the stated item for the Pokémon TCG Online <strong>and/or</strong> the Pokémon TCG Live games. You may receive the physical <strong>Code Card</strong>. Upon purchase, please work with your specific Seller by sending them a message using the <strong>Contact Seller</strong> button on the order details in your <a href=https://store.tcgplayer.com/myaccount/orderhistory>Order History</a> to opt in to having your <strong>Code Card</strong> code delivered digitally due to the nature of the product.",,,,,,,,Code Card,,,,,,,,,,
266547,Code Card - Team Up Single Pack Blister [Pikachu],Code Card Team Up Single Pack Blister Pikachu,https://tcgplayer-cdn.tcgplayer.com/product/266547_200w.jpg,3,2377,https://cpt.tcgcsv.com/ZD83,2022-07-20T19:49:55.45,1,"This listing is <strong>not</strong> a physical item. Please keep in mind that this <strong>Code Card</strong> listing represents a digital copy of the stated item for the Pokémon TCG Online <strong>and/or</strong> the Pokémon TCG Live games. You may receive the physical <strong>Code Card</strong>. Upon purchase, please work with your specific Seller by sending them a message using the <strong>Contact Seller</strong> button on the order details in your <a href=https://store.tcgplayer.com/myaccount/orderhistory>Order History</a> to opt in to having your <strong>Code Card</strong> code delivered digitally due to the nature of the product.",0.25,0.25,0.25,,,Normal,,Code Card,,,,,,,,,,
266548,"Code Card - Team Up Theme Deck - ""Relentless Flame"" [Charizard]",Code Card Team Up Theme Deck Relentless Flame Charizard,https://tcgplayer-cdn.tcgplayer.com/product/266548_200w.jpg,3,2377,https://cpt.tcgcsv.com/-D83,2022-07-20T19:50:20.367,1,"This listing is <strong>not</strong> a physical item. Please keep in mind that this <strong>Code Card</strong> listing represents a digital copy of the stated item for the Pokémon TCG Online <strong>and/or</strong> the Pokémon TCG Live games. You may receive the physical <strong>Code Card</strong>. Upon purchase, please work with your specific Seller by sending them a message using the <strong>Contact Seller</strong> button on the order details in your <a href=https://store.tcgplayer.com/myaccount/orderhistory>Order History</a> to opt in to having your <strong>Code Card</strong> code delivered digitally due to the nature of the product.",10.0,10.0,10.0,,,Normal,,Code Card,,,,,,,,,,
266549,"Code Card - Team Up Theme Deck - ""Torrential Cannon"" [Blastoise]",Code Card Team Up Theme Deck Torrential Cannon Blastoise,https://tcgplayer-cdn.tcgplayer.com/product/266549_200w.jpg,3,2377,https://cpt.tcgcsv.com/_D83,2022-07-20T19:50:37.87,1,"This listing is <strong>not</strong> a physical item. Please keep in mind that this <strong>Code Card</strong> listing represents a digital copy of the stated item for the Pokémon TCG Online <strong>and/or</strong> the Pokémon TCG Live games. You may receive the physical <strong>Code Card</strong>. Upon purchase, please work with your specific Seller by sending them a message using the <strong>Contact Seller</strong> button on the order details in your <a href=https://store.tcgplayer.com/myaccount/orderhistory>Order History</a> to opt in to having your <strong>Code Card</strong> code delivered digitally due to the nature of the product.",,,,,,,,Code Card,,,,,,,,,,
266550,Code Card - Towering Splash GX Box,Code Card Towering Splash GX Box,https://tcgplayer-cdn.tcgplayer.com/product/266550_200w.jpg,3,2377,https://cpt.tcgcsv.com/0F83,2022-07-20T19:50:44.66,1,"This listing is <strong>not</strong> a physical item. Please keep in mind that this <strong>Code Card</strong> listing represents a digital copy of the stated item for the Pokémon TCG Online <strong>and/or</strong> the Pokémon TCG Live games. You may receive the physical <strong>Code Card</strong>. Upon purchase, please work with your specific Seller by sending them a message using the <strong>Contact Seller</strong> button on the order details in your <a href=https://store.tcgplayer.com/myaccount/orderhistory>Order History</a> to opt in to having your <strong>Code Card</strong> code delivered digitally due to the nature of the product.",4.0,4.01,4.89,,,Normal,,Code Card,,,,,,,,,,
267044,Team Up Booster Pack Art Bundle [Set of 4],Team Up Booster Pack Art Bundle Set of 4,https://tcgplayer-cdn.tcgplayer.com/product/267044_200w.jpg,3,2377,https://cpt.tcgcsv.com/VQ83,2022-06-07T19:52:01.947,1,"Collect each of the 4 unique art packs for Sun & Moon—Team Up.
<br>Each Sun & Moon—Team Up booster pack contains 10 random cards.",999.0,999.5,1000.0,876.32,,Normal,,,,,,,,,,,,
270871,Code Card - Team Up Build & Battle Box,Code Card Team Up Build and Battle Box,https://tcgplayer-cdn.tcgplayer.com/product/270871_200w.jpg,3,2377,https://cpt.tcgcsv.com/rmb3,2023-03-31T16:27:20.107,1,"This listing is <strong>not</strong> a physical item. Please keep in mind that this <strong>Code Card</strong> listing represents a digital copy of the stated item for the Pokémon TCG Online <strong>and/or</strong> the Pokémon TCG Live games. You may receive the physical <strong>Code Card</strong>. Upon purchase, please work with your specific Seller by sending them a message using the <strong>Contact Seller</strong> button on the order details in your <a href=https://store.tcgplayer.com/myaccount/orderhistory>Order History</a> to opt in to having your <strong>Code Card</strong> code delivered digitally due to the nature of the product.",0.99,1.0,9.99,,,Normal,,Code Card,,,,,,,,,,
270872,Code Card - Team Up Season 3 [Max Potion],Code Card Team Up Season 3 Max Potion,https://tcgplayer-cdn.tcgplayer.com/product/270872_200w.jpg,3,2377,https://cpt.tcgcsv.com/smb3,2023-03-31T16:28:06.66,1,"This listing is <strong>not</strong> a physical item. Please keep in mind that this <strong>Code Card</strong> listing represents a digital copy of the stated item for the Pokémon TCG Online <strong>and/or</strong> the Pokémon TCG Live games. You may receive the physical <strong>Code Card</strong>. Upon purchase, please work with your specific Seller by sending them a message using the <strong>Contact Seller</strong> button on the order details in your <a href=https://store.tcgplayer.com/myaccount/orderhistory>Order History</a> to opt in to having your <strong>Code Card</strong> code delivered digitally due to the nature of the product.",,,,,,,,Code Card,,,,,,,,,,
270873,Code Card - Team Up Season 2 [Enhanced Hammer],Code Card Team Up Season 2 Enhanced Hammer,https://tcgplayer-cdn.tcgplayer.com/product/270873_200w.jpg,3,2377,https://cpt.tcgcsv.com/tmb3,2023-03-31T16:27:52.793,1,"This listing is <strong>not</strong> a physical item. Please keep in mind that this <strong>Code Card</strong> listing represents a digital copy of the stated item for the Pokémon TCG Online <strong>and/or</strong> the Pokémon TCG Live games. You may receive the physical <strong>Code Card</strong>. Upon purchase, please work with your specific Seller by sending them a message using the <strong>Contact Seller</strong> button on the order details in your <a href=https://store.tcgplayer.com/myaccount/orderhistory>Order History</a> to opt in to having your <strong>Code Card</strong> code delivered digitally due to the nature of the product.",1.0,1.0,1.0,,,Normal,,Code Card,,,,,,,,,,
270874,Code Card - Team Up Season 1 [Field Blower],Code Card Team Up Season 1 Field Blower,https://tcgplayer-cdn.tcgplayer.com/product/270874_200w.jpg,3,2377,https://cpt.tcgcsv.com/vmb3,2023-03-31T16:27:37.837,1,"This listing is <strong>not</strong> a physical item. Please keep in mind that this <strong>Code Card</strong> listing represents a digital copy of the stated item for the Pokémon TCG Online <strong>and/or</strong> the Pokémon TCG Live games. You may receive the physical <strong>Code Card</strong>. Upon purchase, please work with your specific Seller by sending them a message using the <strong>Contact Seller</strong> button on the order details in your <a href=https://store.tcgplayer.com/myaccount/orderhistory>Order History</a> to opt in to having your <strong>Code Card</strong> code delivered digitally due to the nature of the product.",,,,,,,,Code Card,,,,,,,,,,
276584,Team Up Sleeved Booster Pack Art Bundle [Set of 4],Team Up Sleeved Booster Pack Art Bundle Set of 4,https://tcgplayer-cdn.tcgplayer.com/product/276584_200w.jpg,3,2377,https://cpt.tcgcsv.com/JFd3,2022-06-20T18:56:39.173,1,"Collect each of the 4 unique art packs for Team Up.
<br>Each Team Up booster pack contains 10 random cards.",1248.0,1274.0,1300.0,1058.42,,Normal,,,,,,,,,,,,
524330,Team Up Sleeved Booster Pack,Team Up Sleeved Booster Pack,https://tcgplayer-cdn.tcgplayer.com/product/524330_200w.jpg,3,2377,https://cpt.tcgcsv.com/DLc6,2025-02-14T13:28:22.763,1,Each Team Up sleeved booster pack contains 10 random cards.,320.0,337.5,344.97,317.21,,Normal,,,,,,,,,,,,
547128,Team Up Prerelease Kit Display,Team Up Prerelease Kit Display,https://tcgplayer-cdn.tcgplayer.com/product/547128_200w.jpg,3,2377,https://cpt.tcgcsv.com/BSn6,2024-04-22T19:00:04.623,1,"The Team Up Prerelease Kit Display contains 10 kits.
<br><br>Each Kit includes 4 Team Up booster packs, 1 special 23-card prerelease pack with 1 of 4 exclusive foil prerelease promo card.",,,,,,,,,,,,,,,,,,
595411,TAG TEAM Tin Case,TAG TEAM Tin Case,https://tcgplayer-cdn.tcgplayer.com/product/595411_200w.jpg,3,2377,https://cpt.tcgcsv.com/fbN6,2025-04-03T15:32:15.14,1,"Two Pokemon can be stronger when they join forces, as you're bound to learn after checking out these collections featuring the new TAG TEAM cards! Choose from three powerful duos—Pikachu & Zekrom GX, Eevee & Snorlax GX, or Celebi & Venusaur GX—in the Pokemon Trading Card Game: TAG TEAM Tins. Each of these fantastic tins contains an amazing pair of Pokemon who work together perfectly as a team—with a GX attack that can leave opponents in the dust!
<br><br>Each case comes with 3 of each of TAG TEAM Tins!
<br><br>In each tin, you'll find:
<br>
<br>• 1 foil TAG TEAM Pokémon-GX with special art
<br>• 4 Pokémon TCG booster packs <em>(Packs vary per tin.)</em>
<br>• 1 metal TAG TEAM GX marker
<br>• A code card to unlock a playable deck in the Pokémon Trading Card Game Online
<br><strong><em>Booster pack packaging varies by product. Cards vary by pack.</em></strong>",5399.95,5449.98,5500.0,,,Normal,,,,,,,,,,,,
624521,Team Up Premium Checklane Blister [Gyarados],Team Up Premium Checklane Blister Gyarados,https://tcgplayer-cdn.tcgplayer.com/product/624521_200w.jpg,3,2377,https://cpt.tcgcsv.com/rQ_6,2025-03-21T21:27:08.037,1,"Contains 1 Sun & Moon — Team Up booster pack, a TCGO Code, Coin and 2 cards with an evolution line.",750.0,750.0,750.0,,,Normal,,,,,,,,,,,,0820650806186
624522,Team Up Premium Checklane Blister [Raichu],Team Up Premium Checklane Blister Raichu,https://tcgplayer-cdn.tcgplayer.com/product/624522_200w.jpg,3,2377,https://cpt.tcgcsv.com/sQ_6,2025-03-21T21:28:04.577,1,"Contains 1 Sun & Moon — Team Up booster pack, a TCGO Code, Coin and 2 cards with an evolution line.",750.0,750.0,750.0,,,Normal,,,,,,,,,,,,0820650806186
