productId,name,cleanName,imageUrl,categoryId,groupId,url,modifiedOn,imageCount,extCardText,lowPrice,midPrice,highPrice,marketPrice,directLowPrice,subTypeName,extUPC,extNumber,extRarity,extCardType,extHP,extStage,extAttack1,extWeakness,extResistance,extRetreatCost,extAttack2
229276,Battle Styles Booster Pack,Battle Styles Booster Pack,https://tcgplayer-cdn.tcgplayer.com/product/229276_200w.jpg,3,2765,https://cpt.tcgcsv.com/xKR2,2021-03-19T04:03:23.62,1,Each Battle Styles booster pack contains 10 random cards.,5.0,8.4,201.25,8.13,,Normal,,,,,,,,,,,
229277,Battle Styles Booster Box,Battle Styles Booster Box,https://tcgplayer-cdn.tcgplayer.com/product/229277_200w.jpg,3,2765,https://cpt.tcgcsv.com/zKR2,2021-03-19T04:03:23.62,1,Each Battle Styles booster box contains 36 booster packs. <em>(each pack contains 10 random cards)</em>,259.97,320.0,1100.0,260.19,,Normal,0820650818189,,,,,,,,,,
229278,Battle Styles Build & Battle Box,Battle Styles Build and Battle Box,https://tcgplayer-cdn.tcgplayer.com/product/229278_200w.jpg,3,2765,https://cpt.tcgcsv.com/BKR2,2021-04-14T13:00:13.227,1,"<strong>Build & Battle Box contents:</strong>
<br>• 23-card Evolution pack featuring key cards from current and prior expansions <em>(including 1 of 4 alternate-art promo cards)</em>
<br>• 4 Battle Styles booster packs
<br>• 1 deck-building tip sheet",50.0,55.96,60.0,48.56,,Normal,0820650808326,,,,,,,,,,
229279,Battle Styles Build & Battle Box Display,Battle Styles Build and Battle Box Display,https://tcgplayer-cdn.tcgplayer.com/product/229279_200w.jpg,3,2765,https://cpt.tcgcsv.com/CKR2,2023-05-03T19:15:36.807,1,"Each display contains 10 Battle Styles Build & Battle Boxes.
<br><strong>Build & Battle Box contents:</strong>
<br>• 23-card Evolution pack featuring key cards from current and prior expansions <em>(including 1 of 4 alternate-art promo cards)</em>
<br>• 4 Battle Styles booster packs
<br>• 1 deck-building tip sheet",485.0,499.48,500.0,396.85,,Normal,0820650818325,,,,,,,,,,
229280,Battle Styles Single Pack Blister [Charmander],Battle Styles Single Pack Blister Charmander,https://tcgplayer-cdn.tcgplayer.com/product/229280_200w.jpg,3,2765,https://cpt.tcgcsv.com/DKR2,2021-03-19T04:03:23.62,1,"Each blister comes with 1 Battle Styles booster pack, a coin, and a promotional card of Charmander.",26.95,33.47,39.99,16.4,,Normal,,,,,,,,,,,
229281,Battle Styles Single Pack Blister [Arrokuda],Battle Styles Single Pack Blister Arrokuda,https://tcgplayer-cdn.tcgplayer.com/product/229281_200w.jpg,3,2765,https://cpt.tcgcsv.com/FKR2,2021-09-14T12:11:42.657,1,"Each blister comes with 1 Battle Styles booster pack, a coin, and a promotional card of Arrokuda.",9.0,11.44,11.95,9.6,,Normal,,,,,,,,,,,
229282,Battle Styles 3 Pack Blister [Jolteon],Battle Styles 3 Pack Blister Jolteon,https://tcgplayer-cdn.tcgplayer.com/product/229282_200w.jpg,3,2765,https://cpt.tcgcsv.com/GKR2,2021-03-19T04:03:23.62,1,"Each 3 Pack blister comes with 3 Battle Styles booster packs, 1 coin, and a promotional card of Jolteon.",37.95,42.0,60.0,36.97,,Normal,820650828324,,,,,,,,,,
229283,Battle Styles 3 Pack Blister [Eevee],Battle Styles 3 Pack Blister Eevee,https://tcgplayer-cdn.tcgplayer.com/product/229283_200w.jpg,3,2765,https://cpt.tcgcsv.com/HKR2,2021-03-19T04:03:23.62,1,"Each 3 Pack blister comes with 3 Battle Styles booster packs, 1 coin, and a promotional card of Eevee.",12.99,35.63,50.0,27.63,,Normal,820650828324,,,,,,,,,,
229284,Battle Styles Elite Trainer Box [Single Strike Urshifu] (Red),Battle Styles Elite Trainer Box Single Strike Urshifu Red,https://tcgplayer-cdn.tcgplayer.com/product/229284_200w.jpg,3,2765,https://cpt.tcgcsv.com/JKR2,2021-03-19T04:03:23.62,1,"THE POKÉMON TCG: SWORD & SHIELD — BATTLE STYLES ELITE TRAINER BOX includes:
<br>• 8 Pokémon TCG: Sword & Shield — Battle Styles booster packs
<br>• 65 card sleeves featuring Gigantamax Single Strike Urshifu 
<br>• 45 Pokémon TCG Energy cards
<br>• A player’s guide to the Sword & Shield — Battle Styles expansion
<br>• A Pokémon TCG rulebook
<br>• 6 damage-counter dice
<br>• 1 competition-legal coin-flip die
<br>• 2 acrylic condition markers
<br>• A collector’s box to hold everything, with 4 dividers to keep it organized
<br>• A code card for the Pokémon Trading Card Game Online",85.0,100.0,150.0,81.78,,Normal,0820650808357,,,,,,,,,,
229285,Battle Styles Elite Trainer Box [Rapid Strike Urshifu] (Blue),Battle Styles Elite Trainer Box Rapid Strike Urshifu Blue,https://tcgplayer-cdn.tcgplayer.com/product/229285_200w.jpg,3,2765,https://cpt.tcgcsv.com/KKR2,2021-03-19T04:03:23.62,1,"THE POKÉMON TCG: SWORD & SHIELD — BATTLE STYLES ELITE TRAINER BOX includes:
<br>• 8 Pokémon TCG: Sword & Shield — Battle Styles booster packs
<br>• 65 card sleeves featuring Gigantamax Rapid Strike Urshifu 
<br>• 45 Pokémon TCG Energy cards
<br>• A player’s guide to the Sword & Shield — Battle Styles expansion
<br>• A Pokémon TCG rulebook
<br>• 6 damage-counter dice
<br>• 1 competition-legal coin-flip die
<br>• 2 acrylic condition markers
<br>• A collector’s box to hold everything, with 4 dividers to keep it organized
<br>• A code card for the Pokémon Trading Card Game Online",97.0,110.0,150.0,84.38,,Normal,0820650808357,,,,,,,,,,
230191,Battle Styles Premium Checklane Blister [Tyranitar],Battle Styles Premium Checklane Blister Tyranitar,https://tcgplayer-cdn.tcgplayer.com/product/230191_200w.jpg,3,2765,https://cpt.tcgcsv.com/R5S2,2021-03-19T04:03:23.62,1,"Contains 1 Sword & Shield — Battle Styles booster pack, a TCGO Code, Coin and 3 cards with an evolution line.",,,,,,,,,,,,,,,,,
230192,Battle Styles Premium Checklane Blister [Corviknight],Battle Styles Premium Checklane Blister Corviknight,https://tcgplayer-cdn.tcgplayer.com/product/230192_200w.jpg,3,2765,https://cpt.tcgcsv.com/S5S2,2021-03-19T04:03:23.62,1,"Contains 1 Sword & Shield — Battle Styles booster pack, a TCGO Code, Coin and 3 cards with an evolution line.",,,,,,,,,,,,,,,,,
231293,Spring 2021 Collector's Chest Tin,Spring 2021 Collectors Chest Tin,https://tcgplayer-cdn.tcgplayer.com/product/231293_200w.jpg,3,2765,https://cpt.tcgcsv.com/TwS2,2021-03-19T04:03:34.19,1,"A Treasure Chest Packed with Pokémon!
 <br>This study metal case contains more than a dozen special Pokémon goodies, including many not found anywhere else. 

<br><br>The Pokémon Trading Card Game: Collector Chest includes:
<br>• 5 Pokémon TCG booster packs
<br>• 2 foil promo cards featuring Single Strike Tepig and Rapid Strike Shinx!
<br>• 2 cool Pokémon coins
<br>• 4 colorful sticker sheets
<br>• A mini portfolio to store your favorite cards
<br>• A Pokémon notepad
<br>• A code card for the Pokémon TCG Online",49.99,59.97,85.0,43.61,,Normal,0820650808449,,,,,,,,,,
231296,Rapid Strike Urshifu V Box,Rapid Strike Urshifu V Box,https://tcgplayer-cdn.tcgplayer.com/product/231296_200w.jpg,3,2765,https://cpt.tcgcsv.com/XwS2,2021-03-19T04:03:23.62,1,"Each Pokemon TCG: Rapid Strike Urshifu V Box includes:
<br>• 1 foil promo cards featuring Rapid Strike Urshifu V
<br>• 1 promo Energy cards: Rapid Strike Energy
<br>• 1 foil oversize cards featuring Rapid Strike Urshifu V
<br>• 4 Pokémon TCG booster packs
<br>• A code card for the Pokémon Trading Card Game Online",36.0,40.0,55.43,39.82,,Normal,0820650808432,,,,,,,,,,
231297,Single Strike Urshifu V Box,Single Strike Urshifu V Box,https://tcgplayer-cdn.tcgplayer.com/product/231297_200w.jpg,3,2765,https://cpt.tcgcsv.com/ZwS2,2021-03-19T04:03:23.62,1,"Each Pokemon TCG: Single Strike Urshifu V Box includes:
<br>• 1 foil promo cards featuring Single Strike Urshifu V
<br>• 1 promo Energy cards: Single Strike Energy
<br>• 1 foil oversize cards featuring Single Strike Urshifu V
<br>• 4 Pokémon TCG booster packs
<br>• A code card for the Pokémon Trading Card Game Online",34.0,45.99,49.99,42.58,,Normal,0820650808432,,,,,,,,,,
233335,Battle Styles Booster Box Case,Battle Styles Booster Box Case,https://tcgplayer-cdn.tcgplayer.com/product/233335_200w.jpg,3,2765,https://cpt.tcgcsv.com/KlT2,2021-03-19T04:03:23.62,1,Each sealed booster box case contains 6 booster boxes of 36 booster packs. <em>(each pack contains 10 random cards)</em>,1679.9,1800.11,3000.0,1683.76,,Normal,0820650808180,,,,,,,,,,
233359,Galarian Rapidash V Box,Galarian Rapidash V Box,https://tcgplayer-cdn.tcgplayer.com/product/233359_200w.jpg,3,2765,https://cpt.tcgcsv.com/cmT2,2021-05-07T04:03:11.93,1,"The Pokémon TCG: Galarian Rapidash V Box includes:
<br>• 1 foil promo card featuring Galarian Rapidash V
<br>• 1 foil oversize card featuring Galarian Rapidash V
<br>• 4 Pokémon TCG booster packs
<br>• A code card for the Pokémon Trading Card Game Online",65.01,78.98,125.0,66.15,,Normal,0820650828737,,,,,,,,,,
234034,Kricketune V (Full Art),Kricketune V Full Art,https://tcgplayer-cdn.tcgplayer.com/product/234034_200w.jpg,3,2765,https://cpt.tcgcsv.com/JDT2,2021-03-19T04:03:23.62,1,"<strong>Ability — Exciting Stage</strong>
<br>Once during your turn, you may draw cards until you have 3 cards in your hand. If this Pokemon is in the Active Spot, you may draw cards until you have 4 cards in your hand instead. You can't use more than 1 Exciting Stage Ability each turn.",1.86,2.71,22.0,2.54,3.75,Holofoil,,142/163,Ultra Rare,Grass,180,Basic,"[2G] X-Scissor (80+)
<br>Flip a coin. If heads, this attack does 80 more damage.",Rx2,None,1,
234035,Bellsprout,Bellsprout,https://tcgplayer-cdn.tcgplayer.com/product/234035_200w.jpg,3,2765,https://cpt.tcgcsv.com/KDT2,2025-02-07T20:10:51.883,1,,0.01,0.14,1.49,0.1,,Normal,,001/163,Common,Grass,50,Basic,"[1] Venoshock (10+)
<br>If your opponent's Active Pokemon is Poisoned, this attack does 40 more damage.",Rx2,None,1,
234035,Bellsprout,Bellsprout,https://tcgplayer-cdn.tcgplayer.com/product/234035_200w.jpg,3,2765,https://cpt.tcgcsv.com/KDT2,2025-02-07T20:10:51.883,1,,0.1,0.25,2.0,0.24,,Reverse Holofoil,,001/163,Common,Grass,50,Basic,"[1] Venoshock (10+)
<br>If your opponent's Active Pokemon is Poisoned, this attack does 40 more damage.",Rx2,None,1,
234036,Flapple V (Full Art),Flapple V Full Art,https://tcgplayer-cdn.tcgplayer.com/product/234036_200w.jpg,3,2765,https://cpt.tcgcsv.com/LDT2,2026-01-15T02:44:48.35,1,,2.06,3.08,96.95,3.0,3.29,Holofoil,,143/163,Ultra Rare,Grass,190,Basic,"[G] Sour Spit (20)
<br>During your opponent's next turn, the Defending Pokemon's attacks cost 2 more.",Rx2,None,1,[2G] Wing Attack (120)
234037,Weepinbell,Weepinbell,https://tcgplayer-cdn.tcgplayer.com/product/234037_200w.jpg,3,2765,https://cpt.tcgcsv.com/MDT2,2025-12-04T02:14:34.163,1,"<strong>Ability — Dangerous Mucus</strong>                                             
<br>When you play this Pokemon from your hand to evolve 1 of your Pokemon during your turn, you may make your opponent's Active Pokemon Burned and Poisoned.",0.01,0.25,2.0,0.25,,Reverse Holofoil,,002/163,Uncommon,Grass,80,Stage 1,[2G] Vine Whip (40),Rx2,None,2,
234037,Weepinbell,Weepinbell,https://tcgplayer-cdn.tcgplayer.com/product/234037_200w.jpg,3,2765,https://cpt.tcgcsv.com/MDT2,2025-12-04T02:14:34.163,1,"<strong>Ability — Dangerous Mucus</strong>                                             
<br>When you play this Pokemon from your hand to evolve 1 of your Pokemon during your turn, you may make your opponent's Active Pokemon Burned and Poisoned.",0.03,0.17,20.0,0.15,,Normal,,002/163,Uncommon,Grass,80,Stage 1,[2G] Vine Whip (40),Rx2,None,2,
234038,Victreebel,Victreebel,https://tcgplayer-cdn.tcgplayer.com/product/234038_200w.jpg,3,2765,https://cpt.tcgcsv.com/NDT2,2024-11-20T13:16:38.207,1,,0.1,0.27,6.75,0.28,,Reverse Holofoil,,003/163,Rare,Grass,150,Stage 2,"[G] Panic Vine (40)
<br>Your opponent's Active Pokemon is now Confused. During your opponent's next turn, that Pokemon can't retreat.",Rx2,None,3,[2G] Solar Beam (120)
234038,Victreebel,Victreebel,https://tcgplayer-cdn.tcgplayer.com/product/234038_200w.jpg,3,2765,https://cpt.tcgcsv.com/NDT2,2024-11-20T13:16:38.207,1,,0.05,0.22,4.0,0.22,0.22,Normal,,003/163,Rare,Grass,150,Stage 2,"[G] Panic Vine (40)
<br>Your opponent's Active Pokemon is now Confused. During your opponent's next turn, that Pokemon can't retreat.",Rx2,None,3,[2G] Solar Beam (120)
234039,Victini V (Full Art),Victini V Full Art,https://tcgplayer-cdn.tcgplayer.com/product/234039_200w.jpg,3,2765,https://cpt.tcgcsv.com/PDT2,2026-02-06T20:16:54.34,1,,6.75,13.54,96.95,9.76,24.95,Holofoil,,144/163,Ultra Rare,Fire,190,Basic,"[R] V Bullet (10+)
<br>If your opponent's Active Pokemon is a Pokemon V, this attack does 50 more damage.",Wx2,None,1,"[1R] Flare Shot (120)
<br>Discard all Energy from this Pokemon."
234040,Cacnea,Cacnea,https://tcgplayer-cdn.tcgplayer.com/product/234040_200w.jpg,3,2765,https://cpt.tcgcsv.com/QDT2,2026-01-29T15:49:44.53,1,,0.01,0.1,19.5,0.09,0.03,Normal,,004/163,Common,Grass,70,Basic,[1] Zzzt (10),Rx2,None,2,[1G] Beat (20)
234040,Cacnea,Cacnea,https://tcgplayer-cdn.tcgplayer.com/product/234040_200w.jpg,3,2765,https://cpt.tcgcsv.com/QDT2,2026-01-29T15:49:44.53,1,,0.05,0.25,2.0,0.15,,Reverse Holofoil,,004/163,Common,Grass,70,Basic,[1] Zzzt (10),Rx2,None,2,[1G] Beat (20)
234041,Cacturne,Cacturne,https://tcgplayer-cdn.tcgplayer.com/product/234041_200w.jpg,3,2765,https://cpt.tcgcsv.com/RDT2,2025-12-04T01:02:41.8,1,,0.03,0.18,19.5,0.18,0.1,Normal,,005/163,Uncommon,Grass,120,Stage 1,"[1] Pull
<br>Switch 1 of your opponent's Benched Pokemon with their Active Pokemon.",Rx2,None,2,"[1G] Spiny Punch (60+)
<br>If this Pokemon has any D Energy attached, this attack does 70 more damage."
234041,Cacturne,Cacturne,https://tcgplayer-cdn.tcgplayer.com/product/234041_200w.jpg,3,2765,https://cpt.tcgcsv.com/RDT2,2025-12-04T01:02:41.8,1,,0.04,0.34,2.0,0.39,,Reverse Holofoil,,005/163,Uncommon,Grass,120,Stage 1,"[1] Pull
<br>Switch 1 of your opponent's Benched Pokemon with their Active Pokemon.",Rx2,None,2,"[1G] Spiny Punch (60+)
<br>If this Pokemon has any D Energy attached, this attack does 70 more damage."
234042,Empoleon V (Full Art),Empoleon V Full Art,https://tcgplayer-cdn.tcgplayer.com/product/234042_200w.jpg,3,2765,https://cpt.tcgcsv.com/SDT2,2026-02-06T20:03:54.137,1,"<strong>Ability — Emperor's Eyes</strong>
<br>As long as this Pokemon is in the Active Spot, your opponent's Basic Pokemon in play have no Abilities, except for Pokemon with a Rule Box <em>(Pokemon V, Pokemon GX, etc. have Rule Boxes)</em>.",3.0,5.44,24.95,5.13,5.0,Holofoil,,145/163,Ultra Rare,Water,210,Basic,"[2W] Swirling Slice (130)
<br>Move an Energy from this Pokemon to 1 of your Benched Pokemon.",Lx2,None,2,
234043,Empoleon V (Alternate Full Art),Empoleon V Alternate Full Art,https://tcgplayer-cdn.tcgplayer.com/product/234043_200w.jpg,3,2765,https://cpt.tcgcsv.com/TDT2,2026-02-06T20:03:55.06,1,"<strong>Ability — Emperor's Eyes</strong>
<br>As long as this Pokemon is in the Active Spot, your opponent's Basic Pokemon in play have no Abilities, except for Pokemon with a Rule Box <em>(Pokemon V, Pokemon GX, etc. have Rule Boxes)</em>.",49.36,65.26,4321.0,59.3,60.09,Holofoil,,146/163,Ultra Rare,Water,210,Basic,"[2W] Swirling Slice (130)
<br>Move an Energy from this Pokemon to 1 of your Benched Pokemon.",Lx2,None,2,
234044,Tapu Koko V (Full Art),Tapu Koko V Full Art,https://tcgplayer-cdn.tcgplayer.com/product/234044_200w.jpg,3,2765,https://cpt.tcgcsv.com/VDT2,2026-02-17T12:33:41.01,1,,1.87,2.79,14.95,2.62,2.64,Holofoil,,147/163,Ultra Rare,Lightning,210,Basic,[L] Electro Ball (40),Fx2,None,1,"[1LL] Spiral Thunder (20+)
<br>This attack does 40 more damage for each Energy attached to all of your opponent's Pokemon."
234045,Mimikyu V (Full Art),Mimikyu V Full Art,https://tcgplayer-cdn.tcgplayer.com/product/234045_200w.jpg,3,2765,https://cpt.tcgcsv.com/WDT2,2026-02-17T12:31:07.48,1,"<strong>Ability — Dummy Doll</strong>
<br>When you play this Pokemon from your hand onto your Bench during your turn, you may prevent all damage done to this Mimikyu V by attacks from your opponent's Pokemon until the end of your opponent's next turn.",25.71,30.0,49.99,27.46,32.1,Holofoil,,148/163,Ultra Rare,Psychic,160,Basic,"[P] Jealous Eyes
<br>Put 3 damage counters on your opponent's Active Pokemon for each Prize card your opponent has taken.",Dx2,F-30,2,
234047,Kricketune V,Kricketune V,https://tcgplayer-cdn.tcgplayer.com/product/234047_200w.jpg,3,2765,https://cpt.tcgcsv.com/ZDT2,2025-10-31T19:08:23.347,1,"<strong>Ability — Exciting Stage</strong>                                             
<br>Once during your turn, you may draw cards until you have 3 cards in your hand. If this Pokemon is in the Active Spot, you may draw cards until you have 4 cards in your hand instead. You can't use more than 1 Exciting Stage Ability each turn.",0.3,0.99,6.0,0.77,0.66,Holofoil,,006/163,Ultra Rare,Grass,180,VMAX,"[2G] X-Scissor (80+)
<br>Flip a coin. If heads, this attack does 80 more damage.",Rx2,None,1,
234048,Necrozma V (Full Art),Necrozma V Full Art,https://tcgplayer-cdn.tcgplayer.com/product/234048_200w.jpg,3,2765,https://cpt.tcgcsv.com/-DT2,2026-02-06T20:10:30.417,1,,2.43,4.83,111.47,4.61,5.84,Holofoil,,149/163,Ultra Rare,Psychic,220,Basic,"[P] Prismatic Ray (20)
<br>This attack also does 20 damage to 2 of your opponent's Benched Pokemon. <em>(Don't apply Weakness and Resistance for Benched Pokemon.)</em>",Dx2,F-30,3,"[1PP] Special Laser (100+)
<br>If this Pokemon has any Special Energy attached, this attack does 120 more damage."
234050,Cherubi,Cherubi,https://tcgplayer-cdn.tcgplayer.com/product/234050_200w.jpg,3,2765,https://cpt.tcgcsv.com/0FT2,2026-02-10T14:27:19.303,1,,0.06,0.21,2.0,0.17,,Reverse Holofoil,,007/163,Common,Grass,50,Basic,[G] Leafage (10),Rx2,None,1,
234050,Cherubi,Cherubi,https://tcgplayer-cdn.tcgplayer.com/product/234050_200w.jpg,3,2765,https://cpt.tcgcsv.com/0FT2,2026-02-10T14:27:19.303,1,,0.01,0.11,19.5,0.1,0.05,Normal,,007/163,Common,Grass,50,Basic,[G] Leafage (10),Rx2,None,1,
234051,Single Strike Urshifu V (Full Art),Single Strike Urshifu V Full Art,https://tcgplayer-cdn.tcgplayer.com/product/234051_200w.jpg,3,2765,https://cpt.tcgcsv.com/2FT2,2022-10-31T10:50:34.513,1,,2.9,4.17,28.08,3.9,4.0,Holofoil,,150/163,Ultra Rare,Fighting,220,Basic,"[F] Laser Focus
<br>Search your deck for up to 2 Fighting Energy cards and attach them to this Pokemon. Then, shuffle your deck.",Px2,None,2,"[1FF] Impact Blow (180)
<br>During your next turn, this Pokemon can't use Impact Blow."
234052,Single Strike Urshifu V (Alternate Full Art),Single Strike Urshifu V Alternate Full Art,https://tcgplayer-cdn.tcgplayer.com/product/234052_200w.jpg,3,2765,https://cpt.tcgcsv.com/3FT2,2022-12-19T10:20:06.907,1,,13.0,17.82,200.0,15.07,16.53,Holofoil,,151/163,Ultra Rare,Fighting,220,Basic,"[F] Laser Focus
<br>Search your deck for up to 2 Fighting Energy cards and attach them to this Pokemon. Then, shuffle your deck.",Px2,None,2,"[1FF] Impact Blow (180)
<br>During your next turn, this Pokemon can't use Impact Blow."
234054,Cherrim,Cherrim,https://tcgplayer-cdn.tcgplayer.com/product/234054_200w.jpg,3,2765,https://cpt.tcgcsv.com/6FT2,2026-02-24T18:45:34.23,1,"<strong>Ability — Spring Bloom</strong>                                             
<br>As often as you like during your turn, you may attach a G Energy card from your hand to 1 of your Pokemon that doesn't have a Rule Box <em>(Pokemon V, Pokemon-GX, etc. have Rule Boxes).</em>",0.11,0.63,3.5,0.63,0.62,Holofoil,,008/163,Holo Rare,Grass,80,Stage 1,[2G] Seed Bomb (70),Rx2,None,2,
234054,Cherrim,Cherrim,https://tcgplayer-cdn.tcgplayer.com/product/234054_200w.jpg,3,2765,https://cpt.tcgcsv.com/6FT2,2026-02-24T18:45:34.23,1,"<strong>Ability — Spring Bloom</strong>                                             
<br>As often as you like during your turn, you may attach a G Energy card from your hand to 1 of your Pokemon that doesn't have a Rule Box <em>(Pokemon V, Pokemon-GX, etc. have Rule Boxes).</em>",0.19,1.0,9.99,1.06,1.18,Reverse Holofoil,,008/163,Holo Rare,Grass,80,Stage 1,[2G] Seed Bomb (70),Rx2,None,2,
234055,Rapid Strike Urshifu V (Full Art),Rapid Strike Urshifu V Full Art,https://tcgplayer-cdn.tcgplayer.com/product/234055_200w.jpg,3,2765,https://cpt.tcgcsv.com/7FT2,2026-02-06T20:12:23.407,1,,2.99,4.01,37.95,3.88,4.87,Holofoil,,152/163,Ultra Rare,Fighting,220,Basic,"[F] Strafe (30)
<br>You may switch this Pokemon with 1 of your Benched Pokemon.",Px2,None,2,[1FF] Hundred Furious Blows (150)
234056,Rapid Strike Urshifu V (Alternate Full Art),Rapid Strike Urshifu V Alternate Full Art,https://tcgplayer-cdn.tcgplayer.com/product/234056_200w.jpg,3,2765,https://cpt.tcgcsv.com/8FT2,2023-08-31T05:21:30.567,1,,13.48,17.0,80.0,16.84,29.99,Holofoil,,153/163,Ultra Rare,Fighting,220,Basic,"[F] Strafe (30)
<br>You may switch this Pokemon with 1 of your Benched Pokemon.",Px2,None,2,[1FF] Hundred Furious Blows (150)
234058,Carnivine,Carnivine,https://tcgplayer-cdn.tcgplayer.com/product/234058_200w.jpg,3,2765,https://cpt.tcgcsv.com/bFT2,2025-02-07T20:10:52.273,1,,0.01,0.15,5.01,0.08,,Normal,,009/163,Uncommon,Grass,110,Basic,"[2] Big Bite (30)
<br>During your opponent's next turn, the Defending Pokemon can't retreat.",Rx2,None,2,"[2G] Triple Whip (60x)
<br>Flip 3 coins. This attack does 60 damage for each heads."
234058,Carnivine,Carnivine,https://tcgplayer-cdn.tcgplayer.com/product/234058_200w.jpg,3,2765,https://cpt.tcgcsv.com/bFT2,2025-02-07T20:10:52.273,1,,0.07,0.24,3.25,0.19,,Reverse Holofoil,,009/163,Uncommon,Grass,110,Basic,"[2] Big Bite (30)
<br>During your opponent's next turn, the Defending Pokemon can't retreat.",Rx2,None,2,"[2G] Triple Whip (60x)
<br>Flip 3 coins. This attack does 60 damage for each heads."
234059,Tyranitar V (Full Art),Tyranitar V Full Art,https://tcgplayer-cdn.tcgplayer.com/product/234059_200w.jpg,3,2765,https://cpt.tcgcsv.com/cFT2,2026-03-06T16:26:30.213,1,,7.0,8.45,45.0,7.84,8.98,Holofoil,,154/163,Ultra Rare,Darkness,230,Basic,"[2D] Cragalanche (60)
<br>Discard the top 2 cards of your opponent's deck.",Gx2,None,3,"[2DD] Single Strike Crush (240)
<br>Discard the top 4 cards of your deck."
234060,Tyranitar V (Alternate Full Art),Tyranitar V Alternate Full Art,https://tcgplayer-cdn.tcgplayer.com/product/234060_200w.jpg,3,2765,https://cpt.tcgcsv.com/dFT2,2026-01-16T21:49:11.253,1,,171.3,242.5,1000.0,199.43,171.3,Holofoil,,155/163,Ultra Rare,Darkness,230,Basic,"[2D] Cragalanche (60)
<br>Discard the top 2 cards of your opponent's deck.",Gx2,None,3,"[2DD] Single Strike Crush (240)
<br>Discard the top 4 cards of your deck."
234061,Durant,Durant,https://tcgplayer-cdn.tcgplayer.com/product/234061_200w.jpg,3,2765,https://cpt.tcgcsv.com/fFT2,2022-03-29T15:24:52.05,1,,0.01,0.15,2.0,0.1,,Normal,,010/163,Uncommon,Grass,90,Basic,[G] Vise Grip (20),Rx2,None,1,"[2] Devour
<br>For each of your Durant in play, discard the top card of your opponent's deck."
234061,Durant,Durant,https://tcgplayer-cdn.tcgplayer.com/product/234061_200w.jpg,3,2765,https://cpt.tcgcsv.com/fFT2,2022-03-29T15:24:52.05,1,,0.06,0.24,19.5,0.2,0.17,Reverse Holofoil,,010/163,Uncommon,Grass,90,Basic,[G] Vise Grip (20),Rx2,None,1,"[2] Devour
<br>For each of your Durant in play, discard the top card of your opponent's deck."
234062,Corviknight V (Full Art),Corviknight V Full Art,https://tcgplayer-cdn.tcgplayer.com/product/234062_200w.jpg,3,2765,https://cpt.tcgcsv.com/gFT2,2026-02-06T20:01:25.617,1,,2.99,4.51,96.95,4.53,96.95,Holofoil,,156/163,Ultra Rare,Metal,210,Basic,"[M] Clutch (30)
<br>During your opponent's next turn, the Defending Pokemon can't retreat.",Rx2,G-30,1,"[1MM] Sky Hurricane (190)
<br>During your next turn, this Pokemon can't use Sky Hurricane."
234064,Scatterbug,Scatterbug,https://tcgplayer-cdn.tcgplayer.com/product/234064_200w.jpg,3,2765,https://cpt.tcgcsv.com/jFT2,2026-02-10T14:33:50.047,1,,0.05,0.2,2.0,0.16,,Reverse Holofoil,,011/163,Common,Grass,40,Basic,"[1] Surprise Attack (30)
<br>Flip a coin. If tails, this attack does nothing.",Rx2,None,1,
234064,Scatterbug,Scatterbug,https://tcgplayer-cdn.tcgplayer.com/product/234064_200w.jpg,3,2765,https://cpt.tcgcsv.com/jFT2,2026-02-10T14:33:50.047,1,,0.01,0.1,19.5,0.05,0.01,Normal,,011/163,Common,Grass,40,Basic,"[1] Surprise Attack (30)
<br>Flip a coin. If tails, this attack does nothing.",Rx2,None,1,
234065,Stoutland V (Full Art),Stoutland V Full Art,https://tcgplayer-cdn.tcgplayer.com/product/234065_200w.jpg,3,2765,https://cpt.tcgcsv.com/kFT2,2021-03-19T04:03:23.62,1,,2.0,3.0,22.79,2.9,4.81,Holofoil,,157/163,Ultra Rare,Colorless,210,Basic,"[3] Double Dip Fangs (40)
<br>If your opponent's Basic Pokemon is Knocked Out by damage from this attack, take 1 more Prize card.",Fx2,None,3,"[4] Wild Tackle (200)
<br>This Pokemon also does 30 damage to itself."
234067,Bruno (Full Art),Bruno Full Art,https://tcgplayer-cdn.tcgplayer.com/product/234067_200w.jpg,3,2765,https://cpt.tcgcsv.com/mFT2,2025-12-08T23:15:11.55,1,"Shuffle your hand into your deck. Then, draw 4 cards. If any of your Pokemon were Knocked out during your opponent's last turn, draw 7 cards instead.",1.0,2.26,12.0,1.88,3.74,Holofoil,,158/163,Ultra Rare,Supporter,,,,,,,
234068,Spewpa,Spewpa,https://tcgplayer-cdn.tcgplayer.com/product/234068_200w.jpg,3,2765,https://cpt.tcgcsv.com/nFT2,2026-02-10T14:36:16.72,1,,0.01,0.12,2.0,0.08,0.07,Normal,,012/163,Uncommon,Grass,80,Stage 1,"[1] Grass Cocooning 
<br>Heal 40 damage from this Pokemon.",Rx2,None,3,[2G] Bug Bite (40)
234068,Spewpa,Spewpa,https://tcgplayer-cdn.tcgplayer.com/product/234068_200w.jpg,3,2765,https://cpt.tcgcsv.com/nFT2,2026-02-10T14:36:16.72,1,,0.05,0.21,2.0,0.16,,Reverse Holofoil,,012/163,Uncommon,Grass,80,Stage 1,"[1] Grass Cocooning 
<br>Heal 40 damage from this Pokemon.",Rx2,None,3,[2G] Bug Bite (40)
234069,Cheryl (Full Art),Cheryl Full Art,https://tcgplayer-cdn.tcgplayer.com/product/234069_200w.jpg,3,2765,https://cpt.tcgcsv.com/pFT2,2026-02-06T19:58:16.457,1,"Heal all damage from each of your Evolution Pokemon. If you do, discard all Energy from the Pokemon that were healed in this way.",6.61,8.65,1000.0,7.46,8.86,Holofoil,,159/163,Ultra Rare,Supporter,,,,,,,
234071,Korrina's Focus (Full Art),Korrinas Focus Full Art,https://tcgplayer-cdn.tcgplayer.com/product/234071_200w.jpg,3,2765,https://cpt.tcgcsv.com/rFT2,2023-04-12T05:33:11.907,1,Draw cards until you have 6 cards in your hand.,3.0,4.25,31.5,3.67,3.68,Holofoil,,160/163,Ultra Rare,Supporter,,,,,,,
234072,Vivillon,Vivillon,https://tcgplayer-cdn.tcgplayer.com/product/234072_200w.jpg,3,2765,https://cpt.tcgcsv.com/sFT2,2026-02-06T20:17:13.917,1,,0.04,0.2,2.0,0.17,0.09,Normal,,013/163,Rare,Grass,120,Stage 2,"[1] Vital Powder
<br>Heal all damage from 2 of your Benched Pokemon.",Rx2,None,1,[2G] Gust (90)
234072,Vivillon,Vivillon,https://tcgplayer-cdn.tcgplayer.com/product/234072_200w.jpg,3,2765,https://cpt.tcgcsv.com/sFT2,2026-02-06T20:17:13.917,1,,0.08,0.25,5.08,0.19,0.2,Reverse Holofoil,,013/163,Rare,Grass,120,Stage 2,"[1] Vital Powder
<br>Heal all damage from 2 of your Benched Pokemon.",Rx2,None,1,[2G] Gust (90)
234073,Phoebe (Full Art),Phoebe Full Art,https://tcgplayer-cdn.tcgplayer.com/product/234073_200w.jpg,3,2765,https://cpt.tcgcsv.com/tFT2,2026-02-17T12:31:39.607,1,"During this turn, damage from your Pokemon VMAX's attacks isn't affected by any effects on your opponent's Active Pokemon.",12.73,15.88,89.99,14.35,14.37,Holofoil,,161/163,Ultra Rare,Supporter,,,,,,,
234074,Rapid Strike Style Mustard (Full Art),Rapid Strike Style Mustard Full Art,https://tcgplayer-cdn.tcgplayer.com/product/234074_200w.jpg,3,2765,https://cpt.tcgcsv.com/vFT2,2025-02-21T16:04:08.137,1,"You can play this card only when it is the last card in your hand.
<br>Put a Rapid Strike Pokemon from your discard pile onto your Bench. If you do, draw 5 cards.",0.95,1.51,21.0,1.5,2.25,Holofoil,,162/163,Ultra Rare,Supporter,,,,,,,
234075,Fomantis,Fomantis,https://tcgplayer-cdn.tcgplayer.com/product/234075_200w.jpg,3,2765,https://cpt.tcgcsv.com/wFT2,2026-02-24T18:42:55.903,1,,0.01,0.15,5.01,0.14,,Normal,,014/163,Common,Grass,60,Basic,"[G] Continuous Slash (20x)
<br>Flip a coin until you get tails. This attack does 20 damage for each heads.",Rx2,None,1,
234075,Fomantis,Fomantis,https://tcgplayer-cdn.tcgplayer.com/product/234075_200w.jpg,3,2765,https://cpt.tcgcsv.com/wFT2,2026-02-24T18:42:55.903,1,,0.09,0.25,2.0,0.2,,Reverse Holofoil,,014/163,Common,Grass,60,Basic,"[G] Continuous Slash (20x)
<br>Flip a coin until you get tails. This attack does 20 damage for each heads.",Rx2,None,1,
234076,Single Strike Style Mustard (Full Art),Single Strike Style Mustard Full Art,https://tcgplayer-cdn.tcgplayer.com/product/234076_200w.jpg,3,2765,https://cpt.tcgcsv.com/xFT2,2026-03-10T14:48:33.793,1,"You can play this card only when it is the last card in your hand.
<br>Search your deck for a Single Strike Pokemon and put it onto your Bench. Then, shuffle your deck. If you searched your deck in this way, draw 5 cards.",0.79,1.53,99.99,1.49,1.08,Holofoil,,163/163,Ultra Rare,Supporter,,,,,,,
234078,Lurantis,Lurantis,https://tcgplayer-cdn.tcgplayer.com/product/234078_200w.jpg,3,2765,https://cpt.tcgcsv.com/BFT2,2026-02-06T20:08:49.983,1,,0.1,0.25,40.0,0.21,,Reverse Holofoil,,015/163,Rare,Grass,120,Stage 1,"[G] Leaf Drain (30)
<br>Heal 30 damage from this Pokemon.",Rx2,None,2,[1G] Solar Cutter (70)
234078,Lurantis,Lurantis,https://tcgplayer-cdn.tcgplayer.com/product/234078_200w.jpg,3,2765,https://cpt.tcgcsv.com/BFT2,2026-02-06T20:08:49.983,1,,0.04,0.2,19.5,0.18,0.1,Normal,,015/163,Rare,Grass,120,Stage 1,"[G] Leaf Drain (30)
<br>Heal 30 damage from this Pokemon.",Rx2,None,2,[1G] Solar Cutter (70)
234079,Flapple VMAX (Secret),Flapple VMAX Secret,https://tcgplayer-cdn.tcgplayer.com/product/234079_200w.jpg,3,2765,https://cpt.tcgcsv.com/CFT2,2026-02-17T12:29:27.12,1,,7.99,10.54,29.95,9.42,12.43,Holofoil,,164/163,Secret Rare,Grass,320,VMAX,"[2G] G-Max Rolling (250-)
<br>This attack does 10 less damage for each damage counter on this Pokemon.",Rx2,None,3,
234080,Victini VMAX (Secret),Victini VMAX Secret,https://tcgplayer-cdn.tcgplayer.com/product/234080_200w.jpg,3,2765,https://cpt.tcgcsv.com/DFT2,2021-10-06T12:54:16.53,1,,15.0,19.99,96.95,17.93,21.29,Holofoil,,165/163,Secret Rare,Fire,310,VMAX,"[1] Spreading Flames
<br>Attach up to 3 Fire Energy cards from your discard pile to your Pokemon in any way you like.",Wx2,None,2,"[1R] Max Victory (100+)
<br>If your opponent's Active Pokemon is a Pokemon V, this attack does 120 more damage."
234082,Tapu Bulu,Tapu Bulu,https://tcgplayer-cdn.tcgplayer.com/product/234082_200w.jpg,3,2765,https://cpt.tcgcsv.com/GFT2,2026-02-24T18:44:26.503,1,,0.07,0.27,2.0,0.27,,Reverse Holofoil,,016/163,Holo Rare,Grass,130,Basic,"[G] Push Down (20)
<br>Your opponent switches their Active Pokemon with 1 of their Benched Pokemon.",Rx2,None,2,"[2G] Nature's Judgement (80+)
<br>You may discard all Energy from this Pokemon. If you do, this attack does 80 more damage."
234082,Tapu Bulu,Tapu Bulu,https://tcgplayer-cdn.tcgplayer.com/product/234082_200w.jpg,3,2765,https://cpt.tcgcsv.com/GFT2,2026-02-24T18:44:26.503,1,,0.09,0.25,7.98,0.22,0.2,Holofoil,,016/163,Holo Rare,Grass,130,Basic,"[G] Push Down (20)
<br>Your opponent switches their Active Pokemon with 1 of their Benched Pokemon.",Rx2,None,2,"[2G] Nature's Judgement (80+)
<br>You may discard all Energy from this Pokemon. If you do, this attack does 80 more damage."
234083,Tapu Koko VMAX (Secret),Tapu Koko VMAX Secret,https://tcgplayer-cdn.tcgplayer.com/product/234083_200w.jpg,3,2765,https://cpt.tcgcsv.com/HFT2,2026-02-06T20:16:08.187,1,,5.2,7.12,28.0,6.64,6.94,Holofoil,,166/163,Secret Rare,Lightning,320,VMAX,"[1LL] Max Shock (180)
<br>If you have more Prize cards remaining than your opponent, their Active Pokemon is now Paralyzed.",Fx2,None,1,
234085,Blipbug,Blipbug,https://tcgplayer-cdn.tcgplayer.com/product/234085_200w.jpg,3,2765,https://cpt.tcgcsv.com/KFT2,2026-01-29T17:37:10.153,1,,0.05,0.2,2.0,0.17,,Reverse Holofoil,,017/163,Common,Grass,50,Basic,[1] Stampede (10),Rx2,None,1,
234085,Blipbug,Blipbug,https://tcgplayer-cdn.tcgplayer.com/product/234085_200w.jpg,3,2765,https://cpt.tcgcsv.com/KFT2,2026-01-29T17:37:10.153,1,,0.01,0.11,19.5,0.09,0.05,Normal,,017/163,Common,Grass,50,Basic,[1] Stampede (10),Rx2,None,1,
234086,Single Strike Urshifu VMAX (Secret),Single Strike Urshifu VMAX Secret,https://tcgplayer-cdn.tcgplayer.com/product/234086_200w.jpg,3,2765,https://cpt.tcgcsv.com/LFT2,2021-10-06T12:52:55.403,1,,7.75,9.7,96.95,9.0,11.59,Holofoil,,167/163,Secret Rare,Fighting,330,VMAX,[3] Beatdown (100),Px2,None,3,"[1FFF] G-Max One Blow (270)
<br>Discard all Energy from this Pokemon. This attack's damage isn't affected by any effects on your opponent's Active Pokemon."
234087,Flapple V,Flapple V,https://tcgplayer-cdn.tcgplayer.com/product/234087_200w.jpg,3,2765,https://cpt.tcgcsv.com/MFT2,2026-02-06T20:06:22.33,1,,0.4,0.99,25.66,0.74,0.71,Holofoil,,018/163,Ultra Rare,Grass,190,VMAX,"[G] Sour Spit (20)
<br>During your opponent's next turn, the Defending Pokemon's attacks cost 2 more.",Rx2,None,1,[2G] Wing Attack (120)
234088,Single Strike Urshifu VMAX (Alternate Art Secret),Single Strike Urshifu VMAX Alternate Art Secret,https://tcgplayer-cdn.tcgplayer.com/product/234088_200w.jpg,3,2765,https://cpt.tcgcsv.com/NFT2,2026-03-10T14:50:42.213,1,,28.99,35.5,199.95,32.2,30.7,Holofoil,,168/163,Secret Rare,Fighting,330,VMAX,[3] Beatdown (100),Px2,None,3,"[1FFF] G-Max One Blow (270)
<br>Discard all Energy from this Pokemon. This attack's damage isn't affected by any effects on your opponent's Active Pokemon."
234090,Flapple VMAX,Flapple VMAX,https://tcgplayer-cdn.tcgplayer.com/product/234090_200w.jpg,3,2765,https://cpt.tcgcsv.com/QFT2,2026-01-15T02:45:10.737,1,,1.01,1.99,19.99,1.83,2.09,Holofoil,,019/163,Ultra Rare,Grass,320,VMAX,"[2G] G-Max Rolling (250-)
<br>This attack does 10 less damage for each damage counter on this Pokemon.",Rx2,None,3,
234091,Rapid Strike Urshifu VMAX (Secret),Rapid Strike Urshifu VMAX Secret,https://tcgplayer-cdn.tcgplayer.com/product/234091_200w.jpg,3,2765,https://cpt.tcgcsv.com/RFT2,2026-02-06T20:13:07.983,1,,7.07,9.24,57.95,9.11,15.95,Holofoil,,169/163,Secret Rare,Fighting,330,VMAX,"[F] Gale Thrust (30+)
<br>If this Pokemon moved from your Bench to the Active Spot this turn, this attack does 120 more damage.",Px2,None,2,"[1FF] G-Max Rapid Flow
<br>Discard all Energy from this Pokemon. This attack does 120 damage to 2 of your opponent's Pokemon. <em>(Don't apply Weakness and Resistance for Benched Pokemon.)</em>"
234093,Rapid Strike Urshifu VMAX (Alternate Art Secret),Rapid Strike Urshifu VMAX Alternate Art Secret,https://tcgplayer-cdn.tcgplayer.com/product/234093_200w.jpg,3,2765,https://cpt.tcgcsv.com/TFT2,2026-02-17T12:33:03.573,1,,60.0,76.68,350.0,73.03,71.02,Holofoil,,170/163,Secret Rare,Fighting,330,VMAX,"[F] Gale Thrust (30+)
<br>If this Pokemon moved from your Bench to the Active Spot this turn, this attack does 120 more damage.",Px2,None,2,"[1FF] G-Max Rapid Flow
<br>Discard all Energy from this Pokemon. This attack does 120 damage to 2 of your opponent's Pokemon. <em>(Don't apply Weakness and Resistance for Benched Pokemon.)</em>"
234094,Corviknight VMAX (Secret),Corviknight VMAX Secret,https://tcgplayer-cdn.tcgplayer.com/product/234094_200w.jpg,3,2765,https://cpt.tcgcsv.com/VFT2,2026-02-06T20:01:22.71,1,"<strong>Ability — Lustrous Body</strong>
<br>Prevent all effects of your opponent's Pokemon's Abilities done to this Pokemon.",8.22,11.84,18.7,11.43,12.96,Holofoil,,171/163,Secret Rare,Metal,320,VMAX,"[1MM] G-Max Hurricane (240)
<br>During your next turn, this Pokemon can't use G-Max Hurricane.",Rx2,G-30,0,
234095,Bruno (Secret),Bruno Secret,https://tcgplayer-cdn.tcgplayer.com/product/234095_200w.jpg,3,2765,https://cpt.tcgcsv.com/WFT2,2026-02-17T12:28:38.7,1,"Shuffle your hand into your deck. Then, draw 4 cards. If any of your Pokemon were Knocked out during your opponent's last turn, draw 7 cards instead.",3.97,5.29,20.0,4.94,4.99,Holofoil,,172/163,Secret Rare,Supporter,,,,,,,
234096,Cheryl (Secret),Cheryl Secret,https://tcgplayer-cdn.tcgplayer.com/product/234096_200w.jpg,3,2765,https://cpt.tcgcsv.com/XFT2,2026-02-06T19:58:18.43,1,"Heal all damage from each of your Evolution Pokemon. If you do, discard all Energy from the Pokemon that were healed in this way.",5.19,6.82,47.95,6.5,8.65,Holofoil,,173/163,Secret Rare,Supporter,,,,,,,
234097,Korrina's Focus (Secret),Korrinas Focus Secret,https://tcgplayer-cdn.tcgplayer.com/product/234097_200w.jpg,3,2765,https://cpt.tcgcsv.com/ZFT2,2021-03-19T04:03:23.62,1,Draw cards until you have 6 cards in your hand.,3.9,5.96,1000.0,5.23,6.01,Holofoil,,174/163,Secret Rare,Supporter,,,,,,,
234098,Entei,Entei,https://tcgplayer-cdn.tcgplayer.com/product/234098_200w.jpg,3,2765,https://cpt.tcgcsv.com/-FT2,2025-02-07T20:10:52.957,1,,0.17,0.34,3.95,0.31,,Reverse Holofoil,,020/163,Holo Rare,Fire,130,Basic,"[R] Heat Dash (30)
<br>You may attach a R Energy from your hand to this Pokemon.",Wx2,None,2,"[1RR] Fire Fang (90)
<br>Your opponent's Active Pokemon is now Burned."
234098,Entei,Entei,https://tcgplayer-cdn.tcgplayer.com/product/234098_200w.jpg,3,2765,https://cpt.tcgcsv.com/-FT2,2025-02-07T20:10:52.957,1,,0.09,0.35,9.99,0.31,,Holofoil,,020/163,Holo Rare,Fire,130,Basic,"[R] Heat Dash (30)
<br>You may attach a R Energy from your hand to this Pokemon.",Wx2,None,2,"[1RR] Fire Fang (90)
<br>Your opponent's Active Pokemon is now Burned."
234099,Phoebe (Secret),Phoebe Secret,https://tcgplayer-cdn.tcgplayer.com/product/234099_200w.jpg,3,2765,https://cpt.tcgcsv.com/_FT2,2022-07-09T07:38:50.787,1,"During this turn, damage from your Pokemon VMAX's attacks isn't affected by any effects on your opponent's Active Pokemon.",6.0,7.73,2000.0,7.4,10.24,Holofoil,,175/163,Secret Rare,Supporter,,,,,,,
234100,Rapid Strike Style Mustard (Secret),Rapid Strike Style Mustard Secret,https://tcgplayer-cdn.tcgplayer.com/product/234100_200w.jpg,3,2765,https://cpt.tcgcsv.com/0GT2,2021-03-19T04:03:23.62,1,"You can play this card only when it is the last card in your hand.
<br>Put a Rapid Strike Pokemon from your discard pile onto your Bench. If you do, draw 5 cards.",2.99,4.04,29.95,3.85,3.21,Holofoil,,176/163,Secret Rare,Supporter,,,,,,,
234101,Single Strike Style Mustard (Secret),Single Strike Style Mustard Secret,https://tcgplayer-cdn.tcgplayer.com/product/234101_200w.jpg,3,2765,https://cpt.tcgcsv.com/2GT2,2026-03-06T16:25:14.913,1,"You can play this card only when it is the last card in your hand.
<br>Search your deck for a Single Strike Pokemon and put it onto your Bench. Then, shuffle your deck. If you searched your deck in this way, draw 5 cards.",3.0,4.7,96.95,4.27,4.26,Holofoil,,177/163,Secret Rare,Supporter,,,,,,,
234102,Victini V,Victini V,https://tcgplayer-cdn.tcgplayer.com/product/234102_200w.jpg,3,2765,https://cpt.tcgcsv.com/3GT2,2025-10-31T19:08:22.887,1,,0.5,1.01,25.84,0.92,0.99,Holofoil,,021/163,Ultra Rare,Fire,190,VMAX,"[R] V Bullet (10+)
<br>If your opponent's Active Pokemon is a Pokemon V, this attack does 50 more damage.",Wx2,None,1,"[1R] Flare Shot (120)
<br>Discard all Energy from this Pokemon."
234103,Octillery (Secret),Octillery Secret,https://tcgplayer-cdn.tcgplayer.com/product/234103_200w.jpg,3,2765,https://cpt.tcgcsv.com/5GT2,2026-02-06T20:10:36.41,1,"<strong>Ability — Rapid Strike Search</strong>
<br>Once during your turn, you may search your deck for a Rapid Strike card, reveal it, and put it into your hand. Then, shuffle your deck. You can't use more than 1 Rapid Strike Search Ability each turn.",4.5,6.35,28.95,5.88,7.22,Holofoil,,178/163,Secret Rare,Water,110,Stage 1,[2W] Waterfall (50),Lx2,None,2,
234104,Houndoom (Secret),Houndoom Secret,https://tcgplayer-cdn.tcgplayer.com/product/234104_200w.jpg,3,2765,https://cpt.tcgcsv.com/6GT2,2021-10-06T12:41:43.24,1,"<strong>Ability — Single Strike Roar</strong>
<br>Once during your turn, you may search your deck for a Single Strike Energy card and attach it to 1 of your Single Strike Pokemon. Then, shuffle your deck. If you attached Energy to a Pokemon in this way, put 2 damage counters on that Pokemon.",20.99,26.19,75.0,21.23,27.93,Holofoil,,179/163,Secret Rare,Darkness,130,Stage 1,[1D] Darkness Fang (50),Gx2,None,2,
234105,Exp. Share (Secret),Exp Share Secret,https://tcgplayer-cdn.tcgplayer.com/product/234105_200w.jpg,3,2765,https://cpt.tcgcsv.com/7GT2,2026-02-06T20:04:29.9,1,"When your Active Pokemon is Knocked Out by damage from an attack from your opponent's Pokemon, you may move a basic Energy from that Pokemon to the Pokemon this card is attached to.",3.0,5.17,29.95,4.52,5.84,Holofoil,,180/163,Secret Rare,Tool,,,,,,,
234106,Level Ball (Secret),Level Ball Secret,https://tcgplayer-cdn.tcgplayer.com/product/234106_200w.jpg,3,2765,https://cpt.tcgcsv.com/8GT2,2026-02-06T20:08:17.99,1,"Search your deck for a Pokemon with 90 HP or less, reveal it, and put it into your hand. Then, shuffle your deck.",4.27,7.31,49.95,5.81,5.84,Holofoil,,181/163,Secret Rare,Item,,,,,,,
234107,Rapid Strike Energy (Secret),Rapid Strike Energy Secret,https://tcgplayer-cdn.tcgplayer.com/product/234107_200w.jpg,3,2765,https://cpt.tcgcsv.com/9GT2,2026-02-06T20:11:46.33,1,"This card can only be attached to a Rapid Strike Pokemon. If this card is attached to anything other than a Rapid Strike Pokemon, discard this card.
<br>As long as this card is attached to a Pokemon, it provides 2 in any combination of Water Energy and Fighting Energy.",1.2,2.71,36.0,2.35,3.49,Holofoil,,182/163,Secret Rare,Special Energy,,,,,,,
234109,Single Strike Energy (Secret),Single Strike Energy Secret,https://tcgplayer-cdn.tcgplayer.com/product/234109_200w.jpg,3,2765,https://cpt.tcgcsv.com/cGT2,2026-02-06T20:13:49.697,1,"This card can only be attached to a Single Strike Pokemon. If this card is attached to anything other than a Single Strike Pokemon, discard this card.
<br>As long as this card is attached to a Pokemon, it provides Fighting and Darkness Energy but provides only 1 Energy at a time, and the attacks of the Pokemon this card is attached to do 20 more damage to your opponent's Active Pokemon <em>(before applying Weakness and Resistance)</em>.",1.58,2.88,45.99,2.26,2.43,Holofoil,,183/163,Secret Rare,Special Energy,,,,,,,
234110,Victini VMAX,Victini VMAX,https://tcgplayer-cdn.tcgplayer.com/product/234110_200w.jpg,3,2765,https://cpt.tcgcsv.com/dGT2,2026-02-06T20:17:01.4,1,,1.34,2.5,20.0,2.19,2.79,Holofoil,,022/163,Ultra Rare,Fire,310,VMAX,"[1] Spreading Flames
<br>Attach up to 3 R Energy cards from your discard pile to your Pokemon in any way you like.",Wx2,None,2,"[1R] Max Victory (100+)
<br>If your opponent's Active Pokemon is a Pokemon V, this  attack does 120 more damage."
234112,Bruno,Bruno,https://tcgplayer-cdn.tcgplayer.com/product/234112_200w.jpg,3,2765,https://cpt.tcgcsv.com/gGT2,2026-02-10T14:26:31.833,1,"Shuffle your hand into your deck. Then, draw 4 cards. If any of your Pokemon were Knocked out during your opponent's last turn, draw 7 cards instead.",0.02,0.24,2.0,0.17,,Reverse Holofoil,,121/163,Uncommon,Supporter,,,,,,,
234112,Bruno,Bruno,https://tcgplayer-cdn.tcgplayer.com/product/234112_200w.jpg,3,2765,https://cpt.tcgcsv.com/gGT2,2026-02-10T14:26:31.833,1,"Shuffle your hand into your deck. Then, draw 4 cards. If any of your Pokemon were Knocked out during your opponent's last turn, draw 7 cards instead.",0.01,0.15,5.01,0.1,0.04,Normal,,121/163,Uncommon,Supporter,,,,,,,
234114,Camping Gear,Camping Gear,https://tcgplayer-cdn.tcgplayer.com/product/234114_200w.jpg,3,2765,https://cpt.tcgcsv.com/jGT2,2021-03-19T04:03:23.62,1,"Search your deck for a card and put it into your hand. Then, shuffle your deck. Your turn ends.",0.07,0.2,2.0,0.16,,Reverse Holofoil,,122/163,Uncommon,Item,,,,,,,
234114,Camping Gear,Camping Gear,https://tcgplayer-cdn.tcgplayer.com/product/234114_200w.jpg,3,2765,https://cpt.tcgcsv.com/jGT2,2021-03-19T04:03:23.62,1,"Search your deck for a card and put it into your hand. Then, shuffle your deck. Your turn ends.",0.01,0.15,19.5,0.11,0.05,Normal,,122/163,Uncommon,Item,,,,,,,
234115,Cheryl,Cheryl,https://tcgplayer-cdn.tcgplayer.com/product/234115_200w.jpg,3,2765,https://cpt.tcgcsv.com/kGT2,2025-12-04T01:02:17.577,1,"Heal all damage from each of your Evolution Pokemon. If you do, discard all Energy from the Pokemon that were healed in this way.",0.01,0.16,19.5,0.16,0.06,Normal,,123/163,Uncommon,Supporter,,,,,,,
234115,Cheryl,Cheryl,https://tcgplayer-cdn.tcgplayer.com/product/234115_200w.jpg,3,2765,https://cpt.tcgcsv.com/kGT2,2025-12-04T01:02:17.577,1,"Heal all damage from each of your Evolution Pokemon. If you do, discard all Energy from the Pokemon that were healed in this way.",0.09,0.25,4.95,0.19,0.16,Reverse Holofoil,,123/163,Uncommon,Supporter,,,,,,,
234116,Energy Recycler,Energy Recycler,https://tcgplayer-cdn.tcgplayer.com/product/234116_200w.jpg,3,2765,https://cpt.tcgcsv.com/lGT2,2025-02-07T20:10:53.197,1,Shuffle up to 5 basic Energy cards from your discard pile into your deck.,0.13,0.35,29.99,0.32,0.29,Reverse Holofoil,,124/163,Uncommon,Item,,,,,,,
234116,Energy Recycler,Energy Recycler,https://tcgplayer-cdn.tcgplayer.com/product/234116_200w.jpg,3,2765,https://cpt.tcgcsv.com/lGT2,2025-02-07T20:10:53.197,1,Shuffle up to 5 basic Energy cards from your discard pile into your deck.,0.01,0.2,2.26,0.17,,Normal,,124/163,Uncommon,Item,,,,,,,
234117,Escape Rope,Escape Rope,https://tcgplayer-cdn.tcgplayer.com/product/234117_200w.jpg,3,2765,https://cpt.tcgcsv.com/mGT2,2026-02-05T17:15:54.543,1,"Each player switches their Active Pokemon with 1 of their Benched Pokemon. Your opponent switches first. <em>(If a player does not have a Benched Pokemon, they don't switch Pokemon.)</em>",0.03,0.2,19.5,0.16,0.03,Normal,,125/163,Uncommon,Item,,,,,,,
234117,Escape Rope,Escape Rope,https://tcgplayer-cdn.tcgplayer.com/product/234117_200w.jpg,3,2765,https://cpt.tcgcsv.com/mGT2,2026-02-05T17:15:54.543,1,"Each player switches their Active Pokemon with 1 of their Benched Pokemon. Your opponent switches first. <em>(If a player does not have a Benched Pokemon, they don't switch Pokemon.)</em>",0.1,0.35,9.99,0.31,0.17,Reverse Holofoil,,125/163,Uncommon,Item,,,,,,,
234119,Exp. Share,Exp Share,https://tcgplayer-cdn.tcgplayer.com/product/234119_200w.jpg,3,2765,https://cpt.tcgcsv.com/pGT2,2025-02-07T20:10:53.243,1,"When your Active Pokemon is Knocked Out by damage from an attack from your opponent's Pokemon, you may move a basic Energy from that Pokemon to the Pokemon this card is attached to.",0.05,0.24,2.31,0.21,,Reverse Holofoil,,126/163,Uncommon,Tool,,,,,,,
234119,Exp. Share,Exp Share,https://tcgplayer-cdn.tcgplayer.com/product/234119_200w.jpg,3,2765,https://cpt.tcgcsv.com/pGT2,2025-02-07T20:10:53.243,1,"When your Active Pokemon is Knocked Out by damage from an attack from your opponent's Pokemon, you may move a basic Energy from that Pokemon to the Pokemon this card is attached to.",0.01,0.15,5.02,0.15,0.08,Normal,,126/163,Uncommon,Tool,,,,,,,
234120,Fan of Waves,Fan of Waves,https://tcgplayer-cdn.tcgplayer.com/product/234120_200w.jpg,3,2765,https://cpt.tcgcsv.com/qGT2,2026-02-16T20:29:44.367,1,Put a Special Energy attached to 1 of your opponent's Pokemon on the bottom of their deck.,0.03,0.25,2.0,0.2,0.14,Reverse Holofoil,,127/163,Uncommon,Item,,,,,,,
234120,Fan of Waves,Fan of Waves,https://tcgplayer-cdn.tcgplayer.com/product/234120_200w.jpg,3,2765,https://cpt.tcgcsv.com/qGT2,2026-02-16T20:29:44.367,1,Put a Special Energy attached to 1 of your opponent's Pokemon on the bottom of their deck.,0.01,0.15,2.23,0.09,0.06,Normal,,127/163,Uncommon,Item,,,,,,,
234121,Korrina's Focus,Korrinas Focus,https://tcgplayer-cdn.tcgplayer.com/product/234121_200w.jpg,3,2765,https://cpt.tcgcsv.com/rGT2,2026-02-05T15:45:10.167,1,Draw cards until you have 6 cards in your hand.,0.05,0.25,2.0,0.19,,Reverse Holofoil,,128/163,Uncommon,Supporter,,,,,,,
234121,Korrina's Focus,Korrinas Focus,https://tcgplayer-cdn.tcgplayer.com/product/234121_200w.jpg,3,2765,https://cpt.tcgcsv.com/rGT2,2026-02-05T15:45:10.167,1,Draw cards until you have 6 cards in your hand.,0.01,0.15,19.5,0.08,0.01,Normal,,128/163,Uncommon,Supporter,,,,,,,
234123,Level Ball,Level Ball,https://tcgplayer-cdn.tcgplayer.com/product/234123_200w.jpg,3,2765,https://cpt.tcgcsv.com/tGT2,2026-02-06T20:08:11.88,1,"Search your deck for a Pokemon with 90 HP or less, reveal it, and put it into your hand. Then, shuffle your deck.",0.13,0.4,19.5,0.38,0.23,Reverse Holofoil,,129/163,Uncommon,Item,,,,,,,
234123,Level Ball,Level Ball,https://tcgplayer-cdn.tcgplayer.com/product/234123_200w.jpg,3,2765,https://cpt.tcgcsv.com/tGT2,2026-02-06T20:08:11.88,1,"Search your deck for a Pokemon with 90 HP or less, reveal it, and put it into your hand. Then, shuffle your deck.",0.03,0.24,19.5,0.19,0.1,Normal,,129/163,Uncommon,Item,,,,,,,
234124,Tepig,Tepig,https://tcgplayer-cdn.tcgplayer.com/product/234124_200w.jpg,3,2765,https://cpt.tcgcsv.com/vGT2,2026-01-29T15:50:42.477,1,,0.01,0.16,19.5,0.17,0.1,Normal,,023/163,Common,Fire,80,Basic,[2] Ram (20),Wx2,None,2,[1RR] Combustion (50)
234124,Tepig,Tepig,https://tcgplayer-cdn.tcgplayer.com/product/234124_200w.jpg,3,2765,https://cpt.tcgcsv.com/vGT2,2026-01-29T15:50:42.477,1,,0.06,0.24,2.0,0.21,0.21,Reverse Holofoil,,023/163,Common,Fire,80,Basic,[2] Ram (20),Wx2,None,2,[1RR] Combustion (50)
234126,Pignite,Pignite,https://tcgplayer-cdn.tcgplayer.com/product/234126_200w.jpg,3,2765,https://cpt.tcgcsv.com/xGT2,2025-02-07T20:10:53.457,1,,0.11,0.25,2.0,0.22,,Reverse Holofoil,,024/163,Uncommon,Fire,100,Stage 1,[2] Ram (30),Wx2,None,3,[1RR] Combustion (90)
234126,Pignite,Pignite,https://tcgplayer-cdn.tcgplayer.com/product/234126_200w.jpg,3,2765,https://cpt.tcgcsv.com/xGT2,2025-02-07T20:10:53.457,1,,0.03,0.15,2.19,0.15,,Normal,,024/163,Uncommon,Fire,100,Stage 1,[2] Ram (30),Wx2,None,3,[1RR] Combustion (90)
234128,Emboar,Emboar,https://tcgplayer-cdn.tcgplayer.com/product/234128_200w.jpg,3,2765,https://cpt.tcgcsv.com/BGT2,2023-06-04T10:10:26.963,1,"<strong>Ability — Fighting Fury Stance</strong>                                             
<br>Your Single Strike Pokemon's attacks do 30 more damage to your opponent's Active Pokemon <em>(before applying Weakness and Resistance).</em>",0.14,0.31,2.95,0.26,0.25,Reverse Holofoil,,025/163,Holo Rare,Fire,180,Stage 2,[2RR] Heat Crash (130),Wx2,None,4,
234128,Emboar,Emboar,https://tcgplayer-cdn.tcgplayer.com/product/234128_200w.jpg,3,2765,https://cpt.tcgcsv.com/BGT2,2023-06-04T10:10:26.963,1,"<strong>Ability — Fighting Fury Stance</strong>                                             
<br>Your Single Strike Pokemon's attacks do 30 more damage to your opponent's Active Pokemon <em>(before applying Weakness and Resistance).</em>",0.11,0.27,5.0,0.22,0.15,Holofoil,,025/163,Holo Rare,Fire,180,Stage 2,[2RR] Heat Crash (130),Wx2,None,4,
234129,Heatmor,Heatmor,https://tcgplayer-cdn.tcgplayer.com/product/234129_200w.jpg,3,2765,https://cpt.tcgcsv.com/CGT2,2025-02-07T20:10:53.503,1,,0.01,0.15,19.5,0.1,0.01,Normal,,026/163,Uncommon,Fire,120,Basic,[R] Flare (20),Wx2,None,2,"[3] Burning Licks (70)
<br>Flip 2 coins. For each heads, discard an Energy from your opponent's Active Pokemon."
234129,Heatmor,Heatmor,https://tcgplayer-cdn.tcgplayer.com/product/234129_200w.jpg,3,2765,https://cpt.tcgcsv.com/CGT2,2025-02-07T20:10:53.503,1,,0.05,0.22,2.0,0.2,0.07,Reverse Holofoil,,026/163,Uncommon,Fire,120,Basic,[R] Flare (20),Wx2,None,2,"[3] Burning Licks (70)
<br>Flip 2 coins. For each heads, discard an Energy from your opponent's Active Pokemon."
234130,Salandit,Salandit,https://tcgplayer-cdn.tcgplayer.com/product/234130_200w.jpg,3,2765,https://cpt.tcgcsv.com/DGT2,2025-11-11T01:47:20.193,1,,0.15,0.3,5.2,0.32,0.23,Reverse Holofoil,,027/163,Common,Fire,70,Basic,"[R] Call Sign
<br>Search your deck for a Pokemon, reveal it, and put it into your hand. Then, shuffle your deck.",Wx2,None,1,
234130,Salandit,Salandit,https://tcgplayer-cdn.tcgplayer.com/product/234130_200w.jpg,3,2765,https://cpt.tcgcsv.com/DGT2,2025-11-11T01:47:20.193,1,,0.01,0.19,19.5,0.15,0.1,Normal,,027/163,Common,Fire,70,Basic,"[R] Call Sign
<br>Search your deck for a Pokemon, reveal it, and put it into your hand. Then, shuffle your deck.",Wx2,None,1,
234131,Phoebe,Phoebe,https://tcgplayer-cdn.tcgplayer.com/product/234131_200w.jpg,3,2765,https://cpt.tcgcsv.com/FGT2,2025-02-07T20:10:53.567,1,"During this turn, damage from your Pokemon VMAX's attacks isn't affected by any effects on your opponent's Active Pokemon.",0.01,0.13,1.49,0.09,0.02,Normal,,130/163,Uncommon,Supporter,,,,,,,
234131,Phoebe,Phoebe,https://tcgplayer-cdn.tcgplayer.com/product/234131_200w.jpg,3,2765,https://cpt.tcgcsv.com/FGT2,2025-02-07T20:10:53.567,1,"During this turn, damage from your Pokemon VMAX's attacks isn't affected by any effects on your opponent's Active Pokemon.",0.05,0.21,2.0,0.2,0.18,Reverse Holofoil,,130/163,Uncommon,Supporter,,,,,,,
234133,Salazzle,Salazzle,https://tcgplayer-cdn.tcgplayer.com/product/234133_200w.jpg,3,2765,https://cpt.tcgcsv.com/HGT2,2022-05-19T11:12:45.683,1,,0.04,0.2,19.5,0.17,0.09,Normal,,028/163,Rare,Fire,90,Stage 1,"[R] Perplex
<br>Your opponent's Active Pokemon is now Confused.",Wx2,None,1,"[2] Derisive Roasting (90x)
<br>This attack does 90 damage for each Special Condition affecting your opponent's Active Pokemon."
234133,Salazzle,Salazzle,https://tcgplayer-cdn.tcgplayer.com/product/234133_200w.jpg,3,2765,https://cpt.tcgcsv.com/HGT2,2022-05-19T11:12:45.683,1,,0.08,0.25,5.1,0.25,0.19,Reverse Holofoil,,028/163,Rare,Fire,90,Stage 1,"[R] Perplex
<br>Your opponent's Active Pokemon is now Confused.",Wx2,None,1,"[2] Derisive Roasting (90x)
<br>This attack does 90 damage for each Special Condition affecting your opponent's Active Pokemon."
234134,Rapid Strike Scroll of Swirls,Rapid Strike Scroll of Swirls,https://tcgplayer-cdn.tcgplayer.com/product/234134_200w.jpg,3,2765,https://cpt.tcgcsv.com/JGT2,2025-12-04T02:11:51.843,1,The Rapid Strike Pokemon this card is attached to can use the attack on this card. <em>(You still need the necessary Energy to use this attack.)</em>,0.01,0.15,1.49,0.06,0.03,Normal,,131/163,Uncommon,Tool,,,"[2F] Matchless Maelstrom
<br>This attack does 30 damage to each of your opponent's Pokemon. <em>(Don't apply Weakness and Resistance for Benched Pokemon.)</em>",,,,
234134,Rapid Strike Scroll of Swirls,Rapid Strike Scroll of Swirls,https://tcgplayer-cdn.tcgplayer.com/product/234134_200w.jpg,3,2765,https://cpt.tcgcsv.com/JGT2,2025-12-04T02:11:51.843,1,The Rapid Strike Pokemon this card is attached to can use the attack on this card. <em>(You still need the necessary Energy to use this attack.)</em>,0.04,0.22,19.5,0.15,0.17,Reverse Holofoil,,131/163,Uncommon,Tool,,,"[2F] Matchless Maelstrom
<br>This attack does 30 damage to each of your opponent's Pokemon. <em>(Don't apply Weakness and Resistance for Benched Pokemon.)</em>",,,,
234135,Sizzlipede,Sizzlipede,https://tcgplayer-cdn.tcgplayer.com/product/234135_200w.jpg,3,2765,https://cpt.tcgcsv.com/KGT2,2025-10-31T19:08:24.583,1,,0.15,0.33,2.13,0.35,,Reverse Holofoil,,029/163,Common,Fire,70,Basic,"[1R] Searing Flame (20)
<br>Your opponent's Active Pokemon is now Burned.",Wx2,None,1,
234135,Sizzlipede,Sizzlipede,https://tcgplayer-cdn.tcgplayer.com/product/234135_200w.jpg,3,2765,https://cpt.tcgcsv.com/KGT2,2025-10-31T19:08:24.583,1,,0.01,0.15,5.02,0.12,,Normal,,029/163,Common,Fire,70,Basic,"[1R] Searing Flame (20)
<br>Your opponent's Active Pokemon is now Burned.",Wx2,None,1,
234137,Rapid Strike Style Mustard,Rapid Strike Style Mustard,https://tcgplayer-cdn.tcgplayer.com/product/234137_200w.jpg,3,2765,https://cpt.tcgcsv.com/MGT2,2025-12-04T02:11:10.147,1,"You can play this card only when it is the last card in your hand.
<br>Put a Rapid Strike Pokemon from your discard pile onto your Bench. If you do, draw 5 cards.",0.02,0.2,5.03,0.14,,Reverse Holofoil,,132/163,Uncommon,Supporter,,,,,,,
234137,Rapid Strike Style Mustard,Rapid Strike Style Mustard,https://tcgplayer-cdn.tcgplayer.com/product/234137_200w.jpg,3,2765,https://cpt.tcgcsv.com/MGT2,2025-12-04T02:11:10.147,1,"You can play this card only when it is the last card in your hand.
<br>Put a Rapid Strike Pokemon from your discard pile onto your Bench. If you do, draw 5 cards.",0.01,0.15,1.49,0.08,,Normal,,132/163,Uncommon,Supporter,,,,,,,
234138,Single Strike Scroll of Scorn,Single Strike Scroll of Scorn,https://tcgplayer-cdn.tcgplayer.com/product/234138_200w.jpg,3,2765,https://cpt.tcgcsv.com/NGT2,2026-02-10T14:35:26.577,1,The Single Strike Pokemon this card is attached to can use the attack on this card. <em>(You still need the necessary Energy to use this attack.)</em>,0.05,0.23,2.0,0.15,0.2,Reverse Holofoil,,133/163,Uncommon,Tool,,,"[F] Furious Anger (10+)
<br>This attack does 10 more damage for each damage counter on this Pokemon.",,,,
234138,Single Strike Scroll of Scorn,Single Strike Scroll of Scorn,https://tcgplayer-cdn.tcgplayer.com/product/234138_200w.jpg,3,2765,https://cpt.tcgcsv.com/NGT2,2026-02-10T14:35:26.577,1,The Single Strike Pokemon this card is attached to can use the attack on this card. <em>(You still need the necessary Energy to use this attack.)</em>,0.01,0.13,1.49,0.1,0.04,Normal,,133/163,Uncommon,Tool,,,"[F] Furious Anger (10+)
<br>This attack does 10 more damage for each damage counter on this Pokemon.",,,,
234139,Single Strike Style Mustard,Single Strike Style Mustard,https://tcgplayer-cdn.tcgplayer.com/product/234139_200w.jpg,3,2765,https://cpt.tcgcsv.com/PGT2,2025-02-07T20:10:53.753,1,"You can play this card only when it is the last card in your hand.
<br>Search your deck for a Single Strike Pokemon and put it onto your Bench. Then, shuffle your deck. If you searched your deck in this way, draw 5 cards.",0.01,0.15,2.0,0.09,,Normal,,134/163,Uncommon,Supporter,,,,,,,
234139,Single Strike Style Mustard,Single Strike Style Mustard,https://tcgplayer-cdn.tcgplayer.com/product/234139_200w.jpg,3,2765,https://cpt.tcgcsv.com/PGT2,2025-02-07T20:10:53.753,1,"You can play this card only when it is the last card in your hand.
<br>Search your deck for a Single Strike Pokemon and put it onto your Bench. Then, shuffle your deck. If you searched your deck in this way, draw 5 cards.",0.05,0.22,2.0,0.18,,Reverse Holofoil,,134/163,Uncommon,Supporter,,,,,,,
234140,Centiskorch,Centiskorch,https://tcgplayer-cdn.tcgplayer.com/product/234140_200w.jpg,3,2765,https://cpt.tcgcsv.com/QGT2,2022-03-24T14:55:00.077,1,"<strong>Ability — Overheater</strong>                                             
<br>Whenever your opponent flips a coin for their Burned Pokemon during Pokemon Checkup, it doesn't recover from that Special Condition even if the result is heads.",0.05,0.2,19.5,0.14,0.12,Normal,,030/163,Rare,Fire,130,Stage 1,"[1RRR] Burning Inferno (130)
<br>Your opponent's Active Pokemon is now Burned.",Wx2,None,2,
234140,Centiskorch,Centiskorch,https://tcgplayer-cdn.tcgplayer.com/product/234140_200w.jpg,3,2765,https://cpt.tcgcsv.com/QGT2,2022-03-24T14:55:00.077,1,"<strong>Ability — Overheater</strong>                                             
<br>Whenever your opponent flips a coin for their Burned Pokemon during Pokemon Checkup, it doesn't recover from that Special Condition even if the result is heads.",0.07,0.25,2.0,0.19,0.1,Reverse Holofoil,,030/163,Rare,Fire,130,Stage 1,"[1RRR] Burning Inferno (130)
<br>Your opponent's Active Pokemon is now Burned.",Wx2,None,2,
234142,Sordward & Shielbert,Sordward and Shielbert,https://tcgplayer-cdn.tcgplayer.com/product/234142_200w.jpg,3,2765,https://cpt.tcgcsv.com/SGT2,2021-03-19T04:03:23.62,1,"Choose a Trainer card from your discard pile. Then, ask your opponent if you may put it into your hand. If yes, put that card into your hand. If no, draw 3 cards.",0.01,0.12,19.5,0.07,0.01,Normal,,135/163,Uncommon,Supporter,,,,,,,
234142,Sordward & Shielbert,Sordward and Shielbert,https://tcgplayer-cdn.tcgplayer.com/product/234142_200w.jpg,3,2765,https://cpt.tcgcsv.com/SGT2,2021-03-19T04:03:23.62,1,"Choose a Trainer card from your discard pile. Then, ask your opponent if you may put it into your hand. If yes, put that card into your hand. If no, draw 3 cards.",0.05,0.2,2.0,0.17,,Reverse Holofoil,,135/163,Uncommon,Supporter,,,,,,,
234143,Tool Jammer,Tool Jammer,https://tcgplayer-cdn.tcgplayer.com/product/234143_200w.jpg,3,2765,https://cpt.tcgcsv.com/TGT2,2026-01-29T15:46:14.68,1,"As long as the Pokemon this card is attached to is in the Active Spot, Pokemon Tools attached to your opponent's Active Pokemon have no effect, except for Tool Jammer.",0.02,0.15,5.0,0.08,0.05,Normal,,136/163,Uncommon,Tool,,,,,,,
234143,Tool Jammer,Tool Jammer,https://tcgplayer-cdn.tcgplayer.com/product/234143_200w.jpg,3,2765,https://cpt.tcgcsv.com/TGT2,2026-01-29T15:46:14.68,1,"As long as the Pokemon this card is attached to is in the Active Spot, Pokemon Tools attached to your opponent's Active Pokemon have no effect, except for Tool Jammer.",0.09,0.25,3.0,0.23,,Reverse Holofoil,,136/163,Uncommon,Tool,,,,,,,
234144,Tower of Darkness,Tower of Darkness,https://tcgplayer-cdn.tcgplayer.com/product/234144_200w.jpg,3,2765,https://cpt.tcgcsv.com/VGT2,2026-02-05T17:18:22.23,1,"Once during each player's turn, that player may draw 2 cards. In order to use this effect, that player must discard a Single Strike card from their hand.",0.05,0.22,19.5,0.18,0.12,Reverse Holofoil,,137/163,Uncommon,Stadium,,,,,,,
234144,Tower of Darkness,Tower of Darkness,https://tcgplayer-cdn.tcgplayer.com/product/234144_200w.jpg,3,2765,https://cpt.tcgcsv.com/VGT2,2026-02-05T17:18:22.23,1,"Once during each player's turn, that player may draw 2 cards. In order to use this effect, that player must discard a Single Strike card from their hand.",0.01,0.15,19.5,0.09,0.08,Normal,,137/163,Uncommon,Stadium,,,,,,,
234145,Tower of Waters,Tower of Waters,https://tcgplayer-cdn.tcgplayer.com/product/234145_200w.jpg,3,2765,https://cpt.tcgcsv.com/WGT2,2025-02-07T20:10:53.863,1,The Retreat Cost of each Rapid Strike Pokemon in play <em>(both yours and your opponent's)</em> is 2 less.,0.01,0.15,2.0,0.07,,Normal,,138/163,Uncommon,Stadium,,,,,,,
234145,Tower of Waters,Tower of Waters,https://tcgplayer-cdn.tcgplayer.com/product/234145_200w.jpg,3,2765,https://cpt.tcgcsv.com/WGT2,2025-02-07T20:10:53.863,1,The Retreat Cost of each Rapid Strike Pokemon in play <em>(both yours and your opponent's)</em> is 2 less.,0.07,0.25,41.0,0.18,,Reverse Holofoil,,138/163,Uncommon,Stadium,,,,,,,
234146,Urn of Vitality,Urn of Vitality,https://tcgplayer-cdn.tcgplayer.com/product/234146_200w.jpg,3,2765,https://cpt.tcgcsv.com/XGT2,2026-02-05T17:18:52.09,1,Shuffle up to 2 Single Strike Energy cards from your discard pile into your deck.,0.01,0.25,2.0,0.14,,Reverse Holofoil,,139/163,Uncommon,Item,,,,,,,
234146,Urn of Vitality,Urn of Vitality,https://tcgplayer-cdn.tcgplayer.com/product/234146_200w.jpg,3,2765,https://cpt.tcgcsv.com/XGT2,2026-02-05T17:18:52.09,1,Shuffle up to 2 Single Strike Energy cards from your discard pile into your deck.,0.01,0.15,5.01,0.09,0.04,Normal,,139/163,Uncommon,Item,,,,,,,
234147,Rapid Strike Energy,Rapid Strike Energy,https://tcgplayer-cdn.tcgplayer.com/product/234147_200w.jpg,3,2765,https://cpt.tcgcsv.com/ZGT2,2025-12-04T02:12:18.507,1,"This card can only be attached to a Rapid Strike Pokemon. If this card is attached to anything other than a Rapid Strike Pokemon, discard this card.
<br>As long as this card is attached to a Pokemon, it provides 2 in any combination of Water Energy and Fighting Energy.",0.04,0.24,2.0,0.15,,Reverse Holofoil,,140/163,Uncommon,Special Energy,,,,,,,
234147,Rapid Strike Energy,Rapid Strike Energy,https://tcgplayer-cdn.tcgplayer.com/product/234147_200w.jpg,3,2765,https://cpt.tcgcsv.com/ZGT2,2025-12-04T02:12:18.507,1,"This card can only be attached to a Rapid Strike Pokemon. If this card is attached to anything other than a Rapid Strike Pokemon, discard this card.
<br>As long as this card is attached to a Pokemon, it provides 2 in any combination of Water Energy and Fighting Energy.",0.01,0.15,23.0,0.1,0.07,Normal,,140/163,Uncommon,Special Energy,,,,,,,
234149,Single Strike Energy,Single Strike Energy,https://tcgplayer-cdn.tcgplayer.com/product/234149_200w.jpg,3,2765,https://cpt.tcgcsv.com/_GT2,2026-02-05T17:17:49.903,1,"This card can only be attached to a Single Strike Pokemon. If this card is attached to anything other than a Single Strike Pokemon, discard this card.
<br>As long as this card is attached to a Pokemon, it provides Fighting and Darkness Energy but provides only 1 Energy at a time, and the attacks of the Pokemon this  card is attached to do 20 more damage to your opponent's Active Pokemon <em>(before applying Weakness and Resistance)</em>.",0.01,0.19,23.0,0.14,0.1,Normal,,141/163,Uncommon,Special Energy,,,,,,,
234149,Single Strike Energy,Single Strike Energy,https://tcgplayer-cdn.tcgplayer.com/product/234149_200w.jpg,3,2765,https://cpt.tcgcsv.com/_GT2,2026-02-05T17:17:49.903,1,"This card can only be attached to a Single Strike Pokemon. If this card is attached to anything other than a Single Strike Pokemon, discard this card.
<br>As long as this card is attached to a Pokemon, it provides Fighting and Darkness Energy but provides only 1 Energy at a time, and the attacks of the Pokemon this  card is attached to do 20 more damage to your opponent's Active Pokemon <em>(before applying Weakness and Resistance)</em>.",0.01,0.22,2.0,0.16,0.12,Reverse Holofoil,,141/163,Uncommon,Special Energy,,,,,,,
234150,Spearow,Spearow,https://tcgplayer-cdn.tcgplayer.com/product/234150_200w.jpg,3,2765,https://cpt.tcgcsv.com/0HT2,2026-02-10T14:35:52.837,1,,0.08,0.25,2.0,0.24,,Reverse Holofoil,,111/163,Common,Colorless,50,Basic,[1] Peck (20),Lx2,F-30,1,
234150,Spearow,Spearow,https://tcgplayer-cdn.tcgplayer.com/product/234150_200w.jpg,3,2765,https://cpt.tcgcsv.com/0HT2,2026-02-10T14:35:52.837,1,,0.01,0.11,19.5,0.1,0.04,Normal,,111/163,Common,Colorless,50,Basic,[1] Peck (20),Lx2,F-30,1,
234151,Fearow,Fearow,https://tcgplayer-cdn.tcgplayer.com/product/234151_200w.jpg,3,2765,https://cpt.tcgcsv.com/2HT2,2021-03-19T04:03:23.62,1,,0.01,0.18,1.49,0.18,0.05,Normal,,112/163,Uncommon,Colorless,90,Stage 1,[1] Drill Peck (70),Lx2,F-30,0,
234151,Fearow,Fearow,https://tcgplayer-cdn.tcgplayer.com/product/234151_200w.jpg,3,2765,https://cpt.tcgcsv.com/2HT2,2021-03-19T04:03:23.62,1,,0.08,0.23,2.0,0.21,0.21,Reverse Holofoil,,112/163,Uncommon,Colorless,90,Stage 1,[1] Drill Peck (70),Lx2,F-30,0,
234153,Lickitung,Lickitung,https://tcgplayer-cdn.tcgplayer.com/product/234153_200w.jpg,3,2765,https://cpt.tcgcsv.com/5HT2,2025-11-11T01:13:07.94,1,,0.08,0.25,2.0,0.23,,Reverse Holofoil,,113/163,Common,Colorless,110,Basic,[3] Tongue Slap (50),Fx2,None,4,[4] Hammer In (80)
234153,Lickitung,Lickitung,https://tcgplayer-cdn.tcgplayer.com/product/234153_200w.jpg,3,2765,https://cpt.tcgcsv.com/5HT2,2025-11-11T01:13:07.94,1,,0.01,0.12,2.17,0.09,,Normal,,113/163,Common,Colorless,110,Basic,[3] Tongue Slap (50),Fx2,None,4,[4] Hammer In (80)
234154,Horsea,Horsea,https://tcgplayer-cdn.tcgplayer.com/product/234154_200w.jpg,3,2765,https://cpt.tcgcsv.com/6HT2,2025-12-04T01:08:08.563,1,,0.05,0.25,2.0,0.24,0.22,Reverse Holofoil,,031/163,Common,Water,60,Basic,"[W] Smokescreen (10)
<br>During your opponent's next turn, if the Defending Pokemon tries to attack, your opponent flips a coin. If tails, that attack doesn't happen.",Lx2,None,1,
234154,Horsea,Horsea,https://tcgplayer-cdn.tcgplayer.com/product/234154_200w.jpg,3,2765,https://cpt.tcgcsv.com/6HT2,2025-12-04T01:08:08.563,1,,0.01,0.15,19.5,0.12,0.03,Normal,,031/163,Common,Water,60,Basic,"[W] Smokescreen (10)
<br>During your opponent's next turn, if the Defending Pokemon tries to attack, your opponent flips a coin. If tails, that attack doesn't happen.",Lx2,None,1,
234155,Lickilicky,Lickilicky,https://tcgplayer-cdn.tcgplayer.com/product/234155_200w.jpg,3,2765,https://cpt.tcgcsv.com/7HT2,2026-02-10T14:30:59.147,1,,0.05,0.2,2.0,0.18,0.13,Normal,,114/163,Rare,Colorless,140,Stage 1,"[3] Selickt
<br>Your opponent chooses to discard the top 3 cards of their deck or to discard 3 cards from their hand.",Fx2,None,4,"[4] Pitch (100)
<br>Your opponent switches their Active Pokemon with 1 of their Benched Pokemon."
234155,Lickilicky,Lickilicky,https://tcgplayer-cdn.tcgplayer.com/product/234155_200w.jpg,3,2765,https://cpt.tcgcsv.com/7HT2,2026-02-10T14:30:59.147,1,,0.08,0.27,3.25,0.27,0.25,Reverse Holofoil,,114/163,Rare,Colorless,140,Stage 1,"[3] Selickt
<br>Your opponent chooses to discard the top 3 cards of their deck or to discard 3 cards from their hand.",Fx2,None,4,"[4] Pitch (100)
<br>Your opponent switches their Active Pokemon with 1 of their Benched Pokemon."
234156,Seadra,Seadra,https://tcgplayer-cdn.tcgplayer.com/product/234156_200w.jpg,3,2765,https://cpt.tcgcsv.com/8HT2,2025-06-06T10:14:41.023,1,,0.01,0.15,19.5,0.13,0.05,Normal,,032/163,Uncommon,Water,90,Stage 1,[W] Water Gun (40),Lx2,None,1,
234156,Seadra,Seadra,https://tcgplayer-cdn.tcgplayer.com/product/234156_200w.jpg,3,2765,https://cpt.tcgcsv.com/8HT2,2025-06-06T10:14:41.023,1,,0.04,0.23,19.5,0.2,0.2,Reverse Holofoil,,032/163,Uncommon,Water,90,Stage 1,[W] Water Gun (40),Lx2,None,1,
234157,Glameow,Glameow,https://tcgplayer-cdn.tcgplayer.com/product/234157_200w.jpg,3,2765,https://cpt.tcgcsv.com/9HT2,2026-01-29T15:51:13.457,1,,0.01,0.14,19.5,0.12,0.01,Normal,,115/163,Common,Colorless,60,Basic,[1] Cat Kick (10),Fx2,None,1,[3] Claw Slash (40)
234157,Glameow,Glameow,https://tcgplayer-cdn.tcgplayer.com/product/234157_200w.jpg,3,2765,https://cpt.tcgcsv.com/9HT2,2026-01-29T15:51:13.457,1,,0.05,0.25,2.0,0.22,,Reverse Holofoil,,115/163,Common,Colorless,60,Basic,[1] Cat Kick (10),Fx2,None,1,[3] Claw Slash (40)
234158,Purugly,Purugly,https://tcgplayer-cdn.tcgplayer.com/product/234158_200w.jpg,3,2765,https://cpt.tcgcsv.com/bHT2,2026-01-29T15:55:24.05,1,,0.02,0.15,2.15,0.12,0.05,Normal,,116/163,Uncommon,Colorless,120,Stage 1,"[1] Caturday
<br>Draw 3 cards. If you do, this Pokemon is now Asleep.",Fx2,None,3,[4] Claw Slash (120)
234158,Purugly,Purugly,https://tcgplayer-cdn.tcgplayer.com/product/234158_200w.jpg,3,2765,https://cpt.tcgcsv.com/bHT2,2026-01-29T15:55:24.05,1,,0.05,0.23,2.0,0.18,,Reverse Holofoil,,116/163,Uncommon,Colorless,120,Stage 1,"[1] Caturday
<br>Draw 3 cards. If you do, this Pokemon is now Asleep.",Fx2,None,3,[4] Claw Slash (120)
234159,Stoutland V,Stoutland V,https://tcgplayer-cdn.tcgplayer.com/product/234159_200w.jpg,3,2765,https://cpt.tcgcsv.com/cHT2,2025-10-31T19:08:24.397,1,,0.48,0.99,9.95,0.73,0.48,Holofoil,,117/163,Ultra Rare,Colorless,210,Basic,"[3] Double Dip Fangs (40)
<br>If your opponent's Basic Pokemon is Knocked Out by damage from this attack, take 1 more Prize card.",Fx2,None,3,"[4] Wild Tackle (200)
<br>This Pokemon also does 30 damage to itself."
234160,Bouffalant,Bouffalant,https://tcgplayer-cdn.tcgplayer.com/product/234160_200w.jpg,3,2765,https://cpt.tcgcsv.com/dHT2,2026-02-10T14:26:05.25,1,"<strong>Ability — Sap Sipper</strong>
<br>This Pokemon's attacks do 60 more damage to your opponent's Grass Pokemon <em>(before applying Weakness and Resistance)</em>.",0.01,0.15,2.0,0.09,0.04,Normal,,118/163,Uncommon,Colorless,120,Basic,"[3] Head Charge (120)
<br>This Pokemon also does 30 damage to itself.",Fx2,None,2,
234160,Bouffalant,Bouffalant,https://tcgplayer-cdn.tcgplayer.com/product/234160_200w.jpg,3,2765,https://cpt.tcgcsv.com/dHT2,2026-02-10T14:26:05.25,1,"<strong>Ability — Sap Sipper</strong>
<br>This Pokemon's attacks do 60 more damage to your opponent's Grass Pokemon <em>(before applying Weakness and Resistance)</em>.",0.06,0.22,2.0,0.17,,Reverse Holofoil,,118/163,Uncommon,Colorless,120,Basic,"[3] Head Charge (120)
<br>This Pokemon also does 30 damage to itself.",Fx2,None,2,
234161,Kingdra,Kingdra,https://tcgplayer-cdn.tcgplayer.com/product/234161_200w.jpg,3,2765,https://cpt.tcgcsv.com/fHT2,2026-01-29T17:34:06.793,1,"<strong>Ability — Deep Sea King</strong>                                             
<br>When your Active Pokemon is Knocked Out by damage from an attack from your opponent's Pokemon, you may move any amount of W Energy from that Pokemon to this Pokemon.",0.09,0.34,4.99,0.33,,Holofoil,,033/163,Holo Rare,Water,150,Stage 2,"[W] Aqua Burst (40x)
<br>This attack does 40 damage for each W Energy attached to this Pokemon.",Lx2,None,1,
234161,Kingdra,Kingdra,https://tcgplayer-cdn.tcgplayer.com/product/234161_200w.jpg,3,2765,https://cpt.tcgcsv.com/fHT2,2026-01-29T17:34:06.793,1,"<strong>Ability — Deep Sea King</strong>                                             
<br>When your Active Pokemon is Knocked Out by damage from an attack from your opponent's Pokemon, you may move any amount of W Energy from that Pokemon to this Pokemon.",0.12,0.34,2.75,0.31,,Reverse Holofoil,,033/163,Holo Rare,Water,150,Stage 2,"[W] Aqua Burst (40x)
<br>This attack does 40 damage for each W Energy attached to this Pokemon.",Lx2,None,1,
234163,Drampa,Drampa,https://tcgplayer-cdn.tcgplayer.com/product/234163_200w.jpg,3,2765,https://cpt.tcgcsv.com/hHT2,2026-02-06T20:02:48.557,1,,0.04,0.19,2.0,0.16,,Normal,,119/163,Rare,Colorless,120,Basic,"[1] Call for Family
<br>Search your deck for up to 2 Basic Pokemon and put them onto your Bench. Then, shuffle your deck.",Fx2,None,2,"[2] Spiral Rush (30+)
<br>Flip a coin until you get tails. This attack does 30 more damage for each heads."
234163,Drampa,Drampa,https://tcgplayer-cdn.tcgplayer.com/product/234163_200w.jpg,3,2765,https://cpt.tcgcsv.com/hHT2,2026-02-06T20:02:48.557,1,,0.07,0.25,2.31,0.21,,Reverse Holofoil,,119/163,Rare,Colorless,120,Basic,"[1] Call for Family
<br>Search your deck for up to 2 Basic Pokemon and put them onto your Bench. Then, shuffle your deck.",Fx2,None,2,"[2] Spiral Rush (30+)
<br>Flip a coin until you get tails. This attack does 30 more damage for each heads."
234164,Indeedee,Indeedee,https://tcgplayer-cdn.tcgplayer.com/product/234164_200w.jpg,3,2765,https://cpt.tcgcsv.com/jHT2,2025-02-07T20:10:54.43,1,,0.05,0.25,5.05,0.23,,Reverse Holofoil,,120/163,Uncommon,Colorless,90,Basic,"[1] Collect
<br>Draw 2 cards.",Fx2,None,2,"[2] Hand Kinesis (10x)
<br>This attack does 10 damage for each card in your hand."
234164,Indeedee,Indeedee,https://tcgplayer-cdn.tcgplayer.com/product/234164_200w.jpg,3,2765,https://cpt.tcgcsv.com/jHT2,2025-02-07T20:10:54.43,1,,0.02,0.15,19.5,0.11,0.03,Normal,,120/163,Uncommon,Colorless,90,Basic,"[1] Collect
<br>Draw 2 cards.",Fx2,None,2,"[2] Hand Kinesis (10x)
<br>This attack does 10 damage for each card in your hand."
234165,Galarian Mr. Mime,Galarian Mr Mime,https://tcgplayer-cdn.tcgplayer.com/product/234165_200w.jpg,3,2765,https://cpt.tcgcsv.com/kHT2,2026-03-05T16:59:58.937,1,,0.01,0.15,19.5,0.13,0.05,Normal,,034/163,Common,Water,80,Basic,[W] Pound (10),Mx2,None,1,"[2] Find it
<br>Search your deck from an Item card, reveal it, and put it into your hand. Then, shuffle your deck."
234165,Galarian Mr. Mime,Galarian Mr Mime,https://tcgplayer-cdn.tcgplayer.com/product/234165_200w.jpg,3,2765,https://cpt.tcgcsv.com/kHT2,2026-03-05T16:59:58.937,1,,0.04,0.23,2.0,0.19,0.18,Reverse Holofoil,,034/163,Common,Water,80,Basic,[W] Pound (10),Mx2,None,1,"[2] Find it
<br>Search your deck from an Item card, reveal it, and put it into your hand. Then, shuffle your deck."
234166,Galarian Mr. Rime,Galarian Mr Rime,https://tcgplayer-cdn.tcgplayer.com/product/234166_200w.jpg,3,2765,https://cpt.tcgcsv.com/lHT2,2026-02-06T20:07:21.407,1,,0.05,0.27,5.05,0.25,,Reverse Holofoil,,035/163,Rare,Water,110,Stage 1,"[2] Ball Juggling (10+)
<br>Discard any number of Item cards that have the word ""Ball"" in their name from your hand. This attack does 40 more damage for each card you discarded in this way.",Mx2,None,2,[2W] Frost Smash (80)
234166,Galarian Mr. Rime,Galarian Mr Rime,https://tcgplayer-cdn.tcgplayer.com/product/234166_200w.jpg,3,2765,https://cpt.tcgcsv.com/lHT2,2026-02-06T20:07:21.407,1,,0.06,0.24,2.0,0.24,,Normal,,035/163,Rare,Water,110,Stage 1,"[2] Ball Juggling (10+)
<br>Discard any number of Item cards that have the word ""Ball"" in their name from your hand. This attack does 40 more damage for each card you discarded in this way.",Mx2,None,2,[2W] Frost Smash (80)
234167,Aegislash (107),Aegislash 107,https://tcgplayer-cdn.tcgplayer.com/product/234167_200w.jpg,3,2765,https://cpt.tcgcsv.com/mHT2,2023-12-04T05:29:51.307,1,"<strong>Ability — Stance Change</strong>
<br>Once during your turn, you may switch this Pokemon with an Aegislash in your hand. Any attached cards, damage counters, Special Conditions, turns in play, and any other effects remain on the new Pokemon.",0.1,0.3,2.0,0.31,0.24,Reverse Holofoil,,107/163,Holo Rare,Metal,150,Stage 2,"[1MM] Full Metal Blade (210)
<br>Discard 2 Metal Energy from this Pokemon.",Rx2,G-30,3,
234167,Aegislash (107),Aegislash 107,https://tcgplayer-cdn.tcgplayer.com/product/234167_200w.jpg,3,2765,https://cpt.tcgcsv.com/mHT2,2023-12-04T05:29:51.307,1,"<strong>Ability — Stance Change</strong>
<br>Once during your turn, you may switch this Pokemon with an Aegislash in your hand. Any attached cards, damage counters, Special Conditions, turns in play, and any other effects remain on the new Pokemon.",0.1,0.29,2.44,0.29,0.24,Holofoil,,107/163,Holo Rare,Metal,150,Stage 2,"[1MM] Full Metal Blade (210)
<br>Discard 2 Metal Energy from this Pokemon.",Rx2,G-30,3,
234168,Remoraid,Remoraid,https://tcgplayer-cdn.tcgplayer.com/product/234168_200w.jpg,3,2765,https://cpt.tcgcsv.com/nHT2,2026-02-10T14:32:42.223,1,,0.11,0.34,2.0,0.34,,Reverse Holofoil,,036/163,Common,Water,60,Basic,[W] Water Gun (10),Lx2,None,1,[2] Sharp Fin (20)
234168,Remoraid,Remoraid,https://tcgplayer-cdn.tcgplayer.com/product/234168_200w.jpg,3,2765,https://cpt.tcgcsv.com/nHT2,2026-02-10T14:32:42.223,1,,0.01,0.16,19.5,0.15,0.1,Normal,,036/163,Common,Water,60,Basic,[W] Water Gun (10),Lx2,None,1,[2] Sharp Fin (20)
234169,Aegislash (108),Aegislash 108,https://tcgplayer-cdn.tcgplayer.com/product/234169_200w.jpg,3,2765,https://cpt.tcgcsv.com/pHT2,2021-03-19T04:03:23.62,1,"<strong>Ability — Stance Change</strong>
<br>Once during your turn, you may switch this Pokemon with an Aegislash in your hand. Any attached cards, damage counters, Special Conditions, turns in play, and any other effects remain on the new Pokemon.",0.01,0.2,4.0,0.14,,Normal,,108/163,Rare,Metal,150,Stage 2,"[1M] Gigaton Bash (70)
<br>During your opponent's next turn, prevent all damage done to this Pokemon by attacks from Pokemon VMAX.",Rx2,G-30,3,
234169,Aegislash (108),Aegislash 108,https://tcgplayer-cdn.tcgplayer.com/product/234169_200w.jpg,3,2765,https://cpt.tcgcsv.com/pHT2,2021-03-19T04:03:23.62,1,"<strong>Ability — Stance Change</strong>
<br>Once during your turn, you may switch this Pokemon with an Aegislash in your hand. Any attached cards, damage counters, Special Conditions, turns in play, and any other effects remain on the new Pokemon.",0.07,0.28,2.0,0.29,0.25,Reverse Holofoil,,108/163,Rare,Metal,150,Stage 2,"[1M] Gigaton Bash (70)
<br>During your opponent's next turn, prevent all damage done to this Pokemon by attacks from Pokemon VMAX.",Rx2,G-30,3,
234172,Octillery,Octillery,https://tcgplayer-cdn.tcgplayer.com/product/234172_200w.jpg,3,2765,https://cpt.tcgcsv.com/sHT2,2025-10-29T22:31:10.657,1,"<strong>Ability — Rapid Strike Search</strong>                                             
<br>once during your turn, you may search your deck for a Rapid strike card, reveal it, and put it into your hand. Then, shuffle your deck. You can't use more than 1 Rapid Strike Search Ability each turn.",0.03,0.27,4.99,0.27,0.25,Holofoil,,037/163,Holo Rare,Water,110,Stage 1,[2W] Waterfall (50),Lx2,None,2,
234172,Octillery,Octillery,https://tcgplayer-cdn.tcgplayer.com/product/234172_200w.jpg,3,2765,https://cpt.tcgcsv.com/sHT2,2025-10-29T22:31:10.657,1,"<strong>Ability — Rapid Strike Search</strong>                                             
<br>once during your turn, you may search your deck for a Rapid strike card, reveal it, and put it into your hand. Then, shuffle your deck. You can't use more than 1 Rapid Strike Search Ability each turn.",0.06,0.31,3.0,0.33,0.23,Reverse Holofoil,,037/163,Holo Rare,Water,110,Stage 1,[2W] Waterfall (50),Lx2,None,2,
234174,Corphish,Corphish,https://tcgplayer-cdn.tcgplayer.com/product/234174_200w.jpg,3,2765,https://cpt.tcgcsv.com/vHT2,2025-02-07T20:10:54.54,1,,0.01,0.1,1.49,0.08,,Normal,,038/163,Common,Water,70,Basic,"[2W] Bubble Beam (30)
<br>Flip a coin. If heads, your opponent's Active Pokemon is now Paralyzed.",Lx2,None,2,
234174,Corphish,Corphish,https://tcgplayer-cdn.tcgplayer.com/product/234174_200w.jpg,3,2765,https://cpt.tcgcsv.com/vHT2,2025-02-07T20:10:54.54,1,,0.05,0.25,2.0,0.23,,Reverse Holofoil,,038/163,Common,Water,70,Basic,"[2W] Bubble Beam (30)
<br>Flip a coin. If heads, your opponent's Active Pokemon is now Paralyzed.",Lx2,None,2,
234176,Crawdaunt,Crawdaunt,https://tcgplayer-cdn.tcgplayer.com/product/234176_200w.jpg,3,2765,https://cpt.tcgcsv.com/xHT2,2025-02-07T20:10:54.603,1,,0.05,0.22,2.0,0.19,,Reverse Holofoil,,039/163,Uncommon,Water,130,Stage 1,"[2W] Knock Off (60)
<br>Discard a random card from your opponent's hand.",Lx2,None,3,[2WW] Crabhammer (140)
234176,Crawdaunt,Crawdaunt,https://tcgplayer-cdn.tcgplayer.com/product/234176_200w.jpg,3,2765,https://cpt.tcgcsv.com/xHT2,2025-02-07T20:10:54.603,1,,0.02,0.15,19.5,0.08,0.03,Normal,,039/163,Uncommon,Water,130,Stage 1,"[2W] Knock Off (60)
<br>Discard a random card from your opponent's hand.",Lx2,None,3,[2WW] Crabhammer (140)
234177,Corviknight V,Corviknight V,https://tcgplayer-cdn.tcgplayer.com/product/234177_200w.jpg,3,2765,https://cpt.tcgcsv.com/zHT2,2025-10-31T19:08:23.963,1,,0.42,1.0,5.99,0.91,0.55,Holofoil,,109/163,Ultra Rare,Metal,210,Basic,"[M] Clutch (30)
<br>During your opponent's next turn, the Defending Pokemon can't retreat.",Rx2,G-30,1,"[1MM] Sky Hurricane (190)
<br>During your next turn, this Pokemon can't use Sky Hurricane."
234179,Corviknight VMAX,Corviknight VMAX,https://tcgplayer-cdn.tcgplayer.com/product/234179_200w.jpg,3,2765,https://cpt.tcgcsv.com/CHT2,2026-02-06T20:01:24.147,1,"<strong>Ability — Lustrous Body</strong>
<br>Prevent all effects of your opponent's Pokemon's Abilities done to this Pokemon.",1.0,2.33,19.99,2.11,3.22,Holofoil,,110/163,Ultra Rare,Metal,320,VMAX,"[1MM] G-Max Hurricane (240)
<br>During your next turn, this Pokemon can't use G-Max Hurricane.",Rx2,G-30,0,
234181,Bronzong,Bronzong,https://tcgplayer-cdn.tcgplayer.com/product/234181_200w.jpg,3,2765,https://cpt.tcgcsv.com/FHT2,2025-02-07T20:10:54.73,1,"<strong>Ability — Metal Transfer</strong>
<br>As often as you like during your turn, you may move a Metal Energy from 1 of your Pokemon to another of your Pokemon.",0.05,0.25,4.49,0.22,,Reverse Holofoil,,102/163,Holo Rare,Metal,110,Stage 1,[1MM] Zen Headbutt (70),Rx2,G-30,3,
234181,Bronzong,Bronzong,https://tcgplayer-cdn.tcgplayer.com/product/234181_200w.jpg,3,2765,https://cpt.tcgcsv.com/FHT2,2025-02-07T20:10:54.73,1,"<strong>Ability — Metal Transfer</strong>
<br>As often as you like during your turn, you may move a Metal Energy from 1 of your Pokemon to another of your Pokemon.",0.1,0.26,4.09,0.26,,Holofoil,,102/163,Holo Rare,Metal,110,Stage 1,[1MM] Zen Headbutt (70),Rx2,G-30,3,
234182,Empoleon V,Empoleon V,https://tcgplayer-cdn.tcgplayer.com/product/234182_200w.jpg,3,2765,https://cpt.tcgcsv.com/GHT2,2025-10-31T19:08:23.07,1,"<strong>Ability — Emperor's Eyes</strong>                                             
<br>As long as this Pokemon is in the Active Spot, your opponent's Basic Pokemon in play have no Abilities, except for Pokemon with a Rule Box <em>(Pokemon V, Pokemon-GX, etc. have Rule Boxes).</em>",0.5,1.0,19.99,1.0,,Holofoil,,040/163,Ultra Rare,Water,210,Basic,"[2W] Swirling Slice (130)
<br>Move an Energy from this Pokemon to 1 of your Benched Pokemon.",Lx2,None,2,
234183,Frillish,Frillish,https://tcgplayer-cdn.tcgplayer.com/product/234183_200w.jpg,3,2765,https://cpt.tcgcsv.com/HHT2,2026-01-29T15:52:46.17,1,,0.01,0.15,19.5,0.15,0.05,Normal,,041/163,Common,Water,80,Basic,"[1] Recover
<br>Discard an Energy from this Pokemon and heal all damage from it.",Lx2,None,2,[W] Rain Splash (10)
234183,Frillish,Frillish,https://tcgplayer-cdn.tcgplayer.com/product/234183_200w.jpg,3,2765,https://cpt.tcgcsv.com/HHT2,2026-01-29T15:52:46.17,1,,0.08,0.25,2.0,0.22,,Reverse Holofoil,,041/163,Common,Water,80,Basic,"[1] Recover
<br>Discard an Energy from this Pokemon and heal all damage from it.",Lx2,None,2,[W] Rain Splash (10)
234184,Steelix,Steelix,https://tcgplayer-cdn.tcgplayer.com/product/234184_200w.jpg,3,2765,https://cpt.tcgcsv.com/JHT2,2026-02-06T20:16:02.187,1,,0.2,0.4,2.0,0.38,,Reverse Holofoil,,099/163,Holo Rare,Metal,190,Stage 1,"[3] Steel Swing (80x)
<br>Flip 2 coins. This attack does 80 damage for each heads.",Rx2,G-30,4,[2MMM] Heavy Impact (200)
234184,Steelix,Steelix,https://tcgplayer-cdn.tcgplayer.com/product/234184_200w.jpg,3,2765,https://cpt.tcgcsv.com/JHT2,2026-02-06T20:16:02.187,1,,0.09,0.3,4.99,0.29,0.23,Holofoil,,099/163,Holo Rare,Metal,190,Stage 1,"[3] Steel Swing (80x)
<br>Flip 2 coins. This attack does 80 damage for each heads.",Rx2,G-30,4,[2MMM] Heavy Impact (200)
234185,Jellicent,Jellicent,https://tcgplayer-cdn.tcgplayer.com/product/234185_200w.jpg,3,2765,https://cpt.tcgcsv.com/KHT2,2025-10-23T17:15:43.003,1,,0.14,0.4,2.0,0.45,,Reverse Holofoil,,042/163,Rare,Water,120,Stage 1,"[WW] Sediment Sink (10x)
<br>This attack does 10 damage for each W Energy card in your discard pile.",Lx2,None,3,
234185,Jellicent,Jellicent,https://tcgplayer-cdn.tcgplayer.com/product/234185_200w.jpg,3,2765,https://cpt.tcgcsv.com/KHT2,2025-10-23T17:15:43.003,1,,0.05,0.26,19.5,0.3,0.21,Normal,,042/163,Rare,Water,120,Stage 1,"[WW] Sediment Sink (10x)
<br>This attack does 10 damage for each W Energy card in your discard pile.",Lx2,None,3,
234186,Mawile,Mawile,https://tcgplayer-cdn.tcgplayer.com/product/234186_200w.jpg,3,2765,https://cpt.tcgcsv.com/LHT2,2025-02-07T20:10:54.917,1,,0.08,0.25,2.0,0.24,,Reverse Holofoil,,100/163,Common,Metal,90,Basic,"[M] Powerful Vise (20)
<br>Flip a coin. If heads, your opponent's Active Pokemon is now Paralyzed.",Rx2,G-30,1,"[3] Piercing Strike (100)
<br>This attack's damage isn't affected by Weakness or Resistance, or by any effects on your opponent's Active Pokemon."
234186,Mawile,Mawile,https://tcgplayer-cdn.tcgplayer.com/product/234186_200w.jpg,3,2765,https://cpt.tcgcsv.com/LHT2,2025-02-07T20:10:54.917,1,,0.01,0.14,5.01,0.13,,Normal,,100/163,Common,Metal,90,Basic,"[M] Powerful Vise (20)
<br>Flip a coin. If heads, your opponent's Active Pokemon is now Paralyzed.",Rx2,G-30,1,"[3] Piercing Strike (100)
<br>This attack's damage isn't affected by Weakness or Resistance, or by any effects on your opponent's Active Pokemon."
234188,Bronzor,Bronzor,https://tcgplayer-cdn.tcgplayer.com/product/234188_200w.jpg,3,2765,https://cpt.tcgcsv.com/NHT2,2023-02-24T10:34:37.557,1,,0.05,0.22,2.0,0.18,0.1,Reverse Holofoil,,101/163,Common,Metal,60,Basic,[1M] Ram (30),Rx2,G-30,1,
234188,Bronzor,Bronzor,https://tcgplayer-cdn.tcgplayer.com/product/234188_200w.jpg,3,2765,https://cpt.tcgcsv.com/NHT2,2023-02-24T10:34:37.557,1,,0.01,0.1,19.5,0.08,0.02,Normal,,101/163,Common,Metal,60,Basic,[1M] Ram (30),Rx2,G-30,1,
234189,Bruxish,Bruxish,https://tcgplayer-cdn.tcgplayer.com/product/234189_200w.jpg,3,2765,https://cpt.tcgcsv.com/PHT2,2026-02-10T14:26:55.67,1,,0.02,0.15,5.02,0.06,0.05,Normal,,043/163,Uncommon,Water,110,Basic,[1] Bite (20),Lx2,None,1,[1WW] Surf (110)
234189,Bruxish,Bruxish,https://tcgplayer-cdn.tcgplayer.com/product/234189_200w.jpg,3,2765,https://cpt.tcgcsv.com/PHT2,2026-02-10T14:26:55.67,1,,0.05,0.2,2.0,0.16,0.08,Reverse Holofoil,,043/163,Uncommon,Water,110,Basic,[1] Bite (20),Lx2,None,1,[1WW] Surf (110)
234190,Pawniard,Pawniard,https://tcgplayer-cdn.tcgplayer.com/product/234190_200w.jpg,3,2765,https://cpt.tcgcsv.com/QHT2,2026-01-29T15:46:49.807,1,,0.01,0.1,19.5,0.08,0.03,Normal,,103/163,Common,Metal,60,Basic,"[1] Swords Dance 
<br>During your next turn, this Pokemon's Slash attack does 70 more damage <em>(before applying Weakness and Resistance)</em>.",Rx2,G-30,1,[M] Slash (10)
234190,Pawniard,Pawniard,https://tcgplayer-cdn.tcgplayer.com/product/234190_200w.jpg,3,2765,https://cpt.tcgcsv.com/QHT2,2026-01-29T15:46:49.807,1,,0.05,0.2,2.0,0.15,,Reverse Holofoil,,103/163,Common,Metal,60,Basic,"[1] Swords Dance 
<br>During your next turn, this Pokemon's Slash attack does 70 more damage <em>(before applying Weakness and Resistance)</em>.",Rx2,G-30,1,[M] Slash (10)
234192,Electabuzz,Electabuzz,https://tcgplayer-cdn.tcgplayer.com/product/234192_200w.jpg,3,2765,https://cpt.tcgcsv.com/SHT2,2026-02-10T14:27:46.717,1,,0.01,0.12,19.5,0.1,0.05,Normal,,044/163,Common,Lightning,80,Basic,"[L] Haymaker (30)
<br>During your next turn, this Pokemon can't use Haymaker.",Fx2,None,2,
234192,Electabuzz,Electabuzz,https://tcgplayer-cdn.tcgplayer.com/product/234192_200w.jpg,3,2765,https://cpt.tcgcsv.com/SHT2,2026-02-10T14:27:46.717,1,,0.08,0.25,2.26,0.23,,Reverse Holofoil,,044/163,Common,Lightning,80,Basic,"[L] Haymaker (30)
<br>During your next turn, this Pokemon can't use Haymaker.",Fx2,None,2,
234193,Bisharp,Bisharp,https://tcgplayer-cdn.tcgplayer.com/product/234193_200w.jpg,3,2765,https://cpt.tcgcsv.com/THT2,2025-12-04T01:00:34.893,1,,0.01,0.15,19.5,0.08,0.03,Normal,,104/163,Uncommon,Metal,110,Stage 1,[1] Slash (30),Rx2,G-30,1,"[2M] Steel Slice (90+)
<br>If your opponent's Active Pokemon is a Metal Pokemon, this attack does 90 more damage."
234193,Bisharp,Bisharp,https://tcgplayer-cdn.tcgplayer.com/product/234193_200w.jpg,3,2765,https://cpt.tcgcsv.com/THT2,2025-12-04T01:00:34.893,1,,0.05,0.22,2.0,0.16,0.16,Reverse Holofoil,,104/163,Uncommon,Metal,110,Stage 1,[1] Slash (30),Rx2,G-30,1,"[2M] Steel Slice (90+)
<br>If your opponent's Active Pokemon is a Metal Pokemon, this attack does 90 more damage."
234194,Honedge,Honedge,https://tcgplayer-cdn.tcgplayer.com/product/234194_200w.jpg,3,2765,https://cpt.tcgcsv.com/VHT2,2026-02-10T14:29:29.96,1,,0.01,0.14,19.5,0.11,0.04,Normal,,105/163,Common,Metal,60,Basic,"[M] Ambush (10+)
<br>Flip a coin. If heads, this attack does 30 more damage.",Rx2,G-30,2,
234194,Honedge,Honedge,https://tcgplayer-cdn.tcgplayer.com/product/234194_200w.jpg,3,2765,https://cpt.tcgcsv.com/VHT2,2026-02-10T14:29:29.96,1,,0.09,0.25,2.0,0.25,,Reverse Holofoil,,105/163,Common,Metal,60,Basic,"[M] Ambush (10+)
<br>Flip a coin. If heads, this attack does 30 more damage.",Rx2,G-30,2,
234195,Electivire,Electivire,https://tcgplayer-cdn.tcgplayer.com/product/234195_200w.jpg,3,2765,https://cpt.tcgcsv.com/WHT2,2022-12-08T21:03:49.64,1,,0.01,0.2,19.5,0.18,0.11,Normal,,045/163,Rare,Lightning,140,Stage 1,"[3] Tumbling Attack (60+)
<br>Flip a coin. If heads, this attack does 30 more damage.",Fx2,None,3,"[1LLL] Lightning Slam (180)
<br>During your next turn, this Pokemon can't use Lightning Slam."
234195,Electivire,Electivire,https://tcgplayer-cdn.tcgplayer.com/product/234195_200w.jpg,3,2765,https://cpt.tcgcsv.com/WHT2,2022-12-08T21:03:49.64,1,,0.09,0.25,6.39,0.21,0.18,Reverse Holofoil,,045/163,Rare,Lightning,140,Stage 1,"[3] Tumbling Attack (60+)
<br>Flip a coin. If heads, this attack does 30 more damage.",Fx2,None,3,"[1LLL] Lightning Slam (180)
<br>During your next turn, this Pokemon can't use Lightning Slam."
234196,Doublade,Doublade,https://tcgplayer-cdn.tcgplayer.com/product/234196_200w.jpg,3,2765,https://cpt.tcgcsv.com/XHT2,2026-02-06T20:02:49.84,1,,0.01,0.25,2.0,0.24,0.24,Reverse Holofoil,,106/163,Uncommon,Metal,80,Stage 1,"[1M] Cut Down (40)
<br>Flip a coin. If heads, discard an Energy from your opponent's Active Pokemon.",Rx2,G-30,2,
234196,Doublade,Doublade,https://tcgplayer-cdn.tcgplayer.com/product/234196_200w.jpg,3,2765,https://cpt.tcgcsv.com/XHT2,2026-02-06T20:02:49.84,1,,0.01,0.15,1.49,0.11,0.03,Normal,,106/163,Uncommon,Metal,80,Stage 1,"[1M] Cut Down (40)
<br>Flip a coin. If heads, discard an Energy from your opponent's Active Pokemon.",Rx2,G-30,2,
234197,Shinx,Shinx,https://tcgplayer-cdn.tcgplayer.com/product/234197_200w.jpg,3,2765,https://cpt.tcgcsv.com/ZHT2,2026-01-29T15:53:47.71,1,,0.12,0.26,2.0,0.26,,Reverse Holofoil,,046/163,Common,Lightning,60,Basic,[L] Rear Kick (20),Fx2,None,1,
234197,Shinx,Shinx,https://tcgplayer-cdn.tcgplayer.com/product/234197_200w.jpg,3,2765,https://cpt.tcgcsv.com/ZHT2,2026-01-29T15:53:47.71,1,,0.01,0.15,5.01,0.14,,Normal,,046/163,Common,Lightning,60,Basic,[L] Rear Kick (20),Fx2,None,1,
234198,Luxio,Luxio,https://tcgplayer-cdn.tcgplayer.com/product/234198_200w.jpg,3,2765,https://cpt.tcgcsv.com/-HT2,2025-02-07T20:10:55.197,1,,0.01,0.15,2.17,0.1,,Normal,,047/163,Uncommon,Lightning,80,Stage 1,"[L] Jumping Kick
<br>This attack does 30 damage to 1 of your opponent's Pokemon. <em>(Don't apply Weakness and Resistance for Benched Pokemon.)</em>",Fx2,None,1,[1L] Head Bolt (50)
234198,Luxio,Luxio,https://tcgplayer-cdn.tcgplayer.com/product/234198_200w.jpg,3,2765,https://cpt.tcgcsv.com/-HT2,2025-02-07T20:10:55.197,1,,0.05,0.24,2.0,0.2,,Reverse Holofoil,,047/163,Uncommon,Lightning,80,Stage 1,"[L] Jumping Kick
<br>This attack does 30 damage to 1 of your opponent's Pokemon. <em>(Don't apply Weakness and Resistance for Benched Pokemon.)</em>",Fx2,None,1,[1L] Head Bolt (50)
234199,Zubat,Zubat,https://tcgplayer-cdn.tcgplayer.com/product/234199_200w.jpg,3,2765,https://cpt.tcgcsv.com/_HT2,2025-12-04T02:26:21.827,1,,0.01,0.18,5.05,0.17,,Normal,,089/163,Common,Darkness,50,Basic,"[1] Hide in Shadows
<br>Switch this Pokemon with 1 of your Benched Pokemon.",Fx2,None,1,[2] Speed Dive (20)
234199,Zubat,Zubat,https://tcgplayer-cdn.tcgplayer.com/product/234199_200w.jpg,3,2765,https://cpt.tcgcsv.com/_HT2,2025-12-04T02:26:21.827,1,,0.07,0.3,2.0,0.29,0.24,Reverse Holofoil,,089/163,Common,Darkness,50,Basic,"[1] Hide in Shadows
<br>Switch this Pokemon with 1 of your Benched Pokemon.",Fx2,None,1,[2] Speed Dive (20)
234200,Luxray,Luxray,https://tcgplayer-cdn.tcgplayer.com/product/234200_200w.jpg,3,2765,https://cpt.tcgcsv.com/0JT2,2026-03-10T14:49:34.3,1,,0.15,0.34,2.95,0.33,0.25,Reverse Holofoil,,048/163,Holo Rare,Lightning,150,Stage 2,"[L] Electrostep
<br>This attack does 40 damage to 1 of your opponent's Pokemon. <em>(Don't apply Weakness and Resistance for Benched Pokemon.)</em> Switch this Pokemon with 1 of your Benched Pokemon.",Fx2,None,1,"[1L] Scar Strikes (100+)
<br>If your opponent's Active Pokemon already has any damage counters on it, this attack does 100 more damage."
234200,Luxray,Luxray,https://tcgplayer-cdn.tcgplayer.com/product/234200_200w.jpg,3,2765,https://cpt.tcgcsv.com/0JT2,2026-03-10T14:49:34.3,1,,0.05,0.35,4.99,0.31,0.25,Holofoil,,048/163,Holo Rare,Lightning,150,Stage 2,"[L] Electrostep
<br>This attack does 40 damage to 1 of your opponent's Pokemon. <em>(Don't apply Weakness and Resistance for Benched Pokemon.)</em> Switch this Pokemon with 1 of your Benched Pokemon.",Fx2,None,1,"[1L] Scar Strikes (100+)
<br>If your opponent's Active Pokemon already has any damage counters on it, this attack does 100 more damage."
234201,Golbat,Golbat,https://tcgplayer-cdn.tcgplayer.com/product/234201_200w.jpg,3,2765,https://cpt.tcgcsv.com/2JT2,2026-01-29T15:54:56.123,1,"<strong>Ability — Discreet Draw</strong>
<br>When you play this Pokemon from your hand to evolve 1 of your Pokemon during your turn, you may draw 2 cards.",0.01,0.15,2.19,0.1,,Normal,,090/163,Uncommon,Darkness,80,Stage 1,"[2] Air Slash (50)
<br>Discard an Energy from this Pokemon.",Fx2,None,1,
234201,Golbat,Golbat,https://tcgplayer-cdn.tcgplayer.com/product/234201_200w.jpg,3,2765,https://cpt.tcgcsv.com/2JT2,2026-01-29T15:54:56.123,1,"<strong>Ability — Discreet Draw</strong>
<br>When you play this Pokemon from your hand to evolve 1 of your Pokemon during your turn, you may draw 2 cards.",0.09,0.25,2.58,0.23,,Reverse Holofoil,,090/163,Uncommon,Darkness,80,Stage 1,"[2] Air Slash (50)
<br>Discard an Energy from this Pokemon.",Fx2,None,1,
234202,Crobat,Crobat,https://tcgplayer-cdn.tcgplayer.com/product/234202_200w.jpg,3,2765,https://cpt.tcgcsv.com/3JT2,2026-02-16T18:14:42.753,1,"<strong>Ability — Drastic Draw</strong>
<br>When you play this Pokemon from your hand to evolve 1 of your Pokemon during your turn, you may draw 3 cards.",0.08,0.3,4.99,0.29,0.26,Holofoil,,091/163,Holo Rare,Darkness,130,Stage 2,[2] Wing Attack (100),Fx2,None,0,
234202,Crobat,Crobat,https://tcgplayer-cdn.tcgplayer.com/product/234202_200w.jpg,3,2765,https://cpt.tcgcsv.com/3JT2,2026-02-16T18:14:42.753,1,"<strong>Ability — Drastic Draw</strong>
<br>When you play this Pokemon from your hand to evolve 1 of your Pokemon during your turn, you may draw 3 cards.",0.17,0.38,3.95,0.37,0.35,Reverse Holofoil,,091/163,Holo Rare,Darkness,130,Stage 2,[2] Wing Attack (100),Fx2,None,0,
234203,Pachirisu,Pachirisu,https://tcgplayer-cdn.tcgplayer.com/product/234203_200w.jpg,3,2765,https://cpt.tcgcsv.com/5JT2,2026-02-10T14:31:40.553,1,,0.09,0.24,3.09,0.22,,Reverse Holofoil,,049/163,Common,Lightning,70,Basic,"[1] Find a Friend
<br>Search your deck for a Pokemon, reveal it, and put it into your hand. Then, shuffle your deck.",Fx2,None,1,[2] Gnaw (30)
234203,Pachirisu,Pachirisu,https://tcgplayer-cdn.tcgplayer.com/product/234203_200w.jpg,3,2765,https://cpt.tcgcsv.com/5JT2,2026-02-10T14:31:40.553,1,,0.01,0.14,19.5,0.12,0.05,Normal,,049/163,Common,Lightning,70,Basic,"[1] Find a Friend
<br>Search your deck for a Pokemon, reveal it, and put it into your hand. Then, shuffle your deck.",Fx2,None,1,[2] Gnaw (30)
234204,Galarian Slowbro,Galarian Slowbro,https://tcgplayer-cdn.tcgplayer.com/product/234204_200w.jpg,3,2765,https://cpt.tcgcsv.com/6JT2,2026-02-06T20:07:41.297,1,,0.15,0.41,19.5,0.43,0.34,Reverse Holofoil,,092/163,Rare,Darkness,130,Stage 1,"[D] Splattering Poison
<br>Both Active Pokemon are now Poisoned.",Fx2,None,3,"[2D] Unhinged Hammer (100+)
<br>If this Pokemon is affected by a Special Condition, this attack does 120 more damage."
234204,Galarian Slowbro,Galarian Slowbro,https://tcgplayer-cdn.tcgplayer.com/product/234204_200w.jpg,3,2765,https://cpt.tcgcsv.com/6JT2,2026-02-06T20:07:41.297,1,,0.06,0.25,5.0,0.27,0.24,Normal,,092/163,Rare,Darkness,130,Stage 1,"[D] Splattering Poison
<br>Both Active Pokemon are now Poisoned.",Fx2,None,3,"[2D] Unhinged Hammer (100+)
<br>If this Pokemon is affected by a Special Condition, this attack does 120 more damage."
234205,Tapu Koko V,Tapu Koko V,https://tcgplayer-cdn.tcgplayer.com/product/234205_200w.jpg,3,2765,https://cpt.tcgcsv.com/7JT2,2025-10-31T19:08:23.717,1,,0.5,0.99,75.0,0.91,0.82,Holofoil,,050/163,Ultra Rare,Lightning,210,VMAX,[L] Electro Ball (40),Fx2,None,1,"[1LL] Spiral Thunder (20+)
<br>This attack does 40 more damage for each Energy attached to all of your opponent's Pokemon."
234207,Tapu Koko VMAX,Tapu Koko VMAX,https://tcgplayer-cdn.tcgplayer.com/product/234207_200w.jpg,3,2765,https://cpt.tcgcsv.com/9JT2,2021-07-30T15:10:17.68,1,,0.99,2.0,10.0,1.78,1.8,Holofoil,,051/163,Ultra Rare,Lightning,320,VMAX,"[1LL] Max Shock (180)
<br>If you have more Prize cards remaining than your opponent, their Active Pokemon is now Paralyzed.",Fx2,None,1,
234209,Yamper,Yamper,https://tcgplayer-cdn.tcgplayer.com/product/234209_200w.jpg,3,2765,https://cpt.tcgcsv.com/cJT2,2025-02-07T20:10:55.423,1,"<strong>Ability — Ball Search</strong>                                             
<br>When you play this Pokemon from your hand onto your Bench during your turn, you may put a Poke Ball card, a Great Ball card, or 1 of each from your discard pile into your hand.",0.01,0.15,2.0,0.14,,Normal,,052/163,Common,Lightning,60,Basic,[2] Flop (20),Fx2,None,1,
234209,Yamper,Yamper,https://tcgplayer-cdn.tcgplayer.com/product/234209_200w.jpg,3,2765,https://cpt.tcgcsv.com/cJT2,2025-02-07T20:10:55.423,1,"<strong>Ability — Ball Search</strong>                                             
<br>When you play this Pokemon from your hand onto your Bench during your turn, you may put a Poke Ball card, a Great Ball card, or 1 of each from your discard pile into your hand.",0.05,0.25,2.0,0.21,,Reverse Holofoil,,052/163,Common,Lightning,60,Basic,[2] Flop (20),Fx2,None,1,
234211,Boltund,Boltund,https://tcgplayer-cdn.tcgplayer.com/product/234211_200w.jpg,3,2765,https://cpt.tcgcsv.com/fJT2,2022-03-16T17:48:28.937,1,,0.03,0.2,2.26,0.15,,Normal,,053/163,Rare,Lightning,130,Stage 1,"[L] Corner (30)
<br>During your opponent's next turn, the Defending Pokemon can't retreat.",Fx2,None,1,"[1LL] Defiant Spark (130)
<br>If this Pokemon has any damage counters on it, this attack can be used for L."
234211,Boltund,Boltund,https://tcgplayer-cdn.tcgplayer.com/product/234211_200w.jpg,3,2765,https://cpt.tcgcsv.com/fJT2,2022-03-16T17:48:28.937,1,,0.1,0.26,2.35,0.25,0.2,Reverse Holofoil,,053/163,Rare,Lightning,130,Stage 1,"[L] Corner (30)
<br>During your opponent's next turn, the Defending Pokemon can't retreat.",Fx2,None,1,"[1LL] Defiant Spark (130)
<br>If this Pokemon has any damage counters on it, this attack can be used for L."
234212,Galarian Slowpoke,Galarian Slowpoke,https://tcgplayer-cdn.tcgplayer.com/product/234212_200w.jpg,3,2765,https://cpt.tcgcsv.com/gJT2,2025-12-04T01:07:32.117,1,,0.02,0.28,2.0,0.31,,Reverse Holofoil,,054/163,Common,Psychic,70,Basic,"[1] Tantalizing
<br>Flip a coin. If heads, switch 1 of your opponent's Benched Pokemon with their Active Pokemon.",Dx2,F-30,2,
234212,Galarian Slowpoke,Galarian Slowpoke,https://tcgplayer-cdn.tcgplayer.com/product/234212_200w.jpg,3,2765,https://cpt.tcgcsv.com/gJT2,2025-12-04T01:07:32.117,1,,0.01,0.19,1.49,0.18,,Normal,,054/163,Common,Psychic,70,Basic,"[1] Tantalizing
<br>Flip a coin. If heads, switch 1 of your opponent's Benched Pokemon with their Active Pokemon.",Dx2,F-30,2,
234221,Spoink,Spoink,https://tcgplayer-cdn.tcgplayer.com/product/234221_200w.jpg,3,2765,https://cpt.tcgcsv.com/rJT2,2025-02-07T20:10:55.563,1,,0.05,0.25,2.0,0.23,,Reverse Holofoil,,055/163,Common,Psychic,60,Basic,[P] Headbutt Bounce (10),Dx2,F-30,1,[1P] Power Gem (30)
234221,Spoink,Spoink,https://tcgplayer-cdn.tcgplayer.com/product/234221_200w.jpg,3,2765,https://cpt.tcgcsv.com/rJT2,2025-02-07T20:10:55.563,1,,0.01,0.14,19.5,0.11,0.05,Normal,,055/163,Common,Psychic,60,Basic,[P] Headbutt Bounce (10),Dx2,F-30,1,[1P] Power Gem (30)
234222,Grumpig,Grumpig,https://tcgplayer-cdn.tcgplayer.com/product/234222_200w.jpg,3,2765,https://cpt.tcgcsv.com/sJT2,2024-10-15T15:46:47.547,1,,0.01,0.17,2.26,0.16,,Normal,,056/163,Uncommon,Psychic,130,Stage 1,"[1P] Dazzle Dance (30)
<br>Your opponent's Active Pokemon is now Confused.",Dx2,F-30,3,[1PP] Power Gem (120)
234222,Grumpig,Grumpig,https://tcgplayer-cdn.tcgplayer.com/product/234222_200w.jpg,3,2765,https://cpt.tcgcsv.com/sJT2,2024-10-15T15:46:47.547,1,,0.09,0.31,19.5,0.32,0.25,Reverse Holofoil,,056/163,Uncommon,Psychic,130,Stage 1,"[1P] Dazzle Dance (30)
<br>Your opponent's Active Pokemon is now Confused.",Dx2,F-30,3,[1PP] Power Gem (120)
234223,Baltoy,Baltoy,https://tcgplayer-cdn.tcgplayer.com/product/234223_200w.jpg,3,2765,https://cpt.tcgcsv.com/tJT2,2025-02-07T20:10:56.017,1,,0.07,0.2,2.0,0.14,,Reverse Holofoil,,057/163,Common,Psychic,60,Basic,"[1P] Self-Destruct (60)
<br>This Pokemon also does 60 damage to itself.",Dx2,F-30,1,
234223,Baltoy,Baltoy,https://tcgplayer-cdn.tcgplayer.com/product/234223_200w.jpg,3,2765,https://cpt.tcgcsv.com/tJT2,2025-02-07T20:10:56.017,1,,0.01,0.12,2.0,0.08,,Normal,,057/163,Common,Psychic,60,Basic,"[1P] Self-Destruct (60)
<br>This Pokemon also does 60 damage to itself.",Dx2,F-30,1,
234224,Murkrow,Murkrow,https://tcgplayer-cdn.tcgplayer.com/product/234224_200w.jpg,3,2765,https://cpt.tcgcsv.com/vJT2,2025-02-07T20:10:56.08,1,,0.01,0.13,19.5,0.08,0.05,Normal,,093/163,Common,Darkness,70,Basic,"[1] Scout
<br>Your opponent reveals their hand.",Lx2,F-30,1,[1D] Peck (20)
234224,Murkrow,Murkrow,https://tcgplayer-cdn.tcgplayer.com/product/234224_200w.jpg,3,2765,https://cpt.tcgcsv.com/vJT2,2025-02-07T20:10:56.08,1,,0.03,0.25,6.0,0.25,,Reverse Holofoil,,093/163,Common,Darkness,70,Basic,"[1] Scout
<br>Your opponent reveals their hand.",Lx2,F-30,1,[1D] Peck (20)
234225,Honchkrow,Honchkrow,https://tcgplayer-cdn.tcgplayer.com/product/234225_200w.jpg,3,2765,https://cpt.tcgcsv.com/wJT2,2025-02-07T20:10:56.323,1,"<strong>Ability — Insomnia</strong>
<br>This Pokemon can't be Asleep.",0.01,0.15,2.19,0.09,,Normal,,094/163,Uncommon,Darkness,130,Stage 1,"[2D] Voltage Dive (80+)
<br>If your opponent's Active Pokemon has any Special Energy attached, this attack does 80 more damage.",Lx2,F-30,2,
234225,Honchkrow,Honchkrow,https://tcgplayer-cdn.tcgplayer.com/product/234225_200w.jpg,3,2765,https://cpt.tcgcsv.com/wJT2,2025-02-07T20:10:56.323,1,"<strong>Ability — Insomnia</strong>
<br>This Pokemon can't be Asleep.",0.03,0.25,2.0,0.22,0.17,Reverse Holofoil,,094/163,Uncommon,Darkness,130,Stage 1,"[2D] Voltage Dive (80+)
<br>If your opponent's Active Pokemon has any Special Energy attached, this attack does 80 more damage.",Lx2,F-30,2,
234226,Houndour,Houndour,https://tcgplayer-cdn.tcgplayer.com/product/234226_200w.jpg,3,2765,https://cpt.tcgcsv.com/xJT2,2026-02-10T14:30:13.053,1,,0.01,0.16,19.5,0.16,0.09,Normal,,095/163,Common,Darkness,60,Basic,[1] Bite (20),Gx2,None,1,
234226,Houndour,Houndour,https://tcgplayer-cdn.tcgplayer.com/product/234226_200w.jpg,3,2765,https://cpt.tcgcsv.com/xJT2,2026-02-10T14:30:13.053,1,,0.05,0.25,2.0,0.24,0.2,Reverse Holofoil,,095/163,Common,Darkness,60,Basic,[1] Bite (20),Gx2,None,1,
234227,Houndoom,Houndoom,https://tcgplayer-cdn.tcgplayer.com/product/234227_200w.jpg,3,2765,https://cpt.tcgcsv.com/zJT2,2023-02-08T13:51:41.787,1,"<strong>Ability — Single Strike Roar</strong>
<br>Once during your turn, you may search your deck for a Single Strike Energy card and attach it to 1 of your Single Strike Pokemon. Then, shuffle your deck. If you attached Energy to a Pokemon in this way, put 2 damage counters on that Pokemon.",0.13,0.34,4.99,0.33,0.27,Holofoil,,096/163,Holo Rare,Darkness,130,Stage 1,[1D] Darkness Fang (50),Gx2,None,2,
234227,Houndoom,Houndoom,https://tcgplayer-cdn.tcgplayer.com/product/234227_200w.jpg,3,2765,https://cpt.tcgcsv.com/zJT2,2023-02-08T13:51:41.787,1,"<strong>Ability — Single Strike Roar</strong>
<br>Once during your turn, you may search your deck for a Single Strike Energy card and attach it to 1 of your Single Strike Pokemon. Then, shuffle your deck. If you attached Energy to a Pokemon in this way, put 2 damage counters on that Pokemon.",0.08,0.32,3.75,0.33,,Reverse Holofoil,,096/163,Holo Rare,Darkness,130,Stage 1,[1D] Darkness Fang (50),Gx2,None,2,
234228,Tyranitar V,Tyranitar V,https://tcgplayer-cdn.tcgplayer.com/product/234228_200w.jpg,3,2765,https://cpt.tcgcsv.com/BJT2,2025-10-31T19:08:24.21,1,,0.45,0.99,12.0,0.85,0.69,Holofoil,,097/163,Ultra Rare,Darkness,230,Basic,"[2D] Cragalanche (60)
<br>Discard the top 2 cards of your opponent's deck.",Gx2,None,3,"[2DD] Single Strike Crush (240)
<br>Discard the top 4 cards of your deck."
234229,Morpeko,Morpeko,https://tcgplayer-cdn.tcgplayer.com/product/234229_200w.jpg,3,2765,https://cpt.tcgcsv.com/CJT2,2025-12-04T01:10:22.81,1,,0.02,0.15,1.89,0.13,,Normal,,098/163,Uncommon,Darkness,80,Basic,"[1] Gather Food 
<br>Put an Item card from your discard pile into your hand.",Gx2,None,1,"[D] Hangry Tackle (20+)
<br>If you have no cards in your hand, this attack does 90 more damage."
234229,Morpeko,Morpeko,https://tcgplayer-cdn.tcgplayer.com/product/234229_200w.jpg,3,2765,https://cpt.tcgcsv.com/CJT2,2025-12-04T01:10:22.81,1,,0.08,0.31,2.0,0.35,,Reverse Holofoil,,098/163,Uncommon,Darkness,80,Basic,"[1] Gather Food 
<br>Put an Item card from your discard pile into your hand.",Gx2,None,1,"[D] Hangry Tackle (20+)
<br>If you have no cards in your hand, this attack does 90 more damage."
234230,Claydol,Claydol,https://tcgplayer-cdn.tcgplayer.com/product/234230_200w.jpg,3,2765,https://cpt.tcgcsv.com/DJT2,2025-12-04T01:03:04.897,1,,0.08,0.25,19.5,0.2,0.16,Reverse Holofoil,,058/163,Rare,Psychic,120,Stage 1,"[1] Power Split
<br>Attach P Energy cards from your discard pile to your Pokemon in any way you like until your Pokemon and your opponent's Pokemon have the same total amount of Energy attached.",Dx2,F-30,2,[1PP] Psyshot (100)
234230,Claydol,Claydol,https://tcgplayer-cdn.tcgplayer.com/product/234230_200w.jpg,3,2765,https://cpt.tcgcsv.com/DJT2,2025-12-04T01:03:04.897,1,,0.02,0.2,5.02,0.18,0.09,Normal,,058/163,Rare,Psychic,120,Stage 1,"[1] Power Split
<br>Attach P Energy cards from your discard pile to your Pokemon in any way you like until your Pokemon and your opponent's Pokemon have the same total amount of Energy attached.",Dx2,F-30,2,[1PP] Psyshot (100)
234231,Chimecho,Chimecho,https://tcgplayer-cdn.tcgplayer.com/product/234231_200w.jpg,3,2765,https://cpt.tcgcsv.com/FJT2,2026-01-29T15:53:16.387,1,,0.01,0.15,19.5,0.13,0.05,Normal,,059/163,Common,Psychic,70,Basic,"[1] Minor Errand-Running
<br>Search your deck for up to 2 basic Energy cards, reveal them, and put them into your hand. Then, shuffle your deck.",Dx2,F-30,1,"[1] Pleasant Tone (20)
<br>Your opponent's Active Pokemon is now Asleep."
234231,Chimecho,Chimecho,https://tcgplayer-cdn.tcgplayer.com/product/234231_200w.jpg,3,2765,https://cpt.tcgcsv.com/FJT2,2026-01-29T15:53:16.387,1,,0.07,0.25,2.25,0.22,,Reverse Holofoil,,059/163,Common,Psychic,70,Basic,"[1] Minor Errand-Running
<br>Search your deck for up to 2 basic Energy cards, reveal them, and put them into your hand. Then, shuffle your deck.",Dx2,F-30,1,"[1] Pleasant Tone (20)
<br>Your opponent's Active Pokemon is now Asleep."
234232,Espurr,Espurr,https://tcgplayer-cdn.tcgplayer.com/product/234232_200w.jpg,3,2765,https://cpt.tcgcsv.com/GJT2,2026-01-29T15:54:21.593,1,,0.04,0.27,2.0,0.27,,Reverse Holofoil,,060/163,Common,Psychic,60,Basic,"[1P] Focused Wish (20+)
<br>Flip a coin. If heads, this attack does 20 more damage.",Dx2,F-30,1,
234232,Espurr,Espurr,https://tcgplayer-cdn.tcgplayer.com/product/234232_200w.jpg,3,2765,https://cpt.tcgcsv.com/GJT2,2026-01-29T15:54:21.593,1,,0.01,0.15,5.01,0.12,,Normal,,060/163,Common,Psychic,60,Basic,"[1P] Focused Wish (20+)
<br>Flip a coin. If heads, this attack does 20 more damage.",Dx2,F-30,1,
234233,Meowstic,Meowstic,https://tcgplayer-cdn.tcgplayer.com/product/234233_200w.jpg,3,2765,https://cpt.tcgcsv.com/HJT2,2026-02-06T20:09:02.813,1,"<strong>Ability — Ear Moves</strong>                                             
<br>Once during your turn, you may move 1 damage counter from 1 of your Pokemon to 1 of your opponent's Pokemon.",0.1,0.4,2.95,0.37,,Reverse Holofoil,,061/163,Holo Rare,Psychic,90,Stage 1,[1P] Psychic Sphere (50),Dx2,F-30,1,
234233,Meowstic,Meowstic,https://tcgplayer-cdn.tcgplayer.com/product/234233_200w.jpg,3,2765,https://cpt.tcgcsv.com/HJT2,2026-02-06T20:09:02.813,1,"<strong>Ability — Ear Moves</strong>                                             
<br>Once during your turn, you may move 1 damage counter from 1 of your Pokemon to 1 of your opponent's Pokemon.",0.07,0.33,4.99,0.34,0.25,Holofoil,,061/163,Holo Rare,Psychic,90,Stage 1,[1P] Psychic Sphere (50),Dx2,F-30,1,
234234,Mimikyu V,Mimikyu V,https://tcgplayer-cdn.tcgplayer.com/product/234234_200w.jpg,3,2765,https://cpt.tcgcsv.com/JJT2,2025-10-23T17:17:15.897,1,"<strong>Ability — Dummy Doll</strong>                                             
<br>When you play this Pokemon from your hand onto your Bench during your turn, you may prevent all damage done to this Mimikyu V by attacks from your opponent's Pokemon until the end of your opponent's next turn.",0.8,1.59,11.0,1.56,2.24,Holofoil,,062/163,Ultra Rare,Psychic,160,VMAX,"[P] Jealous Eyes
<br>Put 3 damage counters on your opponent's Active Pokemon for each Prize card your opponent has taken.",Dx2,F-30,2,
234237,Necrozma V,Necrozma V,https://tcgplayer-cdn.tcgplayer.com/product/234237_200w.jpg,3,2765,https://cpt.tcgcsv.com/MJT2,2021-06-03T17:21:43.487,1,,0.5,1.2,4321.0,1.2,1.23,Holofoil,,063/163,Ultra Rare,Psychic,220,VMAX,"[P] Prismatic Ray (20)
<br>This attack also does 20 damage to 2 of your opponent's Benched Pokemon. <em>(Don't apply Weakness and Resistance for Benched Pokemon.)</em>",Dx2,F-30,3,"[1PP] Special Laser (100+)
<br>If this Pokemon has any Special Energy attached, this attack does 120 more damage."
234238,Dottler,Dottler,https://tcgplayer-cdn.tcgplayer.com/product/234238_200w.jpg,3,2765,https://cpt.tcgcsv.com/NJT2,2025-02-07T20:10:56.663,1,,0.07,0.2,2.0,0.15,,Reverse Holofoil,,064/163,Uncommon,Psychic,70,Stage 1,"[P] Radar
<br>Look at the top 4 cards of your deck and put them back in any order.",Dx2,F-30,2,[2] Ram (20)
234238,Dottler,Dottler,https://tcgplayer-cdn.tcgplayer.com/product/234238_200w.jpg,3,2765,https://cpt.tcgcsv.com/NJT2,2025-02-07T20:10:56.663,1,,0.01,0.15,5.01,0.08,,Normal,,064/163,Uncommon,Psychic,70,Stage 1,"[P] Radar
<br>Look at the top 4 cards of your deck and put them back in any order.",Dx2,F-30,2,[2] Ram (20)
234241,Orbeetle,Orbeetle,https://tcgplayer-cdn.tcgplayer.com/product/234241_200w.jpg,3,2765,https://cpt.tcgcsv.com/RJT2,2024-01-07T16:40:37.757,1,,0.05,0.25,4.99,0.21,0.23,Holofoil,,065/163,Holo Rare,Psychic,110,Stage 2,"[1] Evomancy
<br>For each Energy attached to this Pokemon, search your deck for a Stage 2 Pokemon, except Orbeetle, and put it onto your Bench. Then, shuffle your deck.",Dx2,F-30,1,[2P] Zen Headbutt (120)
234241,Orbeetle,Orbeetle,https://tcgplayer-cdn.tcgplayer.com/product/234241_200w.jpg,3,2765,https://cpt.tcgcsv.com/RJT2,2024-01-07T16:40:37.757,1,,0.1,0.25,5.12,0.25,0.2,Reverse Holofoil,,065/163,Holo Rare,Psychic,110,Stage 2,"[1] Evomancy
<br>For each Energy attached to this Pokemon, search your deck for a Stage 2 Pokemon, except Orbeetle, and put it onto your Bench. Then, shuffle your deck.",Dx2,F-30,1,[2P] Zen Headbutt (120)
234242,Mankey,Mankey,https://tcgplayer-cdn.tcgplayer.com/product/234242_200w.jpg,3,2765,https://cpt.tcgcsv.com/SJT2,2025-12-04T01:09:50.707,1,,0.01,0.1,5.01,0.07,,Normal,,066/163,Common,Fighting,60,Basic,"[1F] Focus Fist (50)
<br>Flip a coin. If tails, this attack does nothing.",Px2,None,1,
234242,Mankey,Mankey,https://tcgplayer-cdn.tcgplayer.com/product/234242_200w.jpg,3,2765,https://cpt.tcgcsv.com/SJT2,2025-12-04T01:09:50.707,1,,0.08,0.21,2.0,0.18,,Reverse Holofoil,,066/163,Common,Fighting,60,Basic,"[1F] Focus Fist (50)
<br>Flip a coin. If tails, this attack does nothing.",Px2,None,1,
234243,Primeape,Primeape,https://tcgplayer-cdn.tcgplayer.com/product/234243_200w.jpg,3,2765,https://cpt.tcgcsv.com/TJT2,2025-02-07T20:10:56.797,1,,0.01,0.2,2.0,0.13,,Normal,,067/163,Rare,Fighting,120,Stage 1,[1] Field Crush (20),Px2,None,2,"[FF] Steamin' Mad Strike (50x)
<br>This attack does 50 damage for each of your Benched Pokemon that has any damage counters on it."
234243,Primeape,Primeape,https://tcgplayer-cdn.tcgplayer.com/product/234243_200w.jpg,3,2765,https://cpt.tcgcsv.com/TJT2,2025-02-07T20:10:56.797,1,,0.05,0.27,2.0,0.29,,Reverse Holofoil,,067/163,Rare,Fighting,120,Stage 1,[1] Field Crush (20),Px2,None,2,"[FF] Steamin' Mad Strike (50x)
<br>This attack does 50 damage for each of your Benched Pokemon that has any damage counters on it."
234244,Onix,Onix,https://tcgplayer-cdn.tcgplayer.com/product/234244_200w.jpg,3,2765,https://cpt.tcgcsv.com/VJT2,2025-02-07T20:10:56.86,1,,0.05,0.2,55.0,0.2,,Reverse Holofoil,,068/163,Common,Fighting,110,Basic,[3] Rock Throw (60),Gx2,None,4,"[4F] Rocky Tackle (170)
<br>This Pokemon also does 60 damage to itself."
234244,Onix,Onix,https://tcgplayer-cdn.tcgplayer.com/product/234244_200w.jpg,3,2765,https://cpt.tcgcsv.com/VJT2,2025-02-07T20:10:56.86,1,,0.01,0.12,5.01,0.11,,Normal,,068/163,Common,Fighting,110,Basic,[3] Rock Throw (60),Gx2,None,4,"[4F] Rocky Tackle (170)
<br>This Pokemon also does 60 damage to itself."
234245,Cubone,Cubone,https://tcgplayer-cdn.tcgplayer.com/product/234245_200w.jpg,3,2765,https://cpt.tcgcsv.com/WJT2,2026-01-29T15:52:11.693,1,,0.01,0.23,19.5,0.23,0.11,Normal,,069/163,Common,Fighting,70,Basic,[F] Beat (10),Gx2,None,1,[1F] Headbutt (30)
234245,Cubone,Cubone,https://tcgplayer-cdn.tcgplayer.com/product/234245_200w.jpg,3,2765,https://cpt.tcgcsv.com/WJT2,2026-01-29T15:52:11.693,1,,0.12,0.33,2.0,0.34,,Reverse Holofoil,,069/163,Common,Fighting,70,Basic,[F] Beat (10),Gx2,None,1,[1F] Headbutt (30)
234246,Marowak,Marowak,https://tcgplayer-cdn.tcgplayer.com/product/234246_200w.jpg,3,2765,https://cpt.tcgcsv.com/XJT2,2026-02-06T20:08:56.4,1,"<strong>Ability — Battle Armor</strong>                                             
<br>This Pokemon takes 30 less damage from attacks <em>(after applying Weakness and Resistance).</em>",0.1,0.29,2.0,0.32,,Reverse Holofoil,,070/163,Rare,Fighting,110,Stage 1,"[1F] Bonemerang (90x)
<br>Flip 2 coins. This attack does 90 damage for each heads.",Gx2,None,2,
234246,Marowak,Marowak,https://tcgplayer-cdn.tcgplayer.com/product/234246_200w.jpg,3,2765,https://cpt.tcgcsv.com/XJT2,2026-02-06T20:08:56.4,1,"<strong>Ability — Battle Armor</strong>                                             
<br>This Pokemon takes 30 less damage from attacks <em>(after applying Weakness and Resistance).</em>",0.03,0.21,5.05,0.21,,Normal,,070/163,Rare,Fighting,110,Stage 1,"[1F] Bonemerang (90x)
<br>Flip 2 coins. This attack does 90 damage for each heads.",Gx2,None,2,
234247,Gligar,Gligar,https://tcgplayer-cdn.tcgplayer.com/product/234247_200w.jpg,3,2765,https://cpt.tcgcsv.com/ZJT2,2026-02-10T14:28:37.75,1,,0.05,0.2,2.0,0.2,,Reverse Holofoil,,071/163,Common,Fighting,70,Basic,[2] Slash (30),Gx2,None,1,
234247,Gligar,Gligar,https://tcgplayer-cdn.tcgplayer.com/product/234247_200w.jpg,3,2765,https://cpt.tcgcsv.com/ZJT2,2026-02-10T14:28:37.75,1,,0.01,0.1,2.19,0.07,,Normal,,071/163,Common,Fighting,70,Basic,[2] Slash (30),Gx2,None,1,
234248,Gliscor,Gliscor,https://tcgplayer-cdn.tcgplayer.com/product/234248_200w.jpg,3,2765,https://cpt.tcgcsv.com/-JT2,2026-02-10T14:29:00.933,1,,0.01,0.13,2.29,0.11,,Normal,,072/163,Uncommon,Fighting,120,Stage 1,"[2] Acrobatics (20+)
<br>Flip 2 coins. This attack does 40 more damage for each heads.",Gx2,None,1,[2F] Guillotine (90)
234248,Gliscor,Gliscor,https://tcgplayer-cdn.tcgplayer.com/product/234248_200w.jpg,3,2765,https://cpt.tcgcsv.com/-JT2,2026-02-10T14:29:00.933,1,,0.01,0.24,2.0,0.21,0.19,Reverse Holofoil,,072/163,Uncommon,Fighting,120,Stage 1,"[2] Acrobatics (20+)
<br>Flip 2 coins. This attack does 40 more damage for each heads.",Gx2,None,1,[2F] Guillotine (90)
234249,Timburr,Timburr,https://tcgplayer-cdn.tcgplayer.com/product/234249_200w.jpg,3,2765,https://cpt.tcgcsv.com/_JT2,2026-01-29T15:50:13.15,1,,0.01,0.1,19.5,0.08,0.02,Normal,,073/163,Common,Fighting,80,Basic,[2] Pound (20),Px2,None,2,
234249,Timburr,Timburr,https://tcgplayer-cdn.tcgplayer.com/product/234249_200w.jpg,3,2765,https://cpt.tcgcsv.com/_JT2,2026-01-29T15:50:13.15,1,,0.03,0.22,2.29,0.21,0.06,Reverse Holofoil,,073/163,Common,Fighting,80,Basic,[2] Pound (20),Px2,None,2,
234250,Gurdurr,Gurdurr,https://tcgplayer-cdn.tcgplayer.com/product/234250_200w.jpg,3,2765,https://cpt.tcgcsv.com/0KT2,2021-03-19T04:03:23.62,1,,0.05,0.2,2.0,0.17,0.1,Reverse Holofoil,,074/163,Uncommon,Fighting,100,Stage 1,[2] Pound (30),Px2,None,3,[2F] Hammer In (60)
234250,Gurdurr,Gurdurr,https://tcgplayer-cdn.tcgplayer.com/product/234250_200w.jpg,3,2765,https://cpt.tcgcsv.com/0KT2,2021-03-19T04:03:23.62,1,,0.01,0.14,5.03,0.09,0.04,Normal,,074/163,Uncommon,Fighting,100,Stage 1,[2] Pound (30),Px2,None,3,[2F] Hammer In (60)
234251,Conkeldurr,Conkeldurr,https://tcgplayer-cdn.tcgplayer.com/product/234251_200w.jpg,3,2765,https://cpt.tcgcsv.com/2KT2,2021-03-19T04:03:23.62,1,,0.01,0.21,19.5,0.21,0.14,Normal,,075/163,Rare,Fighting,160,Stage 2,"[2F] Hammer Pressure (90)
<br>If the Defending Pokemon is an Evolution Pokemon, it can't attack during your opponent's next turn.",Px2,None,3,[2FF] Mega Punch (150)
234251,Conkeldurr,Conkeldurr,https://tcgplayer-cdn.tcgplayer.com/product/234251_200w.jpg,3,2765,https://cpt.tcgcsv.com/2KT2,2021-03-19T04:03:23.62,1,,0.01,0.25,2.0,0.22,0.23,Reverse Holofoil,,075/163,Rare,Fighting,160,Stage 2,"[2F] Hammer Pressure (90)
<br>If the Defending Pokemon is an Evolution Pokemon, it can't attack during your opponent's next turn.",Px2,None,3,[2FF] Mega Punch (150)
234252,Mienfoo,Mienfoo,https://tcgplayer-cdn.tcgplayer.com/product/234252_200w.jpg,3,2765,https://cpt.tcgcsv.com/3KT2,2023-04-02T15:23:53.833,1,,0.06,0.2,3.06,0.17,0.17,Reverse Holofoil,,076/163,Common,Fighting,60,Basic,"[1F] Double Stab (30x)
<br>Flip 2 coins. This attack does 30 damage for each heads.",Px2,None,1,
234252,Mienfoo,Mienfoo,https://tcgplayer-cdn.tcgplayer.com/product/234252_200w.jpg,3,2765,https://cpt.tcgcsv.com/3KT2,2023-04-02T15:23:53.833,1,,0.01,0.11,19.5,0.07,0.03,Normal,,076/163,Common,Fighting,60,Basic,"[1F] Double Stab (30x)
<br>Flip 2 coins. This attack does 30 damage for each heads.",Px2,None,1,
234253,Mienshao,Mienshao,https://tcgplayer-cdn.tcgplayer.com/product/234253_200w.jpg,3,2765,https://cpt.tcgcsv.com/5KT2,2021-03-19T04:03:23.62,1,,0.05,0.22,2.0,0.2,0.19,Reverse Holofoil,,077/163,Rare,Fighting,90,Stage 1,[1] Pound (20),Px2,None,1,"[1F] Spinning Whip (90)
<br>Your opponent's Active Pokemon is now Confused. Shuffle this Pokemon and all attached cards into your deck."
234253,Mienshao,Mienshao,https://tcgplayer-cdn.tcgplayer.com/product/234253_200w.jpg,3,2765,https://cpt.tcgcsv.com/5KT2,2021-03-19T04:03:23.62,1,,0.02,0.17,19.5,0.13,0.08,Normal,,077/163,Rare,Fighting,90,Stage 1,[1] Pound (20),Px2,None,1,"[1F] Spinning Whip (90)
<br>Your opponent's Active Pokemon is now Confused. Shuffle this Pokemon and all attached cards into your deck."
234254,Rolycoly,Rolycoly,https://tcgplayer-cdn.tcgplayer.com/product/234254_200w.jpg,3,2765,https://cpt.tcgcsv.com/6KT2,2026-01-29T15:45:37.987,1,,0.05,0.2,2.0,0.17,,Reverse Holofoil,,078/163,Common,Fighting,70,Basic,"[F] Reckless Charge (30)
<br>This Pokemon also does 10 damage to itself.",Gx2,None,2,
234254,Rolycoly,Rolycoly,https://tcgplayer-cdn.tcgplayer.com/product/234254_200w.jpg,3,2765,https://cpt.tcgcsv.com/6KT2,2026-01-29T15:45:37.987,1,,0.01,0.12,19.5,0.1,0.04,Normal,,078/163,Common,Fighting,70,Basic,"[F] Reckless Charge (30)
<br>This Pokemon also does 10 damage to itself.",Gx2,None,2,
234255,Carkol,Carkol,https://tcgplayer-cdn.tcgplayer.com/product/234255_200w.jpg,3,2765,https://cpt.tcgcsv.com/7KT2,2026-02-16T20:29:39.903,1,,0.04,0.25,2.0,0.21,0.2,Reverse Holofoil,,079/163,Uncommon,Fighting,100,Stage 1,[3] Tackle (50),Gx2,None,3,"[3F] Wild Tackle (100)
<br>This Pokemon also does 10 damage to itself."
234255,Carkol,Carkol,https://tcgplayer-cdn.tcgplayer.com/product/234255_200w.jpg,3,2765,https://cpt.tcgcsv.com/7KT2,2026-02-16T20:29:39.903,1,,0.01,0.15,5.01,0.09,0.06,Normal,,079/163,Uncommon,Fighting,100,Stage 1,[3] Tackle (50),Gx2,None,3,"[3F] Wild Tackle (100)
<br>This Pokemon also does 10 damage to itself."
234256,Coalossal,Coalossal,https://tcgplayer-cdn.tcgplayer.com/product/234256_200w.jpg,3,2765,https://cpt.tcgcsv.com/8KT2,2023-04-28T09:31:39.193,1,,0.1,0.3,2.25,0.3,0.23,Holofoil,,080/163,Holo Rare,Fighting,180,Stage 2,"[1] Coal Cannon (90x)
<br>Flip a coin for each Energy attached to this Pokemon. This attack does 90 damage for each heads.",Gx2,None,4,"[3F] Wild Tackle (200)
<br>This Pokemon also does 50 damage to itself."
234256,Coalossal,Coalossal,https://tcgplayer-cdn.tcgplayer.com/product/234256_200w.jpg,3,2765,https://cpt.tcgcsv.com/8KT2,2023-04-28T09:31:39.193,1,,0.09,0.25,2.0,0.25,0.2,Reverse Holofoil,,080/163,Holo Rare,Fighting,180,Stage 2,"[1] Coal Cannon (90x)
<br>Flip a coin for each Energy attached to this Pokemon. This attack does 90 damage for each heads.",Gx2,None,4,"[3F] Wild Tackle (200)
<br>This Pokemon also does 50 damage to itself."
234257,Silicobra,Silicobra,https://tcgplayer-cdn.tcgplayer.com/product/234257_200w.jpg,3,2765,https://cpt.tcgcsv.com/9KT2,2025-02-07T20:10:57.2,1,,0.01,0.12,19.5,0.08,0.03,Normal,,081/163,Common,Fighting,80,Basic,[F] Tail Whap (10),Gx2,None,2,[1FF] Mud Shot (60)
234257,Silicobra,Silicobra,https://tcgplayer-cdn.tcgplayer.com/product/234257_200w.jpg,3,2765,https://cpt.tcgcsv.com/9KT2,2025-02-07T20:10:57.2,1,,0.05,0.23,2.0,0.17,,Reverse Holofoil,,081/163,Common,Fighting,80,Basic,[F] Tail Whap (10),Gx2,None,2,[1FF] Mud Shot (60)
234259,Sandaconda,Sandaconda,https://tcgplayer-cdn.tcgplayer.com/product/234259_200w.jpg,3,2765,https://cpt.tcgcsv.com/cKT2,2023-06-20T15:26:26.433,1,,0.04,0.24,5.04,0.22,0.14,Holofoil,,082/163,Holo Rare,Fighting,130,Stage 1,"[F] Big Sand Cannon (60x)
<br>Discard the top 6 cards of your deck. This attack does 60 damage for each F Energy card you discarded in this way.",Gx2,None,3,[1FF] Skull Bash (120)
234259,Sandaconda,Sandaconda,https://tcgplayer-cdn.tcgplayer.com/product/234259_200w.jpg,3,2765,https://cpt.tcgcsv.com/cKT2,2023-06-20T15:26:26.433,1,,0.03,0.25,2.0,0.16,0.15,Reverse Holofoil,,082/163,Holo Rare,Fighting,130,Stage 1,"[F] Big Sand Cannon (60x)
<br>Discard the top 6 cards of your deck. This attack does 60 damage for each F Energy card you discarded in this way.",Gx2,None,3,[1FF] Skull Bash (120)
234260,Falinks,Falinks,https://tcgplayer-cdn.tcgplayer.com/product/234260_200w.jpg,3,2765,https://cpt.tcgcsv.com/dKT2,2025-02-07T20:10:57.277,1,,0.01,0.2,2.0,0.15,,Normal,,083/163,Rare,Fighting,110,Basic,"[1F] Rapid Strike Squad (20x)
<br>This attack does 20 damage for each of your Rapid Strike Pokemon in play.",Px2,None,2,
234260,Falinks,Falinks,https://tcgplayer-cdn.tcgplayer.com/product/234260_200w.jpg,3,2765,https://cpt.tcgcsv.com/dKT2,2025-02-07T20:10:57.277,1,,0.05,0.25,2.59,0.19,,Reverse Holofoil,,083/163,Rare,Fighting,110,Basic,"[1F] Rapid Strike Squad (20x)
<br>This attack does 20 damage for each of your Rapid Strike Pokemon in play.",Px2,None,2,
234261,Stonjourner,Stonjourner,https://tcgplayer-cdn.tcgplayer.com/product/234261_200w.jpg,3,2765,https://cpt.tcgcsv.com/fKT2,2026-02-05T15:48:53.99,1,,0.05,0.18,12.0,0.11,0.07,Normal,,084/163,Rare,Fighting,130,Basic,"[1F] Land's Pulse (30+)
<br>If a Stadium is in play, this attack does 30 more damage.",Gx2,None,3,"[1FF] Giga Hammer (120)
<br>During your next turn, this Pokemon can't use Giga Hammer."
234261,Stonjourner,Stonjourner,https://tcgplayer-cdn.tcgplayer.com/product/234261_200w.jpg,3,2765,https://cpt.tcgcsv.com/fKT2,2026-02-05T15:48:53.99,1,,0.07,0.25,29.99,0.2,,Reverse Holofoil,,084/163,Rare,Fighting,130,Basic,"[1F] Land's Pulse (30+)
<br>If a Stadium is in play, this attack does 30 more damage.",Gx2,None,3,"[1FF] Giga Hammer (120)
<br>During your next turn, this Pokemon can't use Giga Hammer."
234262,Single Strike Urshifu V,Single Strike Urshifu V,https://tcgplayer-cdn.tcgplayer.com/product/234262_200w.jpg,3,2765,https://cpt.tcgcsv.com/gKT2,2026-02-06T20:15:02.663,1,,0.25,0.99,4321.0,0.63,0.56,Holofoil,,085/163,Ultra Rare,Fighting,220,VMAX,"[F] Laser Focus
<br>Search your deck for up to 2 F Energy cards and attach them to this Pokemon. Then, shuffle your deck.",Px2,None,2,"[1FF] Impact Blow (180)
<br>During your next turn, this Pokemon can't use Impact Blow."
234263,Single Strike Urshifu VMAX,Single Strike Urshifu VMAX,https://tcgplayer-cdn.tcgplayer.com/product/234263_200w.jpg,3,2765,https://cpt.tcgcsv.com/hKT2,2026-02-06T20:15:14.11,1,,0.97,2.0,49.99,1.66,1.51,Holofoil,,086/163,Ultra Rare,Fighting,330,VMAX,[3] Beatdown (100),Px2,None,3,"[1FFF] G-Max One Blow (270)
<br>Discard all Energy from this Pokemon. This attack's damage isn't affected by any effects on your opponent's Active Pokemon."
234267,Rapid Strike Urshifu V,Rapid Strike Urshifu V,https://tcgplayer-cdn.tcgplayer.com/product/234267_200w.jpg,3,2765,https://cpt.tcgcsv.com/mKT2,2026-02-06T20:12:16.32,1,,0.4,0.99,2475.0,0.73,0.72,Holofoil,,087/163,Ultra Rare,Fighting,220,VMAX,"[F] Strafe (30)
<br>You may switch this Pokemon with 1 of your Benched Pokemon.",Px2,None,2,[1FF] Hundred Furious Blows (150)
234268,Rapid Strike Urshifu VMAX,Rapid Strike Urshifu VMAX,https://tcgplayer-cdn.tcgplayer.com/product/234268_200w.jpg,3,2765,https://cpt.tcgcsv.com/nKT2,2026-02-06T20:12:56.923,1,,0.7,1.84,26.0,1.54,1.36,Holofoil,,088/163,Ultra Rare,Fighting,330,VMAX,"[F] Gale Thrust (30+)
<br>If this Pokemon moved from your Bench to the Active Spot this turn, this attack does 120 more damage.",Px2,None,2,"[1FF] G-Max Rapid Flow
<br>Discard all Energy from this Pokemon. This attack does 120 damage to 2 of your opponent's Pokemon. <em>(Don't apply Weakness and Resistance for Benched Pokemon.)</em>"
235284,Battle Styles Elite Trainer Box Case,Battle Styles Elite Trainer Box Case,https://tcgplayer-cdn.tcgplayer.com/product/235284_200w.jpg,3,2765,https://cpt.tcgcsv.com/J7V2,2021-03-26T13:07:53.847,1,"Each sealed Elite Trainer Box case contains 10 Elite Trainer Boxes
<br><em>(5 of each variety.)</em>",1098.95,1114.46,1129.97,984.97,,Normal,0820650828355,,,,,,,,,,
236377,V Strikers Tin [Tyranitar V],V Strikers Tin Tyranitar V,https://tcgplayer-cdn.tcgplayer.com/product/236377_200w.jpg,3,2765,https://cpt.tcgcsv.com/zzV2,2021-07-04T14:29:04.44,1,"Each V Strikers Tin [Tyranitar V] includes:
<br>• 5 Pokemon trading card game booster packs <em>(packs are random)</em>
<br>• 1 foil promo card—featuring Tyranitar V.",74.99,97.43,125.0,66.73,,Normal,820650829550,,,,,,,,,,
236378,V Strikers Tin [Empoleon V],V Strikers Tin Empoleon V,https://tcgplayer-cdn.tcgplayer.com/product/236378_200w.jpg,3,2765,https://cpt.tcgcsv.com/BzV2,2021-07-04T14:29:51.983,1,"Each V Strikers Tin [Empoleon V] includes:
<br>• 5 Pokemon trading card game booster packs <em>(packs are random)</em>
<br>• 1 foil promo card—featuring Empoleon V",89.95,100.0,100.0,65.63,,Normal,820650829550,,,,,,,,,,
236457,Battle Styles Premium Checklane Blister [Golisopod],Battle Styles Premium Checklane Blister Golisopod,https://tcgplayer-cdn.tcgplayer.com/product/236457_200w.jpg,3,2765,https://cpt.tcgcsv.com/9CV2,2021-04-09T12:16:23.963,1,"Contains 1 Sword & Shield — Battle Styles booster pack, a TCGO Code, Coin and 2 cards with an evolution line.",19.0,19.0,19.0,19.0,,Normal,,,,,,,,,,,
236458,Battle Styles Premium Checklane Blister [Toxtricity],Battle Styles Premium Checklane Blister Toxtricity,https://tcgplayer-cdn.tcgplayer.com/product/236458_200w.jpg,3,2765,https://cpt.tcgcsv.com/bCV2,2021-04-09T12:16:47.737,1,"Contains 1 Sword & Shield — Battle Styles booster pack, a TCGO Code, Coin and 2 cards with an evolution line.",17.0,17.0,17.0,19.5,,Normal,,,,,,,,,,,
238637,V Strikers Tin [Empoleon V] (International Version),V Strikers Tin Empoleon V International Version,https://tcgplayer-cdn.tcgplayer.com/product/238637_200w.jpg,3,2765,https://cpt.tcgcsv.com/MsW2,2021-11-26T18:34:34.737,1,Each V Strikers Tin [Empoleon V] (European Version) includes 4 Battle Styles booster packs and one foil promo card featuring Empoleon V.,,,,,,,,,,,,,,,,,
238638,V Strikers Tin [Tyranitar V] (International Version),V Strikers Tin Tyranitar V International Version,https://tcgplayer-cdn.tcgplayer.com/product/238638_200w.jpg,3,2765,https://cpt.tcgcsv.com/NsW2,2021-11-26T18:35:01.16,1,Each V Strikers Tin [Tyranitar V] (European Version) includes 4 Battle Styles booster packs and one foil promo card featuring Tyranitar V.,52.0,52.0,52.0,52.0,,Normal,,,,,,,,,,,
244414,Battle Styles Elite Trainer Box [Set of 2],Battle Styles Elite Trainer Box Set of 2,https://tcgplayer-cdn.tcgplayer.com/product/244414_200w.jpg,3,2765,https://cpt.tcgcsv.com/jNZ2,2021-07-16T14:22:38.04,1,"THE POKÉMON TCG: SWORD & SHIELD — BATTLE STYLES ELITE TRAINER BOX includes:
<br>• 8 Pokémon TCG: Sword & Shield — Battle Styles booster packs
<br>• 65 card sleeves featuring Gigantamax Single Strike Urshifu or Rapid Strike Urshifu
<br>• 45 Pokémon TCG Energy cards
<br>• A player’s guide to the Sword & Shield — Battle Styles expansion
<br>• A Pokémon TCG rulebook
<br>• 6 damage-counter dice
<br>• 1 competition-legal coin-flip die
<br>• 2 acrylic condition markers
<br>• A collector’s box to hold everything, with 4 dividers to keep it organized
<br>• A code card for the Pokémon Trading Card Game Online",174.99,187.49,500.0,181.2,,Normal,0820650808357,,,,,,,,,,
251473,Code Card - V Strikers Tin [Empoleon V],Code Card V Strikers Tin Empoleon V,https://tcgplayer-cdn.tcgplayer.com/product/251473_200w.jpg,3,2765,https://cpt.tcgcsv.com/tC03,2022-07-20T19:21:10.333,1,"This listing is <strong>not</strong> a physical item. Please keep in mind that this <strong>Code Card</strong> listing represents a digital copy of the stated item for the Pokémon TCG Online <strong>and/or</strong> the Pokémon TCG Live games. You may receive the physical <strong>Code Card</strong>. Upon purchase, please work with your specific Seller by sending them a message using the <strong>Contact Seller</strong> button on the order details in your <a href=https://store.tcgplayer.com/myaccount/orderhistory>Order History</a> to opt in to having your <strong>Code Card</strong> code delivered digitally due to the nature of the product.",0.02,0.07,1.34,0.03,,Normal,,,Code Card,,,,,,,,
251475,Code Card - V Strikers Tin [Tyranitar V],Code Card V Strikers Tin Tyranitar V,https://tcgplayer-cdn.tcgplayer.com/product/251475_200w.jpg,3,2765,https://cpt.tcgcsv.com/wC03,2022-07-20T19:21:31.443,1,"This listing is <strong>not</strong> a physical item. Please keep in mind that this <strong>Code Card</strong> listing represents a digital copy of the stated item for the Pokémon TCG Online <strong>and/or</strong> the Pokémon TCG Live games. You may receive the physical <strong>Code Card</strong>. Upon purchase, please work with your specific Seller by sending them a message using the <strong>Contact Seller</strong> button on the order details in your <a href=https://store.tcgplayer.com/myaccount/orderhistory>Order History</a> to opt in to having your <strong>Code Card</strong> code delivered digitally due to the nature of the product.",0.01,0.05,0.5,0.03,,Normal,,,Code Card,,,,,,,,
251477,Code Card - Battle Styles 3 Pack Blister [Eevee],Code Card Battle Styles 3 Pack Blister Eevee,https://tcgplayer-cdn.tcgplayer.com/product/251477_200w.jpg,3,2765,https://cpt.tcgcsv.com/zC03,2022-07-20T19:14:52.777,1,"This listing is <strong>not</strong> a physical item. Please keep in mind that this <strong>Code Card</strong> listing represents a digital copy of the stated item for the Pokémon TCG Online <strong>and/or</strong> the Pokémon TCG Live games. You may receive the physical <strong>Code Card</strong>. Upon purchase, please work with your specific Seller by sending them a message using the <strong>Contact Seller</strong> button on the order details in your <a href=https://store.tcgplayer.com/myaccount/orderhistory>Order History</a> to opt in to having your <strong>Code Card</strong> code delivered digitally due to the nature of the product.",0.06,0.09,0.53,0.08,,Normal,,,Code Card,,,,,,,,
251480,Code Card - Battle Styles 3 Pack Blister [Jolteon],Code Card Battle Styles 3 Pack Blister Jolteon,https://tcgplayer-cdn.tcgplayer.com/product/251480_200w.jpg,3,2765,https://cpt.tcgcsv.com/DC03,2022-07-20T19:14:54.367,1,"This listing is <strong>not</strong> a physical item. Please keep in mind that this <strong>Code Card</strong> listing represents a digital copy of the stated item for the Pokémon TCG Online <strong>and/or</strong> the Pokémon TCG Live games. You may receive the physical <strong>Code Card</strong>. Upon purchase, please work with your specific Seller by sending them a message using the <strong>Contact Seller</strong> button on the order details in your <a href=https://store.tcgplayer.com/myaccount/orderhistory>Order History</a> to opt in to having your <strong>Code Card</strong> code delivered digitally due to the nature of the product.",0.01,0.07,0.65,0.06,,Normal,,,Code Card,,,,,,,,
251482,Code Card - Battle Styles Booster Pack,Code Card Battle Styles Booster Pack,https://tcgplayer-cdn.tcgplayer.com/product/251482_200w.jpg,3,2765,https://cpt.tcgcsv.com/GC03,2022-07-20T19:14:55.737,1,"This listing is <strong>not</strong> a physical item. Please keep in mind that this <strong>Code Card</strong> listing represents a digital copy of the stated item for the Pokémon TCG Online <strong>and/or</strong> the Pokémon TCG Live games. You may receive the physical <strong>Code Card</strong>. Upon purchase, please work with your specific Seller by sending them a message using the <strong>Contact Seller</strong> button on the order details in your <a href=https://store.tcgplayer.com/myaccount/orderhistory>Order History</a> to opt in to having your <strong>Code Card</strong> code delivered digitally due to the nature of the product.",0.01,0.05,1.03,0.02,,Normal,,,Code Card,,,,,,,,
251483,Code Card - Battle Styles Build & Battle Box,Code Card Battle Styles Build and Battle Box,https://tcgplayer-cdn.tcgplayer.com/product/251483_200w.jpg,3,2765,https://cpt.tcgcsv.com/HC03,2022-07-20T19:14:57.517,1,"This listing is <strong>not</strong> a physical item. Please keep in mind that this <strong>Code Card</strong> listing represents a digital copy of the stated item for the Pokémon TCG Online <strong>and/or</strong> the Pokémon TCG Live games. You may receive the physical <strong>Code Card</strong>. Upon purchase, please work with your specific Seller by sending them a message using the <strong>Contact Seller</strong> button on the order details in your <a href=https://store.tcgplayer.com/myaccount/orderhistory>Order History</a> to opt in to having your <strong>Code Card</strong> code delivered digitally due to the nature of the product.",0.25,0.3,0.75,0.34,,Normal,,,Code Card,,,,,,,,
251485,Code Card - Battle Styles Elite Trainer Box [Rapid Strike Urshifu] (Blue),Code Card Battle Styles Elite Trainer Box Rapid Strike Urshifu Blue,https://tcgplayer-cdn.tcgplayer.com/product/251485_200w.jpg,3,2765,https://cpt.tcgcsv.com/KC03,2022-07-20T19:15:01.413,1,"This listing is <strong>not</strong> a physical item. Please keep in mind that this <strong>Code Card</strong> listing represents a digital copy of the stated item for the Pokémon TCG Online <strong>and/or</strong> the Pokémon TCG Live games. You may receive the physical <strong>Code Card</strong>. Upon purchase, please work with your specific Seller by sending them a message using the <strong>Contact Seller</strong> button on the order details in your <a href=https://store.tcgplayer.com/myaccount/orderhistory>Order History</a> to opt in to having your <strong>Code Card</strong> code delivered digitally due to the nature of the product.",0.1,0.22,5.95,0.13,,Normal,,,Code Card,,,,,,,,
251486,Code Card - Battle Styles Elite Trainer Box [Single Strike Urshifu] (Red),Code Card Battle Styles Elite Trainer Box Single Strike Urshifu Red,https://tcgplayer-cdn.tcgplayer.com/product/251486_200w.jpg,3,2765,https://cpt.tcgcsv.com/LC03,2022-07-20T19:15:02.94,1,"This listing is <strong>not</strong> a physical item. Please keep in mind that this <strong>Code Card</strong> listing represents a digital copy of the stated item for the Pokémon TCG Online <strong>and/or</strong> the Pokémon TCG Live games. You may receive the physical <strong>Code Card</strong>. Upon purchase, please work with your specific Seller by sending them a message using the <strong>Contact Seller</strong> button on the order details in your <a href=https://store.tcgplayer.com/myaccount/orderhistory>Order History</a> to opt in to having your <strong>Code Card</strong> code delivered digitally due to the nature of the product.",0.15,0.27,0.4,0.29,,Normal,,,Code Card,,,,,,,,
251491,Code Card - Battle Styles Premium Checklane Blister [Corviknight],Code Card Battle Styles Premium Checklane Blister Corviknight,https://tcgplayer-cdn.tcgplayer.com/product/251491_200w.jpg,3,2765,https://cpt.tcgcsv.com/RC03,2022-07-20T19:15:04.563,1,"This listing is <strong>not</strong> a physical item. Please keep in mind that this <strong>Code Card</strong> listing represents a digital copy of the stated item for the Pokémon TCG Online <strong>and/or</strong> the Pokémon TCG Live games. You may receive the physical <strong>Code Card</strong>. Upon purchase, please work with your specific Seller by sending them a message using the <strong>Contact Seller</strong> button on the order details in your <a href=https://store.tcgplayer.com/myaccount/orderhistory>Order History</a> to opt in to having your <strong>Code Card</strong> code delivered digitally due to the nature of the product.",,,,,,,,,Code Card,,,,,,,,
251494,Code Card - Battle Styles Premium Checklane Blister [Golisopod],Code Card Battle Styles Premium Checklane Blister Golisopod,https://tcgplayer-cdn.tcgplayer.com/product/251494_200w.jpg,3,2765,https://cpt.tcgcsv.com/VC03,2022-07-20T19:15:06.847,1,"This listing is <strong>not</strong> a physical item. Please keep in mind that this <strong>Code Card</strong> listing represents a digital copy of the stated item for the Pokémon TCG Online <strong>and/or</strong> the Pokémon TCG Live games. You may receive the physical <strong>Code Card</strong>. Upon purchase, please work with your specific Seller by sending them a message using the <strong>Contact Seller</strong> button on the order details in your <a href=https://store.tcgplayer.com/myaccount/orderhistory>Order History</a> to opt in to having your <strong>Code Card</strong> code delivered digitally due to the nature of the product.",0.1,0.15,1.54,,,Normal,,,Code Card,,,,,,,,
251496,Code Card - Battle Styles Premium Checklane Blister [Toxtricity],Code Card Battle Styles Premium Checklane Blister Toxtricity,https://tcgplayer-cdn.tcgplayer.com/product/251496_200w.jpg,3,2765,https://cpt.tcgcsv.com/XC03,2022-07-20T19:15:12.157,1,"This listing is <strong>not</strong> a physical item. Please keep in mind that this <strong>Code Card</strong> listing represents a digital copy of the stated item for the Pokémon TCG Online <strong>and/or</strong> the Pokémon TCG Live games. You may receive the physical <strong>Code Card</strong>. Upon purchase, please work with your specific Seller by sending them a message using the <strong>Contact Seller</strong> button on the order details in your <a href=https://store.tcgplayer.com/myaccount/orderhistory>Order History</a> to opt in to having your <strong>Code Card</strong> code delivered digitally due to the nature of the product.",0.1,0.15,0.25,,,Normal,,,Code Card,,,,,,,,
251498,Code Card - Battle Styles Premium Checklane Blister [Tyranitar],Code Card Battle Styles Premium Checklane Blister Tyranitar,https://tcgplayer-cdn.tcgplayer.com/product/251498_200w.jpg,3,2765,https://cpt.tcgcsv.com/-C03,2022-07-20T19:15:13.033,1,"This listing is <strong>not</strong> a physical item. Please keep in mind that this <strong>Code Card</strong> listing represents a digital copy of the stated item for the Pokémon TCG Online <strong>and/or</strong> the Pokémon TCG Live games. You may receive the physical <strong>Code Card</strong>. Upon purchase, please work with your specific Seller by sending them a message using the <strong>Contact Seller</strong> button on the order details in your <a href=https://store.tcgplayer.com/myaccount/orderhistory>Order History</a> to opt in to having your <strong>Code Card</strong> code delivered digitally due to the nature of the product.",,,,,,,,,Code Card,,,,,,,,
251499,Code Card - Battle Styles Single Pack Blister [Arrokuda],Code Card Battle Styles Single Pack Blister Arrokuda,https://tcgplayer-cdn.tcgplayer.com/product/251499_200w.jpg,3,2765,https://cpt.tcgcsv.com/_C03,2022-07-20T19:15:14.417,1,"This listing is <strong>not</strong> a physical item. Please keep in mind that this <strong>Code Card</strong> listing represents a digital copy of the stated item for the Pokémon TCG Online <strong>and/or</strong> the Pokémon TCG Live games. You may receive the physical <strong>Code Card</strong>. Upon purchase, please work with your specific Seller by sending them a message using the <strong>Contact Seller</strong> button on the order details in your <a href=https://store.tcgplayer.com/myaccount/orderhistory>Order History</a> to opt in to having your <strong>Code Card</strong> code delivered digitally due to the nature of the product.",0.03,0.09,0.5,0.05,,Normal,,,Code Card,,,,,,,,
251501,Code Card - Battle Styles Single Pack Blister [Charmander],Code Card Battle Styles Single Pack Blister Charmander,https://tcgplayer-cdn.tcgplayer.com/product/251501_200w.jpg,3,2765,https://cpt.tcgcsv.com/2D03,2022-07-20T19:15:15.747,1,"This listing is <strong>not</strong> a physical item. Please keep in mind that this <strong>Code Card</strong> listing represents a digital copy of the stated item for the Pokémon TCG Online <strong>and/or</strong> the Pokémon TCG Live games. You may receive the physical <strong>Code Card</strong>. Upon purchase, please work with your specific Seller by sending them a message using the <strong>Contact Seller</strong> button on the order details in your <a href=https://store.tcgplayer.com/myaccount/orderhistory>Order History</a> to opt in to having your <strong>Code Card</strong> code delivered digitally due to the nature of the product.",0.01,0.09,0.5,0.02,,Normal,,,Code Card,,,,,,,,
251509,Code Card - Galarian Rapidash V Box,Code Card Galarian Rapidash V Box,https://tcgplayer-cdn.tcgplayer.com/product/251509_200w.jpg,3,2765,https://cpt.tcgcsv.com/cD03,2022-07-20T19:31:57.423,1,"This listing is <strong>not</strong> a physical item. Please keep in mind that this <strong>Code Card</strong> listing represents a digital copy of the stated item for the Pokémon TCG Online <strong>and/or</strong> the Pokémon TCG Live games. You may receive the physical <strong>Code Card</strong>. Upon purchase, please work with your specific Seller by sending them a message using the <strong>Contact Seller</strong> button on the order details in your <a href=https://store.tcgplayer.com/myaccount/orderhistory>Order History</a> to opt in to having your <strong>Code Card</strong> code delivered digitally due to the nature of the product.",0.03,0.17,0.99,,,Normal,,,Code Card,,,,,,,,
251511,Code Card - Rapid Strike Urshifu V Box,Code Card Rapid Strike Urshifu V Box,https://tcgplayer-cdn.tcgplayer.com/product/251511_200w.jpg,3,2765,https://cpt.tcgcsv.com/fD03,2022-07-20T19:43:13.327,1,"This listing is <strong>not</strong> a physical item. Please keep in mind that this <strong>Code Card</strong> listing represents a digital copy of the stated item for the Pokémon TCG Online <strong>and/or</strong> the Pokémon TCG Live games. You may receive the physical <strong>Code Card</strong>. Upon purchase, please work with your specific Seller by sending them a message using the <strong>Contact Seller</strong> button on the order details in your <a href=https://store.tcgplayer.com/myaccount/orderhistory>Order History</a> to opt in to having your <strong>Code Card</strong> code delivered digitally due to the nature of the product.",0.55,1.0,4.99,,,Normal,,,Code Card,,,,,,,,
251514,Code Card - Single Strike Urshifu V Box,Code Card Single Strike Urshifu V Box,https://tcgplayer-cdn.tcgplayer.com/product/251514_200w.jpg,3,2765,https://cpt.tcgcsv.com/jD03,2022-07-20T19:47:44.52,1,"This listing is <strong>not</strong> a physical item. Please keep in mind that this <strong>Code Card</strong> listing represents a digital copy of the stated item for the Pokémon TCG Online <strong>and/or</strong> the Pokémon TCG Live games. You may receive the physical <strong>Code Card</strong>. Upon purchase, please work with your specific Seller by sending them a message using the <strong>Contact Seller</strong> button on the order details in your <a href=https://store.tcgplayer.com/myaccount/orderhistory>Order History</a> to opt in to having your <strong>Code Card</strong> code delivered digitally due to the nature of the product.",0.19,0.25,4.99,0.19,,Normal,,,Code Card,,,,,,,,
251516,Code Card - Spring 2021 Collector's Chest Tin,Code Card Spring 2021 Collectors Chest Tin,https://tcgplayer-cdn.tcgplayer.com/product/251516_200w.jpg,3,2765,https://cpt.tcgcsv.com/lD03,2022-07-20T19:48:38.203,1,"This listing is <strong>not</strong> a physical item. Please keep in mind that this <strong>Code Card</strong> listing represents a digital copy of the stated item for the Pokémon TCG Online <strong>and/or</strong> the Pokémon TCG Live games. You may receive the physical <strong>Code Card</strong>. Upon purchase, please work with your specific Seller by sending them a message using the <strong>Contact Seller</strong> button on the order details in your <a href=https://store.tcgplayer.com/myaccount/orderhistory>Order History</a> to opt in to having your <strong>Code Card</strong> code delivered digitally due to the nature of the product.",0.18,0.19,0.99,0.18,,Normal,,,Code Card,,,,,,,,
251879,Battle Styles Sleeved Booster Pack,Battle Styles Sleeved Booster Pack,https://tcgplayer-cdn.tcgplayer.com/product/251879_200w.jpg,3,2765,https://cpt.tcgcsv.com/CM03,2021-10-18T14:19:44.86,1,Each Sword & Shield—Battle Styles sleeved booster pack contains 10 random cards.,9.9,12.0,18.0,10.49,,Normal,0820650808197,,,,,,,,,,
257189,V Strikers Tin [Set of 2],V Strikers Tin Set of 2,https://tcgplayer-cdn.tcgplayer.com/product/257189_200w.jpg,3,2765,https://cpt.tcgcsv.com/PT33,2021-12-01T19:09:56.28,0,Each V Strikers Tin [Set of 2] includes 1 tin of each style.,139.99,144.97,149.95,119.95,,Normal,,,,,,,,,,,
265321,Battle Styles Booster Pack Art Bundle [Set of 4],Battle Styles Booster Pack Art Bundle Set of 4,https://tcgplayer-cdn.tcgplayer.com/product/265321_200w.jpg,3,2765,https://cpt.tcgcsv.com/r883,2022-03-11T20:28:52.727,1,"Collect each of the 4 unique art packs for Battle Styles.
<br>Each Battle Styles booster pack contains 10 random cards.",29.9,32.99,39.95,30.46,,Normal,,,,,,,,,,,
487794,Battle Styles Sleeved Booster Pack Art Bundle [Set of 4],Battle Styles Sleeved Booster Pack Art Bundle Set of 4,https://tcgplayer-cdn.tcgplayer.com/product/487794_200w.jpg,3,2765,https://cpt.tcgcsv.com/V7W5,2023-03-13T16:42:36.103,1,"Collect each of the 4 unique art packs for Battle Styles.
<br>Each Battle Styles booster pack contains 10 random cards.",39.79,44.0,54.97,35.5,,Normal,,,,,,,,,,,
512055,Code Card - Summer 2023 Collector's Chest Tin,Code Card Summer 2023 Collectors Chest Tin,https://tcgplayer-cdn.tcgplayer.com/product/512055_200w.jpg,3,2765,https://cpt.tcgcsv.com/7R66,2023-08-14T18:46:12.857,1,"This listing is <strong>not</strong> a physical item. Please keep in mind that this <strong>Code Card</strong> listing represents a digital copy of the stated item for the Pokémon TCG Online <strong>and/or</strong> the Pokémon TCG Live games. You may receive the physical <strong>Code Card</strong>. Upon purchase, please work with your specific Seller by sending them a message using the <strong>Contact Seller</strong> button on the order details in your <a href=https://store.tcgplayer.com/myaccount/orderhistory>Order History</a> to opt in to having your <strong>Code Card</strong> code delivered digitally due to the nature of the product.",0.06,0.06,0.25,0.06,,Normal,,,Code Card,,,,,,,,
680964,Battle Styles Sleeved Booster Case,Battle Styles Sleeved Booster Case,https://tcgplayer-cdn.tcgplayer.com/product/680964_200w.jpg,3,2765,https://cpt.tcgcsv.com/jps7,2026-02-26T20:29:31.447,0,"Choose Your Battle Style Wisely!
Be a titan full of power, or strike with impossible speed—it all depends on your martial mastery! Channel the power of Pokémon V like Mimikyu V, Tyranitar V, Empoleon V, and more. You’ll also find a handful of impressive Pokémon VMAX, including Gigantamax Urshifu in both Single Strike and Rapid Strike styles! Unleash epic smashups with the Sword & Shield—Battle Styles expansion!<br><br>

<strong> Case contains 144 Sleeves Booster Packs</strong><br>

Each Sword & Shield—Battle Styles sleeved booster pack contains 10 random cards.",,,,,,,,,,,,,,,,,
