productId,name,cleanName,imageUrl,categoryId,groupId,url,modifiedOn,imageCount,extNumber,extRarity,extCardType,extHP,extStage,extAttack1,extWeakness,extRetreatCost,lowPrice,midPrice,highPrice,marketPrice,directLowPrice,subTypeName,extAttack2,extCardText,extResistance
95885,Weedle,Weedle,https://tcgplayer-cdn.tcgplayer.com/product/95885_200w.jpg,3,1509,https://cpt.tcgcsv.com/KmN,2022-12-22T20:50:11.527,1,1/160,Common,Grass,50,Basic,"[G] Multiply 
<br>Search your deck for Weedle and put it onto your Bench. Shuffle your deck afterward.",Rx2,1,0.03,0.2,5.05,0.13,,Normal,,,
95885,Weedle,Weedle,https://tcgplayer-cdn.tcgplayer.com/product/95885_200w.jpg,3,1509,https://cpt.tcgcsv.com/KmN,2022-12-22T20:50:11.527,1,1/160,Common,Grass,50,Basic,"[G] Multiply 
<br>Search your deck for Weedle and put it onto your Bench. Shuffle your deck afterward.",Rx2,1,0.19,0.52,3.99,0.53,1.0,Reverse Holofoil,,,
95886,Kakuna,Kakuna,https://tcgplayer-cdn.tcgplayer.com/product/95886_200w.jpg,3,1509,https://cpt.tcgcsv.com/LmN,2022-12-22T20:50:19.66,1,2/160,Uncommon,Grass,80,Stage 1,[G] Bug Bite (20),Rx2,3,0.02,0.2,3.08,0.15,0.1,Normal,,,
95886,Kakuna,Kakuna,https://tcgplayer-cdn.tcgplayer.com/product/95886_200w.jpg,3,1509,https://cpt.tcgcsv.com/LmN,2022-12-22T20:50:19.66,1,2/160,Uncommon,Grass,80,Stage 1,[G] Bug Bite (20),Rx2,3,0.15,0.44,3.99,0.42,,Reverse Holofoil,,,
95887,Beedrill,Beedrill,https://tcgplayer-cdn.tcgplayer.com/product/95887_200w.jpg,3,1509,https://cpt.tcgcsv.com/MmN,2022-12-22T20:50:29.66,1,3/160,Rare,Grass,120,Stage 2,"[G] Allergic Shock
<br>During your next turn, if the Defending Pokemon is damaged by an attack, it is Knocked Out.",Rx2,,0.07,0.33,1.96,0.32,0.23,Normal,"[GG] Twineedle (50x)
<br>Flip 2 coins. This attack does 50 damage times the number of heads.",,
95887,Beedrill,Beedrill,https://tcgplayer-cdn.tcgplayer.com/product/95887_200w.jpg,3,1509,https://cpt.tcgcsv.com/MmN,2022-12-22T20:50:29.66,1,3/160,Rare,Grass,120,Stage 2,"[G] Allergic Shock
<br>During your next turn, if the Defending Pokemon is damaged by an attack, it is Knocked Out.",Rx2,,0.2,0.6,3.99,0.67,0.67,Reverse Holofoil,"[GG] Twineedle (50x)
<br>Flip 2 coins. This attack does 50 damage times the number of heads.",,
95888,Tangela,Tangela,https://tcgplayer-cdn.tcgplayer.com/product/95888_200w.jpg,3,1509,https://cpt.tcgcsv.com/NmN,2025-11-21T21:14:40.793,1,4/160,Common,Grass,80,Basic,"[G1] Absorb (20)
<br>Heal 20 damage from this Pokemon.",Rx2,2,0.01,0.2,4.0,0.17,0.15,Normal,[GG1] Vine Whip (30),,
95888,Tangela,Tangela,https://tcgplayer-cdn.tcgplayer.com/product/95888_200w.jpg,3,1509,https://cpt.tcgcsv.com/NmN,2025-11-21T21:14:40.793,1,4/160,Common,Grass,80,Basic,"[G1] Absorb (20)
<br>Heal 20 damage from this Pokemon.",Rx2,2,0.15,0.5,3.99,0.48,0.25,Reverse Holofoil,[GG1] Vine Whip (30),,
95889,Tangrowth,Tangrowth,https://tcgplayer-cdn.tcgplayer.com/product/95889_200w.jpg,3,1509,https://cpt.tcgcsv.com/PmN,2023-06-12T09:46:59.547,1,5/160,Rare,Grass,130,Stage 1,"[G2] Mega Drain (50)
<br>Heal 20 damage from this Pokemon.",Rx2,4,0.05,0.27,1.86,0.27,0.35,Normal,"[GG2] Grass Knot (80+)
<br>This attack does 10 more damage for each Colorless Energy in your opponent's Active Pokémon's Retreat Cost.",,
95889,Tangrowth,Tangrowth,https://tcgplayer-cdn.tcgplayer.com/product/95889_200w.jpg,3,1509,https://cpt.tcgcsv.com/PmN,2023-06-12T09:46:59.547,1,5/160,Rare,Grass,130,Stage 1,"[G2] Mega Drain (50)
<br>Heal 20 damage from this Pokemon.",Rx2,4,0.19,0.5,3.99,0.53,0.66,Reverse Holofoil,"[GG2] Grass Knot (80+)
<br>This attack does 10 more damage for each Colorless Energy in your opponent's Active Pokémon's Retreat Cost.",,
95890,Treecko,Treecko,https://tcgplayer-cdn.tcgplayer.com/product/95890_200w.jpg,3,1509,https://cpt.tcgcsv.com/QmN,2025-02-05T21:18:08.833,1,6/160,Common,Grass,60,Basic,"[G] Quick Attack (10+)
<br>Flip a coin. If heads, this attack does 10 more damage.",Rx2,1,0.01,0.23,3.79,0.2,,Normal,,,
95890,Treecko,Treecko,https://tcgplayer-cdn.tcgplayer.com/product/95890_200w.jpg,3,1509,https://cpt.tcgcsv.com/QmN,2025-02-05T21:18:08.833,1,6/160,Common,Grass,60,Basic,"[G] Quick Attack (10+)
<br>Flip a coin. If heads, this attack does 10 more damage.",Rx2,1,0.43,0.61,3.99,0.77,,Reverse Holofoil,,,
95891,Grovyle,Grovyle,https://tcgplayer-cdn.tcgplayer.com/product/95891_200w.jpg,3,1509,https://cpt.tcgcsv.com/RmN,2022-12-22T20:51:02.29,1,7/160,Uncommon,Grass,80,Stage 1,[G] Pound (20),Rx2,1,0.17,0.32,1.49,0.36,,Normal,"[G2] Agility (40)
<br>Flip a coin. If heads, prevent all effects of attacks, including damage, done to this Pokemon during your opponent's next turn.",,
95891,Grovyle,Grovyle,https://tcgplayer-cdn.tcgplayer.com/product/95891_200w.jpg,3,1509,https://cpt.tcgcsv.com/RmN,2022-12-22T20:51:02.29,1,7/160,Uncommon,Grass,80,Stage 1,[G] Pound (20),Rx2,1,0.23,0.71,3.99,0.7,,Reverse Holofoil,"[G2] Agility (40)
<br>Flip a coin. If heads, prevent all effects of attacks, including damage, done to this Pokemon during your opponent's next turn.",,
95892,Sceptile,Sceptile,https://tcgplayer-cdn.tcgplayer.com/product/95892_200w.jpg,3,1509,https://cpt.tcgcsv.com/SmN,2025-12-03T08:19:54.283,1,8/160,Rare,Grass,130,Stage 2,[G2] Jungle Edge (70),Rx2,2,0.85,1.82,3.95,1.82,,Normal,,"<b>Ability - Nurture and Heal</b>
<br>Once during your turn <em>(before your attack)</em>, you may attach a Grass Energy card from your hand to 1 of your Pokemon. If you do, heal 30 damage from that Pokemon.",
95892,Sceptile,Sceptile,https://tcgplayer-cdn.tcgplayer.com/product/95892_200w.jpg,3,1509,https://cpt.tcgcsv.com/SmN,2025-12-03T08:19:54.283,1,8/160,Rare,Grass,130,Stage 2,[G2] Jungle Edge (70),Rx2,2,1.86,2.71,4.99,3.14,,Reverse Holofoil,,"<b>Ability - Nurture and Heal</b>
<br>Once during your turn <em>(before your attack)</em>, you may attach a Grass Energy card from your hand to 1 of your Pokemon. If you do, heal 30 damage from that Pokemon.",
95893,Sceptile (Omega),Sceptile Omega,https://tcgplayer-cdn.tcgplayer.com/product/95893_200w.jpg,3,1509,https://cpt.tcgcsv.com/TmN,2023-02-26T08:46:41.597,1,9/160,Holo Rare,Grass,140,Stage 2,"[G] Leaf Blade (30+)
<br>Flip a coin. If heads, this attack does 30 more damage.",Rx2,2,3.5,6.03,96.94,9.76,96.94,Holofoil,"[GG1] Power Poison (120)
<br>Discard 1 Energy attached to this Pokemon. Your opponent's Active Pokemon is now Poisoned.","<b>Omega Barrier</b> <em>Whenever your opponent plays at Trainer card (excluding Pokemon Tools and Stadium cards), prevent all effects of that card done to this Pokemon.",
95893,Sceptile (Omega),Sceptile Omega,https://tcgplayer-cdn.tcgplayer.com/product/95893_200w.jpg,3,1509,https://cpt.tcgcsv.com/TmN,2023-02-26T08:46:41.597,1,9/160,Holo Rare,Grass,140,Stage 2,"[G] Leaf Blade (30+)
<br>Flip a coin. If heads, this attack does 30 more damage.",Rx2,2,1.99,8.0,44.99,10.94,,Reverse Holofoil,"[GG1] Power Poison (120)
<br>Discard 1 Energy attached to this Pokemon. Your opponent's Active Pokemon is now Poisoned.","<b>Omega Barrier</b> <em>Whenever your opponent plays at Trainer card (excluding Pokemon Tools and Stadium cards), prevent all effects of that card done to this Pokemon.",
95894,Lotad,Lotad,https://tcgplayer-cdn.tcgplayer.com/product/95894_200w.jpg,3,1509,https://cpt.tcgcsv.com/VmN,2022-12-22T20:51:38.31,1,10/160,Common,Grass,60,Basic,[2] Beat (20),Rx2,1,0.02,0.2,4.0,0.21,,Normal,,,
95894,Lotad,Lotad,https://tcgplayer-cdn.tcgplayer.com/product/95894_200w.jpg,3,1509,https://cpt.tcgcsv.com/VmN,2022-12-22T20:51:38.31,1,10/160,Common,Grass,60,Basic,[2] Beat (20),Rx2,1,0.19,0.62,3.99,0.69,0.75,Reverse Holofoil,,,
95895,Lombre,Lombre,https://tcgplayer-cdn.tcgplayer.com/product/95895_200w.jpg,3,1509,https://cpt.tcgcsv.com/WmN,2022-12-22T20:51:51.08,1,11/160,Uncommon,Grass,80,Stage 1,[G] Hook (20),Rx2,2,0.03,0.2,1.49,0.19,,Normal,[2] Beat (30),,
95895,Lombre,Lombre,https://tcgplayer-cdn.tcgplayer.com/product/95895_200w.jpg,3,1509,https://cpt.tcgcsv.com/WmN,2022-12-22T20:51:51.08,1,11/160,Uncommon,Grass,80,Stage 1,[G] Hook (20),Rx2,2,0.28,0.5,3.99,0.51,,Reverse Holofoil,[2] Beat (30),,
95896,Ludicolo,Ludicolo,https://tcgplayer-cdn.tcgplayer.com/product/95896_200w.jpg,3,1509,https://cpt.tcgcsv.com/XmN,2025-02-05T21:18:08.947,1,12/160,Holo Rare,Grass,130,Stage 2,"[G2] Solar Ray (80)
<br>Heal 20 damage from each of your Pokemon.",Rx2,2,0.5,0.85,3.99,0.82,,Holofoil,,"<b>Ability - Captivating Rhythm<b>
<br>Once during your turn <em>(before you attack)</em>, you may flip a coin. If heads, switch 1 of your opponent's Benched Pokemon with his or her Active Pokemon.",
95896,Ludicolo,Ludicolo,https://tcgplayer-cdn.tcgplayer.com/product/95896_200w.jpg,3,1509,https://cpt.tcgcsv.com/XmN,2025-02-05T21:18:08.947,1,12/160,Holo Rare,Grass,130,Stage 2,"[G2] Solar Ray (80)
<br>Heal 20 damage from each of your Pokemon.",Rx2,2,0.5,0.98,3.99,0.91,,Reverse Holofoil,,"<b>Ability - Captivating Rhythm<b>
<br>Once during your turn <em>(before you attack)</em>, you may flip a coin. If heads, switch 1 of your opponent's Benched Pokemon with his or her Active Pokemon.",
95897,Surskit,Surskit,https://tcgplayer-cdn.tcgplayer.com/product/95897_200w.jpg,3,1509,https://cpt.tcgcsv.com/ZmN,2022-12-22T20:52:07.793,1,13/160,Common,Grass,50,Basic,[1] Stampede (10),Rx2,1,0.02,0.2,5.02,0.2,,Normal,,,
95897,Surskit,Surskit,https://tcgplayer-cdn.tcgplayer.com/product/95897_200w.jpg,3,1509,https://cpt.tcgcsv.com/ZmN,2022-12-22T20:52:07.793,1,13/160,Common,Grass,50,Basic,[1] Stampede (10),Rx2,1,0.15,0.39,3.99,0.39,,Reverse Holofoil,,,
95898,Masquerain,Masquerain,https://tcgplayer-cdn.tcgplayer.com/product/95898_200w.jpg,3,1509,https://cpt.tcgcsv.com/-mN,2025-11-21T21:02:16.273,1,14/160,Uncommon,Grass,80,Stage 1,"[G] Spiral Gyration
<br>Your opponent's Active Pokemon is now Confused. Switch this Pokemon with 1 of your Benched Pokemon.",Rx2,1,0.02,0.2,1.49,0.18,0.16,Normal,"[2] Air Slash (50)
<br>Discard an Energy attached to this Pokemon.",,
95898,Masquerain,Masquerain,https://tcgplayer-cdn.tcgplayer.com/product/95898_200w.jpg,3,1509,https://cpt.tcgcsv.com/-mN,2025-11-21T21:02:16.273,1,14/160,Uncommon,Grass,80,Stage 1,"[G] Spiral Gyration
<br>Your opponent's Active Pokemon is now Confused. Switch this Pokemon with 1 of your Benched Pokemon.",Rx2,1,0.14,0.44,3.99,0.42,0.44,Reverse Holofoil,"[2] Air Slash (50)
<br>Discard an Energy attached to this Pokemon.",,
95899,Shroomish,Shroomish,https://tcgplayer-cdn.tcgplayer.com/product/95899_200w.jpg,3,1509,https://cpt.tcgcsv.com/_mN,2025-12-03T22:12:27.53,1,15/160,Common,Grass,60,Basic,"[1] Spore
<br>Your opponent's Active Pokemon is now Asleep.",Rx2,1,0.03,0.2,5.04,0.2,0.14,Normal,,,
95899,Shroomish,Shroomish,https://tcgplayer-cdn.tcgplayer.com/product/95899_200w.jpg,3,1509,https://cpt.tcgcsv.com/_mN,2025-12-03T22:12:27.53,1,15/160,Common,Grass,60,Basic,"[1] Spore
<br>Your opponent's Active Pokemon is now Asleep.",Rx2,1,0.2,0.53,96.95,0.52,96.95,Reverse Holofoil,,,
95900,Breloom,Breloom,https://tcgplayer-cdn.tcgplayer.com/product/95900_200w.jpg,3,1509,https://cpt.tcgcsv.com/0nN,2025-02-05T21:18:09.07,1,16/160,Rare,Grass,100,Stage 1,"[F1] Dynamic Punch (40+)
<br>Flip a coin. If heads, this attack does 20 more damage and your opponent's Active Pokemon is now Confused.",Rx2,1,0.19,0.35,3.07,0.34,,Normal,[FF1] Mega Kick (80),,
95900,Breloom,Breloom,https://tcgplayer-cdn.tcgplayer.com/product/95900_200w.jpg,3,1509,https://cpt.tcgcsv.com/0nN,2025-02-05T21:18:09.07,1,16/160,Rare,Grass,100,Stage 1,"[F1] Dynamic Punch (40+)
<br>Flip a coin. If heads, this attack does 20 more damage and your opponent's Active Pokemon is now Confused.",Rx2,1,0.18,0.54,3.99,0.51,,Reverse Holofoil,[FF1] Mega Kick (80),,
95901,Volbeat,Volbeat,https://tcgplayer-cdn.tcgplayer.com/product/95901_200w.jpg,3,1509,https://cpt.tcgcsv.com/2nN,2025-12-11T21:17:12.57,1,17/160,Common,Grass,70,Basic,"[G] Acrobatics (10+)
<br>Flip 2 coins. This attack does 20 more damage for each heads.",Rx2,1,0.05,0.27,1.49,0.34,0.24,Normal,"[2] Pester (30+)
<br>If your opponent's Active Pokemon is affected by a Special Condition, this attack does 30 more damage.",,
95901,Volbeat,Volbeat,https://tcgplayer-cdn.tcgplayer.com/product/95901_200w.jpg,3,1509,https://cpt.tcgcsv.com/2nN,2025-12-11T21:17:12.57,1,17/160,Common,Grass,70,Basic,"[G] Acrobatics (10+)
<br>Flip 2 coins. This attack does 20 more damage for each heads.",Rx2,1,0.4,0.75,3.99,0.84,0.82,Reverse Holofoil,"[2] Pester (30+)
<br>If your opponent's Active Pokemon is affected by a Special Condition, this attack does 30 more damage.",,
95902,Illumise,Illumise,https://tcgplayer-cdn.tcgplayer.com/product/95902_200w.jpg,3,1509,https://cpt.tcgcsv.com/3nN,2026-01-13T18:15:21.167,1,18/160,Common,Grass,70,Basic,"[G] Helping Hand
<br> Search your deck for a basic Energy card and attach it to 1 of your Benched Pokemon. Shuffle your deck afterward.",Rx2,1,0.1,0.3,1.49,0.32,,Normal,"[1] Twirling Sign (10)
<br>Your opponent's Active Pokemon is now Confused.",,
95902,Illumise,Illumise,https://tcgplayer-cdn.tcgplayer.com/product/95902_200w.jpg,3,1509,https://cpt.tcgcsv.com/3nN,2026-01-13T18:15:21.167,1,18/160,Common,Grass,70,Basic,"[G] Helping Hand
<br> Search your deck for a basic Energy card and attach it to 1 of your Benched Pokemon. Shuffle your deck afterward.",Rx2,1,0.5,0.71,3.99,1.06,,Reverse Holofoil,"[1] Twirling Sign (10)
<br>Your opponent's Active Pokemon is now Confused.",,
95903,Trevenant EX,Trevenant EX,https://tcgplayer-cdn.tcgplayer.com/product/95903_200w.jpg,3,1509,https://cpt.tcgcsv.com/5nN,2022-12-22T20:52:52.503,1,19/160,Ultra Rare,Grass,180,Basic,"[G] Dark Forest (20)
<br>The Defending Pokemon can't retreat during your opponent's next turn.",Rx2,3,0.98,2.5,8.97,2.43,,Holofoil,"[3] Wood Blast (50+)
<br>This attack does 20 more damage for each Grass Energy attached to this Pokemon.",,
95904,Vulpix,Vulpix,https://tcgplayer-cdn.tcgplayer.com/product/95904_200w.jpg,3,1509,https://cpt.tcgcsv.com/6nN,2025-02-05T21:18:09.18,1,20/160,Common,Fire,60,Basic,"[1] Roar
<br>Your opponent switches his or her Active Pokemon with 1 of his or her Benched Pokemon.",Wx2,1,0.05,0.25,4.0,0.33,,Normal,[R] Gnaw (10),,
95904,Vulpix,Vulpix,https://tcgplayer-cdn.tcgplayer.com/product/95904_200w.jpg,3,1509,https://cpt.tcgcsv.com/6nN,2025-02-05T21:18:09.18,1,20/160,Common,Fire,60,Basic,"[1] Roar
<br>Your opponent switches his or her Active Pokemon with 1 of his or her Benched Pokemon.",Wx2,1,0.43,1.03,3.99,0.95,,Reverse Holofoil,[R] Gnaw (10),,
95905,Ninetales,Ninetales,https://tcgplayer-cdn.tcgplayer.com/product/95905_200w.jpg,3,1509,https://cpt.tcgcsv.com/7nN,2026-02-02T20:51:37.18,1,21/160,Rare,Fire,90,Stage 1,"[RR1] Flickering Flames (70)
<br>Your opponent's Active Pokemon is now Asleep.",Wx2,1,0.42,1.05,125.0,1.21,1.33,Normal,,"<b>Ability - Barrier Shrine</b>
<br>Each player can't play any Stadium cards from his or her hand.",
95905,Ninetales,Ninetales,https://tcgplayer-cdn.tcgplayer.com/product/95905_200w.jpg,3,1509,https://cpt.tcgcsv.com/7nN,2026-02-02T20:51:37.18,1,21/160,Rare,Fire,90,Stage 1,"[RR1] Flickering Flames (70)
<br>Your opponent's Active Pokemon is now Asleep.",Wx2,1,0.99,2.45,5.99,2.62,,Reverse Holofoil,,"<b>Ability - Barrier Shrine</b>
<br>Each player can't play any Stadium cards from his or her hand.",
95906,Slugma,Slugma,https://tcgplayer-cdn.tcgplayer.com/product/95906_200w.jpg,3,1509,https://cpt.tcgcsv.com/8nN,2022-12-22T20:54:22.487,1,22/160,Common,Fire,70,Basic,"[R] Grass Fire
<br>Discard a Grass Energy attached to your opponent's Active Pokemon.",Wx2,3,0.01,0.2,1.49,0.17,,Normal,[R2] Ram (30),,
95906,Slugma,Slugma,https://tcgplayer-cdn.tcgplayer.com/product/95906_200w.jpg,3,1509,https://cpt.tcgcsv.com/8nN,2022-12-22T20:54:22.487,1,22/160,Common,Fire,70,Basic,"[R] Grass Fire
<br>Discard a Grass Energy attached to your opponent's Active Pokemon.",Wx2,3,0.01,0.58,3.99,0.78,,Reverse Holofoil,[R2] Ram (30),,
95907,Magcargo,Magcargo,https://tcgplayer-cdn.tcgplayer.com/product/95907_200w.jpg,3,1509,https://cpt.tcgcsv.com/9nN,2022-12-22T20:54:32.707,1,23/160,Uncommon,Fire,120,Stage 1,"[R] Flame Burst (20)
<br>This attack does 20 damage to 2 of your opponent's Benched Pokemon. <i>(Don't apply Weakness and Resistance for Benched Pokemon.)</i>",Wx2,4,0.07,0.24,19.5,0.21,0.21,Normal,"[R2] Flamethrower (90)
<br>Discard an Energy attached to this Pokemon.",,
95907,Magcargo,Magcargo,https://tcgplayer-cdn.tcgplayer.com/product/95907_200w.jpg,3,1509,https://cpt.tcgcsv.com/9nN,2022-12-22T20:54:32.707,1,23/160,Uncommon,Fire,120,Stage 1,"[R] Flame Burst (20)
<br>This attack does 20 damage to 2 of your opponent's Benched Pokemon. <i>(Don't apply Weakness and Resistance for Benched Pokemon.)</i>",Wx2,4,0.22,0.47,3.99,0.46,,Reverse Holofoil,"[R2] Flamethrower (90)
<br>Discard an Energy attached to this Pokemon.",,
95908,Magcargo (Omega),Magcargo Omega,https://tcgplayer-cdn.tcgplayer.com/product/95908_200w.jpg,3,1509,https://cpt.tcgcsv.com/bnN,2022-12-22T20:54:52.713,1,24/160,Rare,Fire,110,Stage 1,[R1] Ram (30),Wx2,3,0.38,0.65,2.31,0.69,0.99,Normal,"[R2] Indomitable Blaze (60+)
<br>If your opponent's Active Pokemon is a Pokemon-EX, this attack does 60 more damage.","<b>Omega Barrier</b> - <em>Whenever your opponent plays a Trainer card (excluding Pokemon Tools and Stadium cards, prevent all effects of that card done to this Pokemon.)",
95908,Magcargo (Omega),Magcargo Omega,https://tcgplayer-cdn.tcgplayer.com/product/95908_200w.jpg,3,1509,https://cpt.tcgcsv.com/bnN,2022-12-22T20:54:52.713,1,24/160,Rare,Fire,110,Stage 1,[R1] Ram (30),Wx2,3,0.75,1.69,4.99,1.69,,Reverse Holofoil,"[R2] Indomitable Blaze (60+)
<br>If your opponent's Active Pokemon is a Pokemon-EX, this attack does 60 more damage.","<b>Omega Barrier</b> - <em>Whenever your opponent plays a Trainer card (excluding Pokemon Tools and Stadium cards, prevent all effects of that card done to this Pokemon.)",
95909,Torchic,Torchic,https://tcgplayer-cdn.tcgplayer.com/product/95909_200w.jpg,3,1509,https://cpt.tcgcsv.com/cnN,2025-12-03T01:23:16.64,1,25/160,Common,Fire,60,Basic,"[R] Ember (20)
<br>Flip a coin. If tails, discard a Fire Energy attached to this Pokemon.",Wx2,1,0.01,0.21,19.5,0.2,0.14,Normal,,,
95909,Torchic,Torchic,https://tcgplayer-cdn.tcgplayer.com/product/95909_200w.jpg,3,1509,https://cpt.tcgcsv.com/cnN,2025-12-03T01:23:16.64,1,25/160,Common,Fire,60,Basic,"[R] Ember (20)
<br>Flip a coin. If tails, discard a Fire Energy attached to this Pokemon.",Wx2,1,0.25,0.5,9.09,0.57,,Reverse Holofoil,,,
95918,Torchic (Omega),Torchic Omega,https://tcgplayer-cdn.tcgplayer.com/product/95918_200w.jpg,3,1509,https://cpt.tcgcsv.com/nnN,2022-12-22T20:55:19.077,1,26/160,Uncommon,Fire,50,Basic,"[R] Flare Bonus
<br>Discard a Fire Energy card from yoru hand. If you do, draw 2 cards.",Wx2,1,0.99,3.11,5.0,3.33,,Normal,"[R] Claw (20)
<br>Flip a coin. If tails, this attack does nothing.","<b>Omega Barrage</b> 
<br>This Pokemon may attack twice a turn. <em>(If the first attack Knocks Out your opponent's Active Pokemon, you may attack again after your opponent selects a new Active Pokemon.)</em>",
95918,Torchic (Omega),Torchic Omega,https://tcgplayer-cdn.tcgplayer.com/product/95918_200w.jpg,3,1509,https://cpt.tcgcsv.com/nnN,2022-12-22T20:55:19.077,1,26/160,Uncommon,Fire,50,Basic,"[R] Flare Bonus
<br>Discard a Fire Energy card from yoru hand. If you do, draw 2 cards.",Wx2,1,5.84,13.24,155.5,12.61,10.49,Reverse Holofoil,"[R] Claw (20)
<br>Flip a coin. If tails, this attack does nothing.","<b>Omega Barrage</b> 
<br>This Pokemon may attack twice a turn. <em>(If the first attack Knocks Out your opponent's Active Pokemon, you may attack again after your opponent selects a new Active Pokemon.)</em>",
95919,Combusken,Combusken,https://tcgplayer-cdn.tcgplayer.com/product/95919_200w.jpg,3,1509,https://cpt.tcgcsv.com/pnN,2022-12-22T20:56:01.813,1,27/160,Uncommon,Fire,80,Stage 1,"[R] Quick Attack (20+)
<br>Flip a coin. If heads, this attack does 20 more damage.",Wx2,1,0.04,0.25,1.49,0.26,,Normal,[R1] Spiral Kick (30),,
95919,Combusken,Combusken,https://tcgplayer-cdn.tcgplayer.com/product/95919_200w.jpg,3,1509,https://cpt.tcgcsv.com/pnN,2022-12-22T20:56:01.813,1,27/160,Uncommon,Fire,80,Stage 1,"[R] Quick Attack (20+)
<br>Flip a coin. If heads, this attack does 20 more damage.",Wx2,1,0.31,0.54,3.99,0.54,,Reverse Holofoil,[R1] Spiral Kick (30),,
95920,Blaziken,Blaziken,https://tcgplayer-cdn.tcgplayer.com/product/95920_200w.jpg,3,1509,https://cpt.tcgcsv.com/qnN,2026-01-27T21:19:49.31,1,28/160,Holo Rare,Fire,140,Stage 2,"[R] Spreading Flames
<br>Attach 3 Fire Energy cards from your discard pile to your Pokemon in any way you like.",Wx2,1,1.78,3.9,7.5,3.68,,Holofoil,"[R1] Heat Blow (100)
<br>Discard an Energy attached to this Pokemon.",,
95920,Blaziken,Blaziken,https://tcgplayer-cdn.tcgplayer.com/product/95920_200w.jpg,3,1509,https://cpt.tcgcsv.com/qnN,2026-01-27T21:19:49.31,1,28/160,Holo Rare,Fire,140,Stage 2,"[R] Spreading Flames
<br>Attach 3 Fire Energy cards from your discard pile to your Pokemon in any way you like.",Wx2,1,2.41,3.99,7.99,3.3,,Reverse Holofoil,"[R1] Heat Blow (100)
<br>Discard an Energy attached to this Pokemon.",,
95921,Camerupt EX,Camerupt EX,https://tcgplayer-cdn.tcgplayer.com/product/95921_200w.jpg,3,1509,https://cpt.tcgcsv.com/rnN,2022-12-22T20:56:24.093,1,29/160,Ultra Rare,Fire,180,Basic,"[R1] Tumbling Attack (30+)
<br>Flip a coin. If heads, this attack does 30 more damage.",Wx2,4,1.0,1.87,20.0,1.78,,Holofoil,"[RR2] Explosive Jet (50x)
<br>Discard as many Fire Energy attached to your Pokemon as you like.  This attack does 50 more damage times the number of Energy cards you discarded.",,
95922,Horsea,Horsea,https://tcgplayer-cdn.tcgplayer.com/product/95922_200w.jpg,3,1509,https://cpt.tcgcsv.com/snN,2025-02-05T21:18:09.273,1,30/160,Common,Water,60,Basic,"[W] Bubble
<br>Flip a coin. If heads, your opponent's Active Pokemon is now Paralyzed.",Gx2,1,0.03,0.2,4.0,0.18,,Normal,,,
95922,Horsea,Horsea,https://tcgplayer-cdn.tcgplayer.com/product/95922_200w.jpg,3,1509,https://cpt.tcgcsv.com/snN,2025-02-05T21:18:09.273,1,30/160,Common,Water,60,Basic,"[W] Bubble
<br>Flip a coin. If heads, your opponent's Active Pokemon is now Paralyzed.",Gx2,1,0.23,0.5,3.99,0.5,0.44,Reverse Holofoil,,,
95923,Seadra,Seadra,https://tcgplayer-cdn.tcgplayer.com/product/95923_200w.jpg,3,1509,https://cpt.tcgcsv.com/tnN,2022-12-22T20:56:41.6,1,31/160,Uncommon,Water,80,Stage 1,"[W] Knockout Needle (10+)
<br>Flip 2 coins. If both of them are heads, this attack does 40 more damage.",Gx2,1,0.01,0.22,1.5,0.22,,Normal,[W1] Water Gun (30),,
95923,Seadra,Seadra,https://tcgplayer-cdn.tcgplayer.com/product/95923_200w.jpg,3,1509,https://cpt.tcgcsv.com/tnN,2022-12-22T20:56:41.6,1,31/160,Uncommon,Water,80,Stage 1,"[W] Knockout Needle (10+)
<br>Flip 2 coins. If both of them are heads, this attack does 40 more damage.",Gx2,1,0.01,0.55,3.99,0.57,,Reverse Holofoil,[W1] Water Gun (30),,
95924,Staryu,Staryu,https://tcgplayer-cdn.tcgplayer.com/product/95924_200w.jpg,3,1509,https://cpt.tcgcsv.com/vnN,2024-04-08T11:27:58.717,1,32/160,Common,Water,60,Basic,"[1] Lunge (20)
<br>Flip a coin. If tails, this attack does nothing.",Gx2,1,0.1,0.26,1.49,0.28,,Normal,,,
95924,Staryu,Staryu,https://tcgplayer-cdn.tcgplayer.com/product/95924_200w.jpg,3,1509,https://cpt.tcgcsv.com/vnN,2024-04-08T11:27:58.717,1,32/160,Common,Water,60,Basic,"[1] Lunge (20)
<br>Flip a coin. If tails, this attack does nothing.",Gx2,1,0.45,0.71,3.99,0.71,,Reverse Holofoil,,,
95925,Mudkip,Mudkip,https://tcgplayer-cdn.tcgplayer.com/product/95925_200w.jpg,3,1509,https://cpt.tcgcsv.com/wnN,2025-12-03T01:13:48.283,1,33/160,Common,Water,60,Basic,[W] Tackle (10),Gx2,1,0.11,0.38,19.5,0.4,0.16,Normal,[W1] Mud-Slap (20),,
95925,Mudkip,Mudkip,https://tcgplayer-cdn.tcgplayer.com/product/95925_200w.jpg,3,1509,https://cpt.tcgcsv.com/wnN,2025-12-03T01:13:48.283,1,33/160,Common,Water,60,Basic,[W] Tackle (10),Gx2,1,1.0,2.1,3.99,2.44,1.33,Reverse Holofoil,[W1] Mud-Slap (20),,
95926,Marshtomp,Marshtomp,https://tcgplayer-cdn.tcgplayer.com/product/95926_200w.jpg,3,1509,https://cpt.tcgcsv.com/xnN,2022-12-22T20:57:05.33,1,34/160,Uncommon,Water,90,Stage 1,[W1] Mud-Slap (30),Gx2,3,0.2,0.37,9.08,0.47,,Normal,"[W2] Endeavor (40+)
<br>Flip 2 coins. This attack does 20 more damage for each heads.",,
95926,Marshtomp,Marshtomp,https://tcgplayer-cdn.tcgplayer.com/product/95926_200w.jpg,3,1509,https://cpt.tcgcsv.com/xnN,2022-12-22T20:57:05.33,1,34/160,Uncommon,Water,90,Stage 1,[W1] Mud-Slap (30),Gx2,3,0.47,0.92,3.99,1.71,,Reverse Holofoil,"[W2] Endeavor (40+)
<br>Flip 2 coins. This attack does 20 more damage for each heads.",,
95927,Swampert,Swampert,https://tcgplayer-cdn.tcgplayer.com/product/95927_200w.jpg,3,1509,https://cpt.tcgcsv.com/znN,2026-01-27T23:36:51.403,1,35/160,Rare,Water,150,Stage 2,"[W2] Water Arrow
<br>This attack does 60 damage to 1 of your opponent's Pokemon. <i>(Don't apply Weakness and Resistance for Benched Pokemon.)</i>",Gx2,3,0.25,0.87,2.0,1.08,,Normal,[WW2] Waterfall (120),,
95927,Swampert,Swampert,https://tcgplayer-cdn.tcgplayer.com/product/95927_200w.jpg,3,1509,https://cpt.tcgcsv.com/znN,2026-01-27T23:36:51.403,1,35/160,Rare,Water,150,Stage 2,"[W2] Water Arrow
<br>This attack does 60 damage to 1 of your opponent's Pokemon. <i>(Don't apply Weakness and Resistance for Benched Pokemon.)</i>",Gx2,3,0.75,1.27,3.99,1.29,,Reverse Holofoil,[WW2] Waterfall (120),,
95928,Swampert (Alpha),Swampert Alpha,https://tcgplayer-cdn.tcgplayer.com/product/95928_200w.jpg,3,1509,https://cpt.tcgcsv.com/BnN,2026-01-27T23:43:37.257,1,36/160,Holo Rare,Water,140,Stage 2,"[3] Hydro Pump (40+)
<br>This attack does 30 more damage for each Water Energy attached to this Pokemon.",Gx2,3,12.37,25.19,69.99,24.64,,Holofoil,,"<b>Alpha Growth</b> 
<br>When you attach an Energy card from your hand to this Pokemon <em>(except with an attack, Ability, or Trainer card)</em>, you may attach 2 Energy cards.
<p>
<b>Ability - Diving Search</b>
<br>Once during your turn <em>(before your attack)</em>, you may search your deck for a card. Shuffle your deck, then put that card on top of it.",
95928,Swampert (Alpha),Swampert Alpha,https://tcgplayer-cdn.tcgplayer.com/product/95928_200w.jpg,3,1509,https://cpt.tcgcsv.com/BnN,2026-01-27T23:43:37.257,1,36/160,Holo Rare,Water,140,Stage 2,"[3] Hydro Pump (40+)
<br>This attack does 30 more damage for each Water Energy attached to this Pokemon.",Gx2,3,16.34,23.9,29.14,27.78,,Reverse Holofoil,,"<b>Alpha Growth</b> 
<br>When you attach an Energy card from your hand to this Pokemon <em>(except with an attack, Ability, or Trainer card)</em>, you may attach 2 Energy cards.
<p>
<b>Ability - Diving Search</b>
<br>Once during your turn <em>(before your attack)</em>, you may search your deck for a card. Shuffle your deck, then put that card on top of it.",
95929,Ludicolo (Alpha),Ludicolo Alpha,https://tcgplayer-cdn.tcgplayer.com/product/95929_200w.jpg,3,1509,https://cpt.tcgcsv.com/CnN,2026-03-02T22:12:54.47,1,37/160,Rare,Water,130,Stage 2,"[1] Astonish (30)
<br>Choose a random card from your opponent's hand. Your opponent reveals that card and shuffles it into his or her deck.",Gx2,2,0.78,1.78,5.31,2.11,,Normal,"[W2] Splash Dance (60)
<br>During your next turn, this Pokemon's Splash Dance attack does 60 more damage <i>(before applying Weakness and Resistance).</i>","<b>Alpha Recovery</b>
<br>When this Pokemon is healed, double the amount healed.",
95929,Ludicolo (Alpha),Ludicolo Alpha,https://tcgplayer-cdn.tcgplayer.com/product/95929_200w.jpg,3,1509,https://cpt.tcgcsv.com/CnN,2026-03-02T22:12:54.47,1,37/160,Rare,Water,130,Stage 2,"[1] Astonish (30)
<br>Choose a random card from your opponent's hand. Your opponent reveals that card and shuffles it into his or her deck.",Gx2,2,1.6,2.99,6.99,5.1,5.49,Reverse Holofoil,"[W2] Splash Dance (60)
<br>During your next turn, this Pokemon's Splash Dance attack does 60 more damage <i>(before applying Weakness and Resistance).</i>","<b>Alpha Recovery</b>
<br>When this Pokemon is healed, double the amount healed.",
95930,Wailord EX,Wailord EX,https://tcgplayer-cdn.tcgplayer.com/product/95930_200w.jpg,3,1509,https://cpt.tcgcsv.com/DnN,2026-01-27T23:49:51.193,1,38/160,Ultra Rare,Water,250,Basic,"[WWWWW] High Breaching (120)
<br>This Pokemon is now Asleep.",Gx2,4,2.75,4.06,7.98,4.11,,Holofoil,,"<b>Ability - Water Veil </b>
<br>Whenever you attach an Energy card from your hand to this Pokemon, remove all Special Conditions from it.",
95931,Barboach,Barboach,https://tcgplayer-cdn.tcgplayer.com/product/95931_200w.jpg,3,1509,https://cpt.tcgcsv.com/FnN,2022-12-22T20:57:51.007,1,39/160,Common,Water,50,Basic,[W1] Rain Splash (30),Gx2,2,0.03,0.2,19.5,0.14,0.16,Normal,,,
95931,Barboach,Barboach,https://tcgplayer-cdn.tcgplayer.com/product/95931_200w.jpg,3,1509,https://cpt.tcgcsv.com/FnN,2022-12-22T20:57:51.007,1,39/160,Common,Water,50,Basic,[W1] Rain Splash (30),Gx2,2,0.19,0.39,3.99,0.3,,Reverse Holofoil,,,
95932,Whiscash,Whiscash,https://tcgplayer-cdn.tcgplayer.com/product/95932_200w.jpg,3,1509,https://cpt.tcgcsv.com/GnN,2023-06-15T16:51:42.077,1,40/160,Uncommon,Water,100,Stage 1,"[1] Amnesia (20)
<br>Choose 1 of your opponent's Active Pokemon's attacks. That Pokemon can't use that attack during your opponent's next turn.",Gx2,3,0.05,0.2,2.22,0.19,0.11,Normal,"[W2] Rising Lunge (60+)
<br>Flip a coin. If heads, this attack does 30 more damage.",,
95932,Whiscash,Whiscash,https://tcgplayer-cdn.tcgplayer.com/product/95932_200w.jpg,3,1509,https://cpt.tcgcsv.com/GnN,2023-06-15T16:51:42.077,1,40/160,Uncommon,Water,100,Stage 1,"[1] Amnesia (20)
<br>Choose 1 of your opponent's Active Pokemon's attacks. That Pokemon can't use that attack during your opponent's next turn.",Gx2,3,0.2,0.37,3.99,0.37,,Reverse Holofoil,"[W2] Rising Lunge (60+)
<br>Flip a coin. If heads, this attack does 30 more damage.",,
95938,Whiscash (Alpha),Whiscash Alpha,https://tcgplayer-cdn.tcgplayer.com/product/95938_200w.jpg,3,1509,https://cpt.tcgcsv.com/NnN,2022-12-22T20:59:11.173,1,41/160,Rare,Water,110,Stage 1,[W2] Water Gun (40),Gx2,4,0.3,0.65,19.5,0.66,0.33,Normal,"[WW2] Earthquake (120)
<br>This attack does 20 damage to each of your Benched Pokemon <i>(Don't apply Weakness and Resistance for Benched Pokemon)</i>.","<b>Alpha Growth</b>
<br>When you attach an Energy card from your hand to this Pokemon <em>(except with an attack, Ability, or Trainer card)</em>, you may attach 2 Energy cards.",
95938,Whiscash (Alpha),Whiscash Alpha,https://tcgplayer-cdn.tcgplayer.com/product/95938_200w.jpg,3,1509,https://cpt.tcgcsv.com/NnN,2022-12-22T20:59:11.173,1,41/160,Rare,Water,110,Stage 1,[W2] Water Gun (40),Gx2,4,0.75,2.47,96.94,2.39,3.24,Reverse Holofoil,"[WW2] Earthquake (120)
<br>This attack does 20 damage to each of your Benched Pokemon <i>(Don't apply Weakness and Resistance for Benched Pokemon)</i>.","<b>Alpha Growth</b>
<br>When you attach an Energy card from your hand to this Pokemon <em>(except with an attack, Ability, or Trainer card)</em>, you may attach 2 Energy cards.",
95939,Corphish,Corphish,https://tcgplayer-cdn.tcgplayer.com/product/95939_200w.jpg,3,1509,https://cpt.tcgcsv.com/PnN,2022-12-22T20:59:18.78,1,42/160,Common,Water,60,Basic,[1] Vice Grip (10),Gx2,1,0.02,0.2,1.49,0.18,0.15,Normal,"[2] Knock Off
<br>Discard a random card from your opponent's hand.",,
95939,Corphish,Corphish,https://tcgplayer-cdn.tcgplayer.com/product/95939_200w.jpg,3,1509,https://cpt.tcgcsv.com/PnN,2022-12-22T20:59:18.78,1,42/160,Common,Water,60,Basic,[1] Vice Grip (10),Gx2,1,0.25,0.5,3.99,0.55,0.5,Reverse Holofoil,"[2] Knock Off
<br>Discard a random card from your opponent's hand.",,
95940,Feebas,Feebas,https://tcgplayer-cdn.tcgplayer.com/product/95940_200w.jpg,3,1509,https://cpt.tcgcsv.com/QnN,2023-06-03T09:15:45.55,1,43/160,Common,Water,30,Basic,"[W] Float On (10)
<br>Flip a coin. If tails, this Pokemon does 10 damage to itself.",Gx2,1,0.02,0.24,5.0,0.24,,Normal,,,
95940,Feebas,Feebas,https://tcgplayer-cdn.tcgplayer.com/product/95940_200w.jpg,3,1509,https://cpt.tcgcsv.com/QnN,2023-06-03T09:15:45.55,1,43/160,Common,Water,30,Basic,"[W] Float On (10)
<br>Flip a coin. If tails, this Pokemon does 10 damage to itself.",Gx2,1,0.2,0.5,3.99,0.59,,Reverse Holofoil,,,
95941,Milotic,Milotic,https://tcgplayer-cdn.tcgplayer.com/product/95941_200w.jpg,3,1509,https://cpt.tcgcsv.com/RnN,2026-03-09T14:54:32.483,1,44/160,Holo Rare,Water,110,Stage 1,"[W2] Aqua Swirl (60)
<br>You may have your opponent switch his or her Active Pokemon with 1 of his or her Benched Pokemon.",Gx2,2,1.3,1.69,5.99,1.91,,Holofoil,,"<b>Ability - Sparkling Ripples</b>
<br>When you play this Pokemon from your hand to evolve 1 of your Pokemon, you may put a card from your discard pile into your hand.",
95941,Milotic,Milotic,https://tcgplayer-cdn.tcgplayer.com/product/95941_200w.jpg,3,1509,https://cpt.tcgcsv.com/RnN,2026-03-09T14:54:32.483,1,44/160,Holo Rare,Water,110,Stage 1,"[W2] Aqua Swirl (60)
<br>You may have your opponent switch his or her Active Pokemon with 1 of his or her Benched Pokemon.",Gx2,2,3.25,4.0,5.71,3.5,,Reverse Holofoil,,"<b>Ability - Sparkling Ripples</b>
<br>When you play this Pokemon from your hand to evolve 1 of your Pokemon, you may put a card from your discard pile into your hand.",
95942,Spheal (45),Spheal 45,https://tcgplayer-cdn.tcgplayer.com/product/95942_200w.jpg,3,1509,https://cpt.tcgcsv.com/SnN,2026-01-27T23:35:29.54,1,45/160,Common,Water,60,Basic,"[W1] Ball Roll (30x)
<br>Flip a coin until you get tails. This attack does 30 damage times the number of heads.",Mx2,2,0.04,0.25,19.5,0.29,0.19,Normal,,,
95942,Spheal (45),Spheal 45,https://tcgplayer-cdn.tcgplayer.com/product/95942_200w.jpg,3,1509,https://cpt.tcgcsv.com/SnN,2026-01-27T23:35:29.54,1,45/160,Common,Water,60,Basic,"[W1] Ball Roll (30x)
<br>Flip a coin until you get tails. This attack does 30 damage times the number of heads.",Mx2,2,0.49,0.61,5.0,0.64,0.53,Reverse Holofoil,,,
95944,Spheal (46),Spheal 46,https://tcgplayer-cdn.tcgplayer.com/product/95944_200w.jpg,3,1509,https://cpt.tcgcsv.com/VnN,2025-11-21T21:45:27.703,1,46/160,Common,Water,70,Basic,[WW] Ice Ball (20),Mx2,2,0.03,0.23,5.04,0.26,,Normal,,,
95944,Spheal (46),Spheal 46,https://tcgplayer-cdn.tcgplayer.com/product/95944_200w.jpg,3,1509,https://cpt.tcgcsv.com/VnN,2025-11-21T21:45:27.703,1,46/160,Common,Water,70,Basic,[WW] Ice Ball (20),Mx2,2,0.25,0.53,3.99,0.54,,Reverse Holofoil,,,
95945,Sealeo,Sealeo,https://tcgplayer-cdn.tcgplayer.com/product/95945_200w.jpg,3,1509,https://cpt.tcgcsv.com/WnN,2025-02-05T21:18:09.383,1,47/160,Uncommon,Water,90,Stage 1,"[W1] Freezing Headbutt (30)
<br>Flip a coin. If heads, your opponent's Active Pokemon is now Paralyzed.",Mx2,3,0.05,0.24,1.5,0.23,,Normal,[WW1] Aurora Beam (50),,
95945,Sealeo,Sealeo,https://tcgplayer-cdn.tcgplayer.com/product/95945_200w.jpg,3,1509,https://cpt.tcgcsv.com/WnN,2025-02-05T21:18:09.383,1,47/160,Uncommon,Water,90,Stage 1,"[W1] Freezing Headbutt (30)
<br>Flip a coin. If heads, your opponent's Active Pokemon is now Paralyzed.",Mx2,3,0.25,0.43,3.99,0.41,,Reverse Holofoil,[WW1] Aurora Beam (50),,
95946,Walrein,Walrein,https://tcgplayer-cdn.tcgplayer.com/product/95946_200w.jpg,3,1509,https://cpt.tcgcsv.com/XnN,2025-02-05T21:18:09.473,1,48/160,Rare,Water,150,Stage 2,[W1] Knock Over (50),Mx2,4,0.07,0.3,2.32,0.27,,Normal,"[WW2] Frozen Splash (70+)
<br>If your opponent's Active Pokemon is a Fighting Pokemon, this attack does 70 more damage.",,
95946,Walrein,Walrein,https://tcgplayer-cdn.tcgplayer.com/product/95946_200w.jpg,3,1509,https://cpt.tcgcsv.com/XnN,2025-02-05T21:18:09.473,1,48/160,Rare,Water,150,Stage 2,[W1] Knock Over (50),Mx2,4,0.25,0.55,3.99,0.52,,Reverse Holofoil,"[WW2] Frozen Splash (70+)
<br>If your opponent's Active Pokemon is a Fighting Pokemon, this attack does 70 more damage.",,
95947,Clamperl,Clamperl,https://tcgplayer-cdn.tcgplayer.com/product/95947_200w.jpg,3,1509,https://cpt.tcgcsv.com/ZnN,2022-12-22T21:01:40.31,1,49/160,Common,Water,50,Basic,"[1] Shell Protection
<br>During your opponent's next turn, if this Pokemon would be damaged by an attack, prevent that attack's damage done to this Pokemon if that damage is 50 ore less.",Gx2,2,0.01,0.2,1.49,0.16,0.18,Normal,,,
95947,Clamperl,Clamperl,https://tcgplayer-cdn.tcgplayer.com/product/95947_200w.jpg,3,1509,https://cpt.tcgcsv.com/ZnN,2022-12-22T21:01:40.31,1,49/160,Common,Water,50,Basic,"[1] Shell Protection
<br>During your opponent's next turn, if this Pokemon would be damaged by an attack, prevent that attack's damage done to this Pokemon if that damage is 50 ore less.",Gx2,2,0.15,0.4,3.99,0.38,,Reverse Holofoil,,,
95948,Huntail,Huntail,https://tcgplayer-cdn.tcgplayer.com/product/95948_200w.jpg,3,1509,https://cpt.tcgcsv.com/-nN,2026-01-27T22:57:18.02,1,50/160,Holo Rare,Water,100,Stage 1,"[W] Powerful Storm (20x)
<br>This attack does 20 damage times the amount of Energy attached to all of your Pokemon.",Gx2,1,0.39,0.89,3.99,1.02,0.98,Holofoil,"[W2] Crunch (70)
<br>Flip a coin. If heads, discard an Energy attached to your opponent's Active Pokemon.",,
95948,Huntail,Huntail,https://tcgplayer-cdn.tcgplayer.com/product/95948_200w.jpg,3,1509,https://cpt.tcgcsv.com/-nN,2026-01-27T22:57:18.02,1,50/160,Holo Rare,Water,100,Stage 1,"[W] Powerful Storm (20x)
<br>This attack does 20 damage times the amount of Energy attached to all of your Pokemon.",Gx2,1,0.58,0.96,3.99,0.99,,Reverse Holofoil,"[W2] Crunch (70)
<br>Flip a coin. If heads, discard an Energy attached to your opponent's Active Pokemon.",,
95949,Gorebyss,Gorebyss,https://tcgplayer-cdn.tcgplayer.com/product/95949_200w.jpg,3,1509,https://cpt.tcgcsv.com/_nN,2025-12-03T05:41:07.363,1,51/160,Uncommon,Water,80,Stage 1,"[1] Captivate
<br>Switch 1 of your opponent's Benched Pokemon with his or her Active Pokemon.",Gx2,0,0.1,0.32,19.5,0.34,0.32,Normal,"[W1] Psychic (30+)
<br>This attack does 10 more damage for each Energy attached to your opponent's Active Pokemon.",,
95949,Gorebyss,Gorebyss,https://tcgplayer-cdn.tcgplayer.com/product/95949_200w.jpg,3,1509,https://cpt.tcgcsv.com/_nN,2025-12-03T05:41:07.363,1,51/160,Uncommon,Water,80,Stage 1,"[1] Captivate
<br>Switch 1 of your opponent's Benched Pokemon with his or her Active Pokemon.",Gx2,0,0.25,0.68,4.56,0.72,0.35,Reverse Holofoil,"[W1] Psychic (30+)
<br>This attack does 10 more damage for each Energy attached to your opponent's Active Pokemon.",,
95950,Gorebyss (Alpha),Gorebyss Alpha,https://tcgplayer-cdn.tcgplayer.com/product/95950_200w.jpg,3,1509,https://cpt.tcgcsv.com/0pN,2025-11-21T20:58:35.863,1,52/160,Rare,Water,90,Stage 1,"[W1] Psy Bolt (30)
<br>Flip a coin. If heads, your opponent's Active Pokemon is now Paralyzed.",Gx2,1,0.21,0.56,4.45,0.56,0.4,Normal,,"<b>Alpha Growth</b>
<br>When you attach an Energy card from your hand to this Pokemon <em>(except with an attack, Ability, or Trainer card)</em>, you may attach 2 Energy cards.",
95950,Gorebyss (Alpha),Gorebyss Alpha,https://tcgplayer-cdn.tcgplayer.com/product/95950_200w.jpg,3,1509,https://cpt.tcgcsv.com/0pN,2025-11-21T20:58:35.863,1,52/160,Rare,Water,90,Stage 1,"[W1] Psy Bolt (30)
<br>Flip a coin. If heads, your opponent's Active Pokemon is now Paralyzed.",Gx2,1,0.57,1.63,4.99,2.05,,Reverse Holofoil,,"<b>Alpha Growth</b>
<br>When you attach an Energy card from your hand to this Pokemon <em>(except with an attack, Ability, or Trainer card)</em>, you may attach 2 Energy cards.",
95951,Kyogre,Kyogre,https://tcgplayer-cdn.tcgplayer.com/product/95951_200w.jpg,3,1509,https://cpt.tcgcsv.com/2pN,2022-12-22T21:02:15.313,1,53/160,Rare,Water,130,Basic,"[W1] Spring Tides (30x)
<br>Flip a coin until you get tails. This attack does 30 damage times the number of heads.",Gx2,4,0.25,0.75,5.09,0.93,0.31,Normal,"[WWW1] Ocean Cyclone (80)
<br>This attack does 10 damage to each of your opponent's Benched Pokemon. <i>(Don't apply Weakness and Resistance for Benched Pokemon.)</i)+>",,
95951,Kyogre,Kyogre,https://tcgplayer-cdn.tcgplayer.com/product/95951_200w.jpg,3,1509,https://cpt.tcgcsv.com/2pN,2022-12-22T21:02:15.313,1,53/160,Rare,Water,130,Basic,"[W1] Spring Tides (30x)
<br>Flip a coin until you get tails. This attack does 30 damage times the number of heads.",Gx2,4,0.3,1.25,96.95,2.15,96.95,Reverse Holofoil,"[WWW1] Ocean Cyclone (80)
<br>This attack does 10 damage to each of your opponent's Benched Pokemon. <i>(Don't apply Weakness and Resistance for Benched Pokemon.)</i)+>",,
95952,Kyogre EX,Kyogre EX,https://tcgplayer-cdn.tcgplayer.com/product/95952_200w.jpg,3,1509,https://cpt.tcgcsv.com/3pN,2026-01-27T23:00:16.517,1,54/160,Ultra Rare,Water,180,Basic,"[W1] Water Pulse (30)
<br>Your opponent's Active Pokemon is now Asleep.",Gx2,4,6.23,8.0,18.38,10.4,,Holofoil,"[WW2] Giant Whirlpool (140)
<br>Return 2 Water Energy attached to this Pokemon to your hand.",,
95953,Primal Kyogre EX (Alpha),Primal Kyogre EX Alpha,https://tcgplayer-cdn.tcgplayer.com/product/95953_200w.jpg,3,1509,https://cpt.tcgcsv.com/5pN,2026-02-10T23:10:59.617,1,55/160,Ultra Rare,Water,240,Primal,"[WWW1] Tidal Storm (150)
<br>Move 2 Energy from this Pokemon to 1 of your Benched Pokemon. This attack does 30 damage to each of your opponent's Benched Pokemon-EX. <i>(Don't apply Weakness and Resistance for Benched Pokemon.)</i>",Gx2,4,38.98,51.03,150.0,53.95,60.62,Holofoil,,"<b>Alpha Growth</b>
<br>When you attach an Energy card from your hand to this Pokemon <em>(except with an attack, Ability, or Trainer card),</em> You may attach 2 Energy cards.


<br>When 1 of your Pokémon becomes Primal Kyogre-EX, your turn ends.",
95954,Manaphy,Manaphy,https://tcgplayer-cdn.tcgplayer.com/product/95954_200w.jpg,3,1509,https://cpt.tcgcsv.com/6pN,2026-03-02T22:47:51.367,1,56/160,Holo Rare,Water,70,Basic,"[W] Deep Sea Swirl
<br>Shuffle your hand into your deck. Then, draw 6 cards.",Gx2,1,0.47,0.7,60.0,0.7,,Holofoil,"[W] Life Saver
<br>Put 2 Water Pokemon from your discard pile into your hand.",,
95954,Manaphy,Manaphy,https://tcgplayer-cdn.tcgplayer.com/product/95954_200w.jpg,3,1509,https://cpt.tcgcsv.com/6pN,2026-03-02T22:47:51.367,1,56/160,Holo Rare,Water,70,Basic,"[W] Deep Sea Swirl
<br>Shuffle your hand into your deck. Then, draw 6 cards.",Gx2,1,0.42,1.0,3.99,1.15,,Reverse Holofoil,"[W] Life Saver
<br>Put 2 Water Pokemon from your discard pile into your hand.",,
95955,Chinchou,Chinchou,https://tcgplayer-cdn.tcgplayer.com/product/95955_200w.jpg,3,1509,https://cpt.tcgcsv.com/7pN,2022-12-22T21:02:49.833,1,57/160,Common,Lightning,70,Basic,[W1] Wave Splash (20),Fx2,2,0.02,0.2,19.5,0.14,0.06,Normal,,,M-20
95955,Chinchou,Chinchou,https://tcgplayer-cdn.tcgplayer.com/product/95955_200w.jpg,3,1509,https://cpt.tcgcsv.com/7pN,2022-12-22T21:02:49.833,1,57/160,Common,Lightning,70,Basic,[W1] Wave Splash (20),Fx2,2,0.25,0.41,3.99,0.39,,Reverse Holofoil,,,M-20
95956,Lanturn,Lanturn,https://tcgplayer-cdn.tcgplayer.com/product/95956_200w.jpg,3,1509,https://cpt.tcgcsv.com/8pN,2022-12-22T21:02:58.63,1,58/160,Uncommon,Lightning,100,Stage 1,"[W1] Dive (40)
<br>Flip a coin. If heads, prevent all effects of attacks, including damage, done to this Pokemon during your opponent's next turn.",Fx2,2,0.01,0.21,2.99,0.21,0.2,Normal,"[W2] Take Down (80)
<br>This Pokemon does 20 damage to itself.",,M-20
95956,Lanturn,Lanturn,https://tcgplayer-cdn.tcgplayer.com/product/95956_200w.jpg,3,1509,https://cpt.tcgcsv.com/8pN,2022-12-22T21:02:58.63,1,58/160,Uncommon,Lightning,100,Stage 1,"[W1] Dive (40)
<br>Flip a coin. If heads, prevent all effects of attacks, including damage, done to this Pokemon during your opponent's next turn.",Fx2,2,0.18,0.4,3.99,0.41,,Reverse Holofoil,"[W2] Take Down (80)
<br>This Pokemon does 20 damage to itself.",,M-20
95957,Electrike,Electrike,https://tcgplayer-cdn.tcgplayer.com/product/95957_200w.jpg,3,1509,https://cpt.tcgcsv.com/9pN,2022-12-22T21:03:07.32,1,59/160,Common,Lightning,60,Basic,"[1] Charge
<br>Search your deck for a Lightning Energy and attach it to this Pokemon. Shuffle your deck afterward.",Fx2,1,0.01,0.2,1.49,0.16,0.12,Normal,[L1] Bite (20),,M-20
95957,Electrike,Electrike,https://tcgplayer-cdn.tcgplayer.com/product/95957_200w.jpg,3,1509,https://cpt.tcgcsv.com/9pN,2022-12-22T21:03:07.32,1,59/160,Common,Lightning,60,Basic,"[1] Charge
<br>Search your deck for a Lightning Energy and attach it to this Pokemon. Shuffle your deck afterward.",Fx2,1,0.21,0.38,3.99,0.49,,Reverse Holofoil,[L1] Bite (20),,M-20
95958,Electrike (Omega),Electrike Omega,https://tcgplayer-cdn.tcgplayer.com/product/95958_200w.jpg,3,1509,https://cpt.tcgcsv.com/bpN,2025-12-03T05:39:38.197,1,60/160,Uncommon,Lightning,50,Basic,"[L] Thunder Fang (10)
<br>Flip a coin. If heads, your opponent's Active Pokemon is now Paralyzed.",Fx2,1,0.12,0.35,19.5,0.35,0.15,Normal,,"<b>Omega Barrier</b>
<br>Whenever your opponent plays a Trainer card <em>(excluding Pokemon Tools and Stadium cards)</em>, prevent all effects of that card done to this Pokemon.",M-20
95958,Electrike (Omega),Electrike Omega,https://tcgplayer-cdn.tcgplayer.com/product/95958_200w.jpg,3,1509,https://cpt.tcgcsv.com/bpN,2025-12-03T05:39:38.197,1,60/160,Uncommon,Lightning,50,Basic,"[L] Thunder Fang (10)
<br>Flip a coin. If heads, your opponent's Active Pokemon is now Paralyzed.",Fx2,1,0.64,2.39,5.0,2.5,2.39,Reverse Holofoil,,"<b>Omega Barrier</b>
<br>Whenever your opponent plays a Trainer card <em>(excluding Pokemon Tools and Stadium cards)</em>, prevent all effects of that card done to this Pokemon.",M-20
95959,Manectric,Manectric,https://tcgplayer-cdn.tcgplayer.com/product/95959_200w.jpg,3,1509,https://cpt.tcgcsv.com/cpN,2025-02-05T21:18:09.6,1,61/160,Holo Rare,Lightning,100,Stage 1,"[L1] Lightning Turn (30)
<br>Switch this Pokemon with 1 of your Benched Pokemon.",Fx2,1,0.29,0.75,5.04,0.75,,Holofoil,"[LL1] Electric Shock (70)
<br>Discard all Lightning Energy attached to this Pokemon. Your opponent's Active Pokemon is now Paralyzed.",,M-20
95959,Manectric,Manectric,https://tcgplayer-cdn.tcgplayer.com/product/95959_200w.jpg,3,1509,https://cpt.tcgcsv.com/cpN,2025-02-05T21:18:09.6,1,61/160,Holo Rare,Lightning,100,Stage 1,"[L1] Lightning Turn (30)
<br>Switch this Pokemon with 1 of your Benched Pokemon.",Fx2,1,0.5,0.88,3.99,0.84,,Reverse Holofoil,"[LL1] Electric Shock (70)
<br>Discard all Lightning Energy attached to this Pokemon. Your opponent's Active Pokemon is now Paralyzed.",,M-20
95960,Tynamo,Tynamo,https://tcgplayer-cdn.tcgplayer.com/product/95960_200w.jpg,3,1509,https://cpt.tcgcsv.com/dpN,2025-12-03T22:40:21.05,1,62/160,Common,Lightning,40,Basic,"[1] Water Splash (10+)
<br>Flip a coin. If heads, this attack does 10 more damage.",Fx2,1,0.01,0.2,5.0,0.14,,Normal,,,M-20
95960,Tynamo,Tynamo,https://tcgplayer-cdn.tcgplayer.com/product/95960_200w.jpg,3,1509,https://cpt.tcgcsv.com/dpN,2025-12-03T22:40:21.05,1,62/160,Common,Lightning,40,Basic,"[1] Water Splash (10+)
<br>Flip a coin. If heads, this attack does 10 more damage.",Fx2,1,0.1,0.45,3.99,0.46,,Reverse Holofoil,,,M-20
95961,Eelektrik,Eelektrik,https://tcgplayer-cdn.tcgplayer.com/product/95961_200w.jpg,3,1509,https://cpt.tcgcsv.com/fpN,2022-12-22T21:04:26.19,1,63/160,Uncommon,Lightning,90,Stage 1,[2] Gnaw (20),Fx2,2,0.01,0.2,1.49,0.14,0.15,Normal,"[LL1] Buzz Flip (30x)
<br>Flip 4 coins. This attack does 30 damage times the number of heads.",,M-20
95961,Eelektrik,Eelektrik,https://tcgplayer-cdn.tcgplayer.com/product/95961_200w.jpg,3,1509,https://cpt.tcgcsv.com/fpN,2022-12-22T21:04:26.19,1,63/160,Uncommon,Lightning,90,Stage 1,[2] Gnaw (20),Fx2,2,0.12,0.36,3.99,0.31,0.23,Reverse Holofoil,"[LL1] Buzz Flip (30x)
<br>Flip 4 coins. This attack does 30 damage times the number of heads.",,M-20
95962,Eelektrik (Alpha),Eelektrik Alpha,https://tcgplayer-cdn.tcgplayer.com/product/95962_200w.jpg,3,1509,https://cpt.tcgcsv.com/gpN,2025-12-03T05:38:56.663,1,64/160,Rare,Lightning,90,Stage 1,"[L2] Thrash (50+)
<br>Flip a coin. If heads, this attack does 20 more damage. If tails, this Pokemon does 20 damage to itself.",Fx2,2,0.25,0.5,19.5,0.52,0.5,Normal,,"<b>Alpha Recovery</b>
<br>WHen this Pokemon is healed, double the amount healed.",M-20
95962,Eelektrik (Alpha),Eelektrik Alpha,https://tcgplayer-cdn.tcgplayer.com/product/95962_200w.jpg,3,1509,https://cpt.tcgcsv.com/gpN,2025-12-03T05:38:56.663,1,64/160,Rare,Lightning,90,Stage 1,"[L2] Thrash (50+)
<br>Flip a coin. If heads, this attack does 20 more damage. If tails, this Pokemon does 20 damage to itself.",Fx2,2,0.52,0.91,9.99,1.43,0.49,Reverse Holofoil,,"<b>Alpha Recovery</b>
<br>WHen this Pokemon is healed, double the amount healed.",M-20
95963,Eelektross,Eelektross,https://tcgplayer-cdn.tcgplayer.com/product/95963_200w.jpg,3,1509,https://cpt.tcgcsv.com/hpN,2025-02-05T21:18:09.723,1,65/160,Holo Rare,Lightning,140,Stage 2,"[LL2] Electricannon (80+)
<br>You may discard all Lightning Energy attached to this Pokemon. If you do, this attack does 50 more damage.",Fx2,3,0.33,0.75,4.5,0.77,,Holofoil,,"<b>Ablity - Energy Connect</b>
<br>As often as you like during your turn <em>(before you attack)</em>, you may move a basic Energy attached to 1 of your Benched Pokemon to your Active Pokemon.",M-20
95963,Eelektross,Eelektross,https://tcgplayer-cdn.tcgplayer.com/product/95963_200w.jpg,3,1509,https://cpt.tcgcsv.com/hpN,2025-02-05T21:18:09.723,1,65/160,Holo Rare,Lightning,140,Stage 2,"[LL2] Electricannon (80+)
<br>You may discard all Lightning Energy attached to this Pokemon. If you do, this attack does 50 more damage.",Fx2,3,0.48,0.97,3.99,0.89,,Reverse Holofoil,,"<b>Ablity - Energy Connect</b>
<br>As often as you like during your turn <em>(before you attack)</em>, you may move a basic Energy attached to 1 of your Benched Pokemon to your Active Pokemon.",M-20
95964,Nidoran (F),Nidoran F,https://tcgplayer-cdn.tcgplayer.com/product/95964_200w.jpg,3,1509,https://cpt.tcgcsv.com/jpN,2022-12-22T21:04:52.977,1,66/160,Common,Psychic,60,Basic,[1] Scratch (10),Px2,1,0.01,0.2,4.0,0.2,,Normal,[P1] Bite (20),,
95964,Nidoran (F),Nidoran F,https://tcgplayer-cdn.tcgplayer.com/product/95964_200w.jpg,3,1509,https://cpt.tcgcsv.com/jpN,2022-12-22T21:04:52.977,1,66/160,Common,Psychic,60,Basic,[1] Scratch (10),Px2,1,0.2,0.47,3.99,0.47,,Reverse Holofoil,[P1] Bite (20),,
95965,Nidorina,Nidorina,https://tcgplayer-cdn.tcgplayer.com/product/95965_200w.jpg,3,1509,https://cpt.tcgcsv.com/kpN,2022-12-22T21:05:02.297,1,67/160,Uncommon,Psychic,90,Stage 1,[1] Scratch (20),Px2,2,0.01,0.35,5.0,0.37,,Normal,[PP1] Strength (60),,
95965,Nidorina,Nidorina,https://tcgplayer-cdn.tcgplayer.com/product/95965_200w.jpg,3,1509,https://cpt.tcgcsv.com/kpN,2022-12-22T21:05:02.297,1,67/160,Uncommon,Psychic,90,Stage 1,[1] Scratch (20),Px2,2,0.49,0.93,3.99,0.93,,Reverse Holofoil,[PP1] Strength (60),,
95966,Nidoqueen,Nidoqueen,https://tcgplayer-cdn.tcgplayer.com/product/95966_200w.jpg,3,1509,https://cpt.tcgcsv.com/lpN,2025-12-03T05:53:31.43,1,68/160,Uncommon,Psychic,140,Stage 2,"[P1] Double Kick (40x)
<br>Flip 2 coins. This attack does 40 damage times the number of heads.",Px2,3,0.07,0.43,19.5,0.46,0.26,Normal,"[P2] Poison Fang (60)
<br>Your opponent's Active Pokemon is now Poisoned. Put 2 damage counters instead of 1 on that Pokemon between turns.",,
95966,Nidoqueen,Nidoqueen,https://tcgplayer-cdn.tcgplayer.com/product/95966_200w.jpg,3,1509,https://cpt.tcgcsv.com/lpN,2025-12-03T05:53:31.43,1,68/160,Uncommon,Psychic,140,Stage 2,"[P1] Double Kick (40x)
<br>Flip 2 coins. This attack does 40 damage times the number of heads.",Px2,3,0.31,0.99,3.99,1.07,1.4,Reverse Holofoil,"[P2] Poison Fang (60)
<br>Your opponent's Active Pokemon is now Poisoned. Put 2 damage counters instead of 1 on that Pokemon between turns.",,
95967,Nidoqueen (Omega),Nidoqueen Omega,https://tcgplayer-cdn.tcgplayer.com/product/95967_200w.jpg,3,1509,https://cpt.tcgcsv.com/mpN,2026-01-27T20:24:59.61,1,69/160,Rare,Psychic,140,Stage 2,"[P] Poison Jab (30)
<br>Your opponent's Active Pokemon is now Poisoned.",Px2,2,0.99,1.87,3.47,1.97,,Normal,"[PP1] Dynamite Punch (70)
<br>This Pokemon does 20 damage to itself. Don't apply Weakness to this damage.","<b>Omega Barrage</b>
<br>This Pokemon may attack twice a turn. <em>(If the first attack Knocks Out your opponent's Active Pokemon, you may attack again after your opponent chooses a new Active Pokemon.)</em>",
95967,Nidoqueen (Omega),Nidoqueen Omega,https://tcgplayer-cdn.tcgplayer.com/product/95967_200w.jpg,3,1509,https://cpt.tcgcsv.com/mpN,2026-01-27T20:24:59.61,1,69/160,Rare,Psychic,140,Stage 2,"[P] Poison Jab (30)
<br>Your opponent's Active Pokemon is now Poisoned.",Px2,2,4.15,7.0,10.49,8.0,,Reverse Holofoil,"[PP1] Dynamite Punch (70)
<br>This Pokemon does 20 damage to itself. Don't apply Weakness to this damage.","<b>Omega Barrage</b>
<br>This Pokemon may attack twice a turn. <em>(If the first attack Knocks Out your opponent's Active Pokemon, you may attack again after your opponent chooses a new Active Pokemon.)</em>",
95968,Tentacool,Tentacool,https://tcgplayer-cdn.tcgplayer.com/product/95968_200w.jpg,3,1509,https://cpt.tcgcsv.com/npN,2025-12-03T01:22:04.55,1,70/160,Common,Psychic,50,Basic,"[1] Lost in the Waves (10)
<br>Reaturn this Pokemon and all cards attached to it to your hand.",Px2,1,0.04,0.19,1.49,0.16,,Normal,,,
95968,Tentacool,Tentacool,https://tcgplayer-cdn.tcgplayer.com/product/95968_200w.jpg,3,1509,https://cpt.tcgcsv.com/npN,2025-12-03T01:22:04.55,1,70/160,Common,Psychic,50,Basic,"[1] Lost in the Waves (10)
<br>Reaturn this Pokemon and all cards attached to it to your hand.",Px2,1,0.19,0.4,3.99,0.47,0.69,Reverse Holofoil,,,
95969,Tentacool (Alpha),Tentacool Alpha,https://tcgplayer-cdn.tcgplayer.com/product/95969_200w.jpg,3,1509,https://cpt.tcgcsv.com/ppN,2026-01-27T23:46:07.083,1,71/160,Uncommon,Psychic,60,Basic,[P1] Psyshot (20),Px2,1,0.25,0.5,1.25,0.62,,Normal,,"<b>Alpha Recovery</b>
<br>WHen this Pokemon is healed, double the amount healed.",
95969,Tentacool (Alpha),Tentacool Alpha,https://tcgplayer-cdn.tcgplayer.com/product/95969_200w.jpg,3,1509,https://cpt.tcgcsv.com/ppN,2026-01-27T23:46:07.083,1,71/160,Uncommon,Psychic,60,Basic,[P1] Psyshot (20),Px2,1,4.51,6.58,29.99,5.18,,Reverse Holofoil,,"<b>Alpha Recovery</b>
<br>WHen this Pokemon is healed, double the amount healed.",
95970,Tentacruel,Tentacruel,https://tcgplayer-cdn.tcgplayer.com/product/95970_200w.jpg,3,1509,https://cpt.tcgcsv.com/qpN,2025-12-03T22:38:12.313,1,72/160,Rare,Psychic,100,Stage 1,"[1] Dancing Tentacles
<br>Your opponent's Active Pokemon is now Confused and Poisoned.",Px2,3,0.1,0.41,19.5,0.53,0.25,Normal,"[P1] Stick and Absorb (30)
<br>Heal 30 damage from this Pokemon. The Defending Pokemon can't retreat during your opponent's next turn.",,
95970,Tentacruel,Tentacruel,https://tcgplayer-cdn.tcgplayer.com/product/95970_200w.jpg,3,1509,https://cpt.tcgcsv.com/qpN,2025-12-03T22:38:12.313,1,72/160,Rare,Psychic,100,Stage 1,"[1] Dancing Tentacles
<br>Your opponent's Active Pokemon is now Confused and Poisoned.",Px2,3,0.49,0.83,3.99,0.83,,Reverse Holofoil,"[P1] Stick and Absorb (30)
<br>Heal 30 damage from this Pokemon. The Defending Pokemon can't retreat during your opponent's next turn.",,
95971,Starmie,Starmie,https://tcgplayer-cdn.tcgplayer.com/product/95971_200w.jpg,3,1509,https://cpt.tcgcsv.com/rpN,2022-12-22T21:06:05.883,1,73/160,Rare,Psychic,90,Stage 1,"[1] Synchro Star (10+)
<br>If this Pokemon and your opponent's Active Pokemon have the same amount of Energy attached to them, this attack does 60 more damage.",Px2,0,0.15,0.34,2.39,0.35,,Normal,,,
95971,Starmie,Starmie,https://tcgplayer-cdn.tcgplayer.com/product/95971_200w.jpg,3,1509,https://cpt.tcgcsv.com/rpN,2022-12-22T21:06:05.883,1,73/160,Rare,Psychic,90,Stage 1,"[1] Synchro Star (10+)
<br>If this Pokemon and your opponent's Active Pokemon have the same amount of Energy attached to them, this attack does 60 more damage.",Px2,0,0.2,0.58,3.99,0.61,0.66,Reverse Holofoil,,,
95972,Rhyhorn,Rhyhorn,https://tcgplayer-cdn.tcgplayer.com/product/95972_200w.jpg,3,1509,https://cpt.tcgcsv.com/spN,2025-12-03T01:15:27.233,1,74/160,Common,Fighting,80,Basic,"[FF] Take Down (40)
<br>This Pokemon does 10 damage to itself.",Gx2,3,0.01,0.19,19.5,0.13,0.1,Normal,,,
95972,Rhyhorn,Rhyhorn,https://tcgplayer-cdn.tcgplayer.com/product/95972_200w.jpg,3,1509,https://cpt.tcgcsv.com/spN,2025-12-03T01:15:27.233,1,74/160,Common,Fighting,80,Basic,"[FF] Take Down (40)
<br>This Pokemon does 10 damage to itself.",Gx2,3,0.2,0.42,19.5,0.37,0.23,Reverse Holofoil,,,
95973,Rhydon,Rhydon,https://tcgplayer-cdn.tcgplayer.com/product/95973_200w.jpg,3,1509,https://cpt.tcgcsv.com/tpN,2022-12-22T21:06:22.093,1,75/160,Uncommon,Fighting,100,Stage 1,"[F2] Take Down (50)
<br>This Pokemon does 10 damage to itself.",Gx2,4,0.01,0.21,1.87,0.22,0.2,Normal,[FF2] Horn Drill (70),,
95973,Rhydon,Rhydon,https://tcgplayer-cdn.tcgplayer.com/product/95973_200w.jpg,3,1509,https://cpt.tcgcsv.com/tpN,2022-12-22T21:06:22.093,1,75/160,Uncommon,Fighting,100,Stage 1,"[F2] Take Down (50)
<br>This Pokemon does 10 damage to itself.",Gx2,4,0.2,0.45,3.99,0.47,,Reverse Holofoil,[FF2] Horn Drill (70),,
95974,Rhyperior,Rhyperior,https://tcgplayer-cdn.tcgplayer.com/product/95974_200w.jpg,3,1509,https://cpt.tcgcsv.com/vpN,2024-06-03T05:13:45.53,1,76/160,Rare,Fighting,150,Stage 2,"[FF1] Rock Shower
<br>Flip 3 coins. This attack does 20 damage times the number of heads to each of your opponent's Pokemon <i>(Don't apply Weakness and Resistance for Benched Pokemon)</i>.",Gx2,4,0.1,0.4,1.5,0.41,0.23,Normal,"[FF2] Stone Edge (80+)
<br>Flip a coin. If heads, this attack does 40 more damage.",,
95974,Rhyperior,Rhyperior,https://tcgplayer-cdn.tcgplayer.com/product/95974_200w.jpg,3,1509,https://cpt.tcgcsv.com/vpN,2024-06-03T05:13:45.53,1,76/160,Rare,Fighting,150,Stage 2,"[FF1] Rock Shower
<br>Flip 3 coins. This attack does 20 damage times the number of heads to each of your opponent's Pokemon <i>(Don't apply Weakness and Resistance for Benched Pokemon)</i>.",Gx2,4,0.29,0.86,40.0,0.86,0.44,Reverse Holofoil,"[FF2] Stone Edge (80+)
<br>Flip a coin. If heads, this attack does 40 more damage.",,
95975,Rhyperior (Omega),Rhyperior Omega,https://tcgplayer-cdn.tcgplayer.com/product/95975_200w.jpg,3,1509,https://cpt.tcgcsv.com/wpN,2022-12-22T21:07:07.983,1,77/160,Holo Rare,Fighting,160,Stage 2,"[FF2] Hammer Arm (100)
<br>Discard the top card of your opponent's deck.",Gx2,4,2.39,3.99,8.99,4.02,,Holofoil,,"<b>Omega Barrier</b>
<br>When your opponent plays a Trainer card <em>(excluding Pokemon Tools and Stadium Cards)</em>, prevent all effects of that card done to this Pokemon.",
95975,Rhyperior (Omega),Rhyperior Omega,https://tcgplayer-cdn.tcgplayer.com/product/95975_200w.jpg,3,1509,https://cpt.tcgcsv.com/wpN,2022-12-22T21:07:07.983,1,77/160,Holo Rare,Fighting,160,Stage 2,"[FF2] Hammer Arm (100)
<br>Discard the top card of your opponent's deck.",Gx2,4,3.0,5.0,10.0,5.26,,Reverse Holofoil,,"<b>Omega Barrier</b>
<br>When your opponent plays a Trainer card <em>(excluding Pokemon Tools and Stadium Cards)</em>, prevent all effects of that card done to this Pokemon.",
95976,Nosepass,Nosepass,https://tcgplayer-cdn.tcgplayer.com/product/95976_200w.jpg,3,1509,https://cpt.tcgcsv.com/xpN,2025-02-05T21:18:09.773,1,78/160,Common,Fighting,80,Basic,"[2] Stiffen
<br>During your opponent's next turn, any damage done to this Pokemon by attacks is reduced by 40 <i>(after applying Weakness and Resistance)</i>.",Gx2,3,0.01,0.19,1.87,0.14,,Normal,[F2] Ram (40),,
95976,Nosepass,Nosepass,https://tcgplayer-cdn.tcgplayer.com/product/95976_200w.jpg,3,1509,https://cpt.tcgcsv.com/xpN,2025-02-05T21:18:09.773,1,78/160,Common,Fighting,80,Basic,"[2] Stiffen
<br>During your opponent's next turn, any damage done to this Pokemon by attacks is reduced by 40 <i>(after applying Weakness and Resistance)</i>.",Gx2,3,0.22,0.45,3.99,0.47,1.0,Reverse Holofoil,[F2] Ram (40),,
95977,Meditite,Meditite,https://tcgplayer-cdn.tcgplayer.com/product/95977_200w.jpg,3,1509,https://cpt.tcgcsv.com/zpN,2022-12-22T21:07:26.273,1,79/160,Common,Fighting,50,Basic,[F] Smack (20),Px2,1,0.03,0.2,4.0,0.15,0.1,Normal,,,
95977,Meditite,Meditite,https://tcgplayer-cdn.tcgplayer.com/product/95977_200w.jpg,3,1509,https://cpt.tcgcsv.com/zpN,2022-12-22T21:07:26.273,1,79/160,Common,Fighting,50,Basic,[F] Smack (20),Px2,1,0.07,0.47,3.99,0.47,,Reverse Holofoil,,,
95978,Medicham,Medicham,https://tcgplayer-cdn.tcgplayer.com/product/95978_200w.jpg,3,1509,https://cpt.tcgcsv.com/BpN,2026-01-27T20:23:38.21,1,80/160,Holo Rare,Fighting,100,Stage 1,"[F] Pure Power
<br>Put 4 damage counters on your opponent's Pokemon in any way you like.",Px2,2,0.23,0.55,3.99,0.59,0.66,Holofoil,"[F1] Windmill Kick (60)
<br>Your opponent's Active Pokemon is now Confused.",,
95978,Medicham,Medicham,https://tcgplayer-cdn.tcgplayer.com/product/95978_200w.jpg,3,1509,https://cpt.tcgcsv.com/BpN,2026-01-27T20:23:38.21,1,80/160,Holo Rare,Fighting,100,Stage 1,"[F] Pure Power
<br>Put 4 damage counters on your opponent's Pokemon in any way you like.",Px2,2,0.36,0.7,3.99,0.7,0.42,Reverse Holofoil,"[F1] Windmill Kick (60)
<br>Your opponent's Active Pokemon is now Confused.",,
95979,Medicham (Omega),Medicham Omega,https://tcgplayer-cdn.tcgplayer.com/product/95979_200w.jpg,3,1509,https://cpt.tcgcsv.com/CpN,2025-02-05T21:18:09.82,1,81/160,Rare,Fighting,90,Stage 1,"[1] Calm Mind
<br>Heal 30 damage from this Pokemon.",Px2,1,0.23,0.49,2.84,0.47,0.42,Normal,"[FF] Yoga Kick (30)
<br>This attack's damage isn't affected by Weakness or Resistance.","<b>Omega Barrage</b>
<br>This Pokemon may attack twice a turn. <em>(If the first attack Knocks Out your opponent's Active Pokemon, you may attack again after your opponent chooses a new Active Pokemon.)</em>",
95979,Medicham (Omega),Medicham Omega,https://tcgplayer-cdn.tcgplayer.com/product/95979_200w.jpg,3,1509,https://cpt.tcgcsv.com/CpN,2025-02-05T21:18:09.82,1,81/160,Rare,Fighting,90,Stage 1,"[1] Calm Mind
<br>Heal 30 damage from this Pokemon.",Px2,1,0.5,1.19,4.99,1.09,,Reverse Holofoil,"[FF] Yoga Kick (30)
<br>This attack's damage isn't affected by Weakness or Resistance.","<b>Omega Barrage</b>
<br>This Pokemon may attack twice a turn. <em>(If the first attack Knocks Out your opponent's Active Pokemon, you may attack again after your opponent chooses a new Active Pokemon.)</em>",
95980,Trapinch,Trapinch,https://tcgplayer-cdn.tcgplayer.com/product/95980_200w.jpg,3,1509,https://cpt.tcgcsv.com/DpN,2025-12-03T01:23:46.933,1,82/160,Common,Fighting,60,Basic,[1] Gnaw (10),Gx2,1,0.03,0.2,19.5,0.18,0.08,Normal,[F1] Mud-Slap (20),,
95980,Trapinch,Trapinch,https://tcgplayer-cdn.tcgplayer.com/product/95980_200w.jpg,3,1509,https://cpt.tcgcsv.com/DpN,2025-12-03T01:23:46.933,1,82/160,Common,Fighting,60,Basic,[1] Gnaw (10),Gx2,1,0.14,0.41,3.99,0.31,,Reverse Holofoil,[F1] Mud-Slap (20),,
95981,Solrock,Solrock,https://tcgplayer-cdn.tcgplayer.com/product/95981_200w.jpg,3,1509,https://cpt.tcgcsv.com/FpN,2022-12-22T21:09:03.043,1,83/160,Common,Fighting,80,Basic,"[1] Solar Generator
<br>Search your deck for up to 2 Special Energy cards, reveal them, and put them into your hand. Shuffle your deck afterward.",Gx2,1,0.03,0.19,19.5,0.15,0.13,Normal,"[F1] Knock Away (20+)
<br>Flip a coin. IF heads, this attack does 20 more damage.",,
95981,Solrock,Solrock,https://tcgplayer-cdn.tcgplayer.com/product/95981_200w.jpg,3,1509,https://cpt.tcgcsv.com/FpN,2022-12-22T21:09:03.043,1,83/160,Common,Fighting,80,Basic,"[1] Solar Generator
<br>Search your deck for up to 2 Special Energy cards, reveal them, and put them into your hand. Shuffle your deck afterward.",Gx2,1,0.19,0.35,3.99,0.32,,Reverse Holofoil,"[F1] Knock Away (20+)
<br>Flip a coin. IF heads, this attack does 20 more damage.",,
95982,Groudon,Groudon,https://tcgplayer-cdn.tcgplayer.com/product/95982_200w.jpg,3,1509,https://cpt.tcgcsv.com/GpN,2022-12-22T21:09:11.947,1,84/160,Rare,Fighting,130,Basic,"[F1] Rock Smash (20+)
<br>Flip a coin. If heads, this attack does 20 more damage.",Gx2,4,0.36,0.89,2.23,1.12,,Normal,"[FFF1] Break Ground (100)
<br>This attack does 10 damage to each of your Benched Pokemon. <i>(Don't apply Weakness and Resistance for Benched Pokemon)</i>",,
95982,Groudon,Groudon,https://tcgplayer-cdn.tcgplayer.com/product/95982_200w.jpg,3,1509,https://cpt.tcgcsv.com/GpN,2022-12-22T21:09:11.947,1,84/160,Rare,Fighting,130,Basic,"[F1] Rock Smash (20+)
<br>Flip a coin. If heads, this attack does 20 more damage.",Gx2,4,0.6,1.5,3.99,1.78,,Reverse Holofoil,"[FFF1] Break Ground (100)
<br>This attack does 10 damage to each of your Benched Pokemon. <i>(Don't apply Weakness and Resistance for Benched Pokemon)</i>",,
95983,Groudon EX,Groudon EX,https://tcgplayer-cdn.tcgplayer.com/product/95983_200w.jpg,3,1509,https://cpt.tcgcsv.com/HpN,2026-02-28T01:14:48.657,1,85/160,Ultra Rare,Fighting,180,Basic,"[F1] Rip Claw (30)
<br>Flip a coin. If heads, discard an Energy attached to your opponent's Active Pokemon.",Gx2,4,6.26,10.65,24.99,11.02,,Holofoil,[FFF1] Massive Rend (130),,
95984,Primal Groudon EX (Omega),Primal Groudon EX Omega,https://tcgplayer-cdn.tcgplayer.com/product/95984_200w.jpg,3,1509,https://cpt.tcgcsv.com/JpN,2025-03-25T18:30:25.53,1,86/160,Ultra Rare,Fighting,240,Primal,"[FFF1] Gaia Volcano (100+)
<br>If there is any Stadium card in play, this attack does 100 more damage. Discard that Stadium card.",Gx2,4,27.0,37.16,74.99,39.87,,Holofoil,,"<b>Omega Barrier</b>
<br>Whenever your opponent plays a Trainer card <em>(excluding Pokemon Tools and Stadium cards)</em>, prevent all effects of that card done to this Pokemon.

<br>When one of your Pokemon becomes Primal Groudon-EX, your turn ends.",
95985,Hippopotas,Hippopotas,https://tcgplayer-cdn.tcgplayer.com/product/95985_200w.jpg,3,1509,https://cpt.tcgcsv.com/KpN,2026-01-27T22:54:51.753,1,87/160,Common,Fighting,90,Basic,[2] Tackle (20),Gx2,3,0.13,0.29,1.49,0.42,,Normal,[FF1] Rolling Tackle (50),,
95985,Hippopotas,Hippopotas,https://tcgplayer-cdn.tcgplayer.com/product/95985_200w.jpg,3,1509,https://cpt.tcgcsv.com/KpN,2026-01-27T22:54:51.753,1,87/160,Common,Fighting,90,Basic,[2] Tackle (20),Gx2,3,0.5,1.4,6.77,3.02,6.09,Reverse Holofoil,[FF1] Rolling Tackle (50),,
95986,Hippowdon,Hippowdon,https://tcgplayer-cdn.tcgplayer.com/product/95986_200w.jpg,3,1509,https://cpt.tcgcsv.com/LpN,2022-12-22T21:09:46.877,1,88/160,Holo Rare,Fighting,130,Stage 1,"[F2] Resistant Desert (60)
<br>During your opponent's next turn, prevent all effects of attacks, including damage, done to this Pokemon by Pokemon-EX.",Gx2,4,0.25,0.77,96.95,0.74,0.77,Holofoil,"[FF2] Double-Edge (100)
<br>This Pokemon does 20 damage to itself.",,
95986,Hippowdon,Hippowdon,https://tcgplayer-cdn.tcgplayer.com/product/95986_200w.jpg,3,1509,https://cpt.tcgcsv.com/LpN,2022-12-22T21:09:46.877,1,88/160,Holo Rare,Fighting,130,Stage 1,"[F2] Resistant Desert (60)
<br>During your opponent's next turn, prevent all effects of attacks, including damage, done to this Pokemon by Pokemon-EX.",Gx2,4,0.36,0.71,3.99,0.7,,Reverse Holofoil,"[FF2] Double-Edge (100)
<br>This Pokemon does 20 damage to itself.",,
95987,Drilbur,Drilbur,https://tcgplayer-cdn.tcgplayer.com/product/95987_200w.jpg,3,1509,https://cpt.tcgcsv.com/MpN,2022-12-22T21:09:56.043,1,89/160,Common,Fighting,80,Basic,"[1] Fury Swipes (10x)
<br>Flip 3 coins. This attack does 10 damage times the number of heads.",Gx2,2,0.01,0.2,5.04,0.16,0.06,Normal,,,
95987,Drilbur,Drilbur,https://tcgplayer-cdn.tcgplayer.com/product/95987_200w.jpg,3,1509,https://cpt.tcgcsv.com/MpN,2022-12-22T21:09:56.043,1,89/160,Common,Fighting,80,Basic,"[1] Fury Swipes (10x)
<br>Flip 3 coins. This attack does 10 damage times the number of heads.",Gx2,2,0.2,0.41,3.99,0.43,0.49,Reverse Holofoil,,,
95988,Diggersby,Diggersby,https://tcgplayer-cdn.tcgplayer.com/product/95988_200w.jpg,3,1509,https://cpt.tcgcsv.com/NpN,2022-12-22T21:10:04.437,1,90/160,Rare,Fighting,110,Stage 1,"[F] Ear Dig
<br>Flip a coin until you get tails. For each heads, discard the top card of your opponent's deck.",Gx2,3,0.05,0.3,1.49,0.3,0.3,Normal,[3] Hammer In (70),,
95988,Diggersby,Diggersby,https://tcgplayer-cdn.tcgplayer.com/product/95988_200w.jpg,3,1509,https://cpt.tcgcsv.com/NpN,2022-12-22T21:10:04.437,1,90/160,Rare,Fighting,110,Stage 1,"[F] Ear Dig
<br>Flip a coin until you get tails. For each heads, discard the top card of your opponent's deck.",Gx2,3,0.22,0.44,3.99,0.41,,Reverse Holofoil,[3] Hammer In (70),,
95989,Sharpedo EX,Sharpedo EX,https://tcgplayer-cdn.tcgplayer.com/product/95989_200w.jpg,3,1509,https://cpt.tcgcsv.com/PpN,2022-12-22T21:10:14.74,1,91/160,Ultra Rare,Darkness,170,Basic,"[D1] Hunt
<br>Switch 1 of your opponent's Benched Pokemon with his or her Active Pokemon. This attack does 30 damage to the new Active Pokemon.",Lx2,1,2.0,3.12,15.36,3.01,,Holofoil,"[DD1] Jagged Fang (100) 
<br>Discard an Energy attached to this Pokemon. Then, discard an Energy attached to your opponent's Active Pokemon.",,
95990,Crawdaunt,Crawdaunt,https://tcgplayer-cdn.tcgplayer.com/product/95990_200w.jpg,3,1509,https://cpt.tcgcsv.com/QpN,2026-01-27T21:22:59.49,1,92/160,Holo Rare,Darkness,90,Stage 1,[D1] Crabhammer (60),Fx2,2,0.25,0.62,3.99,0.57,0.6,Holofoil,,"<b>Ability - Unruly Claw</b>
<br>WHen you play this Pokemon from your hand to evolve 1 of your Pokemon, you may discard an Energy attached to your opponent's Active Pokemon.",P-20
95990,Crawdaunt,Crawdaunt,https://tcgplayer-cdn.tcgplayer.com/product/95990_200w.jpg,3,1509,https://cpt.tcgcsv.com/QpN,2026-01-27T21:22:59.49,1,92/160,Holo Rare,Darkness,90,Stage 1,[D1] Crabhammer (60),Fx2,2,0.3,0.77,3.99,0.77,0.77,Reverse Holofoil,,"<b>Ability - Unruly Claw</b>
<br>WHen you play this Pokemon from your hand to evolve 1 of your Pokemon, you may discard an Energy attached to your opponent's Active Pokemon.",P-20
95991,Aggron EX,Aggron EX,https://tcgplayer-cdn.tcgplayer.com/product/95991_200w.jpg,3,1509,https://cpt.tcgcsv.com/RpN,2026-01-27T23:24:00.383,1,93/160,Ultra Rare,Metal,180,Basic,"[M2] Steel Headbutt (50+)
<br>Flip a coin. If heads, this attack does 30 more damage.",Rx2,4,2.69,3.75,96.94,4.15,6.22,Holofoil,"[MM2] Raging Hammer (60+)
<br>This attack does 10 more damage for each damage counter on this Pokemon.",,P-20
95992,M Aggron EX,M Aggron EX,https://tcgplayer-cdn.tcgplayer.com/product/95992_200w.jpg,3,1509,https://cpt.tcgcsv.com/SpN,2026-01-27T20:22:25.71,1,94/160,Ultra Rare,Metal,240,Mega,"[MM2] Megaton Slam (120+)
<br>You may flip a coin. If heads, this attack does 120 more damage. If tails, this attack does 20 damage to each of your Benched Pokemon. <i>(Don't apply Weakness and Resistance to Benched Pokemon.)</i>",Rx2,4,11.75,16.7,149.99,18.16,,Holofoil,,"<em>When 1 of your Pokemon becomes a Mega Evolution Pokemon, your turn ends.",P-20
95993,Probopass,Probopass,https://tcgplayer-cdn.tcgplayer.com/product/95993_200w.jpg,3,1509,https://cpt.tcgcsv.com/TpN,2022-12-22T21:11:00.413,1,95/160,Rare,Metal,110,Stage 1,"[M] Triple Smash (30x)
<br>Flip 3 coins. This attack does 30 damage times the number of heads.",Rx2,3,0.14,0.25,1.96,0.24,,Normal,"[MM1] Reinforced Nose (50+)
<br>If this Pokemon has a Pokemon Tool card attached to it, this attack does 50 more damage.",,P-20
95993,Probopass,Probopass,https://tcgplayer-cdn.tcgplayer.com/product/95993_200w.jpg,3,1509,https://cpt.tcgcsv.com/TpN,2022-12-22T21:11:00.413,1,95/160,Rare,Metal,110,Stage 1,"[M] Triple Smash (30x)
<br>Flip 3 coins. This attack does 30 damage times the number of heads.",Rx2,3,0.21,0.47,3.99,0.43,0.43,Reverse Holofoil,"[MM1] Reinforced Nose (50+)
<br>If this Pokemon has a Pokemon Tool card attached to it, this attack does 50 more damage.",,P-20
95994,Excadrill,Excadrill,https://tcgplayer-cdn.tcgplayer.com/product/95994_200w.jpg,3,1509,https://cpt.tcgcsv.com/VpN,2023-04-12T13:07:08.683,1,96/160,Rare,Metal,100,Stage 1,"[M] Drill Run (20)
<br>Flip a coin. If heads, discard an Energy attached to your opponent's Active Pokemon.",Rx2,2,0.15,0.36,1.95,0.38,0.4,Normal,"[M2] Straight Claw (60+)
<br>You may disard an Energy attached to this Pokemon. If you do, this attack does 30 more damage.",,P-20
95994,Excadrill,Excadrill,https://tcgplayer-cdn.tcgplayer.com/product/95994_200w.jpg,3,1509,https://cpt.tcgcsv.com/VpN,2023-04-12T13:07:08.683,1,96/160,Rare,Metal,100,Stage 1,"[M] Drill Run (20)
<br>Flip a coin. If heads, discard an Energy attached to your opponent's Active Pokemon.",Rx2,2,0.3,0.67,3.99,0.68,,Reverse Holofoil,"[M2] Straight Claw (60+)
<br>You may disard an Energy attached to this Pokemon. If you do, this attack does 30 more damage.",,P-20
95995,Excadrill (Omega),Excadrill Omega,https://tcgplayer-cdn.tcgplayer.com/product/95995_200w.jpg,3,1509,https://cpt.tcgcsv.com/WpN,2026-01-27T21:46:39.527,1,97/160,Holo Rare,Metal,110,Stage 1,"[M] Dredge
<br>Search your deck for 2 Energy cards and attach them to this Pokemon. Shuffle your deck afterward.",Rx2,3,0.75,1.62,3.99,1.65,1.99,Holofoil,"[M2] Mach Claw (50)
<br>This attack's damage isn't affected by Resistance.","<b>Omega Barrage</b>
<br>This Pokemon may attack twice a turn. <em>(If the first attack Knocks Out your opponent's Active Pokemon, you may attack again after your opponent chooses a new Active Pokemon.)</em>",P-20
95995,Excadrill (Omega),Excadrill Omega,https://tcgplayer-cdn.tcgplayer.com/product/95995_200w.jpg,3,1509,https://cpt.tcgcsv.com/WpN,2026-01-27T21:46:39.527,1,97/160,Holo Rare,Metal,110,Stage 1,"[M] Dredge
<br>Search your deck for 2 Energy cards and attach them to this Pokemon. Shuffle your deck afterward.",Rx2,3,1.37,1.86,5.0,2.02,,Reverse Holofoil,"[M2] Mach Claw (50)
<br>This attack's damage isn't affected by Resistance.","<b>Omega Barrage</b>
<br>This Pokemon may attack twice a turn. <em>(If the first attack Knocks Out your opponent's Active Pokemon, you may attack again after your opponent chooses a new Active Pokemon.)</em>",P-20
95996,Honedge,Honedge,https://tcgplayer-cdn.tcgplayer.com/product/95996_200w.jpg,3,1509,https://cpt.tcgcsv.com/XpN,2022-12-22T21:11:27.267,1,98/160,Common,Metal,60,Basic,"[M] Metal Sound
<br>Your opponent's Active Pokemon is now Confused.",Rx2,2,0.01,0.2,1.49,0.19,0.1,Normal,,,P-20
95996,Honedge,Honedge,https://tcgplayer-cdn.tcgplayer.com/product/95996_200w.jpg,3,1509,https://cpt.tcgcsv.com/XpN,2022-12-22T21:11:27.267,1,98/160,Common,Metal,60,Basic,"[M] Metal Sound
<br>Your opponent's Active Pokemon is now Confused.",Rx2,2,0.3,0.5,40.0,0.42,,Reverse Holofoil,,,P-20
95997,Doublade,Doublade,https://tcgplayer-cdn.tcgplayer.com/product/95997_200w.jpg,3,1509,https://cpt.tcgcsv.com/ZpN,2022-12-22T21:11:38.443,1,99/160,Uncommon,Metal,80,Stage 1,"[2] False Swipe
<br>Flip a coin. If heads, put damage counters on your opponent's Active Pokemon until its remaining HP is 10.",Rx2,2,0.03,0.22,1.49,0.23,,Normal,[MM1] Slash (60),,P-20
95997,Doublade,Doublade,https://tcgplayer-cdn.tcgplayer.com/product/95997_200w.jpg,3,1509,https://cpt.tcgcsv.com/ZpN,2022-12-22T21:11:38.443,1,99/160,Uncommon,Metal,80,Stage 1,"[2] False Swipe
<br>Flip a coin. If heads, put damage counters on your opponent's Active Pokemon until its remaining HP is 10.",Rx2,2,0.25,0.65,3.99,0.66,,Reverse Holofoil,[MM1] Slash (60),,P-20
95998,Aegislash,Aegislash,https://tcgplayer-cdn.tcgplayer.com/product/95998_200w.jpg,3,1509,https://cpt.tcgcsv.com/-pN,2026-01-27T23:22:20.057,1,100/160,Holo Rare,Metal,140,Stage 2,"[M2] Protect Charge (80)
<br>During your opponent's next turn, any damage done to this Pokemon by attacks is reduced by 20 <i>(after applying Weakness and Resistance).</i>",Rx2,3,0.21,0.57,3.99,0.59,0.45,Holofoil,[MM1] Slash (60),"<b>Ability - Miracle Guard</b>
<br>Each of your Pokemon has no Weakness.",P-20
95998,Aegislash,Aegislash,https://tcgplayer-cdn.tcgplayer.com/product/95998_200w.jpg,3,1509,https://cpt.tcgcsv.com/-pN,2026-01-27T23:22:20.057,1,100/160,Holo Rare,Metal,140,Stage 2,"[M2] Protect Charge (80)
<br>During your opponent's next turn, any damage done to this Pokemon by attacks is reduced by 20 <i>(after applying Weakness and Resistance).</i>",Rx2,3,0.31,0.67,3.99,0.64,,Reverse Holofoil,[MM1] Slash (60),"<b>Ability - Miracle Guard</b>
<br>Each of your Pokemon has no Weakness.",P-20
95999,Mr. Mime,Mr Mime,https://tcgplayer-cdn.tcgplayer.com/product/95999_200w.jpg,3,1509,https://cpt.tcgcsv.com/_pN,2025-12-03T05:52:58.59,1,101/160,Uncommon,Fairy,80,Basic,"[1] Trick
<br>Move a Pokemon Tool card attached to 1 of either player's Pokemon to another of that player's Pokemon that doesn't already have a Pokemon Tool attached to it.  If there is no Pokemon to move that Pokemon card to, this attack does nothing.",Mx2,2,0.19,0.34,1.49,0.35,,Normal,"[Y1] Lock Up (30)
<br>The Defending Pokemon can't retreat during your opponent's next turn.",,D-20
95999,Mr. Mime,Mr Mime,https://tcgplayer-cdn.tcgplayer.com/product/95999_200w.jpg,3,1509,https://cpt.tcgcsv.com/_pN,2025-12-03T05:52:58.59,1,101/160,Uncommon,Fairy,80,Basic,"[1] Trick
<br>Move a Pokemon Tool card attached to 1 of either player's Pokemon to another of that player's Pokemon that doesn't already have a Pokemon Tool attached to it.  If there is no Pokemon to move that Pokemon card to, this attack does nothing.",Mx2,2,0.4,0.76,5.99,0.77,,Reverse Holofoil,"[Y1] Lock Up (30)
<br>The Defending Pokemon can't retreat during your opponent's next turn.",,D-20
96000,Marill,Marill,https://tcgplayer-cdn.tcgplayer.com/product/96000_200w.jpg,3,1509,https://cpt.tcgcsv.com/0qN,2022-12-22T21:12:43.74,1,102/160,Common,Fairy,70,Basic,[1] Tackle (10),Mx2,2,0.07,0.25,1.49,0.23,,Normal,[Y1] Rollout (20),,D-20
96000,Marill,Marill,https://tcgplayer-cdn.tcgplayer.com/product/96000_200w.jpg,3,1509,https://cpt.tcgcsv.com/0qN,2022-12-22T21:12:43.74,1,102/160,Common,Fairy,70,Basic,[1] Tackle (10),Mx2,2,0.2,0.52,2.97,0.5,,Reverse Holofoil,[Y1] Rollout (20),,D-20
96001,Azumarill,Azumarill,https://tcgplayer-cdn.tcgplayer.com/product/96001_200w.jpg,3,1509,https://cpt.tcgcsv.com/2qN,2022-12-22T21:12:52.757,1,103/160,Rare,Fairy,90,Stage 1,"[2] Bubble Beam (30)
<br>Flip a coin. If heads, your opponent's Active Pokemon is now Paralyzed.",Mx2,2,0.22,0.71,2.99,0.69,0.62,Normal,"[Y2] Superpower (60+)
<br>You may do 30 more damage. If you do, this Pokemon does 30 damage to itself.",,D-20
96001,Azumarill,Azumarill,https://tcgplayer-cdn.tcgplayer.com/product/96001_200w.jpg,3,1509,https://cpt.tcgcsv.com/2qN,2022-12-22T21:12:52.757,1,103/160,Rare,Fairy,90,Stage 1,"[2] Bubble Beam (30)
<br>Flip a coin. If heads, your opponent's Active Pokemon is now Paralyzed.",Mx2,2,0.39,0.89,4.95,0.79,,Reverse Holofoil,"[Y2] Superpower (60+)
<br>You may do 30 more damage. If you do, this Pokemon does 30 damage to itself.",,D-20
96002,Azumarill (Alpha),Azumarill Alpha,https://tcgplayer-cdn.tcgplayer.com/product/96002_200w.jpg,3,1509,https://cpt.tcgcsv.com/3qN,2022-12-22T21:13:01.843,1,104/160,Holo Rare,Fairy,100,Stage 1,"[Y1] Tail Rap (30x)
<br>Flip 2 coins. This attack does 30 damage times the number of heads.",Mx2,2,4.3,8.0,96.95,7.4,,Holofoil,"[Y2] Dwindling Wave (100-)
<br>This attack does 100 damage minutes 10 damage for each damage counter on this Pokemon.","<b>Alpha Recovery</b>
<br>When this Pokemon is healed, double the amount healed.",D-20
96002,Azumarill (Alpha),Azumarill Alpha,https://tcgplayer-cdn.tcgplayer.com/product/96002_200w.jpg,3,1509,https://cpt.tcgcsv.com/3qN,2022-12-22T21:13:01.843,1,104/160,Holo Rare,Fairy,100,Stage 1,"[Y1] Tail Rap (30x)
<br>Flip 2 coins. This attack does 30 damage times the number of heads.",Mx2,2,5.18,8.4,9.54,6.45,,Reverse Holofoil,"[Y2] Dwindling Wave (100-)
<br>This attack does 100 damage minutes 10 damage for each damage counter on this Pokemon.","<b>Alpha Recovery</b>
<br>When this Pokemon is healed, double the amount healed.",D-20
96003,Gardevoir EX,Gardevoir EX,https://tcgplayer-cdn.tcgplayer.com/product/96003_200w.jpg,3,1509,https://cpt.tcgcsv.com/5qN,2022-12-22T21:13:16.59,1,105/160,Ultra Rare,Fairy,105,Basic,"[Y] Life Leap (20)
<br> Heal from this Pokemon the same amount of damage you did to your opponent's Active Pokemon.",Mx2,2,5.0,9.35,20.99,9.35,,Holofoil,"[YYY] Shining Wind (100)
<br>During your opponent's next turn, this Pokemon has no Weakness.",,D-20
96004,M Gardevoir EX,M Gardevoir EX,https://tcgplayer-cdn.tcgplayer.com/product/96004_200w.jpg,3,1509,https://cpt.tcgcsv.com/6qN,2026-01-27T22:49:29.51,1,106/160,Ultra Rare,Fairy,210,Mega,"[Y2] Brilliant Arrow (30x)
<br>This attack does 30 damage times the amount of Fairy Energy attached to all of your Pokemon.",Mx2,2,13.18,24.04,96.95,25.14,25.11,Holofoil,,"<em>When 1 of your Pokemon becomes a Mega Evolution Pokemon, your turn ends.",D-20
96005,Kingdra,Kingdra,https://tcgplayer-cdn.tcgplayer.com/product/96005_200w.jpg,3,1509,https://cpt.tcgcsv.com/7qN,2025-12-03T05:48:58.103,1,107/160,Rare,Dragon,130,Stage 2,"[W] Shred (30)
<br>This attack's damage isn't affected by effects on your opponent's Active Pokemon.",Yx2,1,0.24,0.43,1.54,0.43,0.29,Normal,"[WL] Twister (70)
<br>Flip 2 coins. For each heads, discard an Energy attached to your opponent's Active Pokemon. If both of them are tails, this attack does nothing.",,None
96005,Kingdra,Kingdra,https://tcgplayer-cdn.tcgplayer.com/product/96005_200w.jpg,3,1509,https://cpt.tcgcsv.com/7qN,2025-12-03T05:48:58.103,1,107/160,Rare,Dragon,130,Stage 2,"[W] Shred (30)
<br>This attack's damage isn't affected by effects on your opponent's Active Pokemon.",Yx2,1,0.68,1.22,96.95,1.19,2.0,Reverse Holofoil,"[WL] Twister (70)
<br>Flip 2 coins. For each heads, discard an Energy attached to your opponent's Active Pokemon. If both of them are tails, this attack does nothing.",,None
96006,Kingdra (Alpha),Kingdra Alpha,https://tcgplayer-cdn.tcgplayer.com/product/96006_200w.jpg,3,1509,https://cpt.tcgcsv.com/8qN,2023-11-04T04:50:25.883,1,108/160,Holo Rare,Dragon,130,Stage 2,"[1] Gather Strength
<br>Search your deck for up to 4 basic Energy cards, reveal them, and put them into your hand. Shuffle your deck afterward.",Yx2,1,6.79,9.22,19.99,9.34,,Holofoil,"[WWL] Dragon Blast (150)
<br>Discard a Water and a Lightning Energy attached to this Pokemon.","<b>Alpha Growth</b>
When you attach an Energy card from your hand to this Pokemon <em>(except with an attack, Ability, or Trainer card)</em>, you may attach 2 Energy cards.",None
96006,Kingdra (Alpha),Kingdra Alpha,https://tcgplayer-cdn.tcgplayer.com/product/96006_200w.jpg,3,1509,https://cpt.tcgcsv.com/8qN,2023-11-04T04:50:25.883,1,108/160,Holo Rare,Dragon,130,Stage 2,"[1] Gather Strength
<br>Search your deck for up to 4 basic Energy cards, reveal them, and put them into your hand. Shuffle your deck afterward.",Yx2,1,6.0,9.69,27.98,10.1,,Reverse Holofoil,"[WWL] Dragon Blast (150)
<br>Discard a Water and a Lightning Energy attached to this Pokemon.","<b>Alpha Growth</b>
When you attach an Energy card from your hand to this Pokemon <em>(except with an attack, Ability, or Trainer card)</em>, you may attach 2 Energy cards.",None
96007,Vibrava,Vibrava,https://tcgplayer-cdn.tcgplayer.com/product/96007_200w.jpg,3,1509,https://cpt.tcgcsv.com/9qN,2022-12-22T21:14:05.123,1,109/160,Uncommon,Dragon,80,Stage 1,"[1] Sand Attack (20)
<br>If the Defending Pokemon tries to attack during your opponent's next turn, your opponent flips a coin. If tails, that attack does nothing.",Yx2,1,0.12,0.25,2.99,0.25,0.25,Normal,[GF1] Super Vibration (60),,None
96007,Vibrava,Vibrava,https://tcgplayer-cdn.tcgplayer.com/product/96007_200w.jpg,3,1509,https://cpt.tcgcsv.com/9qN,2022-12-22T21:14:05.123,1,109/160,Uncommon,Dragon,80,Stage 1,"[1] Sand Attack (20)
<br>If the Defending Pokemon tries to attack during your opponent's next turn, your opponent flips a coin. If tails, that attack does nothing.",Yx2,1,0.23,0.44,4.09,0.44,,Reverse Holofoil,[GF1] Super Vibration (60),,None
96008,Flygon,Flygon,https://tcgplayer-cdn.tcgplayer.com/product/96008_200w.jpg,3,1509,https://cpt.tcgcsv.com/bqN,2023-02-26T08:45:11.56,1,110/160,Holo Rare,Dragon,140,Stage 2,"[GF1] Sand Tomb (80)
<br>The Defending Pokemon can't retreat during your opponent's next turn.",Yx2,1,0.9,1.65,3.99,1.69,1.75,Holofoil,,<b>Ability - Sand Flap</b>,None
96008,Flygon,Flygon,https://tcgplayer-cdn.tcgplayer.com/product/96008_200w.jpg,3,1509,https://cpt.tcgcsv.com/bqN,2023-02-26T08:45:11.56,1,110/160,Holo Rare,Dragon,140,Stage 2,"[GF1] Sand Tomb (80)
<br>The Defending Pokemon can't retreat during your opponent's next turn.",Yx2,1,0.84,1.52,6.0,1.52,1.9,Reverse Holofoil,,<b>Ability - Sand Flap</b>,None
96009,Zigzagoon,Zigzagoon,https://tcgplayer-cdn.tcgplayer.com/product/96009_200w.jpg,3,1509,https://cpt.tcgcsv.com/cqN,2026-01-27T23:50:36.647,1,111/160,Common,Colorless,60,Basic,"[1] Sand Attack 
<br>If the Defending Pokemon tries to attack during your opponent's next turn, your opponent flips a coin. If tails, that attack does nothing.",Fx2,1,0.01,0.21,5.21,0.22,,Normal,[2] Headbutt (20),,None
96009,Zigzagoon,Zigzagoon,https://tcgplayer-cdn.tcgplayer.com/product/96009_200w.jpg,3,1509,https://cpt.tcgcsv.com/cqN,2026-01-27T23:50:36.647,1,111/160,Common,Colorless,60,Basic,"[1] Sand Attack 
<br>If the Defending Pokemon tries to attack during your opponent's next turn, your opponent flips a coin. If tails, that attack does nothing.",Fx2,1,0.25,0.5,3.99,0.71,,Reverse Holofoil,[2] Headbutt (20),,None
96010,Linoone,Linoone,https://tcgplayer-cdn.tcgplayer.com/product/96010_200w.jpg,3,1509,https://cpt.tcgcsv.com/dqN,2026-02-28T04:24:59.68,1,112/160,Uncommon,Colorless,90,Stage 1,"[2] Fury Swipes (30x)
<br>Flip 3 coins. This attack does 30 damage times the number of heads.",Fx2,1,0.01,0.21,3.95,0.21,0.15,Normal,"[2] Dash Attack
<br>This attack does 30 damage to 1 of your opponent's Benched Pokemon. <i>(Don't apply Weakness and Resistance for Benched Pokemon.)</i>",,None
96010,Linoone,Linoone,https://tcgplayer-cdn.tcgplayer.com/product/96010_200w.jpg,3,1509,https://cpt.tcgcsv.com/dqN,2026-02-28T04:24:59.68,1,112/160,Uncommon,Colorless,90,Stage 1,"[2] Fury Swipes (30x)
<br>Flip 3 coins. This attack does 30 damage times the number of heads.",Fx2,1,0.25,0.51,3.99,0.56,0.25,Reverse Holofoil,"[2] Dash Attack
<br>This attack does 30 damage to 1 of your opponent's Benched Pokemon. <i>(Don't apply Weakness and Resistance for Benched Pokemon.)</i>",,None
96011,Skitty,Skitty,https://tcgplayer-cdn.tcgplayer.com/product/96011_200w.jpg,3,1509,https://cpt.tcgcsv.com/fqN,2025-02-05T21:18:09.983,1,113/160,Common,Colorless,50,Basic,"[1] Charm 
<br>During your opponent's next turn, any damage done by attacks from the Defending Pokemon is reduced by 20 <i>(before applying Weakness and Resistance).</i>",Fx2,1,0.1,0.45,3.47,0.54,,Normal,[2] Tail Smack (20),,None
96011,Skitty,Skitty,https://tcgplayer-cdn.tcgplayer.com/product/96011_200w.jpg,3,1509,https://cpt.tcgcsv.com/fqN,2025-02-05T21:18:09.983,1,113/160,Common,Colorless,50,Basic,"[1] Charm 
<br>During your opponent's next turn, any damage done by attacks from the Defending Pokemon is reduced by 20 <i>(before applying Weakness and Resistance).</i>",Fx2,1,0.99,1.85,5.99,2.02,,Reverse Holofoil,[2] Tail Smack (20),,None
96012,Delcatty,Delcatty,https://tcgplayer-cdn.tcgplayer.com/product/96012_200w.jpg,3,1509,https://cpt.tcgcsv.com/gqN,2026-01-27T21:23:39.337,1,114/160,Rare,Colorless,80,Stage 1,"[1] Replace
<br>Move as many Energy attached to your Pokemon to your other Pokemon in any way you like.",Fx2,1,0.1,0.35,1.25,0.36,,Normal,"[2] Play Rough (30+)
<br>Flip a coin. If heads, this attack does 30 more damage.",,None
96012,Delcatty,Delcatty,https://tcgplayer-cdn.tcgplayer.com/product/96012_200w.jpg,3,1509,https://cpt.tcgcsv.com/gqN,2026-01-27T21:23:39.337,1,114/160,Rare,Colorless,80,Stage 1,"[1] Replace
<br>Move as many Energy attached to your Pokemon to your other Pokemon in any way you like.",Fx2,1,0.3,0.53,3.99,0.59,0.5,Reverse Holofoil,"[2] Play Rough (30+)
<br>Flip a coin. If heads, this attack does 30 more damage.",,None
96013,Spinda,Spinda,https://tcgplayer-cdn.tcgplayer.com/product/96013_200w.jpg,3,1509,https://cpt.tcgcsv.com/hqN,2022-12-22T21:15:05.84,1,115/160,Common,Colorless,80,Basic,"[1] Staggering Steps
<br>Flip a coin. If heads, your opponent's Active Pokemon is now Confused. If tails, this Pokemon is now Confused.",Fx2,1,0.01,0.21,1.49,0.21,,Normal,"[1] Uproar 
<br>This attack does 10 damage to each of your opponent's Pokemon <i>(Don't apply Weakness and Resistance for Benched Pokemon)",,None
96013,Spinda,Spinda,https://tcgplayer-cdn.tcgplayer.com/product/96013_200w.jpg,3,1509,https://cpt.tcgcsv.com/hqN,2022-12-22T21:15:05.84,1,115/160,Common,Colorless,80,Basic,"[1] Staggering Steps
<br>Flip a coin. If heads, your opponent's Active Pokemon is now Confused. If tails, this Pokemon is now Confused.",Fx2,1,0.15,0.5,3.99,0.67,,Reverse Holofoil,"[1] Uproar 
<br>This attack does 10 damage to each of your opponent's Pokemon <i>(Don't apply Weakness and Resistance for Benched Pokemon)",,None
96014,Bidoof,Bidoof,https://tcgplayer-cdn.tcgplayer.com/product/96014_200w.jpg,3,1509,https://cpt.tcgcsv.com/jqN,2025-12-03T00:37:41.877,1,116/160,Common,Colorless,70,Basic,[1] Gnaw (10),Fx2,2,0.01,0.22,5.0,0.22,0.23,Normal,"[2] Scrunch
<br>Flip a coin. If heads, prevent all damage done to this Pokemon by attacks during your opponent's next turn.",,None
96014,Bidoof,Bidoof,https://tcgplayer-cdn.tcgplayer.com/product/96014_200w.jpg,3,1509,https://cpt.tcgcsv.com/jqN,2025-12-03T00:37:41.877,1,116/160,Common,Colorless,70,Basic,[1] Gnaw (10),Fx2,2,0.2,0.48,1.95,0.56,,Reverse Holofoil,"[2] Scrunch
<br>Flip a coin. If heads, prevent all damage done to this Pokemon by attacks during your opponent's next turn.",,None
96015,Bidoof (Alpha),Bidoof Alpha,https://tcgplayer-cdn.tcgplayer.com/product/96015_200w.jpg,3,1509,https://cpt.tcgcsv.com/kqN,2025-11-21T00:33:35.89,1,117/160,Uncommon,Colorless,70,Basic,"[2] Drench (20+)
<br>If this Pokemon has any Water Energy attached to it, this attack does 20 more damage.",Fx2,2,0.79,1.44,2.3,1.3,1.38,Normal,,"<b>Alpha Recovery</b>
<br>When this Pokemon is healed, double the amount healed.",None
96015,Bidoof (Alpha),Bidoof Alpha,https://tcgplayer-cdn.tcgplayer.com/product/96015_200w.jpg,3,1509,https://cpt.tcgcsv.com/kqN,2025-11-21T00:33:35.89,1,117/160,Uncommon,Colorless,70,Basic,"[2] Drench (20+)
<br>If this Pokemon has any Water Energy attached to it, this attack does 20 more damage.",Fx2,2,2.99,3.8,8.0,4.42,,Reverse Holofoil,,"<b>Alpha Recovery</b>
<br>When this Pokemon is healed, double the amount healed.",None
96016,Bibarel,Bibarel,https://tcgplayer-cdn.tcgplayer.com/product/96016_200w.jpg,3,1509,https://cpt.tcgcsv.com/lqN,2026-02-27T01:41:36.003,1,118/160,Uncommon,Colorless,120,Stage 1,"[1] Yawn
<br>Your opponent's Active Pokemon is now Asleep.",Fx2,3,0.04,0.24,1.49,0.25,,Normal,"[3] Continuous Headbutt (80x)
<br>Flip a coin until you get tails. This attack does 80 damage times the number of heads.",,None
96016,Bibarel,Bibarel,https://tcgplayer-cdn.tcgplayer.com/product/96016_200w.jpg,3,1509,https://cpt.tcgcsv.com/lqN,2026-02-27T01:41:36.003,1,118/160,Uncommon,Colorless,120,Stage 1,"[1] Yawn
<br>Your opponent's Active Pokemon is now Asleep.",Fx2,3,0.25,0.43,4.5,0.43,0.43,Reverse Holofoil,"[3] Continuous Headbutt (80x)
<br>Flip a coin until you get tails. This attack does 80 damage times the number of heads.",,None
96017,Bouffalant,Bouffalant,https://tcgplayer-cdn.tcgplayer.com/product/96017_200w.jpg,3,1509,https://cpt.tcgcsv.com/mqN,2023-01-24T17:27:45.057,1,119/160,Uncommon,Colorless,110,Basic,"[3] Derail (80)
<br>Discard a Special Energy attached to your opponent's Active Pokemon.",Fx2,2,0.01,0.2,1.49,0.17,,Normal,,"<b>Ability - Sap Sipper</b>
<br>This Pokemon's attacks do 40 more damage to your opponent's Grass Pokemon <em>(before applying Weakness and Resistance)</em>.",None
96017,Bouffalant,Bouffalant,https://tcgplayer-cdn.tcgplayer.com/product/96017_200w.jpg,3,1509,https://cpt.tcgcsv.com/mqN,2023-01-24T17:27:45.057,1,119/160,Uncommon,Colorless,110,Basic,"[3] Derail (80)
<br>Discard a Special Energy attached to your opponent's Active Pokemon.",Fx2,2,0.15,0.39,3.99,0.37,0.27,Reverse Holofoil,,"<b>Ability - Sap Sipper</b>
<br>This Pokemon's attacks do 40 more damage to your opponent's Grass Pokemon <em>(before applying Weakness and Resistance)</em>.",None
96018,Bunnelby,Bunnelby,https://tcgplayer-cdn.tcgplayer.com/product/96018_200w.jpg,3,1509,https://cpt.tcgcsv.com/nqN,2025-12-03T00:38:25.347,1,120/160,Common,Colorless,70,Basic,"[2] Trip Over (10+)
<br>Flip a coin. If heads, this attack does 30 more damage.",Fx2,2,0.01,0.2,4.0,0.13,0.11,Normal,,,None
96018,Bunnelby,Bunnelby,https://tcgplayer-cdn.tcgplayer.com/product/96018_200w.jpg,3,1509,https://cpt.tcgcsv.com/nqN,2025-12-03T00:38:25.347,1,120/160,Common,Colorless,70,Basic,"[2] Trip Over (10+)
<br>Flip a coin. If heads, this attack does 30 more damage.",Fx2,2,0.03,0.4,3.99,0.38,,Reverse Holofoil,,,None
96019,Bunnelby (Omega),Bunnelby Omega,https://tcgplayer-cdn.tcgplayer.com/product/96019_200w.jpg,3,1509,https://cpt.tcgcsv.com/pqN,2022-12-22T21:18:07.773,1,121/160,Uncommon,Colorless,60,Basic,"[1] Burrow
<br>Discard the top card of your opponent's deck.",Fx2,2,0.2,0.43,1.99,0.43,,Normal,"[1] Rototiller
<br>Shuffle a card from your discard pile into your deck.","<b>Omega Barrage</b>
<br>This Pokemon may attack twice a turn. <em>(If the first attack Knocks Out your opponent's Active Pokemon, you may attack again after your opponent chooses a new Active Pokemon.)</em>",None
96019,Bunnelby (Omega),Bunnelby Omega,https://tcgplayer-cdn.tcgplayer.com/product/96019_200w.jpg,3,1509,https://cpt.tcgcsv.com/pqN,2022-12-22T21:18:07.773,1,121/160,Uncommon,Colorless,60,Basic,"[1] Burrow
<br>Discard the top card of your opponent's deck.",Fx2,2,0.75,1.99,4.96,2.67,,Reverse Holofoil,"[1] Rototiller
<br>Shuffle a card from your discard pile into your deck.","<b>Omega Barrage</b>
<br>This Pokemon may attack twice a turn. <em>(If the first attack Knocks Out your opponent's Active Pokemon, you may attack again after your opponent chooses a new Active Pokemon.)</em>",None
96020,Acro Bike,Acro Bike,https://tcgplayer-cdn.tcgplayer.com/product/96020_200w.jpg,3,1509,https://cpt.tcgcsv.com/qqN,2026-01-27T23:18:38.633,1,122/160,Uncommon,Item,,,,,0,0.09,0.35,1.99,0.38,0.21,Normal,,"Look at the top 2 cards of your deck and put 1 of them into your hand. Discard the other card.
<br><em>You may play as many Item cards as you like during your turn (before your attack).</em>",None
96020,Acro Bike,Acro Bike,https://tcgplayer-cdn.tcgplayer.com/product/96020_200w.jpg,3,1509,https://cpt.tcgcsv.com/qqN,2026-01-27T23:18:38.633,1,122/160,Uncommon,Item,,,,,0,0.35,0.8,3.99,0.98,0.47,Reverse Holofoil,,"Look at the top 2 cards of your deck and put 1 of them into your hand. Discard the other card.
<br><em>You may play as many Item cards as you like during your turn (before your attack).</em>",None
96022,Archie's Ace in the Hole,Archies Ace in the Hole,https://tcgplayer-cdn.tcgplayer.com/product/96022_200w.jpg,3,1509,https://cpt.tcgcsv.com/sqN,2026-01-27T23:25:49.407,1,124/160,Uncommon,Supporter,,,,,0,0.01,0.25,1.5,0.21,,Normal,,"You can play this card only when it is the last card in your hand.
Put a Water Pokémon from your discard pile onto your Bench. Then, draw 5 cards.",None
96022,Archie's Ace in the Hole,Archies Ace in the Hole,https://tcgplayer-cdn.tcgplayer.com/product/96022_200w.jpg,3,1509,https://cpt.tcgcsv.com/sqN,2026-01-27T23:25:49.407,1,124/160,Uncommon,Supporter,,,,,0,0.2,0.38,3.99,0.33,0.27,Reverse Holofoil,,"You can play this card only when it is the last card in your hand.
Put a Water Pokémon from your discard pile onto your Bench. Then, draw 5 cards.",None
96023,Dive Ball,Dive Ball,https://tcgplayer-cdn.tcgplayer.com/product/96023_200w.jpg,3,1509,https://cpt.tcgcsv.com/tqN,2025-12-03T00:40:21.45,1,125/160,Uncommon,Item,,,,,,0.49,1.65,3.49,1.8,1.95,Normal,,"Search you deck for a Water Pokémon, reveal it, and put it into your hand. Shuffle your deck afterward.",
96023,Dive Ball,Dive Ball,https://tcgplayer-cdn.tcgplayer.com/product/96023_200w.jpg,3,1509,https://cpt.tcgcsv.com/tqN,2025-12-03T00:40:21.45,1,125/160,Uncommon,Item,,,,,,1.78,3.0,7.69,3.17,,Reverse Holofoil,,"Search you deck for a Water Pokémon, reveal it, and put it into your hand. Shuffle your deck afterward.",
96024,Energy Retrieval,Energy Retrieval,https://tcgplayer-cdn.tcgplayer.com/product/96024_200w.jpg,3,1509,https://cpt.tcgcsv.com/vqN,2025-02-05T21:18:10.203,1,126/160,Uncommon,Item,,,,,,0.06,0.23,20.0,0.23,,Normal,,Put 2 basic Energy cards from your discard pile into your hand.,
96024,Energy Retrieval,Energy Retrieval,https://tcgplayer-cdn.tcgplayer.com/product/96024_200w.jpg,3,1509,https://cpt.tcgcsv.com/vqN,2025-02-05T21:18:10.203,1,126/160,Uncommon,Item,,,,,,0.23,0.44,3.99,0.52,,Reverse Holofoil,,Put 2 basic Energy cards from your discard pile into your hand.,
96025,Escape Rope,Escape Rope,https://tcgplayer-cdn.tcgplayer.com/product/96025_200w.jpg,3,1509,https://cpt.tcgcsv.com/wqN,2025-12-03T00:41:16.08,1,127/160,Uncommon,Item,,,,,,0.08,0.25,19.5,0.2,0.14,Normal,,"Each player switches his or her Active Pokémon with 1 of his or her Benched Pokémon. (Your opponent switches first. If a player does not have a Benched Pokémon, he or she doesn't switch Pokémon.)",
96025,Escape Rope,Escape Rope,https://tcgplayer-cdn.tcgplayer.com/product/96025_200w.jpg,3,1509,https://cpt.tcgcsv.com/wqN,2025-12-03T00:41:16.08,1,127/160,Uncommon,Item,,,,,,0.5,0.99,4.25,0.91,,Reverse Holofoil,,"Each player switches his or her Active Pokémon with 1 of his or her Benched Pokémon. (Your opponent switches first. If a player does not have a Benched Pokémon, he or she doesn't switch Pokémon.)",
96026,Exp. Share,Exp Share,https://tcgplayer-cdn.tcgplayer.com/product/96026_200w.jpg,3,1509,https://cpt.tcgcsv.com/xqN,2022-12-22T21:19:18.817,1,128/160,Uncommon,Item,,,,,,0.05,0.2,5.0,0.18,,Normal,,"When your Active Pokémon is Knocked Out by damage from an opponent's attack, you may move 1 basic Energy card that was attached to that Pokémon to the Pokémon this card is attached to.",
96026,Exp. Share,Exp Share,https://tcgplayer-cdn.tcgplayer.com/product/96026_200w.jpg,3,1509,https://cpt.tcgcsv.com/xqN,2022-12-22T21:19:18.817,1,128/160,Uncommon,Item,,,,,,0.12,0.4,3.99,0.46,,Reverse Holofoil,,"When your Active Pokémon is Knocked Out by damage from an opponent's attack, you may move 1 basic Energy card that was attached to that Pokémon to the Pokémon this card is attached to.",
96027,Fresh Water Set,Fresh Water Set,https://tcgplayer-cdn.tcgplayer.com/product/96027_200w.jpg,3,1509,https://cpt.tcgcsv.com/zqN,2025-02-05T21:18:10.263,1,129/160,Uncommon,Item,,,,,,0.04,0.2,1.53,0.14,,Normal,,Heal 20 damage from each of your Pokémon.,
96027,Fresh Water Set,Fresh Water Set,https://tcgplayer-cdn.tcgplayer.com/product/96027_200w.jpg,3,1509,https://cpt.tcgcsv.com/zqN,2025-02-05T21:18:10.263,1,129/160,Uncommon,Item,,,,,,0.15,0.35,3.99,0.37,,Reverse Holofoil,,Heal 20 damage from each of your Pokémon.,
96028,Gardevoir Spirit Link,Gardevoir Spirit Link,https://tcgplayer-cdn.tcgplayer.com/product/96028_200w.jpg,3,1509,https://cpt.tcgcsv.com/BqN,2025-12-03T00:44:38.79,1,130/160,Uncommon,Tool,,,,,,0.1,0.29,2.0,0.31,0.18,Normal,,Your turn does not end if the Pokémon this card is attached to becomes M Gardevoir-EX.,
96028,Gardevoir Spirit Link,Gardevoir Spirit Link,https://tcgplayer-cdn.tcgplayer.com/product/96028_200w.jpg,3,1509,https://cpt.tcgcsv.com/BqN,2025-12-03T00:44:38.79,1,130/160,Uncommon,Tool,,,,,,0.3,0.59,3.99,0.67,,Reverse Holofoil,,Your turn does not end if the Pokémon this card is attached to becomes M Gardevoir-EX.,
96029,Groudon Spirit Link,Groudon Spirit Link,https://tcgplayer-cdn.tcgplayer.com/product/96029_200w.jpg,3,1509,https://cpt.tcgcsv.com/CqN,2025-02-05T21:18:10.343,1,131/160,Uncommon,Item,,,,,,0.07,0.25,5.0,0.26,,Normal,,Your turn does not end if the Pokémon this card is attached to becomes Primal Groudon-EX.,
96029,Groudon Spirit Link,Groudon Spirit Link,https://tcgplayer-cdn.tcgplayer.com/product/96029_200w.jpg,3,1509,https://cpt.tcgcsv.com/CqN,2025-02-05T21:18:10.343,1,131/160,Uncommon,Item,,,,,,0.24,0.59,3.99,0.61,,Reverse Holofoil,,Your turn does not end if the Pokémon this card is attached to becomes Primal Groudon-EX.,
96030,Kyogre Spirit Link,Kyogre Spirit Link,https://tcgplayer-cdn.tcgplayer.com/product/96030_200w.jpg,3,1509,https://cpt.tcgcsv.com/DqN,2025-02-05T21:18:10.45,1,132/160,Uncommon,Item,,,,,,0.02,0.25,1.49,0.27,,Normal,,Your turn does not end if the Pokémon this card is attached to becomes Primal Kyogre-EX.,
96030,Kyogre Spirit Link,Kyogre Spirit Link,https://tcgplayer-cdn.tcgplayer.com/product/96030_200w.jpg,3,1509,https://cpt.tcgcsv.com/DqN,2025-02-05T21:18:10.45,1,132/160,Uncommon,Item,,,,,,0.24,0.49,8.23,0.46,,Reverse Holofoil,,Your turn does not end if the Pokémon this card is attached to becomes Primal Kyogre-EX.,
96031,Maxie's Hidden Ball Trick,Maxies Hidden Ball Trick,https://tcgplayer-cdn.tcgplayer.com/product/96031_200w.jpg,3,1509,https://cpt.tcgcsv.com/FqN,2025-12-03T01:12:39.487,1,133/160,Uncommon,Supporter,,,,,,0.12,0.28,1.53,0.25,,Normal,,"You can play this card only when it is the last card in your hand.
Put a Fighting Pokémon from your discard pile onto your Bench. Then, draw 5 cards.",
96031,Maxie's Hidden Ball Trick,Maxies Hidden Ball Trick,https://tcgplayer-cdn.tcgplayer.com/product/96031_200w.jpg,3,1509,https://cpt.tcgcsv.com/FqN,2025-12-03T01:12:39.487,1,133/160,Uncommon,Supporter,,,,,,0.22,0.4,3.99,0.37,,Reverse Holofoil,,"You can play this card only when it is the last card in your hand.
Put a Fighting Pokémon from your discard pile onto your Bench. Then, draw 5 cards.",
96032,Professor Birch's Observations,Professor Birchs Observations,https://tcgplayer-cdn.tcgplayer.com/product/96032_200w.jpg,3,1509,https://cpt.tcgcsv.com/GqN,2024-12-29T04:57:46.903,1,134/160,Uncommon,Supporter,,,,,,0.01,0.2,4.0,0.15,0.1,Normal,,"Shuffle your hand into your deck and flip a coin. If heads, draw 7 cards. If tails, draw 4 cards.",
96032,Professor Birch's Observations,Professor Birchs Observations,https://tcgplayer-cdn.tcgplayer.com/product/96032_200w.jpg,3,1509,https://cpt.tcgcsv.com/GqN,2024-12-29T04:57:46.903,1,134/160,Uncommon,Supporter,,,,,,0.15,0.44,3.99,0.31,,Reverse Holofoil,,"Shuffle your hand into your deck and flip a coin. If heads, draw 7 cards. If tails, draw 4 cards.",
96033,Rare Candy,Rare Candy,https://tcgplayer-cdn.tcgplayer.com/product/96033_200w.jpg,3,1509,https://cpt.tcgcsv.com/HqN,2025-04-28T13:20:35.797,1,135/160,Uncommon,Trainer - Item,,,,,,0.14,0.38,5.0,0.37,0.25,Normal,,"Choose 1 of your Basic Pokémon in play. If you have a Stage 2 card in your hand that evolves from that Pokémon, put that card on the Basic Pokémon. (This counts as evolving that Pokémon.) You can't use this card during your first turn or on a Basic Pokémon that was put into play this turn.",
96033,Rare Candy,Rare Candy,https://tcgplayer-cdn.tcgplayer.com/product/96033_200w.jpg,3,1509,https://cpt.tcgcsv.com/HqN,2025-04-28T13:20:35.797,1,135/160,Uncommon,Trainer - Item,,,,,,2.0,3.71,6.3,3.72,,Reverse Holofoil,,"Choose 1 of your Basic Pokémon in play. If you have a Stage 2 card in your hand that evolves from that Pokémon, put that card on the Basic Pokémon. (This counts as evolving that Pokémon.) You can't use this card during your first turn or on a Basic Pokémon that was put into play this turn.",
96034,Repeat Ball,Repeat Ball,https://tcgplayer-cdn.tcgplayer.com/product/96034_200w.jpg,3,1509,https://cpt.tcgcsv.com/JqN,2022-12-22T21:20:26.79,1,136/160,Uncommon,Item,,,,,,0.1,0.26,5.15,0.26,,Normal,,"Search your deck for a Pokémon with the same name as 1 of your Pokémon in play, reveal it, and put it into your hand. Shuffle your deck afterward.",
96034,Repeat Ball,Repeat Ball,https://tcgplayer-cdn.tcgplayer.com/product/96034_200w.jpg,3,1509,https://cpt.tcgcsv.com/JqN,2022-12-22T21:20:26.79,1,136/160,Uncommon,Item,,,,,,0.23,0.39,3.99,0.35,,Reverse Holofoil,,"Search your deck for a Pokémon with the same name as 1 of your Pokémon in play, reveal it, and put it into your hand. Shuffle your deck afterward.",
96035,Rough Seas,Rough Seas,https://tcgplayer-cdn.tcgplayer.com/product/96035_200w.jpg,3,1509,https://cpt.tcgcsv.com/KqN,2025-12-03T08:19:30.27,1,137/160,Uncommon,Stadium,,,,,,0.16,0.52,19.5,0.55,0.3,Normal,,"Once during each player's turn, that player may heal 30 damage from each of his or her Water Pokémon and Lightning Pokémon.",
96035,Rough Seas,Rough Seas,https://tcgplayer-cdn.tcgplayer.com/product/96035_200w.jpg,3,1509,https://cpt.tcgcsv.com/KqN,2025-12-03T08:19:30.27,1,137/160,Uncommon,Stadium,,,,,,0.99,1.42,3.99,1.7,,Reverse Holofoil,,"Once during each player's turn, that player may heal 30 damage from each of his or her Water Pokémon and Lightning Pokémon.",
96036,Scorched Earth,Scorched Earth,https://tcgplayer-cdn.tcgplayer.com/product/96036_200w.jpg,3,1509,https://cpt.tcgcsv.com/LqN,2025-11-21T21:10:59.607,1,138/160,Uncommon,Stadium,,,,,,0.08,0.25,1.49,0.22,0.2,Normal,,"Once during each player's turn, that player may discard a Fire or Fighting Energy card from his or her hand. If that player does so, he or she draws 2 cards.",
96036,Scorched Earth,Scorched Earth,https://tcgplayer-cdn.tcgplayer.com/product/96036_200w.jpg,3,1509,https://cpt.tcgcsv.com/LqN,2025-11-21T21:10:59.607,1,138/160,Uncommon,Stadium,,,,,,0.12,0.37,3.99,0.33,,Reverse Holofoil,,"Once during each player's turn, that player may discard a Fire or Fighting Energy card from his or her hand. If that player does so, he or she draws 2 cards.",
96037,Shrine of Memories,Shrine of Memories,https://tcgplayer-cdn.tcgplayer.com/product/96037_200w.jpg,3,1509,https://cpt.tcgcsv.com/MqN,2026-03-09T14:55:51.973,1,139/160,Uncommon,Stadium,,,,,,0.1,0.25,5.15,0.26,0.25,Normal,,Each player's evolved Pokémon can use any attack from its previous Evolutions. (That player still needs the necessary Energy to use each attack.),
96037,Shrine of Memories,Shrine of Memories,https://tcgplayer-cdn.tcgplayer.com/product/96037_200w.jpg,3,1509,https://cpt.tcgcsv.com/MqN,2026-03-09T14:55:51.973,1,139/160,Uncommon,Stadium,,,,,,0.23,0.49,19.5,0.4,0.25,Reverse Holofoil,,Each player's evolved Pokémon can use any attack from its previous Evolutions. (That player still needs the necessary Energy to use each attack.),
96038,Silent Lab,Silent Lab,https://tcgplayer-cdn.tcgplayer.com/product/96038_200w.jpg,3,1509,https://cpt.tcgcsv.com/NqN,2026-02-10T19:29:21.01,1,140/160,Uncommon,Stadium,,,,,,1.05,2.12,96.95,2.13,2.13,Normal,,"Each Basic Pokémon in play, in each player's hand, and in each player's discard pile has no Abilities.",
96038,Silent Lab,Silent Lab,https://tcgplayer-cdn.tcgplayer.com/product/96038_200w.jpg,3,1509,https://cpt.tcgcsv.com/NqN,2026-02-10T19:29:21.01,1,140/160,Uncommon,Stadium,,,,,,2.5,3.5,12.99,3.85,12.99,Reverse Holofoil,,"Each Basic Pokémon in play, in each player's hand, and in each player's discard pile has no Abilities.",
96039,Teammates,Teammates,https://tcgplayer-cdn.tcgplayer.com/product/96039_200w.jpg,3,1509,https://cpt.tcgcsv.com/PqN,2026-02-18T18:45:38.427,1,141/160,Uncommon,Supporter,,,,,,1.25,2.58,4.25,2.59,1.44,Normal,,"You can play this card only if 1 of your Pokémon was Knocked Out during your opponent's last turn.
Search your deck for up to 2 cards and put them into your hand. Shuffle your deck afterward.",
96039,Teammates,Teammates,https://tcgplayer-cdn.tcgplayer.com/product/96039_200w.jpg,3,1509,https://cpt.tcgcsv.com/PqN,2026-02-18T18:45:38.427,1,141/160,Uncommon,Supporter,,,,,,2.35,3.45,6.0,3.8,,Reverse Holofoil,,"You can play this card only if 1 of your Pokémon was Knocked Out during your opponent's last turn.
Search your deck for up to 2 cards and put them into your hand. Shuffle your deck afterward.",
96040,Weakness Policy,Weakness Policy,https://tcgplayer-cdn.tcgplayer.com/product/96040_200w.jpg,3,1509,https://cpt.tcgcsv.com/QqN,2025-12-03T01:24:58.947,1,142/160,Uncommon,Pokemon Tool,,,,,,0.06,0.22,19.5,0.17,0.19,Normal,,The Pokémon this card is attached to has no Weakness.,
96040,Weakness Policy,Weakness Policy,https://tcgplayer-cdn.tcgplayer.com/product/96040_200w.jpg,3,1509,https://cpt.tcgcsv.com/QqN,2025-12-03T01:24:58.947,1,142/160,Uncommon,Pokemon Tool,,,,,,0.14,0.3,3.99,0.24,0.22,Reverse Holofoil,,The Pokémon this card is attached to has no Weakness.,
96041,Shield Energy,Shield Energy,https://tcgplayer-cdn.tcgplayer.com/product/96041_200w.jpg,3,1509,https://cpt.tcgcsv.com/RqN,2025-11-21T21:11:41.357,1,143/160,Uncommon,Special Energy,,,,,,0.14,0.5,96.94,0.5,0.38,Normal,,"This card can only be attached to Metal Pokémon. This card provides Metal Energy only while this card is attached to a Metal Pokémon.
<br>The attacks of your opponent's Pokémon do 10 less damage to the Metal Pokémon this card is attached to <em>(before applying Weakness and Resistance).</em>
<br>(If this card is attached to anything other than a Metal Pokémon, discard this card.)",
96041,Shield Energy,Shield Energy,https://tcgplayer-cdn.tcgplayer.com/product/96041_200w.jpg,3,1509,https://cpt.tcgcsv.com/RqN,2025-11-21T21:11:41.357,1,143/160,Uncommon,Special Energy,,,,,,0.58,1.29,3.99,1.34,,Reverse Holofoil,,"This card can only be attached to Metal Pokémon. This card provides Metal Energy only while this card is attached to a Metal Pokémon.
<br>The attacks of your opponent's Pokémon do 10 less damage to the Metal Pokémon this card is attached to <em>(before applying Weakness and Resistance).</em>
<br>(If this card is attached to anything other than a Metal Pokémon, discard this card.)",
96042,Wonder Energy,Wonder Energy,https://tcgplayer-cdn.tcgplayer.com/product/96042_200w.jpg,3,1509,https://cpt.tcgcsv.com/SqN,2022-12-22T21:22:38.57,1,144/160,Uncommon,Special Energy,,,,,,0.2,0.58,3.17,0.62,,Normal,,"This card can only be attached to Fairy Pokémon. This card provides Fairy Energy only while this card is attached to a Fairy Pokémon.
<br>Prevent all effects of your opponent's attacks, except damage, done to the Fairy Pokémon that this card is attached to. (Existing effects are not removed.)
<br>(If this card is attached to anything other than a Fairy Pokémon, discard this card.)",
96042,Wonder Energy,Wonder Energy,https://tcgplayer-cdn.tcgplayer.com/product/96042_200w.jpg,3,1509,https://cpt.tcgcsv.com/SqN,2022-12-22T21:22:38.57,1,144/160,Uncommon,Special Energy,,,,,,0.5,0.75,3.99,0.88,,Reverse Holofoil,,"This card can only be attached to Fairy Pokémon. This card provides Fairy Energy only while this card is attached to a Fairy Pokémon.
<br>Prevent all effects of your opponent's attacks, except damage, done to the Fairy Pokémon that this card is attached to. (Existing effects are not removed.)
<br>(If this card is attached to anything other than a Fairy Pokémon, discard this card.)",
96043,Trevenant EX (145 Full Art),Trevenant EX 145 Full Art,https://tcgplayer-cdn.tcgplayer.com/product/96043_200w.jpg,3,1509,https://cpt.tcgcsv.com/TqN,2022-12-22T21:22:46.397,1,145/160,Ultra Rare,Grass,180,Basic,"[G] Dark Forest (20)
<br>The Defending Pokemon can't retreat during your opponent's next turn.",Rx2,3,11.0,19.98,39.99,20.37,,Holofoil,"[3] Wood Blast (50+)
<br>This attack does 20 more damage for each Grass Energy attached to this Pokemon.",,
96044,Camerupt EX (146 Full Art),Camerupt EX 146 Full Art,https://tcgplayer-cdn.tcgplayer.com/product/96044_200w.jpg,3,1509,https://cpt.tcgcsv.com/VqN,2026-01-14T18:14:55.273,1,146/160,Ultra Rare,Fire,180,Basic,"[R1] Tumbling Attack (30+)
<br>Flip a coin. If heads, this attack does 30 more damage.",Wx2,4,11.43,19.25,34.99,19.16,24.99,Holofoil,"[RR2] Explosive Jet (50x)
<br>Discard as many Fire Energy attached to your Pokemon as you like.  This attack does 50 more damage times the number of Energy cards you discarded.",,
96045,Wailord EX (147 Full Art),Wailord EX 147 Full Art,https://tcgplayer-cdn.tcgplayer.com/product/96045_200w.jpg,3,1509,https://cpt.tcgcsv.com/WqN,2022-12-22T21:23:02.527,1,147/160,Ultra Rare,Water,250,Basic,"[WWWWW] High Breaching (120)
<br>This Pokemon is now Asleep.",Gx2,4,25.56,40.0,149.99,54.49,,Holofoil,,"<b>Ability - Water Veil </b>
<br>Whenever you attach an Energy card from your hand to this Pokemon, remove all Special Conditions from it.",
96046,Kyogre EX (148 Full Art),Kyogre EX 148 Full Art,https://tcgplayer-cdn.tcgplayer.com/product/96046_200w.jpg,3,1509,https://cpt.tcgcsv.com/XqN,2026-01-27T20:18:11.15,1,148/160,Ultra Rare,Water,180,Basic,"[W1] Water Pulse (30)
<br>Your opponent's Active Pokemon is now Asleep.",Gx2,4,76.0,111.44,249.99,106.13,88.99,Holofoil,"[WW2] Giant Whirlpool (140)
<br>Return 2 Water Energy attached to this Pokemon to your hand.",,
96047,Primal Kyogre EX (Alpha - 149 Full Art),Primal Kyogre EX Alpha 149 Full Art,https://tcgplayer-cdn.tcgplayer.com/product/96047_200w.jpg,3,1509,https://cpt.tcgcsv.com/ZqN,2025-10-28T20:12:15.893,1,149/160,Ultra Rare,Water,240,Primal,"[WWW1] Tidal Storm (150)
<br>Move 2 Energy from this Pokemon to 1 of your Benched Pokemon. This attack does 30 damage to each of your opponent's Benched Pokemon-EX. <i>(Don't apply Weakness and Resistance for Benched Pokemon.)</i>",Gx2,4,130.0,157.5,799.69,216.01,799.69,Holofoil,,"<b>Alpha Growth</b>
<br>When you attach an Energy card from your hand to this Pokemon <em>(except with an attack, Ability, or Trainer card),</em> You may attach 2 Energy cards.


<br>When 1 of your Pokémon becomes Primal Kyogre-EX, your turn ends.",
96048,Groudon EX (150 Full Art),Groudon EX 150 Full Art,https://tcgplayer-cdn.tcgplayer.com/product/96048_200w.jpg,3,1509,https://cpt.tcgcsv.com/-qN,2022-12-22T21:23:43.253,1,150/160,Ultra Rare,Fighting,180,Basic,"[F1] Rip Claw (30)
<br>Flip a coin. If heads, discard an Energy attached to your opponent's Active Pokemon.",Gx2,4,65.0,112.84,199.99,99.34,77.99,Holofoil,[FFF1] Massive Rend (130),,
96049,Primal Groudon EX (Omega - 151 Full Art),Primal Groudon EX Omega 151 Full Art,https://tcgplayer-cdn.tcgplayer.com/product/96049_200w.jpg,3,1509,https://cpt.tcgcsv.com/_qN,2022-12-22T21:23:51.253,1,151/160,Ultra Rare,Fighting,240,Primal,"[FFF1] Gaia Volcano (100+)
<br>If there is any Stadium card in play, this attack does 100 more damage. Discard that Stadium card.",Gx2,4,128.99,201.15,299.49,203.77,,Holofoil,,"<b>Omega Barrier</b>
<br>Whenever your opponent plays a Trainer card <em>(excluding Pokemon Tools and Stadium cards)</em>, prevent all effects of that card done to this Pokemon.

<br>When one of your Pokemon becomes Primal Groudon-EX, your turn ends.",
96050,Sharpedo EX (152 Full Art),Sharpedo EX 152 Full Art,https://tcgplayer-cdn.tcgplayer.com/product/96050_200w.jpg,3,1509,https://cpt.tcgcsv.com/0rN,2022-12-22T21:23:58.27,1,152/160,Ultra Rare,Darkness,170,Basic,"[D1] Hunt
<br>Switch 1 of your opponent's Benched Pokemon with his or her Active Pokemon. This attack does 30 damage to the new Active Pokemon.",Lx2,1,25.99,30.99,52.08,35.39,,Holofoil,"[DD1] Jagged Fang (100) 
<br>Discard an Energy attached to this Pokemon. Then, discard an Energy attached to your opponent's Active Pokemon.",,
96051,Aggron EX (153 Full Art),Aggron EX 153 Full Art,https://tcgplayer-cdn.tcgplayer.com/product/96051_200w.jpg,3,1509,https://cpt.tcgcsv.com/2rN,2022-12-22T21:24:07.847,1,153/160,Ultra Rare,Metal,180,Basic,"[M2] Steel Headbutt (50+)
<br>Flip a coin. If heads, this attack does 30 more damage.",Rx2,4,20.6,33.63,49.99,34.49,,Holofoil,"[MM2] Raging Hammer (60+)
<br>This attack does 10 more damage for each damage counter on this Pokemon.",,P-20
96052,M Aggron EX (154 Full Art),M Aggron EX 154 Full Art,https://tcgplayer-cdn.tcgplayer.com/product/96052_200w.jpg,3,1509,https://cpt.tcgcsv.com/3rN,2022-12-22T21:24:16.87,1,154/160,Ultra Rare,Metal,240,Mega,"[MM2] Megaton Slam (120+)
<br>You may flip a coin. If heads, this attack does 120 more damage. If tails, this attack does 20 damage to each of your Benched Pokemon. <i>(Don't apply Weakness and Resistance to Benched Pokemon.)</i>",Rx2,4,55.59,71.33,150.0,89.33,,Holofoil,,"<em>When 1 of your Pokemon becomes a Mega Evolution Pokemon, your turn ends.",P-20
96053,Gardevoir EX (155 Full Art),Gardevoir EX 155 Full Art,https://tcgplayer-cdn.tcgplayer.com/product/96053_200w.jpg,3,1509,https://cpt.tcgcsv.com/5rN,2022-12-22T21:24:24.857,1,155/160,Ultra Rare,Fairy,105,Basic,"[Y] Life Leap (20)
<br> Heal from this Pokemon the same amount of damage you did to your opponent's Active Pokemon.",Mx2,2,48.0,65.92,96.95,55.71,96.95,Holofoil,"[YYY] Shining Wind (100)
<br>During your opponent's next turn, this Pokemon has no Weakness.",,D-20
96054,M Gardevoir EX (156 Full Art),M Gardevoir EX 156 Full Art,https://tcgplayer-cdn.tcgplayer.com/product/96054_200w.jpg,3,1509,https://cpt.tcgcsv.com/6rN,2022-12-22T21:24:32.43,1,156/160,Ultra Rare,Fairy,210,Mega,"[Y2] Brilliant Arrow (30x)
<br>This attack does 30 damage times the amount of Fairy Energy attached to all of your Pokemon.",Mx2,2,56.54,61.95,103.08,95.15,,Holofoil,,"<em>When 1 of your Pokemon becomes a Mega Evolution Pokemon, your turn ends.",D-20
96055,Archie's Ace in the Hole (157 Full Art),Archies Ace in the Hole 157 Full Art,https://tcgplayer-cdn.tcgplayer.com/product/96055_200w.jpg,3,1509,https://cpt.tcgcsv.com/7rN,2022-12-22T21:24:39.633,1,157/160,Ultra Rare,Supporter,,,,,0,10.54,15.53,33.59,21.83,,Holofoil,,"You can play this card only when it is the last card in your hand.
Put a Water Pokémon from your discard pile onto your Bench. Then, draw 5 cards.",None
96056,Maxie's Hidden Ball Trick (158 Full Art),Maxies Hidden Ball Trick 158 Full Art,https://tcgplayer-cdn.tcgplayer.com/product/96056_200w.jpg,3,1509,https://cpt.tcgcsv.com/8rN,2022-12-22T21:24:47.01,1,158/160,Ultra Rare,Supporter,,,,,,10.5,12.49,27.1,16.6,,Holofoil,,"You can play this card only when it is the last card in your hand.
Put a Fighting Pokémon from your discard pile onto your Bench. Then, draw 5 cards.",
96057,Professor Birch's Observations (159 Full Art),Professor Birchs Observations 159 Full Art,https://tcgplayer-cdn.tcgplayer.com/product/96057_200w.jpg,3,1509,https://cpt.tcgcsv.com/9rN,2022-12-22T21:24:54.777,1,159/160,Ultra Rare,Supporter,,,,,,7.0,9.14,26.4,11.46,,Holofoil,,"Shuffle your hand into your deck and flip a coin. If heads, draw 7 cards. If tails, draw 4 cards.",
96058,Teammates (160 Full Art),Teammates 160 Full Art,https://tcgplayer-cdn.tcgplayer.com/product/96058_200w.jpg,3,1509,https://cpt.tcgcsv.com/brN,2026-01-27T23:44:54.773,1,160/160,Ultra Rare,Supporter,,,,,,23.16,27.78,59.99,27.9,44.99,Holofoil,,"You can play this card only if 1 of your Pokémon was Knocked Out during your opponent's last turn.
Search your deck for up to 2 cards and put them into your hand. Shuffle your deck afterward.",
96059,Dive Ball (161 Secret Rare),Dive Ball 161 Secret Rare,https://tcgplayer-cdn.tcgplayer.com/product/96059_200w.jpg,3,1509,https://cpt.tcgcsv.com/crN,2026-01-27T21:26:15.093,1,161/160,Secret Rare,Item,,,,,,10.0,14.98,24.99,16.89,15.94,Holofoil,,"Search you deck for a Water Pokémon, reveal it, and put it into your hand. Shuffle your deck afterward.",
96060,Enhanced Hammer (162 Secret Rare),Enhanced Hammer 162 Secret Rare,https://tcgplayer-cdn.tcgplayer.com/product/96060_200w.jpg,3,1509,https://cpt.tcgcsv.com/drN,2026-01-27T21:37:04.267,1,162/160,Secret Rare,Item,0,,Discard a Special Energy attached to 1 of your opponent's Pokemon.,,,8.34,15.0,41.99,12.03,9.12,Holofoil,,Discard a Special Energy attached to 1 of your opponent's Pokemon.d,
96061,Switch (163 Secret Rare),Switch 163 Secret Rare,https://tcgplayer-cdn.tcgplayer.com/product/96061_200w.jpg,3,1509,https://cpt.tcgcsv.com/frN,2022-12-22T21:25:37.647,1,163/160,Secret Rare,Item,0,,,,,15.0,20.49,31.17,21.06,,Holofoil,,Switch your Active Pokémon with 1 of your Benched Pokémon.,
96062,Weakness Policy (164 Secret Rare),Weakness Policy 164 Secret Rare,https://tcgplayer-cdn.tcgplayer.com/product/96062_200w.jpg,3,1509,https://cpt.tcgcsv.com/grN,2022-12-22T21:25:51.957,1,164/160,Secret Rare,Pokemon Tool,,,,,,2.5,4.78,17.99,5.15,,Holofoil,,The Pokémon this card is attached to has no Weakness.,
96063,Aggron Spirit Link,Aggron Spirit Link,https://tcgplayer-cdn.tcgplayer.com/product/96063_200w.jpg,3,1509,https://cpt.tcgcsv.com/hrN,2022-12-22T21:18:32.697,1,123/160,Uncommon,Item,,,,,,0.08,0.23,5.0,0.22,,Normal,,Your turn does not end if the Pokémon this card is attached to becomes M Aggron-EX.,
96063,Aggron Spirit Link,Aggron Spirit Link,https://tcgplayer-cdn.tcgplayer.com/product/96063_200w.jpg,3,1509,https://cpt.tcgcsv.com/hrN,2022-12-22T21:18:32.697,1,123/160,Uncommon,Item,,,,,,0.09,0.45,3.99,0.45,0.5,Reverse Holofoil,,Your turn does not end if the Pokémon this card is attached to becomes M Aggron-EX.,
97750,XY Primal Clash Booster Box,XY Primal Clash Booster Box,https://tcgplayer-cdn.tcgplayer.com/product/97750_200w.jpg,3,1509,https://cpt.tcgcsv.com/07P,2015-10-16T12:46:26.727,1,,,,,,,,,,,,,,,,,
97751,XY Primal Clash Booster Pack,XY Primal Clash Booster Pack,https://tcgplayer-cdn.tcgplayer.com/product/97751_200w.jpg,3,1509,https://cpt.tcgcsv.com/27P,2017-07-22T17:11:59.833,1,,,,,,,,,54.04,68.09,120.0,56.65,,Normal,,,
97752,"Primal Clash Theme Deck - ""Ocean's Core"" [Kyogre]",Primal Clash Theme Deck Oceans Core Kyogre,https://tcgplayer-cdn.tcgplayer.com/product/97752_200w.jpg,3,1509,https://cpt.tcgcsv.com/37P,2018-10-03T13:51:17.223,1,,,,,,,,,119.99,119.99,119.99,89.99,,Normal,,"<em>Opposites working together create a furious maelstrom! The Ocean's Core theme deck brings together the raging Ocean Cyclone of Kyogre and the blazing inferno of Combusken. Thanks to its a Growth Ancient Trait, Whiscash can power up fast to unleash a fearsome Earthquake, while Milotic uses Aqua Swirl to put your opponent's big attackers on the Bench! So take a shot with this medley of Fire and Water—because when the ocean burns, nothing can stop you!</em>
<br>
<br><strong>Contents:</strong>
<br>• 1 60-card preconstructed deck
<br>• Damage counters
<br>• 1 coin",
97753,"Primal Clash Theme Deck - ""Earth's Pulse"" [Groudon]",Primal Clash Theme Deck Earths Pulse Groudon,https://tcgplayer-cdn.tcgplayer.com/product/97753_200w.jpg,3,1509,https://cpt.tcgcsv.com/57P,2018-10-03T13:50:19.04,1,,,,,,,,,,,,,,,,"<em>Shake the pillars of the Pokemon world with the Earth's Pulse theme deck! The Continent Pokémon Groudon leads the charge, breaking ground on a massive scale, while little Linoone rushes your opponent's Bench with a Dash Attack! Medicham's Omega Barrage Ancient Trait brings an extra hit every turn, while unexpected allies like Eelektrik and Electrike turn up the voltage with Buzz Flip and Charge! Smash 'em with Fighting, zap 'em with Lightning, and leave your opponent shocked, socked, and pulverized!</em>
<br>
<br><strong>Contents:</strong>
<br>• 1 60-card preconstructed deck
<br>• Damage counters
<br>• 1 coin",
97754,Primal Kyogre Collection,Primal Kyogre Collection,https://tcgplayer-cdn.tcgplayer.com/product/97754_200w.jpg,3,1509,https://cpt.tcgcsv.com/67P,2015-04-06T11:35:13.333,1,,,,,,,,,,,,,,,,,
97755,Primal Groudon Collection,Primal Groudon Collection,https://tcgplayer-cdn.tcgplayer.com/product/97755_200w.jpg,3,1509,https://cpt.tcgcsv.com/77P,2015-04-06T11:35:39.817,1,,,,,,,,,,,,,,,,,
97756,Legend of Hoenn Tin [Kyogre EX],Legend of Hoenn Tin Kyogre EX,https://tcgplayer-cdn.tcgplayer.com/product/97756_200w.jpg,3,1509,https://cpt.tcgcsv.com/87P,2015-04-06T11:42:28.477,1,,,,,,,,,555.0,652.5,749.99,,,Normal,,,
97757,Legend of Hoenn Tin [Groudon EX],Legend of Hoenn Tin Groudon EX,https://tcgplayer-cdn.tcgplayer.com/product/97757_200w.jpg,3,1509,https://cpt.tcgcsv.com/97P,2015-04-06T11:43:33.08,1,,,,,,,,,749.99,749.99,749.99,,,Normal,,,
97758,Primal Clash Three Pack Blister [Ditto],Primal Clash Three Pack Blister Ditto,https://tcgplayer-cdn.tcgplayer.com/product/97758_200w.jpg,3,1509,https://cpt.tcgcsv.com/b7P,2018-10-10T16:23:51.62,1,,,,,,,,,369.99,369.99,369.99,299.99,,Normal,,"Each blister comes with 3 XY—Primal Clash booster packs, 1 coin, and a promotional card of Ditto.",
97759,Primal Clash Three Pack Blister [Furfrou],Primal Clash Three Pack Blister Furfrou,https://tcgplayer-cdn.tcgplayer.com/product/97759_200w.jpg,3,1509,https://cpt.tcgcsv.com/c7P,2018-10-10T16:26:53.667,1,,,,,,,,,299.99,299.99,299.99,274.99,,Normal,,"Each blister comes with 3 XY—Primal Clash booster packs, 1 coin, and a promotional card of Furfrou.",
97760,Primal Clash Single Blister [Rhyperior],Primal Clash Single Blister Rhyperior,https://tcgplayer-cdn.tcgplayer.com/product/97760_200w.jpg,3,1509,https://cpt.tcgcsv.com/d7P,2018-10-10T16:17:31.64,1,,,,,,,,,,,,,,,,"Each blister comes with 1 XY—Primal Clash booster pack, 1 coin, and a promotional card of Rhyperior.",
97761,Primal Clash Single Blister [Zoroark],Primal Clash Single Blister Zoroark,https://tcgplayer-cdn.tcgplayer.com/product/97761_200w.jpg,3,1509,https://cpt.tcgcsv.com/f7P,2018-10-10T16:23:31.317,1,,,,,,,,,,,,,,,,"Each blister comes with 1 XY—Primal Clash booster pack, 1 coin, and a promotional card of Zoroark.",
97762,Elite Trainer Box [Groudon],Elite Trainer Box Groudon,https://tcgplayer-cdn.tcgplayer.com/product/97762_200w.jpg,3,1509,https://cpt.tcgcsv.com/g7P,2015-04-06T12:26:17.6,1,,,,,,,,,,,,,,,,,
97763,Elite Trainer Box [Kyogre],Elite Trainer Box Kyogre,https://tcgplayer-cdn.tcgplayer.com/product/97763_200w.jpg,3,1509,https://cpt.tcgcsv.com/h7P,2015-04-06T12:27:03.737,1,,,,,,,,,,,,,,,,,
97820,Flygon EX Box,Flygon EX Box,https://tcgplayer-cdn.tcgplayer.com/product/97820_200w.jpg,3,1509,https://cpt.tcgcsv.com/q8P,2015-04-13T18:17:38.58,1,,,,,,,,,,,,,,,,,
270867,Code Card - Primal Clash Booster Pack,Code Card Primal Clash Booster Pack,https://tcgplayer-cdn.tcgplayer.com/product/270867_200w.jpg,3,1509,https://cpt.tcgcsv.com/mmb3,2022-07-20T19:43:09.113,1,,Code Card,,,,,,,0.04,0.12,0.5,0.11,,Normal,,"This listing is <strong>not</strong> a physical item. Please keep in mind that this <strong>Code Card</strong> listing represents a digital copy of the stated item for the Pokémon TCG Online <strong>and/or</strong> the Pokémon TCG Live games. You may receive the physical <strong>Code Card</strong>. Upon purchase, please work with your specific Seller by sending them a message using the <strong>Contact Seller</strong> button on the order details in your <a href=https://store.tcgplayer.com/myaccount/orderhistory>Order History</a> to opt in to having your <strong>Code Card</strong> code delivered digitally due to the nature of the product.",
276593,Primal Clash Sleeved Booster Pack Art Bundle [Set of 4],Primal Clash Sleeved Booster Pack Art Bundle Set of 4,https://tcgplayer-cdn.tcgplayer.com/product/276593_200w.jpg,3,1509,https://cpt.tcgcsv.com/TFd3,2022-06-20T19:23:48.403,1,,,,,,,,,,,,,,,,"Collect each of the 4 unique art packs for Primal Clash.
<br>Each Primal Clash sleeved booster pack contains 10 random cards.",
280447,Code Card - Elite Trainer Box [Groudon],Code Card Elite Trainer Box Groudon,https://tcgplayer-cdn.tcgplayer.com/product/280447_200w.jpg,3,1509,https://cpt.tcgcsv.com/Zbg3,2022-07-27T20:02:18.99,1,,Code Card,,,,,,,10.0,10.0,10.0,,,Normal,,"This listing is <strong>not</strong> a physical item. Please keep in mind that this <strong>Code Card</strong> listing represents a digital copy of the stated item for the Pokémon TCG Online <strong>and/or</strong> the Pokémon TCG Live games. You may receive the physical <strong>Code Card</strong>. Upon purchase, please work with your specific Seller by sending them a message using the <strong>Contact Seller</strong> button on the order details in your <a href=https://store.tcgplayer.com/myaccount/orderhistory>Order History</a> to opt in to having your <strong>Code Card</strong> code delivered digitally due to the nature of the product.",
280448,Code Card - Elite Trainer Box [Kyogre],Code Card Elite Trainer Box Kyogre,https://tcgplayer-cdn.tcgplayer.com/product/280448_200w.jpg,3,1509,https://cpt.tcgcsv.com/-bg3,2022-07-27T20:02:29.043,1,,Code Card,,,,,,,15.0,15.0,15.0,15.0,,Normal,,"This listing is <strong>not</strong> a physical item. Please keep in mind that this <strong>Code Card</strong> listing represents a digital copy of the stated item for the Pokémon TCG Online <strong>and/or</strong> the Pokémon TCG Live games. You may receive the physical <strong>Code Card</strong>. Upon purchase, please work with your specific Seller by sending them a message using the <strong>Contact Seller</strong> button on the order details in your <a href=https://store.tcgplayer.com/myaccount/orderhistory>Order History</a> to opt in to having your <strong>Code Card</strong> code delivered digitally due to the nature of the product.",
280449,Code Card - Flygon EX Box,Code Card Flygon EX Box,https://tcgplayer-cdn.tcgplayer.com/product/280449_200w.jpg,3,1509,https://cpt.tcgcsv.com/_bg3,2022-07-27T20:02:39.633,1,,Code Card,,,,,,,2.4,2.4,2.4,2.0,,Normal,,"This listing is <strong>not</strong> a physical item. Please keep in mind that this <strong>Code Card</strong> listing represents a digital copy of the stated item for the Pokémon TCG Online <strong>and/or</strong> the Pokémon TCG Live games. You may receive the physical <strong>Code Card</strong>. Upon purchase, please work with your specific Seller by sending them a message using the <strong>Contact Seller</strong> button on the order details in your <a href=https://store.tcgplayer.com/myaccount/orderhistory>Order History</a> to opt in to having your <strong>Code Card</strong> code delivered digitally due to the nature of the product.",
280450,Code Card - Legend of Hoenn Tin [Groudon EX],Code Card Legend of Hoenn Tin Groudon EX,https://tcgplayer-cdn.tcgplayer.com/product/280450_200w.jpg,3,1509,https://cpt.tcgcsv.com/0cg3,2022-07-27T20:02:50.07,1,,Code Card,,,,,,,,,,,,,,"This listing is <strong>not</strong> a physical item. Please keep in mind that this <strong>Code Card</strong> listing represents a digital copy of the stated item for the Pokémon TCG Online <strong>and/or</strong> the Pokémon TCG Live games. You may receive the physical <strong>Code Card</strong>. Upon purchase, please work with your specific Seller by sending them a message using the <strong>Contact Seller</strong> button on the order details in your <a href=https://store.tcgplayer.com/myaccount/orderhistory>Order History</a> to opt in to having your <strong>Code Card</strong> code delivered digitally due to the nature of the product.",
280451,Code Card - Legend of Hoenn Tin [Kyogre EX],Code Card Legend of Hoenn Tin Kyogre EX,https://tcgplayer-cdn.tcgplayer.com/product/280451_200w.jpg,3,1509,https://cpt.tcgcsv.com/2cg3,2022-07-27T20:03:00.043,1,,Code Card,,,,,,,5.82,5.91,6.0,,,Normal,,"This listing is <strong>not</strong> a physical item. Please keep in mind that this <strong>Code Card</strong> listing represents a digital copy of the stated item for the Pokémon TCG Online <strong>and/or</strong> the Pokémon TCG Live games. You may receive the physical <strong>Code Card</strong>. Upon purchase, please work with your specific Seller by sending them a message using the <strong>Contact Seller</strong> button on the order details in your <a href=https://store.tcgplayer.com/myaccount/orderhistory>Order History</a> to opt in to having your <strong>Code Card</strong> code delivered digitally due to the nature of the product.",
280452,Code Card - Primal Clash Single Blister [Rhyperior],Code Card Primal Clash Single Blister Rhyperior,https://tcgplayer-cdn.tcgplayer.com/product/280452_200w.jpg,3,1509,https://cpt.tcgcsv.com/3cg3,2022-07-27T20:03:09.35,1,,Code Card,,,,,,,,,,,,,,"This listing is <strong>not</strong> a physical item. Please keep in mind that this <strong>Code Card</strong> listing represents a digital copy of the stated item for the Pokémon TCG Online <strong>and/or</strong> the Pokémon TCG Live games. You may receive the physical <strong>Code Card</strong>. Upon purchase, please work with your specific Seller by sending them a message using the <strong>Contact Seller</strong> button on the order details in your <a href=https://store.tcgplayer.com/myaccount/orderhistory>Order History</a> to opt in to having your <strong>Code Card</strong> code delivered digitally due to the nature of the product.",
280453,Code Card - Primal Clash Single Blister [Zoroark],Code Card Primal Clash Single Blister Zoroark,https://tcgplayer-cdn.tcgplayer.com/product/280453_200w.jpg,3,1509,https://cpt.tcgcsv.com/5cg3,2022-07-27T20:03:19.933,1,,Code Card,,,,,,,,,,,,,,"This listing is <strong>not</strong> a physical item. Please keep in mind that this <strong>Code Card</strong> listing represents a digital copy of the stated item for the Pokémon TCG Online <strong>and/or</strong> the Pokémon TCG Live games. You may receive the physical <strong>Code Card</strong>. Upon purchase, please work with your specific Seller by sending them a message using the <strong>Contact Seller</strong> button on the order details in your <a href=https://store.tcgplayer.com/myaccount/orderhistory>Order History</a> to opt in to having your <strong>Code Card</strong> code delivered digitally due to the nature of the product.",
280454,"Code Card - Primal Clash Theme Deck - ""Earth's Pulse"" [Groudon]",Code Card Primal Clash Theme Deck Earths Pulse Groudon,https://tcgplayer-cdn.tcgplayer.com/product/280454_200w.jpg,3,1509,https://cpt.tcgcsv.com/6cg3,2022-07-27T20:03:29.583,1,,Code Card,,,,,,,15.0,15.0,15.0,,,Normal,,"This listing is <strong>not</strong> a physical item. Please keep in mind that this <strong>Code Card</strong> listing represents a digital copy of the stated item for the Pokémon TCG Online <strong>and/or</strong> the Pokémon TCG Live games. You may receive the physical <strong>Code Card</strong>. Upon purchase, please work with your specific Seller by sending them a message using the <strong>Contact Seller</strong> button on the order details in your <a href=https://store.tcgplayer.com/myaccount/orderhistory>Order History</a> to opt in to having your <strong>Code Card</strong> code delivered digitally due to the nature of the product.",
280455,"Code Card - Primal Clash Theme Deck - ""Ocean's Core"" [Kyogre]",Code Card Primal Clash Theme Deck Oceans Core Kyogre,https://tcgplayer-cdn.tcgplayer.com/product/280455_200w.jpg,3,1509,https://cpt.tcgcsv.com/7cg3,2022-07-27T20:03:40.23,1,,Code Card,,,,,,,5.0,5.0,5.0,,,Normal,,"This listing is <strong>not</strong> a physical item. Please keep in mind that this <strong>Code Card</strong> listing represents a digital copy of the stated item for the Pokémon TCG Online <strong>and/or</strong> the Pokémon TCG Live games. You may receive the physical <strong>Code Card</strong>. Upon purchase, please work with your specific Seller by sending them a message using the <strong>Contact Seller</strong> button on the order details in your <a href=https://store.tcgplayer.com/myaccount/orderhistory>Order History</a> to opt in to having your <strong>Code Card</strong> code delivered digitally due to the nature of the product.",
280456,Code Card - Primal Clash Three Pack Blister [Ditto],Code Card Primal Clash Three Pack Blister Ditto,https://tcgplayer-cdn.tcgplayer.com/product/280456_200w.jpg,3,1509,https://cpt.tcgcsv.com/8cg3,2022-07-27T20:03:53.27,1,,Code Card,,,,,,,,,,,,,,"This listing is <strong>not</strong> a physical item. Please keep in mind that this <strong>Code Card</strong> listing represents a digital copy of the stated item for the Pokémon TCG Online <strong>and/or</strong> the Pokémon TCG Live games. You may receive the physical <strong>Code Card</strong>. Upon purchase, please work with your specific Seller by sending them a message using the <strong>Contact Seller</strong> button on the order details in your <a href=https://store.tcgplayer.com/myaccount/orderhistory>Order History</a> to opt in to having your <strong>Code Card</strong> code delivered digitally due to the nature of the product.",
280457,Code Card - Primal Clash Three Pack Blister [Furfrou],Code Card Primal Clash Three Pack Blister Furfrou,https://tcgplayer-cdn.tcgplayer.com/product/280457_200w.jpg,3,1509,https://cpt.tcgcsv.com/9cg3,2022-07-27T20:04:20.317,1,,Code Card,,,,,,,,,,,,,,"This listing is <strong>not</strong> a physical item. Please keep in mind that this <strong>Code Card</strong> listing represents a digital copy of the stated item for the Pokémon TCG Online <strong>and/or</strong> the Pokémon TCG Live games. You may receive the physical <strong>Code Card</strong>. Upon purchase, please work with your specific Seller by sending them a message using the <strong>Contact Seller</strong> button on the order details in your <a href=https://store.tcgplayer.com/myaccount/orderhistory>Order History</a> to opt in to having your <strong>Code Card</strong> code delivered digitally due to the nature of the product.",
280458,Code Card - Primal Groudon Collection,Code Card Primal Groudon Collection,https://tcgplayer-cdn.tcgplayer.com/product/280458_200w.jpg,3,1509,https://cpt.tcgcsv.com/bcg3,2022-07-27T20:04:30.19,1,,Code Card,,,,,,,,,,,,,,"This listing is <strong>not</strong> a physical item. Please keep in mind that this <strong>Code Card</strong> listing represents a digital copy of the stated item for the Pokémon TCG Online <strong>and/or</strong> the Pokémon TCG Live games. You may receive the physical <strong>Code Card</strong>. Upon purchase, please work with your specific Seller by sending them a message using the <strong>Contact Seller</strong> button on the order details in your <a href=https://store.tcgplayer.com/myaccount/orderhistory>Order History</a> to opt in to having your <strong>Code Card</strong> code delivered digitally due to the nature of the product.",
280459,Code Card - Primal Kyogre Collection,Code Card Primal Kyogre Collection,https://tcgplayer-cdn.tcgplayer.com/product/280459_200w.jpg,3,1509,https://cpt.tcgcsv.com/ccg3,2022-07-27T20:04:40.13,1,,Code Card,,,,,,,,,,,,,,"This listing is <strong>not</strong> a physical item. Please keep in mind that this <strong>Code Card</strong> listing represents a digital copy of the stated item for the Pokémon TCG Online <strong>and/or</strong> the Pokémon TCG Live games. You may receive the physical <strong>Code Card</strong>. Upon purchase, please work with your specific Seller by sending them a message using the <strong>Contact Seller</strong> button on the order details in your <a href=https://store.tcgplayer.com/myaccount/orderhistory>Order History</a> to opt in to having your <strong>Code Card</strong> code delivered digitally due to the nature of the product.",
546608,XY - Primal Clash Sleeved Booster Pack,XY Primal Clash Sleeved Booster Pack,https://tcgplayer-cdn.tcgplayer.com/product/546608_200w.jpg,3,1509,https://cpt.tcgcsv.com/bGn6,2024-04-16T12:36:04.527,1,,,,,,,,,99.95,112.0,142.25,76.74,,Normal,,"Ancient rivals awaken! After centuries asleep, the deep power of Primal Groudon-EX erupts from the land as Primal Kyogre-EX crashes in from the sea, riding titanic waves into battle! With colossal new arrivals like Mega Gardevoir-EX and Mega Aggron-EX, the Pokémon TCG: XY—Primal Clash expansion is alive with the primordial power of Ancient Traits—plus all-new Spirit Link and Special Energy cards! Let the earth shake and the oceans thunder, and get ready for a primal clash like no other!
<br>Each XY Primal Clash Sleeved Booster Pack contains 10 random cards.
<br>Cards vary by pack. Booster packs may vary by product.",
656978,Primal Clash Sleeved Booster Case,Primal Clash Sleeved Booster Case,https://tcgplayer-cdn.tcgplayer.com/product/656978_200w.jpg,3,1509,https://cpt.tcgcsv.com/BPg7,2025-10-06T12:05:30.153,0,,,,,,,,,29999.99,29999.99,29999.99,,,Normal,,"Ancient Rivals Awaken!
<br>
After centuries asleep, the deep power of Primal Groudon-EX erupts from the land as Primal Kyogre-EX crashes in from the sea, riding titanic waves into battle! With colossal new arrivals like Mega Gardevoir-EX and Mega Aggron-EX, the Pokémon TCG: XY—Primal Clash expansion is alive with the primordial power of Ancient Traits—plus all-new Spirit Link and Special Energy cards! Let the earth shake and the oceans thunder, and get ready for a primal clash like no other!
<br><br>
Each Primal Clash sleeved booster pack case contains 144 booster packs.",
