productId,name,cleanName,imageUrl,categoryId,groupId,url,modifiedOn,imageCount,lowPrice,midPrice,highPrice,marketPrice,directLowPrice,subTypeName,extNumber,extRarity,extCardType,extHP,extStage,extCardText,extAttack1,extWeakness,extResistance,extRetreatCost,extAttack2
120076,Steam Siege Booster Box,Steam Siege Booster Box,https://tcgplayer-cdn.tcgplayer.com/product/120076_200w.jpg,3,1815,https://cpt.tcgcsv.com/x2-,2016-08-04T11:44:13.83,1,1150.0,1499.95,2349.0,1118.33,,Normal,,,,,,,,,,,
120150,Talonflame BREAK,Talonflame BREAK,https://tcgplayer-cdn.tcgplayer.com/product/120150_200w.jpg,3,1815,https://cpt.tcgcsv.com/05-,2022-12-19T18:37:51.757,1,2.09,3.2,12.0,3.06,,Holofoil,21/114,Rare BREAK,Fire,170,BREAK Evolution,"<em>BREAK Evolution Rules: Talonflame BREAK retains the attacks, Abilities, Weakness, Resistance, and Retreat Cost of its previous Evolution.</em>","[RR] Flare Blitz (150)
<br>Discard all Fire Energy attached to this Pokemon.",None,None,0,
120151,Volcanion EX,Volcanion EX,https://tcgplayer-cdn.tcgplayer.com/product/120151_200w.jpg,3,1815,https://cpt.tcgcsv.com/25-,2026-01-06T16:11:02.163,1,1.49,2.49,19.99,2.16,2.48,Holofoil,26/114,Ultra Rare,Fire Water,180,Basic,"<b>Ability — Steam Up</b>
<br>Once during your turn <em>(before your attack)</em>, you may discard a Fire Energy card from your hand. If you do, during this turn, your Basic Fire Pokemon's attacks do 30 more damage to your opponent's Active Pokemon <em>(before applying Weakness and Resistance)</em>.","[1RR] Volcanic Heat (130)
<br>This Pokemon can't attack during your next turn.",Wx2,None,3,
120152,Bisharp,Bisharp,https://tcgplayer-cdn.tcgplayer.com/product/120152_200w.jpg,3,1815,https://cpt.tcgcsv.com/35-,2026-02-02T18:30:06.213,1,0.34,0.66,5.0,0.93,,Holofoil,64/114,Holo Rare,Darkness Metal,100,Stage 1,,"[1] Retaliate (30+)
<br>If any of your Pokemon were Knocked Out by damage from an opponent's attack during his or her last turn, this attack does 60 more damage.",Fx2,P-20,2,"[1D] Mach Claw (60]
<br>This attack's damage isn't affected by Resistance."
120152,Bisharp,Bisharp,https://tcgplayer-cdn.tcgplayer.com/product/120152_200w.jpg,3,1815,https://cpt.tcgcsv.com/35-,2026-02-02T18:30:06.213,1,0.48,1.27,4.0,1.28,1.29,Reverse Holofoil,64/114,Holo Rare,Darkness Metal,100,Stage 1,,"[1] Retaliate (30+)
<br>If any of your Pokemon were Knocked Out by damage from an opponent's attack during his or her last turn, this attack does 60 more damage.",Fx2,P-20,2,"[1D] Mach Claw (60]
<br>This attack's damage isn't affected by Resistance."
120153,Azumarill,Azumarill,https://tcgplayer-cdn.tcgplayer.com/product/120153_200w.jpg,3,1815,https://cpt.tcgcsv.com/55-,2026-03-09T14:00:58.517,1,0.35,0.9,4.5,0.94,0.73,Normal,77/114,Uncommon,Fairy Water,100,Stage 1,,"[2] Play Rough (30+)
<br>Flip a coin. If heads, this attack does 30 more damage.",Mx2,D-20,2,"[1YY] Bubble Drain (80)
<br>Heal 30 damage from this Pokemon."
120153,Azumarill,Azumarill,https://tcgplayer-cdn.tcgplayer.com/product/120153_200w.jpg,3,1815,https://cpt.tcgcsv.com/55-,2026-03-09T14:00:58.517,1,5.55,11.35,19.99,9.36,,Reverse Holofoil,77/114,Uncommon,Fairy Water,100,Stage 1,,"[2] Play Rough (30+)
<br>Flip a coin. If heads, this attack does 30 more damage.",Mx2,D-20,2,"[1YY] Bubble Drain (80)
<br>Heal 30 damage from this Pokemon."
120154,Gardevoir EX,Gardevoir EX,https://tcgplayer-cdn.tcgplayer.com/product/120154_200w.jpg,3,1815,https://cpt.tcgcsv.com/65-,2026-02-17T22:53:09.75,1,2.49,4.35,96.95,4.46,5.74,Holofoil,78/114,Ultra Rare,Fairy,170,Basic,,"[1Y] Link Blast (30+)
<br>If this Pokemon and your opponent's Active Pokemon have the same amount of Energy attached to them, this attack does 70 more damage.",Mx2,D-20,2,"[1YY] Luminous Blade (120)
<br>Discard an Energy attached to this Pokemon."
120155,M Gardevoir EX,M Gardevoir EX,https://tcgplayer-cdn.tcgplayer.com/product/120155_200w.jpg,3,1815,https://cpt.tcgcsv.com/75-,2026-01-14T17:34:23.627,1,13.32,19.67,1399.0,17.4,,Holofoil,79/114,Ultra Rare,Fairy Psychic,210,Mega Evolution,,"[1Y] Despair Ray (110+)
<br>Discard as many of your Benched Pokemon as you like. This attack does 10 more damage for each Benched Pokemon you discarded this way.",Mx2,D-20,2,
120156,Talonflame,Talonflame,https://tcgplayer-cdn.tcgplayer.com/product/120156_200w.jpg,3,1815,https://cpt.tcgcsv.com/85-,2025-11-20T22:29:38.863,1,0.21,0.42,1.59,0.42,0.42,Normal,96/114,Rare,Colorless,130,Stage 2,"<b>Ability — Gale Wings</b>
<br>If this Pokemon is in your hand when you are setting up to play, you may put it face down as your Active Pokemon.","[1] Aero Blitz (40)
<br>Search your deck for up to 2 cards and put them into your hand. Shuffle your deck afterward.",Lx2,F-20,0,
120156,Talonflame,Talonflame,https://tcgplayer-cdn.tcgplayer.com/product/120156_200w.jpg,3,1815,https://cpt.tcgcsv.com/85-,2025-11-20T22:29:38.863,1,0.36,0.71,2.95,0.69,,Reverse Holofoil,96/114,Rare,Colorless,130,Stage 2,"<b>Ability — Gale Wings</b>
<br>If this Pokemon is in your hand when you are setting up to play, you may put it face down as your Active Pokemon.","[1] Aero Blitz (40)
<br>Search your deck for up to 2 cards and put them into your hand. Shuffle your deck afterward.",Lx2,F-20,0,
120157,Captivating Poke Puff,Captivating Poke Puff,https://tcgplayer-cdn.tcgplayer.com/product/120157_200w.jpg,3,1815,https://cpt.tcgcsv.com/95-,2026-03-09T14:02:45.26,1,0.03,0.2,5.0,0.15,0.15,Normal,99/114,Uncommon,Item,,,Your opponent reveals his or her hand. Put any number of Basic Pokemon you find there onto your opponent's Bench.,,,,,
120157,Captivating Poke Puff,Captivating Poke Puff,https://tcgplayer-cdn.tcgplayer.com/product/120157_200w.jpg,3,1815,https://cpt.tcgcsv.com/95-,2026-03-09T14:02:45.26,1,0.1,0.4,2.99,0.39,,Reverse Holofoil,99/114,Uncommon,Item,,,Your opponent reveals his or her hand. Put any number of Basic Pokemon you find there onto your opponent's Bench.,,,,,
120697,Steam Siege Elite Trainer Box,Steam Siege Elite Trainer Box,https://tcgplayer-cdn.tcgplayer.com/product/120697_200w.jpg,3,1815,https://cpt.tcgcsv.com/Zh-,2016-08-04T11:44:20.353,1,1749.99,2069.5,2389.0,,,Normal,,,,,,,,,,,
120698,"Steam Siege Theme Deck - ""Gears of Fire"" [Volcanion]",Steam Siege Theme Deck Gears of Fire Volcanion,https://tcgplayer-cdn.tcgplayer.com/product/120698_200w.jpg,3,1815,https://cpt.tcgcsv.com/-h-,2018-10-03T14:00:38.387,1,17.95,21.95,24.35,17.3,,Normal,,,,,,"<em>Full Steam Ahead!
<br>
Spin up a great engine of battle with the Mythical Pokemon Volcanion! Combine the steely determination of Klinklang with the leaping speed of Monferno, and seize the power of steam. All aboard the victory train!</em>
<br>
<br><strong>Contents:</strong>
<br>• 1 60-card preconstructed deck
<br>• Damage counters
<br>• 1 coin",,,,,
120699,"Steam Siege Theme Deck - ""Ring of Lightning"" [Hoopa]",Steam Siege Theme Deck Ring of Lightning Hoopa,https://tcgplayer-cdn.tcgplayer.com/product/120699_200w.jpg,3,1815,https://cpt.tcgcsv.com/_h-,2020-01-30T13:55:58.617,1,19.95,22.0,29.97,24.34,,Normal,,,,,,"<em>Control Crackling Currents!
<br>
Bring forth lightning and psychic shocks with the Mythical Pokemon Hoopa! Galvantula's electric webs and the surging power of Ampharos keep the current flowing and give your opponent quite a shock. Call down the thunder!<em>
<br>
<br><strong>Contents:</strong>
<br>• 1 60-card preconstructed deck
<br>• Damage counters
<br>• 1 coin",,,,,
120702,Steam Siege Single Pack Blister [Lucario],Steam Siege Single Pack Blister Lucario,https://tcgplayer-cdn.tcgplayer.com/product/120702_200w.jpg,3,1815,https://cpt.tcgcsv.com/3j-,2018-10-10T17:04:20.913,1,54.97,72.0,84.99,75.0,,Normal,,,,,,"Each blister comes with 1 XY—Steam Siege booster pack, 1 coin, and a promotional card of Lucario.",,,,,
120703,Steam Siege Single Pack Blister [Floette],Steam Siege Single Pack Blister Floette,https://tcgplayer-cdn.tcgplayer.com/product/120703_200w.jpg,3,1815,https://cpt.tcgcsv.com/5j-,2018-10-10T17:04:17.413,1,34.0,36.95,80.0,31.73,,Normal,,,,,,"Each blister comes with 1 XY—Steam Siege booster pack, 1 coin, and a promotional card of Floette.",,,,,
120704,Steam Siege 3 Pack Blister [Azelf],Steam Siege 3 Pack Blister Azelf,https://tcgplayer-cdn.tcgplayer.com/product/120704_200w.jpg,3,1815,https://cpt.tcgcsv.com/6j-,2018-10-10T17:03:47.373,1,,,,,,,,,,,,"Each blister comes with 3 XY—Steam Siege booster pack, 1 coin, and a promotional card of Azelf.",,,,,
120705,Steam Siege 3 Pack Blister [Rayquaza],Steam Siege 3 Pack Blister Rayquaza,https://tcgplayer-cdn.tcgplayer.com/product/120705_200w.jpg,3,1815,https://cpt.tcgcsv.com/7j-,2018-10-10T17:04:01.993,1,,,,,,,,,,,,"Each blister comes with 3 XY—Steam Siege booster packs, 1 coin, and a promotional card of Rayquaza.",,,,,
120706,Steam Siege Collectible Pin 3 Pack Blister [Volcanion],Steam Siege Collectible Pin 3 Pack Blister Volcanion,https://tcgplayer-cdn.tcgplayer.com/product/120706_200w.jpg,3,1815,https://cpt.tcgcsv.com/8j-,2018-10-10T17:06:18.107,1,,,,,,,,,,,,Each blister comes with 3 XY—Steam Siege booster packs and a collectible Volcanion pin.,,,,,
120707,Steam Siege Collectible Pin 3 Pack Blister [Shiny Mega Gardevoir],Steam Siege Collectible Pin 3 Pack Blister Shiny Mega Gardevoir,https://tcgplayer-cdn.tcgplayer.com/product/120707_200w.jpg,3,1815,https://cpt.tcgcsv.com/9j-,2018-10-10T17:05:37.417,1,,,,,,,,,,,,Each blister comes with 3 XY—Steam Siege booster packs and a collectible shiny Mega Gardevoir pin.,,,,,
120990,Tangela,Tangela,https://tcgplayer-cdn.tcgplayer.com/product/120990_200w.jpg,3,1815,https://cpt.tcgcsv.com/Qp-,2025-11-27T01:32:13.073,1,0.01,0.2,5.01,0.17,0.1,Normal,1/114,Common,Grass,80,Basic,,"[1G] Slam (30x)
<br>Flip 2 coins. This attack does 30 damage times the number of heads.",Rx2,None,3,"[1GG] Mega Drain (40)
<br>Heal 20 damage from this Pokemon."
120990,Tangela,Tangela,https://tcgplayer-cdn.tcgplayer.com/product/120990_200w.jpg,3,1815,https://cpt.tcgcsv.com/Qp-,2025-11-27T01:32:13.073,1,0.1,0.34,3.13,0.3,,Reverse Holofoil,1/114,Common,Grass,80,Basic,,"[1G] Slam (30x)
<br>Flip 2 coins. This attack does 30 damage times the number of heads.",Rx2,None,3,"[1GG] Mega Drain (40)
<br>Heal 20 damage from this Pokemon."
120991,Tangrowth,Tangrowth,https://tcgplayer-cdn.tcgplayer.com/product/120991_200w.jpg,3,1815,https://cpt.tcgcsv.com/Rp-,2026-03-09T14:08:01.263,1,0.01,0.19,4.0,0.15,0.15,Normal,2/114,Uncommon,Grass,130,Stage 1,,"[1GG] Leaf Storm (80)
<br>Heal 40 damage from each of your Grass Pokemon.",Rx2,None,4,"[1GGGG] Flog (110+)
<br>Flip a coin. If heads, this attack does 30 more damage."
120991,Tangrowth,Tangrowth,https://tcgplayer-cdn.tcgplayer.com/product/120991_200w.jpg,3,1815,https://cpt.tcgcsv.com/Rp-,2026-03-09T14:08:01.263,1,0.05,0.48,2.55,0.5,0.49,Reverse Holofoil,2/114,Uncommon,Grass,130,Stage 1,,"[1GG] Leaf Storm (80)
<br>Heal 40 damage from each of your Grass Pokemon.",Rx2,None,4,"[1GGGG] Flog (110+)
<br>Flip a coin. If heads, this attack does 30 more damage."
120992,Hoppip,Hoppip,https://tcgplayer-cdn.tcgplayer.com/product/120992_200w.jpg,3,1815,https://cpt.tcgcsv.com/Sp-,2026-03-09T14:03:55.263,1,0.02,0.2,5.03,0.16,,Normal,3/114,Common,Grass,40,Basic,,[1] Splash (10),Rx2,None,1,
120992,Hoppip,Hoppip,https://tcgplayer-cdn.tcgplayer.com/product/120992_200w.jpg,3,1815,https://cpt.tcgcsv.com/Sp-,2026-03-09T14:03:55.263,1,0.1,0.31,4.0,0.31,,Reverse Holofoil,3/114,Common,Grass,40,Basic,,[1] Splash (10),Rx2,None,1,
120993,Skiploom,Skiploom,https://tcgplayer-cdn.tcgplayer.com/product/120993_200w.jpg,3,1815,https://cpt.tcgcsv.com/Tp-,2022-12-19T18:31:53.2,1,0.03,0.2,5.0,0.21,,Normal,4/114,Uncommon,Grass,70,Stage 1,,[1] Splash (20),Rx2,None,1,
120993,Skiploom,Skiploom,https://tcgplayer-cdn.tcgplayer.com/product/120993_200w.jpg,3,1815,https://cpt.tcgcsv.com/Tp-,2022-12-19T18:31:53.2,1,0.19,0.4,4.0,0.43,,Reverse Holofoil,4/114,Uncommon,Grass,70,Stage 1,,[1] Splash (20),Rx2,None,1,
120994,Jumpluff,Jumpluff,https://tcgplayer-cdn.tcgplayer.com/product/120994_200w.jpg,3,1815,https://cpt.tcgcsv.com/Vp-,2022-12-19T18:31:59.357,1,0.15,0.31,5.0,0.25,,Normal,5/114,Rare,Grass,90,Stage 2,,"[1] Fluffy Transport
<br>Switch 1 of your opponent's Benched Pokemon with his or her Active Pokemon.",Rx2,None,1,"[G] Solar Step (20x)
<br>This attack does 20 damage times the number of your remaining Prize cards."
120994,Jumpluff,Jumpluff,https://tcgplayer-cdn.tcgplayer.com/product/120994_200w.jpg,3,1815,https://cpt.tcgcsv.com/Vp-,2022-12-19T18:31:59.357,1,0.2,0.5,5.0,0.51,,Reverse Holofoil,5/114,Rare,Grass,90,Stage 2,,"[1] Fluffy Transport
<br>Switch 1 of your opponent's Benched Pokemon with his or her Active Pokemon.",Rx2,None,1,"[G] Solar Step (20x)
<br>This attack does 20 damage times the number of your remaining Prize cards."
120995,Yanma,Yanma,https://tcgplayer-cdn.tcgplayer.com/product/120995_200w.jpg,3,1815,https://cpt.tcgcsv.com/Wp-,2025-11-20T22:33:10.353,1,0.02,0.15,55.0,0.09,0.03,Normal,6/114,Common,Grass,70,Basic,,"[1] Scout
<br>Your opponent reveals his or her hand.",Lx2,F-20,1,[3] Speed Dive (40)
120995,Yanma,Yanma,https://tcgplayer-cdn.tcgplayer.com/product/120995_200w.jpg,3,1815,https://cpt.tcgcsv.com/Wp-,2025-11-20T22:33:10.353,1,0.04,0.25,2.99,0.21,,Reverse Holofoil,6/114,Common,Grass,70,Basic,,"[1] Scout
<br>Your opponent reveals his or her hand.",Lx2,F-20,1,[3] Speed Dive (40)
120996,Yanmega,Yanmega,https://tcgplayer-cdn.tcgplayer.com/product/120996_200w.jpg,3,1815,https://cpt.tcgcsv.com/Xp-,2022-12-19T18:32:12.317,1,0.04,0.25,1.78,0.21,,Normal,7/114,Rare,Grass,110,Stage 1,"<b>Ability — Sonic Vision</b>
<br>If you have exactly 4 cards in your hand, ignore all Energy in the attack cost of each of this Pokemon's attacks.","[3] Assault Boom (50+)
<br>If your opponent's Active Pokemon has a Pokemon Tool attached to it, this attack does 70 more damage.",Lx2,F-20,0,
120996,Yanmega,Yanmega,https://tcgplayer-cdn.tcgplayer.com/product/120996_200w.jpg,3,1815,https://cpt.tcgcsv.com/Xp-,2022-12-19T18:32:12.317,1,0.2,0.48,2.0,0.5,0.54,Reverse Holofoil,7/114,Rare,Grass,110,Stage 1,"<b>Ability — Sonic Vision</b>
<br>If you have exactly 4 cards in your hand, ignore all Energy in the attack cost of each of this Pokemon's attacks.","[3] Assault Boom (50+)
<br>If your opponent's Active Pokemon has a Pokemon Tool attached to it, this attack does 70 more damage.",Lx2,F-20,0,
120997,Yanmega BREAK,Yanmega BREAK,https://tcgplayer-cdn.tcgplayer.com/product/120997_200w.jpg,3,1815,https://cpt.tcgcsv.com/Zp-,2022-12-19T18:32:24.483,1,1.0,2.57,5.99,2.31,,Holofoil,8/114,Rare BREAK,Grass,140,BREAK Evolution,"<em> Yanmega BREAK retains the attacks, Abilities, Weakness, Resistance, and Retreat Cost of its previous Evolution.</em>","[3] Barrier Break (100)
<br>This attack's damage isn't affected by Weakness, Resistance, or any other effects on the Defending Pokemon.",None,None,0,.
120998,Seedot,Seedot,https://tcgplayer-cdn.tcgplayer.com/product/120998_200w.jpg,3,1815,https://cpt.tcgcsv.com/-p-,2022-12-19T18:32:31.763,1,0.01,0.15,19.5,0.1,0.07,Normal,9/114,Common,Grass,50,Basic,,"[G] Bide
<br>Flip a coin. If heads, if this Pokemon would be Knocked Out by damage from an attack during your opponent's next turn, it is not Knocked Out and it's remaining HP becomes 10 instead.",Rx2,None,1,.
120998,Seedot,Seedot,https://tcgplayer-cdn.tcgplayer.com/product/120998_200w.jpg,3,1815,https://cpt.tcgcsv.com/-p-,2022-12-19T18:32:31.763,1,0.05,0.26,19.5,0.2,0.05,Reverse Holofoil,9/114,Common,Grass,50,Basic,,"[G] Bide
<br>Flip a coin. If heads, if this Pokemon would be Knocked Out by damage from an attack during your opponent's next turn, it is not Knocked Out and it's remaining HP becomes 10 instead.",Rx2,None,1,.
120999,Nuzleaf,Nuzleaf,https://tcgplayer-cdn.tcgplayer.com/product/120999_200w.jpg,3,1815,https://cpt.tcgcsv.com/_p-,2025-02-05T21:22:03.36,1,0.02,0.15,1.49,0.11,,Normal,10/114,Uncommon,Grass,70,Stage 1,,"[G] Harden
<br>During your opponent's next turn, if this Pokemon would be damaged by an attack, prevent that attack's damage done to this Pokemon if that damage is 60 or less.",Rx2,None,1,[2] Razor Leaf (20)
120999,Nuzleaf,Nuzleaf,https://tcgplayer-cdn.tcgplayer.com/product/120999_200w.jpg,3,1815,https://cpt.tcgcsv.com/_p-,2025-02-05T21:22:03.36,1,0.18,0.34,5.0,0.26,,Reverse Holofoil,10/114,Uncommon,Grass,70,Stage 1,,"[G] Harden
<br>During your opponent's next turn, if this Pokemon would be damaged by an attack, prevent that attack's damage done to this Pokemon if that damage is 60 or less.",Rx2,None,1,[2] Razor Leaf (20)
121000,Shiftry,Shiftry,https://tcgplayer-cdn.tcgplayer.com/product/121000_200w.jpg,3,1815,https://cpt.tcgcsv.com/0q-,2025-12-09T05:17:56.663,1,0.09,0.52,5.0,0.5,0.37,Holofoil,11/114,Holo Rare,Grass Darkness,140,Stage 2,,"[G] Wicked Wind (40)
<br>Until the end of your opponent's next turn, each Stadium or Pokemon Tool card in play has no effect. <i>(This includes cards that come into play on that turn.)</i>",Rx2,None,2,"[2] Extrasensory (60+)
<br>If you have the same number of cards in your hand as your opponent, this attack does 60 more damage."
121000,Shiftry,Shiftry,https://tcgplayer-cdn.tcgplayer.com/product/121000_200w.jpg,3,1815,https://cpt.tcgcsv.com/0q-,2025-12-09T05:17:56.663,1,0.45,1.0,3.49,1.13,0.99,Reverse Holofoil,11/114,Holo Rare,Grass Darkness,140,Stage 2,,"[G] Wicked Wind (40)
<br>Until the end of your opponent's next turn, each Stadium or Pokemon Tool card in play has no effect. <i>(This includes cards that come into play on that turn.)</i>",Rx2,None,2,"[2] Extrasensory (60+)
<br>If you have the same number of cards in your hand as your opponent, this attack does 60 more damage."
121001,Foongus,Foongus,https://tcgplayer-cdn.tcgplayer.com/product/121001_200w.jpg,3,1815,https://cpt.tcgcsv.com/2q-,2025-11-20T22:19:30.92,1,0.03,0.22,20.0,0.22,0.15,Normal,12/114,Common,Grass,40,Basic,"<b>Ability — Play Ball</b>
<br>When you play this Pokemon from your hand onto your Bench, you may put 3 Poke Ball cards from your discard pile into your hand.",[G] Ram (10),Rx2,None,1,
121001,Foongus,Foongus,https://tcgplayer-cdn.tcgplayer.com/product/121001_200w.jpg,3,1815,https://cpt.tcgcsv.com/2q-,2025-11-20T22:19:30.92,1,0.08,0.46,2.79,0.48,,Reverse Holofoil,12/114,Common,Grass,40,Basic,"<b>Ability — Play Ball</b>
<br>When you play this Pokemon from your hand onto your Bench, you may put 3 Poke Ball cards from your discard pile into your hand.",[G] Ram (10),Rx2,None,1,
121002,Amoonguss,Amoonguss,https://tcgplayer-cdn.tcgplayer.com/product/121002_200w.jpg,3,1815,https://cpt.tcgcsv.com/3q-,2025-12-10T00:08:51.767,1,0.08,0.25,1.59,0.22,0.22,Normal,13/114,Rare,Grass,90,Stage 1,,"[1] Noisy Spore
<br>Your opponent's Active Pokemon is now Confused and Poisoned.",Rx2,None,2,"[1G] Ominous Reaction (30)
<br>If your opponent's Active Pokemon is Confused, it is now also Paralyzed."
121002,Amoonguss,Amoonguss,https://tcgplayer-cdn.tcgplayer.com/product/121002_200w.jpg,3,1815,https://cpt.tcgcsv.com/3q-,2025-12-10T00:08:51.767,1,0.19,0.45,5.39,0.4,0.38,Reverse Holofoil,13/114,Rare,Grass,90,Stage 1,,"[1] Noisy Spore
<br>Your opponent's Active Pokemon is now Confused and Poisoned.",Rx2,None,2,"[1G] Ominous Reaction (30)
<br>If your opponent's Active Pokemon is Confused, it is now also Paralyzed."
121003,Larvesta,Larvesta,https://tcgplayer-cdn.tcgplayer.com/product/121003_200w.jpg,3,1815,https://cpt.tcgcsv.com/5q-,2025-02-05T21:22:03.453,1,0.03,0.2,19.5,0.18,0.05,Normal,14/114,Common,Grass,70,Basic,,[1G] Bug Bite (30),Rx2,None,2,
121003,Larvesta,Larvesta,https://tcgplayer-cdn.tcgplayer.com/product/121003_200w.jpg,3,1815,https://cpt.tcgcsv.com/5q-,2025-02-05T21:22:03.453,1,0.1,0.38,2.39,0.39,0.29,Reverse Holofoil,14/114,Common,Grass,70,Basic,,[1G] Bug Bite (30),Rx2,None,2,
121004,Volcarona,Volcarona,https://tcgplayer-cdn.tcgplayer.com/product/121004_200w.jpg,3,1815,https://cpt.tcgcsv.com/6q-,2022-12-19T18:33:29.45,1,0.33,0.62,4.0,0.68,0.68,Normal,15/114,Rare,Grass Fire,110,Stage 1,,"[G] Shimmering Scales (20)
<br>Flip a coin. If heads, your opponent's Active Pokemon is now Confused. If tails, your opponent's Active Pokemon is now Paralyzed.",Rx2,None,1,"[3] Power Hurricane (120)
<br>Discard all Energy attached to this Pokemon."
121004,Volcarona,Volcarona,https://tcgplayer-cdn.tcgplayer.com/product/121004_200w.jpg,3,1815,https://cpt.tcgcsv.com/6q-,2022-12-19T18:33:29.45,1,1.87,2.32,10.0,2.28,,Reverse Holofoil,15/114,Rare,Grass Fire,110,Stage 1,,"[G] Shimmering Scales (20)
<br>Flip a coin. If heads, your opponent's Active Pokemon is now Confused. If tails, your opponent's Active Pokemon is now Paralyzed.",Rx2,None,1,"[3] Power Hurricane (120)
<br>Discard all Energy attached to this Pokemon."
121005,Ponyta,Ponyta,https://tcgplayer-cdn.tcgplayer.com/product/121005_200w.jpg,3,1815,https://cpt.tcgcsv.com/7q-,2025-02-05T21:22:03.5,1,0.01,0.18,4.0,0.18,,Normal,16/114,Common,Fire,60,Basic,,"[1] Returning Flames
<br>Put 2 Fire Energy cards from your discard pile into your hand.",Wx2,None,1,[R] Live Coal (10)
121005,Ponyta,Ponyta,https://tcgplayer-cdn.tcgplayer.com/product/121005_200w.jpg,3,1815,https://cpt.tcgcsv.com/7q-,2025-02-05T21:22:03.5,1,0.05,0.43,2.39,0.43,,Reverse Holofoil,16/114,Common,Fire,60,Basic,,"[1] Returning Flames
<br>Put 2 Fire Energy cards from your discard pile into your hand.",Wx2,None,1,[R] Live Coal (10)
121006,Rapidash,Rapidash,https://tcgplayer-cdn.tcgplayer.com/product/121006_200w.jpg,3,1815,https://cpt.tcgcsv.com/8q-,2025-02-05T21:22:03.547,1,0.03,0.2,5.0,0.2,,Normal,17/114,Uncommon,Fire,90,Stage 1,,[1] Rear Kick (30),Wx2,None,1,"[RR] Fire Blast (70)
<br>Discard a Fire Energy attached to this Pokemon."
121006,Rapidash,Rapidash,https://tcgplayer-cdn.tcgplayer.com/product/121006_200w.jpg,3,1815,https://cpt.tcgcsv.com/8q-,2025-02-05T21:22:03.547,1,0.25,0.47,2.5,0.54,,Reverse Holofoil,17/114,Uncommon,Fire,90,Stage 1,,[1] Rear Kick (30),Wx2,None,1,"[RR] Fire Blast (70)
<br>Discard a Fire Energy attached to this Pokemon."
121007,Chimchar,Chimchar,https://tcgplayer-cdn.tcgplayer.com/product/121007_200w.jpg,3,1815,https://cpt.tcgcsv.com/9q-,2025-02-05T21:22:03.61,1,0.01,0.18,4.0,0.16,,Normal,18/114,Common,Fire,60,Basic,,[1] Scratch (10),Wx2,None,1,"[1R] Ember (30)
<br>Flip a coin. If tails, discard a Fire Energy attached to this Pokemon."
121007,Chimchar,Chimchar,https://tcgplayer-cdn.tcgplayer.com/product/121007_200w.jpg,3,1815,https://cpt.tcgcsv.com/9q-,2025-02-05T21:22:03.61,1,0.1,0.35,4.0,0.33,,Reverse Holofoil,18/114,Common,Fire,60,Basic,,[1] Scratch (10),Wx2,None,1,"[1R] Ember (30)
<br>Flip a coin. If tails, discard a Fire Energy attached to this Pokemon."
121008,Monferno,Monferno,https://tcgplayer-cdn.tcgplayer.com/product/121008_200w.jpg,3,1815,https://cpt.tcgcsv.com/bq-,2022-12-19T18:34:19.953,1,0.01,0.2,19.5,0.16,0.12,Normal,19/114,Uncommon,Fire,80,Stage 1,,[1] Scratch (20),Wx2,None,1,[1R] Flare (30)
121008,Monferno,Monferno,https://tcgplayer-cdn.tcgplayer.com/product/121008_200w.jpg,3,1815,https://cpt.tcgcsv.com/bq-,2022-12-19T18:34:19.953,1,0.16,0.59,2.55,0.62,,Reverse Holofoil,19/114,Uncommon,Fire,80,Stage 1,,[1] Scratch (20),Wx2,None,1,[1R] Flare (30)
121009,Infernape,Infernape,https://tcgplayer-cdn.tcgplayer.com/product/121009_200w.jpg,3,1815,https://cpt.tcgcsv.com/cq-,2026-02-28T03:24:22.89,1,0.2,0.5,4.95,0.59,0.33,Holofoil,20/114,Holo Rare,Fire,130,Stage 2,,"[RR] Flare Blitz (12)
<br>Discard all Fire Energy attached to this Pokemon.",Wx2,None,1,"[RR] Flare Up (200)
<br>If you have fewer than 10 Fire Energy cards in your discard pile, this attack does nothing. Shuffle 10 Fire Energy cards from your discard pile into your deck."
121009,Infernape,Infernape,https://tcgplayer-cdn.tcgplayer.com/product/121009_200w.jpg,3,1815,https://cpt.tcgcsv.com/cq-,2026-02-28T03:24:22.89,1,0.49,0.75,4.95,0.73,0.7,Reverse Holofoil,20/114,Holo Rare,Fire,130,Stage 2,,"[RR] Flare Blitz (12)
<br>Discard all Fire Energy attached to this Pokemon.",Wx2,None,1,"[RR] Flare Up (200)
<br>If you have fewer than 10 Fire Energy cards in your discard pile, this attack does nothing. Shuffle 10 Fire Energy cards from your discard pile into your deck."
121010,Litleo,Litleo,https://tcgplayer-cdn.tcgplayer.com/product/121010_200w.jpg,3,1815,https://cpt.tcgcsv.com/dq-,2025-11-20T22:22:00.57,1,0.01,0.15,4.0,0.13,,Normal,22/114,Common,Fire,60,Basic,,"[1R] Lunge (30)
<bR>Flip a coin. If tails, this attack does nothing.",Wx2,None,1,
121010,Litleo,Litleo,https://tcgplayer-cdn.tcgplayer.com/product/121010_200w.jpg,3,1815,https://cpt.tcgcsv.com/dq-,2025-11-20T22:22:00.57,1,0.06,0.25,2.31,0.22,,Reverse Holofoil,22/114,Common,Fire,60,Basic,,"[1R] Lunge (30)
<bR>Flip a coin. If tails, this attack does nothing.",Wx2,None,1,
121011,Pyroar,Pyroar,https://tcgplayer-cdn.tcgplayer.com/product/121011_200w.jpg,3,1815,https://cpt.tcgcsv.com/fq-,2026-01-30T12:09:36.413,1,0.05,0.28,1.49,0.27,0.25,Normal,23/114,Rare,Fire,120,Stage 1,,"[1R] Flame Charge (60)
<br>Search your deck for a Fire Energy card and attach it to this Pokemon. Shuffle your deck afterward.",Wx2,None,2,"[1RR] Incinerate (90)
<br>Before doing damage, discard all Pokemon Tool cards attached to your opponent's Active Pokemon."
121011,Pyroar,Pyroar,https://tcgplayer-cdn.tcgplayer.com/product/121011_200w.jpg,3,1815,https://cpt.tcgcsv.com/fq-,2026-01-30T12:09:36.413,1,0.2,0.5,2.95,0.47,,Reverse Holofoil,23/114,Rare,Fire,120,Stage 1,,"[1R] Flame Charge (60)
<br>Search your deck for a Fire Energy card and attach it to this Pokemon. Shuffle your deck afterward.",Wx2,None,2,"[1RR] Incinerate (90)
<br>Before doing damage, discard all Pokemon Tool cards attached to your opponent's Active Pokemon."
121012,Pyroar BREAK,Pyroar BREAK,https://tcgplayer-cdn.tcgplayer.com/product/121012_200w.jpg,3,1815,https://cpt.tcgcsv.com/gq-,2022-12-19T18:38:19.163,1,2.27,3.6,9.98,3.6,5.4,Holofoil,24/114,Rare BREAK,Fire,160,BREAK Evolution,"<em>Pyroar BREAK retains the attacks, Abilities, Weakness, Resistance, and Retreat Cost of its previous Evolution.","[1RR] Kaiser Tackle (180)
<br>This Pokemon does 50 damage to itself.",None,None,0,
121013,Volcanion,Volcanion,https://tcgplayer-cdn.tcgplayer.com/product/121013_200w.jpg,3,1815,https://cpt.tcgcsv.com/hq-,2025-12-09T05:19:54.627,1,0.12,0.35,2.47,0.35,0.34,Normal,25/114,Rare,Fire,130,Basic,,"[R] Power Healer (20)
<br>Choose 2 of your Benched Pokemon. Attach a Fire Energy from your discard pile to each of them.",Wx2,None,2,[RRR] Explosive Flame (100)
121013,Volcanion,Volcanion,https://tcgplayer-cdn.tcgplayer.com/product/121013_200w.jpg,3,1815,https://cpt.tcgcsv.com/hq-,2025-12-09T05:19:54.627,1,0.21,0.55,2.95,0.59,0.55,Reverse Holofoil,25/114,Rare,Fire,130,Basic,,"[R] Power Healer (20)
<br>Choose 2 of your Benched Pokemon. Attach a Fire Energy from your discard pile to each of them.",Wx2,None,2,[RRR] Explosive Flame (100)
121014,Mantine,Mantine,https://tcgplayer-cdn.tcgplayer.com/product/121014_200w.jpg,3,1815,https://cpt.tcgcsv.com/jq-,2026-03-09T14:05:29.007,1,0.01,0.19,19.5,0.19,0.09,Normal,27/114,Common,Water,100,Basic,,"[W] Healing Wave
<br>Discard as many cards are you like from your hand. Heal 10 damage from this Pokemon for each card you discarded this way.",Lx2,F-20,1,"[WWW] Dwindling Wave (90-)
<br>This attack does 90 damage minus 10 damage for each damage counter on this Pokemon."
121014,Mantine,Mantine,https://tcgplayer-cdn.tcgplayer.com/product/121014_200w.jpg,3,1815,https://cpt.tcgcsv.com/jq-,2026-03-09T14:05:29.007,1,0.03,0.34,3.0,0.34,,Reverse Holofoil,27/114,Common,Water,100,Basic,,"[W] Healing Wave
<br>Discard as many cards are you like from your hand. Heal 10 damage from this Pokemon for each card you discarded this way.",Lx2,F-20,1,"[WWW] Dwindling Wave (90-)
<br>This attack does 90 damage minus 10 damage for each damage counter on this Pokemon."
121015,Shellos,Shellos,https://tcgplayer-cdn.tcgplayer.com/product/121015_200w.jpg,3,1815,https://cpt.tcgcsv.com/kq-,2025-12-09T05:15:06.65,1,0.02,0.2,4.0,0.19,,Normal,28/114,Common,Water,70,Basic,,[W] Rain Splash (10),Gx2,None,2,
121015,Shellos,Shellos,https://tcgplayer-cdn.tcgplayer.com/product/121015_200w.jpg,3,1815,https://cpt.tcgcsv.com/kq-,2025-12-09T05:15:06.65,1,0.12,0.35,2.99,0.3,,Reverse Holofoil,28/114,Common,Water,70,Basic,,[W] Rain Splash (10),Gx2,None,2,
121016,Gastrodon,Gastrodon,https://tcgplayer-cdn.tcgplayer.com/product/121016_200w.jpg,3,1815,https://cpt.tcgcsv.com/lq-,2025-10-10T20:47:52.16,1,0.25,0.45,1.71,0.45,,Normal,29/114,Rare,Water,110,Stage 1,,"[W] Stick On (20)
<br>During your opponent's next turn, the Defending Pokemon's attacks costs and retreat cost is increased by 1 Colorless.",Gx2,None,3,"[WWW] Water Pulse (60)
<br>Your opponent's Active Pokemon is now Asleep."
121016,Gastrodon,Gastrodon,https://tcgplayer-cdn.tcgplayer.com/product/121016_200w.jpg,3,1815,https://cpt.tcgcsv.com/lq-,2025-10-10T20:47:52.16,1,0.4,0.74,1.84,0.75,,Reverse Holofoil,29/114,Rare,Water,110,Stage 1,,"[W] Stick On (20)
<br>During your opponent's next turn, the Defending Pokemon's attacks costs and retreat cost is increased by 1 Colorless.",Gx2,None,3,"[WWW] Water Pulse (60)
<br>Your opponent's Active Pokemon is now Asleep."
121017,Oshawott,Oshawott,https://tcgplayer-cdn.tcgplayer.com/product/121017_200w.jpg,3,1815,https://cpt.tcgcsv.com/mq-,2022-12-19T18:39:36.64,1,0.05,0.24,4.0,0.24,0.23,Normal,30/114,Common,Water,60,Basic,,[1W] Water Gun (30),Gx2,None,1,
121017,Oshawott,Oshawott,https://tcgplayer-cdn.tcgplayer.com/product/121017_200w.jpg,3,1815,https://cpt.tcgcsv.com/mq-,2022-12-19T18:39:36.64,1,0.15,0.39,2.49,0.38,,Reverse Holofoil,30/114,Common,Water,60,Basic,,[1W] Water Gun (30),Gx2,None,1,
121018,Dewott,Dewott,https://tcgplayer-cdn.tcgplayer.com/product/121018_200w.jpg,3,1815,https://cpt.tcgcsv.com/nq-,2025-02-05T21:22:03.983,1,0.02,0.2,5.02,0.15,,Normal,31/114,Uncommon,Water,90,Stage 1,,"[1W] Razor Shell (30+)
<br>Flip a coin. If heads, this attack does 20 more damage.",Gx2,None,2,
121018,Dewott,Dewott,https://tcgplayer-cdn.tcgplayer.com/product/121018_200w.jpg,3,1815,https://cpt.tcgcsv.com/nq-,2025-02-05T21:22:03.983,1,0.13,0.4,1.62,0.4,,Reverse Holofoil,31/114,Uncommon,Water,90,Stage 1,,"[1W] Razor Shell (30+)
<br>Flip a coin. If heads, this attack does 20 more damage.",Gx2,None,2,
121019,Samurott,Samurott,https://tcgplayer-cdn.tcgplayer.com/product/121019_200w.jpg,3,1815,https://cpt.tcgcsv.com/pq-,2026-02-17T12:23:58.803,1,0.18,0.36,5.2,0.31,0.32,Normal,32/114,Rare,Water,140,Stage 2,,"[1W] Ultimate Blade (40)
<br>If the damage from this attack reduces your opponent's Active Pokemon's HP to 60 or less, that Pokemon is Knocked Out.",Gx2,None,2,"[1WW] Pike (90)
<br>This attack does 30 damage to 1 of your opponent's Benched Pokemon. <i>(Don't apply Weakness and Resistance for Benched Pokemon.)</i>"
121019,Samurott,Samurott,https://tcgplayer-cdn.tcgplayer.com/product/121019_200w.jpg,3,1815,https://cpt.tcgcsv.com/pq-,2026-02-17T12:23:58.803,1,0.35,0.7,7.95,0.75,,Reverse Holofoil,32/114,Rare,Water,140,Stage 2,,"[1W] Ultimate Blade (40)
<br>If the damage from this attack reduces your opponent's Active Pokemon's HP to 60 or less, that Pokemon is Knocked Out.",Gx2,None,2,"[1WW] Pike (90)
<br>This attack does 30 damage to 1 of your opponent's Benched Pokemon. <i>(Don't apply Weakness and Resistance for Benched Pokemon.)</i>"
121020,Clauncher,Clauncher,https://tcgplayer-cdn.tcgplayer.com/product/121020_200w.jpg,3,1815,https://cpt.tcgcsv.com/qq-,2025-01-31T19:40:32.33,1,0.01,0.16,19.5,0.13,0.1,Normal,33/114,Common,Water,60,Basic,,"[W] Double Pincers (10x)
<br>Flip 2 coins. This attack does 10 damage times the number of heads.",Gx2,None,1,
121020,Clauncher,Clauncher,https://tcgplayer-cdn.tcgplayer.com/product/121020_200w.jpg,3,1815,https://cpt.tcgcsv.com/qq-,2025-01-31T19:40:32.33,1,0.03,0.25,2.31,0.22,0.23,Reverse Holofoil,33/114,Common,Water,60,Basic,,"[W] Double Pincers (10x)
<br>Flip 2 coins. This attack does 10 damage times the number of heads.",Gx2,None,1,
121021,Clawitzer,Clawitzer,https://tcgplayer-cdn.tcgplayer.com/product/121021_200w.jpg,3,1815,https://cpt.tcgcsv.com/rq-,2025-11-20T22:18:41.67,1,0.07,0.28,1.49,0.27,,Normal,34/114,Rare,Water,100,Stage 1,"<b>Ability — Mega Boost</b>
<br>Once during your turn <em>(before your attack)</em>, you may attach a Special Energy card from your hand to 1 of your Mega Evolution Pokemon.",[2W] Crabhammer (60),Gx2,None,2,
121021,Clawitzer,Clawitzer,https://tcgplayer-cdn.tcgplayer.com/product/121021_200w.jpg,3,1815,https://cpt.tcgcsv.com/rq-,2025-11-20T22:18:41.67,1,0.15,0.4,3.75,0.36,,Reverse Holofoil,34/114,Rare,Water,100,Stage 1,"<b>Ability — Mega Boost</b>
<br>Once during your turn <em>(before your attack)</em>, you may attach a Special Energy card from your hand to 1 of your Mega Evolution Pokemon.",[2W] Crabhammer (60),Gx2,None,2,
121022,Clawitzer BREAK,Clawitzer BREAK,https://tcgplayer-cdn.tcgplayer.com/product/121022_200w.jpg,3,1815,https://cpt.tcgcsv.com/sq-,2026-02-17T22:53:52.443,1,1.0,2.81,11.16,2.82,2.87,Holofoil,35/114,Rare BREAK,Water,130,BREAK Evolution,"<em>Clawitzer BREAK retains the attacks, Abilities, Weakness, Resistance, and Retreat Cost of its previous Evolution.","[1] Lock-On
<br> The Defending Pokemon can't retreat during your opponent's next turn. During your next turn, if an attack does damage to the Defending Pokemon, that attack does 120 more damage.",None,None,0,
121125,Bergmite,Bergmite,https://tcgplayer-cdn.tcgplayer.com/product/121125_200w.jpg,3,1815,https://cpt.tcgcsv.com/ws-,2025-11-20T21:08:48.603,1,0.01,0.15,1.49,0.15,,Normal,36/114,Common,Water,70,Basic,,"[W] Ice Block
<br>Heal 30 damage from this Pokemon.",Mx2,None,2,[2] Icy Snow (20)
121125,Bergmite,Bergmite,https://tcgplayer-cdn.tcgplayer.com/product/121125_200w.jpg,3,1815,https://cpt.tcgcsv.com/ws-,2025-11-20T21:08:48.603,1,0.05,0.27,4.0,0.27,,Reverse Holofoil,36/114,Common,Water,70,Basic,,"[W] Ice Block
<br>Heal 30 damage from this Pokemon.",Mx2,None,2,[2] Icy Snow (20)
121126,Avalugg,Avalugg,https://tcgplayer-cdn.tcgplayer.com/product/121126_200w.jpg,3,1815,https://cpt.tcgcsv.com/xs-,2022-12-19T18:40:30.83,1,0.16,0.4,19.5,0.4,0.3,Normal,37/114,Rare,Water,120,Stage 1,,"[2] Crunch (30)
<br>Flip a coin. If heads, discard an Energy attached to your opponent's Active Pokemon.",Mx2,None,4,"[WWW] Melting Floe
<br>Discard the top 3 cards of your deck. For each Water Energy you discarded this way, discard the top 3 cards of your opponent's deck."
121126,Avalugg,Avalugg,https://tcgplayer-cdn.tcgplayer.com/product/121126_200w.jpg,3,1815,https://cpt.tcgcsv.com/xs-,2022-12-19T18:40:30.83,1,0.35,0.6,2.63,0.6,,Reverse Holofoil,37/114,Rare,Water,120,Stage 1,,"[2] Crunch (30)
<br>Flip a coin. If heads, discard an Energy attached to your opponent's Active Pokemon.",Mx2,None,4,"[WWW] Melting Floe
<br>Discard the top 3 cards of your deck. For each Water Energy you discarded this way, discard the top 3 cards of your opponent's deck."
121127,Mareep,Mareep,https://tcgplayer-cdn.tcgplayer.com/product/121127_200w.jpg,3,1815,https://cpt.tcgcsv.com/zs-,2025-11-20T22:23:18.26,1,0.02,0.23,19.5,0.25,0.09,Normal,38/114,Common,Lightning,60,Basic,,"[1] Thunder Wave
<br>Flip a coin. If heads, your opponent's Active Pokemon is now Paralyzed.",Fx2,M-20,1,[1L] Tackle (20)
121127,Mareep,Mareep,https://tcgplayer-cdn.tcgplayer.com/product/121127_200w.jpg,3,1815,https://cpt.tcgcsv.com/zs-,2025-11-20T22:23:18.26,1,0.18,0.33,5.0,0.34,0.28,Reverse Holofoil,38/114,Common,Lightning,60,Basic,,"[1] Thunder Wave
<br>Flip a coin. If heads, your opponent's Active Pokemon is now Paralyzed.",Fx2,M-20,1,[1L] Tackle (20)
121128,Flaaffy,Flaaffy,https://tcgplayer-cdn.tcgplayer.com/product/121128_200w.jpg,3,1815,https://cpt.tcgcsv.com/Bs-,2025-02-05T21:22:04.093,1,0.03,0.21,4.0,0.21,,Normal,39/114,Uncommon,Lightning,90,Stage 1,,[1] Ram (20),Fx2,M-20,2,"[1LL] Thunder Shock (50)
<br>Flip a coin. If heads, your opponent's Active Pokemon is now Paralyzed."
121128,Flaaffy,Flaaffy,https://tcgplayer-cdn.tcgplayer.com/product/121128_200w.jpg,3,1815,https://cpt.tcgcsv.com/Bs-,2025-02-05T21:22:04.093,1,0.22,0.41,2.47,0.41,0.41,Reverse Holofoil,39/114,Uncommon,Lightning,90,Stage 1,,[1] Ram (20),Fx2,M-20,2,"[1LL] Thunder Shock (50)
<br>Flip a coin. If heads, your opponent's Active Pokemon is now Paralyzed."
121129,Ampharos,Ampharos,https://tcgplayer-cdn.tcgplayer.com/product/121129_200w.jpg,3,1815,https://cpt.tcgcsv.com/Cs-,2025-02-05T21:22:04.14,1,0.25,0.68,2.55,0.73,,Holofoil,40/114,Holo Rare,Lightning,140,Stage 2,"<b>Ability — Shocking Light</b>
<br>Once during your turn <em>(before your attack)</em>, you may put 3 damage counters on 1 of your opponent's Pokemon EX.","[1LL] Gigavolt (80+)
<br>Flip a coin. If heads, this attack does 40 more damage. If tails, your opponent's Active Pokemon is now Paralyzed.",Fx2,M-20,2,
121129,Ampharos,Ampharos,https://tcgplayer-cdn.tcgplayer.com/product/121129_200w.jpg,3,1815,https://cpt.tcgcsv.com/Cs-,2025-02-05T21:22:04.14,1,0.56,0.99,2.69,1.08,,Reverse Holofoil,40/114,Holo Rare,Lightning,140,Stage 2,"<b>Ability — Shocking Light</b>
<br>Once during your turn <em>(before your attack)</em>, you may put 3 damage counters on 1 of your opponent's Pokemon EX.","[1LL] Gigavolt (80+)
<br>Flip a coin. If heads, this attack does 40 more damage. If tails, your opponent's Active Pokemon is now Paralyzed.",Fx2,M-20,2,
121130,Joltik,Joltik,https://tcgplayer-cdn.tcgplayer.com/product/121130_200w.jpg,3,1815,https://cpt.tcgcsv.com/Ds-,2025-11-21T18:55:36.35,1,0.01,0.2,4.0,0.24,0.1,Normal,41/114,Common,Lightning,30,Basic,,[L] Attach (10),Fx2,M-20,0,
121130,Joltik,Joltik,https://tcgplayer-cdn.tcgplayer.com/product/121130_200w.jpg,3,1815,https://cpt.tcgcsv.com/Ds-,2025-11-21T18:55:36.35,1,0.08,0.36,5.0,0.38,,Reverse Holofoil,41/114,Common,Lightning,30,Basic,,[L] Attach (10),Fx2,M-20,0,
121131,Galvantula,Galvantula,https://tcgplayer-cdn.tcgplayer.com/product/121131_200w.jpg,3,1815,https://cpt.tcgcsv.com/Fs-,2022-12-19T19:19:57.263,1,0.25,0.49,4.0,0.49,,Normal,42/114,Rare,Lightning Grass,90,Stage 1,,"[1] Double Thread
<br>This attack does 30 damage to 2 of your opponent's Pokemon. Also apply Weakness and Resistance for Benched Pokemon.",Fx2,M-20,1,"[L] Electroweb (30)
<br>The Defending Pokemon can't retreat during your opponent's next turn."
121131,Galvantula,Galvantula,https://tcgplayer-cdn.tcgplayer.com/product/121131_200w.jpg,3,1815,https://cpt.tcgcsv.com/Fs-,2022-12-19T19:19:57.263,1,0.5,1.27,3.59,1.31,,Reverse Holofoil,42/114,Rare,Lightning Grass,90,Stage 1,,"[1] Double Thread
<br>This attack does 30 damage to 2 of your opponent's Pokemon. Also apply Weakness and Resistance for Benched Pokemon.",Fx2,M-20,1,"[L] Electroweb (30)
<br>The Defending Pokemon can't retreat during your opponent's next turn."
121132,Nidoran M,Nidoran M,https://tcgplayer-cdn.tcgplayer.com/product/121132_200w.jpg,3,1815,https://cpt.tcgcsv.com/Gs-,2025-11-20T22:24:06.923,1,0.05,0.21,4.0,0.22,0.18,Normal,43/114,Common,Psychic,60,Basic,,"[1] Come Along
<br>Search your deck for Nidoran F and put it onto your bench. Shuffle your deck afterward.",Px2,None,1,[1P] Peck (20)
121132,Nidoran M,Nidoran M,https://tcgplayer-cdn.tcgplayer.com/product/121132_200w.jpg,3,1815,https://cpt.tcgcsv.com/Gs-,2025-11-20T22:24:06.923,1,0.17,0.4,2.47,0.43,,Reverse Holofoil,43/114,Common,Psychic,60,Basic,,"[1] Come Along
<br>Search your deck for Nidoran F and put it onto your bench. Shuffle your deck afterward.",Px2,None,1,[1P] Peck (20)
121133,Nidorino,Nidorino,https://tcgplayer-cdn.tcgplayer.com/product/121133_200w.jpg,3,1815,https://cpt.tcgcsv.com/Hs-,2025-02-05T21:22:04.263,1,0.01,0.2,4.0,0.19,,Normal,44/114,Uncommon,Psychic,80,Stage 1,,[1P] Peck (20),Px2,None,2,"[1PP] Nido Press (40+)
<br>If Nidorina is on your Bench, this attack does 40 more damage."
121133,Nidorino,Nidorino,https://tcgplayer-cdn.tcgplayer.com/product/121133_200w.jpg,3,1815,https://cpt.tcgcsv.com/Hs-,2025-02-05T21:22:04.263,1,0.18,0.53,1.59,0.54,,Reverse Holofoil,44/114,Uncommon,Psychic,80,Stage 1,,[1P] Peck (20),Px2,None,2,"[1PP] Nido Press (40+)
<br>If Nidorina is on your Bench, this attack does 40 more damage."
121134,Nidoking,Nidoking,https://tcgplayer-cdn.tcgplayer.com/product/121134_200w.jpg,3,1815,https://cpt.tcgcsv.com/Js-,2025-02-05T21:22:04.31,1,0.37,0.6,4321.0,0.58,,Normal,45/114,Rare,Psychic,150,Stage 2,"<b>Ability — King's Palace</b>
<br>Your Nidoqueen's attacks do 20 more damage to your opponent's Active Pokemon <em>(before applying Weakness and Resistance)</em>.","[1PP] Power Lariat (60+)
<br>This attack does 30 more damage for each Evolution Pokemon on your Bench.",Px2,None,4,
121134,Nidoking,Nidoking,https://tcgplayer-cdn.tcgplayer.com/product/121134_200w.jpg,3,1815,https://cpt.tcgcsv.com/Js-,2025-02-05T21:22:04.31,1,0.87,2.41,5.19,2.41,,Reverse Holofoil,45/114,Rare,Psychic,150,Stage 2,"<b>Ability — King's Palace</b>
<br>Your Nidoqueen's attacks do 20 more damage to your opponent's Active Pokemon <em>(before applying Weakness and Resistance)</em>.","[1PP] Power Lariat (60+)
<br>This attack does 30 more damage for each Evolution Pokemon on your Bench.",Px2,None,4,
121135,Drifloon,Drifloon,https://tcgplayer-cdn.tcgplayer.com/product/121135_200w.jpg,3,1815,https://cpt.tcgcsv.com/Ks-,2025-02-05T21:22:04.37,1,0.01,0.2,4.0,0.23,,Normal,46/114,Common,Psychic,60,Basic,,"[1] Transfer Pain
<br>Move 1 damage counter from 1 of your Pokemon to 1 of your opponent's Pokemon.",Dx2,F-20,1,
121135,Drifloon,Drifloon,https://tcgplayer-cdn.tcgplayer.com/product/121135_200w.jpg,3,1815,https://cpt.tcgcsv.com/Ks-,2025-02-05T21:22:04.37,1,0.04,0.29,4.0,0.27,,Reverse Holofoil,46/114,Common,Psychic,60,Basic,,"[1] Transfer Pain
<br>Move 1 damage counter from 1 of your Pokemon to 1 of your opponent's Pokemon.",Dx2,F-20,1,
121136,Drifblim,Drifblim,https://tcgplayer-cdn.tcgplayer.com/product/121136_200w.jpg,3,1815,https://cpt.tcgcsv.com/Ls-,2026-03-09T14:03:23.333,1,0.01,0.18,5.0,0.17,0.1,Normal,47/114,Uncommon,Psychic,100,Stage 1,,"[2] Eerie Wave (30)
<br>Your opponent's Active Pokemon is now Confused.",Dx2,F-20,1,"[PP] Burst Curse
<br>Discard 2 Energy attached to this Pokemon. Put 8 damage counters on your opponent's Pokemon in any way you like."
121136,Drifblim,Drifblim,https://tcgplayer-cdn.tcgplayer.com/product/121136_200w.jpg,3,1815,https://cpt.tcgcsv.com/Ls-,2026-03-09T14:03:23.333,1,0.15,0.39,2.39,0.35,,Reverse Holofoil,47/114,Uncommon,Psychic,100,Stage 1,,"[2] Eerie Wave (30)
<br>Your opponent's Active Pokemon is now Confused.",Dx2,F-20,1,"[PP] Burst Curse
<br>Discard 2 Energy attached to this Pokemon. Put 8 damage counters on your opponent's Pokemon in any way you like."
121137,Litwick,Litwick,https://tcgplayer-cdn.tcgplayer.com/product/121137_200w.jpg,3,1815,https://cpt.tcgcsv.com/Ms-,2026-01-02T22:53:19.307,1,0.03,0.16,19.5,0.13,0.09,Normal,48/114,Common,Psychic,50,Basic,,"[1] Slightly Simmer
<br>Search your deck for up to 2 cards and discard them. Shuffle your deck afterward.",Dx2,F-20,1,
121137,Litwick,Litwick,https://tcgplayer-cdn.tcgplayer.com/product/121137_200w.jpg,3,1815,https://cpt.tcgcsv.com/Ms-,2026-01-02T22:53:19.307,1,0.08,0.35,4.0,0.35,,Reverse Holofoil,48/114,Common,Psychic,50,Basic,,"[1] Slightly Simmer
<br>Search your deck for up to 2 cards and discard them. Shuffle your deck afterward.",Dx2,F-20,1,
121138,Lampent,Lampent,https://tcgplayer-cdn.tcgplayer.com/product/121138_200w.jpg,3,1815,https://cpt.tcgcsv.com/Ns-,2025-11-20T22:21:29.833,1,0.01,0.19,19.5,0.17,0.09,Normal,49/114,Uncommon,Psychic,80,Stage 1,,"[1] Mirror Mirror
<br>Each player either draws or discards until that player has 4 cards in his or her hand. <i>(Your opponent does this first.)</i>",Dx2,F-20,1,"[1P] Flickering Flames (20)
<br>Your opponent's Active Pokemon is now Asleep."
121138,Lampent,Lampent,https://tcgplayer-cdn.tcgplayer.com/product/121138_200w.jpg,3,1815,https://cpt.tcgcsv.com/Ns-,2025-11-20T22:21:29.833,1,0.07,0.43,2.47,0.43,,Reverse Holofoil,49/114,Uncommon,Psychic,80,Stage 1,,"[1] Mirror Mirror
<br>Each player either draws or discards until that player has 4 cards in his or her hand. <i>(Your opponent does this first.)</i>",Dx2,F-20,1,"[1P] Flickering Flames (20)
<br>Your opponent's Active Pokemon is now Asleep."
121139,Chandelure,Chandelure,https://tcgplayer-cdn.tcgplayer.com/product/121139_200w.jpg,3,1815,https://cpt.tcgcsv.com/Ps-,2022-12-19T19:21:58.627,1,0.2,0.73,5.39,0.75,0.73,Holofoil,50/114,Holo Rare,Psychic,130,Stage 2,"<b>Ability — Sinister Selection</b>
<br>Once during your turn <em>(before your attack)</em>, you may look at the top 2 cards of your deck and put 1 of them into your hand. Discard the other card.","[1P] Past Friends (10+)
<br>This attack does 10 more damage for each Supporter card in your discard pile.",Dx2,F-20,2,
121139,Chandelure,Chandelure,https://tcgplayer-cdn.tcgplayer.com/product/121139_200w.jpg,3,1815,https://cpt.tcgcsv.com/Ps-,2022-12-19T19:21:58.627,1,0.36,1.27,5.97,1.28,,Reverse Holofoil,50/114,Holo Rare,Psychic,130,Stage 2,"<b>Ability — Sinister Selection</b>
<br>Once during your turn <em>(before your attack)</em>, you may look at the top 2 cards of your deck and put 1 of them into your hand. Discard the other card.","[1P] Past Friends (10+)
<br>This attack does 10 more damage for each Supporter card in your discard pile.",Dx2,F-20,2,
121140,Hoopa,Hoopa,https://tcgplayer-cdn.tcgplayer.com/product/121140_200w.jpg,3,1815,https://cpt.tcgcsv.com/Qs-,2026-03-10T16:36:31.223,1,0.12,0.36,4.0,0.31,,Normal,51/114,Rare,Psychic,130,Basic,,"[1] Hyperspace Punch
<br>This attack does 20 damage to 2 of your opponent's Pokemon. <i>(Don't apply Weakness and Resistance for Benched Pokemon.)</i>",Px2,None,2,"[PPP] Portal Strike (130)
<br>This Pokemon can't use Portal Strike during your next turn."
121140,Hoopa,Hoopa,https://tcgplayer-cdn.tcgplayer.com/product/121140_200w.jpg,3,1815,https://cpt.tcgcsv.com/Qs-,2026-03-10T16:36:31.223,1,0.16,0.57,5.0,0.57,0.16,Reverse Holofoil,51/114,Rare,Psychic,130,Basic,,"[1] Hyperspace Punch
<br>This attack does 20 damage to 2 of your opponent's Pokemon. <i>(Don't apply Weakness and Resistance for Benched Pokemon.)</i>",Px2,None,2,"[PPP] Portal Strike (130)
<br>This Pokemon can't use Portal Strike during your next turn."
121141,Mankey,Mankey,https://tcgplayer-cdn.tcgplayer.com/product/121141_200w.jpg,3,1815,https://cpt.tcgcsv.com/Rs-,2026-03-09T14:04:29.843,1,0.01,0.17,19.5,0.16,0.1,Normal,52/114,Common,Fighting,60,Basic,,"[1] Focus Energy 
<br>During your next turn, this Pokemon's Flop attack's base damage is 50.",Px2,None,1,[F] Flop (10)
121141,Mankey,Mankey,https://tcgplayer-cdn.tcgplayer.com/product/121141_200w.jpg,3,1815,https://cpt.tcgcsv.com/Rs-,2026-03-09T14:04:29.843,1,0.05,0.32,2.39,0.32,,Reverse Holofoil,52/114,Common,Fighting,60,Basic,,"[1] Focus Energy 
<br>During your next turn, this Pokemon's Flop attack's base damage is 50.",Px2,None,1,[F] Flop (10)
121183,Primeape,Primeape,https://tcgplayer-cdn.tcgplayer.com/product/121183_200w.jpg,3,1815,https://cpt.tcgcsv.com/Ht-,2022-12-19T19:22:27.177,1,0.15,0.25,4.0,0.25,,Normal,53/114,Rare,Fighting,90,Stage 1,,"[1] Swagger (20)
<br>Flip a coin. If heads, discard an Energy attached to your opponent's Active Pokemon.",Px2,None,1,"[FF] Spirited Throw (30+)
<br>If, before doing damage, your opponent's Active Pokemon has more remaining HP than this Pokemon, this attack does 60 more damage."
121183,Primeape,Primeape,https://tcgplayer-cdn.tcgplayer.com/product/121183_200w.jpg,3,1815,https://cpt.tcgcsv.com/Ht-,2022-12-19T19:22:27.177,1,0.23,0.54,55.0,0.53,,Reverse Holofoil,53/114,Rare,Fighting,90,Stage 1,,"[1] Swagger (20)
<br>Flip a coin. If heads, discard an Energy attached to your opponent's Active Pokemon.",Px2,None,1,"[FF] Spirited Throw (30+)
<br>If, before doing damage, your opponent's Active Pokemon has more remaining HP than this Pokemon, this attack does 60 more damage."
121184,Nosepass,Nosepass,https://tcgplayer-cdn.tcgplayer.com/product/121184_200w.jpg,3,1815,https://cpt.tcgcsv.com/Jt-,2025-11-20T22:26:57.08,1,0.01,0.15,4.0,0.11,,Normal,54/114,Common,Fighting,70,Basic,,"[1] Thunder Wave
<br>Flip a coin. If heads, your opponent's Active Pokemon is now Paralyzed.",Gx2,None,2,[2F] Rolling Tackle (40)
121184,Nosepass,Nosepass,https://tcgplayer-cdn.tcgplayer.com/product/121184_200w.jpg,3,1815,https://cpt.tcgcsv.com/Jt-,2025-11-20T22:26:57.08,1,0.1,0.48,2.47,0.48,,Reverse Holofoil,54/114,Common,Fighting,70,Basic,,"[1] Thunder Wave
<br>Flip a coin. If heads, your opponent's Active Pokemon is now Paralyzed.",Gx2,None,2,[2F] Rolling Tackle (40)
121185,Probopass,Probopass,https://tcgplayer-cdn.tcgplayer.com/product/121185_200w.jpg,3,1815,https://cpt.tcgcsv.com/Kt-,2022-12-19T19:22:47.357,1,0.09,0.25,4.0,0.19,,Normal,55/114,Rare,Fighting,120,Stage 1,,"[F] Bounce Back (40)
<br>Your opponent switches his or her Active Pokemon with 1 of his or her benched Pokemon.",Gx2,None,4,"[2F] Rock Tomb (80)
<br>The Defending Pokemon can't retreat during your opponent's next turn."
121185,Probopass,Probopass,https://tcgplayer-cdn.tcgplayer.com/product/121185_200w.jpg,3,1815,https://cpt.tcgcsv.com/Kt-,2022-12-19T19:22:47.357,1,0.21,0.4,2.99,0.38,0.24,Reverse Holofoil,55/114,Rare,Fighting,120,Stage 1,,"[F] Bounce Back (40)
<br>Your opponent switches his or her Active Pokemon with 1 of his or her benched Pokemon.",Gx2,None,4,"[2F] Rock Tomb (80)
<br>The Defending Pokemon can't retreat during your opponent's next turn."
121186,Anorith,Anorith,https://tcgplayer-cdn.tcgplayer.com/product/121186_200w.jpg,3,1815,https://cpt.tcgcsv.com/Lt-,2025-12-09T05:00:18.46,1,0.03,0.19,4.0,0.16,,Normal,56/114,Uncommon,Fighting,80,Restored,"<b>Ability — Restored Barrier</b>
<br>Each of your Restored Pokemon has no Weakness.","[1] X-Scissor (20+)
<br>Flip a coin. If heads, this attack does 20 more damage.",Gx2,None,1,
121186,Anorith,Anorith,https://tcgplayer-cdn.tcgplayer.com/product/121186_200w.jpg,3,1815,https://cpt.tcgcsv.com/Lt-,2025-12-09T05:00:18.46,1,0.2,0.5,1.86,0.66,,Reverse Holofoil,56/114,Uncommon,Fighting,80,Restored,"<b>Ability — Restored Barrier</b>
<br>Each of your Restored Pokemon has no Weakness.","[1] X-Scissor (20+)
<br>Flip a coin. If heads, this attack does 20 more damage.",Gx2,None,1,
121187,Armaldo,Armaldo,https://tcgplayer-cdn.tcgplayer.com/product/121187_200w.jpg,3,1815,https://cpt.tcgcsv.com/Mt-,2025-10-10T20:46:40.02,1,0.13,0.3,4.0,0.28,,Normal,57/114,Rare,Fighting,150,Stage 1,,"[1] Rushing Water (40)
<br>Move an Energy from your opponent's Active Pokemon to 1 of his or her Benched Pokemon.",Gx2,None,2,"[2F] Guard Claw (100)
<br>During your opponent's next turn, any damage done to this Pokemon by attacks is reduced by 30 <i>(after applying Weakness and Resistance)</i>."
121187,Armaldo,Armaldo,https://tcgplayer-cdn.tcgplayer.com/product/121187_200w.jpg,3,1815,https://cpt.tcgcsv.com/Mt-,2025-10-10T20:46:40.02,1,0.27,0.57,2.55,0.54,,Reverse Holofoil,57/114,Rare,Fighting,150,Stage 1,,"[1] Rushing Water (40)
<br>Move an Energy from your opponent's Active Pokemon to 1 of his or her Benched Pokemon.",Gx2,None,2,"[2F] Guard Claw (100)
<br>During your opponent's next turn, any damage done to this Pokemon by attacks is reduced by 30 <i>(after applying Weakness and Resistance)</i>."
121188,Croagunk,Croagunk,https://tcgplayer-cdn.tcgplayer.com/product/121188_200w.jpg,3,1815,https://cpt.tcgcsv.com/Nt-,2025-10-10T20:47:12.133,1,0.02,0.15,19.5,0.11,0.04,Normal,58/114,Common,Fighting,60,Basic,,"[1] Poison Up
<br>If the Defending Pokemon is Poisoned, put 3 more damage counters on that Pokemon in between turns. This effect can be applied more than once.",Px2,None,1,
121188,Croagunk,Croagunk,https://tcgplayer-cdn.tcgplayer.com/product/121188_200w.jpg,3,1815,https://cpt.tcgcsv.com/Nt-,2025-10-10T20:47:12.133,1,0.08,0.27,5.0,0.27,,Reverse Holofoil,58/114,Common,Fighting,60,Basic,,"[1] Poison Up
<br>If the Defending Pokemon is Poisoned, put 3 more damage counters on that Pokemon in between turns. This effect can be applied more than once.",Px2,None,1,
121189,Toxicroak,Toxicroak,https://tcgplayer-cdn.tcgplayer.com/product/121189_200w.jpg,3,1815,https://cpt.tcgcsv.com/Pt-,2022-12-19T19:23:27.37,1,0.07,0.25,1.49,0.24,,Normal,59/114,Rare,Fighting,90,Stage 1,"<b>Ability — Poison Enzyme</b>
<br>Prevent all damage done to this Pokemon by attacks from your opponent's Poisoned Pokemon.","[1F] Poison Jab (50)
<br>Flip a coin. If heads, your opponent's Active Pokemon is now Poisoned.",Px2,None,2,
121189,Toxicroak,Toxicroak,https://tcgplayer-cdn.tcgplayer.com/product/121189_200w.jpg,3,1815,https://cpt.tcgcsv.com/Pt-,2022-12-19T19:23:27.37,1,0.13,0.5,2.55,0.43,,Reverse Holofoil,59/114,Rare,Fighting,90,Stage 1,"<b>Ability — Poison Enzyme</b>
<br>Prevent all damage done to this Pokemon by attacks from your opponent's Poisoned Pokemon.","[1F] Poison Jab (50)
<br>Flip a coin. If heads, your opponent's Active Pokemon is now Poisoned.",Px2,None,2,
121190,Sneasel,Sneasel,https://tcgplayer-cdn.tcgplayer.com/product/121190_200w.jpg,3,1815,https://cpt.tcgcsv.com/Qt-,2026-03-09T14:06:54.837,1,0.01,0.19,5.0,0.13,0.07,Normal,60/114,Common,Darkness,60,Basic,,"[D] Nyan Roll (10)
<br>Flip a coin. If heads, prevent all effects of attacks, including damage, done to this Pokemon during your opponent's next turn.",Fx2,P-20,1,
121190,Sneasel,Sneasel,https://tcgplayer-cdn.tcgplayer.com/product/121190_200w.jpg,3,1815,https://cpt.tcgcsv.com/Qt-,2026-03-09T14:06:54.837,1,0.07,0.32,2.39,0.33,,Reverse Holofoil,60/114,Common,Darkness,60,Basic,,"[D] Nyan Roll (10)
<br>Flip a coin. If heads, prevent all effects of attacks, including damage, done to this Pokemon during your opponent's next turn.",Fx2,P-20,1,
121191,Weavile,Weavile,https://tcgplayer-cdn.tcgplayer.com/product/121191_200w.jpg,3,1815,https://cpt.tcgcsv.com/Rt-,2022-12-19T19:25:03.157,1,0.05,0.31,1.54,0.32,0.24,Normal,61/114,Rare,Darkness,90,Stage 1,"<b>Ability — Tear Away</b>
<br>As often as you like during your turn <em>(before your attack)</em>, you may put a Pokemon Tool card attached to 1 of your Pokemon into your hand.",[1D] Slash (40),Fx2,P-20,1,
121191,Weavile,Weavile,https://tcgplayer-cdn.tcgplayer.com/product/121191_200w.jpg,3,1815,https://cpt.tcgcsv.com/Rt-,2022-12-19T19:25:03.157,1,0.2,0.57,2.63,0.57,0.5,Reverse Holofoil,61/114,Rare,Darkness,90,Stage 1,"<b>Ability — Tear Away</b>
<br>As often as you like during your turn <em>(before your attack)</em>, you may put a Pokemon Tool card attached to 1 of your Pokemon into your hand.",[1D] Slash (40),Fx2,P-20,1,
121192,Spiritomb,Spiritomb,https://tcgplayer-cdn.tcgplayer.com/product/121192_200w.jpg,3,1815,https://cpt.tcgcsv.com/St-,2025-02-05T21:22:04.973,1,0.1,0.27,4.0,0.29,,Normal,62/114,Rare,Darkness,70,Basic,,"[D] Nightmare (10)
<br>Your opponent's Active Pokemon is now Asleep.",None,None,1,"[1D] Damage Play
<br>Move as many damage counters on your opponent's Active Pokemon as you like to any of your opponent's other Pokemon in any way you like."
121192,Spiritomb,Spiritomb,https://tcgplayer-cdn.tcgplayer.com/product/121192_200w.jpg,3,1815,https://cpt.tcgcsv.com/St-,2025-02-05T21:22:04.973,1,0.2,0.52,2.95,0.52,,Reverse Holofoil,62/114,Rare,Darkness,70,Basic,,"[D] Nightmare (10)
<br>Your opponent's Active Pokemon is now Asleep.",None,None,1,"[1D] Damage Play
<br>Move as many damage counters on your opponent's Active Pokemon as you like to any of your opponent's other Pokemon in any way you like."
121193,Pawniard,Pawniard,https://tcgplayer-cdn.tcgplayer.com/product/121193_200w.jpg,3,1815,https://cpt.tcgcsv.com/Tt-,2025-11-20T22:27:29.167,1,0.01,0.15,19.5,0.09,0.04,Normal,63/114,Common,Darkness,60,Basic,,"[1] Charge Order (10x)
<br>This attack does 10 damage times the number of your Pawniard.",Fx2,P-20,1,
121193,Pawniard,Pawniard,https://tcgplayer-cdn.tcgplayer.com/product/121193_200w.jpg,3,1815,https://cpt.tcgcsv.com/Tt-,2025-11-20T22:27:29.167,1,0.1,0.31,1.58,0.32,,Reverse Holofoil,63/114,Common,Darkness,60,Basic,,"[1] Charge Order (10x)
<br>This attack does 10 damage times the number of your Pawniard.",Fx2,P-20,1,
121194,Yveltal,Yveltal,https://tcgplayer-cdn.tcgplayer.com/product/121194_200w.jpg,3,1815,https://cpt.tcgcsv.com/Vt-,2026-02-09T15:06:22.48,1,0.09,0.5,5.0,0.49,0.5,Holofoil,65/114,Holo Rare,Darkness,130,Basic,,"[D] Oblivion Wing (30)
<br>Attach a Darkness Energy card from your discard pile to 1 of your Benched Pokemon.",Lx2,F-20,2,"[1DD] Darkness Blade (100)
<br>Flip a coin. If tails, this Pokemon can't attack during your next turn."
121194,Yveltal,Yveltal,https://tcgplayer-cdn.tcgplayer.com/product/121194_200w.jpg,3,1815,https://cpt.tcgcsv.com/Vt-,2026-02-09T15:06:22.48,1,0.35,0.61,3.0,0.61,,Reverse Holofoil,65/114,Holo Rare,Darkness,130,Basic,,"[D] Oblivion Wing (30)
<br>Attach a Darkness Energy card from your discard pile to 1 of your Benched Pokemon.",Lx2,F-20,2,"[1DD] Darkness Blade (100)
<br>Flip a coin. If tails, this Pokemon can't attack during your next turn."
121195,Yveltal BREAK,Yveltal BREAK,https://tcgplayer-cdn.tcgplayer.com/product/121195_200w.jpg,3,1815,https://cpt.tcgcsv.com/Wt-,2023-11-15T10:54:25.743,1,3.48,5.9,14.0,5.45,,Holofoil,66/114,Rare BREAK,Darkness,150,BREAK Evolution,"<em>Yveltal BREAK retains the attacks, Abilities, Weakness, Resistance, and Retreat Cost of its previous Evolution.</em>","[DDD] Baleful Night (120)
<br>This attack does 30 damage to each of your opponent's Benched Pokemon that has any damage counters on it. <i>(Don't apply Weakness and Resistance for Benched Pokemon.)</i>",None,None,0,
121196,Steelix EX,Steelix EX,https://tcgplayer-cdn.tcgplayer.com/product/121196_200w.jpg,3,1815,https://cpt.tcgcsv.com/Xt-,2026-01-29T17:51:09.417,1,1.25,1.99,7.14,1.93,,Holofoil,67/114,Ultra Rare,Metal,180,Basic,,"[3M] Wild Edge (80+)
<br>You may do 50 more damage. If you do, this Pokemon does 20 damage to itself.",Rx2,P-20,4,"[4M] Iron Tail (100x)
<br>Flip a coin until you get tails. This attack does 100 damage times the number of heads."
121197,M Steelix EX,M Steelix EX,https://tcgplayer-cdn.tcgplayer.com/product/121197_200w.jpg,3,1815,https://cpt.tcgcsv.com/Zt-,2026-01-14T17:37:01.27,1,4.0,10.14,96.95,10.29,7.6,Holofoil,68/114,Ultra Rare,Metal,240,Mega Evolution,,"[4M] Canyon Axe (160)
<br>This attack does 10 damage to each of your opponent's Benched Pokemon. <i>(Don't apply Weakness and Resistance for Benched Pokemon.)</i>",Rx2,P-20,4,
121198,Shieldon,Shieldon,https://tcgplayer-cdn.tcgplayer.com/product/121198_200w.jpg,3,1815,https://cpt.tcgcsv.com/-t-,2026-01-02T22:53:57.27,1,0.03,0.23,19.5,0.23,0.13,Normal,69/114,Uncommon,Metal,90,Restored,,"[2] Rock Head (20)
<br>During your opponent's next turn, any damage done to this Pokemon by attacks is reduced by 20 <i>(after applying Weakness and Resistance).</i>",Rx2,P-20,2,[2M] Hammer In (60)
121198,Shieldon,Shieldon,https://tcgplayer-cdn.tcgplayer.com/product/121198_200w.jpg,3,1815,https://cpt.tcgcsv.com/-t-,2026-01-02T22:53:57.27,1,0.25,0.41,4.0,0.41,,Reverse Holofoil,69/114,Uncommon,Metal,90,Restored,,"[2] Rock Head (20)
<br>During your opponent's next turn, any damage done to this Pokemon by attacks is reduced by 20 <i>(after applying Weakness and Resistance).</i>",Rx2,P-20,2,[2M] Hammer In (60)
121199,Bastiodon,Bastiodon,https://tcgplayer-cdn.tcgplayer.com/product/121199_200w.jpg,3,1815,https://cpt.tcgcsv.com/_t-,2022-12-19T19:26:21.693,1,0.07,0.33,3.5,0.3,,Normal,70/114,Rare,Metal,150,Stage 1,,"[2] Counter Head
<br>During your opponent's next turn, if this Pokemon is damaged by an attack <i>(even if this Pokemon is Knocked Out)</i>, put damage counters on the attacking Pokemon equal to the damage done to this Pokemon.",Rx2,P-20,4,"[2MM] Fortress of Rage (100+)
<br>This attack does 10 more damage for each of your Benched Pokemon that has any damage counters on it."
121199,Bastiodon,Bastiodon,https://tcgplayer-cdn.tcgplayer.com/product/121199_200w.jpg,3,1815,https://cpt.tcgcsv.com/_t-,2022-12-19T19:26:21.693,1,0.25,0.53,35.0,0.48,,Reverse Holofoil,70/114,Rare,Metal,150,Stage 1,,"[2] Counter Head
<br>During your opponent's next turn, if this Pokemon is damaged by an attack <i>(even if this Pokemon is Knocked Out)</i>, put damage counters on the attacking Pokemon equal to the damage done to this Pokemon.",Rx2,P-20,4,"[2MM] Fortress of Rage (100+)
<br>This attack does 10 more damage for each of your Benched Pokemon that has any damage counters on it."
121200,Klink,Klink,https://tcgplayer-cdn.tcgplayer.com/product/121200_200w.jpg,3,1815,https://cpt.tcgcsv.com/0v-,2026-01-02T22:52:47.64,1,0.01,0.15,19.5,0.14,0.09,Normal,71/114,Common,Metal,50,Basic,,"[M] Disorderly Flip (10x)
<br>Flip 4 coins. This attack does 10 damage times the number of heads.",Rx2,P-20,2,
121200,Klink,Klink,https://tcgplayer-cdn.tcgplayer.com/product/121200_200w.jpg,3,1815,https://cpt.tcgcsv.com/0v-,2026-01-02T22:52:47.64,1,0.1,0.26,2.39,0.26,0.19,Reverse Holofoil,71/114,Common,Metal,50,Basic,,"[M] Disorderly Flip (10x)
<br>Flip 4 coins. This attack does 10 damage times the number of heads.",Rx2,P-20,2,
121201,Klang,Klang,https://tcgplayer-cdn.tcgplayer.com/product/121201_200w.jpg,3,1815,https://cpt.tcgcsv.com/2v-,2025-02-05T21:22:05.083,1,0.01,0.15,4.0,0.14,,Normal,72/114,Uncommon,Metal,80,Stage 1,,[1M] Vice Grip (30),Rx2,P-20,2,"[1MM] Disorderly Flip (30x)
<br>Flip 4 coins. This attack does 30 damage times the number of heads."
121201,Klang,Klang,https://tcgplayer-cdn.tcgplayer.com/product/121201_200w.jpg,3,1815,https://cpt.tcgcsv.com/2v-,2025-02-05T21:22:05.083,1,0.2,0.35,2.33,0.31,0.28,Reverse Holofoil,72/114,Uncommon,Metal,80,Stage 1,,[1M] Vice Grip (30),Rx2,P-20,2,"[1MM] Disorderly Flip (30x)
<br>Flip 4 coins. This attack does 30 damage times the number of heads."
121202,Klinklang,Klinklang,https://tcgplayer-cdn.tcgplayer.com/product/121202_200w.jpg,3,1815,https://cpt.tcgcsv.com/3v-,2025-11-20T22:21:00.31,1,0.1,0.3,4.0,0.27,0.18,Holofoil,73/114,Holo Rare,Metal,140,Stage 2,"<b>Ability — Heavy Bumper</b>
<br>Any damage done to this Pokemon by an opponent's attack is reduced by 10 for each Colorless in your opponent's Active Pokemon's Retreat Cost <em>(after applying Weakness and Resistance)</em>.","[1MM] Gear Spinner (70)
<br>During your next turn, this Pokemon's Gear Spinner does 70 more damage <i>(before applying Weakness and Resistance)</i>.",Rx2,P-20,3,
121202,Klinklang,Klinklang,https://tcgplayer-cdn.tcgplayer.com/product/121202_200w.jpg,3,1815,https://cpt.tcgcsv.com/3v-,2025-11-20T22:21:00.31,1,0.13,0.4,5.39,0.38,,Reverse Holofoil,73/114,Holo Rare,Metal,140,Stage 2,"<b>Ability — Heavy Bumper</b>
<br>Any damage done to this Pokemon by an opponent's attack is reduced by 10 for each Colorless in your opponent's Active Pokemon's Retreat Cost <em>(after applying Weakness and Resistance)</em>.","[1MM] Gear Spinner (70)
<br>During your next turn, this Pokemon's Gear Spinner does 70 more damage <i>(before applying Weakness and Resistance)</i>.",Rx2,P-20,3,
121203,Cobalion,Cobalion,https://tcgplayer-cdn.tcgplayer.com/product/121203_200w.jpg,3,1815,https://cpt.tcgcsv.com/5v-,2025-11-20T22:19:04.553,1,0.19,0.4,4.0,0.36,,Normal,74/114,Rare,Metal,120,Basic,,"[M] Quick Guard
<br>Prevent all damage done to this Pokemon by attacks from Basic Pokemon during your opponent's next turn. This Pokemon can't use Quick Guard during your next turn.",Rx2,P-20,2,"[MM] Revenge Blast (30+)
<br>This attack does 30 more damage for each Prize card your opponent has taken."
121203,Cobalion,Cobalion,https://tcgplayer-cdn.tcgplayer.com/product/121203_200w.jpg,3,1815,https://cpt.tcgcsv.com/5v-,2025-11-20T22:19:04.553,1,0.4,0.66,2.99,0.67,,Reverse Holofoil,74/114,Rare,Metal,120,Basic,,"[M] Quick Guard
<br>Prevent all damage done to this Pokemon by attacks from Basic Pokemon during your opponent's next turn. This Pokemon can't use Quick Guard during your next turn.",Rx2,P-20,2,"[MM] Revenge Blast (30+)
<br>This attack does 30 more damage for each Prize card your opponent has taken."
121204,Magearna EX,Magearna EX,https://tcgplayer-cdn.tcgplayer.com/product/121204_200w.jpg,3,1815,https://cpt.tcgcsv.com/6v-,2022-12-19T19:27:01.55,1,0.75,1.7,5.99,1.43,,Holofoil,75/114,Ultra Rare,Metal,160,Basic,"<b>Ability — Mystic Heart</b>
<br>Prevent all effects of your opponent's attacks, except damage, done to each of your Pokemon that has any Metal Energy attached to it. <em>(Existing effects are not removed.)</em>","[2M] Soul Blaster (120)
<br>During your next turn, this Pokemon's Soul Blaster attack's base damage is 60.",Rx2,P-20,1,
121205,Marill,Marill,https://tcgplayer-cdn.tcgplayer.com/product/121205_200w.jpg,3,1815,https://cpt.tcgcsv.com/7v-,2025-12-29T21:03:12.277,1,0.03,0.25,19.5,0.26,0.15,Normal,76/114,Common,Fairy,60,Basic,,"[Y] Bubble Drain (10)
<br>Heal 10 damage from this Pokemon.",Mx2,D-20,1,
121205,Marill,Marill,https://tcgplayer-cdn.tcgplayer.com/product/121205_200w.jpg,3,1815,https://cpt.tcgcsv.com/7v-,2025-12-29T21:03:12.277,1,0.25,0.58,5.0,0.65,,Reverse Holofoil,76/114,Common,Fairy,60,Basic,,"[Y] Bubble Drain (10)
<br>Heal 10 damage from this Pokemon.",Mx2,D-20,1,
121206,Klefki,Klefki,https://tcgplayer-cdn.tcgplayer.com/product/121206_200w.jpg,3,1815,https://cpt.tcgcsv.com/8v-,2025-02-05T21:22:05.24,1,0.02,0.24,3.5,0.24,,Normal,80/114,Uncommon,Fairy,70,Basic,"<b>Ability — Wonder Lock</b>
<br> Once during your turn <em>(before your attack)</em>, if this Pokemon is on your Bench, you may discard all cards attached to this Pokemon and attach it to 1 of your Pokemon as a Pokemon Tool card. Prevent any damage done to the Pokemon this card is attached to by attacks from your opponent's Mega Evolution Pokemon. If this card is attached to a Pokemon, discard this card at the end of your opponent's turn.",[1Y] Fairy Wind (30),Mx2,D-20,1,
121206,Klefki,Klefki,https://tcgplayer-cdn.tcgplayer.com/product/121206_200w.jpg,3,1815,https://cpt.tcgcsv.com/8v-,2025-02-05T21:22:05.24,1,0.25,0.58,2.95,0.67,,Reverse Holofoil,80/114,Uncommon,Fairy,70,Basic,"<b>Ability — Wonder Lock</b>
<br> Once during your turn <em>(before your attack)</em>, if this Pokemon is on your Bench, you may discard all cards attached to this Pokemon and attach it to 1 of your Pokemon as a Pokemon Tool card. Prevent any damage done to the Pokemon this card is attached to by attacks from your opponent's Mega Evolution Pokemon. If this card is attached to a Pokemon, discard this card at the end of your opponent's turn.",[1Y] Fairy Wind (30),Mx2,D-20,1,
121207,Xerneas,Xerneas,https://tcgplayer-cdn.tcgplayer.com/product/121207_200w.jpg,3,1815,https://cpt.tcgcsv.com/9v-,2024-12-06T21:18:13.12,1,0.25,0.68,35.0,0.69,,Holofoil,81/114,Holo Rare,Fairy,130,Basic,,"[Y] Geomancy 
<br>Choose 2 of your Benched Pokemon. For each of those Pokemon, search your deck for a Fairy Energy card and attach it to that Pokemon. Shuffle your deck afterward.",Mx2,D-20,2,"[1YY] Rainbow Spear (100)
<br>Discard an Energy attached to this Pokemon."
121207,Xerneas,Xerneas,https://tcgplayer-cdn.tcgplayer.com/product/121207_200w.jpg,3,1815,https://cpt.tcgcsv.com/9v-,2024-12-06T21:18:13.12,1,0.38,0.99,3.99,1.08,,Reverse Holofoil,81/114,Holo Rare,Fairy,130,Basic,,"[Y] Geomancy 
<br>Choose 2 of your Benched Pokemon. For each of those Pokemon, search your deck for a Fairy Energy card and attach it to that Pokemon. Shuffle your deck afterward.",Mx2,D-20,2,"[1YY] Rainbow Spear (100)
<br>Discard an Energy attached to this Pokemon."
121208,Xerneas BREAK,Xerneas BREAK,https://tcgplayer-cdn.tcgplayer.com/product/121208_200w.jpg,3,1815,https://cpt.tcgcsv.com/bv-,2026-03-09T13:03:59.61,1,3.95,5.25,12.87,5.41,4.69,Holofoil,82/114,Rare BREAK,Fairy,150,BREAK Evolution,"<em>Xerneas BREAK retains the attacks, Abilities, Weakness, Resistance, and Retreat Cost of its previous Evolution.</em>","[YY] Life Stream (20x)
<br>This attack does 20 damage times the amount of Energy attached to all of your Pokemon.",None,None,0,
121209,Druddigon,Druddigon,https://tcgplayer-cdn.tcgplayer.com/product/121209_200w.jpg,3,1815,https://cpt.tcgcsv.com/cv-,2022-12-19T19:28:50.99,1,0.1,0.25,19.5,0.2,0.23,Normal,83/114,Rare,Dragon,120,Basic,,"[2] Proud Fang (20+)
<br>If your opponent has any Pokemon BREAK in play, this attack does 60 more damage.",Yx2,None,2,"[1RW] Giga Claw (100)
<br>Flip 2 coins. If both of them are tails, this attack does nothing."
121209,Druddigon,Druddigon,https://tcgplayer-cdn.tcgplayer.com/product/121209_200w.jpg,3,1815,https://cpt.tcgcsv.com/cv-,2022-12-19T19:28:50.99,1,0.2,0.57,2.95,0.58,,Reverse Holofoil,83/114,Rare,Dragon,120,Basic,,"[2] Proud Fang (20+)
<br>If your opponent has any Pokemon BREAK in play, this attack does 60 more damage.",Yx2,None,2,"[1RW] Giga Claw (100)
<br>Flip 2 coins. If both of them are tails, this attack does nothing."
121210,Deino,Deino,https://tcgplayer-cdn.tcgplayer.com/product/121210_200w.jpg,3,1815,https://cpt.tcgcsv.com/dv-,2023-02-12T15:49:36.47,1,0.01,0.15,4.0,0.14,0.1,Normal,84/114,Common,Dragon,60,Basic,,"[1] Roar
<br>Your opponent switches his or her Active Pokemon with 1 of his or her Benched Pokemon.",Yx2,None,2,[PD] Headbutt Bounce (20)
121210,Deino,Deino,https://tcgplayer-cdn.tcgplayer.com/product/121210_200w.jpg,3,1815,https://cpt.tcgcsv.com/dv-,2023-02-12T15:49:36.47,1,0.01,0.25,5.0,0.25,,Reverse Holofoil,84/114,Common,Dragon,60,Basic,,"[1] Roar
<br>Your opponent switches his or her Active Pokemon with 1 of his or her Benched Pokemon.",Yx2,None,2,[PD] Headbutt Bounce (20)
121211,Zweilous,Zweilous,https://tcgplayer-cdn.tcgplayer.com/product/121211_200w.jpg,3,1815,https://cpt.tcgcsv.com/fv-,2026-01-02T22:56:32.763,1,0.03,0.2,4.0,0.16,0.1,Normal,85/114,Uncommon,Dragon,90,Stage 1,,"[1] Double Hit (20x)
<br>Flip 2 coins. This attack does 20 damage times the number of heads.",Yx2,None,3,"[1PD] Power Breath (80)
<br>Discard an Energy attached to this Pokemon."
121211,Zweilous,Zweilous,https://tcgplayer-cdn.tcgplayer.com/product/121211_200w.jpg,3,1815,https://cpt.tcgcsv.com/fv-,2026-01-02T22:56:32.763,1,0.1,0.39,2.47,0.39,,Reverse Holofoil,85/114,Uncommon,Dragon,90,Stage 1,,"[1] Double Hit (20x)
<br>Flip 2 coins. This attack does 20 damage times the number of heads.",Yx2,None,3,"[1PD] Power Breath (80)
<br>Discard an Energy attached to this Pokemon."
121212,Hydreigon,Hydreigon,https://tcgplayer-cdn.tcgplayer.com/product/121212_200w.jpg,3,1815,https://cpt.tcgcsv.com/gv-,2025-02-05T21:22:05.287,1,0.15,0.46,5.0,0.44,,Holofoil,86/114,Holo Rare,Dragon,150,Stage 2,,"[2] Cruel Fang (40)
<br>During your opponent's next turn, any damage done by attacks from the Defending Pokemon is reduced by 40 <i>(before applying Weakness and Resistance)</i>.",Yx2,None,3,"[1PD] Dark Burn (50x)
<br>Discard as many Darkness Energy attached to your Pokemon as you like. This attack does 50 damage times the amount of Darkness Energy you discarded this way."
121212,Hydreigon,Hydreigon,https://tcgplayer-cdn.tcgplayer.com/product/121212_200w.jpg,3,1815,https://cpt.tcgcsv.com/gv-,2025-02-05T21:22:05.287,1,0.2,0.55,2.99,0.56,,Reverse Holofoil,86/114,Holo Rare,Dragon,150,Stage 2,,"[2] Cruel Fang (40)
<br>During your opponent's next turn, any damage done by attacks from the Defending Pokemon is reduced by 40 <i>(before applying Weakness and Resistance)</i>.",Yx2,None,3,"[1PD] Dark Burn (50x)
<br>Discard as many Darkness Energy attached to your Pokemon as you like. This attack does 50 damage times the amount of Darkness Energy you discarded this way."
121213,Hydreigon BREAK,Hydreigon BREAK,https://tcgplayer-cdn.tcgplayer.com/product/121213_200w.jpg,3,1815,https://cpt.tcgcsv.com/hv-,2026-02-17T22:52:00.96,1,2.48,4.92,18.95,4.92,,Holofoil,87/114,Rare BREAK,Dragon,190,BREAK Evolution,"<em>Hydreigon BREAK retains the attacks, Abilities, Weakness, Resistance, and Retreat Cost of its previous Evolution.</em>","[1PDD] Calamity Blast (150)
<br>Discard 3 Energy attached to this Pokemon. This attack does 50 damage to 2 of your opponent's Benched Pokemon. <i>(Don't apply Weakness and Resistance for Benched Pokemon.)</i>",None,None,0,
121214,Meowth,Meowth,https://tcgplayer-cdn.tcgplayer.com/product/121214_200w.jpg,3,1815,https://cpt.tcgcsv.com/jv-,2025-02-05T21:22:05.333,1,0.02,0.24,5.05,0.24,0.09,Normal,88/114,Common,Colorless,60,Basic,,"[1] Stall
<br>You can use this attack only if you go second, and only on your first turn. Discard an Energy attached to 1 of your opponent's Pokemon.",Fx2,None,1,[2] Scratch (20)
121214,Meowth,Meowth,https://tcgplayer-cdn.tcgplayer.com/product/121214_200w.jpg,3,1815,https://cpt.tcgcsv.com/jv-,2025-02-05T21:22:05.333,1,0.2,0.47,4.0,0.5,,Reverse Holofoil,88/114,Common,Colorless,60,Basic,,"[1] Stall
<br>You can use this attack only if you go second, and only on your first turn. Discard an Energy attached to 1 of your opponent's Pokemon.",Fx2,None,1,[2] Scratch (20)
121215,Persian,Persian,https://tcgplayer-cdn.tcgplayer.com/product/121215_200w.jpg,3,1815,https://cpt.tcgcsv.com/kv-,2025-11-20T21:11:33.933,1,0.01,0.2,19.5,0.21,0.15,Normal,89/114,Uncommon,Colorless,90,Stage 1,,"[1] Raid (30+)
<br>If this Pokemon evolved from Meowth during this turn, this attack does 30 more damage.",Fx2,None,1,"[2] Fury Swipes (30x)
<br>Flip 3 coins. This attack does 30 damage times the number of heads."
121215,Persian,Persian,https://tcgplayer-cdn.tcgplayer.com/product/121215_200w.jpg,3,1815,https://cpt.tcgcsv.com/kv-,2025-11-20T21:11:33.933,1,0.27,0.5,4.95,0.5,,Reverse Holofoil,89/114,Uncommon,Colorless,90,Stage 1,,"[1] Raid (30+)
<br>If this Pokemon evolved from Meowth during this turn, this attack does 30 more damage.",Fx2,None,1,"[2] Fury Swipes (30x)
<br>Flip 3 coins. This attack does 30 damage times the number of heads."
121216,Aipom,Aipom,https://tcgplayer-cdn.tcgplayer.com/product/121216_200w.jpg,3,1815,https://cpt.tcgcsv.com/lv-,2025-02-05T21:22:05.39,1,0.01,0.17,5.0,0.16,,Normal,90/114,Common,Colorless,60,Basic,,"[1] Fiddle Around
<br>Look at the top 3 cards of your opponent's deck and put them back in any order.",Fx2,None,1,[2] Tail Jab (20)
121216,Aipom,Aipom,https://tcgplayer-cdn.tcgplayer.com/product/121216_200w.jpg,3,1815,https://cpt.tcgcsv.com/lv-,2025-02-05T21:22:05.39,1,0.25,0.47,5.0,0.44,0.4,Reverse Holofoil,90/114,Common,Colorless,60,Basic,,"[1] Fiddle Around
<br>Look at the top 3 cards of your opponent's deck and put them back in any order.",Fx2,None,1,[2] Tail Jab (20)
121217,Ambipom,Ambipom,https://tcgplayer-cdn.tcgplayer.com/product/121217_200w.jpg,3,1815,https://cpt.tcgcsv.com/mv-,2025-02-05T21:22:05.447,1,0.02,0.17,5.02,0.16,,Normal,91/114,Uncommon,Colorless,90,Stage 1,,"[1] Furry Chance (20x)
<br>Discard the top card of your opponent's deck. If that card is an Energy card, this attack does 60 more damage.",Fx2,None,1,"[3] Double Hit (50x)
<br>Flip 2 coins. This attack does 50 damage times the number of heads."
121217,Ambipom,Ambipom,https://tcgplayer-cdn.tcgplayer.com/product/121217_200w.jpg,3,1815,https://cpt.tcgcsv.com/mv-,2025-02-05T21:22:05.447,1,0.15,0.37,2.99,0.31,,Reverse Holofoil,91/114,Uncommon,Colorless,90,Stage 1,,"[1] Furry Chance (20x)
<br>Discard the top card of your opponent's deck. If that card is an Energy card, this attack does 60 more damage.",Fx2,None,1,"[3] Double Hit (50x)
<br>Flip 2 coins. This attack does 50 damage times the number of heads."
121218,Rufflet,Rufflet,https://tcgplayer-cdn.tcgplayer.com/product/121218_200w.jpg,3,1815,https://cpt.tcgcsv.com/nv-,2022-12-19T19:30:43.49,1,0.01,0.15,4.0,0.12,0.1,Normal,92/114,Common,Colorless,60,Basic,,"[1] Reckless Charge (20)
<br>This Pokemon does 10 damage to itself.",Lx2,F-20,1,
121218,Rufflet,Rufflet,https://tcgplayer-cdn.tcgplayer.com/product/121218_200w.jpg,3,1815,https://cpt.tcgcsv.com/nv-,2022-12-19T19:30:43.49,1,0.06,0.25,2.39,0.22,,Reverse Holofoil,92/114,Common,Colorless,60,Basic,,"[1] Reckless Charge (20)
<br>This Pokemon does 10 damage to itself.",Lx2,F-20,1,
121219,Braviary,Braviary,https://tcgplayer-cdn.tcgplayer.com/product/121219_200w.jpg,3,1815,https://cpt.tcgcsv.com/pv-,2025-02-05T21:22:05.497,1,0.01,0.16,4.0,0.12,0.1,Normal,93/114,Uncommon,Colorless,120,Stage 1,,"[2] Ambush (20+)
<br>Flip a coin. If heads, this attack does 50 more damage.",Lx2,F-20,2,"[3] Sky Drop (120-)
<br>This attack does 120 damage minus 20 damage for each Colorless in your opponent's Active Pokemon Retreat Cost."
121219,Braviary,Braviary,https://tcgplayer-cdn.tcgplayer.com/product/121219_200w.jpg,3,1815,https://cpt.tcgcsv.com/pv-,2025-02-05T21:22:05.497,1,0.13,0.4,2.55,0.36,,Reverse Holofoil,93/114,Uncommon,Colorless,120,Stage 1,,"[2] Ambush (20+)
<br>Flip a coin. If heads, this attack does 50 more damage.",Lx2,F-20,2,"[3] Sky Drop (120-)
<br>This attack does 120 damage minus 20 damage for each Colorless in your opponent's Active Pokemon Retreat Cost."
121220,Fletchling,Fletchling,https://tcgplayer-cdn.tcgplayer.com/product/121220_200w.jpg,3,1815,https://cpt.tcgcsv.com/qv-,2023-02-04T21:33:46.537,1,0.02,0.16,19.5,0.13,0.1,Normal,94/114,Common,Colorless,40,Basic,,[1] Peck (20),Lx2,F-20,1,
121220,Fletchling,Fletchling,https://tcgplayer-cdn.tcgplayer.com/product/121220_200w.jpg,3,1815,https://cpt.tcgcsv.com/qv-,2023-02-04T21:33:46.537,1,0.08,0.29,5.0,0.3,0.27,Reverse Holofoil,94/114,Common,Colorless,40,Basic,,[1] Peck (20),Lx2,F-20,1,
121221,Fletchinder,Fletchinder,https://tcgplayer-cdn.tcgplayer.com/product/121221_200w.jpg,3,1815,https://cpt.tcgcsv.com/rv-,2025-12-09T05:03:55.32,1,0.01,0.2,4.0,0.14,,Normal,95/114,Uncommon,Colorless,70,Stage 1,,[1] Glide (30),Lx2,F-20,1,
121221,Fletchinder,Fletchinder,https://tcgplayer-cdn.tcgplayer.com/product/121221_200w.jpg,3,1815,https://cpt.tcgcsv.com/rv-,2025-12-09T05:03:55.32,1,0.2,0.4,2.39,0.34,,Reverse Holofoil,95/114,Uncommon,Colorless,70,Stage 1,,[1] Glide (30),Lx2,F-20,1,
121222,Hawlucha,Hawlucha,https://tcgplayer-cdn.tcgplayer.com/product/121222_200w.jpg,3,1815,https://cpt.tcgcsv.com/sv-,2025-02-05T21:22:05.603,1,0.03,0.2,4.0,0.16,,Normal,97/114,Uncommon,Colorless,80,Basic,"<b>Ability — Sudden Cyclone</b>
<br>When you play this Pokemon from your hand onto your Bench, you may have your opponent switch his or her Active Pokemon with 1 of his or her Benched Pokemon.","[2] Acrobatics (20+)
<br>Flip 2 coins. This attack does 20 more damage for each heads.",Lx2,F-20,1,
121222,Hawlucha,Hawlucha,https://tcgplayer-cdn.tcgplayer.com/product/121222_200w.jpg,3,1815,https://cpt.tcgcsv.com/sv-,2025-02-05T21:22:05.603,1,0.25,0.45,2.99,0.44,,Reverse Holofoil,97/114,Uncommon,Colorless,80,Basic,"<b>Ability — Sudden Cyclone</b>
<br>When you play this Pokemon from your hand onto your Bench, you may have your opponent switch his or her Active Pokemon with 1 of his or her Benched Pokemon.","[2] Acrobatics (20+)
<br>Flip 2 coins. This attack does 20 more damage for each heads.",Lx2,F-20,1,
121223,Armor Fossil Shieldon,Armor Fossil Shieldon,https://tcgplayer-cdn.tcgplayer.com/product/121223_200w.jpg,3,1815,https://cpt.tcgcsv.com/tv-,2026-01-02T22:45:51.1,1,0.01,0.18,19.5,0.17,0.04,Normal,98/114,Uncommon,Item,,,Look at the bottom 7 cards of your deck. You may reveal a Shieldon you find there and put it onto your Bench. Shuffle the other cards back into your deck.,,,,,
121223,Armor Fossil Shieldon,Armor Fossil Shieldon,https://tcgplayer-cdn.tcgplayer.com/product/121223_200w.jpg,3,1815,https://cpt.tcgcsv.com/tv-,2026-01-02T22:45:51.1,1,0.15,0.34,3.0,0.35,0.3,Reverse Holofoil,98/114,Uncommon,Item,,,Look at the bottom 7 cards of your deck. You may reveal a Shieldon you find there and put it onto your Bench. Shuffle the other cards back into your deck.,,,,,
121224,Claw Fossil Anorith,Claw Fossil Anorith,https://tcgplayer-cdn.tcgplayer.com/product/121224_200w.jpg,3,1815,https://cpt.tcgcsv.com/vv-,2026-01-02T22:52:11.21,1,0.01,0.18,19.5,0.18,0.05,Normal,100/114,Uncommon,Item,,,Look at the bottom 7 cards of your deck. You may reveal an Anorith you find there and put it onto your Bench. Shuffle the other cards back into your deck.,,,,,
121224,Claw Fossil Anorith,Claw Fossil Anorith,https://tcgplayer-cdn.tcgplayer.com/product/121224_200w.jpg,3,1815,https://cpt.tcgcsv.com/vv-,2026-01-02T22:52:11.21,1,0.08,0.3,2.95,0.3,,Reverse Holofoil,100/114,Uncommon,Item,,,Look at the bottom 7 cards of your deck. You may reveal an Anorith you find there and put it onto your Bench. Shuffle the other cards back into your deck.,,,,,
121225,Gardevoir Spirit Link,Gardevoir Spirit Link,https://tcgplayer-cdn.tcgplayer.com/product/121225_200w.jpg,3,1815,https://cpt.tcgcsv.com/wv-,2025-02-05T21:22:05.807,1,0.05,0.25,1.49,0.25,,Normal,101/114,Uncommon,Tool,,,"Your turn does not end if the Pokemon this card is attached to becomes M Gardevoir EX.
<br>
<br><em>You may play as many item cards as you like during your turn (before your attack)</em>.",,,,,
121225,Gardevoir Spirit Link,Gardevoir Spirit Link,https://tcgplayer-cdn.tcgplayer.com/product/121225_200w.jpg,3,1815,https://cpt.tcgcsv.com/wv-,2025-02-05T21:22:05.807,1,0.25,0.5,4.99,0.5,,Reverse Holofoil,101/114,Uncommon,Tool,,,"Your turn does not end if the Pokemon this card is attached to becomes M Gardevoir EX.
<br>
<br><em>You may play as many item cards as you like during your turn (before your attack)</em>.",,,,,
121226,Greedy Dice,Greedy Dice,https://tcgplayer-cdn.tcgplayer.com/product/121226_200w.jpg,3,1815,https://cpt.tcgcsv.com/xv-,2025-02-05T21:22:05.87,1,0.01,0.2,5.0,0.16,,Normal,102/114,Uncommon,Item,,,"You can play this card only if you took it as a face-down Prize card, before you put it into your hand.
<br>Flip a coin. If heads, take 1 more Prize card.",,,,,
121226,Greedy Dice,Greedy Dice,https://tcgplayer-cdn.tcgplayer.com/product/121226_200w.jpg,3,1815,https://cpt.tcgcsv.com/xv-,2025-02-05T21:22:05.87,1,0.1,0.32,2.39,0.32,0.3,Reverse Holofoil,102/114,Uncommon,Item,,,"You can play this card only if you took it as a face-down Prize card, before you put it into your hand.
<br>Flip a coin. If heads, take 1 more Prize card.",,,,,
121227,Ninja Boy,Ninja Boy,https://tcgplayer-cdn.tcgplayer.com/product/121227_200w.jpg,3,1815,https://cpt.tcgcsv.com/zv-,2025-02-05T21:22:05.943,1,0.01,0.2,68.0,0.14,,Normal,103/114,Uncommon,Supporter,,,"Choose 1 of your Basic Pokemon in play. Search your deck for a Basic Pokemon and switch it with that Pokemon. <em>(Any attached cards, damage counters, Special Conditions, turns in play, and any other effects remain on the new Pokemon.)</em>
<br>
<br><em>You may play only 1 Supporter card during your turn (before your attack).</em>",,,,,
121227,Ninja Boy,Ninja Boy,https://tcgplayer-cdn.tcgplayer.com/product/121227_200w.jpg,3,1815,https://cpt.tcgcsv.com/zv-,2025-02-05T21:22:05.943,1,0.14,0.38,4.0,0.35,,Reverse Holofoil,103/114,Uncommon,Supporter,,,"Choose 1 of your Basic Pokemon in play. Search your deck for a Basic Pokemon and switch it with that Pokemon. <em>(Any attached cards, damage counters, Special Conditions, turns in play, and any other effects remain on the new Pokemon.)</em>
<br>
<br><em>You may play only 1 Supporter card during your turn (before your attack).</em>",,,,,
121228,Pokemon Ranger,Pokemon Ranger,https://tcgplayer-cdn.tcgplayer.com/product/121228_200w.jpg,3,1815,https://cpt.tcgcsv.com/Bv-,2025-02-05T21:22:06.04,1,0.02,0.2,1.49,0.13,,Normal,104/114,Uncommon,Supporter,,,"Remove all effects of attacks on each player and his or her Pokemon.
<br>
<br><em>You may play only 1 Supporter card during your turn (before your attack).</em>",,,,,
121228,Pokemon Ranger,Pokemon Ranger,https://tcgplayer-cdn.tcgplayer.com/product/121228_200w.jpg,3,1815,https://cpt.tcgcsv.com/Bv-,2025-02-05T21:22:06.04,1,0.08,0.39,2.4,0.4,,Reverse Holofoil,104/114,Uncommon,Supporter,,,"Remove all effects of attacks on each player and his or her Pokemon.
<br>
<br><em>You may play only 1 Supporter card during your turn (before your attack).</em>",,,,,
121229,Special Charge,Special Charge,https://tcgplayer-cdn.tcgplayer.com/product/121229_200w.jpg,3,1815,https://cpt.tcgcsv.com/Cv-,2025-02-05T21:22:06.117,1,0.09,0.45,5.0,0.44,0.3,Normal,105/114,Uncommon,Item,,,"Shuffle 2 Special Energy cards from your discard pile into your deck.
<br>
<br><em>You may play as many item cards as you like during your turn (before your attack).",,,,,
121229,Special Charge,Special Charge,https://tcgplayer-cdn.tcgplayer.com/product/121229_200w.jpg,3,1815,https://cpt.tcgcsv.com/Cv-,2025-02-05T21:22:06.117,1,0.41,2.25,3.98,2.25,,Reverse Holofoil,105/114,Uncommon,Item,,,"Shuffle 2 Special Energy cards from your discard pile into your deck.
<br>
<br><em>You may play as many item cards as you like during your turn (before your attack).",,,,,
121230,Steelix Spirit Link,Steelix Spirit Link,https://tcgplayer-cdn.tcgplayer.com/product/121230_200w.jpg,3,1815,https://cpt.tcgcsv.com/Dv-,2025-11-20T22:28:44.54,1,0.01,0.2,5.0,0.2,0.1,Normal,106/114,Uncommon,Tool,,,Your turn does not end if the Pokemon this card is attached to becomes M Steelix EX.,,,,,
121230,Steelix Spirit Link,Steelix Spirit Link,https://tcgplayer-cdn.tcgplayer.com/product/121230_200w.jpg,3,1815,https://cpt.tcgcsv.com/Dv-,2025-11-20T22:28:44.54,1,0.13,0.42,1.58,0.42,,Reverse Holofoil,106/114,Uncommon,Tool,,,Your turn does not end if the Pokemon this card is attached to becomes M Steelix EX.,,,,,
121231,Volcanion EX (Full Art),Volcanion EX Full Art,https://tcgplayer-cdn.tcgplayer.com/product/121231_200w.jpg,3,1815,https://cpt.tcgcsv.com/Fv-,2026-02-10T23:55:20.31,1,6.48,8.63,139.4,7.83,11.59,Holofoil,107/114,Ultra Rare,Fire Water,180,Basic,"<b>Ability — Steam Up</b>
<br>Once during your turn <em>(before your attack)</em>, you may discard a Fire Energy card from your hand. If you do, during this turn, your Basic Fire Pokemon's attacks do 30 more damage to your opponent's Active Pokemon <em>(before applying Weakness and Resistance)</em>.","[1RR] Volcanic Heat (130)
<br>This Pokemon can't attack during your next turn.",Wx2,None,3,
121232,Steelix EX (Full Art),Steelix EX Full Art,https://tcgplayer-cdn.tcgplayer.com/product/121232_200w.jpg,3,1815,https://cpt.tcgcsv.com/Gv-,2022-12-19T19:34:51.45,1,11.0,19.84,49.95,17.89,,Holofoil,108/114,Ultra Rare,Metal,180,Basic,,"[3M] Wild Edge (80+)
<br>You may do 50 more damage. If you do, this Pokemon does 20 damage to itself.",Rx2,P-20,4,"[4M] Iron Tail (100x)
<br>Flip a coin until you get tails. This attack does 100 damage times the number of heads."
121233,M Steelix EX (Full Art),M Steelix EX Full Art,https://tcgplayer-cdn.tcgplayer.com/product/121233_200w.jpg,3,1815,https://cpt.tcgcsv.com/Hv-,2025-12-09T05:12:36.96,1,15.99,24.51,67.07,25.61,,Holofoil,109/114,Ultra Rare,Metal,240,Mega Evolution,,"[4M] Canyon Axe (160)
<br>This attack does 10 damage to each of your opponent's Benched Pokemon. <i>(Don't apply Weakness and Resistance for Benched Pokemon.)</i>",Rx2,P-20,4,
121234,Magearna EX (Full Art),Magearna EX Full Art,https://tcgplayer-cdn.tcgplayer.com/product/121234_200w.jpg,3,1815,https://cpt.tcgcsv.com/Jv-,2025-12-09T05:13:53.29,1,5.0,7.7,20.0,7.14,6.5,Holofoil,110/114,Ultra Rare,Metal,160,Basic,"<b>Ability — Mystic Heart</b>
<br>Prevent all effects of your opponent's attacks, except damage, done to each of your Pokemon that has any Metal Energy attached to it. <em>(Existing effects are not removed.)</em>","[2M] Soul Blaster (120)
<br>During your next turn, this Pokemon's Soul Blaster attack's base damage is 60.",Rx2,P-20,1,
121235,Gardevoir EX (Full Art),Gardevoir EX Full Art,https://tcgplayer-cdn.tcgplayer.com/product/121235_200w.jpg,3,1815,https://cpt.tcgcsv.com/Kv-,2022-12-19T19:35:16.637,1,12.0,20.99,4321.0,19.6,24.39,Holofoil,111/114,Ultra Rare,Fairy,170,Basic,,"[1Y] Link Blast (30+)
<br>If this Pokemon and your opponent's Active Pokemon have the same amount of Energy attached to them, this attack does 70 more damage.",Mx2,D-20,2,"[1YY] Luminous Blade (120)
<br>Discard an Energy attached to this Pokemon."
121236,M Gardevoir EX (Full Art),M Gardevoir EX Full Art,https://tcgplayer-cdn.tcgplayer.com/product/121236_200w.jpg,3,1815,https://cpt.tcgcsv.com/Lv-,2024-07-10T14:01:41.327,1,34.99,53.07,998.94,48.25,60.38,Holofoil,112/114,Ultra Rare,Fairy Psychic,210,Mega Evolution,,"[1Y] Despair Ray (110+)
<br>Discard as many of your Benched Pokemon as you like. This attack does 10 more damage for each Benched Pokemon you discarded this way.",Mx2,D-20,2,
121237,Pokemon Ranger (Full Art),Pokemon Ranger Full Art,https://tcgplayer-cdn.tcgplayer.com/product/121237_200w.jpg,3,1815,https://cpt.tcgcsv.com/Mv-,2026-01-14T17:38:14.207,1,3.98,6.58,37.0,6.21,5.57,Holofoil,113/114,Ultra Rare,Supporter,,,"Remove all effects of attacks on each player and his or her Pokemon.
<br>
<br><em>You may play only 1 Supporter card during your turn (before your attack).</em>",,,,,
121238,Professor Sycamore,Professor Sycamore,https://tcgplayer-cdn.tcgplayer.com/product/121238_200w.jpg,3,1815,https://cpt.tcgcsv.com/Nv-,2022-12-19T19:35:57.59,1,5.92,8.6,4321.0,8.16,19.99,Holofoil,114/114,Ultra Rare,Supporter,,,Discard your hand and draw 7 cards.,,,,,
121239,Volcanion EX (Secret),Volcanion EX Secret,https://tcgplayer-cdn.tcgplayer.com/product/121239_200w.jpg,3,1815,https://cpt.tcgcsv.com/Pv-,2022-12-19T19:36:05.727,1,15.0,30.0,739.58,32.81,41.99,Holofoil,115/114,Secret Rare,Fire Water,180,Basic,"<b>Ability — Steam Up</b>
<br>Once during your turn <em>(before your attack)</em>, you may discard a Fire Energy card from your hand. If you do, during this turn, your Basic Fire Pokemon's attacks do 30 more damage to your opponent's Active Pokemon <em>(before applying Weakness and Resistance)</em>.","[1RR] Volcanic Heat (130)
<br>This Pokemon can't attack during your next turn.",Wx2,None,3,
121240,Gardevoir EX (Secret),Gardevoir EX Secret,https://tcgplayer-cdn.tcgplayer.com/product/121240_200w.jpg,3,1815,https://cpt.tcgcsv.com/Qv-,2022-12-19T19:36:12.683,1,58.99,87.72,179.99,82.72,,Holofoil,116/114,Secret Rare,Fairy,170,Basic,,"[1Y] Link Blast (30+)
<br>If this Pokemon and your opponent's Active Pokemon have the same amount of Energy attached to them, this attack does 70 more damage.",Mx2,D-20,2,"[1YY] Luminous Blade (120)
<br>Discard an Energy attached to this Pokemon."
121393,Steam Siege Prerelease Kit,Steam Siege Prerelease Kit,https://tcgplayer-cdn.tcgplayer.com/product/121393_200w.jpg,3,1815,https://cpt.tcgcsv.com/Tz-,2022-02-02T22:28:12.017,1,160.0,169.99,300.0,163.31,,Normal,,,,,,"Each Kit includes 4 Steam Siege booster packs, 1 special 23-card prerelease pack with 1 of 4 exclusive foil prerelease promo card.",,,,,
123439,Battle Arena Decks: Keldeo EX vs Rayquaza EX,Battle Arena Decks Keldeo EX vs Rayquaza EX,https://tcgplayer-cdn.tcgplayer.com/product/123439_200w.jpg,3,1815,https://cpt.tcgcsv.com/Pn_,2016-09-28T15:28:50.557,1,95.28,95.29,95.29,56.3,,Normal,,,,,,,,,,,
123440,Battle Heart Tin [Magearna EX],Battle Heart Tin Magearna EX,https://tcgplayer-cdn.tcgplayer.com/product/123440_200w.jpg,3,1815,https://cpt.tcgcsv.com/Qn_,2016-09-28T15:30:21.917,1,399.99,399.99,399.99,203.12,,Normal,,,,,,,,,,,
123441,Battle Heart Tin [Pikachu EX],Battle Heart Tin Pikachu EX,https://tcgplayer-cdn.tcgplayer.com/product/123441_200w.jpg,3,1815,https://cpt.tcgcsv.com/Rn_,2016-09-28T15:30:42.507,1,449.99,449.99,449.99,223.74,,Normal,,,,,,,,,,,
123442,Battle Heart Tin [Volcanion EX],Battle Heart Tin Volcanion EX,https://tcgplayer-cdn.tcgplayer.com/product/123442_200w.jpg,3,1815,https://cpt.tcgcsv.com/Sn_,2016-09-28T15:30:55.363,1,399.99,399.99,399.99,218.12,,Normal,,,,,,,,,,,
130013,Steam Siege Booster Pack,Steam Siege Booster Pack,https://tcgplayer-cdn.tcgplayer.com/product/130013_200w.jpg,3,1815,https://cpt.tcgcsv.com/h032,2017-04-10T18:26:49.98,1,21.99,29.14,49.99,24.49,,Normal,,,,,,,,,,,
177155,Legendary Battle Decks [Articuno],Legendary Battle Decks Articuno,https://tcgplayer-cdn.tcgplayer.com/product/177155_200w.jpg,3,1815,https://cpt.tcgcsv.com/7Tq2,2018-09-25T13:40:25.96,1,,,,,,,,,,,,"<strong>Get Ready for a Legendary Battle!</strong>
<br>Each Legendary Battle Deck comes with a preconstructed 60-card deck featuring Articuno.",,,,,
177156,Legendary Battle Decks [Moltres],Legendary Battle Decks Moltres,https://tcgplayer-cdn.tcgplayer.com/product/177156_200w.jpg,3,1815,https://cpt.tcgcsv.com/8Tq2,2018-09-25T13:40:41.673,1,,,,,,,,,,,,"<strong>Get Ready for a Legendary Battle!</strong>
<br>Each Legendary Battle Deck comes with a preconstructed 60-card deck featuring Moltres.",,,,,
177157,Legendary Battle Decks [Zapdos],Legendary Battle Decks Zapdos,https://tcgplayer-cdn.tcgplayer.com/product/177157_200w.jpg,3,1815,https://cpt.tcgcsv.com/9Tq2,2018-09-25T13:41:16.873,1,61.99,61.99,61.99,63.59,,Normal,,,,,,"<strong>Get Ready for a Legendary Battle!</strong>
<br>Each Legendary Battle Deck comes with a preconstructed 60-card deck featuring Zapdos.",,,,,
177529,Mega Gyarados Collection Box,Mega Gyarados Collection Box,https://tcgplayer-cdn.tcgplayer.com/product/177529_200w.jpg,3,1815,https://cpt.tcgcsv.com/C0r2,2018-10-03T14:25:32.897,1,525.0,536.0,547.0,,,Normal,,,,,,"The Pokemon TCG: Mega Gyarados Collection Box includes:
<br>• 1 Mega Gyarados EX Foil Promo Card
<br>• 1 Special Sculpted Figure of Mega Gyarados
<br>• 4 Pokemon TCG Booster Packs
<br>• 1 Pokemon TCG Online code card",,,,,
200569,Legendary Battle Decks [Set of 3],Legendary Battle Decks Set of 3,https://tcgplayer-cdn.tcgplayer.com/product/200569_200w.jpg,3,1815,https://cpt.tcgcsv.com/pfD2,2019-10-09T19:47:30.307,1,,,,,,,,,,,,"<strong>Get Ready for a Legendary Battle!</strong>
<br>Each Legendary Battle Deck comes with a preconstructed 60-card deck featuring Moltres, Articuno, or Zapdos.",,,,,
256777,Code Card - Steam Siege Booster Pack,Code Card Steam Siege Booster Pack,https://tcgplayer-cdn.tcgplayer.com/product/256777_200w.jpg,3,1815,https://cpt.tcgcsv.com/zK33,2022-07-20T19:47:57.86,1,0.04,0.05,0.99,0.04,,Normal,,Code Card,,,,"This listing is <strong>not</strong> a physical item. Please keep in mind that this <strong>Code Card</strong> listing represents a digital copy of the stated item for the Pokémon TCG Online <strong>and/or</strong> the Pokémon TCG Live games. You may receive the physical <strong>Code Card</strong>. Upon purchase, please work with your specific Seller by sending them a message using the <strong>Contact Seller</strong> button on the order details in your <a href=https://store.tcgplayer.com/myaccount/orderhistory>Order History</a> to opt in to having your <strong>Code Card</strong> code delivered digitally due to the nature of the product.",,,,,
257541,Code Card - Battle Arena Deck: Keldeo EX vs Rayquaza EX,Code Card Battle Arena Deck Keldeo EX vs Rayquaza EX,https://tcgplayer-cdn.tcgplayer.com/product/257541_200w.jpg,3,1815,https://cpt.tcgcsv.com/R053,2022-07-20T19:14:48.107,1,1.9,2.94,3.0,1.8,,Normal,,Code Card,,,,"This listing is <strong>not</strong> a physical item. Please keep in mind that this <strong>Code Card</strong> listing represents a digital copy of the stated item for the Pokémon TCG Online <strong>and/or</strong> the Pokémon TCG Live games. You may receive the physical <strong>Code Card</strong>. Upon purchase, please work with your specific Seller by sending them a message using the <strong>Contact Seller</strong> button on the order details in your <a href=https://store.tcgplayer.com/myaccount/orderhistory>Order History</a> to opt in to having your <strong>Code Card</strong> code delivered digitally due to the nature of the product.",,,,,
268448,XY Steam Siege Sleeved Booster Pack,XY Steam Siege Sleeved Booster Pack,https://tcgplayer-cdn.tcgplayer.com/product/268448_200w.jpg,3,1815,https://cpt.tcgcsv.com/-n93,2022-04-08T17:41:04.73,1,24.82,31.5,40.0,25.1,,Normal,,,,,,Each XY Steam Siege Sleeved Booster Pack contains 10 random cards.,,,,,
276599,Steam Siege Sleeved Booster Pack Art Bundle [Set of 4],Steam Siege Sleeved Booster Pack Art Bundle Set of 4,https://tcgplayer-cdn.tcgplayer.com/product/276599_200w.jpg,3,1815,https://cpt.tcgcsv.com/_Fd3,2022-06-20T19:43:27.127,1,134.99,149.0,149.99,98.26,,Normal,,,,,,"Collect each of the 4 unique art packs for Steam Siege.
<br>Each Steam Siege sleeved booster pack contains 10 random cards.",,,,,
280475,Code Card - Battle Heart Tin [Magearna EX],Code Card Battle Heart Tin Magearna EX,https://tcgplayer-cdn.tcgplayer.com/product/280475_200w.jpg,3,1815,https://cpt.tcgcsv.com/wcg3,2022-07-27T20:07:18.54,1,1.0,1.0,1.0,,,Normal,,Code Card,,,,"This listing is <strong>not</strong> a physical item. Please keep in mind that this <strong>Code Card</strong> listing represents a digital copy of the stated item for the Pokémon TCG Online <strong>and/or</strong> the Pokémon TCG Live games. You may receive the physical <strong>Code Card</strong>. Upon purchase, please work with your specific Seller by sending them a message using the <strong>Contact Seller</strong> button on the order details in your <a href=https://store.tcgplayer.com/myaccount/orderhistory>Order History</a> to opt in to having your <strong>Code Card</strong> code delivered digitally due to the nature of the product.",,,,,
280476,Code Card - Battle Heart Tin [Pikachu EX],Code Card Battle Heart Tin Pikachu EX,https://tcgplayer-cdn.tcgplayer.com/product/280476_200w.jpg,3,1815,https://cpt.tcgcsv.com/xcg3,2022-07-27T20:07:27.597,1,1.99,1.99,1.99,,,Normal,,Code Card,,,,"This listing is <strong>not</strong> a physical item. Please keep in mind that this <strong>Code Card</strong> listing represents a digital copy of the stated item for the Pokémon TCG Online <strong>and/or</strong> the Pokémon TCG Live games. You may receive the physical <strong>Code Card</strong>. Upon purchase, please work with your specific Seller by sending them a message using the <strong>Contact Seller</strong> button on the order details in your <a href=https://store.tcgplayer.com/myaccount/orderhistory>Order History</a> to opt in to having your <strong>Code Card</strong> code delivered digitally due to the nature of the product.",,,,,
280477,Code Card - Battle Heart Tin [Volcanion EX],Code Card Battle Heart Tin Volcanion EX,https://tcgplayer-cdn.tcgplayer.com/product/280477_200w.jpg,3,1815,https://cpt.tcgcsv.com/zcg3,2022-07-27T20:07:35.523,1,,,,,,,,Code Card,,,,"This listing is <strong>not</strong> a physical item. Please keep in mind that this <strong>Code Card</strong> listing represents a digital copy of the stated item for the Pokémon TCG Online <strong>and/or</strong> the Pokémon TCG Live games. You may receive the physical <strong>Code Card</strong>. Upon purchase, please work with your specific Seller by sending them a message using the <strong>Contact Seller</strong> button on the order details in your <a href=https://store.tcgplayer.com/myaccount/orderhistory>Order History</a> to opt in to having your <strong>Code Card</strong> code delivered digitally due to the nature of the product.",,,,,
280478,Code Card - Legendary Battle Decks [Articuno],Code Card Legendary Battle Decks Articuno,https://tcgplayer-cdn.tcgplayer.com/product/280478_200w.jpg,3,1815,https://cpt.tcgcsv.com/Bcg3,2022-07-27T20:07:44.08,1,5.0,5.0,5.0,,,Normal,,Code Card,,,,"This listing is <strong>not</strong> a physical item. Please keep in mind that this <strong>Code Card</strong> listing represents a digital copy of the stated item for the Pokémon TCG Online <strong>and/or</strong> the Pokémon TCG Live games. You may receive the physical <strong>Code Card</strong>. Upon purchase, please work with your specific Seller by sending them a message using the <strong>Contact Seller</strong> button on the order details in your <a href=https://store.tcgplayer.com/myaccount/orderhistory>Order History</a> to opt in to having your <strong>Code Card</strong> code delivered digitally due to the nature of the product.",,,,,
280479,Code Card - Legendary Battle Decks [Moltres],Code Card Legendary Battle Decks Moltres,https://tcgplayer-cdn.tcgplayer.com/product/280479_200w.jpg,3,1815,https://cpt.tcgcsv.com/Ccg3,2022-07-27T20:07:53.047,1,1.0,1.0,1.0,,,Normal,,Code Card,,,,"This listing is <strong>not</strong> a physical item. Please keep in mind that this <strong>Code Card</strong> listing represents a digital copy of the stated item for the Pokémon TCG Online <strong>and/or</strong> the Pokémon TCG Live games. You may receive the physical <strong>Code Card</strong>. Upon purchase, please work with your specific Seller by sending them a message using the <strong>Contact Seller</strong> button on the order details in your <a href=https://store.tcgplayer.com/myaccount/orderhistory>Order History</a> to opt in to having your <strong>Code Card</strong> code delivered digitally due to the nature of the product.",,,,,
280480,Code Card - Legendary Battle Decks [Zapdos],Code Card Legendary Battle Decks Zapdos,https://tcgplayer-cdn.tcgplayer.com/product/280480_200w.jpg,3,1815,https://cpt.tcgcsv.com/Dcg3,2022-07-27T20:08:03.45,1,,,,,,,,Code Card,,,,"This listing is <strong>not</strong> a physical item. Please keep in mind that this <strong>Code Card</strong> listing represents a digital copy of the stated item for the Pokémon TCG Online <strong>and/or</strong> the Pokémon TCG Live games. You may receive the physical <strong>Code Card</strong>. Upon purchase, please work with your specific Seller by sending them a message using the <strong>Contact Seller</strong> button on the order details in your <a href=https://store.tcgplayer.com/myaccount/orderhistory>Order History</a> to opt in to having your <strong>Code Card</strong> code delivered digitally due to the nature of the product.",,,,,
280482,Code Card - Mega Gyarados Collection Box,Code Card Mega Gyarados Collection Box,https://tcgplayer-cdn.tcgplayer.com/product/280482_200w.jpg,3,1815,https://cpt.tcgcsv.com/Gcg3,2022-07-27T20:08:12.49,1,,,,,,,,Code Card,,,,"This listing is <strong>not</strong> a physical item. Please keep in mind that this <strong>Code Card</strong> listing represents a digital copy of the stated item for the Pokémon TCG Online <strong>and/or</strong> the Pokémon TCG Live games. You may receive the physical <strong>Code Card</strong>. Upon purchase, please work with your specific Seller by sending them a message using the <strong>Contact Seller</strong> button on the order details in your <a href=https://store.tcgplayer.com/myaccount/orderhistory>Order History</a> to opt in to having your <strong>Code Card</strong> code delivered digitally due to the nature of the product.",,,,,
280483,Code Card - Steam Siege 3 Pack Blister [Azelf],Code Card Steam Siege 3 Pack Blister Azelf,https://tcgplayer-cdn.tcgplayer.com/product/280483_200w.jpg,3,1815,https://cpt.tcgcsv.com/Hcg3,2022-07-27T20:08:26.89,1,,,,,,,,Code Card,,,,"This listing is <strong>not</strong> a physical item. Please keep in mind that this <strong>Code Card</strong> listing represents a digital copy of the stated item for the Pokémon TCG Online <strong>and/or</strong> the Pokémon TCG Live games. You may receive the physical <strong>Code Card</strong>. Upon purchase, please work with your specific Seller by sending them a message using the <strong>Contact Seller</strong> button on the order details in your <a href=https://store.tcgplayer.com/myaccount/orderhistory>Order History</a> to opt in to having your <strong>Code Card</strong> code delivered digitally due to the nature of the product.",,,,,
280484,Code Card - Steam Siege 3 Pack Blister [Rayquaza],Code Card Steam Siege 3 Pack Blister Rayquaza,https://tcgplayer-cdn.tcgplayer.com/product/280484_200w.jpg,3,1815,https://cpt.tcgcsv.com/Jcg3,2022-07-27T20:08:38.457,1,,,,,,,,Code Card,,,,"This listing is <strong>not</strong> a physical item. Please keep in mind that this <strong>Code Card</strong> listing represents a digital copy of the stated item for the Pokémon TCG Online <strong>and/or</strong> the Pokémon TCG Live games. You may receive the physical <strong>Code Card</strong>. Upon purchase, please work with your specific Seller by sending them a message using the <strong>Contact Seller</strong> button on the order details in your <a href=https://store.tcgplayer.com/myaccount/orderhistory>Order History</a> to opt in to having your <strong>Code Card</strong> code delivered digitally due to the nature of the product.",,,,,
280485,Code Card - Steam Siege Collectible Pin 3 Pack Blister [Shiny Mega Gardevoir],Code Card Steam Siege Collectible Pin 3 Pack Blister Shiny Mega Gardevoir,https://tcgplayer-cdn.tcgplayer.com/product/280485_200w.jpg,3,1815,https://cpt.tcgcsv.com/Kcg3,2022-07-27T20:08:46.08,1,,,,,,,,Code Card,,,,"This listing is <strong>not</strong> a physical item. Please keep in mind that this <strong>Code Card</strong> listing represents a digital copy of the stated item for the Pokémon TCG Online <strong>and/or</strong> the Pokémon TCG Live games. You may receive the physical <strong>Code Card</strong>. Upon purchase, please work with your specific Seller by sending them a message using the <strong>Contact Seller</strong> button on the order details in your <a href=https://store.tcgplayer.com/myaccount/orderhistory>Order History</a> to opt in to having your <strong>Code Card</strong> code delivered digitally due to the nature of the product.",,,,,
280486,Code Card - Steam Siege Collectible Pin 3 Pack Blister [Volcanion],Code Card Steam Siege Collectible Pin 3 Pack Blister Volcanion,https://tcgplayer-cdn.tcgplayer.com/product/280486_200w.jpg,3,1815,https://cpt.tcgcsv.com/Lcg3,2022-07-27T20:08:56.227,1,,,,,,,,Code Card,,,,"This listing is <strong>not</strong> a physical item. Please keep in mind that this <strong>Code Card</strong> listing represents a digital copy of the stated item for the Pokémon TCG Online <strong>and/or</strong> the Pokémon TCG Live games. You may receive the physical <strong>Code Card</strong>. Upon purchase, please work with your specific Seller by sending them a message using the <strong>Contact Seller</strong> button on the order details in your <a href=https://store.tcgplayer.com/myaccount/orderhistory>Order History</a> to opt in to having your <strong>Code Card</strong> code delivered digitally due to the nature of the product.",,,,,
280487,Code Card - Steam Siege Elite Trainer Box,Code Card Steam Siege Elite Trainer Box,https://tcgplayer-cdn.tcgplayer.com/product/280487_200w.jpg,3,1815,https://cpt.tcgcsv.com/Mcg3,2022-07-27T20:09:30.623,1,,,,,,,,Code Card,,,,"This listing is <strong>not</strong> a physical item. Please keep in mind that this <strong>Code Card</strong> listing represents a digital copy of the stated item for the Pokémon TCG Online <strong>and/or</strong> the Pokémon TCG Live games. You may receive the physical <strong>Code Card</strong>. Upon purchase, please work with your specific Seller by sending them a message using the <strong>Contact Seller</strong> button on the order details in your <a href=https://store.tcgplayer.com/myaccount/orderhistory>Order History</a> to opt in to having your <strong>Code Card</strong> code delivered digitally due to the nature of the product.",,,,,
280488,Code Card - Steam Siege Single Pack Blister [Floette],Code Card Steam Siege Single Pack Blister Floette,https://tcgplayer-cdn.tcgplayer.com/product/280488_200w.jpg,3,1815,https://cpt.tcgcsv.com/Ncg3,2022-07-27T20:09:39.127,1,,,,,,,,Code Card,,,,"This listing is <strong>not</strong> a physical item. Please keep in mind that this <strong>Code Card</strong> listing represents a digital copy of the stated item for the Pokémon TCG Online <strong>and/or</strong> the Pokémon TCG Live games. You may receive the physical <strong>Code Card</strong>. Upon purchase, please work with your specific Seller by sending them a message using the <strong>Contact Seller</strong> button on the order details in your <a href=https://store.tcgplayer.com/myaccount/orderhistory>Order History</a> to opt in to having your <strong>Code Card</strong> code delivered digitally due to the nature of the product.",,,,,
280489,Code Card - Steam Siege Single Pack Blister [Lucario],Code Card Steam Siege Single Pack Blister Lucario,https://tcgplayer-cdn.tcgplayer.com/product/280489_200w.jpg,3,1815,https://cpt.tcgcsv.com/Pcg3,2022-07-27T20:09:50.307,1,,,,,,,,Code Card,,,,"This listing is <strong>not</strong> a physical item. Please keep in mind that this <strong>Code Card</strong> listing represents a digital copy of the stated item for the Pokémon TCG Online <strong>and/or</strong> the Pokémon TCG Live games. You may receive the physical <strong>Code Card</strong>. Upon purchase, please work with your specific Seller by sending them a message using the <strong>Contact Seller</strong> button on the order details in your <a href=https://store.tcgplayer.com/myaccount/orderhistory>Order History</a> to opt in to having your <strong>Code Card</strong> code delivered digitally due to the nature of the product.",,,,,
280490,"Code Card - Steam Siege Theme Deck - ""Gears of Fire"" [Volcanion]",Code Card Steam Siege Theme Deck Gears of Fire Volcanion,https://tcgplayer-cdn.tcgplayer.com/product/280490_200w.jpg,3,1815,https://cpt.tcgcsv.com/Qcg3,2022-07-27T20:09:58.5,1,3.69,3.69,3.69,,,Normal,,Code Card,,,,"This listing is <strong>not</strong> a physical item. Please keep in mind that this <strong>Code Card</strong> listing represents a digital copy of the stated item for the Pokémon TCG Online <strong>and/or</strong> the Pokémon TCG Live games. You may receive the physical <strong>Code Card</strong>. Upon purchase, please work with your specific Seller by sending them a message using the <strong>Contact Seller</strong> button on the order details in your <a href=https://store.tcgplayer.com/myaccount/orderhistory>Order History</a> to opt in to having your <strong>Code Card</strong> code delivered digitally due to the nature of the product.",,,,,
280491,"Code Card - Steam Siege Theme Deck - ""Ring of Lightning"" [Hoopa]",Code Card Steam Siege Theme Deck Ring of Lightning Hoopa,https://tcgplayer-cdn.tcgplayer.com/product/280491_200w.jpg,3,1815,https://cpt.tcgcsv.com/Rcg3,2022-07-27T20:10:07.743,1,2.29,2.49,3.99,,,Normal,,Code Card,,,,"This listing is <strong>not</strong> a physical item. Please keep in mind that this <strong>Code Card</strong> listing represents a digital copy of the stated item for the Pokémon TCG Online <strong>and/or</strong> the Pokémon TCG Live games. You may receive the physical <strong>Code Card</strong>. Upon purchase, please work with your specific Seller by sending them a message using the <strong>Contact Seller</strong> button on the order details in your <a href=https://store.tcgplayer.com/myaccount/orderhistory>Order History</a> to opt in to having your <strong>Code Card</strong> code delivered digitally due to the nature of the product.",,,,,
656718,Steam Siege Sleeved Booster Case,Steam Siege Sleeved Booster Case,https://tcgplayer-cdn.tcgplayer.com/product/656718_200w.jpg,3,1815,https://cpt.tcgcsv.com/nJg7,2025-10-02T14:17:44.98,0,24999.0,24999.0,24999.0,,,Normal,,,,,,"Dual Powers Clash!
<br>
Long years of stability come to an end when Shiny Mega Gardevoir-EX lays siege to the mighty Gear Palace with a host of greedy forces. The Mythical Steam Pokémon Volcanion must wield the dual powers of fire and water to stop them! As the battle rages, Xerneas BREAK and Yveltal BREAK face off in the Pokémon TCG: XY—Steam Siege expansion!
<br><br>
Each Steam Siege sleeved booster pack case contains 144 booster packs.",,,,,
