productId,name,cleanName,imageUrl,categoryId,groupId,url,modifiedOn,imageCount,extNumber,extRarity,extCardType,extHP,extStage,extCardText,extAttack1,extWeakness,extResistance,extRetreatCost,lowPrice,midPrice,highPrice,marketPrice,directLowPrice,subTypeName,extAttack2
83462,Aegislash (85),Aegislash 85,https://tcgplayer-cdn.tcgplayer.com/product/83462_200w.jpg,3,1387,https://cpt.tcgcsv.com/gpH,2022-12-14T18:21:36.623,1,85/146,Rare,Metal,140,Stage 2,"Stance Change - Once during your turn (before your attack), you may switch this Pokemon with an Aegislash in your hand.  (Any cards attached to this Pokemon, damage counters, Special Conditions, turns in play, and any other effects remain on the new Pokemon.)  (Ability)",[2MM] Buster Swing (120) This attack's damage isn't affected by Resistance.,Rx2,P-20,3,0.2,0.51,1.25,0.59,,Normal,
83462,Aegislash (85),Aegislash 85,https://tcgplayer-cdn.tcgplayer.com/product/83462_200w.jpg,3,1387,https://cpt.tcgcsv.com/gpH,2022-12-14T18:21:36.623,1,85/146,Rare,Metal,140,Stage 2,"Stance Change - Once during your turn (before your attack), you may switch this Pokemon with an Aegislash in your hand.  (Any cards attached to this Pokemon, damage counters, Special Conditions, turns in play, and any other effects remain on the new Pokemon.)  (Ability)",[2MM] Buster Swing (120) This attack's damage isn't affected by Resistance.,Rx2,P-20,3,0.49,0.99,96.95,0.98,96.95,Reverse Holofoil,
83463,Aegislash (86),Aegislash 86,https://tcgplayer-cdn.tcgplayer.com/product/83463_200w.jpg,3,1387,https://cpt.tcgcsv.com/hpH,2022-12-14T18:21:45.87,1,86/146,Holo Rare,Metal,140,Stage 2,"Stance Change - Once during your turn (before your attack), you may switch this Pokemon with an Aegislash in your hand.  (Any cards attached to this Pokemon, damage counters, Special Conditions, turns in play, and any other effects remain on the new Pokemon.)  (Ability)",[2MM] King's Shield (50) Prevent all damage done to this Pokemon by attacks during your opponent's next turn.  This Pokemon can't use King's Shield during your next turn.,Rx2,P-20,3,0.4,1.19,96.95,2.03,3.59,Holofoil,
83463,Aegislash (86),Aegislash 86,https://tcgplayer-cdn.tcgplayer.com/product/83463_200w.jpg,3,1387,https://cpt.tcgcsv.com/hpH,2022-12-14T18:21:45.87,1,86/146,Holo Rare,Metal,140,Stage 2,"Stance Change - Once during your turn (before your attack), you may switch this Pokemon with an Aegislash in your hand.  (Any cards attached to this Pokemon, damage counters, Special Conditions, turns in play, and any other effects remain on the new Pokemon.)  (Ability)",[2MM] King's Shield (50) Prevent all damage done to this Pokemon by attacks during your opponent's next turn.  This Pokemon can't use King's Shield during your next turn.,Rx2,P-20,3,1.0,1.68,2.69,2.0,,Reverse Holofoil,
83571,Arbok,Arbok,https://tcgplayer-cdn.tcgplayer.com/product/83571_200w.jpg,3,1387,https://cpt.tcgcsv.com/rrH,2022-12-14T18:15:57.6,1,48/146,Rare,Psychic,90,Stage 1,,[1] Gastro Acid (20) The Defending Pokemon has no Abilities until the end of your next turn.,Px2,,1,0.2,0.68,1.81,0.67,,Normal,[2P] Poison Jab (50) Your opponent's Active Pokemon is now Poisoned.
83571,Arbok,Arbok,https://tcgplayer-cdn.tcgplayer.com/product/83571_200w.jpg,3,1387,https://cpt.tcgcsv.com/rrH,2022-12-14T18:15:57.6,1,48/146,Rare,Psychic,90,Stage 1,,[1] Gastro Acid (20) The Defending Pokemon has no Abilities until the end of your next turn.,Px2,,1,0.5,0.81,4.19,0.77,,Reverse Holofoil,[2P] Poison Jab (50) Your opponent's Active Pokemon is now Poisoned.
83627,Aromatisse,Aromatisse,https://tcgplayer-cdn.tcgplayer.com/product/83627_200w.jpg,3,1387,https://cpt.tcgcsv.com/zsH,2025-11-25T12:43:06.447,1,93/146,Holo Rare,Fairy,90,Stage 1,"Fairy Transfer - As often as you like during your turn (before your attack), you may move a Y Energy attached to 1 of your Pokemon to another of your Pokemon.  (Ability)",[1YY] Fairy Wind (60),Mx2,D-20,2,1.09,1.71,15.0,1.69,,Holofoil,
83627,Aromatisse,Aromatisse,https://tcgplayer-cdn.tcgplayer.com/product/83627_200w.jpg,3,1387,https://cpt.tcgcsv.com/zsH,2025-11-25T12:43:06.447,1,93/146,Holo Rare,Fairy,90,Stage 1,"Fairy Transfer - As often as you like during your turn (before your attack), you may move a Y Energy attached to 1 of your Pokemon to another of your Pokemon.  (Ability)",[1YY] Fairy Wind (60),Mx2,D-20,2,2.0,3.0,15.0,2.96,,Reverse Holofoil,
83774,Beedrill,Beedrill,https://tcgplayer-cdn.tcgplayer.com/product/83774_200w.jpg,3,1387,https://cpt.tcgcsv.com/vwH,2022-12-14T18:10:39.053,1,5/146,Rare,Grass,120,Stage 2,,[G] Poison Jab (20) Your opponent's Active Pokemon is now Poisoned.,Rx2,,1,0.4,0.61,1.31,0.63,,Normal,"[GG] Flash Needle (40x) Flip 3 coins.  This attack does 40 damage times the number of heads.  If all of them are heads, prevent all effects of attacks, including damage, done to this Pokemon during your opponent's next turn."
83774,Beedrill,Beedrill,https://tcgplayer-cdn.tcgplayer.com/product/83774_200w.jpg,3,1387,https://cpt.tcgcsv.com/vwH,2022-12-14T18:10:39.053,1,5/146,Rare,Grass,120,Stage 2,,[G] Poison Jab (20) Your opponent's Active Pokemon is now Poisoned.,Rx2,,1,0.65,1.2,3.19,1.38,,Reverse Holofoil,"[GG] Flash Needle (40x) Flip 3 coins.  This attack does 40 damage times the number of heads.  If all of them are heads, prevent all effects of attacks, including damage, done to this Pokemon during your opponent's next turn."
83822,Bibarel,Bibarel,https://tcgplayer-cdn.tcgplayer.com/product/83822_200w.jpg,3,1387,https://cpt.tcgcsv.com/sxH,2022-12-14T18:25:14.323,1,107/146,Rare,Colorless,100,Stage 1,,[2] Double Headbutt (30x) Flip 2 coins.  This attack does 30 damage times the number of heads.,Fx2,,3,0.25,0.53,19.5,0.59,0.39,Normal,"[3] Hypno Headbutt (60+) You may do 30 more damage.  If you do, this Pokemon is now Asleep."
83822,Bibarel,Bibarel,https://tcgplayer-cdn.tcgplayer.com/product/83822_200w.jpg,3,1387,https://cpt.tcgcsv.com/sxH,2022-12-14T18:25:14.323,1,107/146,Rare,Colorless,100,Stage 1,,[2] Double Headbutt (30x) Flip 2 coins.  This attack does 30 damage times the number of heads.,Fx2,,3,0.3,0.75,2.63,0.91,,Reverse Holofoil,"[3] Hypno Headbutt (60+) You may do 30 more damage.  If you do, this Pokemon is now Asleep."
83830,Bidoof,Bidoof,https://tcgplayer-cdn.tcgplayer.com/product/83830_200w.jpg,3,1387,https://cpt.tcgcsv.com/DxH,2022-12-14T18:25:05.56,1,106/146,Common,Colorless,60,Basic,,"[2] Hyper Fang (40) Flip a coin.  If tails, this attack does nothing.",Fx2,,3,0.05,0.27,4.0,0.26,,Normal,
83830,Bidoof,Bidoof,https://tcgplayer-cdn.tcgplayer.com/product/83830_200w.jpg,3,1387,https://cpt.tcgcsv.com/DxH,2022-12-14T18:25:05.56,1,106/146,Common,Colorless,60,Basic,,"[2] Hyper Fang (40) Flip a coin.  If tails, this attack does nothing.",Fx2,,3,0.45,1.22,1.99,1.25,,Reverse Holofoil,
83846,Bisharp,Bisharp,https://tcgplayer-cdn.tcgplayer.com/product/83846_200w.jpg,3,1387,https://cpt.tcgcsv.com/XxH,2022-12-14T18:21:10.157,1,82/146,Rare,Metal,90,Stage 1,,[M] Metal Sound - Your opponent's Active Pokemon is now Confused.,Rx2,P-20,2,0.15,0.46,1.56,0.46,,Normal,"[1M] Metal Wallop (40) During your next turn, this Pokemon's Metal Wallop attack does 40 more damage (before applying Weakness and Resistance)."
83846,Bisharp,Bisharp,https://tcgplayer-cdn.tcgplayer.com/product/83846_200w.jpg,3,1387,https://cpt.tcgcsv.com/XxH,2022-12-14T18:21:10.157,1,82/146,Rare,Metal,90,Stage 1,,[M] Metal Sound - Your opponent's Active Pokemon is now Confused.,Rx2,P-20,2,0.25,0.59,1.17,0.56,,Reverse Holofoil,"[1M] Metal Wallop (40) During your next turn, this Pokemon's Metal Wallop attack does 40 more damage (before applying Weakness and Resistance)."
83901,Blastoise EX,Blastoise EX,https://tcgplayer-cdn.tcgplayer.com/product/83901_200w.jpg,3,1387,https://cpt.tcgcsv.com/2BH,2026-01-29T18:51:19.903,1,29/146,Ultra Rare,Water,180,Basic,,"[2] Rapid Spin (30)
<br>Switch this Pokemon with 1 of your Benched Pokemon.  Then, your opponent switches his or her Active Pokemon with 1 of his or her Benched Pokemon.",Gx2,None,3,5.0,6.99,105.98,6.9,,Holofoil,"[WWW] Splash Bomb (120) 
<br>Flip a coin.  If tails, this Pokemon does 30 damage to itself."
83902,Blastoise EX (142 Full Art),Blastoise EX 142 Full Art,https://tcgplayer-cdn.tcgplayer.com/product/83902_200w.jpg,3,1387,https://cpt.tcgcsv.com/3BH,2022-12-14T18:31:20.743,1,142/146,Ultra Rare,Water,180,Basic,,"[2] Rapid Spin (30) 
<br>Switch this Pokemon with 1 of your Benched Pokemon.  Then, your opponent switches his or her Active Pokemon with 1 of his or her Benched Pokemon.",Gx2,None,3,125.0,159.39,299.99,142.77,,Holofoil,"[WWW] Splash Bomb (120) 
<br>Flip a coin.  If tails, this Pokemon does 30 damage to itself."
83948,Braixen,Braixen,https://tcgplayer-cdn.tcgplayer.com/product/83948_200w.jpg,3,1387,https://cpt.tcgcsv.com/-BH,2025-12-03T02:46:32.847,1,25/146,Uncommon,Fire,80,Stage 1,,[1] Clairvoyant Eye - Look at the top 3 cards of your deck and put them back on top of your deck in any order.,Wx2,,1,0.05,0.3,4.0,0.37,0.22,Normal,[1R] Fire Tail Slap (40) Discard a R Energy attached to this Pokemon.
83948,Braixen,Braixen,https://tcgplayer-cdn.tcgplayer.com/product/83948_200w.jpg,3,1387,https://cpt.tcgcsv.com/-BH,2025-12-03T02:46:32.847,1,25/146,Uncommon,Fire,80,Stage 1,,[1] Clairvoyant Eye - Look at the top 3 cards of your deck and put them back on top of your deck in any order.,Wx2,,1,0.5,1.0,2.0,1.02,,Reverse Holofoil,[1R] Fire Tail Slap (40) Discard a R Energy attached to this Pokemon.
84046,Bunnelby,Bunnelby,https://tcgplayer-cdn.tcgplayer.com/product/84046_200w.jpg,3,1387,https://cpt.tcgcsv.com/XDH,2022-12-14T18:25:49.403,1,111/146,Common,Colorless,60,Basic,,"[2] Dig (10) Flip a coin.  If heads, prevent all effects off attacks, including damage, done to this Pokemon during your opponent's next turn.",Fx2,,1,0.05,0.2,4.0,0.19,0.09,Normal,
84046,Bunnelby,Bunnelby,https://tcgplayer-cdn.tcgplayer.com/product/84046_200w.jpg,3,1387,https://cpt.tcgcsv.com/XDH,2022-12-14T18:25:49.403,1,111/146,Common,Colorless,60,Basic,,"[2] Dig (10) Flip a coin.  If heads, prevent all effects off attacks, including damage, done to this Pokemon during your opponent's next turn.",Fx2,,1,0.15,0.5,2.5,0.64,0.23,Reverse Holofoil,
84124,Cassius,Cassius,https://tcgplayer-cdn.tcgplayer.com/product/84124_200w.jpg,3,1387,https://cpt.tcgcsv.com/vGH,2025-02-05T21:08:40.647,1,115/146,Uncommon,Supporter,0,Supporter,Shuffle 1 of your Pokemon and all cards attached to it into your deck.,Shuffle 1 of your Pokemon and all cards attached to it into your deck.,,,,0.09,0.24,4.0,0.2,,Normal,
84124,Cassius,Cassius,https://tcgplayer-cdn.tcgplayer.com/product/84124_200w.jpg,3,1387,https://cpt.tcgcsv.com/vGH,2025-02-05T21:08:40.647,1,115/146,Uncommon,Supporter,0,Supporter,Shuffle 1 of your Pokemon and all cards attached to it into your deck.,Shuffle 1 of your Pokemon and all cards attached to it into your deck.,,,,0.25,0.45,3.99,0.45,,Reverse Holofoil,
84267,Chesnaught,Chesnaught,https://tcgplayer-cdn.tcgplayer.com/product/84267_200w.jpg,3,1387,https://cpt.tcgcsv.com/mKH,2022-12-14T18:11:38.877,1,14/146,Holo Rare,Grass,160,Stage 2,"Spiky Shield - If this Pokemon is your Active Pokemon and is damaged by an opponent's attack (even if this Pokemon is Knocked Out), put 3 damage counters on the Attacking Pokemon.  (Ability)",[2GG] Touchdown (90) Heal 20 damage from this Pokemon.,Rx2,,4,0.98,2.07,3.99,2.25,,Holofoil,
84267,Chesnaught,Chesnaught,https://tcgplayer-cdn.tcgplayer.com/product/84267_200w.jpg,3,1387,https://cpt.tcgcsv.com/mKH,2022-12-14T18:11:38.877,1,14/146,Holo Rare,Grass,160,Stage 2,"Spiky Shield - If this Pokemon is your Active Pokemon and is damaged by an opponent's attack (even if this Pokemon is Knocked Out), put 3 damage counters on the Attacking Pokemon.  (Ability)",[2GG] Touchdown (90) Heal 20 damage from this Pokemon.,Rx2,,4,1.35,2.28,3.93,2.65,,Reverse Holofoil,
84269,Chespin,Chespin,https://tcgplayer-cdn.tcgplayer.com/product/84269_200w.jpg,3,1387,https://cpt.tcgcsv.com/pKH,2022-12-14T18:11:27.8,1,12/146,Common,Grass,60,Basic,,[G] Pin Missile (10x) Flip 4 coins.  This attack does 10 damage times the number of heads.,Rx2,,2,0.15,0.37,4.0,0.37,0.22,Normal,
84269,Chespin,Chespin,https://tcgplayer-cdn.tcgplayer.com/product/84269_200w.jpg,3,1387,https://cpt.tcgcsv.com/pKH,2022-12-14T18:11:27.8,1,12/146,Common,Grass,60,Basic,,[G] Pin Missile (10x) Flip 4 coins.  This attack does 10 damage times the number of heads.,Rx2,,2,0.6,0.9,2.0,1.05,,Reverse Holofoil,
84375,Cloyster,Cloyster,https://tcgplayer-cdn.tcgplayer.com/product/84375_200w.jpg,3,1387,https://cpt.tcgcsv.com/wMH,2026-02-17T23:36:06.48,1,32/146,Rare,Water,100,Stage 1,,"[1W] Clamp Crush (30) Flip a coin.  If heads, your opponent's Active Pokemon is now Paralyzed and discard and Energy attached to that Pokemon.",Gx2,,3,0.23,0.41,1.72,0.42,,Normal,[1WW] Spike Cannon (30x) Flip 5 coins.  This attack does 30 damage times the number of heads.
84375,Cloyster,Cloyster,https://tcgplayer-cdn.tcgplayer.com/product/84375_200w.jpg,3,1387,https://cpt.tcgcsv.com/wMH,2026-02-17T23:36:06.48,1,32/146,Rare,Water,100,Stage 1,,"[1W] Clamp Crush (30) Flip a coin.  If heads, your opponent's Active Pokemon is now Paralyzed and discard and Energy attached to that Pokemon.",Gx2,,3,0.25,0.86,7.95,1.08,,Reverse Holofoil,[1WW] Spike Cannon (30x) Flip 5 coins.  This attack does 30 damage times the number of heads.
84421,Conkeldurr,Conkeldurr,https://tcgplayer-cdn.tcgplayer.com/product/84421_200w.jpg,3,1387,https://cpt.tcgcsv.com/rNH,2023-03-23T14:53:20.357,1,67/146,Rare,Fighting,140,Stage 2,,"[F] Wake-Up Slap (30+) If your opponent's Active Pokemon is affected by a Special Condition, this attack does 60 more damage.  Then, remove all Special Conditions from that Pokemon.",Px2,,3,0.2,0.5,1.9,0.77,,Normal,"[1FF] Dynamic Punch (60+) Flip a coin.  If heads, this attack does 40 more damage and your opponent's Active Pokemon is now Confused."
84421,Conkeldurr,Conkeldurr,https://tcgplayer-cdn.tcgplayer.com/product/84421_200w.jpg,3,1387,https://cpt.tcgcsv.com/rNH,2023-03-23T14:53:20.357,1,67/146,Rare,Fighting,140,Stage 2,,"[F] Wake-Up Slap (30+) If your opponent's Active Pokemon is affected by a Special Condition, this attack does 60 more damage.  Then, remove all Special Conditions from that Pokemon.",Px2,,3,0.25,0.89,2.49,0.9,,Reverse Holofoil,"[1FF] Dynamic Punch (60+) Flip a coin.  If heads, this attack does 40 more damage and your opponent's Active Pokemon is now Confused."
84444,Corsola,Corsola,https://tcgplayer-cdn.tcgplayer.com/product/84444_200w.jpg,3,1387,https://cpt.tcgcsv.com/VNH,2025-11-20T22:01:50.83,1,36/146,Uncommon,Water,70,Basic,,[1] Refresh - Heal 30 damage and remove all Special Conditions from this Pokemon.,Gx2,,1,0.15,0.28,4.0,0.28,0.23,Normal,[1W] Spiny Rush (20+) Flip a coin until you get tails.  This attack does 20 more damage for each heads.
84444,Corsola,Corsola,https://tcgplayer-cdn.tcgplayer.com/product/84444_200w.jpg,3,1387,https://cpt.tcgcsv.com/VNH,2025-11-20T22:01:50.83,1,36/146,Uncommon,Water,70,Basic,,[1] Refresh - Heal 30 damage and remove all Special Conditions from this Pokemon.,Gx2,,1,0.4,0.66,2.49,0.72,,Reverse Holofoil,[1W] Spiny Rush (20+) Flip a coin until you get tails.  This attack does 20 more damage for each heads.
84681,Darkness Energy (Basic),Darkness Energy Basic,https://tcgplayer-cdn.tcgplayer.com/product/84681_200w.jpg,3,1387,https://cpt.tcgcsv.com/FTH,2025-02-05T21:08:40.7,1,138/146,Common,Energy,0,Energy,,,,,,0.2,0.54,0.86,0.78,,Normal,
84743,Delcatty,Delcatty,https://tcgplayer-cdn.tcgplayer.com/product/84743_200w.jpg,3,1387,https://cpt.tcgcsv.com/TVH,2022-12-14T18:24:57.207,1,105/146,Uncommon,Colorless,80,Stage 1,,"[1] Energy Salon - Search your deck for up to 3 different types of basic Energy cards, reveal them, and put them into your hand.  Shuffle your deck afterward.",Fx2,,1,0.1,0.25,4.0,0.23,,Normal,"[2] Fake Out (30) Flip a coin.  If heads, your opponent's Active Pokemon is now Paralyzed."
84743,Delcatty,Delcatty,https://tcgplayer-cdn.tcgplayer.com/product/84743_200w.jpg,3,1387,https://cpt.tcgcsv.com/TVH,2022-12-14T18:24:57.207,1,105/146,Uncommon,Colorless,80,Stage 1,,"[1] Energy Salon - Search your deck for up to 3 different types of basic Energy cards, reveal them, and put them into your hand.  Shuffle your deck afterward.",Fx2,,1,0.41,0.79,3.99,0.85,,Reverse Holofoil,"[2] Fake Out (30) Flip a coin.  If heads, your opponent's Active Pokemon is now Paralyzed."
84752,Delphox,Delphox,https://tcgplayer-cdn.tcgplayer.com/product/84752_200w.jpg,3,1387,https://cpt.tcgcsv.com/3WH,2026-02-13T23:32:21.537,1,26/146,Holo Rare,Fire,140,Stage 2,"Mystical Fire - Once during your turn (before your attack), you may draw cards until you have 6 cards in your hand.  (Ability)",[3] Blaze Ball (50+) This attack does 20 more damage for each R Energy attached to this Pokemon.,Wx2,,2,1.25,1.6,5.99,1.48,5.19,Holofoil,
84752,Delphox,Delphox,https://tcgplayer-cdn.tcgplayer.com/product/84752_200w.jpg,3,1387,https://cpt.tcgcsv.com/3WH,2026-02-13T23:32:21.537,1,26/146,Holo Rare,Fire,140,Stage 2,"Mystical Fire - Once during your turn (before your attack), you may draw cards until you have 6 cards in your hand.  (Ability)",[3] Blaze Ball (50+) This attack does 20 more damage for each R Energy attached to this Pokemon.,Wx2,,2,1.5,1.97,3.35,2.14,,Reverse Holofoil,
84816,Diggersby,Diggersby,https://tcgplayer-cdn.tcgplayer.com/product/84816_200w.jpg,3,1387,https://cpt.tcgcsv.com/lXH,2022-12-14T18:25:58.203,1,112/146,Uncommon,Colorless,100,Stage 1,,[2] Pickup - Put 2 Item cards from your discard pile into your hand.,Fx2,,2,0.05,0.23,1.49,0.23,,Normal,"[3] Dig (50) Flip a coin.  If heads, prevent all effects of attacks, including damage, done to this Pokemon during your opponent's next turn."
84816,Diggersby,Diggersby,https://tcgplayer-cdn.tcgplayer.com/product/84816_200w.jpg,3,1387,https://cpt.tcgcsv.com/lXH,2022-12-14T18:25:58.203,1,112/146,Uncommon,Colorless,100,Stage 1,,[2] Pickup - Put 2 Item cards from your discard pile into your hand.,Fx2,,2,0.2,0.5,3.99,0.57,,Reverse Holofoil,"[3] Dig (50) Flip a coin.  If heads, prevent all effects of attacks, including damage, done to this Pokemon during your opponent's next turn."
84827,Diglett,Diglett,https://tcgplayer-cdn.tcgplayer.com/product/84827_200w.jpg,3,1387,https://cpt.tcgcsv.com/zXH,2025-02-05T21:08:40.747,1,58/146,Common,Fighting,50,Basic,,"[F] Mine - Look at the top card of your opponent's deck.  Then, you may have your opponent shuffle his or her deck.",Gx2,,1,0.01,0.25,1.54,0.29,,Normal,[1F] Mud-Slap (20)
84827,Diglett,Diglett,https://tcgplayer-cdn.tcgplayer.com/product/84827_200w.jpg,3,1387,https://cpt.tcgcsv.com/zXH,2025-02-05T21:08:40.747,1,58/146,Common,Fighting,50,Basic,,"[F] Mine - Look at the top card of your opponent's deck.  Then, you may have your opponent shuffle his or her deck.",Gx2,,1,0.39,0.75,1.17,0.77,,Reverse Holofoil,[1F] Mud-Slap (20)
84856,Dodrio,Dodrio,https://tcgplayer-cdn.tcgplayer.com/product/84856_200w.jpg,3,1387,https://cpt.tcgcsv.com/8ZH,2025-12-04T00:53:24.807,1,99/146,Uncommon,Colorless,90,Stage 1,,[1] Rage (20+) This attack does 10 more damage for each damage counter on this Pokemon.,Lx2,F-20,1,0.05,0.24,4.0,0.25,0.19,Normal,[3] Endeavor (50+) Flip 2 coins.  This attack does 20 more damage for each heads.
84856,Dodrio,Dodrio,https://tcgplayer-cdn.tcgplayer.com/product/84856_200w.jpg,3,1387,https://cpt.tcgcsv.com/8ZH,2025-12-04T00:53:24.807,1,99/146,Uncommon,Colorless,90,Stage 1,,[1] Rage (20+) This attack does 10 more damage for each damage counter on this Pokemon.,Lx2,F-20,1,0.35,0.66,2.0,0.56,,Reverse Holofoil,[3] Endeavor (50+) Flip 2 coins.  This attack does 20 more damage for each heads.
84867,Doduo,Doduo,https://tcgplayer-cdn.tcgplayer.com/product/84867_200w.jpg,3,1387,https://cpt.tcgcsv.com/mZH,2026-02-13T23:54:29.907,1,98/146,Common,Colorless,70,Basic,,[3] Double Hit (30x) Flip 2 coins.  This attack does 30 damage times the number of heads.,Lx2,F-20,1,0.01,0.2,4.0,0.14,0.17,Normal,
84867,Doduo,Doduo,https://tcgplayer-cdn.tcgplayer.com/product/84867_200w.jpg,3,1387,https://cpt.tcgcsv.com/mZH,2026-02-13T23:54:29.907,1,98/146,Common,Colorless,70,Basic,,[3] Double Hit (30x) Flip 2 coins.  This attack does 30 damage times the number of heads.,Lx2,F-20,1,0.2,0.62,2.11,0.64,0.67,Reverse Holofoil,
84881,Doublade,Doublade,https://tcgplayer-cdn.tcgplayer.com/product/84881_200w.jpg,3,1387,https://cpt.tcgcsv.com/FZH,2022-12-14T18:21:26.79,1,84/146,Uncommon,Metal,80,Stage 1,,[1M] Dual Blades (30x) Flip 2 coins.  This attack does 30 damage times the number of heads.,Rx2,P-20,2,0.06,0.23,5.0,0.23,,Normal,
84881,Doublade,Doublade,https://tcgplayer-cdn.tcgplayer.com/product/84881_200w.jpg,3,1387,https://cpt.tcgcsv.com/FZH,2022-12-14T18:21:26.79,1,84/146,Uncommon,Metal,80,Stage 1,,[1M] Dual Blades (30x) Flip 2 coins.  This attack does 30 damage times the number of heads.,Rx2,P-20,2,0.29,0.56,3.99,0.76,,Reverse Holofoil,
84886,Double Colorless Energy,Double Colorless Energy,https://tcgplayer-cdn.tcgplayer.com/product/84886_200w.jpg,3,1387,https://cpt.tcgcsv.com/LZH,2025-11-24T21:21:09.227,1,130/146,Uncommon,Special Energy,,,Double Colorless Energy provides Colorless Colorless Energy.,,,,,0.4,0.66,1.99,0.72,,Normal,
84886,Double Colorless Energy,Double Colorless Energy,https://tcgplayer-cdn.tcgplayer.com/product/84886_200w.jpg,3,1387,https://cpt.tcgcsv.com/LZH,2025-11-24T21:21:09.227,1,130/146,Uncommon,Special Energy,,,Double Colorless Energy provides Colorless Colorless Energy.,,,,,0.63,1.35,3.47,1.91,,Reverse Holofoil,
85005,Dugtrio,Dugtrio,https://tcgplayer-cdn.tcgplayer.com/product/85005_200w.jpg,3,1387,https://cpt.tcgcsv.com/70J,2024-05-01T20:20:50.93,1,59/146,Rare,Fighting,90,Stage 1,,[F] Earthquake (60) This attack does 10 damage to each of your Benched Pokemon.  (Don't apply Weakness and Resistance for Benched Pokemon.),Gx2,,1,0.1,0.35,4.0,0.35,0.23,Normal,[2F] Rock Tumble (60) This attack's damage isn't affected by Resistance.
85005,Dugtrio,Dugtrio,https://tcgplayer-cdn.tcgplayer.com/product/85005_200w.jpg,3,1387,https://cpt.tcgcsv.com/70J,2024-05-01T20:20:50.93,1,59/146,Rare,Fighting,90,Stage 1,,[F] Earthquake (60) This attack does 10 damage to each of your Benched Pokemon.  (Don't apply Weakness and Resistance for Benched Pokemon.),Gx2,,1,0.2,0.5,2.0,0.51,,Reverse Holofoil,[2F] Rock Tumble (60) This attack's damage isn't affected by Resistance.
85015,Dunsparce,Dunsparce,https://tcgplayer-cdn.tcgplayer.com/product/85015_200w.jpg,3,1387,https://cpt.tcgcsv.com/k0J,2022-12-14T18:24:19.847,1,101/146,Uncommon,Colorless,40,Basic,,"[1] Glare - Flip a coin.  If heads, your opponent's Active Pokemon is now Paralyzed.",Fx2,,0,0.04,0.23,4.0,0.23,,Normal,[2] Second Bite (10+) This attack does 10 more damage for each damage counter on your opponent's Active Pokemon.
85015,Dunsparce,Dunsparce,https://tcgplayer-cdn.tcgplayer.com/product/85015_200w.jpg,3,1387,https://cpt.tcgcsv.com/k0J,2022-12-14T18:24:19.847,1,101/146,Uncommon,Colorless,40,Basic,,"[1] Glare - Flip a coin.  If heads, your opponent's Active Pokemon is now Paralyzed.",Fx2,,0,0.5,0.7,2.0,0.71,,Reverse Holofoil,[2] Second Bite (10+) This attack does 10 more damage for each damage counter on your opponent's Active Pokemon.
85104,Ekans,Ekans,https://tcgplayer-cdn.tcgplayer.com/product/85104_200w.jpg,3,1387,https://cpt.tcgcsv.com/63J,2025-11-25T12:48:09.413,1,47/146,Common,Psychic,70,Basic,,[2] Bite (20),Px2,,2,0.04,0.23,4.0,0.23,,Normal,
85104,Ekans,Ekans,https://tcgplayer-cdn.tcgplayer.com/product/85104_200w.jpg,3,1387,https://cpt.tcgcsv.com/63J,2025-11-25T12:48:09.413,1,47/146,Common,Psychic,70,Basic,,[2] Bite (20),Px2,,2,0.35,0.8,2.5,0.89,,Reverse Holofoil,
85163,Electrode,Electrode,https://tcgplayer-cdn.tcgplayer.com/product/85163_200w.jpg,3,1387,https://cpt.tcgcsv.com/h5J,2022-12-14T18:15:37.58,1,45/146,Uncommon,Lightning,90,Stage 1,,"[L] Eerie Impulse - Flip a coin.  If heads, discard an Energy attached to 1 of your opponent's Pokemon.",Fx2,,1,0.05,0.22,4.0,0.22,0.2,Normal,[2] Rollout (40)
85163,Electrode,Electrode,https://tcgplayer-cdn.tcgplayer.com/product/85163_200w.jpg,3,1387,https://cpt.tcgcsv.com/h5J,2022-12-14T18:15:37.58,1,45/146,Uncommon,Lightning,90,Stage 1,,"[L] Eerie Impulse - Flip a coin.  If heads, discard an Energy attached to 1 of your opponent's Pokemon.",Fx2,,1,0.29,0.63,1.07,0.62,,Reverse Holofoil,[2] Rollout (40)
85195,Emolga EX,Emolga EX,https://tcgplayer-cdn.tcgplayer.com/product/85195_200w.jpg,3,1387,https://cpt.tcgcsv.com/W5J,2022-12-14T18:15:44.113,1,46/146,Ultra Rare,Lightning,110,Basic,,"[1] Energy Glide
<br>Search your deck for a Lightning Energy card and attach it to this Pokemon.  Shuffle your deck afterward.  If you attached Energy this way, switch this Pokemon with 1 of your Benched Pokemon.",Lx2,F-20,0,4.25,4.85,10.0,6.8,,Holofoil,"[2L] Electron Crush (60+) 
<br>You may discard an Energy attached to this Pokemon.  If you do, this attack does 30 more damage."
85196,Emolga EX (143 Full Art),Emolga EX 143 Full Art,https://tcgplayer-cdn.tcgplayer.com/product/85196_200w.jpg,3,1387,https://cpt.tcgcsv.com/X5J,2022-12-14T18:31:27.87,1,143/146,Ultra Rare,Lightning,110,Basic,,"[1] Energy Glide
<br>Search your deck for a Lightning Energy card and attach it to this Pokemon.  Shuffle your deck afterward.  If you attached Energy this way, switch this Pokemon with 1 of your Benched Pokemon.",Lx2,F-20,0,28.0,33.77,70.22,42.99,,Holofoil,"[2L] Electron Crush (60+) 
<br>You may discard an Energy attached to this Pokemon.  If you do, this attack does 30 more damage."
85335,Evosoda,Evosoda,https://tcgplayer-cdn.tcgplayer.com/product/85335_200w.jpg,3,1387,https://cpt.tcgcsv.com/K8J,2026-02-17T23:35:26.16,1,116/146,Uncommon,Item,0,Item,Search your deck for a card that evolves from 1 of your Pokemon and put it onto that Pokemon.  (This counts as evolving that Pokemon.)  Shuffle your deck afterward.  You can't use this card during your first turn or on a Pokemon that was put into play this turn.,,,,,0.2,0.61,5.0,0.61,,Normal,
85335,Evosoda,Evosoda,https://tcgplayer-cdn.tcgplayer.com/product/85335_200w.jpg,3,1387,https://cpt.tcgcsv.com/K8J,2026-02-17T23:35:26.16,1,116/146,Uncommon,Item,0,Item,Search your deck for a card that evolves from 1 of your Pokemon and put it onto that Pokemon.  (This counts as evolving that Pokemon.)  Shuffle your deck afterward.  You can't use this card during your first turn or on a Pokemon that was put into play this turn.,,,,,2.0,4.14,9.85,4.72,,Reverse Holofoil,
85377,Fairy Energy,Fairy Energy,https://tcgplayer-cdn.tcgplayer.com/product/85377_200w.jpg,3,1387,https://cpt.tcgcsv.com/z9J,2025-12-03T02:50:46.883,1,140/146,Common,Energy,0,Energy,,,,,,0.2,1.02,96.93,0.78,1.82,Normal,
85379,Fairy Garden,Fairy Garden,https://tcgplayer-cdn.tcgplayer.com/product/85379_200w.jpg,3,1387,https://cpt.tcgcsv.com/C9J,2025-02-05T21:08:40.793,1,117/146,Uncommon,Stadium,0,Stadium,Each Pokemon that has any A Energy attached to it (both yours and your opponent's) has no Retreat Cost.,,,,,0.05,0.25,5.0,0.3,,Normal,
85379,Fairy Garden,Fairy Garden,https://tcgplayer-cdn.tcgplayer.com/product/85379_200w.jpg,3,1387,https://cpt.tcgcsv.com/C9J,2025-02-05T21:08:40.793,1,117/146,Uncommon,Stadium,0,Stadium,Each Pokemon that has any A Energy attached to it (both yours and your opponent's) has no Retreat Cost.,,,,,0.36,0.68,2.5,0.7,,Reverse Holofoil,
85409,Fennekin,Fennekin,https://tcgplayer-cdn.tcgplayer.com/product/85409_200w.jpg,3,1387,https://cpt.tcgcsv.com/cbJ,2025-12-04T00:55:41.817,1,24/146,Common,Fire,50,Basic,,[R] Will-O-Wisp (20),Wx2,,1,0.09,0.25,1.49,0.31,,Normal,
85409,Fennekin,Fennekin,https://tcgplayer-cdn.tcgplayer.com/product/85409_200w.jpg,3,1387,https://cpt.tcgcsv.com/cbJ,2025-12-04T00:55:41.817,1,24/146,Common,Fire,50,Basic,,[R] Will-O-Wisp (20),Wx2,,1,0.25,0.5,1.0,0.49,,Reverse Holofoil,
85448,Fighting Energy,Fighting Energy,https://tcgplayer-cdn.tcgplayer.com/product/85448_200w.jpg,3,1387,https://cpt.tcgcsv.com/-bJ,2025-02-05T21:08:40.843,1,137/146,Common,Energy,0,Energy,,,,,,0.59,0.84,1.49,0.81,,Normal,
85468,Fire Energy,Fire Energy,https://tcgplayer-cdn.tcgplayer.com/product/85468_200w.jpg,3,1387,https://cpt.tcgcsv.com/ncJ,2023-07-30T09:52:03.58,1,133/146,Common,Energy,0,Energy,,,,,,0.65,0.75,1.15,0.76,,Normal,
85506,Fletchinder,Fletchinder,https://tcgplayer-cdn.tcgplayer.com/product/85506_200w.jpg,3,1387,https://cpt.tcgcsv.com/8dJ,2022-12-14T18:13:38.463,1,27/146,Uncommon,Fire,70,Stage 1,,[1] Flame Charge - Search your deck for a R Energy card and attach it to this Pokemon.  Shuffle your deck afterward.,Lx2,F-20,1,0.02,0.25,4.0,0.26,0.23,Normal,[1R] Fire Wing (30)
85506,Fletchinder,Fletchinder,https://tcgplayer-cdn.tcgplayer.com/product/85506_200w.jpg,3,1387,https://cpt.tcgcsv.com/8dJ,2022-12-14T18:13:38.463,1,27/146,Uncommon,Fire,70,Stage 1,,[1] Flame Charge - Search your deck for a R Energy card and attach it to this Pokemon.  Shuffle your deck afterward.,Lx2,F-20,1,0.28,0.57,65.0,0.7,,Reverse Holofoil,[1R] Fire Wing (30)
85507,Fletchling,Fletchling,https://tcgplayer-cdn.tcgplayer.com/product/85507_200w.jpg,3,1387,https://cpt.tcgcsv.com/9dJ,2022-12-14T18:26:06.607,1,113/146,Common,Colorless,50,Basic,,[1] Me First - Draw a card.,Lx2,F-20,1,0.04,0.25,4.0,0.26,0.19,Normal,[2] Peck (20)
85507,Fletchling,Fletchling,https://tcgplayer-cdn.tcgplayer.com/product/85507_200w.jpg,3,1387,https://cpt.tcgcsv.com/9dJ,2022-12-14T18:26:06.607,1,113/146,Common,Colorless,50,Basic,,[1] Me First - Draw a card.,Lx2,F-20,1,0.25,0.56,2.22,0.62,,Reverse Holofoil,[2] Peck (20)
85567,Froakie,Froakie,https://tcgplayer-cdn.tcgplayer.com/product/85567_200w.jpg,3,1387,https://cpt.tcgcsv.com/mfJ,2025-11-24T21:24:04.397,1,39/146,Common,Water,50,Basic,,"[W] Bounce (10) Flip a coin.  If heads, switch this Pokemon with 1 of your Benched Pokemon.",Gx2,,1,0.1,0.25,3.22,0.25,0.09,Normal,
85567,Froakie,Froakie,https://tcgplayer-cdn.tcgplayer.com/product/85567_200w.jpg,3,1387,https://cpt.tcgcsv.com/mfJ,2025-11-24T21:24:04.397,1,39/146,Common,Water,50,Basic,,"[W] Bounce (10) Flip a coin.  If heads, switch this Pokemon with 1 of your Benched Pokemon.",Gx2,,1,0.28,1.07,2.99,2.27,,Reverse Holofoil,
85570,Frogadier,Frogadier,https://tcgplayer-cdn.tcgplayer.com/product/85570_200w.jpg,3,1387,https://cpt.tcgcsv.com/qfJ,2025-12-04T00:57:21.267,1,40/146,Uncommon,Water,80,Stage 1,,"[1W] Lick (30) Flip a coin.  If heads, your opponent's Active Pokemon is now Paralyzed.",Gx2,,1,0.15,0.4,4.0,0.45,,Normal,
85570,Frogadier,Frogadier,https://tcgplayer-cdn.tcgplayer.com/product/85570_200w.jpg,3,1387,https://cpt.tcgcsv.com/qfJ,2025-12-04T00:57:21.267,1,40/146,Uncommon,Water,80,Stage 1,,"[1W] Lick (30) Flip a coin.  If heads, your opponent's Active Pokemon is now Paralyzed.",Gx2,,1,0.35,0.86,2.84,1.36,,Reverse Holofoil,
85586,Furfrou,Furfrou,https://tcgplayer-cdn.tcgplayer.com/product/85586_200w.jpg,3,1387,https://cpt.tcgcsv.com/LfJ,2025-11-25T12:49:43.16,1,114/146,Holo Rare,Colorless,90,Basic,"<b> Ability -- Fur Coat</b>
 <br>Any damage done to this Pokemon by attacks is reduced by 20 (after applying Weakness and Resistance).  (Ability)","[3] Energy Cutoff (80) Flip a coin.  If heads, discard an Energy attached to your opponent's Active Pokemon.",Fx2,,1,0.15,0.68,3.99,0.68,,Holofoil,
85586,Furfrou,Furfrou,https://tcgplayer-cdn.tcgplayer.com/product/85586_200w.jpg,3,1387,https://cpt.tcgcsv.com/LfJ,2025-11-25T12:49:43.16,1,114/146,Holo Rare,Colorless,90,Basic,"<b> Ability -- Fur Coat</b>
 <br>Any damage done to this Pokemon by attacks is reduced by 20 (after applying Weakness and Resistance).  (Ability)","[3] Energy Cutoff (80) Flip a coin.  If heads, discard an Energy attached to your opponent's Active Pokemon.",Fx2,,1,0.33,0.75,2.99,0.81,,Reverse Holofoil,
85789,Gogoat,Gogoat,https://tcgplayer-cdn.tcgplayer.com/product/85789_200w.jpg,3,1387,https://cpt.tcgcsv.com/PkJ,2025-11-25T12:58:35.693,1,19/146,Holo Rare,Grass,110,Stage 1,,"[1] Lead - Search your deck for up to 2 Supporter cards, reveal them, and put them into your hand.  Shuffle your deck afterward.",Rx2,,2,0.26,0.83,2.25,0.82,0.8,Holofoil,"[2G] Charge Dash (70+) You may do 20 more damage.  If you do, this Pokemon does 20 damage to itself."
85789,Gogoat,Gogoat,https://tcgplayer-cdn.tcgplayer.com/product/85789_200w.jpg,3,1387,https://cpt.tcgcsv.com/PkJ,2025-11-25T12:58:35.693,1,19/146,Holo Rare,Grass,110,Stage 1,,"[1] Lead - Search your deck for up to 2 Supporter cards, reveal them, and put them into your hand.  Shuffle your deck afterward.",Rx2,,2,0.37,0.74,2.0,0.74,,Reverse Holofoil,"[2G] Charge Dash (70+) You may do 20 more damage.  If you do, this Pokemon does 20 damage to itself."
85860,Gourgeist,Gourgeist,https://tcgplayer-cdn.tcgplayer.com/product/85860_200w.jpg,3,1387,https://cpt.tcgcsv.com/dmJ,2022-12-14T18:17:28.43,1,57/146,Holo Rare,Psychic,100,Stage 1,,[P] Eerie Voice - Put 2 damage counters on each of your opponent's Pokemon.,Dx2,F-20,2,1.0,2.79,6.0,2.82,,Holofoil,[PP] Spirit Scream - Put damage counters on both Active Pokemon until the remaining HP of each Pokemon is 10.
85860,Gourgeist,Gourgeist,https://tcgplayer-cdn.tcgplayer.com/product/85860_200w.jpg,3,1387,https://cpt.tcgcsv.com/dmJ,2022-12-14T18:17:28.43,1,57/146,Holo Rare,Psychic,100,Stage 1,,[P] Eerie Voice - Put 2 damage counters on each of your opponent's Pokemon.,Dx2,F-20,2,0.8,2.26,7.0,2.98,,Reverse Holofoil,[PP] Spirit Scream - Put damage counters on both Active Pokemon until the remaining HP of each Pokemon is 10.
85883,Grass Energy,Grass Energy,https://tcgplayer-cdn.tcgplayer.com/product/85883_200w.jpg,3,1387,https://cpt.tcgcsv.com/HmJ,2025-02-05T21:08:40.89,1,132/146,Common,Energy,0,Energy,,,,,,0.23,0.61,0.96,0.85,,Normal,
85901,Great Ball,Great Ball,https://tcgplayer-cdn.tcgplayer.com/product/85901_200w.jpg,3,1387,https://cpt.tcgcsv.com/2nJ,2025-02-05T21:08:40.943,1,118/146,Uncommon,Item,0,Item,Look at the top 7 cards of your deck.  You may reveal a Pokemon you find there and put it into your hand.  Shuffle the other cards back into your deck.,,,,,0.03,0.2,2.37,0.18,,Normal,
85901,Great Ball,Great Ball,https://tcgplayer-cdn.tcgplayer.com/product/85901_200w.jpg,3,1387,https://cpt.tcgcsv.com/2nJ,2025-02-05T21:08:40.943,1,118/146,Uncommon,Item,0,Item,Look at the top 7 cards of your deck.  You may reveal a Pokemon you find there and put it into your hand.  Shuffle the other cards back into your deck.,,,,,0.25,0.49,3.99,0.52,,Reverse Holofoil,
85902,Greninja,Greninja,https://tcgplayer-cdn.tcgplayer.com/product/85902_200w.jpg,3,1387,https://cpt.tcgcsv.com/3nJ,2026-02-17T23:33:30.693,1,41/146,Holo Rare,Water,130,Stage 2,"<b>Ability -- Water Shuriken</b>
<br>Once during your turn (before your attack), you may discard a W Energy from your hand.  If you do, put 3 damage counters on 1 of your opponent's Pokemon.  (Ability)","[W] Mist Slash (50) This attack's damage isn't affected by Weakness, Resistance, or any other effects on your opponent's Active Pokemon.",Gx2,,1,4.99,7.69,8.99,7.41,8.87,Holofoil,
85902,Greninja,Greninja,https://tcgplayer-cdn.tcgplayer.com/product/85902_200w.jpg,3,1387,https://cpt.tcgcsv.com/3nJ,2026-02-17T23:33:30.693,1,41/146,Holo Rare,Water,130,Stage 2,"<b>Ability -- Water Shuriken</b>
<br>Once during your turn (before your attack), you may discard a W Energy from your hand.  If you do, put 3 damage counters on 1 of your opponent's Pokemon.  (Ability)","[W] Mist Slash (50) This attack's damage isn't affected by Weakness, Resistance, or any other effects on your opponent's Active Pokemon.",Gx2,,1,4.57,9.45,15.01,9.17,,Reverse Holofoil,
85973,Grumpig,Grumpig,https://tcgplayer-cdn.tcgplayer.com/product/85973_200w.jpg,3,1387,https://cpt.tcgcsv.com/tpJ,2025-02-05T21:08:40.99,1,50/146,Rare,Psychic,100,Stage 1,,[1P] Tricky Steps (30) You may move an Energy attached to your opponent's Active Pokemon to 1 of your opponent's Benched Pokemon.,Px2,,2,0.15,0.42,1.0,0.42,,Normal,[1PP] Psybeam (60) Your opponent's Active Pokemon is now Confused.
85973,Grumpig,Grumpig,https://tcgplayer-cdn.tcgplayer.com/product/85973_200w.jpg,3,1387,https://cpt.tcgcsv.com/tpJ,2025-02-05T21:08:40.99,1,50/146,Rare,Psychic,100,Stage 1,,[1P] Tricky Steps (30) You may move an Energy attached to your opponent's Active Pokemon to 1 of your opponent's Benched Pokemon.,Px2,,2,0.25,0.61,2.5,0.68,,Reverse Holofoil,[1PP] Psybeam (60) Your opponent's Active Pokemon is now Confused.
85984,Gurdurr,Gurdurr,https://tcgplayer-cdn.tcgplayer.com/product/85984_200w.jpg,3,1387,https://cpt.tcgcsv.com/JpJ,2025-02-05T21:08:41.037,1,66/146,Uncommon,Fighting,90,Stage 1,,"[1F] Pummel (20+) Flip a coin.  If heads, this attack does 20 more damage.",Px2,,3,0.05,0.23,5.0,0.23,,Normal,[1FF] Hammer Arm (60) Discard the top card of your opponent's deck.
85984,Gurdurr,Gurdurr,https://tcgplayer-cdn.tcgplayer.com/product/85984_200w.jpg,3,1387,https://cpt.tcgcsv.com/JpJ,2025-02-05T21:08:41.037,1,66/146,Uncommon,Fighting,90,Stage 1,,"[1F] Pummel (20+) Flip a coin.  If heads, this attack does 20 more damage.",Px2,,3,0.29,0.49,1.95,0.47,,Reverse Holofoil,[1FF] Hammer Arm (60) Discard the top card of your opponent's deck.
86009,Hard Charm,Hard Charm,https://tcgplayer-cdn.tcgplayer.com/product/86009_200w.jpg,3,1387,https://cpt.tcgcsv.com/cqJ,2025-11-24T21:24:54.673,1,119/146,Uncommon,Item,0,Tool,Attach a Pokemon Tool to 1 of your Pokemon that doesn't already have a Pokemon Tool attached to it.,Any damage done to the Pokemon this card is attached to by an opponent's attack is reduced by 20 (after applying Weakness and Resistance).,,,,0.09,0.23,19.5,0.21,0.1,Normal,
86009,Hard Charm,Hard Charm,https://tcgplayer-cdn.tcgplayer.com/product/86009_200w.jpg,3,1387,https://cpt.tcgcsv.com/cqJ,2025-11-24T21:24:54.673,1,119/146,Uncommon,Item,0,Tool,Attach a Pokemon Tool to 1 of your Pokemon that doesn't already have a Pokemon Tool attached to it.,Any damage done to the Pokemon this card is attached to by an opponent's attack is reduced by 20 (after applying Weakness and Resistance).,,,,0.25,0.55,4.19,0.62,,Reverse Holofoil,
86072,Herdier,Herdier,https://tcgplayer-cdn.tcgplayer.com/product/86072_200w.jpg,3,1387,https://cpt.tcgcsv.com/srJ,2022-12-14T18:25:33.313,1,109/146,Uncommon,Colorless,80,Stage 1,,[2] Bite (20),Fx2,,1,0.1,0.36,4.0,0.41,,Normal,"[3] Jump On (50+) Flip a coin.  If heads, this attack does 20 more damage."
86072,Herdier,Herdier,https://tcgplayer-cdn.tcgplayer.com/product/86072_200w.jpg,3,1387,https://cpt.tcgcsv.com/srJ,2022-12-14T18:25:33.313,1,109/146,Uncommon,Colorless,80,Stage 1,,[2] Bite (20),Fx2,,1,0.65,0.9,1.36,1.21,,Reverse Holofoil,"[3] Jump On (50+) Flip a coin.  If heads, this attack does 20 more damage."
86166,Honedge,Honedge,https://tcgplayer-cdn.tcgplayer.com/product/86166_200w.jpg,3,1387,https://cpt.tcgcsv.com/ltJ,2022-12-14T18:21:18.347,1,83/146,Common,Metal,60,Basic,,[M] Pierce (10),Rx2,P-20,2,0.01,0.22,4.0,0.22,,Normal,
86166,Honedge,Honedge,https://tcgplayer-cdn.tcgplayer.com/product/86166_200w.jpg,3,1387,https://cpt.tcgcsv.com/ltJ,2022-12-14T18:21:18.347,1,83/146,Common,Metal,60,Basic,,[M] Pierce (10),Rx2,P-20,2,0.25,0.75,1.31,1.0,,Reverse Holofoil,
86269,Illumise,Illumise,https://tcgplayer-cdn.tcgplayer.com/product/86269_200w.jpg,3,1387,https://cpt.tcgcsv.com/pwJ,2025-12-04T00:59:35.21,1,9/146,Uncommon,Grass,70,Basic,,"[G] Pheromotion - Search your deck for a G Pokemon, reveal it, and put it into your hand.  Shuffle your deck afterward.",Rx2,,1,0.11,0.25,4.0,0.26,0.27,Normal,"[1G] Quick Attack (20+) Flip a coin.  If heads, this attack does 20 more damage."
86269,Illumise,Illumise,https://tcgplayer-cdn.tcgplayer.com/product/86269_200w.jpg,3,1387,https://cpt.tcgcsv.com/pwJ,2025-12-04T00:59:35.21,1,9/146,Uncommon,Grass,70,Basic,,"[G] Pheromotion - Search your deck for a G Pokemon, reveal it, and put it into your hand.  Shuffle your deck afterward.",Rx2,,1,0.25,0.75,1.5,0.82,0.75,Reverse Holofoil,"[1G] Quick Attack (20+) Flip a coin.  If heads, this attack does 20 more damage."
86283,Inkay (74),Inkay 74,https://tcgplayer-cdn.tcgplayer.com/product/86283_200w.jpg,3,1387,https://cpt.tcgcsv.com/HwJ,2025-02-05T21:08:41.13,1,74/146,Uncommon,Darkness,60,Basic,"<strong>Ability -- Upside-Down Evolution</strong>
<br>Once during your turn (before your attack), if this Pokemon is Confused, you may search your deck for a card that evolves from this Pokemon and put it onto this Pokemon.  (This counts as evolving this Pokemon.)  Shuffle your deck afterward.",[D] Confusion Wave - Both Active Pokemon are now Confused.,Fx2,P-20,1,0.1,0.35,4.0,0.37,0.32,Normal,
86283,Inkay (74),Inkay 74,https://tcgplayer-cdn.tcgplayer.com/product/86283_200w.jpg,3,1387,https://cpt.tcgcsv.com/HwJ,2025-02-05T21:08:41.13,1,74/146,Uncommon,Darkness,60,Basic,"<strong>Ability -- Upside-Down Evolution</strong>
<br>Once during your turn (before your attack), if this Pokemon is Confused, you may search your deck for a card that evolves from this Pokemon and put it onto this Pokemon.  (This counts as evolving this Pokemon.)  Shuffle your deck afterward.",[D] Confusion Wave - Both Active Pokemon are now Confused.,Fx2,P-20,1,0.28,0.82,1.99,0.89,,Reverse Holofoil,
86284,Inkay (75),Inkay 75,https://tcgplayer-cdn.tcgplayer.com/product/86284_200w.jpg,3,1387,https://cpt.tcgcsv.com/JwJ,2022-12-14T18:19:49.037,1,75/146,Common,Darkness,50,Basic,,[1] Tackle (10),Fx2,P-20,1,0.03,0.2,4.0,0.19,,Normal,[1D] Puncture (20) This attack's damage isn't affected by Resistance.
86284,Inkay (75),Inkay 75,https://tcgplayer-cdn.tcgplayer.com/product/86284_200w.jpg,3,1387,https://cpt.tcgcsv.com/JwJ,2022-12-14T18:19:49.037,1,75/146,Common,Darkness,50,Basic,,[1] Tackle (10),Fx2,P-20,1,0.25,0.52,2.32,0.52,,Reverse Holofoil,[1D] Puncture (20) This attack's damage isn't affected by Resistance.
86322,Jigglypuff (87),Jigglypuff 87,https://tcgplayer-cdn.tcgplayer.com/product/86322_200w.jpg,3,1387,https://cpt.tcgcsv.com/sxJ,2022-12-14T18:21:53.067,1,87/146,Common,Fairy,60,Basic,,[1] Rollout (10),Mx2,D-20,1,0.42,0.9,4.0,1.2,,Normal,[Y] Heartfelt Song - Discard a D Energy attached to your opponent's Active Pokemon.
86322,Jigglypuff (87),Jigglypuff 87,https://tcgplayer-cdn.tcgplayer.com/product/86322_200w.jpg,3,1387,https://cpt.tcgcsv.com/sxJ,2022-12-14T18:21:53.067,1,87/146,Common,Fairy,60,Basic,,[1] Rollout (10),Mx2,D-20,1,3.93,4.91,720.77,4.83,,Reverse Holofoil,[Y] Heartfelt Song - Discard a D Energy attached to your opponent's Active Pokemon.
86323,Jigglypuff (88),Jigglypuff 88,https://tcgplayer-cdn.tcgplayer.com/product/86323_200w.jpg,3,1387,https://cpt.tcgcsv.com/txJ,2022-12-14T18:21:58.637,1,88/146,Common,Fairy,70,Basic,,"[1Y] Body Slam (20) Flip a coin.  If heads, your opponent's Active Pokemon is now Paralyzed.",Mx2,D-20,2,0.05,0.43,4.0,0.42,,Normal,
86323,Jigglypuff (88),Jigglypuff 88,https://tcgplayer-cdn.tcgplayer.com/product/86323_200w.jpg,3,1387,https://cpt.tcgcsv.com/txJ,2022-12-14T18:21:58.637,1,88/146,Common,Fairy,70,Basic,,"[1Y] Body Slam (20) Flip a coin.  If heads, your opponent's Active Pokemon is now Paralyzed.",Mx2,D-20,2,1.6,3.05,96.95,2.74,96.95,Reverse Holofoil,
86417,Kakuna,Kakuna,https://tcgplayer-cdn.tcgplayer.com/product/86417_200w.jpg,3,1387,https://cpt.tcgcsv.com/mBJ,2025-12-03T02:52:26.42,1,4/146,Uncommon,Grass,70,Stage 1,,"[G] Harden - During your opponent's next turn, if this Pokemon would be damaged by an attack, prevent that attack's damage done to this Pokemon if that damage is 60 or less.",Rx2,,2,0.07,0.28,1.99,0.28,0.19,Normal,
86417,Kakuna,Kakuna,https://tcgplayer-cdn.tcgplayer.com/product/86417_200w.jpg,3,1387,https://cpt.tcgcsv.com/mBJ,2025-12-03T02:52:26.42,1,4/146,Uncommon,Grass,70,Stage 1,,"[G] Harden - During your opponent's next turn, if this Pokemon would be damaged by an attack, prevent that attack's damage done to this Pokemon if that damage is 60 or less.",Rx2,,2,0.25,0.5,2.44,0.47,,Reverse Holofoil,
86540,Krokorok,Krokorok,https://tcgplayer-cdn.tcgplayer.com/product/86540_200w.jpg,3,1387,https://cpt.tcgcsv.com/QDJ,2022-12-14T18:19:11.527,1,70/146,Uncommon,Darkness,90,Stage 1,,"[2] Crunch (20) Flip a coin.  If heads, discard an Energy attached to your opponent's Active Pokemon.",Fx2,P-20,3,0.05,0.24,4.0,0.24,,Normal,[1DD] Darkness Fang (60)
86540,Krokorok,Krokorok,https://tcgplayer-cdn.tcgplayer.com/product/86540_200w.jpg,3,1387,https://cpt.tcgcsv.com/QDJ,2022-12-14T18:19:11.527,1,70/146,Uncommon,Darkness,90,Stage 1,,"[2] Crunch (20) Flip a coin.  If heads, discard an Energy attached to your opponent's Active Pokemon.",Fx2,P-20,3,0.24,0.6,2.79,0.61,,Reverse Holofoil,[1DD] Darkness Fang (60)
86545,Krookodile,Krookodile,https://tcgplayer-cdn.tcgplayer.com/product/86545_200w.jpg,3,1387,https://cpt.tcgcsv.com/WDJ,2022-12-14T18:19:17.257,1,71/146,Rare,Darkness,140,Stage 2,,"[2D] Bother (50) Flip a coin.  If heads, your opponent can't play any Supporter cards from his or her hand during his or her next turn.",Fx2,P-20,3,0.12,0.35,1.99,0.35,,Normal,[2DD] Knock Back (80) Your opponent switches his or her Active Pokemon with 1 of his or her Benched Pokemon.
86545,Krookodile,Krookodile,https://tcgplayer-cdn.tcgplayer.com/product/86545_200w.jpg,3,1387,https://cpt.tcgcsv.com/WDJ,2022-12-14T18:19:17.257,1,71/146,Rare,Darkness,140,Stage 2,,"[2D] Bother (50) Flip a coin.  If heads, your opponent can't play any Supporter cards from his or her hand during his or her next turn.",Fx2,P-20,3,0.3,0.69,1.49,0.68,,Reverse Holofoil,[2DD] Knock Back (80) Your opponent switches his or her Active Pokemon with 1 of his or her Benched Pokemon.
86625,Lapras,Lapras,https://tcgplayer-cdn.tcgplayer.com/product/86625_200w.jpg,3,1387,https://cpt.tcgcsv.com/wGJ,2022-12-14T18:14:31.747,1,35/146,Holo Rare,Water,110,Basic,,"[W] Seafaring - Flip 3 coins.  For each heads, attach a W Energy card from your discard pile to your Benched Pokemon in any way you like.",Mx2,,2,2.15,3.18,49.99,5.6,2.54,Holofoil,[2] Hydro Pump (10+) This attack does 20 more damage for each W Energy attached to this Pokemon.
86625,Lapras,Lapras,https://tcgplayer-cdn.tcgplayer.com/product/86625_200w.jpg,3,1387,https://cpt.tcgcsv.com/wGJ,2022-12-14T18:14:31.747,1,35/146,Holo Rare,Water,110,Basic,,"[W] Seafaring - Flip 3 coins.  For each heads, attach a W Energy card from your discard pile to your Benched Pokemon in any way you like.",Mx2,,2,5.32,8.73,15.0,8.31,,Reverse Holofoil,[2] Hydro Pump (10+) This attack does 20 more damage for each W Energy attached to this Pokemon.
86696,Ledian,Ledian,https://tcgplayer-cdn.tcgplayer.com/product/86696_200w.jpg,3,1387,https://cpt.tcgcsv.com/XHJ,2025-12-03T02:53:03.713,1,7/146,Uncommon,Grass,80,Stage 1,,[1] Tackle (30),Rx2,,1,0.1,0.26,1.62,0.26,0.18,Normal,[GG] Mach Punch (50) This attack does 10 damage to 1 of your opponent's Benched Pokemon.  (Don't apply Weakness and Resistance for Benched Pokemon.)
86696,Ledian,Ledian,https://tcgplayer-cdn.tcgplayer.com/product/86696_200w.jpg,3,1387,https://cpt.tcgcsv.com/XHJ,2025-12-03T02:53:03.713,1,7/146,Uncommon,Grass,80,Stage 1,,[1] Tackle (30),Rx2,,1,0.25,0.6,2.48,0.58,,Reverse Holofoil,[GG] Mach Punch (50) This attack does 10 damage to 1 of your opponent's Benched Pokemon.  (Don't apply Weakness and Resistance for Benched Pokemon.)
86706,Ledyba,Ledyba,https://tcgplayer-cdn.tcgplayer.com/product/86706_200w.jpg,3,1387,https://cpt.tcgcsv.com/8JJ,2025-02-05T21:08:41.193,1,6/146,Common,Grass,60,Basic,,[GG] Spinning Attack (30),Rx2,,1,0.04,0.23,4.0,0.21,,Normal,
86706,Ledyba,Ledyba,https://tcgplayer-cdn.tcgplayer.com/product/86706_200w.jpg,3,1387,https://cpt.tcgcsv.com/8JJ,2025-02-05T21:08:41.193,1,6/146,Common,Grass,60,Basic,,[GG] Spinning Attack (30),Rx2,,1,0.35,0.62,3.99,0.75,,Reverse Holofoil,
86784,Lightning Energy,Lightning Energy,https://tcgplayer-cdn.tcgplayer.com/product/86784_200w.jpg,3,1387,https://cpt.tcgcsv.com/JKJ,2022-12-14T18:30:17.667,1,135/146,Common,Energy,0,Energy,,,,,,0.26,0.59,0.99,0.54,,Normal,
86802,Lillipup,Lillipup,https://tcgplayer-cdn.tcgplayer.com/product/86802_200w.jpg,3,1387,https://cpt.tcgcsv.com/3LJ,2022-12-14T18:25:24.09,1,108/146,Common,Colorless,50,Basic,,[1] Tackle (10),Fx2,,1,0.01,0.24,4.0,0.22,,Normal,[2] Bite (20)
86802,Lillipup,Lillipup,https://tcgplayer-cdn.tcgplayer.com/product/86802_200w.jpg,3,1387,https://cpt.tcgcsv.com/3LJ,2022-12-14T18:25:24.09,1,108/146,Common,Colorless,50,Basic,,[1] Tackle (10),Fx2,,1,0.3,0.79,2.57,0.84,,Reverse Holofoil,[2] Bite (20)
86930,Lunatone,Lunatone,https://tcgplayer-cdn.tcgplayer.com/product/86930_200w.jpg,3,1387,https://cpt.tcgcsv.com/DNJ,2025-11-29T03:08:12.717,1,63/146,Uncommon,Fighting,80,Basic,,[1] Double Draw - Draw 2 cards.,Gx2,,1,0.08,0.25,4.0,0.26,0.2,Normal,"[1F] Moonblast (20) During your opponent's next turn, any damage done by attacks from the Defending Pokemon is reduced by 20 (before applying Weakness and Resistance)."
86930,Lunatone,Lunatone,https://tcgplayer-cdn.tcgplayer.com/product/86930_200w.jpg,3,1387,https://cpt.tcgcsv.com/DNJ,2025-11-29T03:08:12.717,1,63/146,Uncommon,Fighting,80,Basic,,[1] Double Draw - Draw 2 cards.,Gx2,,1,0.2,0.46,1.49,0.64,,Reverse Holofoil,"[1F] Moonblast (20) During your opponent's next turn, any damage done by attacks from the Defending Pokemon is reduced by 20 (before applying Weakness and Resistance)."
86954,M Blastoise EX,M Blastoise EX,https://tcgplayer-cdn.tcgplayer.com/product/86954_200w.jpg,3,1387,https://cpt.tcgcsv.com/6PJ,2025-04-03T05:48:07.637,1,30/146,Ultra Rare,Water,220,Mega,,"[WWW] Hydro Bombard (120) 
<br>This attack does 30 damage to 2 of your opponent's Benched Pokemon.  <i>(Don't apply Weakness and Resistance for Benched Pokemon.)</i>",Gx2,None,3,17.69,25.52,96.95,26.56,26.05,Holofoil,
86955,M Venusaur EX,M Venusaur EX,https://tcgplayer-cdn.tcgplayer.com/product/86955_200w.jpg,3,1387,https://cpt.tcgcsv.com/7PJ,2026-01-29T17:58:46.01,1,2/146,Ultra Rare,Grass,230,Mega,,"[1GGG] Crisis Vine (120) 
<br>Your opponent's Active Pokemon is now Paralyzed and Poisoned.",Rx2,None,4,14.99,21.0,35.5,21.74,,Holofoil,
87018,Magcargo,Magcargo,https://tcgplayer-cdn.tcgplayer.com/product/87018_200w.jpg,3,1387,https://cpt.tcgcsv.com/nQJ,2022-12-14T18:12:32.08,1,21/146,Rare,Fire,110,Stage 1,,"[1R] Magma Mantle (30+) You may discard the top card of your deck.  If that card is a R Energy card, this attack does 50 more damage.",Wx2,,3,0.15,0.49,2.11,0.52,,Normal,[1RR] Heat Blast (80)
87018,Magcargo,Magcargo,https://tcgplayer-cdn.tcgplayer.com/product/87018_200w.jpg,3,1387,https://cpt.tcgcsv.com/nQJ,2022-12-14T18:12:32.08,1,21/146,Rare,Fire,110,Stage 1,,"[1R] Magma Mantle (30+) You may discard the top card of your deck.  If that card is a R Energy card, this attack does 50 more damage.",Wx2,,3,0.35,0.75,1.49,0.78,,Reverse Holofoil,[1RR] Heat Blast (80)
87136,Malamar (76),Malamar 76,https://tcgplayer-cdn.tcgplayer.com/product/87136_200w.jpg,3,1387,https://cpt.tcgcsv.com/LSJ,2023-04-21T04:54:37.377,1,76/146,Rare,Darkness,100,Stage 1,,"[D] Mental Trash - Your opponent flips 4 coins.  For each tails, he or she discards a card from his or her hand.",Fx2,P-20,1,0.1,0.34,3.95,0.4,,Normal,"[2D] Distortion Beam (30) Flip a coin.  If heads, your opponent's Active Pokemon is now Asleep.  If tails, your opponent's Active Pokemon is now Confused."
87136,Malamar (76),Malamar 76,https://tcgplayer-cdn.tcgplayer.com/product/87136_200w.jpg,3,1387,https://cpt.tcgcsv.com/LSJ,2023-04-21T04:54:37.377,1,76/146,Rare,Darkness,100,Stage 1,,"[D] Mental Trash - Your opponent flips 4 coins.  For each tails, he or she discards a card from his or her hand.",Fx2,P-20,1,0.3,0.81,2.49,0.81,0.95,Reverse Holofoil,"[2D] Distortion Beam (30) Flip a coin.  If heads, your opponent's Active Pokemon is now Asleep.  If tails, your opponent's Active Pokemon is now Confused."
87137,Malamar (77),Malamar 77,https://tcgplayer-cdn.tcgplayer.com/product/87137_200w.jpg,3,1387,https://cpt.tcgcsv.com/MSJ,2026-02-17T23:28:29.803,1,77/146,Rare,Darkness,100,Stage 1,,"[1] Mental Panic (30) If the Defending Pokemon tries to attack during your opponent's next turn, your opponent flips a coin.  If tails, that attack does nothing.",Fx2,P-20,2,0.1,0.3,1.49,0.3,,Normal,[1DD] Puncture (70) This attack's damage isn't affected by Resistance.
87137,Malamar (77),Malamar 77,https://tcgplayer-cdn.tcgplayer.com/product/87137_200w.jpg,3,1387,https://cpt.tcgcsv.com/MSJ,2026-02-17T23:28:29.803,1,77/146,Rare,Darkness,100,Stage 1,,"[1] Mental Panic (30) If the Defending Pokemon tries to attack during your opponent's next turn, your opponent flips a coin.  If tails, that attack does nothing.",Fx2,P-20,2,0.29,0.62,1.53,0.68,,Reverse Holofoil,[1DD] Puncture (70) This attack's damage isn't affected by Resistance.
87269,Max Revive,Max Revive,https://tcgplayer-cdn.tcgplayer.com/product/87269_200w.jpg,3,1387,https://cpt.tcgcsv.com/pWJ,2022-12-14T18:27:13.273,1,120/146,Uncommon,Item,0,Item,You may play as many Item cards as you like during your turn (before your attack).,Put a Pokemon from your discard pile on top of your deck.,,,,0.05,0.24,2.28,0.22,0.24,Normal,
87269,Max Revive,Max Revive,https://tcgplayer-cdn.tcgplayer.com/product/87269_200w.jpg,3,1387,https://cpt.tcgcsv.com/pWJ,2022-12-14T18:27:13.273,1,120/146,Uncommon,Item,0,Item,You may play as many Item cards as you like during your turn (before your attack).,Put a Pokemon from your discard pile on top of your deck.,,,,0.25,0.5,1.46,0.93,,Reverse Holofoil,
87354,Metal Energy (Basic),Metal Energy Basic,https://tcgplayer-cdn.tcgplayer.com/product/87354_200w.jpg,3,1387,https://cpt.tcgcsv.com/6ZJ,2022-12-14T18:30:49.447,1,139/146,Common,Energy,0,Energy,,,,,,0.34,0.88,1.15,0.86,,Normal,
87596,Mr. Mime,Mr Mime,https://tcgplayer-cdn.tcgplayer.com/product/87596_200w.jpg,3,1387,https://cpt.tcgcsv.com/X2K,2025-02-05T21:08:41.287,1,91/146,Uncommon,Fairy,80,Basic,,[1Y] Massage - Heal 60 damage from 1 of your Benched Pokemon.,Mx2,D-20,2,0.09,0.3,4.0,0.28,,Normal,[2Y] Slap Down (40+) Flip 2 coins.  This attack does 20 more damage for each heads.
87596,Mr. Mime,Mr Mime,https://tcgplayer-cdn.tcgplayer.com/product/87596_200w.jpg,3,1387,https://cpt.tcgcsv.com/X2K,2025-02-05T21:08:41.287,1,91/146,Uncommon,Fairy,80,Basic,,[1Y] Massage - Heal 60 damage from 1 of your Benched Pokemon.,Mx2,D-20,2,0.49,1.29,9.94,1.21,,Reverse Holofoil,[2Y] Slap Down (40+) Flip 2 coins.  This attack does 20 more damage for each heads.
87658,Muscle Band,Muscle Band,https://tcgplayer-cdn.tcgplayer.com/product/87658_200w.jpg,3,1387,https://cpt.tcgcsv.com/b5K,2025-12-03T02:54:22.357,1,121/146,Uncommon,Item,0,Tool,Attach a Pokemon Tool to 1 of your Pokemon that doesn't already have a Pokemon Tool attached to it.,The attacks of the Pokemon this card is attached to do 20 more damage to your opponent's Pokemon (before applying Weakness and Resistance).,,,,2.0,2.61,7.98,2.46,,Normal,
87658,Muscle Band,Muscle Band,https://tcgplayer-cdn.tcgplayer.com/product/87658_200w.jpg,3,1387,https://cpt.tcgcsv.com/b5K,2025-12-03T02:54:22.357,1,121/146,Uncommon,Item,0,Tool,Attach a Pokemon Tool to 1 of your Pokemon that doesn't already have a Pokemon Tool attached to it.,The attacks of the Pokemon this card is attached to do 20 more damage to your opponent's Pokemon (before applying Weakness and Resistance).,,,,3.0,4.29,5.99,4.29,4.87,Reverse Holofoil,
87930,Panpour,Panpour,https://tcgplayer-cdn.tcgplayer.com/product/87930_200w.jpg,3,1387,https://cpt.tcgcsv.com/DbK,2022-12-14T18:14:43.663,1,37/146,Common,Water,60,Basic,,[W] Wave Splash (10),Gx2,,1,0.05,0.23,5.0,0.18,,Normal,"[1W] Water Splash (10+) Flip a coin.  If heads, this attack does 20 more damage."
87930,Panpour,Panpour,https://tcgplayer-cdn.tcgplayer.com/product/87930_200w.jpg,3,1387,https://cpt.tcgcsv.com/DbK,2022-12-14T18:14:43.663,1,37/146,Common,Water,60,Basic,,[W] Wave Splash (10),Gx2,,1,0.2,0.45,2.49,0.53,,Reverse Holofoil,"[1W] Water Splash (10+) Flip a coin.  If heads, this attack does 20 more damage."
87938,Pansage,Pansage,https://tcgplayer-cdn.tcgplayer.com/product/87938_200w.jpg,3,1387,https://cpt.tcgcsv.com/NbK,2025-11-25T13:07:30.943,1,10/146,Common,Grass,60,Basic,,[G] Vine Whip (10),Rx2,,1,0.09,0.22,1.57,0.2,,Normal,[1G] Leech Seed (20) Heal 10 damage from this Pokemon.
87938,Pansage,Pansage,https://tcgplayer-cdn.tcgplayer.com/product/87938_200w.jpg,3,1387,https://cpt.tcgcsv.com/NbK,2025-11-25T13:07:30.943,1,10/146,Common,Grass,60,Basic,,[G] Vine Whip (10),Rx2,,1,0.24,0.47,2.0,0.44,0.25,Reverse Holofoil,[1G] Leech Seed (20) Heal 10 damage from this Pokemon.
87945,Pansear,Pansear,https://tcgplayer-cdn.tcgplayer.com/product/87945_200w.jpg,3,1387,https://cpt.tcgcsv.com/WbK,2023-04-28T13:37:10.33,1,22/146,Common,Fire,60,Basic,,[R] Live Coal (10),Wx2,,1,0.1,0.36,19.5,0.42,0.18,Normal,[1R] Fireworks (30) Discard an Energy attached to this Pokemon.
87945,Pansear,Pansear,https://tcgplayer-cdn.tcgplayer.com/product/87945_200w.jpg,3,1387,https://cpt.tcgcsv.com/WbK,2023-04-28T13:37:10.33,1,22/146,Common,Fire,60,Basic,,[R] Live Coal (10),Wx2,,1,0.57,1.21,96.95,0.66,96.95,Reverse Holofoil,[1R] Fireworks (30) Discard an Energy attached to this Pokemon.
87972,Pawniard,Pawniard,https://tcgplayer-cdn.tcgplayer.com/product/87972_200w.jpg,3,1387,https://cpt.tcgcsv.com/scK,2022-12-14T18:20:59.223,1,81/146,Common,Metal,60,Basic,,"[1] Cut Down - Flip a coin.  If heads, discard an Energy attached to your opponent's Active Pokemon.",Rx2,P-20,1,0.01,0.2,5.0,0.19,,Normal,[1M] Metal Claw (30)
87972,Pawniard,Pawniard,https://tcgplayer-cdn.tcgplayer.com/product/87972_200w.jpg,3,1387,https://cpt.tcgcsv.com/scK,2022-12-14T18:20:59.223,1,81/146,Common,Metal,60,Basic,,"[1] Cut Down - Flip a coin.  If heads, discard an Energy attached to your opponent's Active Pokemon.",Rx2,P-20,1,0.25,0.58,1.5,0.6,,Reverse Holofoil,[1M] Metal Claw (30)
88006,Phantump,Phantump,https://tcgplayer-cdn.tcgplayer.com/product/88006_200w.jpg,3,1387,https://cpt.tcgcsv.com/8dK,2025-11-24T21:29:41.43,1,54/146,Common,Psychic,60,Basic,,[P] Astonish - Choose a random card from your opponent's hand.  Your opponent reveals that card and shuffles it into his or her deck.,Dx2,F-20,2,0.05,0.25,4.0,0.29,,Normal,[2P] Hook (30)
88006,Phantump,Phantump,https://tcgplayer-cdn.tcgplayer.com/product/88006_200w.jpg,3,1387,https://cpt.tcgcsv.com/8dK,2025-11-24T21:29:41.43,1,54/146,Common,Psychic,60,Basic,,[P] Astonish - Choose a random card from your opponent's hand.  Your opponent reveals that card and shuffles it into his or her deck.,Dx2,F-20,2,0.46,1.05,2.6,1.73,,Reverse Holofoil,[2P] Hook (30)
88106,Pikachu,Pikachu,https://tcgplayer-cdn.tcgplayer.com/product/88106_200w.jpg,3,1387,https://cpt.tcgcsv.com/8gK,2026-02-18T18:27:23.427,1,42/146,Common,Lightning,60,Basic,,"[1] Nuzzle - Flip a coin.  If heads, your opponent's Active Pokemon is now Paralyzed.",Fx2,M-20,1,0.49,1.57,19.98,2.31,5.05,Normal,"[2] Quick attack (20+) Flip a coin.  If heads, this attack does 10 more damage."
88106,Pikachu,Pikachu,https://tcgplayer-cdn.tcgplayer.com/product/88106_200w.jpg,3,1387,https://cpt.tcgcsv.com/8gK,2026-02-18T18:27:23.427,1,42/146,Common,Lightning,60,Basic,,"[1] Nuzzle - Flip a coin.  If heads, your opponent's Active Pokemon is now Paralyzed.",Fx2,M-20,1,3.0,4.79,6.99,7.78,,Reverse Holofoil,"[2] Quick attack (20+) Flip a coin.  If heads, this attack does 10 more damage."
88409,Professor Sycamore,Professor Sycamore,https://tcgplayer-cdn.tcgplayer.com/product/88409_200w.jpg,3,1387,https://cpt.tcgcsv.com/cnK,2025-11-25T13:08:38.96,1,122/146,Uncommon,Supporter,0,Supporter,You may play only 1 Supporter card during your turn (before your attack).,Discard your hand and draw 7 cards.,,,,0.09,0.25,19.5,0.25,0.11,Normal,
88409,Professor Sycamore,Professor Sycamore,https://tcgplayer-cdn.tcgplayer.com/product/88409_200w.jpg,3,1387,https://cpt.tcgcsv.com/cnK,2025-11-25T13:08:38.96,1,122/146,Uncommon,Supporter,0,Supporter,You may play only 1 Supporter card during your turn (before your attack).,Discard your hand and draw 7 cards.,,,,0.28,0.5,3.0,0.46,0.25,Reverse Holofoil,
88410,Professor's Letter,Professors Letter,https://tcgplayer-cdn.tcgplayer.com/product/88410_200w.jpg,3,1387,https://cpt.tcgcsv.com/dnK,2025-12-03T02:56:31.083,1,123/146,Uncommon,Item,0,Item,You may play as many Item cards as you like during your turn (before your attack).,"Search your deck for up to 2 basic Energy cards, reveal them, and put them into your hand.  Shuffle your deck afterward.",,,,0.06,0.31,19.5,0.29,0.28,Normal,
88410,Professor's Letter,Professors Letter,https://tcgplayer-cdn.tcgplayer.com/product/88410_200w.jpg,3,1387,https://cpt.tcgcsv.com/dnK,2025-12-03T02:56:31.083,1,123/146,Uncommon,Item,0,Item,You may play as many Item cards as you like during your turn (before your attack).,"Search your deck for up to 2 basic Energy cards, reveal them, and put them into your hand.  Shuffle your deck afterward.",,,,0.81,1.3,4.99,1.78,,Reverse Holofoil,
88428,Psychic Energy,Psychic Energy,https://tcgplayer-cdn.tcgplayer.com/product/88428_200w.jpg,3,1387,https://cpt.tcgcsv.com/BnK,2022-12-14T18:30:24.783,1,136/146,Common,Energy,0,Energy,,,,,,1.24,1.5,4.95,1.5,,Normal,
88444,Pumpkaboo,Pumpkaboo,https://tcgplayer-cdn.tcgplayer.com/product/88444_200w.jpg,3,1387,https://cpt.tcgcsv.com/VnK,2022-12-14T18:17:22.397,1,56/146,Common,Psychic,60,Basic,,[P] Confuse Ray - Your opponent's Active Pokemon is now Confused.,Dx2,F-20,2,0.06,0.22,4.0,0.22,,Normal,
88444,Pumpkaboo,Pumpkaboo,https://tcgplayer-cdn.tcgplayer.com/product/88444_200w.jpg,3,1387,https://cpt.tcgcsv.com/VnK,2022-12-14T18:17:22.397,1,56/146,Common,Psychic,60,Basic,,[P] Confuse Ray - Your opponent's Active Pokemon is now Confused.,Dx2,F-20,2,0.35,0.54,3.99,0.55,,Reverse Holofoil,
88489,Quilladin,Quilladin,https://tcgplayer-cdn.tcgplayer.com/product/88489_200w.jpg,3,1387,https://cpt.tcgcsv.com/PpK,2022-12-14T18:11:33.163,1,13/146,Uncommon,Grass,90,Stage 1,,"[1] Scrunch - Flip a coin.  If heads, prevent all damage done to this Pokemon by attacks during your opponent's next turn.",Rx2,,3,0.5,0.93,1.83,1.04,,Normal,[1GG] Wood Hammer (70) This Pokemon does 10 damage to itself.
88489,Quilladin,Quilladin,https://tcgplayer-cdn.tcgplayer.com/product/88489_200w.jpg,3,1387,https://cpt.tcgcsv.com/PpK,2022-12-14T18:11:33.163,1,13/146,Uncommon,Grass,90,Stage 1,,"[1] Scrunch - Flip a coin.  If heads, prevent all damage done to this Pokemon by attacks during your opponent's next turn.",Rx2,,3,2.0,3.27,7.98,4.44,,Reverse Holofoil,[1GG] Wood Hammer (70) This Pokemon does 10 damage to itself.
88523,Raichu,Raichu,https://tcgplayer-cdn.tcgplayer.com/product/88523_200w.jpg,3,1387,https://cpt.tcgcsv.com/tqK,2025-12-04T01:04:05.613,1,43/146,Holo Rare,Lightning,90,Stage 1,,[2] Circle Circuit (20x) This attack does 20 damage times the number of your Benched Pokemon.,Fx2,M-20,0,0.75,1.26,4.99,1.4,0.84,Holofoil,[1LL] Thunderbolt (100) Discard all Energy attached to this Pokemon.
88523,Raichu,Raichu,https://tcgplayer-cdn.tcgplayer.com/product/88523_200w.jpg,3,1387,https://cpt.tcgcsv.com/tqK,2025-12-04T01:04:05.613,1,43/146,Holo Rare,Lightning,90,Stage 1,,[2] Circle Circuit (20x) This attack does 20 damage times the number of your Benched Pokemon.,Fx2,M-20,0,0.75,1.08,2.58,1.25,,Reverse Holofoil,[1LL] Thunderbolt (100) Discard all Energy attached to this Pokemon.
88549,Rainbow Energy,Rainbow Energy,https://tcgplayer-cdn.tcgplayer.com/product/88549_200w.jpg,3,1387,https://cpt.tcgcsv.com/_qK,2022-12-14T18:29:41.783,1,131/146,Uncommon,Energy,0,Special Energy,,"This card provides 1 Energy.  While in play, this card provides every type of Energy but provides only 1 Energy at a time.  When you attach this card from your hand to 1 of your Pokemon, put 1 damage counter on that Pokemon.",,,,0.1,0.46,3.61,0.48,,Normal,
88549,Rainbow Energy,Rainbow Energy,https://tcgplayer-cdn.tcgplayer.com/product/88549_200w.jpg,3,1387,https://cpt.tcgcsv.com/_qK,2022-12-14T18:29:41.783,1,131/146,Uncommon,Energy,0,Special Energy,,"This card provides 1 Energy.  While in play, this card provides every type of Energy but provides only 1 Energy at a time.  When you attach this card from your hand to 1 of your Pokemon, put 1 damage counter on that Pokemon.",,,,0.4,0.88,2.0,1.2,,Reverse Holofoil,
88655,Red Card,Red Card,https://tcgplayer-cdn.tcgplayer.com/product/88655_200w.jpg,3,1387,https://cpt.tcgcsv.com/7tK,2025-02-05T21:08:41.427,1,124/146,Uncommon,Item,0,Item,You may play as many Item cards as you like during your turn (before your attack).,Your opponent shuffles his or her hand into his or her deck and draws 4 cards.,,,,0.12,0.34,2.26,0.36,,Normal,
88655,Red Card,Red Card,https://tcgplayer-cdn.tcgplayer.com/product/88655_200w.jpg,3,1387,https://cpt.tcgcsv.com/7tK,2025-02-05T21:08:41.427,1,124/146,Uncommon,Item,0,Item,You may play as many Item cards as you like during your turn (before your attack).,Your opponent shuffles his or her hand into his or her deck and draws 4 cards.,,,,0.25,0.74,3.49,0.79,,Reverse Holofoil,
88736,Rhydon,Rhydon,https://tcgplayer-cdn.tcgplayer.com/product/88736_200w.jpg,3,1387,https://cpt.tcgcsv.com/LvK,2025-12-03T02:57:17.9,1,61/146,Rare,Fighting,100,Stage 1,,[2F] Horn Drill (50),Gx2,,3,0.25,0.5,4.0,0.51,0.35,Normal,"[1FFF] Mad Mountain - Flip 2 coins.  If both are heads, discard the top card of your opponent's deck for each damage counter on this Pokemon."
88736,Rhydon,Rhydon,https://tcgplayer-cdn.tcgplayer.com/product/88736_200w.jpg,3,1387,https://cpt.tcgcsv.com/LvK,2025-12-03T02:57:17.9,1,61/146,Rare,Fighting,100,Stage 1,,[2F] Horn Drill (50),Gx2,,3,0.47,0.83,2.49,0.81,,Reverse Holofoil,"[1FFF] Mad Mountain - Flip 2 coins.  If both are heads, discard the top card of your opponent's deck for each damage counter on this Pokemon."
88744,Rhyhorn,Rhyhorn,https://tcgplayer-cdn.tcgplayer.com/product/88744_200w.jpg,3,1387,https://cpt.tcgcsv.com/VvK,2022-12-14T18:17:49.897,1,60/146,Common,Fighting,80,Basic,,"[F] Dig Out (10) Discard the top card of your deck.  If that card is a F Energy, attach it to this Pokemon.",Gx2,,3,0.02,0.23,4.0,0.23,,Normal,[2F] Horn Drill (40)
88744,Rhyhorn,Rhyhorn,https://tcgplayer-cdn.tcgplayer.com/product/88744_200w.jpg,3,1387,https://cpt.tcgcsv.com/VvK,2022-12-14T18:17:49.897,1,60/146,Common,Fighting,80,Basic,,"[F] Dig Out (10) Discard the top card of your deck.  If that card is a F Energy, attach it to this Pokemon.",Gx2,,3,0.25,0.48,1.31,0.47,,Reverse Holofoil,[2F] Horn Drill (40)
88747,Rhyperior,Rhyperior,https://tcgplayer-cdn.tcgplayer.com/product/88747_200w.jpg,3,1387,https://cpt.tcgcsv.com/ZvK,2022-12-14T18:18:07.41,1,62/146,Holo Rare,Fighting,160,Stage 2,,[F] Rock Blast (50x) Flip a coin for each F Energy attached to this Pokemon.  This attack does 50 damage times the number of heads.,Gx2,,4,0.44,0.69,3.99,0.64,,Holofoil,[2FF] Rock Wrecker (130) This attack's damage isn't affected by Weakness or Resistance.  This Pokemon can't attack during your next turn.
88747,Rhyperior,Rhyperior,https://tcgplayer-cdn.tcgplayer.com/product/88747_200w.jpg,3,1387,https://cpt.tcgcsv.com/ZvK,2022-12-14T18:18:07.41,1,62/146,Holo Rare,Fighting,160,Stage 2,,[F] Rock Blast (50x) Flip a coin for each F Energy attached to this Pokemon.  This attack does 50 damage times the number of heads.,Gx2,,4,0.5,0.86,10.0,0.82,,Reverse Holofoil,[2FF] Rock Wrecker (130) This attack's damage isn't affected by Weakness or Resistance.  This Pokemon can't attack during your next turn.
88808,Roller Skates,Roller Skates,https://tcgplayer-cdn.tcgplayer.com/product/88808_200w.jpg,3,1387,https://cpt.tcgcsv.com/bxK,2025-11-25T13:09:37.767,1,125/146,Uncommon,Item,0,Item,You may play as many Item cards as you like during your turn (before your attack).,"Flip a coin.  If heads, draw 3 cards.",,,,0.05,0.2,5.0,0.16,,Normal,
88808,Roller Skates,Roller Skates,https://tcgplayer-cdn.tcgplayer.com/product/88808_200w.jpg,3,1387,https://cpt.tcgcsv.com/bxK,2025-11-25T13:09:37.767,1,125/146,Uncommon,Item,0,Item,You may play as many Item cards as you like during your turn (before your attack).,"Flip a coin.  If heads, draw 3 cards.",,,,0.01,0.44,1.13,0.5,,Reverse Holofoil,
88857,Sableye,Sableye,https://tcgplayer-cdn.tcgplayer.com/product/88857_200w.jpg,3,1387,https://cpt.tcgcsv.com/9zK,2022-12-14T18:18:52.33,1,68/146,Uncommon,Darkness,80,Basic,,[1] Filch - Draw a card.,,,1,0.1,0.49,1.49,0.54,0.25,Normal,"[1D] Rip Claw (30) Flip a coin.  If heads, discard an Energy attached to your opponent's Active Pokemon."
88857,Sableye,Sableye,https://tcgplayer-cdn.tcgplayer.com/product/88857_200w.jpg,3,1387,https://cpt.tcgcsv.com/9zK,2022-12-14T18:18:52.33,1,68/146,Uncommon,Darkness,80,Basic,,[1] Filch - Draw a card.,,,1,0.45,0.86,3.49,1.24,,Reverse Holofoil,"[1D] Rip Claw (30) Flip a coin.  If heads, discard an Energy attached to your opponent's Active Pokemon."
88917,Sandile,Sandile,https://tcgplayer-cdn.tcgplayer.com/product/88917_200w.jpg,3,1387,https://cpt.tcgcsv.com/mBK,2022-12-14T18:18:58.29,1,69/146,Common,Darkness,70,Basic,,[2] Ram (20),Fx2,P-20,3,0.03,0.2,4.0,0.19,,Normal,[1DD] Darkness Fang (50)
88917,Sandile,Sandile,https://tcgplayer-cdn.tcgplayer.com/product/88917_200w.jpg,3,1387,https://cpt.tcgcsv.com/mBK,2022-12-14T18:18:58.29,1,69/146,Common,Darkness,70,Basic,,[2] Ram (20),Fx2,P-20,3,0.19,0.69,3.99,0.75,,Reverse Holofoil,[1DD] Darkness Fang (50)
88943,Scatterbug,Scatterbug,https://tcgplayer-cdn.tcgplayer.com/product/88943_200w.jpg,3,1387,https://cpt.tcgcsv.com/TBK,2022-12-14T18:11:44.813,1,15/146,Common,Grass,40,Basic,,[1] Bug Bite (10),Rx2,,1,0.03,0.2,1.49,0.18,,Normal,
88943,Scatterbug,Scatterbug,https://tcgplayer-cdn.tcgplayer.com/product/88943_200w.jpg,3,1387,https://cpt.tcgcsv.com/TBK,2022-12-14T18:11:44.813,1,15/146,Common,Grass,40,Basic,,[1] Bug Bite (10),Rx2,,1,0.25,0.46,1.75,0.48,,Reverse Holofoil,
88971,Scolipede,Scolipede,https://tcgplayer-cdn.tcgplayer.com/product/88971_200w.jpg,3,1387,https://cpt.tcgcsv.com/rCK,2025-12-04T01:06:13.367,1,53/146,Rare,Psychic,150,Stage 2,,[P] Random Peck (20+) Flip 2 coins.  This attack does 20 more damage for each heads.,Px2,,3,0.09,0.4,1.62,0.42,,Normal,[3P] Poison Ring (70) Your opponent's Active Pokemon is now Poisoned.  That Pokemon can't retreat during your opponent's next turn.
88971,Scolipede,Scolipede,https://tcgplayer-cdn.tcgplayer.com/product/88971_200w.jpg,3,1387,https://cpt.tcgcsv.com/rCK,2025-12-04T01:06:13.367,1,53/146,Rare,Psychic,150,Stage 2,,[P] Random Peck (20+) Flip 2 coins.  This attack does 20 more damage for each heads.,Px2,,3,0.2,0.83,3.99,0.82,,Reverse Holofoil,[3P] Poison Ring (70) Your opponent's Active Pokemon is now Poisoned.  That Pokemon can't retreat during your opponent's next turn.
89095,Shadow Circle,Shadow Circle,https://tcgplayer-cdn.tcgplayer.com/product/89095_200w.jpg,3,1387,https://cpt.tcgcsv.com/WFK,2025-12-04T01:07:16.21,1,126/146,Uncommon,Stadium,0,Stadium,"This card stays in play when you play it.  Discard this card if another Stadium card comes into play.  If another card with the same name is in play, you can't play this card.",Each Pokemon that has any D Energy attached to it (both yours and your opponent's) has no Weakness.,,,,0.05,0.24,2.29,0.22,0.18,Normal,
89095,Shadow Circle,Shadow Circle,https://tcgplayer-cdn.tcgplayer.com/product/89095_200w.jpg,3,1387,https://cpt.tcgcsv.com/WFK,2025-12-04T01:07:16.21,1,126/146,Uncommon,Stadium,0,Stadium,"This card stays in play when you play it.  Discard this card if another Stadium card comes into play.  If another card with the same name is in play, you can't play this card.",Each Pokemon that has any D Energy attached to it (both yours and your opponent's) has no Weakness.,,,,0.25,0.49,2.85,0.49,0.4,Reverse Holofoil,
89105,Shauna,Shauna,https://tcgplayer-cdn.tcgplayer.com/product/89105_200w.jpg,3,1387,https://cpt.tcgcsv.com/7GK,2025-02-05T21:08:41.523,1,127/146,Uncommon,Supporter,0,Supporter,You may play only 1 Supporter card during your turn (before your attack).,"Shuffle your hand into your deck.  Then, draw 5 cards.",,,,0.03,0.21,5.0,0.2,,Normal,
89105,Shauna,Shauna,https://tcgplayer-cdn.tcgplayer.com/product/89105_200w.jpg,3,1387,https://cpt.tcgcsv.com/7GK,2025-02-05T21:08:41.523,1,127/146,Uncommon,Supporter,0,Supporter,You may play only 1 Supporter card during your turn (before your attack).,"Shuffle your hand into your deck.  Then, draw 5 cards.",,,,0.12,0.59,2.5,0.61,,Reverse Holofoil,
89139,Shellder,Shellder,https://tcgplayer-cdn.tcgplayer.com/product/89139_200w.jpg,3,1387,https://cpt.tcgcsv.com/PGK,2024-05-01T20:21:56.773,1,31/146,Common,Water,60,Basic,,[1W] Rain Splash (20),Gx2,,1,0.05,0.2,1.5,0.18,,Normal,
89139,Shellder,Shellder,https://tcgplayer-cdn.tcgplayer.com/product/89139_200w.jpg,3,1387,https://cpt.tcgcsv.com/PGK,2024-05-01T20:21:56.773,1,31/146,Common,Water,60,Basic,,[1W] Rain Splash (20),Gx2,,1,0.26,0.63,3.99,0.57,0.49,Reverse Holofoil,
89220,Simipour,Simipour,https://tcgplayer-cdn.tcgplayer.com/product/89220_200w.jpg,3,1387,https://cpt.tcgcsv.com/qJK,2026-01-29T23:13:23.387,1,38/146,Rare,Water,90,Stage 1,,[1] Recycle - Put a card from your discard pile on top of your deck.,Gx2,,1,0.1,0.4,3.24,0.4,,Normal,[1WW] Surf (70)
89220,Simipour,Simipour,https://tcgplayer-cdn.tcgplayer.com/product/89220_200w.jpg,3,1387,https://cpt.tcgcsv.com/qJK,2026-01-29T23:13:23.387,1,38/146,Rare,Water,90,Stage 1,,[1] Recycle - Put a card from your discard pile on top of your deck.,Gx2,,1,0.35,0.5,2.0,0.76,0.4,Reverse Holofoil,[1WW] Surf (70)
89224,Simisage,Simisage,https://tcgplayer-cdn.tcgplayer.com/product/89224_200w.jpg,3,1387,https://cpt.tcgcsv.com/vJK,2023-04-21T11:26:18.02,1,11/146,Rare,Grass,90,Stage 1,,[1] Torment (20) Choose 1 of your opponent's Active Pokemon's attacks.  That Pokemon can't use that attack during your opponent's next turn.,Rx2,,1,0.22,0.43,1.0,0.43,0.36,Normal,[1GG] Solar Beam (70)
89224,Simisage,Simisage,https://tcgplayer-cdn.tcgplayer.com/product/89224_200w.jpg,3,1387,https://cpt.tcgcsv.com/vJK,2023-04-21T11:26:18.02,1,11/146,Rare,Grass,90,Stage 1,,[1] Torment (20) Choose 1 of your opponent's Active Pokemon's attacks.  That Pokemon can't use that attack during your opponent's next turn.,Rx2,,1,0.25,0.5,3.99,0.48,0.39,Reverse Holofoil,[1GG] Solar Beam (70)
89230,Simisear,Simisear,https://tcgplayer-cdn.tcgplayer.com/product/89230_200w.jpg,3,1387,https://cpt.tcgcsv.com/DJK,2026-02-17T12:20:00.673,1,23/146,Rare,Fire,90,Stage 1,,[1] Yawn - Your opponent's Active Pokemon is now Asleep.,Wx2,,1,0.05,0.45,0.99,0.46,0.29,Normal,[2R] Flamethrower (90) Discard a R Energy attached to this Pokemon.
89230,Simisear,Simisear,https://tcgplayer-cdn.tcgplayer.com/product/89230_200w.jpg,3,1387,https://cpt.tcgcsv.com/DJK,2026-02-17T12:20:00.673,1,23/146,Rare,Fire,90,Stage 1,,[1] Yawn - Your opponent's Active Pokemon is now Asleep.,Wx2,,1,0.34,0.63,1.95,0.63,0.69,Reverse Holofoil,[2R] Flamethrower (90) Discard a R Energy attached to this Pokemon.
89248,Skarmory EX,Skarmory EX,https://tcgplayer-cdn.tcgplayer.com/product/89248_200w.jpg,3,1387,https://cpt.tcgcsv.com/-JK,2022-12-14T18:20:51.24,1,80/146,Ultra Rare,Metal,170,Basic,,"[2] Joust (30) 
<br>Before doing damage, discard all Pokemon Tool cards attached to your opponent's Active Pokemon.",Rx2,P-20,1,2.89,4.15,1540.2,4.68,,Holofoil,"[1MM] Tailspin Piledriver (80+) 
<br>If your opponent's Active Pokemon already has any damage counters on it, this attack does 40 more damage."
89249,Skarmory EX (145 Full Art),Skarmory EX 145 Full Art,https://tcgplayer-cdn.tcgplayer.com/product/89249_200w.jpg,3,1387,https://cpt.tcgcsv.com/_JK,2026-02-14T02:06:46.657,1,145/146,Ultra Rare,Metal,170,Basic,,"[2] Joust (30) 
<br>Before doing damage, discard all Pokemon Tool cards attached to your opponent's Active Pokemon.",Rx2,P-20,1,17.13,38.5,112.73,38.14,109.99,Holofoil,"[1MM] Tailspin Piledriver (80+) 
<br>If your opponent's Active Pokemon already has any damage counters on it, this attack does 40 more damage."
89251,Skiddo,Skiddo,https://tcgplayer-cdn.tcgplayer.com/product/89251_200w.jpg,3,1387,https://cpt.tcgcsv.com/2KK,2022-12-14T18:12:13.2,1,18/146,Common,Grass,70,Basic,,"[1] Lead - Flip a coin.  If heads, search your deck for a Supporter card, reveal it, and put it into your hand.  Shuffle your deck afterward.",Rx2,,2,0.02,0.24,4.0,0.24,,Normal,[2G] Tackle (40)
89251,Skiddo,Skiddo,https://tcgplayer-cdn.tcgplayer.com/product/89251_200w.jpg,3,1387,https://cpt.tcgcsv.com/2KK,2022-12-14T18:12:13.2,1,18/146,Common,Grass,70,Basic,,"[1] Lead - Flip a coin.  If heads, search your deck for a Supporter card, reveal it, and put it into your hand.  Shuffle your deck afterward.",Rx2,,2,0.24,0.58,1.95,0.56,,Reverse Holofoil,[2G] Tackle (40)
89271,Skitty,Skitty,https://tcgplayer-cdn.tcgplayer.com/product/89271_200w.jpg,3,1387,https://cpt.tcgcsv.com/rKK,2022-12-14T18:24:46.63,1,104/146,Common,Colorless,50,Basic,,"[1] <b>Heal Bell</b> 
<br>Heal 10 damage from each of your Pokemon.",Fx2,,1,0.09,0.3,4.0,0.31,,Normal,[1] <b>Tail Whap -- 10</b>
89271,Skitty,Skitty,https://tcgplayer-cdn.tcgplayer.com/product/89271_200w.jpg,3,1387,https://cpt.tcgcsv.com/rKK,2022-12-14T18:24:46.63,1,104/146,Common,Colorless,50,Basic,,"[1] <b>Heal Bell</b> 
<br>Heal 10 damage from each of your Pokemon.",Fx2,,1,0.84,1.13,2.5,1.33,,Reverse Holofoil,[1] <b>Tail Whap -- 10</b>
89347,Slugma,Slugma,https://tcgplayer-cdn.tcgplayer.com/product/89347_200w.jpg,3,1387,https://cpt.tcgcsv.com/ZLK,2022-12-14T18:12:26.41,1,20/146,Common,Fire,70,Basic,,[2R] Flamethrower (50) Discard an Energy attached to this Pokemon.,Wx2,,2,0.06,0.2,4.0,0.2,,Normal,
89347,Slugma,Slugma,https://tcgplayer-cdn.tcgplayer.com/product/89347_200w.jpg,3,1387,https://cpt.tcgcsv.com/ZLK,2022-12-14T18:12:26.41,1,20/146,Common,Fire,70,Basic,,[2R] Flamethrower (50) Discard an Energy attached to this Pokemon.,Wx2,,2,0.25,0.54,3.99,0.56,0.66,Reverse Holofoil,
89349,Slurpuff,Slurpuff,https://tcgplayer-cdn.tcgplayer.com/product/89349_200w.jpg,3,1387,https://cpt.tcgcsv.com/_LK,2026-02-14T02:14:57.47,1,95/146,Holo Rare,Fairy,90,Stage 1,Sweet Veil - Each of your Pokemon that has any A Energy attached to it can't be affected by any Special Conditions.  (Remove any Special Conditions affecting those Pokemon.)  (Ability),[1Y] Draining Kiss (30) Heal 30 damage from this Pokemon.,Mx2,D-20,2,0.4,1.0,5.0,1.25,,Holofoil,
89349,Slurpuff,Slurpuff,https://tcgplayer-cdn.tcgplayer.com/product/89349_200w.jpg,3,1387,https://cpt.tcgcsv.com/_LK,2026-02-14T02:14:57.47,1,95/146,Holo Rare,Fairy,90,Stage 1,Sweet Veil - Each of your Pokemon that has any A Energy attached to it can't be affected by any Special Conditions.  (Remove any Special Conditions affecting those Pokemon.)  (Ability),[1Y] Draining Kiss (30) Heal 30 damage from this Pokemon.,Mx2,D-20,2,0.47,1.0,2.49,0.98,2.46,Reverse Holofoil,
89432,Solrock,Solrock,https://tcgplayer-cdn.tcgplayer.com/product/89432_200w.jpg,3,1387,https://cpt.tcgcsv.com/GNK,2025-02-05T21:08:41.587,1,64/146,Uncommon,Fighting,90,Basic,,"[1] Cosmic Spin (10+) If Lunatone is on your Bench, this attack does 30 more damage.",Gx2,,2,0.08,0.22,4.0,0.2,,Normal,[1FF] Solar Beam (60)
89432,Solrock,Solrock,https://tcgplayer-cdn.tcgplayer.com/product/89432_200w.jpg,3,1387,https://cpt.tcgcsv.com/GNK,2025-02-05T21:08:41.587,1,64/146,Uncommon,Fighting,90,Basic,,"[1] Cosmic Spin (10+) If Lunatone is on your Bench, this attack does 30 more damage.",Gx2,,2,0.25,0.52,2.49,0.53,,Reverse Holofoil,[1FF] Solar Beam (60)
89444,Spewpa,Spewpa,https://tcgplayer-cdn.tcgplayer.com/product/89444_200w.jpg,3,1387,https://cpt.tcgcsv.com/VNK,2025-02-05T21:08:41.687,1,16/146,Uncommon,Grass,80,Stage 1,,[1] Bug Bite (10),Rx2,,3,0.08,0.25,1.5,0.3,,Normal,"[2G] Stun Spore (40) Flip a coin.  If heads, your opponent's Active Pokemon is now Paralyzed."
89444,Spewpa,Spewpa,https://tcgplayer-cdn.tcgplayer.com/product/89444_200w.jpg,3,1387,https://cpt.tcgcsv.com/VNK,2025-02-05T21:08:41.687,1,16/146,Uncommon,Grass,80,Stage 1,,[1] Bug Bite (10),Rx2,,3,0.25,0.75,2.0,0.76,,Reverse Holofoil,"[2G] Stun Spore (40) Flip a coin.  If heads, your opponent's Active Pokemon is now Paralyzed."
89480,Spoink,Spoink,https://tcgplayer-cdn.tcgplayer.com/product/89480_200w.jpg,3,1387,https://cpt.tcgcsv.com/DPK,2022-12-14T18:16:06.21,1,49/146,Common,Psychic,60,Basic,,[P] Splash (10),Px2,,1,0.01,0.2,4.0,0.2,,Normal,
89480,Spoink,Spoink,https://tcgplayer-cdn.tcgplayer.com/product/89480_200w.jpg,3,1387,https://cpt.tcgcsv.com/DPK,2022-12-14T18:16:06.21,1,49/146,Common,Psychic,60,Basic,,[P] Splash (10),Px2,,1,0.25,0.5,1.49,0.63,0.35,Reverse Holofoil,
89481,Spritzee,Spritzee,https://tcgplayer-cdn.tcgplayer.com/product/89481_200w.jpg,3,1387,https://cpt.tcgcsv.com/FPK,2025-11-24T21:33:29.62,1,92/146,Common,Fairy,50,Basic,,[Y] Sweet Scent - Heal 20 from 1 of your Pokemon.,Mx2,D-20,1,0.05,0.24,19.5,0.22,0.14,Normal,[2] Flop (20)
89481,Spritzee,Spritzee,https://tcgplayer-cdn.tcgplayer.com/product/89481_200w.jpg,3,1387,https://cpt.tcgcsv.com/FPK,2025-11-24T21:33:29.62,1,92/146,Common,Fairy,50,Basic,,[Y] Sweet Scent - Heal 20 from 1 of your Pokemon.,Mx2,D-20,1,0.6,0.9,1.11,0.94,,Reverse Holofoil,[2] Flop (20)
89539,Starmie,Starmie,https://tcgplayer-cdn.tcgplayer.com/product/89539_200w.jpg,3,1387,https://cpt.tcgcsv.com/PQK,2022-12-14T18:14:26.047,1,34/146,Rare,Water,90,Stage 1,,[W] Recover - Discard an Energy attached to this Pokemon and heal all damage from it.,Gx2,,1,0.23,0.5,3.48,0.64,,Normal,"[2W] Core Splash (60+) If this Pokemon has any P Energy attached to it, this attack does 30 more damage."
89539,Starmie,Starmie,https://tcgplayer-cdn.tcgplayer.com/product/89539_200w.jpg,3,1387,https://cpt.tcgcsv.com/PQK,2022-12-14T18:14:26.047,1,34/146,Rare,Water,90,Stage 1,,[W] Recover - Discard an Energy attached to this Pokemon and heal all damage from it.,Gx2,,1,0.35,0.63,1.49,0.75,,Reverse Holofoil,"[2W] Core Splash (60+) If this Pokemon has any P Energy attached to it, this attack does 30 more damage."
89554,Staryu,Staryu,https://tcgplayer-cdn.tcgplayer.com/product/89554_200w.jpg,3,1387,https://cpt.tcgcsv.com/6RK,2025-12-04T01:09:03.03,1,33/146,Common,Water,60,Basic,,[1W] Reckless Charge (30) This Pokemon does 10 damage to itself.,Gx2,,1,0.01,0.22,1.49,0.21,,Normal,
89554,Staryu,Staryu,https://tcgplayer-cdn.tcgplayer.com/product/89554_200w.jpg,3,1387,https://cpt.tcgcsv.com/6RK,2025-12-04T01:09:03.03,1,33/146,Common,Water,60,Basic,,[1W] Reckless Charge (30) This Pokemon does 10 damage to itself.,Gx2,,1,0.25,0.47,3.99,0.45,,Reverse Holofoil,
89573,Stoutland,Stoutland,https://tcgplayer-cdn.tcgplayer.com/product/89573_200w.jpg,3,1387,https://cpt.tcgcsv.com/tRK,2023-05-06T14:25:35.747,1,110/146,Rare,Colorless,140,Stage 2,,"[3] Bite Off (60+) If your opponent's Active Pokemon is a Pokemon-EX, this attack does 60 more damage.",Fx2,,3,0.25,0.5,5.0,0.55,,Normal,[4] Wild Barking (80) This attack does 20 damage to 1 of your opponent's Benched Pokemon.  (Don't apply Weakness and Resistance for Benched Pokemon.)
89573,Stoutland,Stoutland,https://tcgplayer-cdn.tcgplayer.com/product/89573_200w.jpg,3,1387,https://cpt.tcgcsv.com/tRK,2023-05-06T14:25:35.747,1,110/146,Rare,Colorless,140,Stage 2,,"[3] Bite Off (60+) If your opponent's Active Pokemon is a Pokemon-EX, this attack does 60 more damage.",Fx2,,3,0.25,0.84,19.96,0.84,,Reverse Holofoil,[4] Wild Barking (80) This attack does 20 damage to 1 of your opponent's Benched Pokemon.  (Don't apply Weakness and Resistance for Benched Pokemon.)
89630,Super Potion,Super Potion,https://tcgplayer-cdn.tcgplayer.com/product/89630_200w.jpg,3,1387,https://cpt.tcgcsv.com/DSK,2025-12-04T01:10:06.643,1,128/146,Uncommon,Item,0,Item,You may play as many Item cards as you like during your turn (before your attack).,"Heal 60 damage from 1 of your Pokemon.  If you do, discard an Energy attached to that Pokemon.",,,,0.1,0.25,5.0,0.25,0.18,Normal,
89630,Super Potion,Super Potion,https://tcgplayer-cdn.tcgplayer.com/product/89630_200w.jpg,3,1387,https://cpt.tcgcsv.com/DSK,2025-12-04T01:10:06.643,1,128/146,Uncommon,Item,0,Item,You may play as many Item cards as you like during your turn (before your attack).,"Heal 60 damage from 1 of your Pokemon.  If you do, discard an Energy attached to that Pokemon.",,,,0.25,0.57,2.0,0.81,,Reverse Holofoil,
89695,Swellow,Swellow,https://tcgplayer-cdn.tcgplayer.com/product/89695_200w.jpg,3,1387,https://cpt.tcgcsv.com/WTK,2025-12-08T12:41:43.903,1,103/146,Rare,Colorless,90,Stage 1,"<b>Ability -- Drive Off</b>
<br>Once per turn (before your attack), you may have your opponent switch his or her Active Pokemon with 1 of his or her Benched Pokemon.  (Ability)",[3] Wing Attack (60),Lx2,F-20,1,0.24,0.43,2.76,0.43,,Normal,
89695,Swellow,Swellow,https://tcgplayer-cdn.tcgplayer.com/product/89695_200w.jpg,3,1387,https://cpt.tcgcsv.com/WTK,2025-12-08T12:41:43.903,1,103/146,Rare,Colorless,90,Stage 1,"<b>Ability -- Drive Off</b>
<br>Once per turn (before your attack), you may have your opponent switch his or her Active Pokemon with 1 of his or her Benched Pokemon.  (Ability)",[3] Wing Attack (60),Lx2,F-20,1,0.34,0.69,1.49,0.66,,Reverse Holofoil,
89707,Swirlix,Swirlix,https://tcgplayer-cdn.tcgplayer.com/product/89707_200w.jpg,3,1387,https://cpt.tcgcsv.com/9VK,2025-12-04T01:10:54.573,1,94/146,Common,Fairy,60,Basic,,[1] Tackle (10),Mx2,D-20,1,0.05,0.25,1.49,0.26,,Normal,[1Y] Fairy Wind (20)
89707,Swirlix,Swirlix,https://tcgplayer-cdn.tcgplayer.com/product/89707_200w.jpg,3,1387,https://cpt.tcgcsv.com/9VK,2025-12-04T01:10:54.573,1,94/146,Common,Fairy,60,Basic,,[1] Tackle (10),Mx2,D-20,1,0.57,0.75,3.99,0.63,,Reverse Holofoil,[1Y] Fairy Wind (20)
89737,Taillow,Taillow,https://tcgplayer-cdn.tcgplayer.com/product/89737_200w.jpg,3,1387,https://cpt.tcgcsv.com/MVK,2022-12-14T18:24:26.493,1,102/146,Common,Colorless,50,Basic,,"[2] Aerial Ace (10+) Flip a coin.  If heads, this attack does 30 more damage.",Lx2,F-20,1,0.04,0.2,4.0,0.19,0.19,Normal,
89737,Taillow,Taillow,https://tcgplayer-cdn.tcgplayer.com/product/89737_200w.jpg,3,1387,https://cpt.tcgcsv.com/MVK,2022-12-14T18:24:26.493,1,102/146,Common,Colorless,50,Basic,,"[2] Aerial Ace (10+) Flip a coin.  If heads, this attack does 30 more damage.",Lx2,F-20,1,0.22,0.5,2.0,0.46,,Reverse Holofoil,
89739,Talonflame,Talonflame,https://tcgplayer-cdn.tcgplayer.com/product/89739_200w.jpg,3,1387,https://cpt.tcgcsv.com/PVK,2022-12-14T18:13:45.14,1,28/146,Holo Rare,Fire,130,Stage 2,,[1] Devastating Wind - Your opponent shuffles his or her hand into his or her deck and draws 4 cards.,Lx2,F-20,0,0.39,0.92,5.0,0.99,,Holofoil,[RR] Flare Blitz (100) Discard all R Energy attached to this Pokemon.
89739,Talonflame,Talonflame,https://tcgplayer-cdn.tcgplayer.com/product/89739_200w.jpg,3,1387,https://cpt.tcgcsv.com/PVK,2022-12-14T18:13:45.14,1,28/146,Holo Rare,Fire,130,Stage 2,,[1] Devastating Wind - Your opponent shuffles his or her hand into his or her deck and draws 4 cards.,Lx2,F-20,0,0.38,1.25,3.04,1.25,,Reverse Holofoil,[RR] Flare Blitz (100) Discard all R Energy attached to this Pokemon.
89767,Tauros,Tauros,https://tcgplayer-cdn.tcgplayer.com/product/89767_200w.jpg,3,1387,https://cpt.tcgcsv.com/mWK,2025-11-24T21:35:28.227,1,100/146,Rare,Colorless,110,Basic,,[1] Take Down (30) This Pokemon does 10 damage to itself.,Fx2,,2,0.22,0.55,1.5,0.67,,Normal,[3] Seething Anger (30x) Flip a coin for each damage counter on this Pokemon.  This attack does 30 damage times the number of heads.
89767,Tauros,Tauros,https://tcgplayer-cdn.tcgplayer.com/product/89767_200w.jpg,3,1387,https://cpt.tcgcsv.com/mWK,2025-11-24T21:35:28.227,1,100/146,Rare,Colorless,110,Basic,,[1] Take Down (30) This Pokemon does 10 damage to itself.,Fx2,,2,0.3,0.79,2.29,0.83,,Reverse Holofoil,[3] Seething Anger (30x) Flip a coin for each damage counter on this Pokemon.  This attack does 30 damage times the number of heads.
89804,Team Flare Grunt,Team Flare Grunt,https://tcgplayer-cdn.tcgplayer.com/product/89804_200w.jpg,3,1387,https://cpt.tcgcsv.com/6XK,2025-11-24T21:36:10.89,1,129/146,Uncommon,Supporter,0,Supporter,You may play only 1 Supporter card during your turn (before your attack).,Discard an Energy attached to your opponent's Active Pokemon.,,,,0.1,0.33,2.25,0.35,,Normal,
89804,Team Flare Grunt,Team Flare Grunt,https://tcgplayer-cdn.tcgplayer.com/product/89804_200w.jpg,3,1387,https://cpt.tcgcsv.com/6XK,2025-11-24T21:36:10.89,1,129/146,Uncommon,Supporter,0,Supporter,You may play only 1 Supporter card during your turn (before your attack).,Discard an Energy attached to your opponent's Active Pokemon.,,,,0.28,0.5,1.79,0.67,,Reverse Holofoil,
89917,Timburr,Timburr,https://tcgplayer-cdn.tcgplayer.com/product/89917_200w.jpg,3,1387,https://cpt.tcgcsv.com/m-K,2022-12-14T18:18:31.363,1,65/146,Common,Fighting,70,Basic,,"[1F] Pummel (20+) Flip a coin.  If heads, this attack does 20 more damage.",Px2,,2,0.03,0.23,4.0,0.23,0.23,Normal,
89917,Timburr,Timburr,https://tcgplayer-cdn.tcgplayer.com/product/89917_200w.jpg,3,1387,https://cpt.tcgcsv.com/m-K,2022-12-14T18:18:31.363,1,65/146,Common,Fighting,70,Basic,,"[1F] Pummel (20+) Flip a coin.  If heads, this attack does 20 more damage.",Px2,,2,0.25,0.74,3.49,0.68,0.52,Reverse Holofoil,
90047,Trevenant,Trevenant,https://tcgplayer-cdn.tcgplayer.com/product/90047_200w.jpg,3,1387,https://cpt.tcgcsv.com/Z0L,2026-02-17T23:34:52.367,1,55/146,Holo Rare,Psychic,110,Stage 1,"<b> Ability -- Forest's Curse</b>
<br>As long as this Pokemon is your Active Pokemon, your opponent's can't play any Item cards from his or her hand.",[2P] Tree Slam (60) This attack does 20 damage to 2 of your opponent's Benched Pokemon.  (Don't apply Weakness and Resistance for Benched Pokemon.),Dx2,F-20,3,1.75,4.03,9.99,4.05,,Holofoil,
90047,Trevenant,Trevenant,https://tcgplayer-cdn.tcgplayer.com/product/90047_200w.jpg,3,1387,https://cpt.tcgcsv.com/Z0L,2026-02-17T23:34:52.367,1,55/146,Holo Rare,Psychic,110,Stage 1,"<b> Ability -- Forest's Curse</b>
<br>As long as this Pokemon is your Active Pokemon, your opponent's can't play any Item cards from his or her hand.",[2P] Tree Slam (60) This attack does 20 damage to 2 of your opponent's Benched Pokemon.  (Don't apply Weakness and Resistance for Benched Pokemon.),Dx2,F-20,3,3.42,4.71,7.97,4.06,,Reverse Holofoil,
90297,Venipede,Venipede,https://tcgplayer-cdn.tcgplayer.com/product/90297_200w.jpg,3,1387,https://cpt.tcgcsv.com/Z7L,2022-12-14T18:16:41.56,1,51/146,Common,Psychic,70,Basic,,[1P] Poison Sting (20) Your opponent's Active Pokemon is now Poisoned.,Px2,,3,0.04,0.21,2.21,0.22,,Normal,
90297,Venipede,Venipede,https://tcgplayer-cdn.tcgplayer.com/product/90297_200w.jpg,3,1387,https://cpt.tcgcsv.com/Z7L,2022-12-14T18:16:41.56,1,51/146,Common,Psychic,70,Basic,,[1P] Poison Sting (20) Your opponent's Active Pokemon is now Poisoned.,Px2,,3,0.2,0.59,1.84,0.56,,Reverse Holofoil,
90324,Venusaur EX,Venusaur EX,https://tcgplayer-cdn.tcgplayer.com/product/90324_200w.jpg,3,1387,https://cpt.tcgcsv.com/v8L,2025-11-25T13:16:48.34,1,1/146,Ultra Rare,Grass,180,Basic,,"[2G] Poison Powder (60) 
<br>Your opponent's Active Pokemon is now Poisoned.",Rx2,None,4,3.75,5.31,8.55,6.58,,Holofoil,"[2GG] Jungle Hammer (90)
<br>Heal 30 damage from this Pokemon."
90325,Venusaur EX (141 Full Art),Venusaur EX 141 Full Art,https://tcgplayer-cdn.tcgplayer.com/product/90325_200w.jpg,3,1387,https://cpt.tcgcsv.com/w8L,2022-12-14T18:31:13.127,1,141/146,Ultra Rare,Grass,180,Basic,,"[2G] Poison Powder (60) 
<br>Your opponent's Active Pokemon is now Poisoned.",Rx2,None,4,75.0,93.69,300.0,76.21,,Holofoil,"[2GG] Jungle Hammer (90) 
<br>Heal 30 damage from this Pokemon."
90395,Vivillon (High Plains [Orange]),Vivillon High Plains Orange,https://tcgplayer-cdn.tcgplayer.com/product/90395_200w.jpg,3,1387,https://cpt.tcgcsv.com/W9L,2022-12-14T18:12:01.363,1,17/146,Holo Rare,Grass,130,Stage 2,,[G] Conversion Powder - Choose either Asleep or Poisoned.  Your opponent's Active Pokemon is now affected by the Special Condition.,Rx2,,1,2.95,3.66,6.0,3.52,,Holofoil,[3] Colorful Wind (30+) This attack does 30 more damage for each different type of basic Energy attached to this Pokemon.
90395,Vivillon (High Plains [Orange]),Vivillon High Plains Orange,https://tcgplayer-cdn.tcgplayer.com/product/90395_200w.jpg,3,1387,https://cpt.tcgcsv.com/W9L,2022-12-14T18:12:01.363,1,17/146,Holo Rare,Grass,130,Stage 2,,[G] Conversion Powder - Choose either Asleep or Poisoned.  Your opponent's Active Pokemon is now affected by the Special Condition.,Rx2,,1,7.0,9.55,18.25,2.8,,Reverse Holofoil,[3] Colorful Wind (30+) This attack does 30 more damage for each different type of basic Energy attached to this Pokemon.
90401,Volbeat,Volbeat,https://tcgplayer-cdn.tcgplayer.com/product/90401_200w.jpg,3,1387,https://cpt.tcgcsv.com/2bL,2026-02-14T02:16:30.28,1,8/146,Uncommon,Grass,70,Basic,,[G] Luring Glow - Switch 1 of your opponent's Benched Pokemon with your opponent's Active Pokemon.,Rx2,,1,0.06,0.27,4.0,0.27,0.25,Normal,[1G] Signal Beam (30) Your opponent's Active Pokemon is now Confused.
90401,Volbeat,Volbeat,https://tcgplayer-cdn.tcgplayer.com/product/90401_200w.jpg,3,1387,https://cpt.tcgcsv.com/2bL,2026-02-14T02:16:30.28,1,8/146,Uncommon,Grass,70,Basic,,[G] Luring Glow - Switch 1 of your opponent's Benched Pokemon with your opponent's Active Pokemon.,Rx2,,1,0.25,0.67,1.81,0.49,,Reverse Holofoil,[1G] Signal Beam (30) Your opponent's Active Pokemon is now Confused.
90425,Voltorb,Voltorb,https://tcgplayer-cdn.tcgplayer.com/product/90425_200w.jpg,3,1387,https://cpt.tcgcsv.com/wbL,2025-12-04T01:13:10.363,1,44/146,Common,Lightning,50,Basic,"Destiny Burst - If this Pokemon is Knocked Out by damage from an opponent's attack, flip a coin.  If heads, put 5 damage counters on the Attacking Pokemon.  (Ability)",[1] Rollout (10),Fx2,,1,0.08,0.22,4.0,0.2,0.2,Normal,
90425,Voltorb,Voltorb,https://tcgplayer-cdn.tcgplayer.com/product/90425_200w.jpg,3,1387,https://cpt.tcgcsv.com/wbL,2025-12-04T01:13:10.363,1,44/146,Common,Lightning,50,Basic,"Destiny Burst - If this Pokemon is Knocked Out by damage from an opponent's attack, flip a coin.  If heads, put 5 damage counters on the Attacking Pokemon.  (Ability)",[1] Rollout (10),Fx2,,1,0.66,1.04,96.95,1.55,96.95,Reverse Holofoil,
90528,Water Energy,Water Energy,https://tcgplayer-cdn.tcgplayer.com/product/90528_200w.jpg,3,1387,https://cpt.tcgcsv.com/BdL,2022-12-14T18:30:05.723,1,134/146,Common,Energy,0,Energy,,,,,,0.91,3.38,4.01,3.66,,Normal,
90548,Weedle,Weedle,https://tcgplayer-cdn.tcgplayer.com/product/90548_200w.jpg,3,1387,https://cpt.tcgcsv.com/-dL,2025-11-25T13:17:50.477,1,3/146,Common,Grass,50,Basic,,"[G] Leaf Munch (10+) If your opponent's Active Pokemon is a G Pokemon, this attack does 20 more damage.",Rx2,,1,0.05,0.25,1.56,0.25,,Normal,
90548,Weedle,Weedle,https://tcgplayer-cdn.tcgplayer.com/product/90548_200w.jpg,3,1387,https://cpt.tcgcsv.com/-dL,2025-11-25T13:17:50.477,1,3/146,Common,Grass,50,Basic,,"[G] Leaf Munch (10+) If your opponent's Active Pokemon is a G Pokemon, this attack does 20 more damage.",Rx2,,1,0.25,0.63,2.49,0.61,1.44,Reverse Holofoil,
90573,Whirlipede,Whirlipede,https://tcgplayer-cdn.tcgplayer.com/product/90573_200w.jpg,3,1387,https://cpt.tcgcsv.com/tfL,2022-12-14T18:16:50.647,1,52/146,Uncommon,Psychic,90,Stage 1,,[1P] Continuous Tumble (30x) Flip a coin until you get tails.  This attack does 30 damage times the number of heads.,Px2,,3,0.05,0.24,1.51,0.24,,Normal,
90573,Whirlipede,Whirlipede,https://tcgplayer-cdn.tcgplayer.com/product/90573_200w.jpg,3,1387,https://cpt.tcgcsv.com/tfL,2022-12-14T18:16:50.647,1,52/146,Uncommon,Psychic,90,Stage 1,,[1P] Continuous Tumble (30x) Flip a coin until you get tails.  This attack does 30 damage times the number of heads.,Px2,,3,0.35,0.5,2.0,0.52,,Reverse Holofoil,
90601,Wigglytuff (89),Wigglytuff 89,https://tcgplayer-cdn.tcgplayer.com/product/90601_200w.jpg,3,1387,https://cpt.tcgcsv.com/2gL,2022-12-14T18:22:06.96,1,89/146,Rare,Fairy,100,Stage 1,,[1] Gather Energy - Search your deck for a basic Energy and attach it to 1 of your Pokemon.  Shuffle your deck afterward.,Mx2,D-20,1,0.47,0.97,2.93,1.08,,Normal,[2Y] Hocus Pinkus (60) The Defending Pokemon can't attack during your opponent's next turn.
90601,Wigglytuff (89),Wigglytuff 89,https://tcgplayer-cdn.tcgplayer.com/product/90601_200w.jpg,3,1387,https://cpt.tcgcsv.com/2gL,2022-12-14T18:22:06.96,1,89/146,Rare,Fairy,100,Stage 1,,[1] Gather Energy - Search your deck for a basic Energy and attach it to 1 of your Pokemon.  Shuffle your deck afterward.,Mx2,D-20,1,1.0,2.15,19.99,2.14,,Reverse Holofoil,[2Y] Hocus Pinkus (60) The Defending Pokemon can't attack during your opponent's next turn.
90602,Wigglytuff (90),Wigglytuff 90,https://tcgplayer-cdn.tcgplayer.com/product/90602_200w.jpg,3,1387,https://cpt.tcgcsv.com/3gL,2026-02-14T02:19:23.567,1,90/146,Rare,Fairy,100,Stage 1,,[1] Balloon Barrage (20x) This attack does 20 damage times the amount of Energy attached to this Pokemon.,Mx2,D-20,2,0.25,0.75,1.76,1.3,,Normal,[1YY] Double-Edge (90) This Pokemon does 10 damage to itself.
90602,Wigglytuff (90),Wigglytuff 90,https://tcgplayer-cdn.tcgplayer.com/product/90602_200w.jpg,3,1387,https://cpt.tcgcsv.com/3gL,2026-02-14T02:19:23.567,1,90/146,Rare,Fairy,100,Stage 1,,[1] Balloon Barrage (20x) This attack does 20 damage times the amount of Energy attached to this Pokemon.,Mx2,D-20,2,2.28,3.53,6.16,3.39,,Reverse Holofoil,[1YY] Double-Edge (90) This Pokemon does 10 damage to itself.
90669,Xerneas,Xerneas,https://tcgplayer-cdn.tcgplayer.com/product/90669_200w.jpg,3,1387,https://cpt.tcgcsv.com/phL,2022-12-14T18:23:08.54,1,96/146,Rare,Fairy,130,Basic,,"[Y] Geomancy - Choose 2 of your Benched Pokemon.  For each of those Pokemon, search your deck for a Y Energy card and attach it to that Pokemon.  Shuffle your deck afterward.",Mx2,D-20,2,0.43,0.86,2.16,0.86,,Normal,[1YY] Rainbow Spear (100) Discard an Energy attached to this Pokemon.
90669,Xerneas,Xerneas,https://tcgplayer-cdn.tcgplayer.com/product/90669_200w.jpg,3,1387,https://cpt.tcgcsv.com/phL,2022-12-14T18:23:08.54,1,96/146,Rare,Fairy,130,Basic,,"[Y] Geomancy - Choose 2 of your Benched Pokemon.  For each of those Pokemon, search your deck for a Y Energy card and attach it to that Pokemon.  Shuffle your deck afterward.",Mx2,D-20,2,0.99,1.6,2.99,1.59,,Reverse Holofoil,[1YY] Rainbow Spear (100) Discard an Energy attached to this Pokemon.
90671,Xerneas EX,Xerneas EX,https://tcgplayer-cdn.tcgplayer.com/product/90671_200w.jpg,3,1387,https://cpt.tcgcsv.com/rhL,2025-11-25T13:18:57.587,1,97/146,Ultra Rare,Fairy,170,Basic,,"[2Y] Break Through (60) 
<br>This attack does 30 damage to 1 of your opponent's Benched Pokemon.  <i>(Don't apply Weakness and Resistance for Benched Pokemon.)</i>",Mx2,D-20,2,5.3,9.85,18.37,11.25,,Holofoil,"[2YY] X Blast (140) 
<br>This Pokemon can't use X Blast during your next turn."
90672,Xerneas EX (146 Full Art),Xerneas EX 146 Full Art,https://tcgplayer-cdn.tcgplayer.com/product/90672_200w.jpg,3,1387,https://cpt.tcgcsv.com/shL,2022-12-14T18:31:54.857,1,146/146,Ultra Rare,Fairy,170,Basic,,"[2Y] Break Through (60) 
<br>This attack does 30 damage to 1 of your opponent's Benched Pokemon.  <i>(Don't apply Weakness and Resistance for Benched Pokemon.)</i>",Mx2,D-20,2,60.0,82.83,143.58,87.93,61.37,Holofoil,"[2YY] X Blast (140) 
<br>This Pokemon can't use X Blast during your next turn."
90697,Yveltal,Yveltal,https://tcgplayer-cdn.tcgplayer.com/product/90697_200w.jpg,3,1387,https://cpt.tcgcsv.com/ZhL,2024-10-18T11:53:25.027,1,78/146,Rare,Darkness,130,Basic,,[D] Oblivion Wing (30) Attach a D Energy card from your discard pile to 1 of your Benched Pokemon.,Lx2,F-20,2,0.09,0.5,2.17,0.51,,Normal,"[1DD] Darkness Blade (100) Flip a coin.  If tails, this Pokemon can't attack during your next turn."
90697,Yveltal,Yveltal,https://tcgplayer-cdn.tcgplayer.com/product/90697_200w.jpg,3,1387,https://cpt.tcgcsv.com/ZhL,2024-10-18T11:53:25.027,1,78/146,Rare,Darkness,130,Basic,,[D] Oblivion Wing (30) Attach a D Energy card from your discard pile to 1 of your Benched Pokemon.,Lx2,F-20,2,0.29,0.93,2.99,0.96,0.63,Reverse Holofoil,"[1DD] Darkness Blade (100) Flip a coin.  If tails, this Pokemon can't attack during your next turn."
90699,Yveltal EX,Yveltal EX,https://tcgplayer-cdn.tcgplayer.com/product/90699_200w.jpg,3,1387,https://cpt.tcgcsv.com/_hL,2022-12-14T18:20:42.17,1,79/146,Ultra Rare,Darkness,170,Basic,,"[1D] Evil Ball (20+) 
<br>This attack does 20 more damage times the amount of Energy attached to both Active Pokemon.",Lx2,F-20,2,7.0,11.7,25.2,15.4,,Holofoil,"[2D] Y Cyclone (90) 
<br>Move an Energy from this Pokemon to 1 of your Benched Pokemon."
90700,Yveltal EX (144 Full Art),Yveltal EX 144 Full Art,https://tcgplayer-cdn.tcgplayer.com/product/90700_200w.jpg,3,1387,https://cpt.tcgcsv.com/0jL,2022-12-14T18:31:38.05,1,144/146,Ultra Rare,Darkness,170,Basic,,"[1D] Evil Ball (20+) 
<br>This attack does 20 more damage times the amount of Energy attached to both Active Pokemon.",Lx2,F-20,2,46.99,75.0,149.99,74.43,,Holofoil,"[2D] Y Cyclone (90) 
<br>Move an Energy from this Pokemon to 1 of your Benched Pokemon."
90756,Zoroark,Zoroark,https://tcgplayer-cdn.tcgplayer.com/product/90756_200w.jpg,3,1387,https://cpt.tcgcsv.com/8kL,2025-11-25T13:23:32.64,1,73/146,Holo Rare,Darkness,100,Stage 1,,[D] Corner (30) The Defending Pokemon can't retreat during your opponent's next turn.,Fx2,P-20,1,0.38,0.64,1.99,0.64,0.59,Holofoil,"[2D] Night Claw (100) Flip a coin.  If tails, discard 2 Energy attached to this Pokemon."
90756,Zoroark,Zoroark,https://tcgplayer-cdn.tcgplayer.com/product/90756_200w.jpg,3,1387,https://cpt.tcgcsv.com/8kL,2025-11-25T13:23:32.64,1,73/146,Holo Rare,Darkness,100,Stage 1,,[D] Corner (30) The Defending Pokemon can't retreat during your opponent's next turn.,Fx2,P-20,1,0.5,0.96,2.93,0.95,,Reverse Holofoil,"[2D] Night Claw (100) Flip a coin.  If tails, discard 2 Energy attached to this Pokemon."
90764,Zorua,Zorua,https://tcgplayer-cdn.tcgplayer.com/product/90764_200w.jpg,3,1387,https://cpt.tcgcsv.com/jkL,2025-12-04T01:14:36.717,1,72/146,Common,Darkness,50,Basic,,[D] Scratch (10),Fx2,P-20,1,0.03,0.25,19.5,0.39,0.17,Normal,[1D] Nasty Plot - Search your deck for a card and put it into your hand.  Shuffle your deck afterward.
90764,Zorua,Zorua,https://tcgplayer-cdn.tcgplayer.com/product/90764_200w.jpg,3,1387,https://cpt.tcgcsv.com/jkL,2025-12-04T01:14:36.717,1,72/146,Common,Darkness,50,Basic,,[D] Scratch (10),Fx2,P-20,1,0.26,0.99,3.99,1.21,,Reverse Holofoil,[1D] Nasty Plot - Search your deck for a card and put it into your hand.  Shuffle your deck afterward.
91249,Vivillon (Meadow [Pink]),Vivillon Meadow Pink,https://tcgplayer-cdn.tcgplayer.com/product/91249_200w.jpg,3,1387,https://cpt.tcgcsv.com/_vL,2022-12-14T18:12:06.973,1,17/146,Holo Rare,Grass,130,Stage 2,,[G] Conversion Powder - Choose either Asleep or Poisoned.  Your opponent's Active Pokemon is now affected by the Special Condition.,Rx2,,1,0.6,1.45,2.99,1.92,,Holofoil,[3] Colorful Wind (30+) This attack does 30 more damage for each different type of basic Energy attached to this Pokemon.
91249,Vivillon (Meadow [Pink]),Vivillon Meadow Pink,https://tcgplayer-cdn.tcgplayer.com/product/91249_200w.jpg,3,1387,https://cpt.tcgcsv.com/_vL,2022-12-14T18:12:06.973,1,17/146,Holo Rare,Grass,130,Stage 2,,[G] Conversion Powder - Choose either Asleep or Poisoned.  Your opponent's Active Pokemon is now affected by the Special Condition.,Rx2,,1,1.25,3.12,96.95,2.33,3.12,Reverse Holofoil,[3] Colorful Wind (30+) This attack does 30 more damage for each different type of basic Energy attached to this Pokemon.
91598,Sylveon Collection,Sylveon Collection,https://tcgplayer-cdn.tcgplayer.com/product/91598_200w.jpg,3,1387,https://cpt.tcgcsv.com/-FL,2015-04-03T12:56:19.78,1,,,,,,"Contents:
4 Black & White Series booster packs
Sylveon and ALL the Eevee evolutions as special foil cards!
A Fairy-type Energy card to power Sylveon’s attacks!
Sylveon as an awesome collectible Figure!",,,,,,,,,,,
91601,XY Booster Box,XY Booster Box,https://tcgplayer-cdn.tcgplayer.com/product/91601_200w.jpg,3,1387,https://cpt.tcgcsv.com/2GL,2014-08-13T18:49:41.15,1,,,,,,"<em>Kalos has been revealed, yet so much still remains unseen! New Trainers, new tactics, and the awe-inspiring Xerneas and Yveltal await - as does something else. Something...different. Something to make even the mightiest of Pokémon-EX tremble! A new age begins in the Pokémon TCG with Mega Evolution. Includes 2 all-new Mega Evolution Pokémon, 6 new Pokémon-EX, Pokémon TCG Online code cards. Over 140 cards in all!</em>",,,,,3555.99,3900.0,19999.99,4200.0,,Normal,
91602,XY Booster Pack,XY Booster Pack,https://tcgplayer-cdn.tcgplayer.com/product/91602_200w.jpg,3,1387,https://cpt.tcgcsv.com/3GL,2017-07-22T17:10:38.147,1,,,,,,,,,,,72.99,79.99,95.0,67.89,,Normal,
91603,"XY Base Set Theme Deck - ""Resilient Life"" [Xerneas]",XY Base Set Theme Deck Resilient Life Xerneas,https://tcgplayer-cdn.tcgplayer.com/product/91603_200w.jpg,3,1387,https://cpt.tcgcsv.com/5GL,2018-10-03T14:03:23.353,1,,,,,,"<em>A Strong Shield of Energy!
<br>
Resist, refuel, and retaliate with the Resilient Life theme deck. Xerneas can find Fairy Energy to recharge your Benched Pokemon, and Aromatisse moves that Energy around to wherever you need it most. Once your Pokémon have Fairy Energy attached, things get even better: Slurpuff's Sweet Veil Ability protects them from Special Conditions, and the Fairy Garden Stadium card lets them retreat for free! Flexible defenses are the key to your victory!</em>
<br>
<br><strong>Contents:</strong>
<br>• 1 60-card preconstructed deck
<br>• Damage counters
<br>• 1 coin",,,,,,,,,,,
91604,"XY Base Set Theme Deck - ""Destruction Rush"" [Yveltal]",XY Base Set Theme Deck Destruction Rush Yveltal,https://tcgplayer-cdn.tcgplayer.com/product/91604_200w.jpg,3,1387,https://cpt.tcgcsv.com/6GL,2018-10-03T14:02:36.42,1,,,,,,"<em>A Swift Strike of Darkness!
<br>
Leave your opponents in the dust with the Destruction Rush theme deck! Yveltal retrieves lost Energy for a quick recovery with Oblivion Wing and wields the devastating Darkness Blade to great effect! Krookodile can Knock Back a battle-ready Pokemon to the Bench and keep powerful Supporter cards out of play. With Malamar's Mental Panic to keep your opponent's attacks at bay, retaliation won't be easy—and the rush to destruction will be complete!</em>
<br>
<br><strong>Contents:</strong>
<br>• 1 60-card preconstructed deck
<br>• Damage counters
<br>• 1 coin",,,,,29.98,29.98,29.98,29.98,,Normal,
97712,Collector's Pin Three Pack Blisters (Chespin),Collectors Pin Three Pack Blisters Chespin,https://tcgplayer-cdn.tcgplayer.com/product/97712_200w.jpg,3,1387,https://cpt.tcgcsv.com/g6P,2025-07-22T15:10:12.217,1,,,,,,"Contains 3 Booster Packs <em>(1 Plasma Storm, Plasma Freeze, & Plasma Blast)</em> and a commemorative collector's pin featuring one of the Kalos Starter pokemon Chespin !",,,,,,,,,,,
97713,Kalos Starter Figure Box [Chespin Box],Kalos Starter Figure Box Chespin Box,https://tcgplayer-cdn.tcgplayer.com/product/97713_200w.jpg,3,1387,https://cpt.tcgcsv.com/h6P,2015-04-03T13:10:42.763,1,,,,,,Contains a commemorative figure and a Sheen Holofoil XY01 Promo featuring Chespin and 3 Black & White Series Booster Packs.,,,,,700.09,850.04,999.99,,,Normal,
97714,Kalos Starter Figure Box [Fennekin Box],Kalos Starter Figure Box Fennekin Box,https://tcgplayer-cdn.tcgplayer.com/product/97714_200w.jpg,3,1387,https://cpt.tcgcsv.com/j6P,2015-04-03T13:10:47.86,1,,,,,,Contains a commemorative figure and a Sheen Holofoil XY02 Promo featuring Fennekin and 3 Black & White Series Booster Packs.,,,,,999.99,999.99,999.99,,,Normal,
97715,Kalos Starter Figure Box [Froakie Box],Kalos Starter Figure Box Froakie Box,https://tcgplayer-cdn.tcgplayer.com/product/97715_200w.jpg,3,1387,https://cpt.tcgcsv.com/k6P,2015-04-03T13:10:52.367,1,,,,,,Contains a commemorative figure and a Sheen Holofoil XY03 Promo featuring Froakie and 3 Black & White Series Booster Packs.,,,,,999.99,999.99,999.99,,,Normal,
97722,XY Collector Pin 3 Pack Blisters [Xerneas],XY Collector Pin 3 Pack Blisters Xerneas,https://tcgplayer-cdn.tcgplayer.com/product/97722_200w.jpg,3,1387,https://cpt.tcgcsv.com/s6P,2020-10-20T12:57:51.6,1,,,,,,This 3 Pack Blister contains an Exclusive Xerneas Pin and 3 booster packs for the XY series!,,,,,,,,,,,
97723,XY Collector Pin 3 Pack Blisters [Yveltal],XY Collector Pin 3 Pack Blisters Yveltal,https://tcgplayer-cdn.tcgplayer.com/product/97723_200w.jpg,3,1387,https://cpt.tcgcsv.com/t6P,2020-10-20T12:57:56.35,1,,,,,,This 3 Pack Blister contains an Exclusive Yveltal Pin and 3 booster packs for the XY series!,,,,,,,,,,,
97724,Xerneas Figure Collection,Xerneas Figure Collection,https://tcgplayer-cdn.tcgplayer.com/product/97724_200w.jpg,3,1387,https://cpt.tcgcsv.com/v6P,2015-04-03T12:56:27.327,1,,,,,,"The Xerneas Figure Collection contains a collectible figure and XY Black Star Promo card featuring Xerneas, as well as 4 booster packs (3 from XY expansion and 1 from Legendary Treasures).",,,,,,,,,,,
97725,Yveltal Figure Collection,Yveltal Figure Collection,https://tcgplayer-cdn.tcgplayer.com/product/97725_200w.jpg,3,1387,https://cpt.tcgcsv.com/w6P,2015-04-01T19:00:46.32,1,,,,,,"The Xerneas Figure Collection contains a collectible figure and XY Black Star Promo card featuring Yveltal, as well as 4 booster packs (3 from XY expansion and 1 from Legendary Treasures).",,,,,,,,,,,
97726,Legend of Kalos Tin [Xerneas EX],Legend of Kalos Tin Xerneas EX,https://tcgplayer-cdn.tcgplayer.com/product/97726_200w.jpg,3,1387,https://cpt.tcgcsv.com/x6P,2015-04-03T14:40:25.227,1,,,,,,"Contains 4 booster packs, Xerneas EX promotional card and a Bonus online code card for the Pokemon Trading Card Game Online!",,,,,650.0,650.0,650.0,,,Normal,
97727,Legend of Kalos Tin [Yveltal EX],Legend of Kalos Tin Yveltal EX,https://tcgplayer-cdn.tcgplayer.com/product/97727_200w.jpg,3,1387,https://cpt.tcgcsv.com/z6P,2015-04-03T14:40:16.25,1,,,,,,"Contains 4 booster packs,Yveltal EX promotional card and a Bonus online code card for the Pokemon Trading Card Game Online!",,,,,899.99,899.99,899.99,,,Normal,
97729,Garchomp EX Box,Garchomp EX Box,https://tcgplayer-cdn.tcgplayer.com/product/97729_200w.jpg,3,1387,https://cpt.tcgcsv.com/C6P,2015-04-06T12:45:55.693,1,,,,,,"Contains a promotional Garchomp EX card, both standard and Jumbo sized, and 4 booster packs (3 XY and 1 Black & White).",,,,,599.99,599.99,599.99,,,Normal,
97732,XY Two Pack Blister [Kanto Trio],XY Two Pack Blister Kanto Trio,https://tcgplayer-cdn.tcgplayer.com/product/97732_200w.jpg,3,1387,https://cpt.tcgcsv.com/G6P,2015-04-03T13:31:41.8,1,,,,,,This two pack Blister features 2 booster packs and one of two sets of three Promotional cards each.,,,,,,,,,,,
97733,XY Two Pack Blister [Dragon Trio],XY Two Pack Blister Dragon Trio,https://tcgplayer-cdn.tcgplayer.com/product/97733_200w.jpg,3,1387,https://cpt.tcgcsv.com/H6P,2015-04-03T13:32:35.66,1,,,,,,This two pack Blister features 2 booster packs and one of two sets of three Promotional cards each.,,,,,,,,,,,
97734,XY 3 Pack Blister [Gallade],XY 3 Pack Blister Gallade,https://tcgplayer-cdn.tcgplayer.com/product/97734_200w.jpg,3,1387,https://cpt.tcgcsv.com/J6P,2020-10-20T12:57:41.743,1,,,,,,This 3 Pack Blister features 3 booster packs and an alternate art Cosmos Holofoil print of Plasma Storm Gallade.,,,,,,,,,,,
97735,XY Three Pack Blister [Gyarados],XY Three Pack Blister Gyarados,https://tcgplayer-cdn.tcgplayer.com/product/97735_200w.jpg,3,1387,https://cpt.tcgcsv.com/K6P,2015-04-03T14:17:24.823,1,,,,,,This three pack Blister features 3 booster packs and an Cosmos Holofoil print of Dragons Exalted Gyarados.,,,,,,,,,,,
97736,XY Single Pack Blister [Salamence],XY Single Pack Blister Salamence,https://tcgplayer-cdn.tcgplayer.com/product/97736_200w.jpg,3,1387,https://cpt.tcgcsv.com/L6P,2018-10-10T17:57:54.847,1,,,,,,This single pack Blister features 1 Booster pack and an exclusive Cosmos Holofoil print of Dragon Vault Salamence,,,,,,,,,,,
97743,XY Single Pack Blister [Dragonite],XY Single Pack Blister Dragonite,https://tcgplayer-cdn.tcgplayer.com/product/97743_200w.jpg,3,1387,https://cpt.tcgcsv.com/T6P,2018-10-10T17:57:51.327,1,,,,,,This single pack Blister features 1 Booster pack and an exclusive Cosmos Holofoil print of Plasma Freeze Dragonite,,,,,,,,,,,
97747,XY Elite Trainer Box [Xerneas],XY Elite Trainer Box Xerneas,https://tcgplayer-cdn.tcgplayer.com/product/97747_200w.jpg,3,1387,https://cpt.tcgcsv.com/Z6P,2015-04-03T15:03:43.293,1,,,,,,"This XY Elite Trainer Box adds Fairy Energy into the stock of basic Energy. It also contains 65 themed card sleeves, 2 acrylic Special Condition markers, 6 dice as damage counters, 1 larger die for coin flips, 4 dividers, the XY Player's Guide detailing the XY expansion, and a collector's box.",,,,,,,,,,,
97748,XY Elite Trainer Box [Yveltal],XY Elite Trainer Box Yveltal,https://tcgplayer-cdn.tcgplayer.com/product/97748_200w.jpg,3,1387,https://cpt.tcgcsv.com/-6P,2015-04-03T15:04:02.657,1,,,,,,"This XY Elite Trainer Box adds Fairy Energy into the stock of basic Energy. It also contains 65 themed card sleeves, 2 acrylic Special Condition markers, 6 dice as damage counters, 1 larger die for coin flips, 4 dividers, the XY Player's Guide detailing the XY expansion, and a collector's box.",,,,,,,,,,,
276589,XY Sleeved Booster Pack Art Bundle [Set of 4],XY Sleeved Booster Pack Art Bundle Set of 4,https://tcgplayer-cdn.tcgplayer.com/product/276589_200w.jpg,3,1387,https://cpt.tcgcsv.com/PFd3,2022-06-20T19:10:57.403,1,,,,,,"Collect each of the 4 unique art packs for XY.
<br>Each XY sleeved booster pack contains 10 random cards.",,,,,495.99,495.99,495.99,,,Normal,
280492,Code Card - Garchomp EX Box,Code Card Garchomp EX Box,https://tcgplayer-cdn.tcgplayer.com/product/280492_200w.jpg,3,1387,https://cpt.tcgcsv.com/Scg3,2022-07-27T20:11:16.837,1,,Code Card,,,,"This listing is <strong>not</strong> a physical item. Please keep in mind that this <strong>Code Card</strong> listing represents a digital copy of the stated item for the Pokémon TCG Online <strong>and/or</strong> the Pokémon TCG Live games. You may receive the physical <strong>Code Card</strong>. Upon purchase, please work with your specific Seller by sending them a message using the <strong>Contact Seller</strong> button on the order details in your <a href=https://store.tcgplayer.com/myaccount/orderhistory>Order History</a> to opt in to having your <strong>Code Card</strong> code delivered digitally due to the nature of the product.",,,,,,,,,,,
280493,Code Card - Kalos Starter Figure Box [Chespin Box],Code Card Kalos Starter Figure Box Chespin Box,https://tcgplayer-cdn.tcgplayer.com/product/280493_200w.jpg,3,1387,https://cpt.tcgcsv.com/Tcg3,2022-07-27T20:11:29.8,1,,Code Card,,,,"This listing is <strong>not</strong> a physical item. Please keep in mind that this <strong>Code Card</strong> listing represents a digital copy of the stated item for the Pokémon TCG Online <strong>and/or</strong> the Pokémon TCG Live games. You may receive the physical <strong>Code Card</strong>. Upon purchase, please work with your specific Seller by sending them a message using the <strong>Contact Seller</strong> button on the order details in your <a href=https://store.tcgplayer.com/myaccount/orderhistory>Order History</a> to opt in to having your <strong>Code Card</strong> code delivered digitally due to the nature of the product.",,,,,,,,,,,
280494,Code Card - Kalos Starter Figure Box [Fennekin Box],Code Card Kalos Starter Figure Box Fennekin Box,https://tcgplayer-cdn.tcgplayer.com/product/280494_200w.jpg,3,1387,https://cpt.tcgcsv.com/Vcg3,2022-07-27T20:11:43.307,1,,Code Card,,,,"This listing is <strong>not</strong> a physical item. Please keep in mind that this <strong>Code Card</strong> listing represents a digital copy of the stated item for the Pokémon TCG Online <strong>and/or</strong> the Pokémon TCG Live games. You may receive the physical <strong>Code Card</strong>. Upon purchase, please work with your specific Seller by sending them a message using the <strong>Contact Seller</strong> button on the order details in your <a href=https://store.tcgplayer.com/myaccount/orderhistory>Order History</a> to opt in to having your <strong>Code Card</strong> code delivered digitally due to the nature of the product.",,,,,,,,,,,
280495,Code Card - Kalos Starter Figure Box [Froakie Box],Code Card Kalos Starter Figure Box Froakie Box,https://tcgplayer-cdn.tcgplayer.com/product/280495_200w.jpg,3,1387,https://cpt.tcgcsv.com/Wcg3,2022-07-27T20:11:51.667,1,,Code Card,,,,"This listing is <strong>not</strong> a physical item. Please keep in mind that this <strong>Code Card</strong> listing represents a digital copy of the stated item for the Pokémon TCG Online <strong>and/or</strong> the Pokémon TCG Live games. You may receive the physical <strong>Code Card</strong>. Upon purchase, please work with your specific Seller by sending them a message using the <strong>Contact Seller</strong> button on the order details in your <a href=https://store.tcgplayer.com/myaccount/orderhistory>Order History</a> to opt in to having your <strong>Code Card</strong> code delivered digitally due to the nature of the product.",,,,,,,,,,,
280497,Code Card - Legend of Kalos Tin [Xerneas EX],Code Card Legend of Kalos Tin Xerneas EX,https://tcgplayer-cdn.tcgplayer.com/product/280497_200w.jpg,3,1387,https://cpt.tcgcsv.com/Zcg3,2022-07-27T20:12:00.487,1,,Code Card,,,,"This listing is <strong>not</strong> a physical item. Please keep in mind that this <strong>Code Card</strong> listing represents a digital copy of the stated item for the Pokémon TCG Online <strong>and/or</strong> the Pokémon TCG Live games. You may receive the physical <strong>Code Card</strong>. Upon purchase, please work with your specific Seller by sending them a message using the <strong>Contact Seller</strong> button on the order details in your <a href=https://store.tcgplayer.com/myaccount/orderhistory>Order History</a> to opt in to having your <strong>Code Card</strong> code delivered digitally due to the nature of the product.",,,,,,,,,,,
280498,Code Card - Legend of Kalos Tin [Yveltal EX],Code Card Legend of Kalos Tin Yveltal EX,https://tcgplayer-cdn.tcgplayer.com/product/280498_200w.jpg,3,1387,https://cpt.tcgcsv.com/-cg3,2022-07-27T20:12:09.513,1,,Code Card,,,,"This listing is <strong>not</strong> a physical item. Please keep in mind that this <strong>Code Card</strong> listing represents a digital copy of the stated item for the Pokémon TCG Online <strong>and/or</strong> the Pokémon TCG Live games. You may receive the physical <strong>Code Card</strong>. Upon purchase, please work with your specific Seller by sending them a message using the <strong>Contact Seller</strong> button on the order details in your <a href=https://store.tcgplayer.com/myaccount/orderhistory>Order History</a> to opt in to having your <strong>Code Card</strong> code delivered digitally due to the nature of the product.",,,,,,,,,,,
280499,Code Card - Sylveon Collection,Code Card Sylveon Collection,https://tcgplayer-cdn.tcgplayer.com/product/280499_200w.jpg,3,1387,https://cpt.tcgcsv.com/_cg3,2022-07-27T20:12:19.733,1,,Code Card,,,,"This listing is <strong>not</strong> a physical item. Please keep in mind that this <strong>Code Card</strong> listing represents a digital copy of the stated item for the Pokémon TCG Online <strong>and/or</strong> the Pokémon TCG Live games. You may receive the physical <strong>Code Card</strong>. Upon purchase, please work with your specific Seller by sending them a message using the <strong>Contact Seller</strong> button on the order details in your <a href=https://store.tcgplayer.com/myaccount/orderhistory>Order History</a> to opt in to having your <strong>Code Card</strong> code delivered digitally due to the nature of the product.",,,,,,,,,,,
280500,Code Card - Xerneas Figure Collection,Code Card Xerneas Figure Collection,https://tcgplayer-cdn.tcgplayer.com/product/280500_200w.jpg,3,1387,https://cpt.tcgcsv.com/0dg3,2022-07-27T20:12:29.913,1,,Code Card,,,,"This listing is <strong>not</strong> a physical item. Please keep in mind that this <strong>Code Card</strong> listing represents a digital copy of the stated item for the Pokémon TCG Online <strong>and/or</strong> the Pokémon TCG Live games. You may receive the physical <strong>Code Card</strong>. Upon purchase, please work with your specific Seller by sending them a message using the <strong>Contact Seller</strong> button on the order details in your <a href=https://store.tcgplayer.com/myaccount/orderhistory>Order History</a> to opt in to having your <strong>Code Card</strong> code delivered digitally due to the nature of the product.",,,,,,,,,,,
280501,Code Card - XY 3 Pack Blister [Gallade],Code Card XY 3 Pack Blister Gallade,https://tcgplayer-cdn.tcgplayer.com/product/280501_200w.jpg,3,1387,https://cpt.tcgcsv.com/2dg3,2022-07-27T20:12:37.657,1,,Code Card,,,,"This listing is <strong>not</strong> a physical item. Please keep in mind that this <strong>Code Card</strong> listing represents a digital copy of the stated item for the Pokémon TCG Online <strong>and/or</strong> the Pokémon TCG Live games. You may receive the physical <strong>Code Card</strong>. Upon purchase, please work with your specific Seller by sending them a message using the <strong>Contact Seller</strong> button on the order details in your <a href=https://store.tcgplayer.com/myaccount/orderhistory>Order History</a> to opt in to having your <strong>Code Card</strong> code delivered digitally due to the nature of the product.",,,,,,,,,,,
280502,"Code Card - XY Base Set Theme Deck - ""Destruction Rush"" [Yveltal]",Code Card XY Base Set Theme Deck Destruction Rush Yveltal,https://tcgplayer-cdn.tcgplayer.com/product/280502_200w.jpg,3,1387,https://cpt.tcgcsv.com/3dg3,2022-07-27T20:12:45.763,1,,Code Card,,,,"This listing is <strong>not</strong> a physical item. Please keep in mind that this <strong>Code Card</strong> listing represents a digital copy of the stated item for the Pokémon TCG Online <strong>and/or</strong> the Pokémon TCG Live games. You may receive the physical <strong>Code Card</strong>. Upon purchase, please work with your specific Seller by sending them a message using the <strong>Contact Seller</strong> button on the order details in your <a href=https://store.tcgplayer.com/myaccount/orderhistory>Order History</a> to opt in to having your <strong>Code Card</strong> code delivered digitally due to the nature of the product.",,,,,,,,,,,
280503,"Code Card - XY Base Set Theme Deck - ""Resilient Life"" [Xerneas]",Code Card XY Base Set Theme Deck Resilient Life Xerneas,https://tcgplayer-cdn.tcgplayer.com/product/280503_200w.jpg,3,1387,https://cpt.tcgcsv.com/5dg3,2022-07-27T20:12:55.213,1,,Code Card,,,,"This listing is <strong>not</strong> a physical item. Please keep in mind that this <strong>Code Card</strong> listing represents a digital copy of the stated item for the Pokémon TCG Online <strong>and/or</strong> the Pokémon TCG Live games. You may receive the physical <strong>Code Card</strong>. Upon purchase, please work with your specific Seller by sending them a message using the <strong>Contact Seller</strong> button on the order details in your <a href=https://store.tcgplayer.com/myaccount/orderhistory>Order History</a> to opt in to having your <strong>Code Card</strong> code delivered digitally due to the nature of the product.",,,,,6.69,6.69,6.69,6.0,,Normal,
280504,Code Card - XY Booster Pack,Code Card XY Booster Pack,https://tcgplayer-cdn.tcgplayer.com/product/280504_200w.jpg,3,1387,https://cpt.tcgcsv.com/6dg3,2022-07-27T20:13:04.31,1,,Code Card,,,,"This listing is <strong>not</strong> a physical item. Please keep in mind that this <strong>Code Card</strong> listing represents a digital copy of the stated item for the Pokémon TCG Online <strong>and/or</strong> the Pokémon TCG Live games. You may receive the physical <strong>Code Card</strong>. Upon purchase, please work with your specific Seller by sending them a message using the <strong>Contact Seller</strong> button on the order details in your <a href=https://store.tcgplayer.com/myaccount/orderhistory>Order History</a> to opt in to having your <strong>Code Card</strong> code delivered digitally due to the nature of the product.",,,,,0.25,0.49,0.99,0.26,,Normal,
280505,Code Card - XY Collector Pin 3 Pack Blisters [Xerneas],Code Card XY Collector Pin 3 Pack Blisters Xerneas,https://tcgplayer-cdn.tcgplayer.com/product/280505_200w.jpg,3,1387,https://cpt.tcgcsv.com/7dg3,2022-07-27T20:13:14.403,1,,Code Card,,,,"This listing is <strong>not</strong> a physical item. Please keep in mind that this <strong>Code Card</strong> listing represents a digital copy of the stated item for the Pokémon TCG Online <strong>and/or</strong> the Pokémon TCG Live games. You may receive the physical <strong>Code Card</strong>. Upon purchase, please work with your specific Seller by sending them a message using the <strong>Contact Seller</strong> button on the order details in your <a href=https://store.tcgplayer.com/myaccount/orderhistory>Order History</a> to opt in to having your <strong>Code Card</strong> code delivered digitally due to the nature of the product.",,,,,,,,,,,
280506,Code Card - XY Collector Pin 3 Pack Blisters [Yveltal],Code Card XY Collector Pin 3 Pack Blisters Yveltal,https://tcgplayer-cdn.tcgplayer.com/product/280506_200w.jpg,3,1387,https://cpt.tcgcsv.com/8dg3,2022-07-27T20:13:22.743,1,,Code Card,,,,"This listing is <strong>not</strong> a physical item. Please keep in mind that this <strong>Code Card</strong> listing represents a digital copy of the stated item for the Pokémon TCG Online <strong>and/or</strong> the Pokémon TCG Live games. You may receive the physical <strong>Code Card</strong>. Upon purchase, please work with your specific Seller by sending them a message using the <strong>Contact Seller</strong> button on the order details in your <a href=https://store.tcgplayer.com/myaccount/orderhistory>Order History</a> to opt in to having your <strong>Code Card</strong> code delivered digitally due to the nature of the product.",,,,,,,,,,,
280507,Code Card - XY Elite Trainer Box [Xerneas],Code Card XY Elite Trainer Box Xerneas,https://tcgplayer-cdn.tcgplayer.com/product/280507_200w.jpg,3,1387,https://cpt.tcgcsv.com/9dg3,2022-07-27T20:13:31.297,1,,Code Card,,,,"This listing is <strong>not</strong> a physical item. Please keep in mind that this <strong>Code Card</strong> listing represents a digital copy of the stated item for the Pokémon TCG Online <strong>and/or</strong> the Pokémon TCG Live games. You may receive the physical <strong>Code Card</strong>. Upon purchase, please work with your specific Seller by sending them a message using the <strong>Contact Seller</strong> button on the order details in your <a href=https://store.tcgplayer.com/myaccount/orderhistory>Order History</a> to opt in to having your <strong>Code Card</strong> code delivered digitally due to the nature of the product.",,,,,,,,,,,
280508,Code Card - XY Elite Trainer Box [Yveltal],Code Card XY Elite Trainer Box Yveltal,https://tcgplayer-cdn.tcgplayer.com/product/280508_200w.jpg,3,1387,https://cpt.tcgcsv.com/bdg3,2022-07-27T20:13:39.623,1,,Code Card,,,,"This listing is <strong>not</strong> a physical item. Please keep in mind that this <strong>Code Card</strong> listing represents a digital copy of the stated item for the Pokémon TCG Online <strong>and/or</strong> the Pokémon TCG Live games. You may receive the physical <strong>Code Card</strong>. Upon purchase, please work with your specific Seller by sending them a message using the <strong>Contact Seller</strong> button on the order details in your <a href=https://store.tcgplayer.com/myaccount/orderhistory>Order History</a> to opt in to having your <strong>Code Card</strong> code delivered digitally due to the nature of the product.",,,,,,,,,,,
280509,Code Card - XY Single Pack Blister [Dragonite],Code Card XY Single Pack Blister Dragonite,https://tcgplayer-cdn.tcgplayer.com/product/280509_200w.jpg,3,1387,https://cpt.tcgcsv.com/cdg3,2022-07-27T20:13:48.55,1,,Code Card,,,,"This listing is <strong>not</strong> a physical item. Please keep in mind that this <strong>Code Card</strong> listing represents a digital copy of the stated item for the Pokémon TCG Online <strong>and/or</strong> the Pokémon TCG Live games. You may receive the physical <strong>Code Card</strong>. Upon purchase, please work with your specific Seller by sending them a message using the <strong>Contact Seller</strong> button on the order details in your <a href=https://store.tcgplayer.com/myaccount/orderhistory>Order History</a> to opt in to having your <strong>Code Card</strong> code delivered digitally due to the nature of the product.",,,,,0.05,0.05,0.05,,,Normal,
280510,Code Card - XY Single Pack Blister [Salamence],Code Card XY Single Pack Blister Salamence,https://tcgplayer-cdn.tcgplayer.com/product/280510_200w.jpg,3,1387,https://cpt.tcgcsv.com/ddg3,2022-07-27T20:14:16.58,1,,Code Card,,,,"This listing is <strong>not</strong> a physical item. Please keep in mind that this <strong>Code Card</strong> listing represents a digital copy of the stated item for the Pokémon TCG Online <strong>and/or</strong> the Pokémon TCG Live games. You may receive the physical <strong>Code Card</strong>. Upon purchase, please work with your specific Seller by sending them a message using the <strong>Contact Seller</strong> button on the order details in your <a href=https://store.tcgplayer.com/myaccount/orderhistory>Order History</a> to opt in to having your <strong>Code Card</strong> code delivered digitally due to the nature of the product.",,,,,0.05,0.05,0.05,,,Normal,
280511,Code Card - XY Three Pack Blister [Gyarados],Code Card XY Three Pack Blister Gyarados,https://tcgplayer-cdn.tcgplayer.com/product/280511_200w.jpg,3,1387,https://cpt.tcgcsv.com/fdg3,2022-07-27T20:14:25.613,1,,Code Card,,,,"This listing is <strong>not</strong> a physical item. Please keep in mind that this <strong>Code Card</strong> listing represents a digital copy of the stated item for the Pokémon TCG Online <strong>and/or</strong> the Pokémon TCG Live games. You may receive the physical <strong>Code Card</strong>. Upon purchase, please work with your specific Seller by sending them a message using the <strong>Contact Seller</strong> button on the order details in your <a href=https://store.tcgplayer.com/myaccount/orderhistory>Order History</a> to opt in to having your <strong>Code Card</strong> code delivered digitally due to the nature of the product.",,,,,,,,,,,
280512,Code Card - XY Two Pack Blister [Dragon Trio],Code Card XY Two Pack Blister Dragon Trio,https://tcgplayer-cdn.tcgplayer.com/product/280512_200w.jpg,3,1387,https://cpt.tcgcsv.com/gdg3,2022-07-27T20:14:45.66,1,,Code Card,,,,"This listing is <strong>not</strong> a physical item. Please keep in mind that this <strong>Code Card</strong> listing represents a digital copy of the stated item for the Pokémon TCG Online <strong>and/or</strong> the Pokémon TCG Live games. You may receive the physical <strong>Code Card</strong>. Upon purchase, please work with your specific Seller by sending them a message using the <strong>Contact Seller</strong> button on the order details in your <a href=https://store.tcgplayer.com/myaccount/orderhistory>Order History</a> to opt in to having your <strong>Code Card</strong> code delivered digitally due to the nature of the product.",,,,,,,,,,,
280513,Code Card - XY Two Pack Blister [Kanto Trio],Code Card XY Two Pack Blister Kanto Trio,https://tcgplayer-cdn.tcgplayer.com/product/280513_200w.jpg,3,1387,https://cpt.tcgcsv.com/hdg3,2022-07-27T20:14:53.393,1,,Code Card,,,,"This listing is <strong>not</strong> a physical item. Please keep in mind that this <strong>Code Card</strong> listing represents a digital copy of the stated item for the Pokémon TCG Online <strong>and/or</strong> the Pokémon TCG Live games. You may receive the physical <strong>Code Card</strong>. Upon purchase, please work with your specific Seller by sending them a message using the <strong>Contact Seller</strong> button on the order details in your <a href=https://store.tcgplayer.com/myaccount/orderhistory>Order History</a> to opt in to having your <strong>Code Card</strong> code delivered digitally due to the nature of the product.",,,,,,,,,,,
280514,Code Card - Yveltal Figure Collection,Code Card Yveltal Figure Collection,https://tcgplayer-cdn.tcgplayer.com/product/280514_200w.jpg,3,1387,https://cpt.tcgcsv.com/jdg3,2022-07-27T20:15:02.15,1,,Code Card,,,,"This listing is <strong>not</strong> a physical item. Please keep in mind that this <strong>Code Card</strong> listing represents a digital copy of the stated item for the Pokémon TCG Online <strong>and/or</strong> the Pokémon TCG Live games. You may receive the physical <strong>Code Card</strong>. Upon purchase, please work with your specific Seller by sending them a message using the <strong>Contact Seller</strong> button on the order details in your <a href=https://store.tcgplayer.com/myaccount/orderhistory>Order History</a> to opt in to having your <strong>Code Card</strong> code delivered digitally due to the nature of the product.",,,,,,,,,,,
562107,XY Base Set Sleeved Booster Pack,XY Base Set Sleeved Booster Pack,https://tcgplayer-cdn.tcgplayer.com/product/562107_200w.jpg,3,1387,https://cpt.tcgcsv.com/9Sv6,2024-08-07T12:52:36.803,1,,,,,,Each XY Base Set Sleeved Booster Pack contains 10 random cards.,,,,,159.99,159.99,159.99,131.73,,Normal,
645311,Collector's Pin Three Pack Blisters (Froakie),Collectors Pin Three Pack Blisters Froakie,https://tcgplayer-cdn.tcgplayer.com/product/645311_200w.jpg,3,1387,https://cpt.tcgcsv.com/f8b7,2025-07-22T15:10:48.04,1,,,,,,"Contains 3 Booster Packs <em>(1 Plasma Storm, Plasma Freeze, & Plasma Blast)</em> and a commemorative collector's pin featuring one of the Kalos Starter pokemon Froakie !",,,,,,,,,,,
645312,Collector's Pin Three Pack Blisters (Fennekin),Collectors Pin Three Pack Blisters Fennekin,https://tcgplayer-cdn.tcgplayer.com/product/645312_200w.jpg,3,1387,https://cpt.tcgcsv.com/g8b7,2025-07-22T15:13:07.077,0,,,,,,"Contains 3 Booster Packs <em>(1 Plasma Storm, Plasma Freeze, & Plasma Blast)</em> and a commemorative collector's pin featuring one of the Kalos Starter pokemon Fennekin !",,,,,,,,,,,
